"ID","Description","GeneRatio","BgRatio","RichFactor","FoldEnrichment","zScore","pvalue","p.adjust","qvalue","geneID","Count"
"GO:0030198","extracellular matrix organization","35/662","323/25730",0.108359133126935,4.21160195673117,9.43901956762661,8.80905677485113e-13,1.64388406066252e-09,1.18826521065854e-09,"Lcp1/Tnxb/Dpp4/Vit/Col1a2/Nid1/Lama2/Col1a1/Mfap4/Crispld2/Col6a1/Pdgfra/Col5a2/Egfl6/Postn/Adamts5/Lox/Col27a1/Eng/Ddr2/Dpt/Ecm2/Creb3l1/Tie1/Emilin1/Col6a5/Adamts15/Col14a1/Angptl7/Pparg/Col5a3/Fbln5/Abi3bp/Egflam/Adamts4",35
"GO:0045229","external encapsulating structure organization","35/662","324/25730",0.108024691358025,4.19860318525978,9.4155420831599,9.64061243084066e-13,1.64388406066252e-09,1.18826521065854e-09,"Lcp1/Tnxb/Dpp4/Vit/Col1a2/Nid1/Lama2/Col1a1/Mfap4/Crispld2/Col6a1/Pdgfra/Col5a2/Egfl6/Postn/Adamts5/Lox/Col27a1/Eng/Ddr2/Dpt/Ecm2/Creb3l1/Tie1/Emilin1/Col6a5/Adamts15/Col14a1/Angptl7/Pparg/Col5a3/Fbln5/Abi3bp/Egflam/Adamts4",35
"GO:0043062","extracellular structure organization","35/662","325/25730",0.107692307692308,4.18568440622821,9.39215899108095,1.05467326389811e-12,1.64388406066252e-09,1.18826521065854e-09,"Lcp1/Tnxb/Dpp4/Vit/Col1a2/Nid1/Lama2/Col1a1/Mfap4/Crispld2/Col6a1/Pdgfra/Col5a2/Egfl6/Postn/Adamts5/Lox/Col27a1/Eng/Ddr2/Dpt/Ecm2/Creb3l1/Tie1/Emilin1/Col6a5/Adamts15/Col14a1/Angptl7/Pparg/Col5a3/Fbln5/Abi3bp/Egflam/Adamts4",35
"GO:0003018","vascular process in circulatory system","31/662","268/25730",0.115671641791045,4.49581773909907,9.3486850097508,3.2601984693943e-12,3.26049447085902e-09,2.35681593488098e-09,"Ace/Pde3a/Slc5a1/Ptprj/Ceacam1/Faah/Kdr/Mgll/Ednra/Cdh5/Zeb2/P2ry2/Pecam1/Slc22a1/Ednrb/Plvap/Abcb1a/Pde2a/Cd36/Slc6a4/Scarb1/Adora1/Sh3gl2/Flvcr2/Irag1/Itga9/Abcc9/Npr3/Atp1a2/Acta2/Adrb3",31
"GO:0001935","endothelial cell proliferation","25/662","174/25730",0.14367816091954,5.58434906413862,9.86021689285181,3.48641410485353e-12,3.26049447085902e-09,2.35681593488098e-09,"Egf/Flt1/Jcad/Kdr/Cd34/Igf1/Gata2/Zeb2/Tek/Atoh8/Scarb1/Eng/Col8a2/Mmrn2/Tie1/Wnt2/Fgf2/Flt4/Dysf/Pparg/Aldh1a2/Ppp1r16b/Egfl7/Mef2c/Dll4",25
"GO:0001822","kidney development","37/662","382/25730",0.0968586387434555,3.76461144240047,8.84656226575045,5.80360289460731e-12,4.5229411891973e-09,3.26936296396212e-09,"Ace/Fbn1/Slc5a1/Epcam/Erbb4/Nid1/Ass1/Akr1b1/Hmgcs2/Pdgfrb/Cd34/Ednra/Pdgfra/Basp1/Tek/Pecam1/Notch3/Slc22a1/Ednrb/Cyp26b1/Aqp1/Plxnd1/Pdgfd/Cys1/Nrp1/Osr2/Fgf2/Mme/Arg2/Smad9/Gfra1/Klhl3/Aldh1a2/Acta2/Mef2c/Gimap6/Sox17",37
"GO:0072001","renal system development","37/662","395/25730",0.0936708860759494,3.64071283796704,8.59488114693218,1.55569485315004e-11,1.03920416190423e-08,7.51178371949592e-09,"Ace/Fbn1/Slc5a1/Epcam/Erbb4/Nid1/Ass1/Akr1b1/Hmgcs2/Pdgfrb/Cd34/Ednra/Pdgfra/Basp1/Tek/Pecam1/Notch3/Slc22a1/Ednrb/Cyp26b1/Aqp1/Plxnd1/Pdgfd/Cys1/Nrp1/Osr2/Fgf2/Mme/Arg2/Smad9/Gfra1/Klhl3/Aldh1a2/Acta2/Mef2c/Gimap6/Sox17",37
"GO:0001936","regulation of endothelial cell proliferation","21/662","150/25730",0.14,5.44138972809668,8.86532881990432,3.06929010669927e-10,1.62895728901891e-07,1.17747554253291e-07,"Egf/Flt1/Jcad/Kdr/Igf1/Gata2/Tek/Atoh8/Eng/Mmrn2/Tie1/Wnt2/Fgf2/Flt4/Dysf/Pparg/Aldh1a2/Ppp1r16b/Egfl7/Mef2c/Dll4",21
"GO:0061437","renal system vasculature development","11/662","33/25730",0.333333333333333,12.9556898288016,11.1678867770071,3.48365545128081e-10,1.62895728901891e-07,1.17747554253291e-07,"Pdgfrb/Cd34/Ednra/Pdgfra/Tek/Pecam1/Notch3/Aqp1/Pdgfd/Nrp1/Acta2",11
"GO:0061440","kidney vasculature development","11/662","33/25730",0.333333333333333,12.9556898288016,11.1678867770071,3.48365545128081e-10,1.62895728901891e-07,1.17747554253291e-07,"Pdgfrb/Cd34/Ednra/Pdgfra/Tek/Pecam1/Notch3/Aqp1/Pdgfd/Nrp1/Acta2",11
"GO:0003158","endothelium development","21/662","152/25730",0.138157894736842,5.36979249483225,8.78071582506167,3.94257013800901e-10,1.67595072412092e-07,1.21144427877004e-07,"Zeb1/Ceacam1/Kdr/Cldn3/Cd34/Ednra/Cdh5/Atoh8/Pecam1/Ednrb/S1pr1/Notch4/S1pr3/Pde2a/Tie1/Flvcr2/Robo4/Ppp1r16b/Apold1/Dll4/Sox17",21
"GO:0045446","endothelial cell differentiation","19/662","127/25730",0.149606299212598,5.81475842709994,8.83917107762931,6.81287685606562e-10,2.65475101491357e-07,1.91896031445848e-07,"Zeb1/Ceacam1/Kdr/Cldn3/Ednra/Cdh5/Atoh8/Pecam1/Ednrb/S1pr1/Notch4/S1pr3/Pde2a/Tie1/Flvcr2/Robo4/Ppp1r16b/Apold1/Sox17",19
"GO:0050878","regulation of body fluid levels","33/662","392/25730",0.0841836734693878,3.27197268635551,7.3661503468605,3.02844678220544e-09,1.08058061617839e-06,7.81086929572913e-07,"Agr2/Prlr/Ptprj/Ceacam1/Scnn1a/Erbb4/Ubash3b/Pdia6/Akr1b1/Serping1/Fgl2/Pdgfra/P2ry2/Ednrb/Tfpi/Abcb1a/Cd36/Slc6a4/Adora1/Entpd2/Entpd1/Aqp1/Aqp5/Mertk/Chrm1/Cdo1/Emilin1/Vwf/Pear1/F13a1/Npr3/Tspan18/Angptl7",33
"GO:0072012","glomerulus vasculature development","10/662","31/25730",0.32258064516129,12.5377643504532,10.4453982886019,3.23527130592331e-09,1.08058061617839e-06,7.81086929572913e-07,"Pdgfrb/Cd34/Ednra/Pdgfra/Tek/Pecam1/Notch3/Aqp1/Pdgfd/Acta2",10
"GO:0042060","wound healing","34/662","419/25730",0.081145584725537,3.1538910800424,7.22365011767599,4.45253395359718e-09,1.38800325113469e-06,1.0033043175439e-06,"Ptprj/Ceacam1/Ubash3b/Pdia6/Kdr/Serping1/Cldn3/Cd34/Igf1/Fgl2/Gata2/Pdgfra/Pecam1/Tfpi/Cd36/Slc6a4/Eng/Entpd2/Entpd1/Ddr2/Aqp1/Nrp1/Mertk/Fgf2/Emilin1/Vwf/Dysf/Tincr/Pear1/F13a1/Cadm4/Angptl7/Pparg/Syt11",34
"GO:0031589","cell-substrate adhesion","32/662","383/25730",0.0835509138381201,3.24737917379884,7.20100415895052,6.31210822378019e-09,1.83047310395122e-06,1.32313924109391e-06,"Agr2/Pkp2/Tnxb/Ptprj/Vit/Nid1/Kdr/Col1a1/Cd34/Prkcz/Camsap3/Limch1/Egfl6/Tek/Postn/Pecam1/Itgbl1/Cd36/Micall2/Msln/Ecm2/Nrp1/Prex1/Parvb/Mertk/Emilin1/Vwf/Itga9/Atp1b2/Col5a3/Abi3bp/Egflam",32
"GO:0043542","endothelial cell migration","25/662","247/25730",0.101214574898785,3.93391391562802,7.52924053557363,6.65484233686285e-09,1.83047310395122e-06,1.32313924109391e-06,"Egf/Ceacam1/Dpp4/Jcad/Kdr/Igf1/Atp2b4/Cdh5/Gata2/Adgra2/Zeb2/Tek/Atoh8/Pecam1/Scarb1/Plxnd1/Nrp1/Mmrn2/Fgf2/Flt4/Robo4/Pparg/Mef2c/Dll4/Hspa12b",25
"GO:0043491","phosphatidylinositol 3-kinase/protein kinase B signal transduction","31/662","367/25730",0.0844686648501362,3.28304946615409,7.15860909378935,8.43586283972755e-09,2.13068855638532e-06,1.54014698900393e-06,"Egf/Flt1/Prex2/Ptprj/Ceacam1/Ceacam2/Erbb4/Erbb3/Kdr/Pdgfrb/Col6a2/Igf1/Col6a1/Sema4d/Tek/Gab2/Pecam1/Pik3ip1/Lox/Eng/Ddr2/Aim2/Pdgfd/Mertk/Fgf2/Cntnap2/Rasgrp1/Pear1/Rcn3/Ppp1r16b/Prr5",31
"GO:1901342","regulation of vasculature development","29/662","327/25730",0.0886850152905199,3.44692665169951,7.2365726868975,8.65763100327655e-09,2.13068855638532e-06,1.54014698900393e-06,"Flt1/Ceacam1/Cd59a/Jcad/Kdr/Cd34/Atp2b4/Cdh5/Gata2/Adgra2/Hhip/Tek/Ecscr/Notch4/Cd36/Eng/Aqp1/Plxnd1/Nrp1/Creb3l1/Tie1/Fgf2/Emilin1/Tspan18/Angptl7/Pparg/Ppp1r16b/Fbln5/Hhex",29
"GO:0030336","negative regulation of cell migration","29/662","328/25730",0.0884146341463415,3.43641772898091,7.21664467053603,9.27106490232018e-09,2.16757497416246e-06,1.56680996849211e-06,"Pkp2/Ptprj/Dpp4/Erbb4/Cldn3/Acvr1c/Atp2b4/Dpysl3/Limch1/Zeb2/Ptprt/Eng/Adora1/Ppargc1a/Mmrn2/Tie1/Fgf2/Emilin1/Igfbp3/Robo4/Atp1b2/Pparg/Ripor2/Egfl7/Mef2c/Dll4/Bst2/Cygb/Podn",29
"GO:0032835","glomerulus development","14/662","78/25730",0.179487179487179,6.97614067704702,8.58989990209529,1.0904494867073e-08,2.42806752373493e-06,1.75510441193842e-06,"Nid1/Pdgfrb/Cd34/Ednra/Pdgfra/Basp1/Tek/Pecam1/Notch3/Ednrb/Aqp1/Pdgfd/Acta2/Mef2c",14
"GO:0045765","regulation of angiogenesis","28/662","320/25730",0.0875,3.40086858006042,7.02298352960786,2.08978468352158e-08,4.44174235461223e-06,3.21066919559224e-06,"Flt1/Ceacam1/Cd59a/Jcad/Kdr/Cd34/Atp2b4/Cdh5/Gata2/Adgra2/Hhip/Tek/Ecscr/Notch4/Cd36/Eng/Aqp1/Plxnd1/Nrp1/Creb3l1/Tie1/Fgf2/Emilin1/Tspan18/Pparg/Ppp1r16b/Fbln5/Hhex",28
"GO:0040013","negative regulation of locomotion","30/662","363/25730",0.0826446280991736,3.21215450300866,6.89786704667242,2.40541338468959e-08,4.89030999426457e-06,3.53491184358731e-06,"Pkp2/Ptprj/Dpp4/Erbb4/Cldn3/Acvr1c/Atp2b4/Dpysl3/Limch1/Zeb2/Ptprt/Eng/Adora1/Nrp1/Ppargc1a/Mmrn2/Tie1/Fgf2/Emilin1/Igfbp3/Robo4/Atp1b2/Pparg/Ripor2/Egfl7/Mef2c/Dll4/Bst2/Cygb/Podn",30
"GO:2000146","negative regulation of cell motility","29/662","344/25730",0.0843023255813953,3.27658434623762,6.9079062339464,2.6665918133731e-08,5.19540971638859e-06,3.75545013716711e-06,"Pkp2/Ptprj/Dpp4/Erbb4/Cldn3/Acvr1c/Atp2b4/Dpysl3/Limch1/Zeb2/Ptprt/Eng/Adora1/Ppargc1a/Mmrn2/Tie1/Fgf2/Emilin1/Igfbp3/Robo4/Atp1b2/Pparg/Ripor2/Egfl7/Mef2c/Dll4/Bst2/Cygb/Podn",29
"GO:0050678","regulation of epithelial cell proliferation","33/662","431/25730",0.0765661252900232,2.97590091195211,6.72252961975132,3.07431565986396e-08,5.75020001020955e-06,4.15647477213607e-06,"Egf/Flt1/Zeb1/Ceacam1/Ceacam2/Erbb4/Tgm1/Erbb3/Jcad/Kdr/Igf1/Nupr1/Ednra/Gata2/Tek/Atoh8/Ednrb/Eng/Mmrn2/Osr2/Tie1/Etv4/Wnt2/Fgf2/Flt4/Dysf/Tincr/Pparg/Aldh1a2/Ppp1r16b/Egfl7/Mef2c/Dll4",33
"GO:0048754","branching morphogenesis of an epithelial tube","21/662","197/25730",0.106598984771574,4.14319014829696,7.19670084653668,4.37350613436428e-08,7.86558257087975e-06,5.68555797467356e-06,"Egf/Flt1/Kdr/Igf1/Ednra/Mgp/Pdgfra/Hhip/Tek/Notch4/Eng/Plxnd1/Nrp1/Tie1/Etv4/Wnt2/Fgf2/Gdf7/Rasip1/Dll4/Hhex",21
"GO:0002040","sprouting angiogenesis","18/662","147/25730",0.122448979591837,4.75923299833529,7.42784412494238,4.79772529401148e-08,8.30894943511025e-06,6.00604129398474e-06,"Flt1/Ceacam1/Jcad/Kdr/Cdh5/Gata2/Adgra2/Tek/Nrp1/Mmrn2/Creb3l1/Flvcr2/Fgf2/Flt4/Rspo3/Tspan18/Ppp1r16b/Dll4",18
"GO:0048010","vascular endothelial growth factor receptor signaling pathway","11/662","52/25730",0.211538461538462,8.22188008366256,8.47133687853967,6.97372820020523e-08,1.16461260943427e-05,8.41828618453345e-06,"Flt1/Cd59a/Kdr/Mt3/Tek/Nrp1/Mmrn2/Emilin1/Flt4/Cadm4/Hhex",11
"GO:0071560","cellular response to transforming growth factor beta stimulus","25/662","287/25730",0.0871080139372822,3.38563323052307,6.60451711909089,1.29739737492054e-07,2.09194142245808e-05,1.51213900939014e-05,"Pde3a/Fbn1/Zeb1/Bmpr1b/Col1a2/Col1a1/Acvr1c/Cdh5/Cilp/Zeb2/Postn/Lox/Aspn/Eng/Ddr2/Pdgfd/Ppargc1a/Wnt2/Emilin1/Lrrc32/Smad9/Pparg/Acta2/Mef2c/Bmp8b",25
"GO:0035924","cellular response to vascular endothelial growth factor stimulus","12/662","69/25730",0.173913043478261,6.75949034546171,7.7848888607067,1.75927824400186e-07,2.73971703553658e-05,1.98037715571292e-05,"Flt1/Jcad/Kdr/Pdgfrb/Atp2b4/Adgra2/Pdgfra/Nrp1/Emilin1/Flt4/Cadm4/Dll4",12
"GO:0030947","regulation of vascular endothelial growth factor receptor signaling pathway","9/662","35/25730",0.257142857142857,9.9943892965041,8.6529062264706,1.81632224340534e-07,2.73971703553658e-05,1.98037715571292e-05,"Cd59a/Kdr/Mt3/Tek/Nrp1/Mmrn2/Emilin1/Cadm4/Hhex",9
"GO:0042692","muscle cell differentiation","34/662","491/25730",0.0692464358452139,2.6914060336818,6.14940582546629,2.1149320305156e-07,3.00587223721048e-05,2.17276479079799e-05,"Syne1/Zeb1/Nid1/Bhlha15/Lama2/Pdgfrb/Igf1/Ednra/Col6a1/Pdgfra/Adamts5/Ednrb/Notch4/Sorbs2/Abcb1a/Lox/Ank2/Cyp26b1/Chrnb1/Xk/Eng/Rgs4/Cth/Cntnap2/Myl9/Dysf/Adamts15/Dner/Col14a1/Pi16/Ripor2/Mef2c/Fdps/Tmod2",34
"GO:0061138","morphogenesis of a branching epithelium","22/662","235/25730",0.0936170212765957,3.63861927106769,6.60334150320291,2.12133840521698e-07,3.00587223721048e-05,2.17276479079799e-05,"Egf/Flt1/Kdr/Igf1/Ednra/Mgp/Pdgfra/Hhip/Tek/Notch4/Eng/Plxnd1/Nrp1/Tie1/Etv4/Wnt2/Fgf2/Gdf7/Rspo3/Rasip1/Dll4/Hhex",22
"GO:0030324","lung development","23/662","255/25730",0.0901960784313725,3.50565724779338,6.53454363072509,2.20879917145358e-07,3.0377485075638e-05,2.19580623515091e-05,"Agr2/Ace/Fbn1/Kdr/Hmgcs2/Pdgfrb/Igf1/Spdef/Col6a1/Mgp/Pdgfra/Hhip/Lox/Flvcr2/Wnt2/Fgf2/Mme/Flt4/Rcn3/Dhcr7/Aldh1a2/Pthlh/Hhex",23
"GO:0071559","response to transforming growth factor beta","25/662","296/25730",0.0844594594594595,3.282691679595,6.41898532879746,2.33848093425752e-07,3.12421052816805e-05,2.25830444508298e-05,"Pde3a/Fbn1/Zeb1/Bmpr1b/Col1a2/Col1a1/Acvr1c/Cdh5/Cilp/Zeb2/Postn/Lox/Aspn/Eng/Ddr2/Pdgfd/Ppargc1a/Wnt2/Emilin1/Lrrc32/Smad9/Pparg/Acta2/Mef2c/Bmp8b",25
"GO:0001569","branching involved in blood vessel morphogenesis","10/662","47/25730",0.212765957446809,8.26958925242656,8.10618537743886,2.60586738211248e-07,3.38473218854388e-05,2.44661993098339e-05,"Flt1/Kdr/Ednra/Tek/Notch4/Eng/Plxnd1/Nrp1/Fgf2/Dll4",10
"GO:0030323","respiratory tube development","23/662","258/25730",0.0891472868217054,3.46489379142369,6.46631930378647,2.72285222584785e-07,3.41277326328348e-05,2.46688914240765e-05,"Agr2/Ace/Fbn1/Kdr/Hmgcs2/Pdgfrb/Igf1/Spdef/Col6a1/Mgp/Pdgfra/Hhip/Lox/Flvcr2/Wnt2/Fgf2/Mme/Flt4/Rcn3/Dhcr7/Aldh1a2/Pthlh/Hhex",23
"GO:0008217","regulation of blood pressure","22/662","239/25730",0.0920502092050209,3.57772187740965,6.50612160920363,2.84318626424709e-07,3.41277326328348e-05,2.46688914240765e-05,"Ace/Scnn1a/Col1a2/Kdr/Ednra/Abat/Postn/Ednrb/Gna14/Cd36/Eng/Adora1/Emilin1/Mme/Gpr37l1/Abcc9/Npr3/Atp1a2/Pparg/Acta2/Aoc3/Adrb3",22
"GO:0090287","regulation of cellular response to growth factor stimulus","27/662","341/25730",0.0791788856304985,3.07745124965669,6.27575293877776,2.8464105489319e-07,3.41277326328348e-05,2.46688914240765e-05,"Fbn1/Cyfip2/Zeb1/Cd59a/Jcad/Kdr/Atp2b4/Mt3/Cdh5/Cilp/Adgra2/Hhip/Zeb2/Tek/Lox/Aspn/Eng/Nrp1/Mmrn2/Creb3l1/Fgf2/Emilin1/Lrrc32/Cadm4/Chrdl1/Pparg/Hhex",27
"GO:0060562","epithelial tube morphogenesis","30/662","407/25730",0.0737100737100737,2.86489455673746,6.16274947888204,2.95394667782007e-07,3.45316366637166e-05,2.49608494275796e-05,"Egf/Flt1/Kdr/Igf1/Ednra/Mgp/Pdgfra/Hhip/Zeb2/Tek/Notch4/Eng/Plxnd1/Nrp1/Mmrn2/Tie1/Etv4/Wnt2/Fgf2/Gdf7/Ntn1/Shank3/Klhl3/Aldh1a2/Rasip1/Mef2c/Pthlh/Dll4/Sox17/Hhex",30
"GO:0070372","regulation of ERK1 and ERK2 cascade","26/662","322/25730",0.0807453416149068,3.13833480325008,6.27478724678269,3.23573950766875e-07,3.69032144825832e-05,2.6675120819318e-05,"Egf/Psca/Ceacam1/Ceacam2/Erbb4/Kdr/Pdgfrb/Igf1/Prkcz/Mt3/Ednra/Gpnmb/Pdgfra/Tek/Cd36/Ddr2/Pdgfd/Nrp1/Fgf2/Emilin1/Rasgrp1/Flt4/Dynlt1b/Acta2/Pde8b/Adrb3",26
"GO:0038084","vascular endothelial growth factor signaling pathway","10/662","50/25730",0.2,7.77341389728097,7.79068620592142,4.82256412351408e-07,5.36912139084567e-05,3.88101588987561e-05,"Flt1/Jcad/Kdr/Pdgfrb/Adgra2/Pdgfra/Nrp1/Emilin1/Flt4/Cadm4",10
"GO:0060541","respiratory system development","24/662","290/25730",0.0827586206896552,3.21658506094385,6.16886764696469,5.87613923045243e-07,6.27120276213952e-05,4.53307641916843e-05,"Agr2/Ace/Fbn1/Kdr/Ass1/Hmgcs2/Pdgfrb/Igf1/Spdef/Col6a1/Mgp/Pdgfra/Hhip/Lox/Flvcr2/Wnt2/Fgf2/Mme/Flt4/Rcn3/Dhcr7/Aldh1a2/Pthlh/Hhex",24
"GO:0070371","ERK1 and ERK2 cascade","27/662","354/25730",0.076271186440678,2.96443750320037,6.04795944157167,5.94846410937625e-07,6.27120276213952e-05,4.53307641916843e-05,"Egf/Psca/Ceacam1/Ceacam2/Erbb4/Kdr/Pdgfrb/Igf1/Prkcz/Mt3/Ednra/Gpnmb/Pdgfra/Tek/Cd36/Ddr2/Pdgfd/Nrp1/Fgf2/Emilin1/Cntnap2/Rasgrp1/Flt4/Dynlt1b/Acta2/Pde8b/Adrb3",27
"GO:0032970","regulation of actin filament-based process","30/662","421/25730",0.0712589073634204,2.76962490401935,5.94929332134233,6.03516091309407e-07,6.27120276213952e-05,4.53307641916843e-05,"Pkp2/Cyfip2/Kank4/Pdgfrb/Daam2/Sptb/Iqgap2/Limch1/Zeb2/Rhpn2/Pecam1/S1pr1/Dixdc1/Ank2/Lpar1/Adora1/Ngef/Ppm1e/Nrp1/Prex1/Arhgap28/Rgs4/Rnd1/Arhgef15/Atp1a2/Shank3/Acta2/Mef2c/Bst2/Tmod2",30
"GO:0015695","organic cation transport","16/662","141/25730",0.113475177304965,4.41044760129417,6.59895072888588,7.55015403732593e-07,7.67489571272523e-05,5.54772187960036e-05,"Slc38a1/Slc18a1/Slc16a10/Slc7a2/Slc7a8/Slc44a4/Slc22a1/Abcb1a/Rgs4/Flvcr2/Cacna1a/Slc22a21/Arg2/Slc7a7/AU018091/Kcnb1",16
"GO:0003012","muscle system process","32/662","473/25730",0.0676532769556025,2.62948461641639,5.81260161437819,8.00121922653476e-07,7.96036193686735e-05,5.75406829482713e-05,"Pkp2/Flt1/Myh14/Igf1/Atp2b4/Ednra/Abat/Col6a1/Cacnb2/Pde9a/Ednrb/Sorbs2/Ank2/Chrnb1/Adora1/Rcsd1/Rgs4/Gstm7/Irag1/Arg2/Lmcd1/Abcc9/Npr3/Col14a1/Atp1a2/Pi16/Pparg/Acta2/Mef2c/Fdps/Tmod2/Adrb3",32
"GO:0001763","morphogenesis of a branching structure","22/662","255/25730",0.0862745098039216,3.35323736745453,6.13704538584695,8.59562646018206e-07,8.37357277662736e-05,6.0527536323782e-05,"Egf/Flt1/Kdr/Igf1/Ednra/Mgp/Pdgfra/Hhip/Tek/Notch4/Eng/Plxnd1/Nrp1/Tie1/Etv4/Wnt2/Fgf2/Gdf7/Rspo3/Rasip1/Dll4/Hhex",22
"GO:0051896","regulation of phosphatidylinositol 3-kinase/protein kinase B signal transduction","25/662","320/25730",0.078125,3.03648980362538,5.95710838479774,9.99243789778371e-07,9.53564073674217e-05,6.8927428764304e-05,"Egf/Flt1/Ptprj/Ceacam1/Ceacam2/Erbb4/Kdr/Pdgfrb/Igf1/Sema4d/Tek/Pecam1/Pik3ip1/Lox/Eng/Ddr2/Aim2/Pdgfd/Mertk/Fgf2/Cntnap2/Rasgrp1/Rcn3/Ppp1r16b/Prr5",25
"GO:0014910","regulation of smooth muscle cell migration","14/662","111/25730",0.126126126126126,4.9021529081952,6.69522676835007,1.02649357935008e-06,9.59976795408192e-05,6.93909659640652e-05,"Ace/Pdgfrb/Igf1/P2ry2/Postn/Lpar1/Ddr2/Pdgfd/Nrp1/Ppargc1a/Igfbp3/Pparg/Egfl7/Mef2c",14
"GO:0070374","positive regulation of ERK1 and ERK2 cascade","20/662","219/25730",0.091324200913242,3.54950406268537,6.15736118427907,1.11049112305619e-06,0.000100155313228386,7.2396270041049e-05,"Egf/Erbb4/Kdr/Pdgfrb/Igf1/Prkcz/Mt3/Ednra/Gpnmb/Pdgfra/Tek/Cd36/Ddr2/Pdgfd/Nrp1/Fgf2/Flt4/Acta2/Pde8b/Adrb3",20
"GO:0072006","nephron development","18/662","181/25730",0.0994475138121547,3.86523342958722,6.2862688229368,1.11378876986229e-06,0.000100155313228386,7.2396270041049e-05,"Erbb4/Nid1/Pdgfrb/Cd34/Ednra/Pdgfra/Basp1/Tek/Pecam1/Notch3/Slc22a1/Ednrb/Aqp1/Pdgfd/Fgf2/Klhl3/Acta2/Mef2c",18
"GO:0046434","organophosphate catabolic process","23/662","282/25730",0.0815602836879433,3.17000921343018,5.95442609248933,1.29339316785643e-06,0.000113182289269164,8.18126898481129e-05,"Prdx6/Vnn1/Nt5e/Igf1/Nupr1/Col6a1/Entpd3/Pde9a/Smpdl3a/Pde2a/Pnpla7/Scarb1/Entpd2/Entpd1/Ppargc1a/Enpp3/Upb1/Gdpd1/Cbfa2t3/Mlxipl/Pde8b/Nudt16/Pde1a",23
"GO:0010594","regulation of endothelial cell migration","18/662","183/25730",0.0983606557377049,3.82299044128572,6.22795697547493,1.30706664254382e-06,0.000113182289269164,8.18126898481129e-05,"Egf/Ceacam1/Jcad/Kdr/Igf1/Atp2b4/Gata2/Adgra2/Tek/Atoh8/Nrp1/Mmrn2/Fgf2/Flt4/Robo4/Pparg/Mef2c/Dll4",18
"GO:0001570","vasculogenesis","13/662","99/25730",0.131313131313131,5.10375659922488,6.64809200724908,1.56587313314586e-06,0.000133127686738001,9.62300216369636e-05,"Ptprj/Ceacam1/Kdr/Pdgfrb/Cd34/Tek/Eng/Nrp1/Tie1/Rasip1/Egfl7/Sox17/Hhex",13
"GO:0007599","hemostasis","19/662","206/25730",0.0922330097087379,3.58482679728977,6.05300865405006,1.76851954495727e-06,0.000147671382003932,0.000106742786820635,"Ptprj/Ceacam1/Ubash3b/Pdia6/Serping1/Fgl2/Pdgfra/Tfpi/Cd36/Slc6a4/Entpd2/Entpd1/Mertk/Emilin1/Vwf/Pear1/F13a1/Tspan18/Angptl7",19
"GO:0031644","regulation of nervous system process","17/662","169/25730",0.100591715976331,3.90970521460877,6.16714315618109,1.87998429365696e-06,0.000154224676441052,0.000111479770395799,"Unc13b/Syne1/Erbb4/Mgll/Igf1/Prkcz/Abat/Trf/Abcb1a/Pirt/Adora1/Jam2/Rgs4/Cux2/Cntnap2/Shank3/Igsf9b",17
"GO:0055001","muscle cell development","21/662","247/25730",0.0850202429149798,3.30448768912754,5.91395747171926,1.92052416382348e-06,0.000154833982586873,0.000111920201271093,"Pdgfrb/Igf1/Ednra/Col6a1/Pdgfra/Sorbs2/Lox/Ank2/Chrnb1/Xk/Eng/Rgs4/Cntnap2/Myl9/Dysf/Dner/Col14a1/Pi16/Mef2c/Fdps/Tmod2",21
"GO:0085029","extracellular matrix assembly","9/662","46/25730",0.195652173913043,7.60442663864442,7.28556623525847,2.2015738493311e-06,0.000174484056262241,0.000126124061198968,"Tnxb/Col1a2/Mfap4/Col6a1/Lox/Tie1/Emilin1/Pparg/Fbln5",9
"GO:0015850","organic hydroxy compound transport","24/662","315/25730",0.0761904761904762,2.96130053229751,5.69160787066897,2.54031477848067e-06,0.000197975198402927,0.000143104399187745,"Egf/Ceacam1/Slc18a1/Ceacam2/Apof/Gramd1b/Abat/Slc22a1/Abcb1a/Cd36/Slc6a4/Abca5/Scarb1/Entpd1/Aqp1/Flvcr2/Abcg5/Syt1/Slco1a5/Igfbp3/Pparg/Syt11/Kcnb1/Slc10a5",24
"GO:1901343","negative regulation of vasculature development","14/662","120/25730",0.116666666666667,4.53449144008056,6.30657221641938,2.64347891408017e-06,0.000202637826266211,0.000146474733271983,"Flt1/Cd59a/Atp2b4/Hhip/Tek/Ecscr/Cd36/Creb3l1/Tie1/Emilin1/Angptl7/Pparg/Fbln5/Hhex",14
"GO:0001905","activation of membrane attack complex","6/662","17/25730",0.352941176470588,13.7177892304958,8.52393862885559,2.75503721168878e-06,0.000207783129062205,0.000150193964121098,"C1rb/Cd59a/C1s2/C1ra/C1s1/Clu",6
"GO:0060348","bone development","21/662","253/25730",0.08300395256917,3.22612039215218,5.78249638864493,2.81338266629175e-06,0.000208815513453654,0.000150940212889938,"Bglap3/Fbn1/Bmpr1b/Kdr/Pappa2/Col1a1/Igf1/Col6a1/Sema4d/Lox/Col27a1/Cyp26b1/Ddr2/Sp5/Osr2/Smad9/Lepr/Fbln5/Mef2c/Pthlh/Spns2",21
"GO:0032963","collagen metabolic process","15/662","138/25730",0.108695652173913,4.22468146591357,6.17241128097731,2.87100478780615e-06,0.000209762787309087,0.000151624940356012,"Retreg1/Tnxb/Vim/Col1a2/Pdgfrb/Col1a1/Mfap4/Col6a1/Eng/Ddr2/Creb3l1/Emilin1/Rcn3/Pparg/Cygb",15
"GO:0035265","organ growth","20/662","234/25730",0.0854700854700855,3.32197175097477,5.79841694049556,3.09662381979654e-06,0.000222766353559518,0.00016102443862942,"Prlr/Erbb4/Kdr/Pdgfrb/Igf1/Pdgfra/S1pr1/Sorbs2/Col27a1/Slc6a4/Ddr2/Rgs4/Wnt2/Fgf2/Col14a1/Pi16/Lepr/Fbln5/Mef2c/Fdps",20
"GO:0014909","smooth muscle cell migration","14/662","123/25730",0.113821138211382,4.42389408788348,6.18549032948428,3.55045681300847e-06,0.00025154448572163,0.000181826424666191,"Ace/Pdgfrb/Igf1/P2ry2/Postn/Lpar1/Ddr2/Pdgfd/Nrp1/Ppargc1a/Igfbp3/Pparg/Egfl7/Mef2c",14
"GO:0021700","developmental maturation","28/662","413/25730",0.0677966101694915,2.63505555840033,5.44354759632536,3.727899402831e-06,0.000260173994143847,0.000188064178829385,"Pde3a/Erbb4/Bhlha15/Kdr/Akr1b1/Igf1/Hid1/Ednra/Catsperd/Cdh5/Sema4d/Gata2/Rec8/Il15/Ednrb/S1pr1/Atp6v0e2/Cacna1a/Cntnap2/Septin4/Rnd1/B4galt6/Arhgef15/Chrdl1/Pparg/Aldh1a2/Kcnb1/Nrn1",28
"GO:0061448","connective tissue development","25/662","345/25730",0.072463768115942,2.81645431060905,5.51983438291723,3.85996598021159e-06,0.000265429425345138,0.000191863014898753,"Zeb1/Bmpr1b/Hmgcs2/Pdgfrb/Col1a1/Plaat3/Cd34/Igf1/Col6a1/Mgp/Lox/Col27a1/Lpl/Pdgfd/Ppargc1a/Osr2/Fgf2/Gdf7/Smad9/Pparg/Acta2/Mef2c/Pthlh/Bmp8b/Prrx1",25
"GO:0019220","regulation of phosphate metabolic process","28/662","415/25730",0.0674698795180723,2.62235649546828,5.41454515141324,4.08613547478868e-06,0.000273107565906545,0.000197413082284885,"Egf/Fbn1/Ptprj/Ceacam1/Erbb4/Kdr/Pdgfrb/Crebl2/Igf1/Mt3/Nupr1/Sema4d/Limch1/Il15/Scarb1/Adora1/Entpd1/Ddr2/Nrp1/Ppargc1a/Adgrf5/Fgf2/Cadm4/Clip3/Cbfa2t3/Mlxipl/Ldb2/Nqo1",28
"GO:1901292","nucleoside phosphate catabolic process","19/662","218/25730",0.0871559633027523,3.38749688184262,5.75280180389622,4.08843661536744e-06,0.000273107565906545,0.000197413082284885,"Vnn1/Nt5e/Igf1/Nupr1/Col6a1/Entpd3/Pde9a/Smpdl3a/Pde2a/Entpd2/Entpd1/Ppargc1a/Enpp3/Upb1/Cbfa2t3/Mlxipl/Pde8b/Nudt16/Pde1a",19
"GO:0048251","elastic fiber assembly","5/662","11/25730",0.454545454545455,17.6668497665477,8.98469687071342,4.51184014911962e-06,0.000297145979398357,0.000214789009915835,"Tnxb/Mfap4/Lox/Emilin1/Fbln5",5
"GO:0051174","regulation of phosphorus metabolic process","28/662","418/25730",0.0669856459330144,2.60353575507018,5.37135879525098,4.68297560190864e-06,0.000304133248812844,0.000219839687978489,"Egf/Fbn1/Ptprj/Ceacam1/Erbb4/Kdr/Pdgfrb/Crebl2/Igf1/Mt3/Nupr1/Sema4d/Limch1/Il15/Scarb1/Adora1/Entpd1/Ddr2/Nrp1/Ppargc1a/Adgrf5/Fgf2/Cadm4/Clip3/Cbfa2t3/Mlxipl/Ldb2/Nqo1",28
"GO:0010810","regulation of cell-substrate adhesion","20/662","242/25730",0.0826446280991736,3.21215450300866,5.61870026656856,5.15498825604768e-06,0.000330201713496972,0.000238683017882755,"Agr2/Pkp2/Ptprj/Vit/Nid1/Kdr/Col1a1/Prkcz/Camsap3/Limch1/Egfl6/Tek/Postn/Cd36/Ecm2/Nrp1/Prex1/Emilin1/Abi3bp/Egflam",20
"GO:0007596","blood coagulation","18/662","202/25730",0.0891089108910891,3.46340223146182,5.71193458108383,5.35026349768631e-06,0.000338078812367313,0.000244376900299726,"Ptprj/Ceacam1/Ubash3b/Pdia6/Serping1/Fgl2/Pdgfra/Tfpi/Cd36/Slc6a4/Entpd2/Entpd1/Mertk/Emilin1/Vwf/Pear1/F13a1/Angptl7",18
"GO:0099565","chemical synaptic transmission, postsynaptic","15/662","146/25730",0.102739726027397,3.99319207052104,5.89396287407867,5.78712575173158e-06,0.000360808000201291,0.00026080646721137,"Unc13b/Syne1/Erbb4/Prkcz/Abat/Chrnb1/Adora1/Rgs4/P2rx6/Syt1/Cux2/Cntnap2/Shank3/Mef2c/Igsf9b",15
"GO:0035296","regulation of tube diameter","18/662","204/25730",0.0882352941176471,3.42944730762396,5.66124291953897,6.1396947300116e-06,0.000372846916331613,0.000269508677758951,"Ace/Faah/Kdr/Mgll/Ednra/P2ry2/Pecam1/Ednrb/Slc6a4/Scarb1/Adora1/Irag1/Itga9/Abcc9/Npr3/Atp1a2/Acta2/Adrb3",18
"GO:0097746","blood vessel diameter maintenance","18/662","204/25730",0.0882352941176471,3.42944730762396,5.66124291953897,6.1396947300116e-06,0.000372846916331613,0.000269508677758951,"Ace/Faah/Kdr/Mgll/Ednra/P2ry2/Pecam1/Ednrb/Slc6a4/Scarb1/Adora1/Irag1/Itga9/Abcc9/Npr3/Atp1a2/Acta2/Adrb3",18
"GO:0035150","regulation of tube size","18/662","205/25730",0.0878048780487805,3.41271829636725,5.63613358426338,6.57241814450071e-06,0.000389020598021333,0.000281199662384967,"Ace/Faah/Kdr/Mgll/Ednra/P2ry2/Pecam1/Ednrb/Slc6a4/Scarb1/Adora1/Irag1/Itga9/Abcc9/Npr3/Atp1a2/Acta2/Adrb3",18
"GO:0050817","coagulation","18/662","205/25730",0.0878048780487805,3.41271829636725,5.63613358426338,6.57241814450071e-06,0.000389020598021333,0.000281199662384967,"Ptprj/Ceacam1/Ubash3b/Pdia6/Serping1/Fgl2/Pdgfra/Tfpi/Cd36/Slc6a4/Entpd2/Entpd1/Mertk/Emilin1/Vwf/Pear1/F13a1/Angptl7",18
"GO:0010562","positive regulation of phosphorus metabolic process","19/662","227/25730",0.0837004405286344,3.25319083806913,5.54109855888816,7.35350610583304e-06,0.000424506105566362,0.000306850007873033,"Egf/Fbn1/Erbb4/Kdr/Pdgfrb/Crebl2/Igf1/Mt3/Sema4d/Limch1/Il15/Adora1/Ddr2/Nrp1/Adgrf5/Fgf2/Clip3/Mlxipl/Nqo1",19
"GO:0045937","positive regulation of phosphate metabolic process","19/662","227/25730",0.0837004405286344,3.25319083806913,5.54109855888816,7.35350610583304e-06,0.000424506105566362,0.000306850007873033,"Egf/Fbn1/Erbb4/Kdr/Pdgfrb/Crebl2/Igf1/Mt3/Sema4d/Limch1/Il15/Adora1/Ddr2/Nrp1/Adgrf5/Fgf2/Clip3/Mlxipl/Nqo1",19
"GO:0030199","collagen fibril organization","10/662","67/25730",0.149253731343284,5.8010551472246,6.3944175081362,7.85972710218758e-06,0.000442796191925652,0.000320070814522819,"Tnxb/Col1a2/Col1a1/Col6a1/Col5a2/Lox/Ddr2/Dpt/Emilin1/Col14a1",10
"GO:1903053","regulation of extracellular matrix organization","10/662","67/25730",0.149253731343284,5.8010551472246,6.3944175081362,7.85972710218758e-06,0.000442796191925652,0.000320070814522819,"Tnxb/Dpp4/Nid1/Lama2/Col6a1/Ddr2/Tie1/Emilin1/Angptl7/Pparg",10
"GO:0033555","multicellular organismal response to stress","14/662","132/25730",0.106060606060606,4.12226494552779,5.84432429673739,8.15036772464867e-06,0.000453703803338776,0.000327955272729911,"Dpp4/Hmgcs2/Col6a1/Ednrb/Pirt/Cacna1a/Cntnap2/Tmem45b/Kcnip3/Atp1a2/Shank3/Mef2c/Pde8b/Adam11",14
"GO:0048588","developmental cell growth","22/662","293/25730",0.0750853242320819,2.91834651433756,5.36671493865852,8.31855272433801e-06,0.000457618265164759,0.000330784802450147,"Cyfip2/Alcam/Mgll/Igf1/Prkcz/Mt3/Ednra/Sema4d/Rnf157/Zeb2/Postn/Sorbs2/Nrp1/Sh3gl2/Rgs4/Syt1/Ntn1/Col14a1/Slit3/Pi16/Fdps/Nrn1",22
"GO:0010811","positive regulation of cell-substrate adhesion","15/662","151/25730",0.0993377483443709,3.86096716752366,5.72980934964113,8.74182409775621e-06,0.00047531127303614,0.000343574016865302,"Agr2/Ptprj/Vit/Nid1/Kdr/Prkcz/Egfl6/Tek/Cd36/Ecm2/Nrp1/Prex1/Emilin1/Abi3bp/Egflam",15
"GO:0061028","establishment of endothelial barrier","9/662","54/25730",0.166666666666667,6.47784491440081,6.54822410494991,8.84749206508104e-06,0.000475527274670333,0.000343730151493953,"Cldn3/Ednra/Cdh5/Pecam1/Ednrb/S1pr3/Pde2a/Robo4/Ppp1r16b",9
"GO:0048659","smooth muscle cell proliferation","18/662","210/25730",0.0857142857142857,3.3314630988347,5.51287904020536,9.17541815143859e-06,0.000487548355410532,0.000352419469907527,"Spon2/Flt1/Rgs5/Pdgfrb/Igf1/Ednra/Notch3/Il15/S1pr1/Ddr2/Pdgfd/Ppargc1a/Fgf2/Igfbp3/Npr3/Pparg/Mef2c/Pde1a",18
"GO:0043534","blood vessel endothelial cell migration","14/662","134/25730",0.104477611940299,4.06073860305722,5.77262299004082,9.70421990462818e-06,0.000509853171618443,0.000368542284018464,"Jcad/Kdr/Igf1/Atp2b4/Cdh5/Gata2/Scarb1/Nrp1/Mmrn2/Fgf2/Robo4/Pparg/Mef2c/Dll4",14
"GO:0019934","cGMP-mediated signaling","8/662","42/25730",0.19047619047619,7.40325133074378,6.74901902734003,1.00305187354071e-05,0.000521141173408486,0.000376701703618623,"Pde3a/Kdr/Atp2b4/Ednrb/Pde2a/Cd36/Aqp1/Irag1",8
"GO:0016525","negative regulation of angiogenesis","13/662","117/25730",0.111111111111111,4.3185632762672,5.84646580920964,1.02695657585546e-05,0.000527697686670343,0.00038144101388917,"Flt1/Cd59a/Atp2b4/Hhip/Tek/Ecscr/Cd36/Creb3l1/Tie1/Emilin1/Pparg/Fbln5/Hhex",13
"GO:0042063","gliogenesis","27/662","415/25730",0.0650602409638554,2.52870090634441,5.10197364360354,1.16891517467621e-05,0.000594113843128907,0.000429449270696258,"Flt1/Vim/Lamc3/Ptprj/Erbb3/Lama2/Ptprb/Daam2/Mal/Igf1/Col6a1/Trf/Zeb2/Hdac11/Zfp365/Clu/Lpar1/Fgf2/Cntnap2/Ntn1/Dner/Gpr37l1/B4galt6/Shank3/Atp1b2/Pparg/Lepr",27
"GO:0021936","regulation of cerebellar granule cell precursor proliferation","5/662","13/25730",0.384615384615385,14.9488728793865,8.17487734616689,1.20414247449167e-05,0.000598996830927986,0.000432978889764027,"Egf/Igf1/Slc6a4/Fgf2/Gpr37l1",5
"GO:0030948","negative regulation of vascular endothelial growth factor receptor signaling pathway","5/662","13/25730",0.384615384615385,14.9488728793865,8.17487734616689,1.20414247449167e-05,0.000598996830927986,0.000432978889764027,"Cd59a/Mmrn2/Emilin1/Cadm4/Hhex",5
"GO:2000181","negative regulation of blood vessel morphogenesis","13/662","119/25730",0.109243697478992,4.24598238086776,5.7674916703745,1.23630341709701e-05,0.000600674326878856,0.000434191450994554,"Flt1/Cd59a/Atp2b4/Hhip/Tek/Ecscr/Cd36/Creb3l1/Tie1/Emilin1/Pparg/Fbln5/Hhex",13
"GO:0071695","anatomical structure maturation","23/662","323/25730",0.0712074303405573,2.76762414299477,5.19511418249315,1.23846683028679e-05,0.000600674326878856,0.000434191450994554,"Pde3a/Bhlha15/Kdr/Akr1b1/Igf1/Hid1/Ednra/Catsperd/Cdh5/Sema4d/Gata2/Rec8/Il15/Ednrb/S1pr1/Cacna1a/Cntnap2/Septin4/Rnd1/B4galt6/Pparg/Aldh1a2/Kcnb1",23
"GO:0043535","regulation of blood vessel endothelial cell migration","12/662","102/25730",0.117647058823529,4.57259641016527,5.87499215351947,1.24605238894887e-05,0.000600674326878856,0.000434191450994554,"Jcad/Kdr/Igf1/Atp2b4/Gata2/Nrp1/Mmrn2/Fgf2/Robo4/Pparg/Mef2c/Dll4",12
"GO:1990845","adaptive thermogenesis","16/662","176/25730",0.0909090909090909,3.53336995330953,5.48032241292385,1.37118109420348e-05,0.00065424926494852,0.000472917561062018,"Clic5/Prlr/Esrrg/Scd1/Lama4/Il15/Adamts5/Cd36/Ppargc1a/Plac8/Ckb/Npr3/Pparg/Lepr/Bmp8b/Adrb3",16
"GO:0006910","phagocytosis, recognition","8/662","44/25730",0.181818181818182,7.06673990661906,6.5450667577674,1.43948686807996e-05,0.000679903090418373,0.000491461173142451,"Spon2/C1rb/C1s2/C1ra/Cd36/C1s1/Scarb1/Pear1",8
"GO:0015711","organic anion transport","30/662","494/25730",0.0607287449392713,2.36034834937681,4.96116823390835,1.47804326090905e-05,0.000687482359977348,0.000496939772609802,"Ace/Slc38a1/Ceacam1/Ceacam2/Slc16a10/Slc7a4/Slc7a2/Slc7a8/Abat/P2ry2/Slco4c1/Slc44a4/Slc22a1/Slc25a23/Abcb1a/Cd36/Pianp/Slc37a4/Slc37a1/Adora1/Slc43a3/Rgs4/Cacna1a/Arg2/Slco1a5/Lrrc8b/Slc7a7/AU018091/Pparg/Slc10a5",30
"GO:0007162","negative regulation of cell adhesion","23/662","327/25730",0.0703363914373089,2.73376941341685,5.12747220019713,1.50863662349792e-05,0.000687482359977348,0.000496939772609802,"Epcam/Cldn7/Ceacam1/Ubash3b/Erbb3/Ass1/Col1a1/Gpnmb/Fgl2/Sema4d/Postn/Notch4/Jam2/Tnfrsf14/Plxnd1/Lrrc32/Arg2/Rnd1/Ildr2/Ripor2/Crtam/Akna/Laptm5",23
"GO:0008652","amino acid biosynthetic process","10/662","72/25730",0.138888888888889,5.39820409533401,6.07310558383829,1.51434309404762e-05,0.000687482359977348,0.000496939772609802,"Slc38a1/Aass/Ass1/Atp2b4/Abat/Asl/Asns/Pycr1/Upb1/Cth",10
"GO:0032964","collagen biosynthetic process","10/662","72/25730",0.138888888888889,5.39820409533401,6.07310558383829,1.51434309404762e-05,0.000687482359977348,0.000496939772609802,"Vim/Pdgfrb/Col1a1/Eng/Ddr2/Creb3l1/Emilin1/Rcn3/Pparg/Cygb",10
"GO:0090257","regulation of muscle system process","21/662","283/25730",0.0742049469964664,2.88412883114665,5.17924103874087,1.584975110202e-05,0.000712629193779286,0.000515116910815652,"Pkp2/Flt1/Igf1/Atp2b4/Abat/Cacnb2/Pde9a/Ank2/Adora1/Rgs4/Gstm7/Irag1/Arg2/Lmcd1/Npr3/Atp1a2/Pi16/Pparg/Mef2c/Fdps/Adrb3",21
"GO:0006816","calcium ion transport","29/662","472/25730",0.0614406779661017,2.3880190998003,4.94592546548397,1.64852519952968e-05,0.000734143222190549,0.000530668111848601,"Egf/Ace/Tspan13/Mcoln2/Ubash3b/Bhlha15/Pdgfrb/Plcb4/Igf1/Atp2b4/Ednra/Cacnb2/Cracr2a/Ano9/Ednrb/Slc25a23/Bspry/Ank2/Rgs4/P2rx6/Gstm7/Cacna1a/Fgf2/Dysf/Cracr2b/Atp1a2/Tspan18/Hap1/Gja4",29
"GO:0030168","platelet activation","12/662","105/25730",0.114285714285714,4.44195079844627,5.74312112220632,1.67838373031872e-05,0.000740388898393427,0.000535182736648799,"Ptprj/Ceacam1/Ubash3b/Pdia6/Pdgfra/Slc6a4/Entpd2/Entpd1/Mertk/Emilin1/Vwf/Pear1",12
"GO:0060078","regulation of postsynaptic membrane potential","16/662","179/25730",0.0893854748603352,3.47415146247194,5.39795739482395,1.69427023099359e-05,0.000740411925245424,0.000535199381379284,"Unc13b/Syne1/Erbb4/Prkcz/Abat/Chrnb1/Adora1/Chrm1/Rgs4/P2rx6/Syt1/Cux2/Cntnap2/Shank3/Mef2c/Igsf9b",16
"GO:0098739","import across plasma membrane","18/662","220/25730",0.0818181818181818,3.18003295797858,5.27715409169317,1.73078411109299e-05,0.000749365416988037,0.000541671323656879,"Slc9a2/Slc5a1/Slc38a1/Scnn1a/Atp12a/Slc7a2/Slc7a8/Slc15a2/Cd36/Ank2/Slc9a7/Rgs4/Cacna1a/Arg2/Abcc9/Lrrc8b/Atp1a2/Atp1b2",18
"GO:0006575","modified amino acid metabolic process","17/662","200/25730",0.085,3.30370090634441,5.31491457695468,1.80119384655857e-05,0.000765671129682533,0.000553457745578905,"Slc16a10/Vnn1/Aldh1l1/Ass1/Gstt2/Asl/Gstm1/Sult1a1/Gsta4/Gnmt/Glo1/Gstm7/Ckb/Cpt1c/Cth/Chac1/Aldh1l2",17
"GO:0030902","hindbrain development","17/662","200/25730",0.085,3.30370090634441,5.31491457695468,1.80119384655857e-05,0.000765671129682533,0.000553457745578905,"Egf/Igf1/Abat/Gata2/Zfp365/Dixdc1/Slc6a4/Pianp/Lpar1/Cacna1a/Fgf2/Cntnap2/Smad9/Gpr37l1/Atp1b2/Aldh1a2/Hap1",17
"GO:0009143","nucleoside triphosphate catabolic process","5/662","14/25730",0.357142857142857,13.8810962451446,7.83421957580583,1.83343618850156e-05,0.000772355641210207,0.000558289578120295,"Entpd3/Smpdl3a/Entpd2/Enpp3/Nudt16",5
"GO:0002064","epithelial cell development","20/662","264/25730",0.0757575757575758,2.94447496109128,5.16065178913202,1.86188053771787e-05,0.00077733512449721,0.000561888947989857,"Vim/Bhlha15/Kdr/Akr1b1/Cldn3/Cgn/Spdef/Ednra/Cdh5/Gata2/Pecam1/Ednrb/Notch4/S1pr3/Abcb1a/Pde2a/Exph5/Robo4/Ppp1r16b/Acta2",20
"GO:0002021","response to dietary excess","8/662","46/25730",0.173913043478261,6.75949034546171,6.35348845389031,2.02552844826009e-05,0.000837706514685818,0.000605527805739535,"Clic5/Acvr1c/Col6a1/Ppargc1a/Cntnap2/Pparg/Bmp8b/Adrb3",8
"GO:0014812","muscle cell migration","14/662","143/25730",0.0979020979020979,3.80516764202565,5.46635408656664,2.04231271758305e-05,0.000837706514685818,0.000605527805739535,"Ace/Pdgfrb/Igf1/P2ry2/Postn/Lpar1/Ddr2/Pdgfd/Nrp1/Ppargc1a/Igfbp3/Pparg/Egfl7/Mef2c",14
"GO:0043129","surfactant homeostasis","7/662","34/25730",0.205882352941176,8.00204371778923,6.63914448156723,2.12410251619787e-05,0.000863678553542717,0.000624301435195548,"Erbb4/Kdr/Adgrf5/Oas1g/Rcn3/Oas1a/Pthlh",7
"GO:0030282","bone mineralization","14/662","145/25730",0.096551724137931,3.75268257110116,5.40166975242291,2.3890234928992e-05,0.000954792636991168,0.000690162342393102,"Bglap3/Bmpr1b/Col1a2/Igf1/Col6a1/Gpnmb/Mgp/S1pr1/Lox/Aspn/Ddr2/Osr2/Mef2c/Pthlh",14
"GO:0042327","positive regulation of phosphorylation","14/662","145/25730",0.096551724137931,3.75268257110116,5.40166975242291,2.3890234928992e-05,0.000954792636991168,0.000690162342393102,"Egf/Fbn1/Erbb4/Kdr/Pdgfrb/Crebl2/Mt3/Sema4d/Limch1/Il15/Ddr2/Nrp1/Fgf2/Clip3",14
"GO:0001885","endothelial cell development","10/662","76/25730",0.131578947368421,5.11408809031643,5.83691599046369,2.45839866293669e-05,0.000966006062848062,0.000698267855523193,"Cldn3/Ednra/Cdh5/Pecam1/Ednrb/Notch4/S1pr3/Pde2a/Robo4/Ppp1r16b",10
"GO:0042311","vasodilation","10/662","76/25730",0.131578947368421,5.11408809031643,5.83691599046369,2.45839866293669e-05,0.000966006062848062,0.000698267855523193,"Ace/Kdr/Pecam1/Ednrb/Scarb1/Adora1/Irag1/Abcc9/Npr3/Adrb3",10
"GO:0060840","artery development","13/662","127/25730",0.102362204724409,3.97851892380522,5.46811199857612,2.49645824066933e-05,0.000972786561114149,0.000703169071121861,"Pdgfrb/Ednra/Fam3d/Notch3/Notch4/Lox/Pde2a/Eng/Plxnd1/Nrp1/Adgrf5/Dll4/Prrx1",13
"GO:0048880","sensory system development","29/662","487/25730",0.0595482546201232,2.31446615011446,4.75909099687089,2.92689834663037e-05,0.00113108898089617,0.000817596397653773,"Fbn1/Flt1/Vim/Lamc3/Zeb1/Bmpr1b/Kdr/Pdgfrb/Plaat3/Cldn3/Atp2b4/Rorb/Pdgfra/Col5a2/Zeb2/Slc44a4/Col8a2/Aqp1/Aqp5/Nrp1/Osr2/Mertk/Fgf2/Rab11fip4/Arhgef15/Chrdl1/Angptl7/Aldh1a2/Dll4",29
"GO:0048146","positive regulation of fibroblast proliferation","10/662","78/25730",0.128205128205128,4.98295762646216,5.72496685980001,3.09496022466352e-05,0.00118623229594481,0.000857456193390386,"Egf/Pdgfrb/Igf1/Pdgfra/Cd248/Ddr2/Rasgrf1/Aqp1/Pdgfd/Wnt2",10
"GO:0018108","peptidyl-tyrosine phosphorylation","9/662","63/25730",0.142857142857143,5.55243849805783,5.879053494768,3.20543304464058e-05,0.00121785570358426,0.000880314858450559,"Flt1/Erbb4/Kdr/Pdgfrb/Pdgfra/Tek/Il15/Ddr2/Cadm4",9
"GO:0003014","renal system process","14/662","149/25730",0.0939597315436242,3.65193941482998,5.27568162081847,3.24081581779296e-05,0.00121785570358426,0.000880314858450559,"Ace/Slc5a1/Akr1b1/Cd34/Ednra/Rhpn2/Ednrb/Slc15a2/Slc25a23/Adora1/Aqp1/Adgrf5/Npr3/Klhl3",14
"GO:0046942","carboxylic acid transport","25/662","391/25730",0.0639386189258312,2.48510674465504,4.80874689158186,3.25560228716923e-05,0.00121785570358426,0.000880314858450559,"Ace/Slc38a1/Ceacam1/Ceacam2/Slc16a10/Slc7a4/Slc7a2/Slc7a8/Abat/P2ry2/Slc22a1/Abcb1a/Cd36/Pianp/Adora1/Slc43a3/Rgs4/Cacna1a/Arg2/Slco1a5/Lrrc8b/Slc7a7/AU018091/Pparg/Slc10a5",25
"GO:0032956","regulation of actin cytoskeleton organization","24/662","368/25730",0.0652173913043478,2.53480887954814,4.81911254118482,3.39872979556348e-05,0.001261306390798,0.000911722754682903,"Cyfip2/Kank4/Pdgfrb/Daam2/Sptb/Iqgap2/Limch1/Rhpn2/Pecam1/S1pr1/Dixdc1/Lpar1/Ngef/Ppm1e/Nrp1/Prex1/Arhgap28/Rgs4/Rnd1/Arhgef15/Shank3/Mef2c/Bst2/Tmod2",24
"GO:0015849","organic acid transport","25/662","393/25730",0.0636132315521628,2.47245989099267,4.78016357627345,3.53973709384028e-05,0.00130329217722812,0.000942071761982688,"Ace/Slc38a1/Ceacam1/Ceacam2/Slc16a10/Slc7a4/Slc7a2/Slc7a8/Abat/P2ry2/Slc22a1/Abcb1a/Cd36/Pianp/Adora1/Slc43a3/Rgs4/Cacna1a/Arg2/Slco1a5/Lrrc8b/Slc7a7/AU018091/Pparg/Slc10a5",25
"GO:0018212","peptidyl-tyrosine modification","9/662","64/25730",0.140625,5.46568164652568,5.81271803633244,3.64577005932443e-05,0.00132656370403013,0.000958893353212537,"Flt1/Erbb4/Kdr/Pdgfrb/Pdgfra/Tek/Il15/Ddr2/Cadm4",9
"GO:0140962","multicellular organismal-level chemical homeostasis","11/662","96/25730",0.114583333333333,4.45351837865055,5.50896233710595,3.65968173267507e-05,0.00132656370403013,0.000958893353212537,"Scnn1a/Erbb4/Kdr/Akr1b1/Trf/Aqp1/Adgrf5/Oas1g/Rcn3/Oas1a/Pthlh",11
"GO:0014706","striated muscle tissue development","29/662","494/25730",0.0587044534412955,2.28167007106425,4.67422983666496,3.78778095711881e-05,0.00135708021541567,0.000980951909346657,"Pkp2/Erbb4/Myh14/Erbb3/Pdgfrb/Igf1/Nupr1/Ednra/Col6a1/Pdgfra/S1pr1/Sorbs2/Abcb1a/Lox/Cyp26b1/Xk/Eng/Rgs4/Wnt2/Fgf2/Cntnap2/Dner/Abcc9/Col14a1/Pi16/Aldh1a2/Mef2c/Dll4/Fdps",29
"GO:0043537","negative regulation of blood vessel endothelial cell migration","7/662","37/25730",0.189189189189189,7.35322936229281,6.28446907045757,3.80191420486426e-05,0.00135708021541567,0.000980951909346657,"Atp2b4/Mmrn2/Fgf2/Robo4/Pparg/Mef2c/Dll4",7
"GO:0050866","negative regulation of cell activation","18/662","234/25730",0.0769230769230769,2.98977457587729,4.96885571656536,3.93686038668131e-05,0.00139460296728196,0.00100807485658961,"Ceacam1/Ubash3b/Gpnmb/Fgl2/Pdgfra/Tnfrsf14/Mertk/Adgrf5/Emilin1/Enpp3/Lrrc32/Arg2/Ildr2/Ripor2/Crtam/Syt11/Cygb/Laptm5",18
"GO:0170041","non-proteinogenic amino acid metabolic process","9/662","65/25730",0.138461538461538,5.38159423657913,5.7477623845391,4.13620876081e-05,0.00145420392222162,0.00105115681289758,"Slc38a1/Ass1/Kyat3/Atp2b4/Abat/Asl/Gnmt/Upb1/Cth",9
"GO:0001934","positive regulation of protein phosphorylation","12/662","115/25730",0.104347826086957,4.05569420727703,5.3369389656938,4.20075740862849e-05,0.00146587624199603,0.00105959403292271,"Fbn1/Erbb4/Kdr/Pdgfrb/Crebl2/Mt3/Sema4d/Limch1/Il15/Ddr2/Fgf2/Clip3",12
"GO:0043010","camera-type eye development","26/662","422/25730",0.0616113744075829,2.39465357025243,4.6943369668443,4.2581775747678e-05,0.00147490654367513,0.00106612149649742,"Fbn1/Flt1/Vim/Lamc3/Zeb1/Bmpr1b/Kdr/Pdgfrb/Plaat3/Cldn3/Atp2b4/Rorb/Pdgfra/Zeb2/Col8a2/Aqp1/Aqp5/Nrp1/Osr2/Mertk/Fgf2/Rab11fip4/Arhgef15/Angptl7/Aldh1a2/Dll4",26
"GO:0036293","response to decreased oxygen levels","24/662","374/25730",0.0641711229946524,2.49414349645379,4.73007844809627,4.39478219079083e-05,0.00151102952383367,0.00109223263271125,"Flt1/Dpp4/Kdr/Cldn3/Mt3/Ednra/Abat/Col6a1/Zeb2/Tek/Postn/Abcb1a/Slc6a4/Eng/Adora1/Ddr2/Aqp1/Fndc1/Arnt2/Abcc9/Pparg/Cbfa2t3/Cpeb1/Cygb",24
"GO:0048144","fibroblast proliferation","14/662","154/25730",0.0909090909090909,3.53336995330953,5.12416693015417,4.67197746271105e-05,0.0015946107018713,0.00115264845430389,"Egf/Pdgfrb/Igf1/Nupr1/Ednra/Pdgfra/Cd248/Ddr2/Rasgrf1/Aqp1/Pdgfd/Wnt2/Abcc9/Pparg",14
"GO:0006865","amino acid transport","16/662","195/25730",0.0820512820512821,3.18909288093578,4.98648099783234,4.84076338862521e-05,0.00164024707284141,0.00118563625025748,"Slc38a1/Slc16a10/Slc7a4/Slc7a2/Slc7a8/Abat/Slc6a4/Pianp/Xk/Adora1/Rgs4/Cacna1a/Arg2/Lrrc8b/Slc7a7/AU018091",16
"GO:0001654","eye development","28/662","476/25730",0.0588235294117647,2.28629820508264,4.60320861249931,4.95295712367151e-05,0.00166618902951712,0.00120438813510861,"Fbn1/Flt1/Vim/Lamc3/Zeb1/Bmpr1b/Kdr/Pdgfrb/Plaat3/Cldn3/Atp2b4/Rorb/Pdgfra/Col5a2/Zeb2/Col8a2/Aqp1/Aqp5/Nrp1/Osr2/Mertk/Fgf2/Rab11fip4/Arhgef15/Chrdl1/Angptl7/Aldh1a2/Dll4",28
"GO:0042325","regulation of phosphorylation","18/662","239/25730",0.0753138075313808,2.9272269906079,4.86428473114978,5.18962612396097e-05,0.00173333512540297,0.00125292402135629,"Egf/Fbn1/Ptprj/Ceacam1/Erbb4/Kdr/Pdgfrb/Crebl2/Mt3/Sema4d/Limch1/Il15/Ddr2/Nrp1/Fgf2/Cadm4/Clip3/Ldb2",18
"GO:0010712","regulation of collagen metabolic process","9/662","67/25730",0.134328358208955,5.22094963250214,5.62178800354657,5.28569106246425e-05,0.00175290009986403,0.00126706636816519,"Vim/Pdgfrb/Mfap4/Eng/Ddr2/Creb3l1/Emilin1/Pparg/Cygb",9
"GO:0007015","actin filament organization","28/662","478/25730",0.0585774058577406,2.27673210380614,4.57874483899381,5.32703896761568e-05,0.00175417142342049,0.00126798533172824,"Lcp1/Cyfip2/Myo5c/Kank4/Daam2/Sptb/Iqgap2/Dpysl3/Shroom1/Limch1/Zeb2/Wipf3/Rhpn2/Pecam1/S1pr1/Lpar1/Micall2/Ppm1e/Nrp1/Prex1/Arhgap28/Rgs4/Myl9/Rnd1/Pdlim3/Arhgef15/Shank3/Tmod2",28
"GO:0006935","chemotaxis","28/662","479/25730",0.058455114822547,2.27197900964371,4.56655839464214,5.52347360562249e-05,0.001806137243349,0.0013055483067835,"Agr2/Flt1/Ptprj/Dpp4/Kdr/Pdgfrb/Ednra/Sema4d/Adgra2/Pdgfra/Ecscr/Ednrb/S1pr1/Lox/Slc37a4/Lpar1/Eng/Pdgfd/Nrp1/Prex1/Cmtm8/Fgf2/Dysf/Ntn1/Itga9/Unc5c/Slit3/Ripor2",28
"GO:0150063","visual system development","28/662","480/25730",0.0583333333333333,2.26724572004028,4.55440204463636,5.72641549215659e-05,0.00185949436398085,0.00134411696968676,"Fbn1/Flt1/Vim/Lamc3/Zeb1/Bmpr1b/Kdr/Pdgfrb/Plaat3/Cldn3/Atp2b4/Rorb/Pdgfra/Col5a2/Zeb2/Col8a2/Aqp1/Aqp5/Nrp1/Osr2/Mertk/Fgf2/Rab11fip4/Arhgef15/Chrdl1/Angptl7/Aldh1a2/Dll4",28
"GO:0048265","response to pain","8/662","53/25730",0.150943396226415,5.86672746964601,5.7634618985541,5.87362611525471e-05,0.00189414315275386,0.00136916250134903,"Col6a1/Ednrb/Pirt/Cacna1a/Cntnap2/Tmem45b/Kcnip3/Adam11",8
"GO:0042330","taxis","28/662","481/25730",0.0582120582120582,2.26253211147471,4.54227563987405,5.93605388875427e-05,0.00190116356053527,0.00137423713314996,"Agr2/Flt1/Ptprj/Dpp4/Kdr/Pdgfrb/Ednra/Sema4d/Adgra2/Pdgfra/Ecscr/Ednrb/S1pr1/Lox/Slc37a4/Lpar1/Eng/Pdgfd/Nrp1/Prex1/Cmtm8/Fgf2/Dysf/Ntn1/Itga9/Unc5c/Slit3/Ripor2",28
"GO:0061041","regulation of wound healing","13/662","138/25730",0.0942028985507246,3.66139060379176,5.09420777201551,5.98756632211059e-05,0.0019046163348428,0.00137673293664856,"Ceacam1/Ubash3b/Serping1/Cldn3/Pdgfra/Tfpi/Cd36/Ddr2/Fgf2/Emilin1/Vwf/Tincr/Cadm4",13
"GO:0007193","adenylate cyclase-inhibiting G protein-coupled receptor signaling pathway","11/662","102/25730",0.107843137254902,4.19154670931817,5.24837113464146,6.43425715277155e-05,0.00203287746259188,0.00146944521461945,"Ednra/S1pr1/S1pr3/Pde2a/Lpar1/Adora1/Chrm1/Gpr146/Gpr37l1/Npr3/Adrb3",11
"GO:0043114","regulation of vascular permeability","8/662","54/25730",0.148148148148148,5.75808436835627,5.68782125838333,6.74125688199325e-05,0.00211466693188535,0.00152856591740216,"Pde3a/Ptprj/Ceacam1/Cdh5/Zeb2/Plvap/Pde2a/Sh3gl2",8
"GO:0007160","cell-matrix adhesion","18/662","244/25730",0.0737704918032787,2.86724283096429,4.76239572471717,6.78357655651844e-05,0.00211466693188535,0.00152856591740216,"Tnxb/Ptprj/Nid1/Kdr/Cd34/Prkcz/Camsap3/Limch1/Tek/Postn/Pecam1/Itgbl1/Cd36/Msln/Nrp1/Emilin1/Itga9/Col5a3",18
"GO:0001666","response to hypoxia","22/662","337/25730",0.0652818991097923,2.53731610890477,4.6163818757902,7.02841440287568e-05,0.00217648117535408,0.00157324772726621,"Flt1/Dpp4/Kdr/Cldn3/Mt3/Ednra/Abat/Tek/Postn/Abcb1a/Slc6a4/Eng/Adora1/Ddr2/Aqp1/Fndc1/Arnt2/Abcc9/Pparg/Cbfa2t3/Cpeb1/Cygb",22
"GO:0021924","cell proliferation in external granule layer","5/662","18/25730",0.277777777777778,10.796408190668,6.75640696221332,7.20358555381322e-05,0.00217953469360797,0.00157545493250533,"Egf/Igf1/Slc6a4/Fgf2/Gpr37l1",5
"GO:0021930","cerebellar granule cell precursor proliferation","5/662","18/25730",0.277777777777778,10.796408190668,6.75640696221332,7.20358555381322e-05,0.00217953469360797,0.00157545493250533,"Egf/Igf1/Slc6a4/Fgf2/Gpr37l1",5
"GO:1903587","regulation of blood vessel endothelial cell proliferation involved in sprouting angiogenesis","5/662","18/25730",0.277777777777778,10.796408190668,6.75640696221332,7.20358555381322e-05,0.00217953469360797,0.00157545493250533,"Jcad/Gata2/Mmrn2/Ppp1r16b/Dll4",5
"GO:0007264","small GTPase-mediated signal transduction","27/662","461/25730",0.0585683297180043,2.27637934085234,4.49383172999925,7.22471936503925e-05,0.00217953469360797,0.00157545493250533,"Arfgef3/Col1a2/Erbb3/Mcf2l/Pdgfrb/Rgl1/Igf1/Ednra/Sema4d/Pecam1/Stard8/Dhcr24/Lpar1/Rasgrf1/Micall2/Nrp1/Arhgap28/Rasgrp1/Rnd1/Rab39b/Dynlt1b/Ntn1/Cadm4/Dennd3/Rasip1/Ripor2/Rasgrf2",27
"GO:0048660","regulation of smooth muscle cell proliferation","16/662","202/25730",0.0792079207920792,3.07857976129939,4.81963987304726,7.37852600413057e-05,0.00221166587149452,0.00159868063422829,"Flt1/Rgs5/Pdgfrb/Igf1/Notch3/Il15/S1pr1/Ddr2/Pdgfd/Ppargc1a/Fgf2/Igfbp3/Npr3/Pparg/Mef2c/Pde1a",16
"GO:0050873","brown fat cell differentiation","9/662","70/25730",0.128571428571429,4.99719464825205,5.44197567810584,7.50791593512966e-05,0.00223228979150263,0.00161358842927264,"Fbn1/Scd1/Gata2/Selenbp1/Lama4/Plac8/Pparg/Fndc5/Adrb3",9
"GO:0031032","actomyosin structure organization","17/662","224/25730",0.0758928571428571,2.94973295209322,4.76275858325078,7.56373126554299e-05,0.00223228979150263,0.00161358842927264,"Myh14/Kank4/Pdgfrb/Iqgap2/Pdgfra/Limch1/Zeb2/Rhpn2/S1pr1/Lpar1/Ppm1e/Nrp1/Arhgap28/Myl9/Arhgef15/Mef2c/Tmod2",17
"GO:0031333","negative regulation of protein-containing complex assembly","14/662","161/25730",0.0869565217391304,3.37974517273086,4.92228919856541,7.5905491199512e-05,0.00223228979150263,0.00161358842927264,"Cldn7/Kank4/Prkcz/Xaf1/Cdh5/Sptb/Pecam1/Clu/Svip/Ifi207/Clip3/Ifi202b/Syt11/Tmod2",14
"GO:0051017","actin filament bundle assembly","15/662","182/25730",0.0824175824175824,3.20332990272567,4.84749504700514,7.85768549690646e-05,0.00229640858647091,0.00165993606122149,"Lcp1/Kank4/Dpysl3/Shroom1/Limch1/Zeb2/Rhpn2/S1pr1/Lpar1/Ppm1e/Nrp1/Arhgap28/Myl9/Arhgef15/Shank3",15
"GO:0061351","neural precursor cell proliferation","17/662","225/25730",0.0755555555555556,2.9366230278617,4.74137485244099,7.99058691417931e-05,0.0023189833207116,0.00167625398289248,"Egf/Igf1/Trf/Gata2/Hhip/Zeb2/Pde9a/Dixdc1/Slc6a4/Wnt2/Fgf2/Cntnap2/Gpr37l1/Shank3/Akna/Dll4/Hhex",17
"GO:0033002","muscle cell proliferation","20/662","293/25730",0.068259385665529,2.65304228576142,4.62450691933177,8.08371003584242e-05,0.0023189833207116,0.00167625398289248,"Spon2/Flt1/Erbb4/Rgs5/Pdgfrb/Igf1/Ednra/Notch3/Il15/S1pr1/Ddr2/Pdgfd/Ppargc1a/Wnt2/Fgf2/Igfbp3/Npr3/Pparg/Mef2c/Pde1a",20
"GO:0048738","cardiac muscle tissue development","20/662","293/25730",0.068259385665529,2.65304228576142,4.62450691933177,8.08371003584242e-05,0.0023189833207116,0.00167625398289248,"Pkp2/Erbb4/Erbb3/Pdgfrb/Igf1/Ednra/Pdgfra/S1pr1/Sorbs2/Abcb1a/Eng/Rgs4/Wnt2/Fgf2/Col14a1/Pi16/Aldh1a2/Mef2c/Dll4/Fdps",20
"GO:0070482","response to oxygen levels","26/662","439/25730",0.0592255125284738,2.30192211081213,4.47110498229652,8.15822497779655e-05,0.00232021255105863,0.00167714251979858,"Flt1/Dpp4/Kdr/Col1a1/Cldn3/Mt3/Ednra/Abat/Col6a1/Zeb2/Tek/Postn/Abcb1a/Slc6a4/Lpar1/Eng/Adora1/Ddr2/Aqp1/Fndc1/Arnt2/Abcc9/Pparg/Cbfa2t3/Cpeb1/Cygb",26
"GO:0050900","leukocyte migration","25/662","414/25730",0.0603864734299517,2.34704525884087,4.49019725360473,8.18723419428302e-05,0.00232021255105863,0.00167714251979858,"Fut9/Flt1/Ptprj/Mcoln2/Dpp4/Cd34/Ednra/Fam3d/Pecam1/Ednrb/S1pr1/Plvap/Slc37a4/Adora1/Jam2/Tnfrsf14/Pdgfd/Prex1/Emilin1/Dysf/Itga9/Ripor2/Crtam/Aoc3/Spns2",25
"GO:0001659","temperature homeostasis","16/662","204/25730",0.0784313725490196,3.04839760677685,4.77329819476825,8.29078559127953e-05,0.00233540442318211,0.00168812381316414,"Prlr/Esrrg/Scd1/Abat/Lama4/Il15/Adamts5/Ednrb/Cd36/Adora1/Ppargc1a/Plac8/Npr3/Pparg/Lepr/Adrb3",16
"GO:0001938","positive regulation of endothelial cell proliferation","11/662","105/25730",0.104761904761905,4.07178823190908,5.12548055178054,8.39504879442569e-05,0.00235061366243919,0.00169911766018915,"Egf/Jcad/Kdr/Igf1/Gata2/Wnt2/Fgf2/Flt4/Dysf/Ppp1r16b/Egfl7",11
"GO:0060428","lung epithelium development","8/662","56/25730",0.142857142857143,5.55243849805783,5.54206911544811,8.79749689981968e-05,0.00244863663711648,0.00176997259055896,"Agr2/Igf1/Spdef/Col6a1/Wnt2/Rcn3/Dhcr7/Pthlh",8
"GO:0045601","regulation of endothelial cell differentiation","7/662","42/25730",0.166666666666667,6.47784491440081,5.77364180265817,8.9124709136858e-05,0.00245145376425852,0.00177200892283871,"Zeb1/Ceacam1/Cdh5/Atoh8/Notch4/S1pr3/Apold1",7
"GO:0090049","regulation of cell migration involved in sprouting angiogenesis","7/662","42/25730",0.166666666666667,6.47784491440081,5.77364180265817,8.9124709136858e-05,0.00245145376425852,0.00177200892283871,"Jcad/Kdr/Gata2/Nrp1/Mmrn2/Fgf2/Dll4",7
"GO:0001558","regulation of cell growth","26/662","442/25730",0.0588235294117647,2.28629820508264,4.43277984054924,9.11029134439565e-05,0.00247672804223221,0.00179027818279403,"Ptprj/Ceacam1/Ceacam2/Mgll/Igf1/Mt3/Sema4d/Rnf157/Slc44a4/D7Ertd443e/Nrp1/Rgs4/Syt1/Cth/Flt4/Ntn1/Igfbp3/Col14a1/Slit3/Pi16/Pparg/Cgref1/Fdps/Sox17/Bst2/Prr5",26
"GO:0032102","negative regulation of response to external stimulus","26/662","442/25730",0.0588235294117647,2.28629820508264,4.43277984054924,9.11029134439565e-05,0.00247672804223221,0.00179027818279403,"Ceacam1/Dpp4/Ubash3b/Nt5e/Serping1/Igf1/Cdh5/Fgl2/Pdgfra/Ctla2a/Tfpi/Adora1/Nrp1/Fgf2/Nectin4/Enpp3/Cntnap2/Oas1g/Arg2/Ifi207/Irak3/Pparg/Ifi202b/Dhx58/Syt11/Oas1a",26
"GO:0061572","actin filament bundle organization","15/662","185/25730",0.0810810810810811,3.1513840124112,4.7723408338887,9.4500635543909e-05,0.0025542483919267,0.00184631299501973,"Lcp1/Kank4/Dpysl3/Shroom1/Limch1/Zeb2/Rhpn2/S1pr1/Lpar1/Ppm1e/Nrp1/Arhgap28/Myl9/Arhgef15/Shank3",15
"GO:0021534","cell proliferation in hindbrain","5/662","19/25730",0.263157894736842,10.2281761806329,6.53903706084326,9.56986453037881e-05,0.00257176359448571,0.0018589736846368,"Egf/Igf1/Slc6a4/Fgf2/Gpr37l1",5
"GO:0141162","negative regulation of cAMP/PKA signal transduction","6/662","30/25730",0.2,7.77341389728097,6.03229102041555,9.93926352171901e-05,0.00265577121300332,0.00191969775448059,"Pde3a/Pde9a/Pde2a/Lpar1/Pde8b/Pde1a",6
"GO:0006909","phagocytosis","18/662","252/25730",0.0714285714285714,2.77621924902892,4.60463045059921,0.000102409353954318,0.00271284340157283,0.00196095181721903,"Spon2/C1rb/Ptprj/C1s2/Gata2/C1ra/Irf8/Pecam1/Il15/Cd36/C1s1/Scarb1/Mertk/Dysf/Pear1/Pparg/Lepr/Syt11",18
"GO:0048145","regulation of fibroblast proliferation","12/662","126/25730",0.0952380952380952,3.70162566537189,4.94011594434709,0.000102688896937209,0.00271284340157283,0.00196095181721903,"Egf/Pdgfrb/Igf1/Nupr1/Pdgfra/Cd248/Ddr2/Rasgrf1/Aqp1/Pdgfd/Wnt2/Pparg",12
"GO:0050769","positive regulation of neurogenesis","21/662","324/25730",0.0648148148148148,2.51916191115587,4.47186852421645,0.000112680088702148,0.00295633261033195,0.00213695556521,"Ace/Flt1/Vim/Kdr/Igf1/Trf/Sema4d/Zeb2/Zfp365/Dixdc1/Plxnd1/Nrp1/Wnt2/Fgf2/Cux2/Mme/Chodl/Ntn1/Shank3/Pparg/Hap1",21
"GO:0045766","positive regulation of angiogenesis","15/662","188/25730",0.0797872340425532,3.10109596965996,4.69870272557077,0.000113170132003725,0.00295633261033195,0.00213695556521,"Flt1/Jcad/Kdr/Cd34/Cdh5/Gata2/Tek/Notch4/Cd36/Eng/Aqp1/Nrp1/Tie1/Fgf2/Emilin1",15
"GO:1901264","carbohydrate derivative transport","10/662","91/25730",0.10989010989011,4.27110653696756,5.0797863776724,0.000117243879798706,0.00304573545521528,0.00220157952066459,"Slc5a1/Slc15a2/Slc25a23/Abcb1a/Slc37a4/Slc37a1/Scarb1/Adora1/Slc28a3/Lrrc8b",10
"GO:0097237","cellular response to toxic substance","12/662","128/25730",0.09375,3.64378776435045,4.87276235921478,0.000119453281265493,0.00308598642650522,0.00223067453412909,"Prdx6/Mt3/Ednra/Prxl2a/Slc22a1/Abcb1a/Cd36/Glo1/Gstm7/Fbln5/Nqo1/Cygb",12
"GO:1905562","regulation of vascular endothelial cell proliferation","6/662","31/25730",0.193548387096774,7.5226586102719,5.90510995158196,0.00012058232985041,0.00309803832077207,0.00223938612579332,"Flt1/Igf1/Fgf2/Pparg/Aldh1a2/Mef2c",6
"GO:0007494","midgut development","4/662","11/25730",0.363636363636364,14.1334798132381,7.07994231857895,0.000124066775850802,0.00313587158853162,0.00226673352635519,"Ass1/Hmgcs2/Ednrb/Aldh1a2",4
"GO:0071670","smooth muscle cell chemotaxis","4/662","11/25730",0.363636363636364,14.1334798132381,7.07994231857895,0.000124066775850802,0.00313587158853162,0.00226673352635519,"Pdgfrb/Lpar1/Pdgfd/Nrp1",4
"GO:0072102","glomerulus morphogenesis","4/662","11/25730",0.363636363636364,14.1334798132381,7.07994231857895,0.000124066775850802,0.00313587158853162,0.00226673352635519,"Pdgfrb/Pdgfra/Notch3/Mef2c",4
"GO:0032965","regulation of collagen biosynthetic process","8/662","59/25730",0.135593220338983,5.27011111680066,5.33610533557846,0.000128354521412748,0.00322680506519359,0.00233246388373703,"Vim/Pdgfrb/Eng/Ddr2/Creb3l1/Emilin1/Pparg/Cygb",8
"GO:1904018","positive regulation of vasculature development","15/662","191/25730",0.0785340314136126,3.05238765600038,4.6265231402999,0.000134973066151974,0.00337504843490177,0.00243962012616937,"Flt1/Jcad/Kdr/Cd34/Cdh5/Gata2/Tek/Notch4/Cd36/Eng/Aqp1/Nrp1/Tie1/Fgf2/Emilin1",15
"GO:1901605","alpha-amino acid metabolic process","16/662","213/25730",0.0751173708920188,2.91959207409614,4.57156130620705,0.000137324913551353,0.00341559199875598,0.00246892663725304,"Prodh/Aass/Ass1/Kyat3/Adhfe1/Atp2b4/Asl/Asns/Asrgl1/Pycr1/Gnmt/Cdo1/Cth/Arg2/Slc7a7/Gfpt2",16
"GO:0010001","glial cell differentiation","20/662","305/25730",0.0655737704918033,2.54866029419048,4.42136335855542,0.000139266617852437,0.00344555928612697,0.00249058819228168,"Vim/Lamc3/Ptprj/Erbb3/Lama2/Daam2/Mal/Igf1/Col6a1/Zeb2/Hdac11/Zfp365/Clu/Lpar1/Fgf2/Cntnap2/Dner/Gpr37l1/B4galt6/Pparg",20
"GO:0003094","glomerular filtration","6/662","32/25730",0.1875,7.28757552870091,5.78347878664138,0.000145202053460864,0.00357349895780526,0.00258306810893537,"Cd34/Ednra/Rhpn2/Adora1/Aqp1/Adgrf5",6
"GO:0015837","amine transport","12/662","131/25730",0.0916030534351145,3.56034224302945,4.77422381183845,0.000148979296980205,0.0036472627888976,0.00263638755912615,"Slc18a1/Slc7a8/Abat/Adora1/Entpd1/Rgs4/Flvcr2/Cacna1a/Syt1/Arg2/Syt11/Kcnb1",12
"GO:0006066","alcohol metabolic process","23/662","380/25730",0.0605263157894737,2.35248052154556,4.31632801233137,0.000150483847810869,0.0036649087102272,0.00264914273750384,"H6pd/Apof/Akr1b1/Hmgcs2/Adh1/Ces2e/Ednrb/Dhcr24/Abca5/Scarb1/Idi1/Sptlc3/Gpr146/Sptssb/Dysf/Gdpd1/Gk/Dhcr7/Aldh1a2/Lepr/Naaa/Fdps/Aldh3b2",23
"GO:0050767","regulation of neurogenesis","27/662","483/25730",0.0559006211180124,2.17269332532698,4.2279878812107,0.000155569827458646,0.00376914255542295,0.00272448713373173,"Ace/Flt1/Vim/Kdr/Daam2/Igf1/Mt3/Trf/Sema4d/Gata2/Zeb2/Zfp365/Dixdc1/Plxnd1/Nrp1/Wnt2/Fgf2/Cux2/Mme/Chodl/Dynlt1b/Ntn1/Gpr37l1/Shank3/Pparg/Hap1/Dll4",27
"GO:0042445","hormone metabolic process","19/662","284/25730",0.0669014084507042,2.60026169099187,4.40677647645286,0.000156780002288504,0.00377090869092747,0.00272576376718025,"Ace/H6pd/Slc16a10/Bmpr1b/Akr1b1/Adh1/Igf1/Hid1/Ces2e/Pdgfra/Ednrb/Sult1a1/Cyp26b1/Scarb1/Ppargc1a/Cacna1a/Mme/Aldh1a2/Pde8b",19
"GO:0030177","positive regulation of Wnt signaling pathway","13/662","152/25730",0.0855263157894737,3.32415725870568,4.67019073459055,0.000160257348297666,0.00377090869092747,0.00272576376718025,"Egf/Col1a1/Daam2/Atp6v1c2/Nkd1/Adgra2/Zeb2/Dixdc1/Plekha4/Ankrd6/Fgf2/Rspo3/Hhex",13
"GO:0097009","energy homeostasis","13/662","152/25730",0.0855263157894737,3.32415725870568,4.67019073459055,0.000160257348297666,0.00377090869092747,0.00272576376718025,"Clic5/Ceacam2/Acvr1c/Col6a1/Cd36/Ppargc1a/Mrap2/Cntnap2/Pparg/Lepr/Mlxipl/Bmp8b/Adrb3",13
"GO:0019430","removal of superoxide radicals","5/662","21/25730",0.238095238095238,9.25406416342972,6.14915585900834,0.000160481357890198,0.00377090869092747,0.00272576376718025,"Mt3/Cd36/Fbln5/Nqo1/Cygb",5
"GO:0043116","negative regulation of vascular permeability","5/662","21/25730",0.238095238095238,9.25406416342972,6.14915585900834,0.000160481357890198,0.00377090869092747,0.00272576376718025,"Pde3a/Ptprj/Ceacam1/Pde2a/Sh3gl2",5
"GO:1900424","regulation of defense response to bacterium","5/662","21/25730",0.238095238095238,9.25406416342972,6.14915585900834,0.000160481357890198,0.00377090869092747,0.00272576376718025,"Unc13b/Mmrn2/Emilin1/Arg2/Syt11",5
"GO:0001937","negative regulation of endothelial cell proliferation","7/662","46/25730",0.152173913043478,5.914554052279,5.42141067252216,0.0001617731947275,0.00378225729272895,0.00273396699089475,"Flt1/Atoh8/Eng/Mmrn2/Pparg/Mef2c/Dll4",7
"GO:0002042","cell migration involved in sprouting angiogenesis","8/662","61/25730",0.131147540983607,5.09732058838096,5.20644150826991,0.000162948803682187,0.00379078908466621,0.00274013411167061,"Jcad/Kdr/Cdh5/Gata2/Nrp1/Mmrn2/Fgf2/Dll4",8
"GO:0060326","cell chemotaxis","21/662","333/25730",0.0630630630630631,2.4510764540976,4.33113586554584,0.000164650561591527,0.00381141597030684,0.00275504405039288,"Agr2/Flt1/Ptprj/Dpp4/Kdr/Pdgfrb/Ednra/Pdgfra/Ednrb/S1pr1/Lox/Slc37a4/Lpar1/Eng/Pdgfd/Nrp1/Prex1/Fgf2/Dysf/Itga9/Ripor2",21
"GO:0101023","vascular endothelial cell proliferation","6/662","33/25730",0.181818181818182,7.06673990661906,5.66698077257357,0.00017363612643512,0.00399759450055034,0.00288962134556461,"Flt1/Igf1/Fgf2/Pparg/Aldh1a2/Mef2c",6
"GO:0009636","response to toxic substance","17/662","240/25730",0.0708333333333333,2.75308408862034,4.43408543059714,0.000174688912061492,0.00399759450055034,0.00288962134556461,"Prdx6/Ass1/Mt3/Nupr1/Ednra/Col6a1/Prxl2a/Slc22a1/Abcb1a/Cd36/Slc6a4/Glo1/Gstm7/Arnt2/Fbln5/Nqo1/Cygb",17
"GO:0035904","aorta development","9/662","78/25730",0.115384615384615,4.48466186381594,5.00873359922619,0.00017547900626918,0.00399759450055034,0.00288962134556461,"Pdgfrb/Ednra/Fam3d/Notch4/Lox/Pde2a/Eng/Plxnd1/Dll4",9
"GO:0090288","negative regulation of cellular response to growth factor stimulus","11/662","114/25730",0.0964912280701754,3.75033126623205,4.7825814997836,0.000176113016919027,0.00399759450055034,0.00288962134556461,"Fbn1/Cd59a/Atp2b4/Adgra2/Mmrn2/Creb3l1/Emilin1/Cadm4/Chrdl1/Pparg/Hhex",11
"GO:0006520","amino acid metabolic process","19/662","287/25730",0.0662020905923345,2.57308125519753,4.35500392379893,0.000179447130262036,0.0040151163231231,0.00290228682039266,"Slc38a1/Prodh/Aass/Ass1/Kyat3/Adhfe1/Atp2b4/Abat/Asl/Asns/Asrgl1/Pycr1/Gnmt/Cdo1/Upb1/Cth/Arg2/Slc7a7/Gfpt2",19
"GO:0045444","fat cell differentiation","19/662","287/25730",0.0662020905923345,2.57308125519753,4.35500392379893,0.000179447130262036,0.0040151163231231,0.00290228682039266,"Retreg1/Fbn1/Crebl2/Scd1/Igf1/Gata2/Selenbp1/Pdgfra/Lama4/Lpl/Plac8/Adgrf5/Cntnap2/Dysf/Ptprq/Clip3/Pparg/Fndc5/Adrb3",19
"GO:0031214","biomineral tissue development","15/662","196/25730",0.076530612244898,2.97452062395955,4.50931826014511,0.000179460930610079,0.0040151163231231,0.00290228682039266,"Bglap3/Bmpr1b/Col1a2/Col1a1/Igf1/Col6a1/Gpnmb/Mgp/S1pr1/Lox/Aspn/Ddr2/Osr2/Mef2c/Pthlh",15
"GO:0001974","blood vessel remodeling","8/662","62/25730",0.129032258064516,5.01510574018127,5.14372121034608,0.000182924957739735,0.00406142264623388,0.00293575888457454,"Ceacam1/Igf1/Ednra/Flt4/Npr3/Rspo3/Mef2c/Dll4",8
"GO:0007411","axon guidance","18/662","264/25730",0.0681818181818182,2.65002746498215,4.37918582633648,0.000183267788356576,0.00406142264623388,0.00293575888457454,"Lamc3/Ptprj/Cyfip2/Bmpr1b/Lama2/Alcam/Ednra/Sema4d/Notch3/Nrp1/Etv4/Kif5c/Gdf7/Ntn1/Unc5c/Slit3/Hmcn2/Mef2c",18
"GO:0097485","neuron projection guidance","18/662","265/25730",0.0679245283018868,2.64002736134071,4.36096695203937,0.000192022380355379,0.0042353615591592,0.00306148889434519,"Lamc3/Ptprj/Cyfip2/Bmpr1b/Lama2/Alcam/Ednra/Sema4d/Notch3/Nrp1/Etv4/Kif5c/Gdf7/Ntn1/Unc5c/Slit3/Hmcn2/Mef2c",18
"GO:0007584","response to nutrient","14/662","176/25730",0.0795454545454545,3.09169870914584,4.52487537473183,0.000195593991671211,0.00429388500025625,0.00310379198051029,"Bglap3/Ass1/Hmgcs2/Col1a1/Scd1/Postn/Abcb1a/Slc6a4/Slc37a4/Cyp26b1/Lpl/Abcg5/Aldh1a2/Mlxipl",14
"GO:0043254","regulation of protein-containing complex assembly","26/662","464/25730",0.0560344827586207,2.17789613501406,4.16081442408229,0.000197159687681529,0.0043080313065366,0.00311401749702602,"Unc13b/Lcp1/Cldn7/Cyfip2/Kank4/Daam2/Prkcz/Camsap3/Xaf1/Cdh5/Sptb/Pecam1/Cd36/Clu/Slain1/Svip/Prex1/Arhgap28/Ifi207/Clip3/Tppp3/Ifi202b/Rasip1/Syt11/Bik/Tmod2",26
"GO:0006525","arginine metabolic process","5/662","22/25730",0.227272727272727,8.83342488327383,5.97323337750006,0.000203304808495808,0.00440117261354813,0.00318134376257329,"Ass1/Atp2b4/Asl/Arg2/Slc7a7",5
"GO:0048791","calcium ion-regulated exocytosis of neurotransmitter","5/662","22/25730",0.227272727272727,8.83342488327383,5.97323337750006,0.000203304808495808,0.00440117261354813,0.00318134376257329,"Unc13b/Syt10/Doc2b/Cacna1a/Syt1",5
"GO:0006112","energy reserve metabolic process","11/662","116/25730",0.0948275862068965,3.68567038233149,4.7111139297166,0.000205437533368202,0.0044065408533473,0.00318522414121341,"Igf1/Mt3/Col6a1/Cd36/Slc37a4/Mrap2/Gnmt/Adgrf5/Lepr/Pygl/Phkg1",11
"GO:0010595","positive regulation of endothelial cell migration","11/662","116/25730",0.0948275862068965,3.68567038233149,4.7111139297166,0.000205437533368202,0.0044065408533473,0.00318522414121341,"Egf/Jcad/Kdr/Igf1/Gata2/Adgra2/Tek/Atoh8/Nrp1/Fgf2/Flt4",11
"GO:0106106","cold-induced thermogenesis","13/662","156/25730",0.0833333333333333,3.2389224572004,4.55808716956518,0.000207494882637357,0.0044303473571337,0.00320243243522495,"Prlr/Esrrg/Scd1/Lama4/Il15/Adamts5/Cd36/Ppargc1a/Plac8/Npr3/Pparg/Lepr/Adrb3",13
"GO:0001932","regulation of protein phosphorylation","15/662","199/25730",0.0753768844221105,2.92967860450288,4.44076930221008,0.00021184143928062,0.00450259350034626,0.00325465483985679,"Fbn1/Ptprj/Ceacam1/Erbb4/Kdr/Pdgfrb/Crebl2/Mt3/Sema4d/Limch1/Il15/Ddr2/Fgf2/Cadm4/Clip3",15
"GO:0035456","response to interferon-beta","9/662","80/25730",0.1125,4.37254531722054,4.90952762428974,0.000213225172537122,0.00451149731576281,0.00326109087409715,"Xaf1/Aim2/Ifi203/Gpr146/Oas1g/Ifi207/Ifi202b/Oas1a/Bst2",9
"GO:0001649","osteoblast differentiation","17/662","245/25730",0.0693877551020408,2.69689869905666,4.33687839811051,0.000223083999337641,0.00466978818588748,0.00337550985207436,"Bglap3/Bmpr1b/Ptprb/Col1a1/Igf1/Gpnmb/Sema4d/Rorb/Lox/Ddr2/Creb3l1/Fgf2/Smad9/Igfbp3/Pparg/Mef2c/Pthlh",17
"GO:0060560","developmental growth involved in morphogenesis","19/662","292/25730",0.0650684931506849,2.52902164466333,4.2701603407129,0.000223650029702517,0.00466978818588748,0.00337550985207436,"Cyfip2/Alcam/Mgll/Prkcz/Mt3/Ednra/Nkd1/Sema4d/Rnf157/Zeb2/Postn/S1pr1/Nrp1/Sh3gl2/Syt1/Ntn1/Slit3/Pthlh/Nrn1",19
"GO:0042552","myelination","15/662","200/25730",0.075,2.91503021148036,4.41820461947759,0.000223702428066466,0.00466978818588748,0.00337550985207436,"Erbb3/Mal/Igf1/Col6a1/Trf/Mal2/Clu/Lpar1/Xk/Hexa/Jam2/Cmtm8/Cntnap2/B4galt6/Pllp",15
"GO:0070527","platelet aggregation","8/662","64/25730",0.125,4.8583836858006,5.02223360659684,0.000228928644206826,0.00473676504567094,0.003423923407692,"Ceacam1/Ubash3b/Pdia6/Pdgfra/Slc6a4/Entpd1/Emilin1/Pear1",8
"GO:0016053","organic acid biosynthetic process","22/662","366/25730",0.0601092896174863,2.33627193634127,4.18414882369072,0.000228936890573489,0.00473676504567094,0.003423923407692,"Slc38a1/Ceacam1/Ceacam2/Aass/Ass1/Akr1b1/Mgll/Scd1/Atp2b4/Abat/Asl/Asns/Fmo3/Gstm1/Lpl/Pycr1/Gstm7/Cdo1/Upb1/Cth/Aldh1a2/Mlxipl",22
"GO:0000302","response to reactive oxygen species","16/662","223/25730",0.0717488789237668,2.78866866270169,4.35946548798644,0.000232134373981759,0.00478176358034673,0.00345645015003677,"Prdx6/Pdgfrb/Col1a1/Mt3/Ednra/Col6a1/Pdgfra/Cd36/Ddr2/Aqp1/Pdgfd/Gpr37l1/Abcc9/Fbln5/Nqo1/Cygb",16
"GO:0051962","positive regulation of nervous system development","23/662","392/25730",0.0586734693877551,2.28046581170232,4.15150399459432,0.000235959543692087,0.00483924046624649,0.00349799674420726,"Ace/Flt1/Vim/Kdr/Adgre5/Igf1/Trf/Sema4d/Adgrl4/Zeb2/Zfp365/Dixdc1/Plxnd1/Nrp1/Wnt2/Fgf2/Cux2/Mme/Chodl/Ntn1/Shank3/Pparg/Hap1",23
"GO:0045165","cell fate commitment","20/662","318/25730",0.0628930817610063,2.44446977901917,4.21194994996531,0.000241954548349101,0.00492134104256135,0.00355734232759995,"Erbb4/Kdr/Elf5/Spdef/Ednra/Gata2/Notch3/Cyp26b1/Flvcr2/Wnt2/Fgf2/Gdf7/Epop/Tfap4/Chrdl1/Pparg/Mef2c/Dll4/Sox17/Prrx1",20
"GO:1903670","regulation of sprouting angiogenesis","7/662","49/25730",0.142857142857143,5.55243849805783,5.18342438041253,0.000242893485686613,0.00492134104256135,0.00355734232759995,"Flt1/Ceacam1/Jcad/Creb3l1/Fgf2/Tspan18/Ppp1r16b",7
"GO:0097205","renal filtration","6/662","35/25730",0.171428571428571,6.6629261976694,5.44792622828794,0.000243601248539294,0.00492134104256135,0.00355734232759995,"Cd34/Ednra/Rhpn2/Adora1/Aqp1/Adgrf5",6
"GO:0007179","transforming growth factor beta receptor signaling pathway","16/662","224/25730",0.0714285714285714,2.77621924902892,4.33890367650884,0.000244172609468399,0.00492134104256135,0.00355734232759995,"Fbn1/Zeb1/Bmpr1b/Col1a2/Acvr1c/Cdh5/Cilp/Zeb2/Lox/Aspn/Eng/Emilin1/Lrrc32/Smad9/Pparg/Bmp8b",16
"GO:0007620","copulation","5/662","23/25730",0.217391304347826,8.44936293182714,5.80815179400317,0.000254306973288143,0.00497547869077555,0.00359647518708754,"Tgm4/Abat/P2ry2/Ednrb/Serpina5",5
"GO:0008228","opsonization","5/662","23/25730",0.217391304347826,8.44936293182714,5.80815179400317,0.000254306973288143,0.00497547869077555,0.00359647518708754,"Spon2/C1rb/C1s2/C1ra/C1s1",5
"GO:0046068","cGMP metabolic process","5/662","23/25730",0.217391304347826,8.44936293182714,5.80815179400317,0.000254306973288143,0.00497547869077555,0.00359647518708754,"Pde9a/Pde2a/Gucy2g/Npr3/Pde1a",5
"GO:0071450","cellular response to oxygen radical","5/662","23/25730",0.217391304347826,8.44936293182714,5.80815179400317,0.000254306973288143,0.00497547869077555,0.00359647518708754,"Mt3/Cd36/Fbln5/Nqo1/Cygb",5
"GO:0071451","cellular response to superoxide","5/662","23/25730",0.217391304347826,8.44936293182714,5.80815179400317,0.000254306973288143,0.00497547869077555,0.00359647518708754,"Mt3/Cd36/Fbln5/Nqo1/Cygb",5
"GO:0090050","positive regulation of cell migration involved in sprouting angiogenesis","5/662","23/25730",0.217391304347826,8.44936293182714,5.80815179400317,0.000254306973288143,0.00497547869077555,0.00359647518708754,"Jcad/Kdr/Gata2/Nrp1/Fgf2",5
"GO:0150104","transport across blood-brain barrier","5/662","23/25730",0.217391304347826,8.44936293182714,5.80815179400317,0.000254306973288143,0.00497547869077555,0.00359647518708754,"Slc5a1/Slc22a1/Abcb1a/Cd36/Flvcr2",5
"GO:0051048","negative regulation of secretion","16/662","226/25730",0.0707964601769911,2.75165093709061,4.29811707246038,0.000269880477384903,0.00523635316287057,0.00378504569942313,"Egf/Fbn1/Ceacam1/Erbb3/Acvr1c/Abat/Fam3d/Rab11fip1/Adora1/Entpd1/Syt1/Igfbp3/Pparg/Syt11/Kcnb1/Pde8b",16
"GO:0051897","positive regulation of phosphatidylinositol 3-kinase/protein kinase B signal transduction","16/662","226/25730",0.0707964601769911,2.75165093709061,4.29811707246038,0.000269880477384903,0.00523635316287057,0.00378504569942313,"Egf/Flt1/Ptprj/Erbb4/Kdr/Pdgfrb/Igf1/Sema4d/Tek/Pecam1/Eng/Ddr2/Pdgfd/Mertk/Fgf2/Prr5",16
"GO:0030038","contractile actin filament bundle assembly","11/662","120/25730",0.0916666666666667,3.56281470292044,4.57281514901639,0.000276612016558711,0.00528807498005868,0.00382243229952916,"Kank4/Limch1/Zeb2/Rhpn2/S1pr1/Lpar1/Ppm1e/Nrp1/Arhgap28/Myl9/Arhgef15",11
"GO:0043149","stress fiber assembly","11/662","120/25730",0.0916666666666667,3.56281470292044,4.57281514901639,0.000276612016558711,0.00528807498005868,0.00382243229952916,"Kank4/Limch1/Zeb2/Rhpn2/S1pr1/Lpar1/Ppm1e/Nrp1/Arhgap28/Myl9/Arhgef15",11
"GO:0007272","ensheathment of neurons","15/662","204/25730",0.0735294117647059,2.8578727563533,4.32932583238289,0.000277069796859362,0.00528807498005868,0.00382243229952916,"Erbb3/Mal/Igf1/Col6a1/Trf/Mal2/Clu/Lpar1/Xk/Hexa/Jam2/Cmtm8/Cntnap2/B4galt6/Pllp",15
"GO:0008366","axon ensheathment","15/662","204/25730",0.0735294117647059,2.8578727563533,4.32932583238289,0.000277069796859362,0.00528807498005868,0.00382243229952916,"Erbb3/Mal/Igf1/Col6a1/Trf/Mal2/Clu/Lpar1/Xk/Hexa/Jam2/Cmtm8/Cntnap2/B4galt6/Pllp",15
"GO:0001656","metanephros development","10/662","101/25730",0.099009900990099,3.84822470162424,4.66068455693212,0.000278682114148609,0.00529722587706869,0.00382904693423699,"Fbn1/Slc5a1/Akr1b1/Pdgfrb/Cd34/Pdgfra/Slc22a1/Aqp1/Osr2/Sox17",10
"GO:0006956","complement activation","8/662","66/25730",0.121212121212121,4.71115993774604,4.90568966248086,0.000284004293870556,0.00537115009062776,0.00388248231529551,"C1rb/Cd59a/C1s2/Serping1/C1ra/C1s1/Clu/C7",8
"GO:0060479","lung cell differentiation","6/662","36/25730",0.166666666666667,6.47784491440081,5.34472947639907,0.000286017188316149,0.00537115009062776,0.00388248231529551,"Agr2/Igf1/Spdef/Col6a1/Dhcr7/Pthlh",6
"GO:0060487","lung epithelial cell differentiation","6/662","36/25730",0.166666666666667,6.47784491440081,5.34472947639907,0.000286017188316149,0.00537115009062776,0.00388248231529551,"Agr2/Igf1/Spdef/Col6a1/Dhcr7/Pthlh",6
"GO:1902903","regulation of supramolecular fiber organization","23/662","399/25730",0.0576441102756892,2.2404576395672,4.05810073776384,0.000303535353193637,0.0056773252461338,0.00410379797517798,"Cyfip2/Kank4/Daam2/Camsap3/Cdh5/Sptb/Limch1/Rhpn2/Pecam1/S1pr1/Clu/Lpar1/Slain1/Ppm1e/Nrp1/Prex1/Arhgap28/Rgs4/Arhgef15/Clip3/Shank3/Mef2c/Tmod2",23
"GO:0002043","blood vessel endothelial cell proliferation involved in sprouting angiogenesis","5/662","24/25730",0.208333333333333,8.09730614300101,5.65278559541536,0.00031446854559203,0.00583513856820766,0.0042178717623058,"Jcad/Gata2/Mmrn2/Ppp1r16b/Dll4",5
"GO:0010232","vascular transport","5/662","24/25730",0.208333333333333,8.09730614300101,5.65278559541536,0.00031446854559203,0.00583513856820766,0.0042178717623058,"Slc5a1/Slc22a1/Abcb1a/Cd36/Flvcr2",5
"GO:0048844","artery morphogenesis","9/662","85/25730",0.105882352941176,4.11533676914875,4.67513027565648,0.000337933714128714,0.00624576303267141,0.00451468756424922,"Pdgfrb/Ednra/Notch3/Notch4/Eng/Nrp1/Adgrf5/Dll4/Prrx1",9
"GO:0009214","cyclic nucleotide catabolic process","4/662","14/25730",0.285714285714286,11.1048769961157,6.14573664131417,0.000353855025275945,0.00648872979682477,0.0046903136683635,"Pde9a/Pde2a/Pde8b/Pde1a",4
"GO:2000489","regulation of hepatic stellate cell activation","4/662","14/25730",0.285714285714286,11.1048769961157,6.14573664131417,0.000353855025275945,0.00648872979682477,0.0046903136683635,"Pdgfrb/Ddr2/Acta2/Cygb",4
"GO:0014074","response to purine-containing compound","13/662","165/25730",0.0787878787878788,3.06225395953493,4.31858850945685,0.000359029356014363,0.00654857281083345,0.0047335705946572,"Pde3a/Ass1/Hmgcs2/Nt5e/Col1a1/Pde2a/Slc6a4/Adora1/Aqp1/P2rx6/Gstm7/Cdo1/Abcc9",13
"GO:0046683","response to organophosphorus","12/662","144/25730",0.0833333333333333,3.2389224572004,4.37824142696121,0.000359919420954704,0.00654857281083345,0.0047335705946572,"Pde3a/Ass1/Hmgcs2/Nt5e/Col1a1/Pde2a/Slc6a4/Lpar1/Aqp1/P2rx6/Cdo1/Abcc9",12
"GO:0055017","cardiac muscle tissue growth","11/662","124/25730",0.0887096774193548,3.44788519637462,4.44029294304761,0.000367535653009658,0.0066612275716014,0.00481500196578544,"Erbb4/Igf1/S1pr1/Sorbs2/Rgs4/Wnt2/Fgf2/Col14a1/Pi16/Mef2c/Fdps",11
"GO:0051149","positive regulation of muscle cell differentiation","9/662","86/25730",0.104651162790698,4.06748401601911,4.63040795014101,0.00036896364345761,0.00666128956296443,0.00481504677562441,"Nid1/Lama2/Igf1/Notch4/Cyp26b1/Eng/Cth/Mef2c/Fdps",9
"GO:0050777","negative regulation of immune response","16/662","233/25730",0.0686695278969957,2.66898331237115,4.15878068290008,0.000379181701007647,0.00681943705350676,0.00492936211309941,"Ceacam1/Cd59a/Serping1/Fgl2/Clu/Tnfrsf14/Nectin4/Enpp3/Oas1g/Arg2/Ifi207/Irak3/Pparg/Ifi202b/Dhx58/Oas1a",16
"GO:0071496","cellular response to external stimulus","10/662","105/25730",0.0952380952380952,3.70162566537189,4.50783998135475,0.00038184553580042,0.00684103343066194,0.00494497283910123,"Col1a1/Ednra/Tek/Pecam1/Abcb1a/Pde2a/Aqp1/Fgf2/Atp1a2/Ripor2",10
"GO:0098742","cell-cell adhesion via plasma-membrane adhesion molecules","18/662","281/25730",0.0640569395017794,2.48970551870209,4.08036328292883,0.0003909840744444,0.00697802111489319,0.00504399302145829,"Epcam/Cldn7/Ceacam1/Ceacam2/Cldn8/Alcam/Cldn3/Cdh5/Sparcl1/Ptprt/Pecam1/Elfn1/Cldn23/Nectin4/Cadm4/Hmcn2/Crtam/Igsf9b",18
"GO:0055002","striated muscle cell development","15/662","211/25730",0.0710900473933649,2.76306181182973,4.17885734302309,0.000397043693663234,0.00703801113622368,0.00508735621052952,"Pdgfrb/Igf1/Col6a1/Pdgfra/Sorbs2/Xk/Rgs4/Cntnap2/Myl9/Dner/Col14a1/Pi16/Mef2c/Fdps/Tmod2",15
"GO:0048771","tissue remodeling","16/662","234/25730",0.0683760683760684,2.65757740077982,4.13929449263516,0.000397549781758443,0.00703801113622368,0.00508735621052952,"Ceacam1/Ubash3b/Igf1/Ednra/Col6a1/Gpnmb/S1pr1/Ddr2/Tie1/Flt4/Npr3/Rspo3/Pparg/Lepr/Mef2c/Dll4",16
"GO:0017158","regulation of calcium ion-dependent exocytosis","7/662","53/25730",0.132075471698113,5.13338653594026,4.89499688660828,0.000398860767985303,0.00703801113622368,0.00508735621052952,"Unc13b/Syt10/Doc2b/Cacna1a/Syt1/Syt11/Kcnb1",7
"GO:0031348","negative regulation of defense response","19/662","306/25730",0.0620915032679739,2.41331477203167,4.04164604578456,0.00040180746892468,0.00706335234846543,0.00510567385325346,"Ceacam1/Nt5e/Serping1/Igf1/Cdh5/Fgl2/Ctla2a/Adora1/Nectin4/Enpp3/Oas1g/Arg2/Ifi207/Irak3/Pparg/Ifi202b/Dhx58/Syt11/Oas1a",19
"GO:0003300","cardiac muscle hypertrophy","11/662","126/25730",0.0873015873015873,3.39315685992423,4.37605864963824,0.000421671601684048,0.00738478055983,0.00533801503255462,"Igf1/Atp2b4/Pde9a/Sorbs2/Rgs4/Lmcd1/Col14a1/Pi16/Pparg/Mef2c/Fdps",11
"GO:0010611","regulation of cardiac muscle hypertrophy","9/662","88/25730",0.102272727272727,3.97504119747322,4.54296067453062,0.000438087557195154,0.00764364708001694,0.00552513411686426,"Igf1/Atp2b4/Pde9a/Rgs4/Lmcd1/Pi16/Pparg/Mef2c/Fdps",9
"GO:0048066","developmental pigmentation","7/662","54/25730",0.12962962962963,5.03832382231174,4.82741841181675,0.000448225393392911,0.00779145702418309,0.00563197706196297,"Mlph/Ednra/Zeb2/Ednrb/Gna14/Mef2c/Spns2",7
"GO:0022600","digestive system process","11/662","127/25730",0.0866141732283465,3.36643908937365,4.34442563889173,0.000451150875446171,0.00781326479106035,0.00564774058891873,"Slc5a1/Abcb1a/Cd36/Scarb1/Aqp1/Aqp5/Chrm1/Abcg5/Slc22a21/Slco1a5/Npr3",11
"GO:0000303","response to superoxide","5/662","26/25730",0.192307692307692,7.47443643969324,5.36746096385222,0.000466425235007243,0.00804798671178549,0.00581740699012724,"Mt3/Cd36/Fbln5/Nqo1/Cygb",5
"GO:0086100","endothelin receptor signaling pathway","4/662","15/25730",0.266666666666667,10.3645518630413,5.89549084920376,0.000472740710639849,0.0080971998642928,0.00585298022696956,"Plcb4/Ednra/Ednrb/Gna14",4
"GO:1902548","negative regulation of cellular response to vascular endothelial growth factor stimulus","4/662","15/25730",0.266666666666667,10.3645518630413,5.89549084920376,0.000472740710639849,0.0080971998642928,0.00585298022696956,"Atp2b4/Adgra2/Emilin1/Cadm4",4
"GO:0055021","regulation of cardiac muscle tissue growth","9/662","89/25730",0.101123595505618,3.93037781323195,4.50019928858614,0.0004764460692889,0.00812923067313992,0.00587613337793262,"Erbb4/Igf1/Rgs4/Wnt2/Fgf2/Col14a1/Pi16/Mef2c/Fdps",9
"GO:0051147","regulation of muscle cell differentiation","13/662","170/25730",0.0764705882352941,2.97218766660743,4.19249815038083,0.000478087774831796,0.00812923067313992,0.00587613337793262,"Zeb1/Nid1/Bhlha15/Lama2/Igf1/Notch4/Cyp26b1/Eng/Rgs4/Cth/Pi16/Mef2c/Fdps",13
"GO:0007266","Rho protein signal transduction","12/662","149/25730",0.0805369127516778,3.13023378413999,4.23781748564358,0.000490751081533875,0.00831431904801594,0.00600992266516122,"Col1a2/Mcf2l/Pdgfrb/Ednra/Sema4d/Pecam1/Stard8/Lpar1/Nrp1/Ntn1/Rasip1/Ripor2",12
"GO:0051489","regulation of filopodium assembly","7/662","55/25730",0.127272727272727,4.94671793463334,4.76148930306907,0.000502343882599338,0.00845626002712361,0.00611252328735625,"Daam2/Dpysl3/Nrp1/Ppp1r16b/Ripor2/Rab17/Dnm3",7
"GO:0062197","cellular response to chemical stress","21/662","362/25730",0.0580110497237569,2.25471950059255,3.90695513155496,0.000502745998190839,0.00845626002712361,0.00611252328735625,"Akr1b1/Pdgfrb/Mt3/Ednra/Pdgfra/Slc25a23/Abcb1a/Cd36/Ddr2/Aqp1/Aqp5/Pdgfd/Ppargc1a/Rcsd1/Pycr1/Dysf/Gpr37l1/Abcc9/Fbln5/Nqo1/Cygb",21
"GO:0009261","ribonucleotide catabolic process","13/662","171/25730",0.0760233918128655,2.95480645218282,4.16783478723637,0.000505530074764906,0.00847261157562975,0.00612434284123793,"Nt5e/Igf1/Nupr1/Col6a1/Pde9a/Pde2a/Entpd1/Ppargc1a/Upb1/Cbfa2t3/Mlxipl/Pde8b/Pde1a",13
"GO:0022617","extracellular matrix disassembly","6/662","40/25730",0.15,5.83006042296072,4.96799456936945,0.000516619848796801,0.00860714942392288,0.00622159218410165,"Lcp1/Dpp4/Adamts5/Eng/Ddr2/Adamts15",6
"GO:0030193","regulation of blood coagulation","8/662","72/25730",0.111111111111111,4.3185632762672,4.58232149453913,0.000517238876843954,0.00860714942392288,0.00622159218410165,"Ceacam1/Ubash3b/Serping1/Pdgfra/Tfpi/Cd36/Emilin1/Vwf",8
"GO:0006936","muscle contraction","20/662","338/25730",0.0591715976331361,2.29982659682869,3.9090922536875,0.000528833599160087,0.00876888620451265,0.00633850200411735,"Pkp2/Flt1/Myh14/Atp2b4/Ednra/Abat/Cacnb2/Ednrb/Ank2/Chrnb1/Adora1/Rcsd1/Gstm7/Irag1/Arg2/Abcc9/Atp1a2/Acta2/Tmod2/Adrb3",20
"GO:0014897","striated muscle hypertrophy","11/662","130/25730",0.0846153846153846,3.28875203346502,4.25139093173828,0.000550133534725291,0.00908983889885322,0.00657049946067662,"Igf1/Atp2b4/Pde9a/Sorbs2/Rgs4/Lmcd1/Col14a1/Pi16/Pparg/Mef2c/Fdps",11
"GO:0120161","regulation of cold-induced thermogenesis","12/662","151/25730",0.0794701986754967,3.08877373401893,4.18329696555928,0.000553269483100075,0.00910946515132378,0.00658468610168399,"Prlr/Esrrg/Scd1/Lama4/Il15/Adamts5/Cd36/Ppargc1a/Plac8/Npr3/Lepr/Adrb3",12
"GO:0009166","nucleotide catabolic process","14/662","195/25730",0.0717948717948718,2.79045627081881,4.07843643805155,0.000555625407455009,0.00911580405972955,0.00658926811845292,"Nt5e/Igf1/Nupr1/Col6a1/Pde9a/Pde2a/Entpd1/Ppargc1a/Upb1/Cbfa2t3/Mlxipl/Pde8b/Nudt16/Pde1a",14
"GO:0000305","response to oxygen radical","5/662","27/25730",0.185185185185185,7.19760546044534,5.23593811367896,0.000560405820040882,0.00911580405972955,0.00658926811845292,"Mt3/Cd36/Fbln5/Nqo1/Cygb",5
"GO:0072537","fibroblast activation","5/662","27/25730",0.185185185185185,7.19760546044534,5.23593811367896,0.000560405820040882,0.00911580405972955,0.00658926811845292,"Pdgfrb/Zeb2/Ddr2/Acta2/Cygb",5
"GO:0014743","regulation of muscle hypertrophy","9/662","91/25730",0.0989010989010989,3.84399588327081,4.41651514028284,0.000561452431394805,0.00911580405972955,0.00658926811845292,"Igf1/Atp2b4/Pde9a/Rgs4/Lmcd1/Pi16/Pparg/Mef2c/Fdps",9
"GO:0014911","positive regulation of smooth muscle cell migration","8/662","73/25730",0.10958904109589,4.25940487522245,4.53186964148497,0.000568016079234142,0.00919046085293719,0.00664323303740969,"Pdgfrb/Igf1/P2ry2/Postn/Lpar1/Ddr2/Pdgfd/Nrp1",8
"GO:0062012","regulation of small molecule metabolic process","23/662","418/25730",0.0550239234449761,2.13861865595051,3.81402741581458,0.000579637208225214,0.0093140726896238,0.0067325846216699,"H6pd/Ceacam1/Ceacam2/Igf1/Atp2b4/Nupr1/Cd36/Entpd1/Ppargc1a/Gnmt/Gpr146/Cacna1a/Igfbp3/Gk/Dhcr7/Slc7a7/Pparg/Lepr/Cbfa2t3/Mlxipl/Phkg1/Nqo1/Fdps",23
"GO:0051146","striated muscle cell differentiation","21/662","366/25730",0.0573770491803279,2.23007775741667,3.85163248719804,0.000579639681924834,0.0093140726896238,0.0067325846216699,"Bhlha15/Pdgfrb/Igf1/Col6a1/Pdgfra/Adamts5/Sorbs2/Abcb1a/Cyp26b1/Xk/Rgs4/Cntnap2/Myl9/Adamts15/Dner/Col14a1/Pi16/Ripor2/Mef2c/Fdps/Tmod2",21
"GO:0072523","purine-containing compound catabolic process","14/662","196/25730",0.0714285714285714,2.77621924902892,4.05644681371097,0.000584561136443082,0.0093609858698899,0.00676649534649869,"Vnn1/Nt5e/Igf1/Nupr1/Col6a1/Pde9a/Pde2a/Entpd1/Ppargc1a/Cbfa2t3/Mlxipl/Pde8b/Nudt16/Pde1a",14
"GO:0060079","excitatory postsynaptic potential","11/662","131/25730",0.083969465648855,3.26364705611033,4.22098167004919,0.00058690600651859,0.00936645899822843,0.00677045154277418,"Syne1/Erbb4/Prkcz/Chrnb1/Adora1/Rgs4/P2rx6/Cux2/Cntnap2/Shank3/Mef2c",11
"GO:0001709","cell fate determination","6/662","41/25730",0.146341463414634,5.68786382727876,4.88173186982287,0.000592164563892833,0.00941823639715267,0.00680787831958427,"Gata2/Cyp26b1/Chrdl1/Mef2c/Sox17/Prrx1",6
"GO:0050679","positive regulation of epithelial cell proliferation","16/662","243/25730",0.065843621399177,2.55914860815834,3.9683675883277,0.000600318146511867,0.00951555136640505,0.00687822147528851,"Egf/Erbb4/Tgm1/Erbb3/Jcad/Kdr/Igf1/Gata2/Osr2/Wnt2/Fgf2/Flt4/Dysf/Tincr/Ppp1r16b/Egfl7",16
"GO:0002024","diet induced thermogenesis","4/662","16/25730",0.25,9.71676737160121,5.66775713922674,0.000617545232230523,0.00963757665676366,0.0069664262403467,"Clic5/Pparg/Bmp8b/Adrb3",4
"GO:0072224","metanephric glomerulus development","4/662","16/25730",0.25,9.71676737160121,5.66775713922674,0.000617545232230523,0.00963757665676366,0.0069664262403467,"Pdgfrb/Cd34/Pdgfra/Aqp1",4
"GO:0170043","non-proteinogenic amino acid biosynthetic process","4/662","16/25730",0.25,9.71676737160121,5.66775713922674,0.000617545232230523,0.00963757665676366,0.0069664262403467,"Slc38a1/Atp2b4/Abat/Upb1",4
"GO:2000052","positive regulation of non-canonical Wnt signaling pathway","4/662","16/25730",0.25,9.71676737160121,5.66775713922674,0.000617545232230523,0.00963757665676366,0.0069664262403467,"Nkd1/Plekha4/Ankrd6/Rspo3",4
"GO:1900046","regulation of hemostasis","8/662","74/25730",0.108108108108108,4.2018453498816,4.48231468310854,0.000622747149477491,0.00963757665676366,0.0069664262403467,"Ceacam1/Ubash3b/Serping1/Pdgfra/Tfpi/Cd36/Emilin1/Vwf",8
"GO:0014896","muscle hypertrophy","11/662","132/25730",0.0833333333333333,3.2389224572004,4.19086437038911,0.000625705091531016,0.00963757665676366,0.0069664262403467,"Igf1/Atp2b4/Pde9a/Sorbs2/Rgs4/Lmcd1/Col14a1/Pi16/Pparg/Mef2c/Fdps",11
"GO:0010596","negative regulation of endothelial cell migration","7/662","57/25730",0.12280701754386,4.77314888429533,4.63429488500489,0.000626147034421133,0.00963757665676366,0.0069664262403467,"Atp2b4/Mmrn2/Fgf2/Robo4/Pparg/Mef2c/Dll4",7
"GO:0043457","regulation of cellular respiration","7/662","57/25730",0.12280701754386,4.77314888429533,4.63429488500489,0.000626147034421133,0.00963757665676366,0.0069664262403467,"Nupr1/Slc25a23/Pde2a/Oas1g/Cbfa2t3/Mlxipl/Oas1a",7
"GO:0009612","response to mechanical stimulus","17/662","268/25730",0.0634328358208955,2.46544843757046,3.91897314543875,0.000626566147060768,0.00963757665676366,0.0069664262403467,"Col1a1/Igf1/Ednra/Col6a1/Tek/Postn/Pecam1/Pde2a/Cd36/Ddr2/Aqp1/Fgf2/Cntnap2/Ptprq/Atp1a2/Shank3/Ripor2",17
"GO:0072073","kidney epithelium development","13/662","175/25730",0.0742857142857143,2.88726801899007,4.0709453047264,0.000629027052194212,0.00964370654445946,0.00697085716857848,"Epcam/Cd34/Ednra/Basp1/Pecam1/Slc22a1/Ednrb/Aqp1/Fgf2/Arg2/Smad9/Klhl3/Mef2c",13
"GO:0032526","response to retinoic acid","10/662","112/25730",0.0892857142857143,3.47027406128615,4.25757340144762,0.000638338779746029,0.00972271053450303,0.00702796441544488,"Col1a1/Adh1/Rorb/Tek/Slc6a4/Cyp26b1/Aqp1/Tie1/Aldh1a2/Mef2c",10
"GO:1990748","cellular detoxification","10/662","112/25730",0.0892857142857143,3.47027406128615,4.25757340144762,0.000638338779746029,0.00972271053450303,0.00702796441544488,"Prdx6/Mt3/Prxl2a/Slc22a1/Cd36/Glo1/Gstm7/Fbln5/Nqo1/Cygb",10
"GO:0022408","negative regulation of cell-cell adhesion","15/662","221/25730",0.0678733031674208,2.63803639047997,3.97423524862445,0.000644112343223927,0.00977879648349053,0.00706850558473011,"Epcam/Ceacam1/Ubash3b/Ass1/Gpnmb/Fgl2/Notch4/Tnfrsf14/Lrrc32/Arg2/Ildr2/Ripor2/Crtam/Akna/Laptm5",15
"GO:0070830","bicellular tight junction assembly","9/662","93/25730",0.0967741935483871,3.76132930513595,4.33517546117718,0.000658494353942415,0.00985221122535426,0.00712157269925094,"Pkp2/Cldn7/Cldn8/Cldn3/Cgn/Cdh5/Pecam1/Micall2/Cldn23",9
"GO:0006195","purine nucleotide catabolic process","13/662","176/25730",0.0738636363636364,2.87086308706399,4.04715185563582,0.000663595333094817,0.00985221122535426,0.00712157269925094,"Nt5e/Igf1/Nupr1/Col6a1/Pde9a/Pde2a/Entpd1/Ppargc1a/Cbfa2t3/Mlxipl/Pde8b/Nudt16/Pde1a",13
"GO:0007589","body fluid secretion","11/662","133/25730",0.0827067669172932,3.21456965677032,4.16103373247293,0.000666616824562878,0.00985221122535426,0.00712157269925094,"Agr2/Prlr/Erbb4/P2ry2/Abcb1a/Adora1/Aqp1/Aqp5/Chrm1/Cdo1/Npr3",11
"GO:0098754","detoxification","11/662","133/25730",0.0827067669172932,3.21456965677032,4.16103373247293,0.000666616824562878,0.00985221122535426,0.00712157269925094,"Prdx6/Mt3/Prxl2a/Slc22a1/Abcb1a/Cd36/Glo1/Gstm7/Fbln5/Nqo1/Cygb",11
"GO:0007263","nitric oxide mediated signal transduction","5/662","28/25730",0.178571428571429,6.94054812257229,5.11096232440272,0.000667910812326197,0.00985221122535426,0.00712157269925094,"Kdr/Atp2b4/Pde2a/Cd36/Scarb1",5
"GO:0030318","melanocyte differentiation","5/662","28/25730",0.178571428571429,6.94054812257229,5.11096232440272,0.000667910812326197,0.00985221122535426,0.00712157269925094,"Mlph/Zeb2/Ednrb/Gna14/Mef2c",5
"GO:0046885","regulation of hormone biosynthetic process","5/662","28/25730",0.178571428571429,6.94054812257229,5.11096232440272,0.000667910812326197,0.00985221122535426,0.00712157269925094,"H6pd/Igf1/Ppargc1a/Cacna1a/Pde8b",5
"GO:0072010","glomerular epithelium development","5/662","28/25730",0.178571428571429,6.94054812257229,5.11096232440272,0.000667910812326197,0.00985221122535426,0.00712157269925094,"Cd34/Ednra/Basp1/Pecam1/Ednrb",5
"GO:2000050","regulation of non-canonical Wnt signaling pathway","5/662","28/25730",0.178571428571429,6.94054812257229,5.11096232440272,0.000667910812326197,0.00985221122535426,0.00712157269925094,"Daam2/Nkd1/Plekha4/Ankrd6/Rspo3",5
"GO:0090596","sensory organ morphogenesis","20/662","345/25730",0.0579710144927536,2.25316344848724,3.80810827444135,0.000683013139988187,0.0100336719436948,0.0072527397711053,"Clic5/Fbn1/Flt1/Zeb1/Kdr/Ednra/Gata2/Rorb/Col5a2/Slc44a4/Cyp26b1/Col8a2/Aqp1/Aqp5/Osr2/Fgf2/Ntn1/Ptprq/Ripor2/Prrx1",20
"GO:0110020","regulation of actomyosin structure organization","10/662","113/25730",0.0884955752212389,3.43956367136326,4.22345479600716,0.00068450413816053,0.0100336719436948,0.0072527397711053,"Kank4/Limch1/Rhpn2/S1pr1/Lpar1/Ppm1e/Nrp1/Arhgap28/Arhgef15/Mef2c",10
"GO:0045926","negative regulation of growth","16/662","247/25730",0.0647773279352227,2.51770490600193,3.89485364190131,0.000715576205893991,0.0104563573086259,0.00755827367475528,"Ptprj/Mt3/Slc6a4/D7Ertd443e/Nrp1/Rgs4/Plac8/Cth/Ntn1/Slit3/Pi16/Pparg/Cgref1/Sox17/Bst2/Adrb3",16
"GO:0050818","regulation of coagulation","8/662","76/25730",0.105263157894737,4.09127047225314,4.38578019095231,0.000744971604423701,0.0108519851161534,0.0078442492926857,"Ceacam1/Ubash3b/Serping1/Pdgfra/Tfpi/Cd36/Emilin1/Vwf",8
"GO:0060419","heart growth","11/662","135/25730",0.0814814814814815,3.16694640259595,4.10221191848884,0.000755134323550137,0.0109658636550324,0.00792656525962566,"Erbb4/Igf1/S1pr1/Sorbs2/Rgs4/Wnt2/Fgf2/Col14a1/Pi16/Mef2c/Fdps",11
"GO:0034109","homotypic cell-cell adhesion","9/662","95/25730",0.0947368421052632,3.68214342502783,4.25606002688758,0.000768817798185849,0.0111300062672354,0.00804521411104697,"Pkp2/Ceacam1/Ubash3b/Pdia6/Pdgfra/Slc6a4/Entpd1/Emilin1/Pear1",9
"GO:0032941","secretion by tissue","7/662","59/25730",0.11864406779661,4.61134722720057,4.51288706091792,0.000772996157988434,0.0111559568973886,0.0080639722654349,"Agr2/P2ry2/Adora1/Aqp1/Aqp5/Chrm1/Npr3",7
"GO:0170033","L-amino acid metabolic process","13/662","179/25730",0.0726256983240224,2.82274806325845,3.9767639678521,0.000777053681166229,0.0111800092711793,0.00808135828412878,"Prodh/Aass/Ass1/Kyat3/Adhfe1/Atp2b4/Asl/Asns/Asrgl1/Pycr1/Gnmt/Cdo1/Gfpt2",13
"GO:0002832","negative regulation of response to biotic stimulus","12/662","157/25730",0.0764331210191083,2.97073142571247,4.02501065227208,0.00078234135840446,0.0112111443738998,0.00810386398284458,"Ceacam1/Serping1/Fgl2/Nectin4/Oas1g/Arg2/Ifi207/Irak3/Pparg/Ifi202b/Dhx58/Oas1a",12
"GO:0072567","chemokine (C-X-C motif) ligand 2 production","5/662","29/25730",0.172413793103448,6.70121887696635,4.99197392007402,0.000790127226888618,0.0112111443738998,0.00810386398284458,"Mcoln2/Postn/Lpl/Oas1g/Oas1a",5
"GO:2000341","regulation of chemokine (C-X-C motif) ligand 2 production","5/662","29/25730",0.172413793103448,6.70121887696635,4.99197392007402,0.000790127226888618,0.0112111443738998,0.00810386398284458,"Mcoln2/Postn/Lpl/Oas1g/Oas1a",5
"GO:0036498","IRE1-mediated unfolded protein response","4/662","17/25730",0.235294117647059,9.14519282033055,5.4592132690963,0.000791205655129796,0.0112111443738998,0.00810386398284458,"Agr2/Dnajc10/Pdia6/Parp16",4
"GO:0060644","mammary gland epithelial cell differentiation","4/662","17/25730",0.235294117647059,9.14519282033055,5.4592132690963,0.000791205655129796,0.0112111443738998,0.00810386398284458,"Prlr/Erbb4/Elf5/Fgf2",4
"GO:0046847","filopodium assembly","8/662","77/25730",0.103896103896104,4.03813708949661,4.33874627466633,0.000812933235478707,0.0114842169459167,0.00830125177014511,"Spata13/Daam2/Dpysl3/Nrp1/Ppp1r16b/Ripor2/Rab17/Dnm3",8
"GO:0030879","mammary gland development","13/662","180/25730",0.0722222222222222,2.80706612957368,3.95362479167174,0.000818319680167204,0.011525490435126,0.00833108590049743,"Egf/Prlr/Erbb4/Elf5/Igf1/Notch4/Abcb1a/Etv4/Wnt2/Cdo1/Fgf2/Ntn1/Pthlh",13
"GO:0060420","regulation of heart growth","9/662","96/25730",0.09375,3.64378776435045,4.21730120538673,0.000829370216189016,0.0116460514441437,0.00841823222438101,"Erbb4/Igf1/Rgs4/Wnt2/Fgf2/Col14a1/Pi16/Mef2c/Fdps",9
"GO:0048469","cell maturation","16/662","251/25730",0.0637450199203187,2.47758211865529,3.82276765976564,0.000849200421439286,0.01188880590015,0.00859370486366703,"Pde3a/Bhlha15/Kdr/Akr1b1/Ednra/Catsperd/Gata2/Rec8/Il15/Ednrb/Cntnap2/Septin4/Rnd1/B4galt6/Pparg/Kcnb1",16
"GO:1903531","negative regulation of secretion by cell","14/662","204/25730",0.0686274509803922,2.66734790592974,3.88535346999753,0.0008655876975428,0.0120820539513735,0.00873339229162586,"Fbn1/Ceacam1/Acvr1c/Abat/Fam3d/Rab11fip1/Adora1/Entpd1/Syt1/Igfbp3/Pparg/Syt11/Kcnb1/Pde8b",14
"GO:0055078","sodium ion homeostasis","6/662","44/25730",0.136363636363636,5.3000549299643,4.63908903494886,0.000871005721867373,0.0121214962959876,0.00876190279735632,"Scnn1a/Atp12a/Ednra/Ednrb/Atp1a2/Atp1b2",6
"GO:0042130","negative regulation of T cell proliferation","8/662","78/25730",0.102564102564103,3.98636610116973,4.29250033865237,0.000885785147388367,0.0122905974753353,0.0088841358996222,"Ceacam1/Gpnmb/Tnfrsf14/Lrrc32/Arg2/Ripor2/Crtam/Laptm5",8
"GO:0032231","regulation of actin filament bundle assembly","10/662","117/25730",0.0854700854700855,3.32197175097477,4.09072460637077,0.000897573794433548,0.0123806934005052,0.00894926084125485,"Kank4/Limch1/Rhpn2/S1pr1/Lpar1/Ppm1e/Nrp1/Arhgap28/Arhgef15/Shank3",10
"GO:0051952","regulation of amine transport","10/662","117/25730",0.0854700854700855,3.32197175097477,4.09072460637077,0.000897573794433548,0.0123806934005052,0.00894926084125485,"Slc18a1/Abat/Adora1/Entpd1/Rgs4/Cacna1a/Syt1/Arg2/Syt11/Kcnb1",10
"GO:0007188","adenylate cyclase-modulating G protein-coupled receptor signaling pathway","17/662","277/25730",0.0613718411552347,2.38534361468911,3.76711179068334,0.000904211463032004,0.0124242326757277,0.00898073277244642,"Pde3a/Atp2b4/Ednra/S1pr1/S1pr3/Pde2a/Gna14/Lpar1/Adora1/Mrap2/Chrm1/Adgrf5/Gpr146/Gpr37l1/Npr3/Pthlh/Adrb3",17
"GO:0030048","actin filament-based movement","11/662","138/25730",0.0797101449275362,3.09809974166995,4.01600426305371,0.000906044341835571,0.0124242326757277,0.00898073277244642,"Pkp2/Myo5c/Myh14/Cacnb2/Limch1/Zeb2/Ank2/Adora1/Abcc9/Atp1a2/Acta2",11
"GO:0050921","positive regulation of chemotaxis","12/662","160/25730",0.075,2.91503021148036,3.94867020077723,0.000923719436577676,0.0126295675012784,0.00912915700477353,"Ptprj/Kdr/Pdgfrb/Ednra/Pdgfra/S1pr1/Lpar1/Pdgfd/Nrp1/Fgf2/Dysf/Ripor2",12
"GO:0003180","aortic valve morphogenesis","5/662","30/25730",0.166666666666667,6.47784491440081,4.87847859136937,0.000928274145222904,0.0126548393675286,0.00914742452143853,"Adamts5/Tie1/Emilin1/Slit3/Dll4",5
"GO:1901136","carbohydrate derivative catabolic process","17/662","278/25730",0.0611510791366906,2.3767632419744,3.7506048265466,0.000940708826827081,0.01278707696001,0.0092430111473126,"Nt5e/Igf1/Nupr1/Col6a1/Pde9a/Pde2a/Hexa/Entpd1/Ppargc1a/Fgf2/Upb1/Cbfa2t3/Mlxipl/Pde8b/Nudt16/Pde1a/Adamts4",17
"GO:0001101","response to acid chemical","16/662","254/25730",0.062992125984252,2.44831933772629,3.76960784631236,0.00096284029252447,0.0130499745154911,0.0094330440253122,"Zeb1/Col1a2/Ass1/Hmgcs2/Col1a1/Atp2b4/Col6a1/Pdgfra/Col5a2/Rragd/Abcb1a/Pdgfd/Cdo1/Kcnb1/Nqo1/Cpeb1",16
"GO:0072109","glomerular mesangium development","4/662","18/25730",0.222222222222222,8.63712655253441,5.26718915816524,0.000996682740727411,0.0133949952477828,0.00968243882324758,"Pdgfrb/Cd34/Pdgfd/Acta2",4
"GO:0106072","negative regulation of adenylate cyclase-activating G protein-coupled receptor signaling pathway","4/662","18/25730",0.222222222222222,8.63712655253441,5.26718915816524,0.000996682740727411,0.0133949952477828,0.00968243882324758,"Pde3a/Atp2b4/Pde2a/Mrap2",4
"GO:1990138","neuron projection extension","14/662","207/25730",0.0676328502415459,2.62869068990178,3.82330136179036,0.000996890151032592,0.0133949952477828,0.00968243882324758,"Cyfip2/Alcam/Mgll/Prkcz/Mt3/Ednra/Rnf157/Postn/Nrp1/Sh3gl2/Syt1/Ntn1/Slit3/Nrn1",14
"GO:0017157","regulation of exocytosis","15/662","231/25730",0.0649350649350649,2.52383568093538,3.78062114590629,0.00101150417186647,0.013552416927357,0.0097962295154976,"Unc13b/Ceacam1/Gata2/Syt10/P2ry2/Gab2/Doc2b/Exph5/Cacna1a/Syt1/Septin4/Syt11/Kcnb1/Hap1/Pram1",15
"GO:0009154","purine ribonucleotide catabolic process","12/662","162/25730",0.0740740740740741,2.87904218417814,3.89875786337508,0.0010293137123938,0.013744686478407,0.00993520964435752,"Nt5e/Igf1/Nupr1/Col6a1/Pde9a/Pde2a/Entpd1/Ppargc1a/Cbfa2t3/Mlxipl/Pde8b/Pde1a",12
"GO:0051492","regulation of stress fiber assembly","9/662","99/25730",0.0909090909090909,3.53336995330953,4.10406322372609,0.00103467272035913,0.013744686478407,0.00993520964435752,"Kank4/Limch1/Rhpn2/S1pr1/Lpar1/Ppm1e/Nrp1/Arhgap28/Arhgef15",9
"GO:0120192","tight junction assembly","9/662","99/25730",0.0909090909090909,3.53336995330953,4.10406322372609,0.00103467272035913,0.013744686478407,0.00993520964435752,"Pkp2/Cldn7/Cldn8/Cldn3/Cgn/Cdh5/Pecam1/Micall2/Cldn23",9
"GO:0006887","exocytosis","22/662","410/25730",0.0536585365853659,2.08555007000221,3.60072987940433,0.00104750595935191,0.0138757446626899,0.010029943746769,"Exoc6/Unc13b/Ceacam1/Scrn1/Gata2/Syt10/Rab11fip1/P2ry2/Wipf3/Gab2/Doc2b/Exph5/Cacna1a/Syt1/Rasgrp1/Septin4/Tspan18/Syt11/Kcnb1/Hap1/Apold1/Pram1",22
"GO:0045834","positive regulation of lipid metabolic process","13/662","185/25730",0.0702702702702703,2.73119947742304,3.84025999544968,0.0010532961436634,0.0139130304174295,0.0100568953830008,"Erbb4/Crebl2/Igf1/Cd36/Scarb1/Adora1/Ppargc1a/Adgrf5/Gpr146/Pparg/Mlxipl/Fdps/Adrb3",13
"GO:0007159","leukocyte cell-cell adhesion","23/662","438/25730",0.0525114155251142,2.04096483604409,3.5707721025536,0.00108551053306987,0.0142228307917653,0.0102808314961862,"Fut9/Ceacam1/Dpp4/Vnn1/Cd59a/Ass1/Nt5e/Igf1/Prkcz/Gpnmb/Fgl2/Sema4d/Pecam1/Il15/Jam2/Tnfrsf14/Rasgrp1/Lrrc32/Arg2/Ildr2/Ripor2/Crtam/Laptm5",23
"GO:0034614","cellular response to reactive oxygen species","12/662","163/25730",0.0736196319018405,2.86137934869238,3.87408738837335,0.0010857593780955,0.0142228307917653,0.0102808314961862,"Pdgfrb/Mt3/Ednra/Pdgfra/Cd36/Ddr2/Aqp1/Pdgfd/Gpr37l1/Fbln5/Nqo1/Cygb",12
"GO:0045824","negative regulation of innate immune response","10/662","120/25730",0.0833333333333333,3.2389224572004,3.99489612654872,0.00109077247828541,0.0142228307917653,0.0102808314961862,"Ceacam1/Serping1/Nectin4/Oas1g/Ifi207/Irak3/Pparg/Ifi202b/Dhx58/Oas1a",10
"GO:0001894","tissue homeostasis","18/662","307/25730",0.0586319218241042,2.27885097965892,3.66316376569832,0.0010919581382044,0.0142228307917653,0.0102808314961862,"Ceacam1/Ubash3b/Nt5e/Pdgfrb/Cd34/Gata2/Zeb2/S1pr1/Abcb1a/Tex15/Adora1/Slc28a3/Sh3gl2/Slc22a21/Col14a1/Atp1b2/Ildr2/Ldb2",18
"GO:0060249","anatomical structure homeostasis","18/662","307/25730",0.0586319218241042,2.27885097965892,3.66316376569832,0.0010919581382044,0.0142228307917653,0.0102808314961862,"Ceacam1/Ubash3b/Nt5e/Pdgfrb/Cd34/Gata2/Zeb2/S1pr1/Abcb1a/Tex15/Adora1/Slc28a3/Sh3gl2/Slc22a21/Col14a1/Atp1b2/Ildr2/Ldb2",18
"GO:0009410","response to xenobiotic stimulus","25/662","493/25730",0.050709939148073,1.97094672851951,3.53737094031923,0.00110009574185417,0.0142494395814684,0.0103000653946456,"Pde3a/Kdr/Ass1/Hmgcs2/Col1a1/Abat/Col6a1/Fmo3/Aox3/Gstm1/Sult1a1/Abcb1a/Lox/Gsta4/Slc6a4/Cyp26b1/Aim2/Ppm1e/Abcg5/Gstm7/Cntnap2/Arnt2/Abcc9/Mef2c/Nqo1",25
"GO:0010876","lipid localization","25/662","493/25730",0.050709939148073,1.97094672851951,3.53737094031923,0.00110009574185417,0.0142494395814684,0.0103000653946456,"Egf/Ace/Ceacam1/Ceacam2/Atp8a1/Apof/Gramd1b/P2ry2/Slc22a1/Ano9/Abcb1a/Cd36/Abca5/Scarb1/Lpl/Slc43a3/Abcg5/Syt1/Slco1a5/Igfbp3/Pparg/Slc10a5/Apold1/Spns2/Abca9",25
"GO:1903034","regulation of response to wounding","13/662","186/25730",0.0698924731182796,2.71651560926485,3.81803918767974,0.00110648106986614,0.0142810931919544,0.0103229458915325,"Ceacam1/Ubash3b/Serping1/Cldn3/Pdgfra/Tfpi/Cd36/Ddr2/Fgf2/Emilin1/Vwf/Tincr/Cadm4",13
"GO:0001818","negative regulation of cytokine production","19/662","333/25730",0.0570570570570571,2.2176406013264,3.63438250607495,0.00110864773923855,0.0142810931919544,0.0103229458915325,"Flt1/Ceacam1/Cd59a/Cd34/Igf1/Xaf1/Gpnmb/Slc37a4/Mertk/Oas1g/Lrrc32/Arg2/Irak3/Pparg/Dhx58/Syt11/Oas1a/Bst2/Laptm5",19
"GO:0051056","regulation of small GTPase mediated signal transduction","16/662","258/25730",0.062015503875969,2.4103608983817,3.69989325067174,0.00113422612959831,0.0144376008230318,0.0104360758729357,"Arfgef3/Mcf2l/Pdgfrb/Igf1/Sema4d/Stard8/Lpar1/Rasgrf1/Nrp1/Arhgap28/Rasgrp1/Dynlt1b/Cadm4/Dennd3/Rasip1/Ripor2",16
"GO:0017156","calcium-ion regulated exocytosis","8/662","81/25730",0.0987654320987654,3.83872291223751,4.15825289888679,0.00113623547965691,0.0144376008230318,0.0104360758729357,"Unc13b/Syt10/Doc2b/Cacna1a/Syt1/Tspan18/Syt11/Kcnb1",8
"GO:0051057","positive regulation of small GTPase mediated signal transduction","8/662","81/25730",0.0987654320987654,3.83872291223751,4.15825289888679,0.00113623547965691,0.0144376008230318,0.0104360758729357,"Mcf2l/Pdgfrb/Igf1/Sema4d/Lpar1/Rasgrf1/Rasgrp1/Dynlt1b",8
"GO:0061180","mammary gland epithelium development","8/662","81/25730",0.0987654320987654,3.83872291223751,4.15825289888679,0.00113623547965691,0.0144376008230318,0.0104360758729357,"Prlr/Erbb4/Elf5/Etv4/Wnt2/Fgf2/Ntn1/Pthlh",8
"GO:0098869","cellular oxidant detoxification","8/662","81/25730",0.0987654320987654,3.83872291223751,4.15825289888679,0.00113623547965691,0.0144376008230318,0.0104360758729357,"Prdx6/Mt3/Prxl2a/Cd36/Gstm7/Fbln5/Nqo1/Cygb",8
"GO:0110053","regulation of actin filament organization","17/662","283/25730",0.0600706713780919,2.33477095854729,3.66912305121959,0.00114259830380394,0.0144646806759357,0.0104556502747354,"Cyfip2/Kank4/Daam2/Sptb/Limch1/Rhpn2/Pecam1/S1pr1/Lpar1/Ppm1e/Nrp1/Prex1/Arhgap28/Rgs4/Arhgef15/Shank3/Tmod2",17
"GO:0007586","digestion","11/662","142/25730",0.0774647887323944,3.01082932641164,3.9046473529967,0.00114527976793222,0.0144646806759357,0.0104556502747354,"Slc5a1/Abcb1a/Cd36/Scarb1/Aqp1/Aqp5/Chrm1/Abcg5/Slc22a21/Slco1a5/Npr3",11
"GO:1901607","alpha-amino acid biosynthetic process","7/662","63/25730",0.111111111111111,4.3185632762672,4.28561770472481,0.00114764682009669,0.0144646806759357,0.0104556502747354,"Aass/Ass1/Atp2b4/Asl/Asns/Pycr1/Cth",7
"GO:0006869","lipid transport","24/662","468/25730",0.0512820512820513,1.99318305058486,3.52370031857319,0.00117935213426054,0.0148243295155976,0.0107156188543028,"Egf/Ace/Ceacam1/Ceacam2/Atp8a1/Apof/Gramd1b/P2ry2/Slc22a1/Ano9/Abcb1a/Cd36/Abca5/Scarb1/Slc43a3/Abcg5/Syt1/Slco1a5/Igfbp3/Pparg/Slc10a5/Apold1/Spns2/Abca9",24
"GO:0046394","carboxylic acid biosynthetic process","20/662","361/25730",0.0554016620498615,2.15330024855428,3.58612082206779,0.00118738875283276,0.0148853346065576,0.0107597157763398,"Slc38a1/Ceacam1/Ceacam2/Aass/Ass1/Akr1b1/Mgll/Scd1/Atp2b4/Abat/Asl/Asns/Gstm1/Lpl/Pycr1/Gstm7/Upb1/Cth/Aldh1a2/Mlxipl",20
"GO:0043523","regulation of neuron apoptotic process","19/662","336/25730",0.056547619047619,2.19784023881456,3.59156379041845,0.00123051342147393,0.0153847079112623,0.0111206827929997,"Retreg1/Prodh/Erbb3/Kdr/Igf1/Mt3/Nupr1/Clu/Plxnd1/Nrp1/Ppargc1a/Pycr1/Cacna1a/Fgf2/Lonrf2/Kcnip3/Mef2c/Kcnb1/Nqo1",19
"GO:0010885","regulation of cholesterol storage","4/662","19/25730",0.210526315789474,8.18254094450628,5.08951070155336,0.00123694516617371,0.0154238815920754,0.0111489990977791,"Cd36/Scarb1/Lpl/Pparg",4
"GO:0048266","behavioral response to pain","5/662","32/25730",0.15625,6.07297960725076,4.66626123370974,0.00125737679819821,0.015633863166608,0.0113007821862992,"Pirt/Cacna1a/Cntnap2/Kcnip3/Adam11",5
"GO:0071300","cellular response to retinoic acid","7/662","64/25730",0.109375,4.25108572507553,4.23174917686125,0.00126047185924107,0.015633863166608,0.0113007821862992,"Col1a1/Rorb/Slc6a4/Cyp26b1/Aqp1/Aldh1a2/Mef2c",7
"GO:0055074","calcium ion homeostasis","20/662","363/25730",0.0550964187327824,2.14143633533911,3.55918904972585,0.00126861237660868,0.0156778573127779,0.011332582916422,"Ubash3b/Kdr/Nt5e/Plcb4/Atp2b4/Ednra/Cdh5/Cacnb2/P2ry2/Slc25a23/Herpud1/Slc37a4/Ank2/Xk/Adora1/Gstm7/Cacna1a/Fgf2/Hap1/Pthlh",20
"GO:1903305","regulation of regulated secretory pathway","12/662","166/25730",0.072289156626506,2.80966767371601,3.80118558269931,0.00127072453411951,0.0156778573127779,0.011332582916422,"Unc13b/Ceacam1/Gata2/Syt10/P2ry2/Gab2/Doc2b/Cacna1a/Syt1/Syt11/Kcnb1/Pram1",12
"GO:0043297","apical junction assembly","9/662","102/25730",0.0882352941176471,3.42944730762396,3.99512909688544,0.00127931027290158,0.0157422495686521,0.0113791282168615,"Pkp2/Cldn7/Cldn8/Cldn3/Cgn/Cdh5/Pecam1/Micall2/Cldn23",9
"GO:0001667","ameboidal-type cell migration","17/662","287/25730",0.0592334494773519,2.30223059675569,3.60516619203494,0.00132954432648107,0.0163103603770324,0.0117897814530303,"Vim/Erbb4/Daam2/Acvr1c/Ednra/Sema4d/Zeb2/Gab2/Ednrb/Cd248/Ddr2/Aqp1/Nrp1/Fgf2/Acta2/Sox17/Cygb",17
"GO:0051145","smooth muscle cell differentiation","8/662","83/25730",0.0963855421686747,3.74622356495468,4.07227647005091,0.00133245459025372,0.0163103603770324,0.0117897814530303,"Zeb1/Pdgfrb/Ednra/Ednrb/Notch4/Eng/Cth/Mef2c",8
"GO:0030100","regulation of endocytosis","20/662","365/25730",0.0547945205479452,2.12970243761122,3.53243085799847,0.0013545359560433,0.0165373632649046,0.0119538682282672,"Egf/Syne1/Ptprj/Trf/Gata2/Il15/Cd36/Clu/Lpar1/Scarb1/Mertk/Sh3gl2/Syt1/Dysf/Clip3/Pparg/Syt11/Hap1/Cd14/Pllp",20
"GO:0046209","nitric oxide metabolic process","9/662","103/25730",0.087378640776699,3.39615170269557,3.95972151478749,0.00137050019345877,0.016602225141485,0.012000752989354,"Ass1/Slc7a2/Igf1/Atp2b4/Asl/Cd36/Clu/Cpeb1/Cygb",9
"GO:0070664","negative regulation of leukocyte proliferation","9/662","103/25730",0.087378640776699,3.39615170269557,3.95972151478749,0.00137050019345877,0.016602225141485,0.012000752989354,"Ceacam1/Gpnmb/Tnfrsf14/Enpp3/Lrrc32/Arg2/Ripor2/Crtam/Laptm5",9
"GO:0071260","cellular response to mechanical stimulus","9/662","103/25730",0.087378640776699,3.39615170269557,3.95972151478749,0.00137050019345877,0.016602225141485,0.012000752989354,"Col1a1/Ednra/Tek/Pecam1/Pde2a/Aqp1/Fgf2/Atp1a2/Ripor2",9
"GO:1905144","response to acetylcholine","7/662","65/25730",0.107692307692308,4.18568440622821,4.17897139955776,0.00138179128320632,0.0166889291507237,0.0120634261183589,"Psca/Atp2b4/Ednra/Sorbs2/Gna14/Chrnb1/Chrm1",7
"GO:0032228","regulation of synaptic transmission, GABAergic","6/662","48/25730",0.125,4.8583836858006,4.34802683385782,0.0013883647219058,0.0166889291507237,0.0120634261183589,"Zdhhc3/Slc38a1/Erbb4/Adora1/Cntnap2/Hap1",6
"GO:0050892","intestinal absorption","6/662","48/25730",0.125,4.8583836858006,4.34802683385782,0.0013883647219058,0.0166889291507237,0.0120634261183589,"Slc5a1/Abcb1a/Cd36/Scarb1/Abcg5/Slco1a5",6
"GO:0007173","epidermal growth factor receptor signaling pathway","10/662","124/25730",0.0806451612903226,3.13444108761329,3.8717272005716,0.00139995434404685,0.0167850936224694,0.012132937648406,"Egf/Agr2/Ptprj/Ceacam1/Ceacam2/Erbb4/Erbb3/Abcb1a/Sh3gl2/Hap1",10
"GO:0030308","negative regulation of cell growth","13/662","191/25730",0.0680628272251309,2.64540263520033,3.70909138174204,0.00140721204195554,0.0168289603789875,0.0121646462961885,"Ptprj/Mt3/D7Ertd443e/Nrp1/Rgs4/Cth/Ntn1/Slit3/Pi16/Pparg/Cgref1/Sox17/Bst2",13
"GO:0043200","response to amino acid","15/662","239/25730",0.0627615062761506,2.43935582550658,3.6329070726094,0.00142054648041229,0.0169450901592038,0.0122485895504937,"Zeb1/Col1a2/Ass1/Hmgcs2/Col1a1/Col6a1/Pdgfra/Col5a2/Rragd/Abcb1a/Pdgfd/Cdo1/Kcnb1/Nqo1/Cpeb1",15
"GO:0002695","negative regulation of leukocyte activation","14/662","215/25730",0.0651162790697674,2.53087894330078,3.66305043512926,0.00143128504442982,0.0170297426660403,0.012309779771432,"Ceacam1/Gpnmb/Fgl2/Tnfrsf14/Mertk/Adgrf5/Enpp3/Lrrc32/Arg2/Ildr2/Ripor2/Crtam/Syt11/Laptm5",14
"GO:0006163","purine nucleotide metabolic process","24/662","475/25730",0.0505263157894737,1.96380982668151,3.44544303146815,0.00143844991982816,0.0170715528556255,0.0123400018503025,"H6pd/Aldh1l1/Nt5e/Oasl2/Igf1/Nupr1/Col6a1/Pde9a/Pde2a/Gucy2g/Entpd1/Ppargc1a/Enpp3/Abcc9/Npr3/Atp1a2/Cbfa2t3/Mlxipl/Pde8b/Nudt16/Oas1a/Nqo1/Aldh1l2/Pde1a",24
"GO:0014059","regulation of dopamine secretion","5/662","33/25730",0.151515151515152,5.88894992218255,4.56679957168687,0.0014509019181559,0.0170892125171209,0.012352766960622,"Slc18a1/Abat/Entpd1/Syt1/Syt11",5
"GO:1902547","regulation of cellular response to vascular endothelial growth factor stimulus","5/662","33/25730",0.151515151515152,5.88894992218255,4.56679957168687,0.0014509019181559,0.0170892125171209,0.012352766960622,"Jcad/Atp2b4/Adgra2/Emilin1/Cadm4",5
"GO:1903715","regulation of aerobic respiration","5/662","33/25730",0.151515151515152,5.88894992218255,4.56679957168687,0.0014509019181559,0.0170892125171209,0.012352766960622,"Nupr1/Slc25a23/Pde2a/Cbfa2t3/Mlxipl",5
"GO:0034976","response to endoplasmic reticulum stress","17/662","290/25730",0.0586206896551724,2.27841441816856,3.55789158855699,0.00148618719851165,0.017460832513167,0.0126213887712798,"Agr2/Dnajc10/Pdia6/Bhlha15/Sdf2l1/Nupr1/Derl3/Parp16/Herpud1/Clu/Rasgrf1/Svip/Tmem117/Creb3l1/Rcn3/Chac1/Rasgrf2",17
"GO:0042593","glucose homeostasis","19/662","342/25730",0.0555555555555556,2.1592816381336,3.50726329777978,0.00150878463369932,0.0176217160220359,0.0127376818123356,"Unc13b/Fbn1/Ptprj/Bhlha15/Col1a1/Igf1/Slc37a4/Ptprn2/Adgrf5/Cacna1a/Oas1g/Gk/Pparg/Lepr/Mlxipl/Kcnb1/Pde8b/Pygl/Oas1a",19
"GO:0051402","neuron apoptotic process","21/662","395/25730",0.0531645569620253,2.06635052965697,3.47071288161178,0.00150915348466683,0.0176217160220359,0.0127376818123356,"Retreg1/Prodh/Erbb3/Kdr/Col6a2/Igf1/Mt3/Nupr1/Col6a1/Clu/Plxnd1/Nrp1/Ppargc1a/Pycr1/Cacna1a/Fgf2/Lonrf2/Kcnip3/Mef2c/Kcnb1/Nqo1",21
"GO:0035733","hepatic stellate cell activation","4/662","20/25730",0.2,7.77341389728097,4.92438703455566,0.00151495505578666,0.0176217160220359,0.0127376818123356,"Pdgfrb/Ddr2/Acta2/Cygb",4
"GO:0060973","cell migration involved in heart development","4/662","20/25730",0.2,7.77341389728097,4.92438703455566,0.00151495505578666,0.0176217160220359,0.0127376818123356,"Pdgfrb/Ednra/Eng/Nrp1",4
"GO:0055023","positive regulation of cardiac muscle tissue growth","6/662","49/25730",0.122448979591837,4.75923299833529,4.28027747844049,0.00154819791765732,0.0179398472845662,0.0129676398250286,"Erbb4/Igf1/Wnt2/Fgf2/Mef2c/Fdps",6
"GO:1990874","vascular associated smooth muscle cell proliferation","8/662","85/25730",0.0941176470588235,3.65807712813222,3.98892889520787,0.00155469600409742,0.0179398472845662,0.0129676398250286,"Spon2/Rgs5/Igf1/Ddr2/Ppargc1a/Fgf2/Pparg/Mef2c",8
"GO:0050680","negative regulation of epithelial cell proliferation","12/662","170/25730",0.0705882352941176,2.74355784609916,3.70647437291158,0.00155720344604765,0.0179398472845662,0.0129676398250286,"Flt1/Zeb1/Ceacam1/Ceacam2/Nupr1/Atoh8/Eng/Mmrn2/Etv4/Pparg/Mef2c/Dll4",12
"GO:0033500","carbohydrate homeostasis","19/662","343/25730",0.0553935860058309,2.15298635638977,3.49338251262089,0.0015599994969877,0.0179398472845662,0.0129676398250286,"Unc13b/Fbn1/Ptprj/Bhlha15/Col1a1/Igf1/Slc37a4/Ptprn2/Adgrf5/Cacna1a/Oas1g/Gk/Pparg/Lepr/Mlxipl/Kcnb1/Pde8b/Pygl/Oas1a",19
"GO:0060070","canonical Wnt signaling pathway","18/662","317/25730",0.056782334384858,2.20696293613655,3.51379323118095,0.00156148799076527,0.0179398472845662,0.0129676398250286,"Egf/Col1a1/Daam2/Ednra/Col6a1/Nkd1/Adgra2/Zeb2/Ednrb/Dixdc1/Plekha4/Ankrd6/Wnt2/Fgf2/Rspo3/Sox17/Hhex/Shisa3",18
"GO:2001057","reactive nitrogen species metabolic process","9/662","105/25730",0.0857142857142857,3.3314630988347,3.89019941092897,0.00156856915596887,0.0179770327777217,0.0129945189881735,"Ass1/Slc7a2/Igf1/Atp2b4/Asl/Cd36/Clu/Cpeb1/Cygb",9
"GO:0050850","positive regulation of calcium-mediated signaling","7/662","67/25730",0.104477611940299,4.06073860305722,4.0765289943673,0.00165165113380868,0.0188829357009521,0.0136493418881989,"Ptprj/Erbb3/Kdr/Pdgfrb/Igf1/Pdgfra/Lmcd1",7
"GO:0008045","motor neuron axon guidance","5/662","34/25730",0.147058823529412,5.71574551270659,4.47133966296436,0.00166548979722329,0.0188877676963008,0.0136528346478821,"Alcam/Nrp1/Etv4/Kif5c/Ntn1",5
"GO:0006641","triglyceride metabolic process","10/662","127/25730",0.078740157480315,3.06039917215786,3.78258245904953,0.00167574565996045,0.0188877676963008,0.0136528346478821,"Tnxb/Apof/Plaat3/Mgll/Scd1/Cd36/Slc37a4/Scarb1/Lpl/Gk",10
"GO:0006720","isoprenoid metabolic process","10/662","127/25730",0.078740157480315,3.06039917215786,3.78258245904953,0.00167574565996045,0.0188877676963008,0.0136528346478821,"Akr1b1/Hmgcs2/Adh1/Ces2e/Cyp26b1/Lpl/Idi1/Phyh/Aldh1a2/Fdps",10
"GO:1990266","neutrophil migration","10/662","127/25730",0.078740157480315,3.06039917215786,3.78258245904953,0.00167574565996045,0.0188877676963008,0.0136528346478821,"Mcoln2/Dpp4/Ednra/Fam3d/Pecam1/Slc37a4/Prex1/Dysf/Itga9/Ripor2",10
"GO:0014009","glial cell proliferation","8/662","86/25730",0.0930232558139535,3.61554134757254,3.94819447680114,0.00167630957954766,0.0188877676963008,0.0136528346478821,"Flt1/Vim/Igf1/Clu/Cntnap2/Ntn1/Shank3/Lepr",8
"GO:0034103","regulation of tissue remodeling","8/662","86/25730",0.0930232558139535,3.61554134757254,3.94819447680114,0.00167630957954766,0.0188877676963008,0.0136528346478821,"Ceacam1/Ubash3b/Gpnmb/S1pr1/Ddr2/Flt4/Pparg/Lepr",8
"GO:0048638","regulation of developmental growth","21/662","399/25730",0.0526315789473684,2.04563523612657,3.42074810764002,0.00170553715317264,0.0191708935774886,0.0138574893695277,"Agr2/Erbb4/Mgll/Igf1/Azgp1/Mt3/Sema4d/Rnf157/Slc6a4/Nrp1/Rgs4/Plac8/Wnt2/Fgf2/Syt1/Ntn1/Col14a1/Pi16/Mef2c/Fdps/Adrb3",21
"GO:0010543","regulation of platelet activation","6/662","50/25730",0.12,4.66404833836858,4.21433730175803,0.00172164721379454,0.0192134185482178,0.0138882281208247,"Ptprj/Ceacam1/Ubash3b/Pdgfra/Emilin1/Pear1",6
"GO:0052652","cyclic purine nucleotide metabolic process","6/662","50/25730",0.12,4.66404833836858,4.21433730175803,0.00172164721379454,0.0192134185482178,0.0138882281208247,"Pde9a/Pde2a/Gucy2g/Npr3/Pde8b/Pde1a",6
"GO:0070293","renal absorption","6/662","50/25730",0.12,4.66404833836858,4.21433730175803,0.00172164721379454,0.0192134185482178,0.0138882281208247,"Slc5a1/Ednra/Ednrb/Slc15a2/Aqp1/Klhl3",6
"GO:0045988","negative regulation of striated muscle contraction","3/662","10/25730",0.3,11.6601208459214,5.47907507276574,0.00177735205305862,0.0196367392624006,0.0141942212803495,"Arg2/Atp1a2/Adrb3",3
"GO:0048050","post-embryonic eye morphogenesis","3/662","10/25730",0.3,11.6601208459214,5.47907507276574,0.00177735205305862,0.0196367392624006,0.0141942212803495,"Fbn1/Flt1/Kdr",3
"GO:0097151","positive regulation of inhibitory postsynaptic potential","3/662","10/25730",0.3,11.6601208459214,5.47907507276574,0.00177735205305862,0.0196367392624006,0.0141942212803495,"Unc13b/Abat/Igsf9b",3
"GO:0021782","glial cell development","11/662","150/25730",0.0733333333333333,2.85025176233635,3.69323371217609,0.0017804623779163,0.0196367392624006,0.0141942212803495,"Vim/Lamc3/Erbb3/Mal/Col6a1/Zeb2/Hdac11/Clu/Lpar1/Cntnap2/B4galt6",11
"GO:0043648","dicarboxylic acid metabolic process","9/662","107/25730",0.0841121495327103,3.26919276053872,3.82233630204186,0.00178897581817422,0.0196367392624006,0.0141942212803495,"Prodh/Aldh1l1/Ass1/Kyat3/Adhfe1/Col6a1/Asl/Phyh/Aldh1l2",9
"GO:0046888","negative regulation of hormone secretion","9/662","107/25730",0.0841121495327103,3.26919276053872,3.82233630204186,0.00178897581817422,0.0196367392624006,0.0141942212803495,"Fbn1/Acvr1c/Fam3d/Rab11fip1/Adora1/Igfbp3/Pparg/Kcnb1/Pde8b",9
"GO:0120193","tight junction organization","9/662","107/25730",0.0841121495327103,3.26919276053872,3.82233630204186,0.00178897581817422,0.0196367392624006,0.0141942212803495,"Pkp2/Cldn7/Cldn8/Cldn3/Cgn/Cdh5/Pecam1/Micall2/Cldn23",9
"GO:0009064","glutamine family amino acid metabolic process","7/662","68/25730",0.102941176470588,4.00102185889461,4.02678989385965,0.00180108370778131,0.0197233428983265,0.0142568218555055,"Prodh/Ass1/Adhfe1/Atp2b4/Asl/Pycr1/Gfpt2",7
"GO:0030968","endoplasmic reticulum unfolded protein response","8/662","87/25730",0.0919540229885057,3.57398340104872,3.90806300979079,0.00180532270747016,0.0197235723834824,0.0142569877365634,"Agr2/Dnajc10/Pdia6/Bhlha15/Derl3/Parp16/Herpud1/Creb3l1",8
"GO:0033489","cholesterol biosynthetic process via desmosterol","4/662","21/25730",0.19047619047619,7.40325133074378,4.77032764193889,0.00183365474940936,0.0199399293214841,0.0144133791930317,"Dhcr24/Idi1/Dhcr7/Fdps",4
"GO:0090520","sphingolipid mediated signaling pathway","4/662","21/25730",0.19047619047619,7.40325133074378,4.77032764193889,0.00183365474940936,0.0199399293214841,0.0144133791930317,"S1pr1/S1pr3/Scarb1/Spns2",4
"GO:0044282","small molecule catabolic process","20/662","375/25730",0.0533333333333333,2.07291037260826,3.40116636490488,0.00186247650019479,0.0202063575751992,0.0146059642010636,"Prodh/Faah/Aass/Aldh1l1/Adh1/Kyat3/Adhfe1/Atp2b4/Abat/Cyp26b1/Scarb1/Asrgl1/Phyh/Dhdh/Glo1/Cdo1/Upb1/Gk/Aldh3b2/Aldh1l2",20
"GO:0046620","regulation of organ growth","10/662","129/25730",0.0775193798449612,3.01295112297712,3.72460502905737,0.00188289702397748,0.020351217345618,0.0147106746424698,"Erbb4/Igf1/Slc6a4/Rgs4/Wnt2/Fgf2/Col14a1/Pi16/Mef2c/Fdps",10
"GO:0006813","potassium ion transport","15/662","246/25730",0.0609756097560976,2.36994326136615,3.50846332425003,0.00188453317165368,0.020351217345618,0.0147106746424698,"Slc9a2/Atp12a/Plcb4/Ank2/Adora1/Lrrc26/Aqp1/Slc9a7/Rgs4/Abcc9/Kcnip3/Atp1a2/Atp1b2/Kcnb1/Kcnn3",15
"GO:0003085","negative regulation of systemic arterial blood pressure","5/662","35/25730",0.142857142857143,5.55243849805783,4.37959956222706,0.00190247122200395,0.0204315043476535,0.0147687093017684,"Kdr/Cd36/Adora1/Gpr37l1/Adrb3",5
"GO:0042742","defense response to bacterium","22/662","430/25730",0.0511627906976744,1.9885477411649,3.35932653546385,0.00190890454721604,0.0204315043476535,0.0147687093017684,"Gsdma/Spon2/Wfdc3/Unc13b/Scd1/Defb50/Trf/Irf8/Adamts5/Slc15a2/Cd36/Aqp1/Tnfrsf14/Mmrn2/Plac8/Emilin1/Oas1g/Arg2/Syt11/Oas1a/Gimap6/Adamts4",22
"GO:0009187","cyclic nucleotide metabolic process","6/662","51/25730",0.117647058823529,4.57259641016527,4.15011945198746,0.00190944555173751,0.0204315043476535,0.0147687093017684,"Pde9a/Pde2a/Gucy2g/Npr3/Pde8b/Pde1a",6
"GO:0035850","epithelial cell differentiation involved in kidney development","6/662","51/25730",0.117647058823529,4.57259641016527,4.15011945198746,0.00190944555173751,0.0204315043476535,0.0147687093017684,"Cd34/Ednra/Basp1/Ednrb/Acta2/Mef2c",6
"GO:0016310","phosphorylation","23/662","458/25730",0.0502183406113537,1.95183973403343,3.34008383788728,0.00193399672872528,0.0206469605103183,0.0149244496417613,"Egf/Fbn1/Flt1/Ptprj/Ceacam1/Erbb4/Kdr/Pdgfrb/Crebl2/Mt3/Sema4d/Pdgfra/Limch1/Tek/Il15/Ddr2/Nrp1/Fgf2/Flt4/Irak3/Cadm4/Clip3/Ldb2",23
"GO:0051924","regulation of calcium ion transport","16/662","272/25730",0.0588235294117647,2.28629820508264,3.46572883533368,0.00195104938027768,0.0207815646974451,0.0150217469369899,"Egf/Ace/Tspan13/Ubash3b/Pdgfrb/Igf1/Ednra/Cacnb2/Cracr2a/Ank2/Rgs4/Gstm7/Dysf/Atp1a2/Tspan18/Hap1",16
"GO:0003170","heart valve development","7/662","69/25730",0.101449275362319,3.94303603485266,3.97799233441483,0.00196079425359819,0.0207906438318031,0.0150283096987798,"Adamts5/Pde2a/Tie1/Emilin1/Slit3/Mef2c/Dll4",7
"GO:0042551","neuron maturation","7/662","69/25730",0.101449275362319,3.94303603485266,3.97799233441483,0.00196079425359819,0.0207906438318031,0.0150283096987798,"Ednra/Gata2/Ednrb/Cntnap2/Rnd1/B4galt6/Kcnb1",7
"GO:0035966","response to topologically incorrect protein","11/662","152/25730",0.0723684210526316,2.81274844967403,3.64255946197277,0.00197751739191609,0.0209205233588227,0.0151221918205348,"Agr2/Dnajc10/Pdia6/Bhlha15/Sdf2l1/Derl3/Parp16/Herpud1/Clu/Creb3l1/Chac1",11
"GO:0170039","proteinogenic amino acid metabolic process","12/662","175/25730",0.0685714285714286,2.66517047906776,3.59186817935771,0.00198809231129425,0.0209849201977695,0.0151687404338026,"Prodh/Aass/Ass1/Adhfe1/Atp2b4/Asl/Asns/Asrgl1/Pycr1/Gnmt/Cdo1/Gfpt2",12
"GO:0043269","regulation of monoatomic ion transport","24/662","488/25730",0.0491803278688525,1.91149522064286,3.30356632748643,0.00205074049592705,0.0215503998560876,0.0155774917693704,"Egf/Ace/Tspan13/Ubash3b/Pdgfrb/Plcb4/Igf1/Ednra/Cacnb2/Cracr2a/Abcb1a/Slc6a4/Ank2/Adora1/Chrm1/Rgs4/Gstm7/Dysf/Abcc9/Kcnip3/Atp1a2/Tspan18/Atp1b2/Hap1",24
"GO:1901888","regulation of cell junction assembly","18/662","325/25730",0.0553846153846154,2.15263769463165,3.39825139801308,0.00205088279212125,0.0215503998560876,0.0155774917693704,"Pkp2/Ace/Ptprj/Cyfip2/Kdr/Adgre5/Camsap3/Sema4d/Adgrl4/Limch1/Tek/Nrp1/Cux2/Cntnap2/Ntn1/Arhgef15/Mef2c/Rab17",18
"GO:0003298","physiological muscle hypertrophy","6/662","52/25730",0.115384615384615,4.48466186381594,4.08754288553818,0.00211233775457597,0.021900867717067,0.0158308239699929,"Igf1/Sorbs2/Rgs4/Col14a1/Pi16/Fdps",6
"GO:0003301","physiological cardiac muscle hypertrophy","6/662","52/25730",0.115384615384615,4.48466186381594,4.08754288553818,0.00211233775457597,0.021900867717067,0.0158308239699929,"Igf1/Sorbs2/Rgs4/Col14a1/Pi16/Fdps",6
"GO:0010762","regulation of fibroblast migration","6/662","52/25730",0.115384615384615,4.48466186381594,4.08754288553818,0.00211233775457597,0.021900867717067,0.0158308239699929,"Zeb2/Ddr2/Aqp1/Fgf2/Acta2/Cygb",6
"GO:0042908","xenobiotic transport","6/662","52/25730",0.115384615384615,4.48466186381594,4.08754288553818,0.00211233775457597,0.021900867717067,0.0158308239699929,"Slc18a1/Slc22a1/Slc15a2/Abcb1a/Slc43a3/Syt1",6
"GO:0060421","positive regulation of heart growth","6/662","52/25730",0.115384615384615,4.48466186381594,4.08754288553818,0.00211233775457597,0.021900867717067,0.0158308239699929,"Erbb4/Igf1/Wnt2/Fgf2/Mef2c/Fdps",6
"GO:0061049","cell growth involved in cardiac muscle cell development","6/662","52/25730",0.115384615384615,4.48466186381594,4.08754288553818,0.00211233775457597,0.021900867717067,0.0158308239699929,"Igf1/Sorbs2/Rgs4/Col14a1/Pi16/Fdps",6
"GO:0002685","regulation of leukocyte migration","15/662","249/25730",0.0602409638554217,2.34138972809668,3.45642407252038,0.00211885511210412,0.02191983739867,0.0158445360152918,"Fut9/Ptprj/Dpp4/Ednra/Pecam1/Plvap/Adora1/Jam2/Tnfrsf14/Pdgfd/Emilin1/Dysf/Ripor2/Aoc3/Spns2",15
"GO:0042058","regulation of epidermal growth factor receptor signaling pathway","7/662","70/25730",0.1,3.88670694864048,3.93010358181838,0.0021312504468951,0.0219509407261706,0.0158670187456067,"Egf/Agr2/Ptprj/Ceacam1/Ceacam2/Sh3gl2/Hap1",7
"GO:0046503","glycerolipid catabolic process","7/662","70/25730",0.1,3.88670694864048,3.93010358181838,0.0021312504468951,0.0219509407261706,0.0158670187456067,"Prdx6/Faah/Mgll/Pnpla7/Scarb1/Lpl/Gdpd1",7
"GO:0003176","aortic valve development","5/662","36/25730",0.138888888888889,5.39820409533401,4.29132467948339,0.00216318961453424,0.0221821812227239,0.0160341686340477,"Adamts5/Tie1/Emilin1/Slit3/Dll4",5
"GO:0061050","regulation of cell growth involved in cardiac muscle cell development","5/662","36/25730",0.138888888888889,5.39820409533401,4.29132467948339,0.00216318961453424,0.0221821812227239,0.0160341686340477,"Igf1/Rgs4/Col14a1/Pi16/Fdps",5
"GO:0050920","regulation of chemotaxis","14/662","225/25730",0.0622222222222222,2.41839543470963,3.47261410620262,0.0021862098615642,0.0223223572757408,0.0161354934970068,"Ptprj/Dpp4/Kdr/Pdgfrb/Ednra/Adgra2/Pdgfra/S1pr1/Lpar1/Pdgfd/Nrp1/Fgf2/Dysf/Ripor2",14
"GO:0033490","cholesterol biosynthetic process via lathosterol","4/662","22/25730",0.181818181818182,7.06673990661906,4.62608039814171,0.00219595473627904,0.0223223572757408,0.0161354934970068,"Dhcr24/Idi1/Dhcr7/Fdps",4
"GO:0033762","response to glucagon","4/662","22/25730",0.181818181818182,7.06673990661906,4.62608039814171,0.00219595473627904,0.0223223572757408,0.0161354934970068,"Ass1/Hmgcs2/Abcb1a/Cdo1",4
"GO:1905153","regulation of membrane invagination","4/662","22/25730",0.181818181818182,7.06673990661906,4.62608039814171,0.00219595473627904,0.0223223572757408,0.0161354934970068,"Gata2/Cd36/Pparg/Syt11",4
"GO:0006468","protein phosphorylation","20/662","381/25730",0.05249343832021,2.04026611477191,3.32435296874745,0.0022385767757693,0.0227062581420765,0.0164129924123649,"Fbn1/Flt1/Ptprj/Ceacam1/Erbb4/Kdr/Pdgfrb/Crebl2/Mt3/Sema4d/Pdgfra/Limch1/Tek/Il15/Ddr2/Fgf2/Flt4/Irak3/Cadm4/Clip3",20
"GO:1902904","negative regulation of supramolecular fiber organization","12/662","178/25730",0.0674157303370786,2.62025187548797,3.52501273054962,0.00229044189998151,0.023158995524201,0.0167402491171513,"Kank4/Camsap3/Cdh5/Sptb/Rhpn2/Pecam1/S1pr1/Clu/Arhgap28/Clip3/Shank3/Tmod2",12
"GO:0032640","tumor necrosis factor production","13/662","202/25730",0.0643564356435644,2.50134605605576,3.48119781099241,0.0023120595972983,0.023158995524201,0.0167402491171513,"Spon2/Ptprj/Igf1/Gpnmb/Cd36/Clu/Lpl/Oas1g/Arg2/Irak3/Syt11/Cd14/Oas1a",13
"GO:0032680","regulation of tumor necrosis factor production","13/662","202/25730",0.0643564356435644,2.50134605605576,3.48119781099241,0.0023120595972983,0.023158995524201,0.0167402491171513,"Spon2/Ptprj/Igf1/Gpnmb/Cd36/Clu/Lpl/Oas1g/Arg2/Irak3/Syt11/Cd14/Oas1a",13
"GO:0006749","glutathione metabolic process","7/662","71/25730",0.0985915492957746,3.83196459725118,3.8830924996635,0.00231292791056498,0.023158995524201,0.0167402491171513,"Gstt2/Gstm1/Gsta4/Glo1/Gstm7/Cth/Chac1",7
"GO:0045776","negative regulation of blood pressure","7/662","71/25730",0.0985915492957746,3.83196459725118,3.8830924996635,0.00231292791056498,0.023158995524201,0.0167402491171513,"Kdr/Abat/Cd36/Adora1/Gpr37l1/Abcc9/Adrb3",7
"GO:0048286","lung alveolus development","7/662","71/25730",0.0985915492957746,3.83196459725118,3.8830924996635,0.00231292791056498,0.023158995524201,0.0167402491171513,"Ace/Fbn1/Kdr/Igf1/Col6a1/Flt4/Pthlh",7
"GO:1903115","regulation of actin filament-based movement","6/662","53/25730",0.113207547169811,4.40004560223451,4.02653187466246,0.00233107949754499,0.0232908712190607,0.0168355741489361,"Pkp2/Zeb2/Ank2/Adora1/Atp1a2/Acta2",6
"GO:0098659","inorganic cation import across plasma membrane","10/662","133/25730",0.075187969924812,2.92233605160939,3.61194561274758,0.00235919107096306,0.0234386090693631,0.0169423649817039,"Slc9a2/Slc5a1/Scnn1a/Atp12a/Ank2/Slc9a7/Cacna1a/Abcc9/Atp1a2/Atp1b2",10
"GO:0099587","inorganic ion import across plasma membrane","10/662","133/25730",0.075187969924812,2.92233605160939,3.61194561274758,0.00235919107096306,0.0234386090693631,0.0169423649817039,"Slc9a2/Slc5a1/Scnn1a/Atp12a/Ank2/Slc9a7/Cacna1a/Abcc9/Atp1a2/Atp1b2",10
"GO:0097529","myeloid leukocyte migration","15/662","252/25730",0.0595238095238095,2.31351604085743,3.40512915980913,0.00237689868506322,0.0234386090693631,0.0169423649817039,"Flt1/Ptprj/Mcoln2/Dpp4/Ednra/Fam3d/Pecam1/Ednrb/Slc37a4/Pdgfd/Prex1/Emilin1/Dysf/Itga9/Ripor2",15
"GO:0000050","urea cycle","3/662","11/25730",0.272727272727273,10.6001098599286,5.17518776644448,0.00239733403201154,0.0234386090693631,0.0169423649817039,"Ass1/Asl/Arg2",3
"GO:0045602","negative regulation of endothelial cell differentiation","3/662","11/25730",0.272727272727273,10.6001098599286,5.17518776644448,0.00239733403201154,0.0234386090693631,0.0169423649817039,"Zeb1/Notch4/S1pr3",3
"GO:0061669","spontaneous neurotransmitter secretion","3/662","11/25730",0.272727272727273,10.6001098599286,5.17518776644448,0.00239733403201154,0.0234386090693631,0.0169423649817039,"Unc13b/Doc2b/Syt1",3
"GO:0070305","response to cGMP","3/662","11/25730",0.272727272727273,10.6001098599286,5.17518776644448,0.00239733403201154,0.0234386090693631,0.0169423649817039,"Pde3a/Pde2a/Slc6a4",3
"GO:1903589","positive regulation of blood vessel endothelial cell proliferation involved in sprouting angiogenesis","3/662","11/25730",0.272727272727273,10.6001098599286,5.17518776644448,0.00239733403201154,0.0234386090693631,0.0169423649817039,"Jcad/Gata2/Ppp1r16b",3
"GO:2000491","positive regulation of hepatic stellate cell activation","3/662","11/25730",0.272727272727273,10.6001098599286,5.17518776644448,0.00239733403201154,0.0234386090693631,0.0169423649817039,"Pdgfrb/Ddr2/Acta2",3
"GO:2001214","positive regulation of vasculogenesis","3/662","11/25730",0.272727272727273,10.6001098599286,5.17518776644448,0.00239733403201154,0.0234386090693631,0.0169423649817039,"Ceacam1/Kdr/Cd34",3
"GO:0002697","regulation of immune effector process","24/662","494/25730",0.048582995951417,1.88827867950145,3.239537850448,0.00240100379474443,0.0234386090693631,0.0169423649817039,"Spon2/Ceacam1/Dpp4/Cd59a/Serping1/Prkcz/Azgp1/Fgl2/Gata2/Tek/Gab2/Tnfsf13/Cd36/Clu/Tnfrsf14/Nectin4/Enpp3/Rasgrp1/Irak3/Crtam/Dhx58/Bst2/Pram1/Laptm5",24
"GO:0007517","muscle organ development","20/662","385/25730",0.051948051948052,2.0190685447483,3.27392117412407,0.00252337819496438,0.0245308034088429,0.0177318467754254,"Pkp2/Myh14/Erbb3/Ass1/Nupr1/Ednra/Col6a1/S1pr1/Lox/Cyp26b1/Xk/Eng/Wnt2/Cntnap2/Dner/Abcc9/Ripor2/Des/Mef2c/Dll4",20
"GO:0008202","steroid metabolic process","20/662","385/25730",0.051948051948052,2.0190685447483,3.27392117412407,0.00252337819496438,0.0245308034088429,0.0177318467754254,"H6pd/Bmpr1b/Apof/Hmgcs2/Igf1/Pdgfra/Ednrb/Sult1a1/Dhcr24/Slc37a4/Abca5/Scarb1/Idi1/Ppargc1a/Gpr146/Dhcr7/Lepr/Bdh1/Pde8b/Fdps",20
"GO:0006639","acylglycerol metabolic process","11/662","157/25730",0.0700636942675159,2.72317047356977,3.51939357200414,0.00254863611692421,0.024724942910244,0.0178721785792611,"Tnxb/Faah/Apof/Plaat3/Mgll/Scd1/Cd36/Slc37a4/Scarb1/Lpl/Gk",11
"GO:0071526","semaphorin-plexin signaling pathway","6/662","54/25730",0.111111111111111,4.3185632762672,3.96701556525017,0.002566436260564,0.0248460785805327,0.0179597402913174,"Kdr/Ednra/Sema4d/Plxnd1/Nrp1/Mef2c",6
"GO:0010959","regulation of metal ion transport","21/662","413/25730",0.0508474576271186,1.97629166880025,3.25034225271802,0.00257307577561076,0.0248588891048676,0.017969000251166,"Egf/Ace/Tspan13/Ubash3b/Pdgfrb/Plcb4/Igf1/Ednra/Cacnb2/Cracr2a/Ank2/Adora1/Rgs4/Gstm7/Dysf/Abcc9/Kcnip3/Atp1a2/Tspan18/Atp1b2/Hap1",21
"GO:0002693","positive regulation of cellular extravasation","4/662","23/25730",0.173913043478261,6.75949034546171,4.49058456255567,0.00260472268638238,0.0251127490340701,0.0181525003710772,"Pecam1/Plvap/Pdgfd/Ripor2",4
"GO:0071706","tumor necrosis factor superfamily cytokine production","13/662","205/25730",0.0634146341463415,2.46474099182079,3.42164931093631,0.00262828182453172,0.0252118649849801,0.0182241453484244,"Spon2/Ptprj/Igf1/Gpnmb/Cd36/Clu/Lpl/Oas1g/Arg2/Irak3/Syt11/Cd14/Oas1a",13
"GO:1903555","regulation of tumor necrosis factor superfamily cytokine production","13/662","205/25730",0.0634146341463415,2.46474099182079,3.42164931093631,0.00262828182453172,0.0252118649849801,0.0182241453484244,"Spon2/Ptprj/Igf1/Gpnmb/Cd36/Clu/Lpl/Oas1g/Arg2/Irak3/Syt11/Cd14/Oas1a",13
"GO:0048709","oligodendrocyte differentiation","10/662","135/25730",0.0740740740740741,2.87904218417814,3.55718500192002,0.00263117838166601,0.0252118649849801,0.0182241453484244,"Ptprj/Daam2/Mal/Hdac11/Zfp365/Clu/Lpar1/Cntnap2/B4galt6/Pparg",10
"GO:0051648","vesicle localization","14/662","230/25730",0.0608695652173913,2.3658216209116,3.38118097214986,0.00267227831448939,0.0255533198334405,0.0184709625827692,"Exoc6/Unc13b/Mlph/Myo5c/Prkcz/Syt10/Kif5c/Syt1/Rasgrp1/Ap3m2/Syt11/Hap1/Rab17/Dnm3",14
"GO:0071474","cellular hyperosmotic response","5/662","38/25730",0.131578947368421,5.11408809031643,4.12426947028889,0.00276125521684649,0.0262006217111742,0.0189388582942192,"Akr1b1/Slc25a23/Abcb1a/Aqp1/Rcsd1",5
"GO:0034308","primary alcohol metabolic process","9/662","114/25730",0.0789473684210526,3.06845285418986,3.59685557702864,0.00276238376894972,0.0262006217111742,0.0189388582942192,"H6pd/Akr1b1/Adh1/Ces2e/Ednrb/Gdpd1/Aldh1a2/Naaa/Aldh3b2",9
"GO:0070252","actin-mediated cell contraction","9/662","114/25730",0.0789473684210526,3.06845285418986,3.59685557702864,0.00276238376894972,0.0262006217111742,0.0189388582942192,"Pkp2/Cacnb2/Limch1/Zeb2/Ank2/Adora1/Abcc9/Atp1a2/Acta2",9
"GO:0090263","positive regulation of canonical Wnt signaling pathway","9/662","114/25730",0.0789473684210526,3.06845285418986,3.59685557702864,0.00276238376894972,0.0262006217111742,0.0189388582942192,"Egf/Col1a1/Daam2/Adgra2/Zeb2/Plekha4/Fgf2/Rspo3/Hhex",9
"GO:0006638","neutral lipid metabolic process","11/662","159/25730",0.0691823899371069,2.68891675692109,3.47147111428779,0.00281145279135324,0.0265776134595804,0.0192113630225368,"Tnxb/Faah/Apof/Plaat3/Mgll/Scd1/Cd36/Slc37a4/Scarb1/Lpl/Gk",11
"GO:0007617","mating behavior","6/662","55/25730",0.109090909090909,4.24004394397144,3.9089275788661,0.00281918226602906,0.0265776134595804,0.0192113630225368,"Tgm4/Abat/P2ry2/Ednrb/Serpina5/Slc6a4",6
"GO:0061383","trabecula morphogenesis","6/662","55/25730",0.109090909090909,4.24004394397144,3.9089275788661,0.00281918226602906,0.0265776134595804,0.0192113630225368,"Col1a1/Sema4d/Tek/S1pr1/Eng/Dll4",6
"GO:0071805","potassium ion transmembrane transport","13/662","207/25730",0.0628019323671498,2.44092706919451,3.38253203020654,0.00285812280619336,0.0268905075286925,0.0194375353821601,"Slc9a2/Atp12a/Ank2/Lrrc26/Aqp1/Slc9a7/Rgs4/Abcc9/Kcnip3/Atp1a2/Atp1b2/Kcnb1/Kcnn3",13
"GO:0009134","nucleoside diphosphate catabolic process","10/662","137/25730",0.072992700729927,2.83701237127043,3.50342134377541,0.00292770179222902,0.0274038423434031,0.0198085943371904,"Nt5e/Igf1/Nupr1/Col6a1/Entpd3/Entpd2/Entpd1/Ppargc1a/Cbfa2t3/Mlxipl",10
"GO:0009191","ribonucleoside diphosphate catabolic process","10/662","137/25730",0.072992700729927,2.83701237127043,3.50342134377541,0.00292770179222902,0.0274038423434031,0.0198085943371904,"Nt5e/Igf1/Nupr1/Col6a1/Entpd3/Entpd2/Entpd1/Ppargc1a/Cbfa2t3/Mlxipl",10
"GO:0003333","amino acid transmembrane transport","9/662","115/25730",0.0782608695652174,3.04177065545777,3.56606539495097,0.00293026543449562,0.0274038423434031,0.0198085943371904,"Slc38a1/Slc7a4/Slc7a2/Slc7a8/Rgs4/Arg2/Lrrc8b/Slc7a7/AU018091",9
"GO:0050672","negative regulation of lymphocyte proliferation","8/662","94/25730",0.0851063829787234,3.30783570097062,3.64270739922066,0.00294243324144143,0.0274627102534533,0.0198511464193054,"Ceacam1/Gpnmb/Tnfrsf14/Lrrc32/Arg2/Ripor2/Crtam/Laptm5",8
"GO:0051650","establishment of vesicle localization","13/662","208/25730",0.0625,2.4291918429003,3.36314389449953,0.00297904981598707,0.0277490775688357,0.0200581441793551,"Exoc6/Unc13b/Myo5c/Prkcz/Syt10/Kif5c/Syt1/Rasgrp1/Ap3m2/Syt11/Hap1/Rab17/Dnm3",13
"GO:0003179","heart valve morphogenesis","6/662","56/25730",0.107142857142857,4.16432887354337,3.85220565388573,0.00309009940495033,0.0283761321704323,0.0205114043490293,"Adamts5/Tie1/Emilin1/Slit3/Mef2c/Dll4",6
"GO:0014003","oligodendrocyte development","6/662","56/25730",0.107142857142857,4.16432887354337,3.85220565388573,0.00309009940495033,0.0283761321704323,0.0205114043490293,"Mal/Hdac11/Clu/Lpar1/Cntnap2/B4galt6",6
"GO:0031646","positive regulation of nervous system process","6/662","56/25730",0.107142857142857,4.16432887354337,3.85220565388573,0.00309009940495033,0.0283761321704323,0.0205114043490293,"Unc13b/Igf1/Abat/Trf/Cntnap2/Igsf9b",6
"GO:0006023","aminoglycan biosynthetic process","5/662","39/25730",0.128205128205128,4.98295762646216,4.04508908234573,0.00310132420871297,0.0283761321704323,0.0205114043490293,"Egf/B3gnt3/Pdgfrb/B3gnt7/Hexa",5
"GO:0014912","negative regulation of smooth muscle cell migration","5/662","39/25730",0.128205128205128,4.98295762646216,4.04508908234573,0.00310132420871297,0.0283761321704323,0.0205114043490293,"Ppargc1a/Igfbp3/Pparg/Egfl7/Mef2c",5
"GO:0032967","positive regulation of collagen biosynthetic process","5/662","39/25730",0.128205128205128,4.98295762646216,4.04508908234573,0.00310132420871297,0.0283761321704323,0.0205114043490293,"Vim/Pdgfrb/Eng/Ddr2/Creb3l1",5
"GO:0050931","pigment cell differentiation","5/662","39/25730",0.128205128205128,4.98295762646216,4.04508908234573,0.00310132420871297,0.0283761321704323,0.0205114043490293,"Mlph/Zeb2/Ednrb/Gna14/Mef2c",5
"GO:0032271","regulation of protein polymerization","13/662","209/25730",0.062200956937799,2.41756891542231,3.34386769707439,0.00310411719343904,0.0283761321704323,0.0205114043490293,"Cyfip2/Kank4/Daam2/Camsap3/Cdh5/Sptb/Pecam1/Slain1/Prex1/Arhgap28/Clip3/Tppp3/Tmod2",13
"GO:0002068","glandular epithelial cell development","3/662","12/25730",0.25,9.71676737160121,4.90803993921417,0.00313567374764834,0.0283761321704323,0.0205114043490293,"Bhlha15/Spdef/Gata2",3
"GO:0010248","establishment or maintenance of transmembrane electrochemical gradient","3/662","12/25730",0.25,9.71676737160121,4.90803993921417,0.00313567374764834,0.0283761321704323,0.0205114043490293,"Atp12a/Slc22a1/Atp1a2",3
"GO:0010764","negative regulation of fibroblast migration","3/662","12/25730",0.25,9.71676737160121,4.90803993921417,0.00313567374764834,0.0283761321704323,0.0205114043490293,"Zeb2/Fgf2/Cygb",3
"GO:0038060","nitric oxide-cGMP-mediated signaling","3/662","12/25730",0.25,9.71676737160121,4.90803993921417,0.00313567374764834,0.0283761321704323,0.0205114043490293,"Kdr/Atp2b4/Cd36",3
"GO:0038063","collagen-activated tyrosine kinase receptor signaling pathway","3/662","12/25730",0.25,9.71676737160121,4.90803993921417,0.00313567374764834,0.0283761321704323,0.0205114043490293,"Ubash3b/Col1a1/Ddr2",3
"GO:0061771","response to caloric restriction","3/662","12/25730",0.25,9.71676737160121,4.90803993921417,0.00313567374764834,0.0283761321704323,0.0205114043490293,"Gsta4/Chac1/Nqo1",3
"GO:0006809","nitric oxide biosynthetic process","8/662","95/25730",0.0842105263157895,3.27301637780251,3.60685191394107,0.00314230592587872,0.0283761321704323,0.0205114043490293,"Ass1/Slc7a2/Igf1/Atp2b4/Asl/Cd36/Clu/Cpeb1",8
"GO:0008037","cell recognition","12/662","185/25730",0.0648648648648649,2.52110720992896,3.37421957623017,0.00314346374343112,0.0283761321704323,0.0205114043490293,"Spon2/C1rb/C1s2/C1ra/Cd36/C1s1/Scarb1/Plxnd1/Nrp1/Cntnap2/Pear1/Crtam",12
"GO:0010761","fibroblast migration","7/662","75/25730",0.0933333333333333,3.62759315206445,3.70325270509314,0.0031616178505642,0.0284302405177657,0.0205505160286673,"Zeb2/Cd248/Ddr2/Aqp1/Fgf2/Acta2/Cygb",7
"GO:0048662","negative regulation of smooth muscle cell proliferation","7/662","75/25730",0.0933333333333333,3.62759315206445,3.70325270509314,0.0031616178505642,0.0284302405177657,0.0205505160286673,"Rgs5/Il15/Ppargc1a/Igfbp3/Npr3/Pparg/Mef2c",7
"GO:0070663","regulation of leukocyte proliferation","16/662","286/25730",0.0559440559440559,2.17438150972894,3.2454889371487,0.0032107149940332,0.0287513236743585,0.0207826077885654,"Prlr/Ceacam1/Cd59a/Igf1/Gpnmb/Tnfsf13/Il15/Tnfrsf14/Enpp3/Lrrc32/Arg2/Ripor2/Crtam/Mef2c/Hhex/Laptm5",16
"GO:1903522","regulation of blood circulation","16/662","286/25730",0.0559440559440559,2.17438150972894,3.2454889371487,0.0032107149940332,0.0287513236743585,0.0207826077885654,"Pkp2/Ace/Faah/Mgll/Atp2b4/Ednra/Cacnb2/Ednrb/Ank2/Adora1/Rgs4/Gstm7/Itga9/Abcc9/Atp1a2/Adrb3",16
"GO:0016042","lipid catabolic process","19/662","366/25730",0.0519125683060109,2.01768939956746,3.18659981421268,0.00321577037675139,0.0287513236743585,0.0207826077885654,"Prdx6/Faah/Liph/Plaat3/Mgll/Plcb4/Cyp26b1/Pnpla7/Scarb1/Lpl/Adora1/Hexa/Phyh/Flvcr2/Gdpd1/Naaa/Pla1a/Aldh1l2/Adrb3",19
"GO:0034762","regulation of transmembrane transport","22/662","449/25730",0.0489977728285078,1.90439984120469,3.14171748294927,0.00322490570787012,0.0287779753625967,0.0208018726958034,"Ace/Tspan13/Erbb4/Ubash3b/Erbb3/Cldn3/Crebl2/Igf1/Ednra/Cacnb2/Cracr2a/Ank2/Rgs4/Gstm7/Arg2/Abcc9/Kcnip3/Clip3/Atp1a2/Atp1b2/Hap1/Aoc3",22
"GO:0072009","nephron epithelium development","10/662","139/25730",0.0719424460431655,2.79619204938164,3.45062009083148,0.00325030040167902,0.0289493422442878,0.0209257435384287,"Cd34/Ednra/Basp1/Pecam1/Slc22a1/Ednrb/Aqp1/Fgf2/Klhl3/Mef2c",10
"GO:0042310","vasoconstriction","9/662","117/25730",0.0769230769230769,2.98977457587729,3.50547753875781,0.0032901430161702,0.0291614786852939,0.0210790842507043,"Ace/Faah/Mgll/Ednra/Ednrb/Slc6a4/Itga9/Atp1a2/Acta2",9
"GO:0060349","bone morphogenesis","9/662","117/25730",0.0769230769230769,2.98977457587729,3.50547753875781,0.0032901430161702,0.0291614786852939,0.0210790842507043,"Bmpr1b/Pappa2/Col1a1/Col27a1/Cyp26b1/Sp5/Osr2/Mef2c/Pthlh",9
"GO:0002833","positive regulation of response to biotic stimulus","23/662","478/25730",0.0481171548117155,1.87017279955504,3.12070104849532,0.0032928273622402,0.0291614786852939,0.0210790842507043,"Zdhhc3/Unc13b/Dpp4/Irak2/Rftn1/Smpdl3a/Slc15a2/Cd36/Aim2/Ifi203/Mmrn2/Emilin1/Enpp3/Rasgrp1/Oas1g/Ifi207/Irak3/Ifi202b/Crtam/Dhx58/Cd14/Oas1a/Rnf144a",23
"GO:0070588","calcium ion transmembrane transport","18/662","340/25730",0.0529411764705882,2.05766838457437,3.19034930760277,0.00331793788807843,0.0293283129766631,0.0211996787555862,"Tspan13/Mcoln2/Ubash3b/Bhlha15/Plcb4/Atp2b4/Ednra/Cacnb2/Ano9/Ednrb/Slc25a23/Ank2/P2rx6/Gstm7/Cacna1a/Fgf2/Atp1a2/Hap1",18
"GO:0032945","negative regulation of mononuclear cell proliferation","8/662","96/25730",0.0833333333333333,3.2389224572004,3.57147063952711,0.00335257280857779,0.0295228445440862,0.0213402939604387,"Ceacam1/Gpnmb/Tnfrsf14/Lrrc32/Arg2/Ripor2/Crtam/Laptm5",8
"GO:0060395","SMAD protein signal transduction","8/662","96/25730",0.0833333333333333,3.2389224572004,3.57147063952711,0.00335257280857779,0.0295228445440862,0.0213402939604387,"Acvr1c/Cilp/Atoh8/Eng/Emilin1/Gdf7/Smad9/Pparg",8
"GO:0015872","dopamine transport","6/662","57/25730",0.105263157894737,4.09127047225314,3.79679132126398,0.00337997615442435,0.029708211462572,0.0214742845901397,"Slc18a1/Abat/Slc22a1/Entpd1/Syt1/Syt11",6
"GO:0043467","regulation of generation of precursor metabolites and energy","11/662","163/25730",0.0674846625766871,2.62293106963468,3.37780517092762,0.00340256383200401,0.0297203843474504,0.0214830836386618,"Igf1/Nupr1/Slc25a23/Pde2a/Cd36/Ppargc1a/Oas1g/Cbfa2t3/Mlxipl/Oas1a/Phkg1",11
"GO:1903038","negative regulation of leukocyte cell-cell adhesion","11/662","163/25730",0.0674846625766871,2.62293106963468,3.37780517092762,0.00340256383200401,0.0297203843474504,0.0214830836386618,"Ceacam1/Ass1/Gpnmb/Fgl2/Tnfrsf14/Lrrc32/Arg2/Ildr2/Ripor2/Crtam/Laptm5",11
"GO:0042446","hormone biosynthetic process","7/662","76/25730",0.0921052631578947,3.5798616632215,3.66021229119662,0.00340678486104222,0.0297203843474504,0.0214830836386618,"H6pd/Bmpr1b/Igf1/Scarb1/Ppargc1a/Cacna1a/Pde8b",7
"GO:1901184","regulation of ERBB signaling pathway","7/662","76/25730",0.0921052631578947,3.5798616632215,3.66021229119662,0.00340678486104222,0.0297203843474504,0.0214830836386618,"Egf/Agr2/Ptprj/Ceacam1/Ceacam2/Sh3gl2/Hap1",7
"GO:0014046","dopamine secretion","5/662","40/25730",0.125,4.8583836858006,3.96856923496854,0.003470567688701,0.0302131893348107,0.0218393028125877,"Slc18a1/Abat/Entpd1/Syt1/Syt11",5
"GO:0005976","polysaccharide metabolic process","9/662","118/25730",0.076271186440678,2.96443750320037,3.47566634756553,0.0034826580520665,0.0302131893348107,0.0218393028125877,"Egf/Fut9/Igf1/Cd36/Slc37a4/Gnmt/Lepr/Pygl/Phkg1",9
"GO:0035967","cellular response to topologically incorrect protein","9/662","118/25730",0.076271186440678,2.96443750320037,3.47566634756553,0.0034826580520665,0.0302131893348107,0.0218393028125877,"Agr2/Dnajc10/Pdia6/Bhlha15/Sdf2l1/Derl3/Parp16/Herpud1/Creb3l1",9
"GO:0008016","regulation of heart contraction","13/662","212/25730",0.0613207547169811,2.38335803454369,3.28669811643071,0.00350520583111846,0.0303524860487221,0.0219399920540378,"Pkp2/Ace/Atp2b4/Ednra/Cacnb2/Ednrb/Ank2/Adora1/Rgs4/Gstm7/Abcc9/Atp1a2/Adrb3",13
"GO:0002082","regulation of oxidative phosphorylation","4/662","25/25730",0.16,6.21873111782477,4.24235225971471,0.00357286041559539,0.0305486505286634,0.0220817875934308,"Nupr1/Slc25a23/Pde2a/Mlxipl",4
"GO:0010878","cholesterol storage","4/662","25/25730",0.16,6.21873111782477,4.24235225971471,0.00357286041559539,0.0305486505286634,0.0220817875934308,"Cd36/Scarb1/Lpl/Pparg",4
"GO:0016338","calcium-independent cell-cell adhesion via plasma membrane cell-adhesion molecules","4/662","25/25730",0.16,6.21873111782477,4.24235225971471,0.00357286041559539,0.0305486505286634,0.0220817875934308,"Cldn7/Cldn8/Cldn3/Cldn23",4
"GO:0043567","regulation of insulin-like growth factor receptor signaling pathway","4/662","25/25730",0.16,6.21873111782477,4.24235225971471,0.00357286041559539,0.0305486505286634,0.0220817875934308,"Igf1/Cilp/Igfbp6/Igfbp3",4
"GO:0045956","positive regulation of calcium ion-dependent exocytosis","4/662","25/25730",0.16,6.21873111782477,4.24235225971471,0.00357286041559539,0.0305486505286634,0.0220817875934308,"Syt10/Doc2b/Syt1/Kcnb1",4
"GO:0010827","regulation of D-glucose transmembrane transport","8/662","97/25730",0.0824742268041237,3.20553150403339,3.53655176444968,0.00357359106911439,0.0305486505286634,0.0220817875934308,"Ace/Erbb4/Erbb3/Crebl2/Igf1/Ednra/Clip3/Aoc3",8
"GO:0035023","regulation of Rho protein signal transduction","8/662","97/25730",0.0824742268041237,3.20553150403339,3.53655176444968,0.00357359106911439,0.0305486505286634,0.0220817875934308,"Mcf2l/Pdgfrb/Sema4d/Stard8/Lpar1/Nrp1/Rasip1/Ripor2",8
"GO:0003073","regulation of systemic arterial blood pressure","10/662","141/25730",0.0709219858156028,2.75652975080885,3.39874838569907,0.00360055681506814,0.0307229993928077,0.0222078139323546,"Ace/Kdr/Postn/Ednrb/Cd36/Eng/Adora1/Mme/Gpr37l1/Adrb3",10
"GO:0046890","regulation of lipid biosynthetic process","14/662","238/25730",0.0588235294117647,2.28629820508264,3.2397298130613,0.00363241679024938,0.0309383987453663,0.0223635132077284,"H6pd/Ceacam1/Ceacam2/Erbb4/Crebl2/Igf1/Scarb1/Ppargc1a/Adgrf5/Gpr146/Dhcr7/Mlxipl/Pde8b/Fdps",14
"GO:0141156","cAMP/PKA signal transduction","7/662","77/25730",0.0909090909090909,3.53336995330953,3.61789120223491,0.00366617002359858,0.0311691109642672,0.0225302812359331,"Pde3a/Ednra/Pde9a/Pde2a/Lpar1/Pde8b/Pde1a",7
"GO:0006939","smooth muscle contraction","9/662","119/25730",0.0756302521008403,2.93952626367768,3.44616829597305,0.00368390887488763,0.0311981915806196,0.0225513018696523,"Flt1/Atp2b4/Ednra/Abat/Ednrb/Irag1/Atp1a2/Acta2/Adrb3",9
"GO:0043502","regulation of muscle adaptation","9/662","119/25730",0.0756302521008403,2.93952626367768,3.44616829597305,0.00368390887488763,0.0311981915806196,0.0225513018696523,"Igf1/Atp2b4/Pde9a/Rgs4/Lmcd1/Pi16/Pparg/Mef2c/Fdps",9
"GO:0010828","positive regulation of D-glucose transmembrane transport","6/662","58/25730",0.103448275862069,4.02073132617981,3.74262961105014,0.00368960648932478,0.0311981915806196,0.0225513018696523,"Erbb4/Erbb3/Crebl2/Igf1/Clip3/Aoc3",6
"GO:1905039","carboxylic acid transmembrane transport","11/662","165/25730",0.0666666666666667,2.59113796576032,3.33201936847909,0.00373335552631014,0.0315111379801917,0.0227775120558272,"Slc38a1/Slc7a4/Slc7a2/Slc7a8/Abcb1a/Cd36/Rgs4/Arg2/Lrrc8b/Slc7a7/AU018091",11
"GO:0038127","ERBB signaling pathway","10/662","142/25730",0.0704225352112676,2.73711756946513,3.37315128159592,0.00378656265197237,0.0319026431722933,0.0230605076822822,"Egf/Agr2/Ptprj/Ceacam1/Ceacam2/Erbb4/Erbb3/Abcb1a/Sh3gl2/Hap1",10
"GO:0032232","negative regulation of actin filament bundle assembly","5/662","41/25730",0.121951219512195,4.7398865227323,3.89455067387086,0.00387034590047991,0.0324005462938153,0.02342041199168,"Kank4/Rhpn2/S1pr1/Arhgap28/Shank3",5
"GO:0045746","negative regulation of Notch signaling pathway","5/662","41/25730",0.121951219512195,4.7398865227323,3.89455067387086,0.00387034590047991,0.0324005462938153,0.02342041199168,"Gata2/Notch4/Chac1/Egfl7/Dll4",5
"GO:0098868","bone growth","5/662","41/25730",0.121951219512195,4.7398865227323,3.89455067387086,0.00387034590047991,0.0324005462938153,0.02342041199168,"Kdr/Col27a1/Ddr2/Lepr/Fbln5",5
"GO:0050863","regulation of T cell activation","20/662","400/25730",0.05,1.94335347432024,3.09006389185696,0.00387751597828352,0.0324005462938153,0.02342041199168,"Zeb1/Ceacam1/Dpp4/Vnn1/Cd59a/Igf1/Prkcz/Gpnmb/Fgl2/Ctla2a/Il15/Cyp26b1/Tnfrsf14/Rasgrp1/Lrrc32/Arg2/Ildr2/Ripor2/Crtam/Laptm5",20
"GO:0032612","interleukin-1 production","9/662","120/25730",0.075,2.91503021148036,3.41697710408106,0.00389416317731485,0.0324005462938153,0.02342041199168,"Ceacam1/Igf1/S1pr3/Cd36/Lpl/Aim2/Arg2/Ifi207/Panx2",9
"GO:0032652","regulation of interleukin-1 production","9/662","120/25730",0.075,2.91503021148036,3.41697710408106,0.00389416317731485,0.0324005462938153,0.02342041199168,"Ceacam1/Igf1/S1pr3/Cd36/Lpl/Aim2/Arg2/Ifi207/Panx2",9
"GO:0043473","pigmentation","9/662","120/25730",0.075,2.91503021148036,3.41697710408106,0.00389416317731485,0.0324005462938153,0.02342041199168,"Mlph/Myo5c/Ednra/Zeb2/Ednrb/Gna14/Mef2c/Rab17/Spns2",9
"GO:0097530","granulocyte migration","11/662","166/25730",0.0662650602409639,2.57552870090634,3.30937943468729,0.00390812288704624,0.0324326078983547,0.0234435874030024,"Ptprj/Mcoln2/Dpp4/Ednra/Fam3d/Pecam1/Slc37a4/Prex1/Dysf/Itga9/Ripor2",11
"GO:0045216","cell-cell junction organization","14/662","240/25730",0.0583333333333333,2.26724572004028,3.20525171649887,0.00391188854890335,0.0324326078983547,0.0234435874030024,"Pkp2/Ace/Cldn7/Ceacam1/Bhlha15/Cldn8/Cldn3/Cgn/Camsap3/Cdh5/Pecam1/Micall2/Cldn23/Cntnap2",14
"GO:0010749","regulation of nitric oxide mediated signal transduction","3/662","13/25730",0.230769230769231,8.96932372763188,4.67050238170596,0.003998978278365,0.032633896037757,0.0235890865285754,"Kdr/Pde2a/Scarb1",3
"GO:0015870","acetylcholine transport","3/662","13/25730",0.230769230769231,8.96932372763188,4.67050238170596,0.003998978278365,0.032633896037757,0.0235890865285754,"Slc44a4/Slc22a1/Cacna1a",3
"GO:0019627","urea metabolic process","3/662","13/25730",0.230769230769231,8.96932372763188,4.67050238170596,0.003998978278365,0.032633896037757,0.0235890865285754,"Ass1/Asl/Arg2",3
"GO:0042045","epithelial fluid transport","3/662","13/25730",0.230769230769231,8.96932372763188,4.67050238170596,0.003998978278365,0.032633896037757,0.0235890865285754,"Slc5a1/Ednrb/Aqp1",3
"GO:0046007","negative regulation of activated T cell proliferation","3/662","13/25730",0.230769230769231,8.96932372763188,4.67050238170596,0.003998978278365,0.032633896037757,0.0235890865285754,"Lrrc32/Crtam/Laptm5",3
"GO:0051610","serotonin uptake","3/662","13/25730",0.230769230769231,8.96932372763188,4.67050238170596,0.003998978278365,0.032633896037757,0.0235890865285754,"Slc18a1/Slc22a1/Slc6a4",3
"GO:1900747","negative regulation of vascular endothelial growth factor signaling pathway","3/662","13/25730",0.230769230769231,8.96932372763188,4.67050238170596,0.003998978278365,0.032633896037757,0.0235890865285754,"Adgra2/Emilin1/Cadm4",3
"GO:1901374","acetate ester transport","3/662","13/25730",0.230769230769231,8.96932372763188,4.67050238170596,0.003998978278365,0.032633896037757,0.0235890865285754,"Slc44a4/Slc22a1/Cacna1a",3
"GO:2000095","regulation of Wnt signaling pathway, planar cell polarity pathway","3/662","13/25730",0.230769230769231,8.96932372763188,4.67050238170596,0.003998978278365,0.032633896037757,0.0235890865285754,"Nkd1/Plekha4/Ankrd6",3
"GO:0034620","cellular response to unfolded protein","8/662","99/25730",0.0808080808080808,3.14077329183069,3.46805602784534,0.0040493307156098,0.0329298616107677,0.0238030222934976,"Agr2/Dnajc10/Pdia6/Bhlha15/Derl3/Parp16/Herpud1/Creb3l1",8
"GO:0048864","stem cell development","8/662","99/25730",0.0808080808080808,3.14077329183069,3.46805602784534,0.0040493307156098,0.0329298616107677,0.0238030222934976,"Erbb4/Ednra/Sema4d/Zeb2/Ednrb/Nrp1/Fgf2/Aldh1a2",8
"GO:0006694","steroid biosynthetic process","12/662","191/25730",0.06282722513089,2.4419101248003,3.25037550246311,0.00406442707930833,0.0329952448313295,0.0238502839028857,"H6pd/Bmpr1b/Hmgcs2/Igf1/Dhcr24/Scarb1/Idi1/Ppargc1a/Gpr146/Dhcr7/Pde8b/Fdps",12
"GO:0050872","white fat cell differentiation","4/662","26/25730",0.153846153846154,5.97954915175459,4.12816404000293,0.00413766681206596,0.0333007401260249,0.0240711081321566,"Retreg1/Scd1/Pdgfra/Pparg",4
"GO:0051930","regulation of sensory perception of pain","4/662","26/25730",0.153846153846154,5.97954915175459,4.12816404000293,0.00413766681206596,0.0333007401260249,0.0240711081321566,"Mgll/Abcb1a/Pirt/Adora1",4
"GO:0060392","negative regulation of SMAD protein signal transduction","4/662","26/25730",0.153846153846154,5.97954915175459,4.12816404000293,0.00413766681206596,0.0333007401260249,0.0240711081321566,"Cilp/Eng/Emilin1/Pparg",4
"GO:0099509","regulation of presynaptic cytosolic calcium ion concentration","4/662","26/25730",0.153846153846154,5.97954915175459,4.12816404000293,0.00413766681206596,0.0333007401260249,0.0240711081321566,"Cacnb2/P2ry2/Adora1/Cacna1a",4
"GO:0106070","regulation of adenylate cyclase-activating G protein-coupled receptor signaling pathway","4/662","26/25730",0.153846153846154,5.97954915175459,4.12816404000293,0.00413766681206596,0.0333007401260249,0.0240711081321566,"Pde3a/Atp2b4/Pde2a/Mrap2",4
"GO:0010714","positive regulation of collagen metabolic process","5/662","42/25730",0.119047619047619,4.62703208171486,3.82288735329446,0.00430201365193862,0.034386693737547,0.0248560788778676,"Vim/Pdgfrb/Eng/Ddr2/Creb3l1",5
"GO:0051953","negative regulation of amine transport","5/662","42/25730",0.119047619047619,4.62703208171486,3.82288735329446,0.00430201365193862,0.034386693737547,0.0248560788778676,"Abat/Adora1/Entpd1/Rgs4/Syt11",5
"GO:0070633","transepithelial transport","5/662","42/25730",0.119047619047619,4.62703208171486,3.82288735329446,0.00430201365193862,0.034386693737547,0.0248560788778676,"Slc5a1/Cldn3/Ednrb/Abcb1a/Aqp1",5
"GO:1905314","semi-lunar valve development","5/662","42/25730",0.119047619047619,4.62703208171486,3.82288735329446,0.00430201365193862,0.034386693737547,0.0248560788778676,"Adamts5/Tie1/Emilin1/Slit3/Dll4",5
"GO:2000351","regulation of endothelial cell apoptotic process","6/662","60/25730",0.1,3.88670694864048,3.63786010111999,0.00437132475553875,0.0348810828616027,0.0252134431292167,"Kdr/Cdh5/Gata2/Tek/Ecscr/Cd248",6
"GO:0006941","striated muscle contraction","12/662","193/25730",0.0621761658031088,2.41660535666766,3.21013429329219,0.00441553592932057,0.0351738432802436,0.0254250620802445,"Pkp2/Myh14/Cacnb2/Ank2/Chrnb1/Adora1/Rcsd1/Gstm7/Arg2/Abcc9/Atp1a2/Adrb3",12
"GO:1903825","organic acid transmembrane transport","11/662","169/25730",0.0650887573964497,2.52980925651156,3.24244278739634,0.00447189809174967,0.0355622372058188,0.0257058087586971,"Slc38a1/Slc7a4/Slc7a2/Slc7a8/Abcb1a/Cd36/Rgs4/Arg2/Lrrc8b/Slc7a7/AU018091",11
"GO:0045055","regulated exocytosis","15/662","270/25730",0.0555555555555556,2.1592816381336,3.11187572454547,0.00452933971652388,0.035896936465196,0.0259477427827978,"Unc13b/Ceacam1/Gata2/Syt10/Rab11fip1/P2ry2/Gab2/Doc2b/Cacna1a/Syt1/Rasgrp1/Tspan18/Syt11/Kcnb1/Pram1",15
"GO:0099504","synaptic vesicle cycle","15/662","270/25730",0.0555555555555556,2.1592816381336,3.11187572454547,0.00452933971652388,0.035896936465196,0.0259477427827978,"Unc13b/Slc18a1/Atp8a1/Scrn1/Syt10/P2ry2/Atp6v0e2/Doc2b/Lpar1/Sh3gl2/Cacna1a/Syt1/Ap3m2/Syt11/Dnm3",15
"GO:0141091","transforming growth factor beta receptor superfamily signaling pathway","19/662","378/25730",0.0502645502645503,1.95363576783516,3.03530909844658,0.00454493943803922,0.0359596223557892,0.0259930546540991,"Fbn1/Zeb1/Bmpr1b/Col1a2/Kdr/Acvr1c/Cdh5/Cilp/Zeb2/Lox/Aspn/Eng/Emilin1/Gdf7/Lrrc32/Smad9/Chrdl1/Pparg/Bmp8b",19
"GO:0120162","positive regulation of cold-induced thermogenesis","8/662","101/25730",0.0792079207920792,3.07857976129939,3.40127820263451,0.00457246007052287,0.0361162555570354,0.0261062754026475,"Prlr/Esrrg/Scd1/Cd36/Ppargc1a/Plac8/Lepr/Adrb3",8
"GO:0048661","positive regulation of smooth muscle cell proliferation","9/662","123/25730",0.0731707317073171,2.84393191363938,3.33118453062149,0.00458166851884085,0.0361279628905562,0.0261147379320103,"Flt1/Pdgfrb/Igf1/Notch3/S1pr1/Ddr2/Pdgfd/Ppargc1a/Fgf2",9
"GO:0007219","Notch signaling pathway","12/662","194/25730",0.0618556701030928,2.40414862802504,3.19020150276218,0.00459997518616146,0.0362112524755741,0.0261749429784945,"Gata2/Postn/Notch3/Notch4/S1pr3/Sorbs2/Rcan2/Dner/Chac1/Egfl7/Dll4/Hhex",12
"GO:0042755","eating behavior","6/662","61/25730",0.0983606557377049,3.82299044128572,3.58715758113692,0.00474501830445693,0.0369041499313357,0.0266757969991263,"Ace/Col6a1/Cd36/Lepr/Aoc3/Adrb3",6
"GO:0050433","regulation of catecholamine secretion","6/662","61/25730",0.0983606557377049,3.82299044128572,3.58715758113692,0.00474501830445693,0.0369041499313357,0.0266757969991263,"Slc18a1/Abat/Entpd1/Syt1/Syt11/Kcnb1",6
"GO:0061005","cell differentiation involved in kidney development","6/662","61/25730",0.0983606557377049,3.82299044128572,3.58715758113692,0.00474501830445693,0.0369041499313357,0.0266757969991263,"Cd34/Ednra/Basp1/Ednrb/Acta2/Mef2c",6
"GO:1905145","cellular response to acetylcholine","6/662","61/25730",0.0983606557377049,3.82299044128572,3.58715758113692,0.00474501830445693,0.0369041499313357,0.0266757969991263,"Psca/Atp2b4/Sorbs2/Gna14/Chrnb1/Chrm1",6
"GO:0002070","epithelial cell maturation","4/662","27/25730",0.148148148148148,5.75808436835627,4.01978400389923,0.00475979915850511,0.0369041499313357,0.0266757969991263,"Bhlha15/Kdr/Akr1b1/Gata2",4
"GO:0006883","intracellular sodium ion homeostasis","4/662","27/25730",0.148148148148148,5.75808436835627,4.01978400389923,0.00475979915850511,0.0369041499313357,0.0266757969991263,"Scnn1a/Atp12a/Atp1a2/Atp1b2",4
"GO:0032878","regulation of establishment or maintenance of cell polarity","4/662","27/25730",0.148148148148148,5.75808436835627,4.01978400389923,0.00475979915850511,0.0369041499313357,0.0266757969991263,"Igf1/Cdh5/Tek/Ripor2",4
"GO:0051931","regulation of sensory perception","4/662","27/25730",0.148148148148148,5.75808436835627,4.01978400389923,0.00475979915850511,0.0369041499313357,0.0266757969991263,"Mgll/Abcb1a/Pirt/Adora1",4
"GO:0006958","complement activation, classical pathway","5/662","43/25730",0.116279069767442,4.51942668446568,3.75344505386222,0.00476691757025808,0.0369041499313357,0.0266757969991263,"C1rb/C1s2/C1ra/C1s1/C7",5
"GO:0014850","response to muscle activity","5/662","43/25730",0.116279069767442,4.51942668446568,3.75344505386222,0.00476691757025808,0.0369041499313357,0.0266757969991263,"Col6a1/Postn/Ppargc1a/Abcg5/Fndc5",5
"GO:0006631","fatty acid metabolic process","23/662","493/25730",0.0466531440162272,1.81327099023795,2.9629237969203,0.00477534584849496,0.036908292872004,0.0266787916825008,"Tnxb/Ceacam1/Ceacam2/Faah/Akr1b1/Mgll/Scd1/Ces2e/Gstm1/Cd36/Lpl/Ppargc1a/Phyh/Gstm7/Cpt1c/Gk/Abcc9/Pparg/Mlxipl/Naaa/Cyp4f13/Cygb/Aldh1l2",23
"GO:0071230","cellular response to amino acid stimulus","12/662","195/25730",0.0615384615384615,2.39181966070184,3.17039187827077,0.00479052399180647,0.0369645052569093,0.0267194242447291,"Zeb1/Col1a2/Ass1/Hmgcs2/Col1a1/Col6a1/Pdgfra/Col5a2/Rragd/Abcb1a/Pdgfd/Cpeb1",12
"GO:0050764","regulation of phagocytosis","9/662","124/25730",0.0725806451612903,2.82099697885196,3.30316145809558,0.00483067223686821,0.0371088362774424,0.0268237524845499,"Ptprj/Gata2/Il15/Cd36/Scarb1/Mertk/Dysf/Pparg/Syt11",9
"GO:0014033","neural crest cell differentiation","8/662","102/25730",0.0784313725490196,3.04839760677685,3.36850807800742,0.00485272813840553,0.0371088362774424,0.0268237524845499,"Erbb4/Ednra/Sema4d/Zeb2/Ednrb/Nrp1/Aldh1a2/Mef2c",8
"GO:0045428","regulation of nitric oxide biosynthetic process","7/662","81/25730",0.0864197530864197,3.35888254820782,3.45536725403298,0.00485633739823838,0.0371088362774424,0.0268237524845499,"Ass1/Igf1/Atp2b4/Asl/Cd36/Clu/Cpeb1",7
"GO:0060976","coronary vasculature development","7/662","81/25730",0.0864197530864197,3.35888254820782,3.45536725403298,0.00485633739823838,0.0371088362774424,0.0268237524845499,"Ace/Pdgfrb/Pde2a/Plxnd1/Nrp1/Fgf2/Abcc9",7
"GO:1904705","regulation of vascular associated smooth muscle cell proliferation","7/662","81/25730",0.0864197530864197,3.35888254820782,3.45536725403298,0.00485633739823838,0.0371088362774424,0.0268237524845499,"Rgs5/Igf1/Ddr2/Ppargc1a/Fgf2/Pparg/Mef2c",7
"GO:0019722","calcium-mediated signaling","14/662","246/25730",0.0569105691056911,2.21194704394174,3.10383055599144,0.00485684512442146,0.0371088362774424,0.0268237524845499,"Ptprj/Mcoln2/Bhlha15/Erbb3/Kdr/Pdgfrb/Igf1/Atp2b4/Pdgfra/Ednrb/Ank2/Rcan2/Gstm7/Lmcd1",14
"GO:0007043","cell-cell junction assembly","11/662","171/25730",0.064327485380117,2.5002208441547,3.19861468424306,0.00488233522535381,0.0372427398266793,0.0269205433306621,"Pkp2/Ace/Cldn7/Cldn8/Cldn3/Cgn/Cdh5/Pecam1/Micall2/Cldn23/Cntnap2",11
"GO:0070661","leukocyte proliferation","19/662","381/25730",0.0498687664041995,1.93825280903331,2.99835154375804,0.0049400197438124,0.0376213881466886,0.0271942454952539,"Prlr/Ceacam1/Cd59a/Igf1/Gpnmb/Tnfsf13/Il15/Clu/Tnfrsf14/Enpp3/Rasgrp1/Lrrc32/Arg2/Npr3/Ripor2/Crtam/Mef2c/Hhex/Laptm5",19
"GO:0030949","positive regulation of vascular endothelial growth factor receptor signaling pathway","3/662","14/25730",0.214285714285714,8.32865774708675,4.4572537068225,0.00499310280193474,0.0377184954795587,0.0272644385630685,"Kdr/Mt3/Tek",3
"GO:0033189","response to vitamin A","3/662","14/25730",0.214285714285714,8.32865774708675,4.4572537068225,0.00499310280193474,0.0377184954795587,0.0272644385630685,"Abcb1a/Cyp26b1/Aldh1a2",3
"GO:0035435","phosphate ion transmembrane transport","3/662","14/25730",0.214285714285714,8.32865774708675,4.4572537068225,0.00499310280193474,0.0377184954795587,0.0272644385630685,"Cldn3/Slc37a4/Slc37a1",3
"GO:0061140","lung secretory cell differentiation","3/662","14/25730",0.214285714285714,8.32865774708675,4.4572537068225,0.00499310280193474,0.0377184954795587,0.0272644385630685,"Agr2/Igf1/Spdef",3
"GO:1903054","negative regulation of extracellular matrix organization","3/662","14/25730",0.214285714285714,8.32865774708675,4.4572537068225,0.00499310280193474,0.0377184954795587,0.0272644385630685,"Dpp4/Emilin1/Pparg",3
"GO:0014902","myotube differentiation","10/662","148/25730",0.0675675675675676,2.626153343676,3.22407927632424,0.00506805347011231,0.0381613816847748,0.0275845744428013,"Bhlha15/Igf1/Col6a1/Adamts5/Cyp26b1/Xk/Cntnap2/Adamts15/Dner/Ripor2",10
"GO:0050868","negative regulation of T cell activation","10/662","148/25730",0.0675675675675676,2.626153343676,3.22407927632424,0.00506805347011231,0.0381613816847748,0.0275845744428013,"Ceacam1/Gpnmb/Fgl2/Tnfrsf14/Lrrc32/Arg2/Ildr2/Ripor2/Crtam/Laptm5",10
"GO:0001755","neural crest cell migration","6/662","62/25730",0.0967741935483871,3.76132930513595,3.53751782261574,0.00514167449973172,0.0386534886828706,0.0279402890821434,"Erbb4/Ednra/Sema4d/Zeb2/Ednrb/Nrp1",6
"GO:0170035","L-amino acid catabolic process","7/662","82/25730",0.0853658536585366,3.31792056591261,3.41632616919266,0.00519468020119168,0.0389892851055735,0.02818301617982,"Prodh/Aass/Kyat3/Adhfe1/Atp2b4/Asrgl1/Cdo1",7
"GO:0017015","regulation of transforming growth factor beta receptor signaling pathway","10/662","149/25730",0.0671140939597315,2.60852815344999,3.19995335046869,0.00531121428735792,0.0398000609097526,0.0287690773898554,"Fbn1/Zeb1/Cilp/Zeb2/Lox/Aspn/Eng/Emilin1/Lrrc32/Pparg",10
"GO:0051656","establishment of organelle localization","20/662","412/25730",0.0485436893203883,1.88675094594198,2.9486021364175,0.00535429088353587,0.0400421644686059,0.028944079534621,"Exoc6/Unc13b/Syne1/Myo5c/Prkcz/Gata2/Syt10/Gab2/Kif5c/Syt1/Rasgrp1/Dynlt1b/Ntn1/Ap3m2/Syt11/Hap1/Apold1/Rab17/Hhex/Dnm3",20
"GO:0031346","positive regulation of cell projection organization","22/662","469/25730",0.046908315565032,1.8231887605563,2.92375642547467,0.00536064904990318,0.0400421644686059,0.028944079534621,"Fut9/Lrrc7/Erbb4/Sema4d/Dpysl3/Zeb2/P2ry2/Dixdc1/Lpar1/Ddr2/Aqp1/Plxnd1/Nrp1/Cux2/Chodl/Dynlt1b/Ntn1/Atp1b2/Ripor2/Hap1/Cpeb1/Dnm3",22
"GO:0099003","vesicle-mediated transport in synapse","17/662","329/25730",0.0516717325227964,2.00832881844645,2.99126801098501,0.00539187078794731,0.0402111448236708,0.0290662253002582,"Unc13b/Syne1/Slc18a1/Atp8a1/Scrn1/Syt10/P2ry2/Atp6v0e2/Doc2b/Lpar1/Sh3gl2/Cacna1a/Syt1/Ap3m2/Syt11/Hap1/Dnm3",17
"GO:0006790","sulfur compound metabolic process","16/662","302/25730",0.0529801324503311,2.05918248934595,3.00883773833585,0.00540445566383314,0.0402408195606429,0.0290876753881465,"Vnn1/Aass/Hmgcs2/Gstt2/Sqor/Fmo3/Gstm1/Sult1a1/Gsta4/Gnmt/Glo1/Gstm7/Cdo1/Cacna1a/Cth/Chac1",16
"GO:0010743","regulation of macrophage derived foam cell differentiation","4/662","28/25730",0.142857142857143,5.55243849805783,3.91669946403182,0.00544178054953492,0.0403901045232147,0.0291955845356,"Cd36/Abca5/Lpl/Pparg",4
"GO:0098719","sodium ion import across plasma membrane","4/662","28/25730",0.142857142857143,5.55243849805783,3.91669946403182,0.00544178054953492,0.0403901045232147,0.0291955845356,"Slc9a2/Slc5a1/Scnn1a/Slc9a7",4
"GO:0009063","amino acid catabolic process","8/662","104/25730",0.0769230769230769,2.98977457587729,3.30415750454523,0.00545256158622397,0.040405987285552,0.0292070652320714,"Prodh/Aass/Kyat3/Adhfe1/Atp2b4/Abat/Asrgl1/Cdo1",8
"GO:0071470","cellular response to osmotic stress","7/662","83/25730",0.0843373493975904,3.27794561933535,3.37788389264949,0.00555041150746229,0.0409033162664138,0.0295665545296147,"Akr1b1/Slc25a23/Abcb1a/Aqp1/Aqp5/Rcsd1/Dysf",7
"GO:0071674","mononuclear cell migration","13/662","224/25730",0.0580357142857143,2.25567813983599,3.06733895628303,0.00555067046645806,0.0409033162664138,0.0295665545296147,"Flt1/Ptprj/Mcoln2/Pecam1/Ednrb/S1pr1/Jam2/Tnfrsf14/Pdgfd/Emilin1/Ripor2/Crtam/Spns2",13
"GO:0043536","positive regulation of blood vessel endothelial cell migration","6/662","63/25730",0.0952380952380952,3.70162566537189,3.48889980970321,0.0055620984660091,0.0409033162664138,0.0295665545296147,"Jcad/Kdr/Igf1/Gata2/Nrp1/Fgf2",6
"GO:0141161","regulation of cAMP/PKA signal transduction","6/662","63/25730",0.0952380952380952,3.70162566537189,3.48889980970321,0.0055620984660091,0.0409033162664138,0.0295665545296147,"Pde3a/Pde9a/Pde2a/Lpar1/Pde8b/Pde1a",6
"GO:0034219","carbohydrate transmembrane transport","10/662","150/25730",0.0666666666666667,2.59113796576032,3.17602420140327,0.00556341085231804,0.0409033162664138,0.0295665545296147,"Ace/Slc5a1/Erbb4/Erbb3/Crebl2/Igf1/Ednra/Aqp1/Clip3/Aoc3",10
"GO:0043524","negative regulation of neuron apoptotic process","13/662","225/25730",0.0577777777777778,2.24565290365895,3.0496938574565,0.0057569817299657,0.0422600417100779,0.0305472499957364,"Retreg1/Erbb3/Kdr/Mt3/Clu/Plxnd1/Nrp1/Ppargc1a/Pycr1/Cacna1a/Fgf2/Lonrf2/Mef2c",13
"GO:0034446","substrate adhesion-dependent cell spreading","8/662","105/25730",0.0761904761904762,2.96130053229751,3.27255884050319,0.00577289085882234,0.0423104038492998,0.0305836537661748,"Pkp2/Tek/Postn/Micall2/Nrp1/Prex1/Parvb/Mertk",8
"GO:0006972","hyperosmotic response","5/662","45/25730",0.111111111111111,4.3185632762672,3.62073866662404,0.00580176368595352,0.0424554726064454,0.0306885152715538,"Akr1b1/Slc25a23/Abcb1a/Aqp1/Rcsd1",5
"GO:0090092","regulation of transmembrane receptor protein serine/threonine kinase signaling pathway","15/662","278/25730",0.0539568345323741,2.09714403703623,2.98886082608054,0.00589650477791194,0.0430813380336191,0.0311409158583474,"Fbn1/Zeb1/Kdr/Cdh5/Cilp/Zeb2/Atoh8/Lox/Aspn/Eng/Emilin1/Gdf7/Lrrc32/Chrdl1/Pparg",15
"GO:0048863","stem cell differentiation","16/662","305/25730",0.0524590163934426,2.03892823535238,2.96609866552871,0.00592712692512135,0.043215729843405,0.0312380596387316,"Epcam/Erbb4/Ednra/Sema4d/Pdgfra/Zeb2/Ednrb/Nrp1/Etv4/Fgf2/Smad9/Epop/Aldh1a2/Mef2c/Sox17/Hhex",16
"GO:0010657","muscle cell apoptotic process","9/662","128/25730",0.0703125,2.73284082326284,3.19379704073199,0.00593338292546322,0.043215729843405,0.0312380596387316,"Erbb4/Igf1/Nupr1/Col6a1/Fndc1/Dynlt1b/Igfbp3/Pparg/Pde1a",9
"GO:0090497","mesenchymal cell migration","6/662","64/25730",0.09375,3.64378776435045,3.44126474712566,0.00600709432188166,0.0436464207112356,0.0315493802403714,"Erbb4/Ednra/Sema4d/Zeb2/Ednrb/Nrp1",6
"GO:0006937","regulation of muscle contraction","11/662","176/25730",0.0625,2.4291918429003,3.09170481744381,0.00603963085921956,0.0436464207112356,0.0315493802403714,"Pkp2/Flt1/Abat/Cacnb2/Ank2/Adora1/Gstm7/Irag1/Arg2/Atp1a2/Adrb3",11
"GO:0050770","regulation of axonogenesis","11/662","176/25730",0.0625,2.4291918429003,3.09170481744381,0.00603963085921956,0.0436464207112356,0.0315493802403714,"Vim/Mt3/Sema4d/Zeb2/Dixdc1/Xk/Plxnd1/Nrp1/Cacna1a/Chodl/Ntn1",11
"GO:0006874","intracellular calcium ion homeostasis","17/662","333/25730",0.0510510510510511,1.9842047485552,2.93762914660405,0.00606178385840753,0.0436464207112356,0.0315493802403714,"Ubash3b/Plcb4/Atp2b4/Ednra/Cdh5/Cacnb2/P2ry2/Slc25a23/Herpud1/Slc37a4/Ank2/Xk/Adora1/Gstm7/Cacna1a/Fgf2/Hap1",17
"GO:1903844","regulation of cellular response to transforming growth factor beta stimulus","10/662","152/25730",0.0657894736842105,2.55704404515821,3.12874382566388,0.00609580669518899,0.0436464207112356,0.0315493802403714,"Fbn1/Zeb1/Cilp/Zeb2/Lox/Aspn/Eng/Emilin1/Lrrc32/Pparg",10
"GO:0006103","2-oxoglutarate metabolic process","3/662","15/25730",0.2,7.77341389728097,4.26422964315996,0.00612319332475847,0.0436464207112356,0.0315493802403714,"Kyat3/Col6a1/Phyh",3
"GO:0043649","dicarboxylic acid catabolic process","3/662","15/25730",0.2,7.77341389728097,4.26422964315996,0.00612319332475847,0.0436464207112356,0.0315493802403714,"Aldh1l1/Adhfe1/Aldh1l2",3
"GO:0045916","negative regulation of complement activation","3/662","15/25730",0.2,7.77341389728097,4.26422964315996,0.00612319332475847,0.0436464207112356,0.0315493802403714,"Cd59a/Serping1/Clu",3
"GO:0048484","enteric nervous system development","3/662","15/25730",0.2,7.77341389728097,4.26422964315996,0.00612319332475847,0.0436464207112356,0.0315493802403714,"Ednra/Ednrb/Slc6a4",3
"GO:0070106","interleukin-27-mediated signaling pathway","3/662","15/25730",0.2,7.77341389728097,4.26422964315996,0.00612319332475847,0.0436464207112356,0.0315493802403714,"Oasl2/Oas1g/Oas1a",3
"GO:1900426","positive regulation of defense response to bacterium","3/662","15/25730",0.2,7.77341389728097,4.26422964315996,0.00612319332475847,0.0436464207112356,0.0315493802403714,"Unc13b/Mmrn2/Emilin1",3
"GO:1901201","regulation of extracellular matrix assembly","3/662","15/25730",0.2,7.77341389728097,4.26422964315996,0.00612319332475847,0.0436464207112356,0.0315493802403714,"Tie1/Emilin1/Pparg",3
"GO:2000343","positive regulation of chemokine (C-X-C motif) ligand 2 production","3/662","15/25730",0.2,7.77341389728097,4.26422964315996,0.00612319332475847,0.0436464207112356,0.0315493802403714,"Mcoln2/Postn/Lpl",3
"GO:2001212","regulation of vasculogenesis","3/662","15/25730",0.2,7.77341389728097,4.26422964315996,0.00612319332475847,0.0436464207112356,0.0315493802403714,"Ceacam1/Kdr/Cd34",3
"GO:0035025","positive regulation of Rho protein signal transduction","4/662","29/25730",0.137931034482759,5.36097510157308,3.81845960362933,0.00618604508115833,0.0438936977230597,0.0317281219640594,"Mcf2l/Pdgfrb/Sema4d/Lpar1",4
"GO:0060080","inhibitory postsynaptic potential","4/662","29/25730",0.137931034482759,5.36097510157308,3.81845960362933,0.00618604508115833,0.0438936977230597,0.0317281219640594,"Unc13b/Abat/Syt1/Igsf9b",4
"GO:0060571","morphogenesis of an epithelial fold","4/662","29/25730",0.137931034482759,5.36097510157308,3.81845960362933,0.00618604508115833,0.0438936977230597,0.0317281219640594,"Wnt2/Gdf7/Pthlh/Hhex",4
"GO:1904659","D-glucose transmembrane transport","9/662","129/25730",0.0697674418604651,2.71165601067941,3.16711246121263,0.00623716936807465,0.0441383876167893,0.0319049936152156,"Ace/Slc5a1/Erbb4/Erbb3/Crebl2/Igf1/Ednra/Clip3/Aoc3",9
"GO:0016358","dendrite development","17/662","334/25730",0.0508982035928144,1.9782640157751,2.92433591626431,0.00623940851469156,0.0441383876167893,0.0319049936152156,"Syne1/Prex2/Sema4d/Zfp365/Lpar1/Ngef/Nrp1/Prex1/Cacna1a/Cux2/Cntnap2/Dynlt1b/Ntn1/Shank3/Mef2c/Rab17/Dnm3",17
"GO:0018193","peptidyl-amino acid modification","15/662","280/25730",0.0535714285714286,2.08216443677169,2.95875486551812,0.00628565887902056,0.0443984001787011,0.0320929411043648,"Zdhhc3/Flt1/Erbb4/Kdr/Pdgfrb/Crebl2/Ttll10/Pdgfra/Tek/Il15/Lox/Ddr2/Cth/Cadm4/Clip3",15
"GO:0080164","regulation of nitric oxide metabolic process","7/662","85/25730",0.0823529411764706,3.20081748711569,3.30272751475926,0.00631619240474067,0.0445467808213686,0.0322001965731877,"Ass1/Igf1/Atp2b4/Asl/Cd36/Clu/Cpeb1",7
"GO:0009066","aspartate family amino acid metabolic process","5/662","46/25730",0.108695652173913,4.22468146591357,3.55725510978585,0.00637433483064572,0.04475433884099,0.032350227819193,"Aass/Ass1/Asns/Asrgl1/Gnmt",5
"GO:0009651","response to salt stress","5/662","46/25730",0.108695652173913,4.22468146591357,3.55725510978585,0.00637433483064572,0.04475433884099,0.032350227819193,"Akr1b1/Pappa2/Slc25a23/Abcb1a/Aqp1",5
"GO:0010464","regulation of mesenchymal cell proliferation","5/662","46/25730",0.108695652173913,4.22468146591357,3.55725510978585,0.00637433483064572,0.04475433884099,0.032350227819193,"Syne1/Zeb1/Kdr/Wnt2/Prrx1",5
"GO:0050905","neuromuscular process","13/662","228/25730",0.0570175438596491,2.21610483913712,2.99731180801021,0.0064128794709294,0.0449574578801587,0.0324970503924158,"Clic5/Myh14/Ednra/Chrnb1/Hexa/Rcsd1/Gstm7/Cacna1a/Cntnap2/Ptprq/Lonrf2/Shank3/Pde8b",13
"GO:0046622","positive regulation of organ growth","6/662","65/25730",0.0923076923076923,3.58772949105275,3.39457590706709,0.00647746412242491,0.0453422488569744,0.0327751927152638,"Erbb4/Igf1/Wnt2/Fgf2/Mef2c/Fdps",6
"GO:0045807","positive regulation of endocytosis","12/662","203/25730",0.0591133004926108,2.29756075781703,3.01617431746981,0.00655211833344127,0.0457279183987633,0.033053970100047,"Egf/Syne1/Ptprj/Trf/Gata2/Il15/Cd36/Clu/Mertk/Clip3/Pparg/Cd14",12
"GO:0071229","cellular response to acid chemical","12/662","203/25730",0.0591133004926108,2.29756075781703,3.01617431746981,0.00655211833344127,0.0457279183987633,0.033053970100047,"Zeb1/Col1a2/Ass1/Hmgcs2/Col1a1/Col6a1/Pdgfra/Col5a2/Rragd/Abcb1a/Pdgfd/Cpeb1",12
"GO:0007178","cell surface receptor protein serine/threonine kinase signaling pathway","20/662","420/25730",0.0476190476190476,1.85081283268594,2.85688796471296,0.00657512892776656,0.0458201234966266,0.0331206196361416,"Fbn1/Zeb1/Bmpr1b/Col1a2/Kdr/Acvr1c/Cdh5/Cilp/Zeb2/Atoh8/Lox/Aspn/Eng/Emilin1/Gdf7/Lrrc32/Smad9/Chrdl1/Pparg/Bmp8b",20
"GO:0008643","carbohydrate transport","10/662","154/25730",0.0649350649350649,2.52383568093538,3.08221402603964,0.00666704828369816,0.0463226118492907,0.033483838334175,"Ace/Slc5a1/Erbb4/Erbb3/Crebl2/Igf1/Ednra/Aqp1/Clip3/Aoc3",10
"GO:0009185","ribonucleoside diphosphate metabolic process","10/662","154/25730",0.0649350649350649,2.52383568093538,3.08221402603964,0.00666704828369816,0.0463226118492907,0.033483838334175,"Nt5e/Igf1/Nupr1/Col6a1/Entpd3/Entpd2/Entpd1/Ppargc1a/Cbfa2t3/Mlxipl",10
"GO:0030856","regulation of epithelial cell differentiation","11/662","179/25730",0.0614525139664804,2.38847913044946,3.0293016832042,0.00683113652737464,0.0473468146428884,0.0342241731165446,"Prlr/Zeb1/Ceacam1/Cdh5/Zeb2/Atoh8/Notch4/S1pr3/Etv4/Fgf2/Apold1",11
"GO:0031401","positive regulation of protein modification process","14/662","256/25730",0.0546875,2.12554286253776,2.94112886811388,0.00683470912830403,0.0473468146428884,0.0342241731165446,"Fbn1/Erbb4/Kdr/Pdgfrb/Crebl2/Mt3/Sema4d/Limch1/Il15/Ddr2/Fgf2/Septin4/Clip3/Laptm5",14
"GO:0006986","response to unfolded protein","9/662","131/25730",0.0687022900763359,2.67025668227209,3.11449738647067,0.00688050783570797,0.0473832910747724,0.0342505397418158,"Agr2/Dnajc10/Pdia6/Bhlha15/Derl3/Parp16/Herpud1/Creb3l1/Chac1",9
"GO:0009137","purine nucleoside diphosphate catabolic process","9/662","131/25730",0.0687022900763359,2.67025668227209,3.11449738647067,0.00688050783570797,0.0473832910747724,0.0342505397418158,"Nt5e/Igf1/Nupr1/Col6a1/Entpd2/Entpd1/Ppargc1a/Cbfa2t3/Mlxipl",9
"GO:0009181","purine ribonucleoside diphosphate catabolic process","9/662","131/25730",0.0687022900763359,2.67025668227209,3.11449738647067,0.00688050783570797,0.0473832910747724,0.0342505397418158,"Nt5e/Igf1/Nupr1/Col6a1/Entpd2/Entpd1/Ppargc1a/Cbfa2t3/Mlxipl",9
"GO:0046889","positive regulation of lipid biosynthetic process","9/662","131/25730",0.0687022900763359,2.67025668227209,3.11449738647067,0.00688050783570797,0.0473832910747724,0.0342505397418158,"Erbb4/Crebl2/Igf1/Scarb1/Ppargc1a/Adgrf5/Gpr146/Mlxipl/Fdps",9
"GO:0042471","ear morphogenesis","10/662","155/25730",0.0645161290322581,2.50755287009063,3.05922334648621,0.00696780765075399,0.0476797468251089,0.0344648298265329,"Clic5/Zeb1/Ednra/Gata2/Slc44a4/Osr2/Ntn1/Ptprq/Ripor2/Prrx1",10
"GO:0033344","cholesterol efflux","6/662","66/25730",0.0909090909090909,3.53336995330953,3.34879848879223,0.00697400681494787,0.0476797468251089,0.0344648298265329,"Egf/Apof/Abca5/Scarb1/Abcg5/Pparg",6
"GO:0050435","amyloid-beta metabolic process","6/662","66/25730",0.0909090909090909,3.53336995330953,3.34879848879223,0.00697400681494787,0.0476797468251089,0.0344648298265329,"Ace/Igf1/Cd36/Clu/Mme/Hap1",6
"GO:0072577","endothelial cell apoptotic process","6/662","66/25730",0.0909090909090909,3.53336995330953,3.34879848879223,0.00697400681494787,0.0476797468251089,0.0344648298265329,"Kdr/Cdh5/Gata2/Tek/Ecscr/Cd248",6
"GO:0002691","regulation of cellular extravasation","5/662","47/25730",0.106382978723404,4.13479462621328,3.49555187754271,0.0069853952182112,0.0476797468251089,0.0344648298265329,"Fut9/Pecam1/Plvap/Pdgfd/Ripor2",5
"GO:0046486","glycerolipid metabolic process","19/662","394/25730",0.0482233502538071,1.87430030518196,2.84197544271261,0.00699246402458247,0.0476797468251089,0.0344648298265329,"Prdx6/Tnxb/Faah/Apof/Liph/Plaat3/Mgll/Plcb4/Scd1/Cd36/Slc37a4/Pnpla7/Scarb1/Lpl/Gdpd1/Efr3b/Ptprq/Gk/Naaa",19
"GO:0061298","retina vasculature development in camera-type eye","4/662","30/25730",0.133333333333333,5.18227593152064,3.72466616232319,0.00699493291745609,0.0476797468251089,0.0344648298265329,"Pdgfrb/Pdgfra/Nrp1/Arhgef15",4
"GO:0050670","regulation of lymphocyte proliferation","14/662","257/25730",0.0544747081712062,2.1172722677419,2.92527121828132,0.00706343981195389,0.0480766296371127,0.034751712611942,"Prlr/Ceacam1/Cd59a/Igf1/Gpnmb/Tnfsf13/Il15/Tnfrsf14/Lrrc32/Arg2/Ripor2/Crtam/Mef2c/Laptm5",14
"GO:0051494","negative regulation of cytoskeleton organization","11/662","180/25730",0.0611111111111111,2.37520980194696,3.00877952264546,0.00711225675666137,0.048338535747309,0.034941028833598,"Kank4/Camsap3/Cdh5/Sptb/Rhpn2/Pecam1/S1pr1/Arhgap28/Clip3/Shank3/Tmod2",11
"GO:0006022","aminoglycan metabolic process","7/662","87/25730",0.0804597701149425,3.12723547591763,3.22976840999102,0.00715799613624907,0.0485787952584915,0.0351146980268822,"Egf/B3gnt3/Pdgfrb/B3gnt7/Il15/Hexa/Fgf2",7
"GO:2000177","regulation of neural precursor cell proliferation","9/662","132/25730",0.0681818181818182,2.65002746498215,3.08855775282359,0.00722064768836251,0.0489329689721494,0.0353707089661816,"Egf/Igf1/Trf/Gata2/Pde9a/Slc6a4/Fgf2/Gpr37l1/Dll4",9
"GO:0071222","cellular response to lipopolysaccharide","16/662","312/25730",0.0512820512820513,1.99318305058486,2.86824677471236,0.00730673716334955,0.0491094741332386,0.0354982939628628,"Spon2/Vim/Ass1/Hmgcs2/Irak2/Irf8/Ednrb/Abcb1a/Pde2a/Cd36/Mrc1/Scarb1/Ppm1e/Irak3/Mef2c/Cd14",16
"GO:0072659","protein localization to plasma membrane","16/662","312/25730",0.0512820512820513,1.99318305058486,2.86824677471236,0.00730673716334955,0.0491094741332386,0.0354982939628628,"Zdhhc3/Agr2/Pkp2/Lrrc7/Atp2b4/Prkcz/Cacnb2/Cd36/Ank2/Lpar1/Mrap2/Efr3b/Kcnip3/Clip3/Kcnb1/Pram1",16
"GO:0003205","cardiac chamber development","12/662","206/25730",0.058252427184466,2.26410113513038,2.96020418797946,0.00733119537280873,0.0491094741332386,0.0354982939628628,"Pkp2/Ednra/Tek/Pde2a/Ank2/Eng/Plxnd1/Nrp1/Wnt2/Slit3/Mef2c/Dll4",12
"GO:1903037","regulation of leukocyte cell-cell adhesion","19/662","396/25730",0.047979797979798,1.86483414202447,2.81844225599157,0.00736229236772235,0.0491094741332386,0.0354982939628628,"Fut9/Ceacam1/Dpp4/Vnn1/Cd59a/Ass1/Igf1/Prkcz/Gpnmb/Fgl2/Il15/Tnfrsf14/Rasgrp1/Lrrc32/Arg2/Ildr2/Ripor2/Crtam/Laptm5",19
"GO:0001767","establishment of lymphocyte polarity","3/662","16/25730",0.1875,7.28757552870091,4.08826455634501,0.00739372749995722,0.0491094741332386,0.0354982939628628,"Cyp26b1/Ripor2/Crtam",3
"GO:0001768","establishment of T cell polarity","3/662","16/25730",0.1875,7.28757552870091,4.08826455634501,0.00739372749995722,0.0491094741332386,0.0354982939628628,"Cyp26b1/Ripor2/Crtam",3
"GO:0010544","negative regulation of platelet activation","3/662","16/25730",0.1875,7.28757552870091,4.08826455634501,0.00739372749995722,0.0491094741332386,0.0354982939628628,"Ceacam1/Ubash3b/Pdgfra",3
"GO:0030157","pancreatic juice secretion","3/662","16/25730",0.1875,7.28757552870091,4.08826455634501,0.00739372749995722,0.0491094741332386,0.0354982939628628,"Aqp1/Aqp5/Npr3",3
"GO:0046541","saliva secretion","3/662","16/25730",0.1875,7.28757552870091,4.08826455634501,0.00739372749995722,0.0491094741332386,0.0354982939628628,"Aqp1/Aqp5/Chrm1",3
"GO:0098828","modulation of inhibitory postsynaptic potential","3/662","16/25730",0.1875,7.28757552870091,4.08826455634501,0.00739372749995722,0.0491094741332386,0.0354982939628628,"Unc13b/Abat/Igsf9b",3
"GO:0098840","protein transport along microtubule","3/662","16/25730",0.1875,7.28757552870091,4.08826455634501,0.00739372749995722,0.0491094741332386,0.0354982939628628,"Camsap3/Kif5c/Clip3",3
"GO:0099118","microtubule-based protein transport","3/662","16/25730",0.1875,7.28757552870091,4.08826455634501,0.00739372749995722,0.0491094741332386,0.0354982939628628,"Camsap3/Kif5c/Clip3",3
"GO:0140059","dendrite arborization","3/662","16/25730",0.1875,7.28757552870091,4.08826455634501,0.00739372749995722,0.0491094741332386,0.0354982939628628,"Zfp365/Nrp1/Cntnap2",3
"GO:1903826","L-arginine transmembrane transport","3/662","16/25730",0.1875,7.28757552870091,4.08826455634501,0.00739372749995722,0.0491094741332386,0.0354982939628628,"Slc7a2/Slc7a7/AU018091",3
"GO:0045927","positive regulation of growth","16/662","313/25730",0.0511182108626198,1.98681505361814,2.85447599701349,0.00752330690711801,0.0498992668052252,0.0360691877249062,"Agr2/Erbb4/Igf1/Sema4d/Rnf157/Rftn1/Slc44a4/Nrp1/Wnt2/Fgf2/Syt1/Flt4/Ntn1/Mef2c/Fdps/Prr5",16
"GO:0006721","terpenoid metabolic process","8/662","110/25730",0.0727272727272727,2.82669596264762,3.11999324659864,0.00759411798243563,0.0499698719856787,0.0361202239759611,"Akr1b1/Hmgcs2/Adh1/Ces2e/Cyp26b1/Lpl/Aldh1a2/Fdps",8
"GO:0015844","monoamine transport","8/662","110/25730",0.0727272727272727,2.82669596264762,3.11999324659864,0.00759411798243563,0.0499698719856787,0.0361202239759611,"Slc18a1/Abat/Slc22a1/Slc6a4/Entpd1/Syt1/Syt11/Kcnb1",8
"GO:0045921","positive regulation of exocytosis","8/662","110/25730",0.0727272727272727,2.82669596264762,3.11999324659864,0.00759411798243563,0.0499698719856787,0.0361202239759611,"Unc13b/Gata2/Syt10/Gab2/Doc2b/Exph5/Syt1/Kcnb1",8
"GO:0050848","regulation of calcium-mediated signaling","8/662","110/25730",0.0727272727272727,2.82669596264762,3.11999324659864,0.00759411798243563,0.0499698719856787,0.0361202239759611,"Ptprj/Erbb3/Kdr/Pdgfrb/Igf1/Atp2b4/Pdgfra/Lmcd1",8
"GO:0072091","regulation of stem cell proliferation","8/662","110/25730",0.0727272727272727,2.82669596264762,3.11999324659864,0.00759411798243563,0.0499698719856787,0.0361202239759611,"Ace/Epcam/Kdr/Osr2/Fgf2/Septin4/Sox17/Prrx1",8
"GO:0014032","neural crest cell development","7/662","88/25730",0.0795454545454545,3.09169870914584,3.1940750893422,0.0076087572399066,0.0499698719856787,0.0361202239759611,"Erbb4/Ednra/Sema4d/Zeb2/Ednrb/Nrp1/Aldh1a2",7
"GO:1905897","regulation of response to endoplasmic reticulum stress","7/662","88/25730",0.0795454545454545,3.09169870914584,3.1940750893422,0.0076087572399066,0.0499698719856787,0.0361202239759611,"Agr2/Pdia6/Nupr1/Herpud1/Clu/Svip/Creb3l1",7
