"ID","Description","GeneRatio","BgRatio","RichFactor","FoldEnrichment","zScore","pvalue","p.adjust","qvalue","geneID","Count"
"GO:0072001","renal system development","79/1333","395/25730",0.2,3.86046511627907,13.3916183703547,1.5285163221866e-25,8.39002609248227e-22,5.57988905825594e-22,"Hmgcs2/Cyp26b1/Col4a4/Col4a3/Erbb4/Gpc3/Gcnt1/Bmp4/Bicc1/Fbn1/Nkx3-1/Nid1/Pdgfra/Lrp4/Spry1/Hs3st3a1/Cys1/Ptch1/Frem2/Gsta3/Tns2/Klf15/Pdgfrb/Smad9/Hs3st3b1/Ace/Podxl/Cd34/Akr1b1/Egr1/Slc22a1/Pecam1/Id3/Zbtb16/Hdac5/Robo2/Klhl3/Aqp1/Tek/Pgf/Pkhd1/Il6ra/Epha7/Shh/Dchs1/Nrp1/Fgf2/Fgf10/Prickle1/Mme/Arg2/Tcf21/Prdm1/Abcc2/Magi2/Osr2/Aqp11/Enpep/Ret/Tiparp/Acvr2b/Foxf1/Sfrp1/Ednrb/Plxnd1/Ednra/Mef2c/Aldh1a2/Eya1/Wnt2b/Pdgfd/Gli2/Gimap6/Ren1/Ren2/Sox17/Heyl/Acta2/Anks6",79
"GO:0001822","kidney development","76/1333","382/25730",0.198952879581152,3.84025325703154,13.0729985755605,1.82769327218516e-24,5.01610418551218e-21,3.33602119365165e-21,"Hmgcs2/Cyp26b1/Col4a4/Col4a3/Erbb4/Gpc3/Gcnt1/Bmp4/Bicc1/Fbn1/Nkx3-1/Nid1/Pdgfra/Lrp4/Spry1/Hs3st3a1/Cys1/Ptch1/Frem2/Gsta3/Tns2/Klf15/Pdgfrb/Smad9/Hs3st3b1/Ace/Podxl/Cd34/Akr1b1/Egr1/Slc22a1/Pecam1/Id3/Zbtb16/Robo2/Klhl3/Aqp1/Tek/Pgf/Pkhd1/Il6ra/Epha7/Shh/Dchs1/Nrp1/Fgf2/Fgf10/Mme/Arg2/Tcf21/Prdm1/Abcc2/Magi2/Osr2/Aqp11/Enpep/Ret/Tiparp/Acvr2b/Sfrp1/Ednrb/Plxnd1/Ednra/Mef2c/Aldh1a2/Eya1/Wnt2b/Pdgfd/Gli2/Gimap6/Ren1/Ren2/Sox17/Heyl/Acta2/Anks6",76
"GO:0030198","extracellular matrix organization","63/1333","323/25730",0.195046439628483,3.76484988120095,11.6883831235449,5.0773623176184e-20,6.46894114018581e-17,4.30224810849726e-17,"Pmp22/Col4a4/Col4a3/Lama2/Vit/Crispld2/Egfl6/Loxl4/Nid1/Pdgfra/Tnxb/Lama1/Col27a1/Col3a1/Axin2/Col6a1/Tgfbr3/Col6a5/Csgalnact1/Col1a2/Adamts5/Apbb1/Efemp2/Lcp1/Dpp4/Dpt/Ddr2/Adamdec1/Plod1/Adamtsl1/Lox/Col5a2/Ero1b/Creb3l1/Flrt2/Fkbp10/Mfap4/Emilin1/Prickle1/Fbln5/Sfrp2/Ecm2/Reck/Aebp1/Col1a1/Col5a1/Egflam/Tie1/Col5a3/Adamts4/Foxf1/Abi3bp/Myh11/Eln/Il6/Aplp1/Optc/Adamts8/Col6a6/Col11a2/Eng/Adamts2/Angptl7",63
"GO:0061138","morphogenesis of a branching epithelium","53/1333","235/25730",0.225531914893617,4.35329045027214,12.0707959978441,5.42095032019338e-20,6.46894114018581e-17,4.30224810849726e-17,"Egf/Gpc3/Bmp4/Flt1/Igf1/Nkx3-1/Pdgfra/Lama1/Spry1/Hs3st3a1/Cxcl12/Ptch1/Hhip/Etv4/Gdf7/Fzd5/Hs3st3b1/Kdr/Mgp/Llgl2/Tek/Pgf/Pkhd1/Adm/Etv5/Dll4/Shh/Dchs1/Rspo3/Nrp1/Fgf2/Fgf10/Pgr/Sfrp2/Tcf21/Nfatc4/Notch4/Tie1/Foxf1/Sfrp1/Plxnd1/Ednra/Csmd1/Wnt2/Eya1/Wnt2b/Il6/Gli2/Hhex/Rasip1/Ccl11/Eng/Il10",53
"GO:0045229","external encapsulating structure organization","63/1333","324/25730",0.194444444444444,3.75322997416021,11.657492973355,5.99412934623597e-20,6.46894114018581e-17,4.30224810849726e-17,"Pmp22/Col4a4/Col4a3/Lama2/Vit/Crispld2/Egfl6/Loxl4/Nid1/Pdgfra/Tnxb/Lama1/Col27a1/Col3a1/Axin2/Col6a1/Tgfbr3/Col6a5/Csgalnact1/Col1a2/Adamts5/Apbb1/Efemp2/Lcp1/Dpp4/Dpt/Ddr2/Adamdec1/Plod1/Adamtsl1/Lox/Col5a2/Ero1b/Creb3l1/Flrt2/Fkbp10/Mfap4/Emilin1/Prickle1/Fbln5/Sfrp2/Ecm2/Reck/Aebp1/Col1a1/Col5a1/Egflam/Tie1/Col5a3/Adamts4/Foxf1/Abi3bp/Myh11/Eln/Il6/Aplp1/Optc/Adamts8/Col6a6/Col11a2/Eng/Adamts2/Angptl7",63
"GO:0043062","extracellular structure organization","63/1333","325/25730",0.193846153846154,3.74168157423971,11.6267252360178,7.07116903645744e-20,6.46894114018581e-17,4.30224810849726e-17,"Pmp22/Col4a4/Col4a3/Lama2/Vit/Crispld2/Egfl6/Loxl4/Nid1/Pdgfra/Tnxb/Lama1/Col27a1/Col3a1/Axin2/Col6a1/Tgfbr3/Col6a5/Csgalnact1/Col1a2/Adamts5/Apbb1/Efemp2/Lcp1/Dpp4/Dpt/Ddr2/Adamdec1/Plod1/Adamtsl1/Lox/Col5a2/Ero1b/Creb3l1/Flrt2/Fkbp10/Mfap4/Emilin1/Prickle1/Fbln5/Sfrp2/Ecm2/Reck/Aebp1/Col1a1/Col5a1/Egflam/Tie1/Col5a3/Adamts4/Foxf1/Abi3bp/Myh11/Eln/Il6/Aplp1/Optc/Adamts8/Col6a6/Col11a2/Eng/Adamts2/Angptl7",63
"GO:0001763","morphogenesis of a branching structure","55/1333","255/25730",0.215686274509804,4.16324669402645,11.8660007593536,9.73420665265277e-20,7.63300861663015e-17,5.07642536412027e-17,"Egf/Gpc3/Bmp4/Flt1/Igf1/Nkx3-1/Pdgfra/Lama1/Spry1/Hs3st3a1/Cxcl12/Ptch1/Hhip/Etv4/Gdf7/Fzd5/Hs3st3b1/Kdr/Mgp/Llgl2/Tek/Pgf/Pkhd1/Adm/Etv5/Epha7/Dll4/Shh/Dchs1/Rspo3/Nrp1/Fgf2/Fgf10/Pgr/Sfrp2/Tcf21/Prdm1/Nfatc4/Notch4/Tie1/Foxf1/Sfrp1/Plxnd1/Ednra/Csmd1/Wnt2/Eya1/Wnt2b/Il6/Gli2/Hhex/Rasip1/Ccl11/Eng/Il10",55
"GO:0060562","epithelial tube morphogenesis","71/1333","407/25730",0.174447174447174,3.36723615793383,11.2522540239956,1.52506469333213e-19,1.0463850127125e-16,6.95911099536291e-17,"Egf/Gpc3/Bmp4/Flt1/Smarca1/Igf1/Nkx3-1/Pdgfra/Lama1/Spry1/Hs3st3a1/Cxcl12/Cecr2/Dlc1/Ptch1/Hhip/Pthlh/Etv4/Gdf7/Hs3st3b1/Stard13/Kdr/Mgp/Podxl/Acvrl1/Hdac5/Klhl3/Zeb2/Tek/Pgf/Pkhd1/Adm/Etv5/Epha7/Dll4/Shh/Stox1/Dchs1/Mmrn2/Arl13b/Nrp1/Fgf2/Fgf10/Prickle1/Pgr/Sfrp2/Tcf21/Shank3/Nfatc4/Ret/Notch4/Tie1/Ntn1/Foxf1/Sfrp1/Plxnd1/Ednra/Csmd1/Mef2c/Aldh1a2/Nodal/Wnt2/Eya1/Wnt2b/Gli2/Hhex/Bmp5/Sox17/Rasip1/Ccl11/Eng",71
"GO:0048754","branching morphogenesis of an epithelial tube","46/1333","197/25730",0.233502538071066,4.50714201392988,11.5503157745698,3.64349650107398e-18,2.22212803271056e-15,1.4778533176286e-15,"Egf/Gpc3/Bmp4/Flt1/Igf1/Nkx3-1/Pdgfra/Lama1/Spry1/Hs3st3a1/Cxcl12/Ptch1/Hhip/Etv4/Gdf7/Hs3st3b1/Kdr/Mgp/Tek/Pgf/Pkhd1/Etv5/Dll4/Shh/Dchs1/Nrp1/Fgf2/Fgf10/Pgr/Sfrp2/Tcf21/Nfatc4/Notch4/Tie1/Foxf1/Plxnd1/Ednra/Csmd1/Wnt2/Eya1/Wnt2b/Gli2/Hhex/Rasip1/Ccl11/Eng",46
"GO:0050678","regulation of epithelial cell proliferation","70/1333","431/25730",0.162412993039443,3.13494847029623,10.4479881145966,1.47790369825e-17,8.11221339969425e-15,5.39512634266421e-15,"Col4a3/Egf/Erbb4/Gpc3/Jcad/Bmp4/Flt1/Zeb1/Irs2/Igf1/Nkx3-1/Twist2/Atoh8/Cxcl12/Ptch1/Itpr1/Klf9/Tgfbr3/Etv4/Tgfb3/Kdr/Erbb3/Tgm1/Acvrl1/Zfp36/Gata2/Ptprm/Tek/Pgf/Pkhd1/Dll4/Igf2/Shh/Nr4a1/Mmrn2/Isl1/Fgf2/Fgf10/Nr1d1/Pgr/Sfrp2/Ceacam2/Foxp2/Osr2/Aqp11/Lims2/Errfi1/Tie1/Ghrl/Ptprn/Egfl7/Ppp1r16b/Sfrp1/Ednrb/Ednra/Plxnb3/Mef2c/Aldh1a2/Nlrc3/Nodal/Wnt2/Eya1/Il6/Gli2/Prkd1/Bmp5/Eaf2/Ccl11/Eng/Il10",70
"GO:0003018","vascular process in circulatory system","50/1333","268/25730",0.186567164179104,3.60118014578272,10.0057554861363,2.38217964599379e-15,1.1887076433509e-12,7.90564498785308e-13,"Slc6a4/Pde3a/Dock5/Faah/Itga9/Itga1/Adcy6/Kcnma1/Mgll/Npr3/Sh3gl2/Flvcr2/Tgfbr3/Ptger3/Add3/Atp1a2/Kdr/Ace/Adora1/Pde2a/Slc22a1/Pecam1/Ptprm/Zeb2/Cdh5/Adm/Pla2g6/Irag1/Abcb1a/Plvap/Cd36/Svep1/Abcc9/Abcc2/Gper1/Akap12/Cacna1c/Ednrb/Npr1/Ednra/Ocln/Vstm4/Ddah1/Gucy1a1/Mas1/Cldn5/Ren1/Ren2/Adra2a/Acta2",50
"GO:0072006","nephron development","39/1333","181/25730",0.215469613259669,4.15906462803546,9.96940318397311,2.21163517311665e-14,1.01163878876978e-11,6.72802700032329e-12,"Col4a4/Col4a3/Erbb4/Gpc3/Bmp4/Nid1/Pdgfra/Hs3st3a1/Ptch1/Klf15/Pdgfrb/Hs3st3b1/Podxl/Cd34/Egr1/Slc22a1/Pecam1/Klhl3/Aqp1/Tek/Pgf/Il6ra/Shh/Dchs1/Fgf2/Tcf21/Abcc2/Magi2/Aqp11/Enpep/Ret/Ednrb/Ednra/Mef2c/Eya1/Wnt2b/Pdgfd/Heyl/Acta2",39
"GO:0043491","phosphatidylinositol 3-kinase/protein kinase B signal transduction","58/1333","367/25730",0.158038147138965,3.05050377035676,9.24808065199806,3.08781791400232e-14,1.30377173307375e-11,8.67089273340893e-12,"Irs1/Egf/Gab2/Erbb4/Igf1r/Insr/Prex2/Flt1/Mertk/Irs2/Igf1/Nkx3-1/Cxcl12/Col6a2/Col6a1/Pdgfrb/Pik3ip1/Kdr/Pink1/Erbb3/Rapgef3/Reln/Pecam1/Ppara/Meis3/Ddr2/Tek/Prr5/Pkhd1/Lox/Epha7/Igf2/Nrxn1/Stox1/Rcn3/Fgf2/Rasgrp1/Unc5b/Fkbp5/Ceacam2/Abcc2/Magi2/Errfi1/Gper1/Ntf3/Ret/Pear1/Ppp1r16b/Myoc/Cntnap2/Nlrc3/Il6/Pdgfd/Obscn/Prkd1/Adra2a/Eng/Tmem100",58
"GO:0001935","endothelial cell proliferation","37/1333","174/25730",0.21264367816092,4.10451750868752,9.60462942164895,1.5774005952537e-13,6.18453704810538e-11,4.11310170251114e-11,"Col4a3/Egf/Jcad/Bmp4/Flt1/Igf1/Atoh8/Cxcl12/Kdr/Cd34/Acvrl1/Gata2/Ptprm/Zeb2/Tek/Pgf/Dll4/Igf2/Nr4a1/Mmrn2/Fgf2/Fgf10/Col8a2/Enpep/Tie1/Ghrl/Egfl7/Ppp1r16b/Plxnb3/Mef2c/Vstm4/Aldh1a2/Wnt2/Prkd1/Ccl11/Eng/Il10",37
"GO:0040013","negative regulation of locomotion","56/1333","363/25730",0.154269972451791,2.97776923569735,8.87059375295523,2.41026942339884e-13,8.81997924335747e-11,5.86583463884011e-11,"Erbb4/Kank1/Dpysl3/Pkp2/Plcb1/Srgap2/Cxcl12/Dlc1/Acvr1c/Col3a1/Ppargc1a/Cnn2/Tgfbr3/Stard13/St6gal1/Adora1/Acvrl1/Hdac5/Arrdc3/Robo2/Cdh11/Dpp4/Ptprt/Ptprm/Zeb2/Mitf/Rabgef1/Dll4/Shh/Atp1b2/Mmrn2/Nrp1/Fgf2/Emilin1/Sfrp2/Limch1/Reck/Magi2/Robo4/Tie1/Ghrl/Egfl7/Cygb/Sfrp1/Plxnb3/Mef2c/Arap3/Nodal/Cldn5/Hnf4a/Ripor2/Angpt4/Dpep1/Apod/Eng/Nav3",56
"GO:0042692","muscle cell differentiation","67/1333","491/25730",0.136456211812627,2.63392222801118,8.54465181353953,4.31768078456787e-13,1.48123436415582e-10,9.85112957952723e-11,"Pmp22/Cyp26b1/Lama2/Dock5/Bmp4/Zeb1/Igf1/Nid1/Pdgfra/Lama1/Cxcl12/Syne1/Chrnb1/Pias1/Col6a1/Pdgfrb/Ank2/Thra/Bhlha15/Smarcd3/Adamts5/Myh10/Sox6/Efemp2/Xk/Hdac5/Dner/Ppara/Rora/Sorbs2/Tmod4/Adm/Lox/Igf2/Shh/Ereg/Abcb1a/Isl1/Fgf10/Prickle1/Tmem204/Tmod2/Myl9/Abcc2/Nfatc4/Gper1/Ntf3/Nrap/Mybph/Notch4/Foxf1/Ednrb/Ednra/Mef2c/Myh11/Cntnap2/Capn3/Olfm2/Syna/Lmod1/Ripor2/Cth/Prkd1/Ttn/Pi16/Rgs4/Eng",67
"GO:1901342","regulation of vasculature development","52/1333","327/25730",0.159021406727829,3.06948296707204,8.80342246506956,5.180106176402e-13,1.6725648707218e-10,1.11235964209053e-10,"Col4a3/Jcad/Cd59a/Flt1/Ppp1r15a/Cxcl12/Hhip/Stard13/Ccbe1/Kdr/Rapgef3/Cd34/Acvrl1/Aqp1/Gata2/Ptprm/Cdh5/Tek/Pgf/Adm/Tspan18/Igf2/Shh/Adgra2/Creb3l1/Isl1/Nrp1/Fgf2/Cd36/Emilin1/Fbln5/Sfrp2/Reck/Zfp354c/Notch4/Tie1/Ghrl/Ppp1r16b/Plxnd1/Nodal/Ddah1/Cldn5/Rhoj/Ptgis/Angpt4/Hhex/Optc/Prkd1/Ccl11/Eng/Il10/Angptl7",52
"GO:0032835","glomerulus development","24/1333","78/25730",0.307692307692308,5.9391771019678,10.2117364922941,6.07810594412675e-13,1.77432318475733e-10,1.18003524843724e-10,"Col4a4/Col4a3/Bmp4/Nid1/Pdgfra/Klf15/Pdgfrb/Podxl/Cd34/Egr1/Pecam1/Aqp1/Tek/Il6ra/Tcf21/Magi2/Enpep/Ret/Ednrb/Ednra/Mef2c/Pdgfd/Heyl/Acta2",24
"GO:0001667","ameboidal-type cell migration","48/1333","287/25730",0.167247386759582,3.228263511871,8.87322824972511,6.14176362003811e-13,1.77432318475733e-10,1.18003524843724e-10,"Pmp22/Irs1/Amotl2/Gab2/Erbb4/Kank1/Gpc3/Dock5/Bmp4/Irs2/Daam2/Srgap2/Cxcl12/Acvr1c/Tgfbr3/Tns1/Vim/Pkn1/Aqp1/Ddr2/Zeb2/Syde1/Shh/Cd248/Isl1/Nrp1/Fgf2/Fgf10/Ret/Sema3b/Sema4g/Akap12/Acvr2b/Sema3g/Enpp2/Cygb/Radil/Ednrb/Ednra/Crb2/Nodal/Sema6b/Sema3d/Sema6c/Snai1/Sox17/Itga11/Acta2",48
"GO:0030336","negative regulation of cell migration","51/1333","328/25730",0.155487804878049,3.00127623369257,8.52645136169754,2.0859685730631e-12,5.72494074877167e-10,3.80744158493833e-10,"Erbb4/Kank1/Dpysl3/Pkp2/Plcb1/Srgap2/Cxcl12/Dlc1/Acvr1c/Col3a1/Ppargc1a/Cnn2/Tgfbr3/Stard13/Adora1/Acvrl1/Hdac5/Cdh11/Dpp4/Ptprt/Ptprm/Zeb2/Mitf/Rabgef1/Dll4/Shh/Atp1b2/Mmrn2/Fgf2/Emilin1/Sfrp2/Limch1/Reck/Magi2/Robo4/Tie1/Egfl7/Cygb/Sfrp1/Plxnb3/Mef2c/Arap3/Nodal/Cldn5/Hnf4a/Ripor2/Angpt4/Dpep1/Apod/Eng/Nav3",51
"GO:0031589","cell-substrate adhesion","56/1333","383/25730",0.14621409921671,2.82227214767138,8.3986146845281,2.26952140369378e-12,5.93209665946436e-10,3.9452131468722e-10,"Kank1/Agr2/Dock5/Vit/Pkp2/Mertk/Egfl6/Nid1/Tnxb/Itga9/Srgap2/Itga1/Dlc1/Col3a1/Spry4/Kdr/St6gal1/Cd34/Acvrl1/Pecam1/Camsap3/Efemp2/Itgbl1/Cdh11/Tek/Fbln2/Pkhd1/Atp1b2/Vwf/Sorbs1/Nrp1/Cd36/Svep1/Emilin1/Ecm2/Limch1/Sned1/Col1a1/Lims2/Ephb1/Nid2/Egflam/Col5a3/Enpp2/Jam3/Radil/Foxf1/Abi3bp/Sfrp1/Myoc/Parvb/Spock1/Coro2b/Apod/Itga11/Prex1",56
"GO:0045765","regulation of angiogenesis","50/1333","320/25730",0.15625,3.01598837209302,8.48240480800527,2.84859245620023e-12,6.7982278226448e-10,4.52124422796448e-10,"Col4a3/Jcad/Cd59a/Flt1/Ppp1r15a/Hhip/Stard13/Ccbe1/Kdr/Rapgef3/Cd34/Acvrl1/Aqp1/Gata2/Ptprm/Cdh5/Tek/Pgf/Adm/Tspan18/Igf2/Shh/Adgra2/Creb3l1/Isl1/Nrp1/Fgf2/Cd36/Emilin1/Fbln5/Sfrp2/Reck/Zfp354c/Notch4/Tie1/Ghrl/Ppp1r16b/Plxnd1/Nodal/Ddah1/Cldn5/Rhoj/Ptgis/Angpt4/Hhex/Optc/Prkd1/Ccl11/Eng/Il10",50
"GO:0051896","regulation of phosphatidylinositol 3-kinase/protein kinase B signal transduction","50/1333","320/25730",0.15625,3.01598837209302,8.48240480800527,2.84859245620023e-12,6.7982278226448e-10,4.52124422796448e-10,"Irs1/Egf/Erbb4/Igf1r/Insr/Flt1/Mertk/Irs2/Igf1/Nkx3-1/Cxcl12/Pdgfrb/Pik3ip1/Kdr/Pink1/Rapgef3/Reln/Pecam1/Ppara/Meis3/Ddr2/Tek/Prr5/Pkhd1/Lox/Epha7/Igf2/Nrxn1/Stox1/Rcn3/Fgf2/Rasgrp1/Unc5b/Fkbp5/Ceacam2/Magi2/Gper1/Ntf3/Ret/Ppp1r16b/Myoc/Cntnap2/Nlrc3/Il6/Pdgfd/Obscn/Prkd1/Adra2a/Eng/Tmem100",50
"GO:0006816","calcium ion transport","63/1333","472/25730",0.133474576271186,2.57636972802523,8.07956392130866,5.77321879887304e-12,1.32038324945892e-09,8.78136964670689e-10,"Ubash3b/Egf/Plcb4/Bmp4/Plcb1/Igf1/Cxcl12/Plcl2/Itpr1/Slc25a23/Mcoln2/Cacnb2/Pdgfrb/Tpcn1/Ptger3/Ank2/Bhlha15/Atp1a2/Ace/Cracr2a/Mylk/Rapgef3/Slc25a25/Cracr2b/Calcrl/Akap5/P2rx7/Epm2a/Tspan18/Kcnn4/Letm2/Nalcn/Isl1/Rgs9/Fgf2/Il16/Grin2d/Gper1/Gnao1/Plp1/Plcl1/Cacna1c/Homer2/Gstm7/Gp1ba/Ednrb/Ednra/P2rx6/Mettl21c/Atp2b2/Capn3/Cacna1a/Atp2b3/Rem1/Prkd1/Trpc1/Wnk3/Slc8a2/Rgs4/Gja4/Pde4b/Pkdrej/Chrna4",63
"GO:0001936","regulation of endothelial cell proliferation","32/1333","150/25730",0.213333333333333,4.11782945736434,8.95171053977543,6.23509874272143e-12,1.36897827995192e-09,9.10455681674018e-10,"Col4a3/Egf/Jcad/Bmp4/Flt1/Igf1/Atoh8/Cxcl12/Kdr/Acvrl1/Gata2/Ptprm/Tek/Pgf/Dll4/Igf2/Nr4a1/Mmrn2/Fgf2/Fgf10/Tie1/Ghrl/Egfl7/Ppp1r16b/Plxnb3/Mef2c/Aldh1a2/Wnt2/Prkd1/Ccl11/Eng/Il10",32
"GO:0030324","lung development","43/1333","255/25730",0.168627450980392,3.25490196078431,8.45860945005098,7.3971839976176e-12,1.56165934472781e-09,1.03860057100153e-09,"Hmgcs2/Gpc3/Agr2/Bmp4/Igf1/Fbn1/Pdgfra/Lama1/Spry1/Col3a1/Hhip/Col6a1/Flvcr2/Pdgfrb/Pthlh/Thra/Ccbe1/Tgfb3/Kdr/Ace/Mgp/Thrb/Lox/Shh/Rcn3/Fgf2/Fgf10/Mme/Pgr/Tcf21/Foxp2/Errfi1/Acvr2b/Spdef/Foxf1/Sim2/Aldh1a2/Nodal/Wnt2/Wnt2b/Gli2/Hhex/Adamts2",43
"GO:0030323","respiratory tube development","43/1333","258/25730",0.166666666666667,3.21705426356589,8.36590575675678,1.10159228711811e-11,2.23949631999679e-09,1.48940430866496e-09,"Hmgcs2/Gpc3/Agr2/Bmp4/Igf1/Fbn1/Pdgfra/Lama1/Spry1/Col3a1/Hhip/Col6a1/Flvcr2/Pdgfrb/Pthlh/Thra/Ccbe1/Tgfb3/Kdr/Ace/Mgp/Thrb/Lox/Shh/Rcn3/Fgf2/Fgf10/Mme/Pgr/Tcf21/Foxp2/Errfi1/Acvr2b/Spdef/Foxf1/Sim2/Aldh1a2/Nodal/Wnt2/Wnt2b/Gli2/Hhex/Adamts2",43
"GO:2000146","negative regulation of cell motility","51/1333","344/25730",0.148255813953488,2.86168199026501,8.12542144463364,1.29291359796391e-11,2.53457240686568e-09,1.68564825478904e-09,"Erbb4/Kank1/Dpysl3/Pkp2/Plcb1/Srgap2/Cxcl12/Dlc1/Acvr1c/Col3a1/Ppargc1a/Cnn2/Tgfbr3/Stard13/Adora1/Acvrl1/Hdac5/Cdh11/Dpp4/Ptprt/Ptprm/Zeb2/Mitf/Rabgef1/Dll4/Shh/Atp1b2/Mmrn2/Fgf2/Emilin1/Sfrp2/Limch1/Reck/Magi2/Robo4/Tie1/Egfl7/Cygb/Sfrp1/Plxnb3/Mef2c/Arap3/Nodal/Cldn5/Hnf4a/Ripor2/Angpt4/Dpep1/Apod/Eng/Nav3",51
"GO:0021700","developmental maturation","57/1333","413/25730",0.138014527845036,2.66400135142745,7.96857922428769,1.5539890764326e-11,2.94132622087536e-09,1.95616483378158e-09,"Pmp22/Erbb4/Pde3a/Plcb1/Igf1/Catsperd/Kcnma1/Bhlha15/Fzd5/Kdr/Dab1/Akr1b1/Reln/Zbtb16/Robo2/Nrg2/Defb1/Gata2/Slc26a3/Cdh5/Akap5/Il15/Kcnb1/Nrxn1/Ereg/Dchs1/B4galt6/Chrdl1/Rnd1/Pgr/Reck/Flvcr1/Tbx6/Nfatc4/Xylt1/Ret/Plp1/S1pr1/Arhgef15/Rec8/Septin4/Nrn1/Ednrb/Ednra/Mdga2/Sybu/Myoc/Cntnap2/Pla2g3/Aldh1a2/Atp6v0a4/Hid1/Cacna1a/Cabyr/Grb14/Ren1/Pld6",57
"GO:0034762","regulation of transmembrane transport","60/1333","449/25730",0.133630289532294,2.57937535608847,7.89168457444235,1.76352593163381e-11,3.22666461291267e-09,2.14593260733546e-09,"Ubash3b/Irs1/Erbb4/Gpc3/Insr/Bmp4/Crebl2/Irs2/Igf1/Klf15/Cacnb2/Akap7/Ptger3/Ank2/Kcnip3/Ehd3/Atp1a2/Ace/Cracr2a/Erbb3/Rapgef3/Reln/Vamp2/Ptprm/Amigo1/Akap5/P2rx7/Kcnn4/Slc43a1/Atp1b2/Wnk2/Fgf12/Sorbs1/Rgs9/Arg2/Fhl1/Grin2d/Abcc9/Aoc3/Gper1/Plp1/Pid1/Cacna1c/Gstm7/Stac2/Acacb/Ednra/Ocln/Mettl21c/Clip3/Capn3/Nlgn3/Rem1/Prkd1/Trpc1/Wnk3/Fxyd1/Trib3/Rgs4/Pde4b",60
"GO:0002040","sprouting angiogenesis","31/1333","147/25730",0.210884353741497,4.07055845594052,8.72687221475356,1.82236193845708e-11,3.22675634844868e-09,2.14599361717119e-09,"Jcad/Bmp4/Flt1/Flvcr2/Tgfbr3/Stard13/Ccbe1/Kdr/Hdac5/Gata2/Cdh5/Tek/Pgf/Tspan18/Dll4/Shh/Adgra2/Nr4a1/Mmrn2/Rspo3/Creb3l1/Nrp1/Fgf2/Reck/Zfp354c/Ghrl/Ppp1r16b/Vstm4/Rhoj/Clec14a/Il10",31
"GO:0034764","positive regulation of transmembrane transport","38/1333","213/25730",0.178403755868545,3.44360738071842,8.37075706771661,2.1624438464634e-11,3.60366238479002e-09,2.39665956802635e-09,"Irs1/Erbb4/Gpc3/Insr/Bmp4/Crebl2/Irs2/Igf1/Klf15/Cacnb2/Akap7/Ank2/Ehd3/Cracr2a/Erbb3/Rapgef3/Reln/Ptprm/Amigo1/Akap5/P2rx7/Atp1b2/Wnk2/Sorbs1/Fhl1/Aoc3/Gper1/Plp1/Cacna1c/Stac2/Ednra/Ocln/Clip3/Capn3/Nlgn3/Trpc1/Wnk3/Fxyd1",38
"GO:0072073","kidney epithelium development","34/1333","175/25730",0.194285714285714,3.75016611295681,8.53293275767554,2.16653049185773e-11,3.60366238479002e-09,2.39665956802635e-09,"Gpc3/Bmp4/Spry1/Hs3st3a1/Ptch1/Gsta3/Klf15/Smad9/Hs3st3b1/Podxl/Cd34/Slc22a1/Pecam1/Robo2/Klhl3/Aqp1/Pgf/Epha7/Shh/Dchs1/Fgf2/Arg2/Tcf21/Abcc2/Magi2/Aqp11/Ret/Sfrp1/Ednrb/Ednra/Mef2c/Eya1/Wnt2b/Heyl",34
"GO:0007411","axon guidance","43/1333","264/25730",0.162878787878788,3.14393939393939,8.18450494581641,2.39308800495112e-11,3.86342942916962e-09,2.56942080531594e-09,"Lamc3/Lama2/Etv1/Lama1/Slit3/Cxcl12/Ptch1/Cyfip2/Etv4/Gdf7/Kif5c/Dpysl5/Bmpr1b/Reln/Myh10/Ablim1/Apbb1/Robo2/Ptprm/Epha7/Shh/Flrt2/Plxna4/Isl1/Nrp1/Unc5b/Ntf3/Artn/Ephb1/Sema3b/Sema4g/Sema3g/Ntn1/Ednra/Mef2c/Arhgef25/Sema6b/Ark2c/Sema3d/Sema6c/Gli2/Kif5a/Unc5c",43
"GO:0097485","neuron projection guidance","43/1333","265/25730",0.162264150943396,3.13207547169811,8.15477505354665,2.71634122133255e-11,4.25999913254125e-09,2.83316431746806e-09,"Lamc3/Lama2/Etv1/Lama1/Slit3/Cxcl12/Ptch1/Cyfip2/Etv4/Gdf7/Kif5c/Dpysl5/Bmpr1b/Reln/Myh10/Ablim1/Apbb1/Robo2/Ptprm/Epha7/Shh/Flrt2/Plxna4/Isl1/Nrp1/Unc5b/Ntf3/Artn/Ephb1/Sema3b/Sema4g/Sema3g/Ntn1/Ednra/Mef2c/Arhgef25/Sema6b/Ark2c/Sema3d/Sema6c/Gli2/Kif5a/Unc5c",43
"GO:0009410","response to xenobiotic stimulus","63/1333","493/25730",0.127789046653144,2.46662578423511,7.6856787347743,3.77621349791327e-11,5.75767663612387e-09,3.82921298560328e-09,"Hmgcs2/Gstm1/Cyp26b1/Slc6a4/Pde3a/Npas2/Abat/Nkx3-1/Cyp2d22/Ptch1/Rorc/Gsta3/Col6a1/Aldh1a1/Slc1a3/Gstm2/Add3/Kdr/Aldh2/Mylk/Aox3/Abcg5/Hdac5/Nceh1/Sult1a1/Rora/Ptprm/Akap5/P2rx7/Ppm1e/Lox/Igf2/Fmo3/Arnt2/Abcb1a/Prickle1/Sfrp2/Abcc9/Abcc2/Col1a1/Errfi1/Ret/Txnip/Bche/Gstm7/Acacb/Sfrp1/Mef2c/Gstm3/Cyp2j9/Cntnap2/Nqo1/Abcg8/Hnf4a/Slc10a1/Pms2/As3mt/Ren1/Ren2/Ppp1r14a/Slc12a5/Pde4b/Il10",63
"GO:0060070","canonical Wnt signaling pathway","47/1333","317/25730",0.148264984227129,2.8618589978725,7.79662715020578,8.18289196637155e-11,1.21394308117334e-08,8.07347634121665e-09,"Egf/Kank1/Gpc3/Nkd1/Tcf7l1/Bicc1/Daam2/Lats2/Lrp4/Axin2/Col6a1/Dixdc1/Lrrk1/Thra/Fzd5/Dact1/Znrf3/Egr1/Zeb2/Caprin2/Shh/Wnk2/Adgra2/Rspo3/Isl1/Lmbr1l/Plekha4/Fgf2/Fgf10/Ankrd6/Prickle1/Sfrp2/Reck/Col1a1/Sfrp1/Ednrb/Ednra/Wnt9a/Notum/Wnt2/Wnt2b/Shisa3/Apc2/Hhex/Snai1/Sox17/Dact3",47
"GO:0030199","collagen fibril organization","20/1333","67/25730",0.298507462686567,5.76188823325234,9.1226539756721,9.46935491873753e-11,1.36782339865659e-08,9.09687613800048e-09,"Loxl4/Tnxb/Col3a1/Col6a1/Col1a2/Efemp2/Dpt/Ddr2/Plod1/Lox/Col5a2/Fkbp10/Emilin1/Sfrp2/Aebp1/Col1a1/Col5a1/Optc/Col11a2/Adamts2",20
"GO:0051145","smooth muscle cell differentiation","22/1333","83/25730",0.265060240963855,5.11627906976744,8.77978510434838,1.45418823090927e-10,2.04667671781051e-08,1.36116728334504e-08,"Bmp4/Zeb1/Pias1/Pdgfrb/Smarcd3/Efemp2/Adm/Shh/Ereg/Fgf10/Tmem204/Nfatc4/Gper1/Ntf3/Notch4/Foxf1/Ednrb/Ednra/Mef2c/Olfm2/Cth/Eng",22
"GO:0061448","connective tissue development","49/1333","345/25730",0.142028985507246,2.74148972025615,7.61202479016824,1.51641375322944e-10,2.0808987728691e-08,1.38392707794729e-08,"Hmgcs2/Bmp4/Zeb1/Igf1/Scin/Col27a1/Rorc/Col3a1/Axin2/Col6a1/Pdgfrb/Ppargc1a/Pthlh/Gdf7/Thra/Smad9/Csgalnact1/Mgp/Ogn/Cd34/Bmpr1b/Egr1/Sox6/Zbtb16/Arrdc3/Slc25a25/Thrb/Il6ra/Lox/Fgf2/Sfrp2/Col1a1/Osr2/Col5a1/Scube2/Errfi1/Plaat3/Prrx1/Ghrl/Mef2c/Wnt9a/Wnt2b/Pdgfd/Gli2/Optc/Snai1/Bmp5/Col11a2/Acta2",49
"GO:0048880","sensory system development","61/1333","487/25730",0.125256673511294,2.41774509335753,7.38329914721193,1.7525487786027e-10,2.34627810871956e-08,1.56042083804728e-08,"Rorb/Lamc3/Bmp4/Flt1/Zeb1/Mertk/Fbn1/Twist2/Pdgfra/Lama1/Spry1/Frem2/Aldh1a1/Pdgfrb/Fzd5/Sdk2/Kdr/Smarcd3/Bmpr1b/Acvrl1/Vim/Myh10/Slc25a25/Aqp1/Meis3/Ptprm/Zeb2/Mitf/Thrb/Dll4/Col5a2/Shh/Chrdl1/Isl1/Dio3/Nrp1/Fgf2/Fgf10/Prickle1/Dzank1/Col8a2/Prdm1/Foxp2/Osr2/Col5a1/Plaat3/Ephb1/Ret/Arhgef15/Cacna1c/Acvr2b/Crb2/Vstm4/Aldh1a2/Mfrp/Slc4a5/Rhoj/Mfap5/Cryab/Angptl7/Mfap2",61
"GO:0001654","eye development","60/1333","476/25730",0.126050420168067,2.43306624975572,7.37671443324318,1.92181079338806e-10,2.51162367735882e-08,1.67038592267413e-08,"Rorb/Lamc3/Bmp4/Flt1/Zeb1/Mertk/Fbn1/Twist2/Pdgfra/Lama1/Spry1/Frem2/Aldh1a1/Pdgfrb/Fzd5/Sdk2/Kdr/Smarcd3/Bmpr1b/Acvrl1/Vim/Myh10/Slc25a25/Aqp1/Meis3/Ptprm/Zeb2/Mitf/Thrb/Dll4/Col5a2/Shh/Chrdl1/Dio3/Nrp1/Fgf2/Fgf10/Prickle1/Dzank1/Col8a2/Prdm1/Foxp2/Osr2/Col5a1/Plaat3/Ephb1/Ret/Arhgef15/Cacna1c/Acvr2b/Crb2/Vstm4/Aldh1a2/Mfrp/Slc4a5/Rhoj/Mfap5/Cryab/Angptl7/Mfap2",60
"GO:0052652","cyclic purine nucleotide metabolic process","17/1333","50/25730",0.34,6.56279069767442,9.20319294906224,2.43897502225835e-10,3.11337997608746e-08,2.07059127960636e-08,"Adcy6/Npr3/Ptger3/Pde2a/Pde8a/Rora/Pde8b/Gucy1a2/Pde1a/Pde7b/Adcy5/Npr1/Atp2b2/Adcy1/Gucy1a1/Adcy10/Pde4b",17
"GO:0150063","visual system development","60/1333","480/25730",0.125,2.41279069767442,7.30341651524181,2.6850007930207e-10,3.34953848929332e-08,2.22765137564492e-08,"Rorb/Lamc3/Bmp4/Flt1/Zeb1/Mertk/Fbn1/Twist2/Pdgfra/Lama1/Spry1/Frem2/Aldh1a1/Pdgfrb/Fzd5/Sdk2/Kdr/Smarcd3/Bmpr1b/Acvrl1/Vim/Myh10/Slc25a25/Aqp1/Meis3/Ptprm/Zeb2/Mitf/Thrb/Dll4/Col5a2/Shh/Chrdl1/Dio3/Nrp1/Fgf2/Fgf10/Prickle1/Dzank1/Col8a2/Prdm1/Foxp2/Osr2/Col5a1/Plaat3/Ephb1/Ret/Arhgef15/Cacna1c/Acvr2b/Crb2/Vstm4/Aldh1a2/Mfrp/Slc4a5/Rhoj/Mfap5/Cryab/Angptl7/Mfap2",60
"GO:0060485","mesenchyme development","47/1333","329/25730",0.142857142857143,2.75747508305648,7.49928801472705,2.94227093404921e-10,3.54630123529698e-08,2.35851083679511e-08,"Erbb4/Bmp4/Spry1/Axin2/Tgfbr3/Tgfb3/Erbb3/Acvrl1/Adamts5/Olfm1/Robo2/Zeb2/Shh/Dchs1/Isl1/Nrp1/Fgf10/Prickle1/Sfrp2/Tcf21/Col1a1/Ret/Notch4/Sema3b/Sema4g/Sema3g/Radil/Foxf1/Sfrp1/Ednrb/Ednra/Crb2/Mef2c/Aldh1a2/Nodal/Sema6b/Wnt2/Sema3d/Il6/Sema6c/Snai1/Bmp5/Dact3/Heyl/Eng/Tmem100/Acta2",47
"GO:0061437","renal system vasculature development","14/1333","33/25730",0.424242424242424,8.18886539816772,9.65905023766989,3.0365486984689e-10,3.54630123529698e-08,2.35851083679511e-08,"Bmp4/Pdgfra/Pdgfrb/Cd34/Egr1/Pecam1/Aqp1/Tek/Il6ra/Nrp1/Tcf21/Ednra/Pdgfd/Acta2",14
"GO:0061440","kidney vasculature development","14/1333","33/25730",0.424242424242424,8.18886539816772,9.65905023766989,3.0365486984689e-10,3.54630123529698e-08,2.35851083679511e-08,"Bmp4/Pdgfra/Pdgfrb/Cd34/Egr1/Pecam1/Aqp1/Tek/Il6ra/Nrp1/Tcf21/Ednra/Pdgfd/Acta2",14
"GO:0009187","cyclic nucleotide metabolic process","17/1333","51/25730",0.333333333333333,6.43410852713178,9.0799332770762,3.48240480609067e-10,3.98227499596493e-08,2.64846049726369e-08,"Adcy6/Npr3/Ptger3/Pde2a/Pde8a/Rora/Pde8b/Gucy1a2/Pde1a/Pde7b/Adcy5/Npr1/Atp2b2/Adcy1/Gucy1a1/Adcy10/Pde4b",17
"GO:0035296","regulation of tube diameter","35/1333","204/25730",0.17156862745098,3.31167350661195,7.74833719185283,4.00873850437089e-10,4.40079313009837e-08,2.9268010806649e-08,"Slc6a4/Dock5/Faah/Itga9/Itga1/Adcy6/Kcnma1/Mgll/Npr3/Tgfbr3/Ptger3/Add3/Atp1a2/Kdr/Ace/Adora1/Pecam1/Ptprm/Adm/Pla2g6/Irag1/Svep1/Abcc9/Gper1/Cacna1c/Ednrb/Npr1/Ednra/Vstm4/Gucy1a1/Mas1/Ren1/Ren2/Adra2a/Acta2",35
"GO:0097746","blood vessel diameter maintenance","35/1333","204/25730",0.17156862745098,3.31167350661195,7.74833719185283,4.00873850437089e-10,4.40079313009837e-08,2.9268010806649e-08,"Slc6a4/Dock5/Faah/Itga9/Itga1/Adcy6/Kcnma1/Mgll/Npr3/Tgfbr3/Ptger3/Add3/Atp1a2/Kdr/Ace/Adora1/Pecam1/Ptprm/Adm/Pla2g6/Irag1/Svep1/Abcc9/Gper1/Cacna1c/Ednrb/Npr1/Ednra/Vstm4/Gucy1a1/Mas1/Ren1/Ren2/Adra2a/Acta2",35
"GO:0003012","muscle system process","59/1333","473/25730",0.124735729386892,2.40768966025862,7.22278893400221,4.1116258774638e-10,4.42523812576447e-08,2.94305852281619e-08,"Dock5/Bmp4/Pkp2/Flt1/Igf1/Abat/Kcnma1/Chrnb1/Npr3/Klf15/Col6a1/Cacnb2/Ptger3/Ank2/Ehd3/Atp1a2/Mylk/Adora1/Apbb1/Ppara/Calcrl/Sorbs2/Tmod4/Kcnn4/Pla2g6/Irag1/Nr4a1/Arg2/Abcc9/Rcsd1/Tmod2/Errfi1/Gper1/Ghrl/Cacna1c/Gstm7/Stac2/Kcna1/Fbxo32/Acacb/Ednrb/Ednra/Mef2c/Myh11/Myoc/Gucy1a1/Adcy10/Kcnd3/Lmod1/Adgrd1/Rem1/Prkd1/Ttn/Fxyd1/Adra2a/Pi16/Rgs4/Pde4b/Acta2",59
"GO:0035150","regulation of tube size","35/1333","205/25730",0.170731707317073,3.29551900170165,7.71317637447996,4.59721570399639e-10,4.85271480754542e-08,3.22735709746143e-08,"Slc6a4/Dock5/Faah/Itga9/Itga1/Adcy6/Kcnma1/Mgll/Npr3/Tgfbr3/Ptger3/Add3/Atp1a2/Kdr/Ace/Adora1/Pecam1/Ptprm/Adm/Pla2g6/Irag1/Svep1/Abcc9/Gper1/Cacna1c/Ednrb/Npr1/Ednra/Vstm4/Gucy1a1/Mas1/Ren1/Ren2/Adra2a/Acta2",35
"GO:0050878","regulation of body fluid levels","52/1333","392/25730",0.13265306122449,2.56051257712387,7.27750405267951,5.13109181783928e-10,5.15662508323366e-08,3.42947632847596e-08,"Ubash3b/Scnn1a/Erbb4/Slc6a4/Agr2/Mertk/Pdgfra/Rasa3/Adcy6/Kcnma1/Serping1/Thbd/Npr3/Ptger3/Adora1/Akr1b1/Aqp1/Cdo1/Ppara/Adm/Il6ra/Tspan18/Kcnn4/Shh/Abcb1a/Vwf/Fgf10/Cd36/Svep1/Emilin1/Chrm1/Prickle1/Entpd1/Mfsd2b/Tfpi/Fgl2/Klkb1/Prrg3/Pear1/Gp1ba/Ednrb/Atp2b2/Slc4a5/Hnf4a/Il6/Angpt4/Trpc1/Angptl4/Wnk3/Coro2b/Adra2a/Angptl7",52
"GO:0043269","regulation of monoatomic ion transport","60/1333","488/25730",0.122950819672131,2.3732367518109,7.15899011558712,5.16715486975538e-10,5.15662508323366e-08,3.42947632847596e-08,"Ubash3b/Egf/Slc6a4/Plcb4/Bmp4/Cnksr3/Igf1/Cxcl12/Itpr1/Cacnb2/Akap7/Pdgfrb/Ptger3/Ank2/Kcnip3/Ehd3/Atp1a2/Ace/Cracr2a/Mylk/Adora1/Rapgef3/Reln/Vamp2/Amigo1/Akap5/P2rx7/Tspan18/Kcnn4/Atp1b2/Wnk2/Abcb1a/Fgf12/Isl1/Rgs9/Il16/Chrm1/Fhl1/Grin2d/Abcc9/Gper1/Gnao1/Plp1/Cacna1c/Homer2/Gstm7/Stac2/Ednra/Mettl21c/Atp2b2/Capn3/Nlgn3/Cldn10/Rem1/Prkd1/Trpc1/Wnk3/Fxyd1/Rgs4/Pde4b",60
"GO:0060541","respiratory system development","43/1333","290/25730",0.148275862068966,2.86206896551724,7.45408811882653,5.16731566979177e-10,5.15662508323366e-08,3.42947632847596e-08,"Hmgcs2/Gpc3/Agr2/Bmp4/Igf1/Fbn1/Pdgfra/Lama1/Spry1/Col3a1/Hhip/Col6a1/Flvcr2/Pdgfrb/Pthlh/Thra/Ccbe1/Tgfb3/Kdr/Ace/Mgp/Thrb/Lox/Shh/Rcn3/Fgf2/Fgf10/Mme/Pgr/Tcf21/Foxp2/Errfi1/Acvr2b/Spdef/Foxf1/Sim2/Aldh1a2/Nodal/Wnt2/Wnt2b/Gli2/Hhex/Adamts2",43
"GO:0007611","learning or memory","50/1333","369/25730",0.13550135501355,2.61549127119178,7.30622305636776,5.26090371034952e-10,5.15662508323366e-08,3.42947632847596e-08,"Slc6a4/Camk2n1/Plcb1/Igf1/Atp8a1/Camk4/Pias1/Thra/Kcnk2/Atp1a2/Rapgef3/Egr1/Reln/Apbb1/Dgki/Cebpb/Cux2/Btg2/Epm2a/Chst10/Igf2/Nrxn1/Pla2g6/Rcan2/Pde8b/Mme/Brsk1/Shank3/Cpeb3/Tmod2/Aff2/Foxp2/Nfatc4/Ghrl/Cacna1c/Bche/Csmd1/Mef2c/Map1a/Cntnap2/Prkar1b/Adcy1/Nlgn3/Gm527/Slc8a2/Pianp/Slc12a5/Adgrf1/Ccl11/Syt11",50
"GO:0032970","regulation of actin filament-based process","54/1333","421/25730",0.128266033254157,2.47583273490582,7.13672576862734,8.26439642275438e-10,7.95846876570154e-08,5.29287660094408e-08,"Kank4/Kank1/Pkp2/Scin/Plekhh2/Sptb/Daam2/Iqgap2/Dlc1/Pdgfrb/Cnn2/Ptger3/Add3/Cyfip2/Dixdc1/Ank2/Atp1a2/Tgfb3/Adora1/Rapgef3/Pecam1/Arhgap28/Ngef/Zeb2/Tmod4/Ppm1e/Rhobtb1/Avil/Arhgap18/Rnd1/Nrp1/Shank3/Limch1/Tmod2/S1pr1/Arhgef15/Cacna1c/Jam3/Mef2c/Baiap2l2/Arap3/Myoc/Adcy10/Esam/Lmod1/Eln/Prkd1/Fxyd1/Coro2b/Rgs4/Ccl11/Pde4b/Prex1/Acta2",54
"GO:0042445","hormone metabolic process","42/1333","284/25730",0.147887323943662,2.85456927612185,7.34599763898221,8.89088567437019e-10,8.41415025286517e-08,5.5959331249938e-08,"Cyp26b1/Adh1/Igf1r/Slc16a10/Igf1/Pdgfra/Cyp2d22/Kcnma1/Ces2e/Aldh1a1/Slco4a1/Ppargc1a/Klf9/Ces1d/Ace/Akr1b1/Bmpr1b/Egr1/Hsd17b11/Sult1a1/Rdh12/Adm/Chst10/Igf2/Lipe/Shh/Ero1b/Pde8b/Dio3/Mme/Enpep/Tiparp/Rdh9/Ednrb/Aldh1a2/Hid1/Cacna1a/Sult1e1/Ren1/Ren2/Bmp5/Cyp17a1",42
"GO:1904018","positive regulation of vasculature development","33/1333","191/25730",0.172774869109948,3.33495677584318,7.57097653363662,1.0472322539441e-09,9.74280990152402e-08,6.47957440977367e-08,"Jcad/Flt1/Cxcl12/Ccbe1/Kdr/Rapgef3/Cd34/Acvrl1/Aqp1/Gata2/Cdh5/Tek/Pgf/Adm/Igf2/Shh/Isl1/Nrp1/Fgf2/Cd36/Emilin1/Sfrp2/Notch4/Tie1/Ghrl/Nodal/Ddah1/Ptgis/Angpt4/Prkd1/Ccl11/Eng/Il10",33
"GO:0042063","gliogenesis","53/1333","415/25730",0.127710843373494,2.46511627906977,7.03340282390148,1.38301548181687e-09,1.2444872097857e-07,8.2766137893717e-08,"Pmp22/Lamc3/Lama2/Bmp4/Flt1/Igf1/Hdac11/Daam2/Srgap2/Ptprb/Col3a1/Klf15/Adam22/Col6a1/Mxra8/Dab1/Erbb3/Reln/Trf/Vim/Sox6/Penk/Tppp/Dner/Zeb2/Mal/Zfp365/Epm2a/Etv5/Tnfrsf21/Shh/Atp1b2/B4galt6/Fgf2/Fgf10/Nr1d1/Shank3/Gpr17/Plag1/Il34/Ntf3/Plp1/Enpp2/Lepr/Ntn1/Ndrg1/Myoc/Cntnap2/Nlgn3/Il6/Gpr37l1/Ndn/Gpr157",53
"GO:0050890","cognition","53/1333","415/25730",0.127710843373494,2.46511627906977,7.03340282390148,1.38301548181687e-09,1.2444872097857e-07,8.2766137893717e-08,"Slc6a4/Camk2n1/Plcb1/Igf1/Atp8a1/Camk4/Pias1/Thra/Kcnk2/Atp1a2/Adora1/Rapgef3/Egr1/Reln/Apbb1/Dgki/Cebpb/Cux2/Btg2/Epm2a/Chst10/Igf2/Nrxn1/Pla2g6/Rcan2/Pde8b/Chrm1/Mme/Brsk1/Shank3/Cpeb3/Tmod2/Aff2/Foxp2/Nfatc4/Ghrl/Cacna1c/Bche/Csmd1/Mef2c/Map1a/Cntnap2/Prkar1b/Adcy1/Nlgn3/Gm527/Slc8a2/Pianp/Slc12a5/Adgrf1/Ccl11/Syt11/Chrna4",53
"GO:0060840","artery development","26/1333","127/25730",0.204724409448819,3.95165720563999,7.79436368693811,1.49541257009487e-09,1.3239225156856e-07,8.80490796789305e-08,"Bmp4/Nkx3-1/Adgrf5/Col3a1/Pdgfrb/Mylk/Pde2a/Acvrl1/Myh10/Efemp2/Robo2/Lox/Dll4/Shh/Fkbp10/Nrp1/Prickle1/Prdm1/Prrx1/Notch4/Acvr2b/Foxf1/Plxnd1/Ednra/Eya1/Eng",26
"GO:0072012","glomerulus vasculature development","13/1333","31/25730",0.419354838709677,8.09452363090773,9.23856012237142,1.57146108145973e-09,1.36916664700515e-07,9.10580957477416e-08,"Bmp4/Pdgfra/Pdgfrb/Cd34/Egr1/Pecam1/Aqp1/Tek/Il6ra/Tcf21/Ednra/Pdgfd/Acta2",13
"GO:0043270","positive regulation of monoatomic ion transport","35/1333","215/25730",0.162790697674419,3.14223904813413,7.3730586736195,1.71506767156552e-09,1.47093850769111e-07,9.78265573189015e-08,"Slc6a4/Bmp4/Cnksr3/Cxcl12/Itpr1/Cacnb2/Akap7/Pdgfrb/Ank2/Ehd3/Cracr2a/Mylk/Adora1/Rapgef3/Reln/Amigo1/Akap5/P2rx7/Atp1b2/Wnk2/Fgf12/Isl1/Chrm1/Fhl1/Gper1/Plp1/Cacna1c/Stac2/Ednra/Atp2b2/Capn3/Nlgn3/Trpc1/Wnk3/Fxyd1",35
"GO:0032963","collagen metabolic process","27/1333","138/25730",0.195652173913043,3.77654196157735,7.6445158606718,2.08676302468965e-09,1.76219111423407e-07,1.17196666714554e-07,"Bmp4/Tnxb/Retreg1/Tns2/Klf15/Col6a1/Pdgfrb/Tgfbr3/Col1a2/Tgfb3/Rapgef3/Vim/Ddr2/P2rx7/Il6ra/Creb3l1/Mfap4/Rcn3/Emilin1/Col1a1/Col5a1/Errfi1/Cygb/Il6/Gli2/Eng/Adamts2",27
"GO:0016055","Wnt signaling pathway","58/1333","482/25730",0.120331950207469,2.32268648074882,6.8521247014854,2.26366209744577e-09,1.8826123110424e-07,1.25205425102742e-07,"Amotl2/Egf/Kank1/Gpc3/Nkd1/Tcf7l1/Bicc1/Daam2/Lats2/Lrp4/Cxxc4/Klf15/Axin2/Col6a1/Ndrg2/Dixdc1/Lrrk1/Thra/Fzd5/Dact1/Znrf3/Atp6v1c2/Egr1/Zeb2/Mitf/Calcoco1/Caprin2/Epm2a/Hic1/Shh/Wnk2/Adgra2/Rspo3/Isl1/Lmbr1l/Plekha4/Fgf2/Fgf10/Ankrd6/Prickle1/Sfrp2/Reck/Col1a1/Nfatc4/Sfrp1/Ednrb/Ednra/Wnt9a/Myoc/Notum/Wnt2/Wnt2b/Shisa3/Apc2/Hhex/Snai1/Sox17/Dact3",58
"GO:0048545","response to steroid hormone","48/1333","362/25730",0.132596685082873,2.55942438648336,6.98447564575207,2.40087044860934e-09,1.96692207349502e-07,1.3081254855895e-07,"Hmgcs2/Adh1/Scnn1a/Pde3a/Bmp4/Igf1/Nkx3-1/Junb/Slit3/Crebrf/Ephx1/Axin2/Klf9/Lbh/Atp1a2/Tgfb3/Taf7/Zfp36/Jund/Aqp1/Cdo1/Sult1a1/Ppara/Calcoco1/Lox/Abcb1a/Isl1/Pgr/Tcf21/Tfpi/Col1a1/Errfi1/Gper1/Pappa/Esrrg/Txnip/Bche/Hnmt/Fbxo32/Sfrp1/Mettl21c/Zfp747l1/Gpr83/Nodal/Il6/Gabrb1/Heyl/Il10",48
"GO:0008217","regulation of blood pressure","37/1333","239/25730",0.154811715481172,2.98822613603192,7.21821157367408,2.47861259265945e-09,2.00075066486878e-07,1.33062360237507e-07,"Scnn1a/Camk2n1/Abat/Npr3/Col1a2/Atp1a2/Kdr/Ace/Adora1/Acvrl1/Gna14/Ppara/Pgf/Adm/Kcnn4/Cd36/Emilin1/Mme/Abcc9/Aoc3/Enpep/Rarres2/Cacna1c/Ednrb/Npr1/Ednra/Qrfp/Ddah1/Gucy1a1/Mas1/Slc4a5/Gpr37l1/Ren1/Ren2/Coro2b/Eng/Acta2",37
"GO:0003007","heart morphogenesis","43/1333","305/25730",0.140983606557377,2.72131147540984,7.06866203897749,2.51639913911688e-09,2.00181374994385e-07,1.33133062005451e-07,"Insr/Bmp4/Pkp2/Spry1/Slit3/Dlc1/Ptch1/Axin2/Tgfbr3/Smarcd3/Acvrl1/Adamts5/Olfm1/Robo2/Tek/Dll4/Shh/Dchs1/Flrt2/Isl1/Arl13b/Nrp1/Prickle1/Sfrp2/Abcc9/Col5a1/S1pr1/Foxf1/Plxnd1/Ednra/Mef2c/Aldh1a2/Nodal/Wnt2/Eya1/Eln/Ttn/Snai1/Bmp5/Sox17/Heyl/Eng/Tmem100",43
"GO:0045766","positive regulation of angiogenesis","32/1333","188/25730",0.170212765957447,3.28550222662049,7.35176198424846,2.73966193737262e-09,2.14828633917691e-07,1.42874399982079e-07,"Jcad/Flt1/Ccbe1/Kdr/Rapgef3/Cd34/Acvrl1/Aqp1/Gata2/Cdh5/Tek/Pgf/Adm/Igf2/Shh/Isl1/Nrp1/Fgf2/Cd36/Emilin1/Sfrp2/Notch4/Tie1/Ghrl/Nodal/Ddah1/Ptgis/Angpt4/Prkd1/Ccl11/Eng/Il10",32
"GO:0031644","regulation of nervous system process","30/1333","169/25730",0.177514792899408,3.42644832805835,7.39747991294109,3.07879325676923e-09,2.38021073047976e-07,1.58298814150862e-07,"Erbb4/Igf1/Abat/Unc13b/Syne1/Mgll/Adora1/Jam2/Reln/Trf/Tppp/Cux2/Tnfrsf21/Nrxn1/Abcb1a/Lpin1/Fgf12/Grin2d/Shank3/Pclo/Ghrl/Igsf9b/Pirt/Cntnap2/Prkar1b/Nlgn3/Il6/Slc8a2/Rgs4/Tmem100",30
"GO:0050679","positive regulation of epithelial cell proliferation","37/1333","243/25730",0.152263374485597,2.93903722844291,7.09885392693487,3.94294372723031e-09,3.00594696093989e-07,1.99914164415712e-07,"Egf/Erbb4/Jcad/Bmp4/Irs2/Igf1/Twist2/Cxcl12/Itpr1/Kdr/Erbb3/Tgm1/Acvrl1/Gata2/Pgf/Pkhd1/Igf2/Shh/Nr4a1/Fgf2/Fgf10/Foxp2/Osr2/Ghrl/Ptprn/Egfl7/Ppp1r16b/Plxnb3/Nodal/Wnt2/Eya1/Il6/Gli2/Prkd1/Bmp5/Ccl11/Il10",37
"GO:0003158","endothelium development","28/1333","152/25730",0.184210526315789,3.55569155446756,7.38678154269095,4.36325430527079e-09,3.28080861392211e-07,2.18194173477709e-07,"Amotl2/Bmp4/Zeb1/Plcb1/Atoh8/Flvcr2/Stard13/Kdr/Rapgef3/Pde2a/Cd34/Acvrl1/Pecam1/Cdh5/S1pr3/Dll4/Apold1/Robo4/Notch4/Tie1/S1pr1/Acvr2b/Ppp1r16b/Ednrb/Ednra/Cldn5/Sox17/Tmem100",28
"GO:0006935","chemotaxis","57/1333","479/25730",0.118997912317328,2.2969364470554,6.6973882520385,4.68080352542467e-09,3.4720176420346e-07,2.30910762818958e-07,"Agr2/Bmp4/Flt1/Pdgfra/Itga9/Itga1/Slit3/Cxcl12/Pdgfrb/Kdr/Ackr3/St6gal1/Robo2/Dpp4/Pgf/Lox/Epha7/Pla2g6/Shh/Adgra2/Nr4a1/Flrt2/Plxna4/Nrp1/Fgf2/Fgf10/Il16/Il34/Ntf3/Artn/Ephb1/Sema3b/Sema4g/Rarres2/S1pr1/Sema3g/Hoxb9/Enpp2/Ntn1/Jam3/Ednrb/Ednra/Plxnb3/Sema6b/Sema3d/Ripor2/Sema6c/Pdgfd/S100a7a/Prkd1/Unc5c/Dpep1/Ccl11/Pde4b/Eng/Prex1/Cmklr1",57
"GO:0071695","anatomical structure maturation","44/1333","323/25730",0.136222910216718,2.62941896464828,6.88835703416435,4.82418468749166e-09,3.53065996661889e-07,2.34810842052226e-07,"Pmp22/Pde3a/Plcb1/Igf1/Catsperd/Kcnma1/Bhlha15/Fzd5/Kdr/Akr1b1/Zbtb16/Defb1/Gata2/Slc26a3/Cdh5/Akap5/Il15/Kcnb1/Ereg/Dchs1/B4galt6/Rnd1/Pgr/Reck/Flvcr1/Tbx6/Xylt1/Ret/Plp1/S1pr1/Rec8/Septin4/Ednrb/Ednra/Myoc/Cntnap2/Pla2g3/Aldh1a2/Hid1/Cacna1a/Cabyr/Grb14/Ren1/Pld6",44
"GO:0085029","extracellular matrix assembly","15/1333","46/25730",0.326086956521739,6.29423660262892,8.40057950805678,5.38427004256075e-09,3.88364533069068e-07,2.58286563688818e-07,"Tnxb/Col3a1/Col6a1/Tgfbr3/Col1a2/Efemp2/Lox/Fkbp10/Mfap4/Emilin1/Prickle1/Fbln5/Tie1/Myh11/Eln",15
"GO:0042330","taxis","57/1333","481/25730",0.118503118503119,2.28738577575787,6.66219696756284,5.44799946189073e-09,3.88364533069068e-07,2.58286563688818e-07,"Agr2/Bmp4/Flt1/Pdgfra/Itga9/Itga1/Slit3/Cxcl12/Pdgfrb/Kdr/Ackr3/St6gal1/Robo2/Dpp4/Pgf/Lox/Epha7/Pla2g6/Shh/Adgra2/Nr4a1/Flrt2/Plxna4/Nrp1/Fgf2/Fgf10/Il16/Il34/Ntf3/Artn/Ephb1/Sema3b/Sema4g/Rarres2/S1pr1/Sema3g/Hoxb9/Enpp2/Ntn1/Jam3/Ednrb/Ednra/Plxnb3/Sema6b/Sema3d/Ripor2/Sema6c/Pdgfd/S100a7a/Prkd1/Unc5c/Dpep1/Ccl11/Pde4b/Eng/Prex1/Cmklr1",57
"GO:0043542","endothelial cell migration","37/1333","247/25730",0.149797570850202,2.89144148385274,6.98191286603343,6.19910083489885e-09,4.36241852343074e-07,2.90127958102958e-07,"Egf/Jcad/Bmp4/Igf1/Atoh8/Cxcl12/Tgfbr3/Stard13/Ccbe1/Kdr/Acvrl1/Pecam1/Hdac5/Dpp4/Gata2/Ptprm/Zeb2/Cdh5/Tek/Dll4/Igf2/Shh/Adgra2/Nr4a1/Mmrn2/Nrp1/Fgf2/Hspa12b/Robo4/Plxnd1/Mef2c/Vstm4/Rhoj/Angpt4/S100a7a/Prkd1/Clec14a",37
"GO:0051897","positive regulation of phosphatidylinositol 3-kinase/protein kinase B signal transduction","35/1333","226/25730",0.154867256637168,2.98929820950813,7.02115040641762,6.5808605248405e-09,4.57244853428475e-07,3.04096259828739e-07,"Irs1/Egf/Erbb4/Igf1r/Insr/Flt1/Mertk/Irs2/Igf1/Nkx3-1/Cxcl12/Pdgfrb/Kdr/Pink1/Reln/Pecam1/Meis3/Ddr2/Tek/Prr5/Igf2/Nrxn1/Stox1/Fgf2/Unc5b/Gper1/Ntf3/Ret/Myoc/Il6/Pdgfd/Prkd1/Adra2a/Eng/Tmem100",35
"GO:0043010","camera-type eye development","52/1333","422/25730",0.123222748815166,2.37848561666483,6.6740255765794,6.81442098144575e-09,4.67554459589446e-07,3.10952788995446e-07,"Rorb/Lamc3/Bmp4/Flt1/Zeb1/Mertk/Fbn1/Twist2/Pdgfra/Lama1/Spry1/Aldh1a1/Pdgfrb/Fzd5/Sdk2/Kdr/Smarcd3/Bmpr1b/Acvrl1/Vim/Myh10/Slc25a25/Aqp1/Ptprm/Zeb2/Mitf/Thrb/Dll4/Shh/Dio3/Nrp1/Fgf2/Fgf10/Prickle1/Col8a2/Prdm1/Foxp2/Osr2/Plaat3/Ephb1/Ret/Arhgef15/Cacna1c/Acvr2b/Crb2/Vstm4/Aldh1a2/Mfrp/Slc4a5/Rhoj/Cryab/Angptl7",52
"GO:0045446","endothelial cell differentiation","25/1333","127/25730",0.196850393700787,3.79967039003845,7.3930160934051,7.16693283157421e-09,4.85670300154455e-07,3.23000949446386e-07,"Amotl2/Bmp4/Zeb1/Plcb1/Atoh8/Flvcr2/Kdr/Rapgef3/Pde2a/Acvrl1/Pecam1/Cdh5/S1pr3/Apold1/Robo4/Notch4/Tie1/S1pr1/Acvr2b/Ppp1r16b/Ednrb/Ednra/Cldn5/Sox17/Tmem100",25
"GO:0048251","elastic fiber assembly","8/1333","11/25730",0.727272727272727,14.0380549682875,10.1097502307057,7.2930455825348e-09,4.88189356128458e-07,3.24676278308481e-07,"Tnxb/Col3a1/Efemp2/Lox/Mfap4/Emilin1/Fbln5/Myh11",8
"GO:0099565","chemical synaptic transmission, postsynaptic","27/1333","146/25730",0.184931506849315,3.56960815546352,7.27809000065416,7.51503716257108e-09,4.96988421510273e-07,3.30528203928935e-07,"Erbb4/Abat/Unc13b/Syne1/Syt1/Chrnb1/Kcnk2/Adora1/Reln/Dgki/Cux2/P2rx7/Grik5/Nrxn1/Grin2d/Shank3/Pclo/Ghrl/Igsf9b/P2rx6/Mef2c/Cntnap2/Prkar1b/Nlgn3/Slc8a2/Rgs4/Chrna4",27
"GO:0007264","small GTPase-mediated signal transduction","55/1333","461/25730",0.119305856832972,2.30288049235736,6.59810665862342,7.95379791515058e-09,5.18237347933671e-07,3.44660061296559e-07,"Kank1/Dock5/Igf1/Lrp4/Spry1/Rasa3/Dlc1/Col3a1/Arfgef3/Spry4/Pdgfrb/Rgl1/Stard8/Stard13/Col1a2/Rab39b/Arhgap22/Dab1/Erbb3/Rapgef3/Dock6/Arhgap20/Syde2/Reln/Pecam1/Dgki/Arhgap28/Eps8l2/Iqsec2/Syde1/Rab4a/Mcf2l/Rabgef1/Arhgap31/Rhobtb1/Ksr1/Arhgap18/Rnd1/Nrp1/Fgf10/Rasgrp1/Rasgrf1/Dennd4b/Rasgrf2/Rasgrp2/Ntn1/Garnl3/Ednra/Arap3/Myoc/Rhoj/Ripor2/Rasip1/Rgl3/Rhebl1",55
"GO:0001656","metanephros development","22/1333","101/25730",0.217821782178218,4.20446695832374,7.54238972699781,8.05159619400347e-09,5.18237347933671e-07,3.44660061296559e-07,"Gpc3/Bmp4/Fbn1/Nkx3-1/Pdgfra/Spry1/Ptch1/Pdgfrb/Cd34/Akr1b1/Egr1/Slc22a1/Id3/Robo2/Aqp1/Shh/Fgf10/Tcf21/Osr2/Ret/Eya1/Sox17",22
"GO:0060571","morphogenesis of an epithelial fold","12/1333","29/25730",0.413793103448276,7.98716920609463,8.80001806706626,8.11958679582723e-09,5.18237347933671e-07,3.44660061296559e-07,"Bmp4/Cecr2/Pthlh/Gdf7/Shh/Fgf10/Nodal/Wnt2/Wnt2b/Gli2/Hhex/Bmp5",12
"GO:0010959","regulation of metal ion transport","51/1333","413/25730",0.123486682808717,2.38358015654035,6.62569659639176,8.84632163044852e-09,5.58131717580827e-07,3.71192297814827e-07,"Ubash3b/Egf/Plcb4/Bmp4/Cnksr3/Igf1/Cxcl12/Itpr1/Cacnb2/Akap7/Pdgfrb/Ptger3/Ank2/Kcnip3/Atp1a2/Ace/Cracr2a/Mylk/Adora1/Rapgef3/Vamp2/Amigo1/Akap5/P2rx7/Tspan18/Kcnn4/Atp1b2/Wnk2/Fgf12/Isl1/Rgs9/Il16/Fhl1/Abcc9/Gper1/Gnao1/Plp1/Cacna1c/Homer2/Gstm7/Ednra/Mettl21c/Atp2b2/Capn3/Rem1/Prkd1/Trpc1/Wnk3/Fxyd1/Rgs4/Pde4b",51
"GO:0030073","insulin secretion","40/1333","284/25730",0.140845070422535,2.71863740583033,6.80756792860114,9.24397410516196e-09,5.76592884809477e-07,3.83470121970116e-07,"Irs1/Camk2n1/Plcb1/Irs2/Abat/Fbn1/Acvr1c/Itpr1/Doc2b/Ptger3/Pim3/Gna14/Brsk2/Kcnb1/Nrxn1/Pla2g6/Ptprn2/Isl1/Pde8b/Nr1d1/Gper1/Adcy5/Gnao1/Pclo/Ghrl/Cacna1c/Acvr2b/Ptprn/Ildr2/Lepr/Mlxipl/Sybu/Syt7/Syt9/Hnf4a/Il6/Trpc1/Adra2a/Myrip/Pde1c",40
"GO:0007416","synapse assembly","43/1333","320/25730",0.134375,2.59375,6.70580884785709,1.0861825573275e-08,6.69893939007941e-07,4.45521124637704e-07,"Erbb4/Vldlr/Il1rap/Lrp4/Srgap2/Cyfip2/Fzd5/Sdk2/Podxl/Reln/Adgrl4/Nrg2/Cux2/Iqsec2/Amigo1/Akap5/Epha7/Nrxn1/Flrt2/Plxna4/Rab17/Prickle1/Shank3/Cpeb3/Dpysl2/Magi2/Ephb1/Pclo/Ghrl/Arhgef15/Ntn1/Plxnd1/Mdga2/Plxnb3/Mef2c/Cntnap2/Nlgn3/Cacna1a/Slc12a5/Pcdh17/Adgrf1/Dnm3/Pcdh7",43
"GO:0072009","nephron epithelium development","26/1333","139/25730",0.18705035971223,3.61050694328258,7.21351500431492,1.10751824281802e-08,6.75463070536454e-07,4.49224943402676e-07,"Gpc3/Bmp4/Hs3st3a1/Ptch1/Klf15/Hs3st3b1/Podxl/Cd34/Slc22a1/Pecam1/Klhl3/Aqp1/Pgf/Shh/Dchs1/Fgf2/Tcf21/Abcc2/Magi2/Aqp11/Ednrb/Ednra/Mef2c/Eya1/Wnt2b/Heyl",26
"GO:0003014","renal system process","27/1333","149/25730",0.181208053691275,3.49773685031996,7.14725655593342,1.18380136472402e-08,7.10523658089331e-07,4.72542414255075e-07,"Bmp4/Adgrf5/Adcy6/Kcnma1/Npr3/Slc25a23/Ptger3/Ace/Adora1/Cd34/Akr1b1/Pkn1/Klhl3/Aqp1/Adm/Kcnn4/Cacna1c/Ednrb/Ednra/Atp6v0a4/Mas1/Slc4a5/Oit3/Wnk3/Ren1/Ren2/Coro2b",27
"GO:0035904","aorta development","19/1333","78/25730",0.243589743589744,4.70184853905784,7.65356273622619,1.19089408898194e-08,7.10523658089331e-07,4.72542414255075e-07,"Nkx3-1/Col3a1/Pdgfrb/Mylk/Pde2a/Acvrl1/Myh10/Efemp2/Robo2/Lox/Dll4/Fkbp10/Prickle1/Prdm1/Notch4/Plxnd1/Ednra/Eya1/Eng",19
"GO:0060078","regulation of postsynaptic membrane potential","30/1333","179/25730",0.167597765363128,3.23502663375341,7.01396480586946,1.23153555817175e-08,7.26870825677931e-07,4.8341429719747e-07,"Erbb4/Abat/Unc13b/Syne1/Syt1/Chrnb1/Adora1/Reln/Dgki/Cux2/P2rx7/Grik5/Nrxn1/Chrm1/Grin2d/Shank3/Pclo/Ghrl/Igsf9b/P2rx6/Mef2c/Kcna2/Cntnap2/Prkar1b/Nlgn3/Slc8a2/Grik3/Gabrb1/Rgs4/Chrna4",30
"GO:0045444","fat cell differentiation","40/1333","287/25730",0.139372822299652,2.69021959322583,6.73066904472948,1.2492447260375e-08,7.29479180980832e-07,4.85149015666074e-07,"Plcb1/Crebl2/Igf1/Fbn1/Adgrf5/Ptprq/Pdgfra/Aldh6a1/Retreg1/Rorc/Pias1/Axin2/Dlk2/Dact1/Cebpd/Zfp36/Zbtb16/Selenbp1/Cebpb/Rora/Gata2/Nr4a1/Lpin1/Fgf10/Nr1d1/Lama4/Zfp423/Sfrp2/Gper1/Rarres2/Sfrp1/Clip3/Cntnap2/Sult1e1/Trib3/Aloxe3/Adgrf1/Fabp4/Arxes1/Cmklr1",40
"GO:0007188","adenylate cyclase-modulating G protein-coupled receptor signaling pathway","39/1333","277/25730",0.140794223826715,2.7176559482831,6.71838501420964,1.42616757474206e-08,8.18674132001482e-07,5.44469204395612e-07,"Pde3a/Gpr146/Adgrf5/Adcy6/Cxcl12/Npr3/Ptger3/Pthlh/Adora1/Pde2a/Gna14/Arrdc3/Calcrl/Adgrf3/Akap5/S1pr3/Adm/Mrap2/Chrm1/Ptger1/Gper1/Adcy5/Gnao1/Akap12/S1pr1/Ednra/Prkar1b/Glp2r/Adcy1/Mas1/Gpr3/Aplp1/Adgrd1/Gpr37l1/Grik3/Adra2a/Adgrf1/Pde4b/Gpr157",39
"GO:0042060","wound healing","51/1333","419/25730",0.121718377088305,2.34944774379752,6.50978651286416,1.43182212920645e-08,8.18674132001482e-07,5.44469204395612e-07,"Ubash3b/Kank1/Slc6a4/Mertk/Igf1/Pdgfra/Rasa3/Serping1/Thbd/Col3a1/Cnn2/Dst/Kdr/Mylk/Cd34/Acvrl1/Myh10/Pecam1/Aqp1/Ppara/Ddr2/Gata2/Adamdec1/Il6ra/Shh/Fkbp10/Vwf/Nrp1/Fgf2/Fgf10/Cd36/Svep1/Emilin1/Entpd1/Mfsd2b/Tfpi/Fgl2/Col5a1/Klkb1/Prrg3/Pear1/Gp1ba/Syt7/Hnf4a/Il6/Angpt4/Angptl4/Adra2a/Eng/Syt11/Angptl7",51
"GO:0050767","regulation of neurogenesis","56/1333","483/25730",0.115942028985507,2.23795079204584,6.41993117861603,1.60755598365071e-08,9.0967781384111e-07,6.04992311589872e-07,"Bmp4/Flt1/Jade2/Myo5b/Igf1/Daam2/Lrp4/Mt3/Cxcl12/Dixdc1/Dpysl5/Kdr/Ace/Smarcd3/Dab1/Reln/Trf/Vim/Robo2/Gata2/Zeb2/Cux2/Btg2/Amigo1/Zfp365/Akap5/Caprin2/Etv5/Epha7/Dll4/Shh/Fbxo31/Nrp1/Fgf2/Nr1d1/Mme/Shank3/Plag1/Il34/Nfatc4/Gper1/Ntf3/Sema3g/Rassf10/Enpp2/Ntn1/Plxnd1/Plxnb3/Wnt2/Adcy10/Il6/Sema6c/Chodl/Gpr37l1/Heyl/Ccl11",56
"GO:0001649","osteoblast differentiation","36/1333","245/25730",0.146938775510204,2.83626008542952,6.75045788980899,1.65628342273312e-08,9.27687725243072e-07,6.16970022560523e-07,"Rassf2/Bglap3/Rorb/Bmp4/Igf1/Twist2/Ptprb/Junb/Ptch1/Axin2/Tgfbr3/Pthlh/Smad9/Bmpr1b/Cebpd/Jund/Id3/Hdac5/Penk/Cebpb/Ddr2/Lox/Igf2/Shh/Creb3l1/Fgf2/Sfrp2/Col1a1/Scube2/Acvr2b/Sfrp1/Mef2c/Myoc/Gli2/Prkd1/Snai1",36
"GO:1901888","regulation of cell junction assembly","43/1333","325/25730",0.132307692307692,2.55384615384615,6.58943856192422,1.72538298511659e-08,9.56629010636867e-07,6.36217776968033e-07,"Vldlr/Il1rap/Pkp2/Lrp4/Srgap2/Dlc1/Cyfip2/Fzd5/Kdr/Ace/Podxl/Acvrl1/Adgrl4/Camsap3/Nrg2/Cux2/Tek/Iqsec2/Amigo1/Epha7/Nrxn1/Flrt2/Rab17/Nrp1/Prickle1/Cpeb3/Limch1/Dpysl2/Ephb1/Ghrl/Arhgef15/Enpp2/Ntn1/Mdga2/Mef2c/Myoc/Cntnap2/Nlgn3/Cldn5/Snai1/Apod/Slc12a5/Pcdh7",43
"GO:0006813","potassium ion transport","36/1333","246/25730",0.146341463414634,2.82473057288712,6.72188098949272,1.84521119978537e-08,1.00699567732407e-06,6.69714742203999e-07,"Slc9a2/Plcb4/Atp12a/Kcnma1/Slc12a6/Akap7/Slc1a3/Ptger3/Ank2/Kcnk2/Kcnip3/Atp1a2/Adora1/Rapgef3/Vamp2/Aqp1/Amigo1/Akap5/P2rx7/Kcnn4/Kcnb1/Atp1b2/Wnk2/Nalcn/Fhl1/Abcc9/Kcnn3/Kcna1/Kcna2/Kcnt2/Kcnd3/Kcna6/Wnk3/Fxyd1/Slc12a5/Rgs4",36
"GO:0032964","collagen biosynthetic process","18/1333","72/25730",0.25,4.82558139534884,7.59819805341057,1.85291607596522e-08,1.00699567732407e-06,6.69714742203999e-07,"Bmp4/Klf15/Pdgfrb/Tgfb3/Rapgef3/Vim/Ddr2/Il6ra/Creb3l1/Rcn3/Emilin1/Col1a1/Col5a1/Errfi1/Cygb/Il6/Gli2/Eng",18
"GO:0006936","muscle contraction","44/1333","338/25730",0.130177514792899,2.51272877390945,6.5437888635336,1.92741283560197e-08,1.03721265241365e-06,6.89810909583862e-07,"Dock5/Pkp2/Flt1/Abat/Kcnma1/Chrnb1/Cacnb2/Ptger3/Ank2/Ehd3/Atp1a2/Mylk/Adora1/Apbb1/Calcrl/Tmod4/Pla2g6/Irag1/Nr4a1/Arg2/Abcc9/Rcsd1/Tmod2/Gper1/Ghrl/Cacna1c/Gstm7/Stac2/Kcna1/Ednrb/Ednra/Myh11/Gucy1a1/Adcy10/Kcnd3/Lmod1/Adgrd1/Rem1/Prkd1/Ttn/Fxyd1/Adra2a/Pde4b/Acta2",44
"GO:0015850","organic hydroxy compound transport","42/1333","315/25730",0.133333333333333,2.57364341085271,6.5686309545627,2.01498423390893e-08,1.07381053008992e-06,7.14150773959752e-07,"Egf/Slc6a4/Abat/Abca5/Slc18a1/Cxcl12/Ptch1/Syt1/Flvcr2/Ptger3/Pink1/Slc22a1/Abcg5/Aqp1/Abca8a/Slc5a3/Kcnb1/Osbpl6/Shh/Abcb1a/Cd36/Entpd1/Ceacam2/Flvcr1/Abcc2/Aqp11/Ghrl/Slc2a13/Acacb/Syt7/Abca8b/Slc10a6/Kcna2/Abcg8/Nat8l/Npc1l1/Slc10a1/Ren1/Apof/Adra2a/Syt11/Chrna4",42
"GO:0003002","regionalization","54/1333","461/25730",0.117136659436009,2.26100993795087,6.38606389226816,2.04249792051276e-08,1.07389269417316e-06,7.14205418184218e-07,"Cyp26b1/Gpc3/Bmp4/Tcf7l1/Bicc1/Nkx3-1/Daam2/Lrp4/Spry1/Ptch1/Hhip/Axin2/Fzd5/Smarcd3/Bmpr1b/Acvrl1/Reln/Zbtb16/Robo2/Zeb2/Btg2/Dll4/Shh/Isl1/Arl13b/Nrp1/Fgf2/Fgf10/Prickle1/Sfrp2/Tbx6/Acvr2b/Hoxb9/Galnt11/Foxf1/Sfrp1/Ednra/Crb2/Mef2c/Aldh1a2/Nodal/Wnt2/Wnt2b/Gli2/Cfap53/Hhex/Ttn/Snai1/Sox17/Heyl/Hoxa6/Eng/Anks6/Pld6",54
"GO:0055001","muscle cell development","36/1333","247/25730",0.145748987854251,2.81329441672159,6.69344715450933,2.05426731441395e-08,1.07389269417316e-06,7.14205418184218e-07,"Pmp22/Bmp4/Igf1/Pdgfra/Chrnb1/Col6a1/Pdgfrb/Ank2/Myh10/Efemp2/Xk/Hdac5/Dner/Ppara/Sorbs2/Tmod4/Adm/Lox/Isl1/Prickle1/Tmod2/Myl9/Nfatc4/Nrap/Mybph/Ednra/Mef2c/Myh11/Cntnap2/Capn3/Lmod1/Prkd1/Ttn/Pi16/Rgs4/Eng",36
"GO:0060828","regulation of canonical Wnt signaling pathway","37/1333","259/25730",0.142857142857143,2.75747508305648,6.64468466624017,2.25408873784748e-08,1.16723519641932e-06,7.76283986380841e-07,"Egf/Kank1/Gpc3/Nkd1/Bicc1/Daam2/Lats2/Lrp4/Axin2/Lrrk1/Thra/Dact1/Znrf3/Egr1/Zeb2/Caprin2/Shh/Wnk2/Adgra2/Rspo3/Isl1/Lmbr1l/Plekha4/Fgf2/Fgf10/Ankrd6/Prickle1/Sfrp2/Reck/Col1a1/Sfrp1/Notum/Shisa3/Apc2/Hhex/Sox17/Dact3",37
"GO:0070588","calcium ion transmembrane transport","44/1333","340/25730",0.129411764705882,2.49794801641587,6.49924884090455,2.30057379752454e-08,1.18017285744039e-06,7.84888335446641e-07,"Ubash3b/Plcb4/Bmp4/Plcb1/Plcl2/Itpr1/Slc25a23/Mcoln2/Cacnb2/Tpcn1/Ptger3/Ank2/Bhlha15/Atp1a2/Rapgef3/Slc25a25/Akap5/P2rx7/Kcnn4/Letm2/Nalcn/Rgs9/Fgf2/Grin2d/Gper1/Plp1/Plcl1/Cacna1c/Gstm7/Gp1ba/Ednrb/Ednra/P2rx6/Mettl21c/Atp2b2/Capn3/Cacna1a/Atp2b3/Rem1/Prkd1/Trpc1/Slc8a2/Pde4b/Pkdrej",44
"GO:0006112","energy reserve metabolic process","23/1333","116/25730",0.198275862068966,3.82718524458701,7.13350340122404,2.46095260592097e-08,1.24432035897177e-06,8.27550412770821e-07,"Irs1/Insr/Irs2/Igf1/Adgrf5/Mt3/Col6a1/Gabarapl1/Pgf/Epm2a/Igf2/Mrap2/Sorbs1/Pygm/Nr1d1/Cd36/Wdr45/Lepr/Gnmt/Pcdh12/Phkg1/Adcy10/Adgrf1",23
"GO:0022612","gland morphogenesis","28/1333","164/25730",0.170731707317073,3.29551900170165,6.89334062223306,2.47095862867412e-08,1.24432035897177e-06,8.27550412770821e-07,"Igf1r/Bmp4/Igf1/Nkx3-1/Lama1/Ptch1/Itpr1/Pthlh/Etv4/Gdf7/Tgfb3/Cebpb/Etv5/Shh/Nrp1/Fgf10/Pgr/Plag1/Ceacam2/Lims2/Ntn1/Sfrp1/Plxnd1/Csmd1/Edar/Il6/Gli2/Ccl11",28
"GO:0090257","regulation of muscle system process","39/1333","283/25730",0.137809187279152,2.66003780096968,6.56373767026795,2.59016044245686e-08,1.29249006078597e-06,8.59586259755061e-07,"Dock5/Pkp2/Flt1/Igf1/Abat/Kcnma1/Npr3/Cacnb2/Ptger3/Ank2/Ehd3/Atp1a2/Adora1/Ppara/Calcrl/Kcnn4/Irag1/Nr4a1/Arg2/Errfi1/Gper1/Ghrl/Cacna1c/Gstm7/Kcna1/Fbxo32/Acacb/Mef2c/Gucy1a1/Adcy10/Adgrd1/Rem1/Prkd1/Ttn/Fxyd1/Adra2a/Pi16/Rgs4/Pde4b",39
"GO:0051924","regulation of calcium ion transport","38/1333","272/25730",0.139705882352941,2.69664842681259,6.57540465524202,2.69029752119108e-08,1.33036424268629e-06,8.84774945802813e-07,"Ubash3b/Egf/Bmp4/Igf1/Cxcl12/Itpr1/Cacnb2/Pdgfrb/Ptger3/Ank2/Atp1a2/Ace/Cracr2a/Mylk/Rapgef3/Akap5/P2rx7/Tspan18/Kcnn4/Isl1/Rgs9/Il16/Gper1/Gnao1/Plp1/Cacna1c/Homer2/Gstm7/Ednra/Mettl21c/Atp2b2/Capn3/Rem1/Prkd1/Trpc1/Wnk3/Rgs4/Pde4b",38
"GO:0050796","regulation of insulin secretion","35/1333","239/25730",0.146443514644351,2.82670039894911,6.63179591213153,2.8456233624884e-08,1.39460952113382e-06,9.2750205085618e-07,"Irs1/Camk2n1/Plcb1/Irs2/Abat/Fbn1/Acvr1c/Itpr1/Doc2b/Ptger3/Pim3/Gna14/Brsk2/Kcnb1/Nrxn1/Pla2g6/Isl1/Pde8b/Nr1d1/Gper1/Adcy5/Gnao1/Ghrl/Cacna1c/Lepr/Mlxipl/Sybu/Syt7/Syt9/Hnf4a/Il6/Trpc1/Adra2a/Myrip/Pde1c",35
"GO:0071805","potassium ion transmembrane transport","32/1333","207/25730",0.154589371980676,2.98393438939445,6.69892218611252,3.01993576529218e-08,1.46694047926449e-06,9.75606635680789e-07,"Slc9a2/Atp12a/Kcnma1/Slc12a6/Akap7/Slc1a3/Ptger3/Ank2/Kcnk2/Kcnip3/Atp1a2/Rapgef3/Vamp2/Aqp1/Amigo1/P2rx7/Kcnn4/Kcnb1/Atp1b2/Wnk2/Nalcn/Fhl1/Abcc9/Kcnn3/Kcna1/Kcna2/Kcnt2/Kcnd3/Kcna6/Wnk3/Slc12a5/Rgs4",32
"GO:0048010","vascular endothelial growth factor receptor signaling pathway","15/1333","52/25730",0.288461538461538,5.56797853309481,7.70732094297359,3.51534110664248e-08,1.69260590652286e-06,1.12568817708551e-06,"Bmp4/Cd59a/Flt1/Mt3/Kdr/Tek/Pgf/Mmrn2/Nrp1/Fgf10/Emilin1/Tmem204/Hhex/Prkd1/Clec14a",15
"GO:0032535","regulation of cellular component size","49/1333","406/25730",0.120689655172414,2.32959101844427,6.31209101193139,3.58948555689274e-08,1.71327706276385e-06,1.13943578135506e-06,"Kank4/Kank1/Myo5b/Scin/Plekhh2/Sptb/Daam2/Mt3/Cxcl12/Kcnma1/Slc12a6/Mgll/Deptor/Col6a1/Add3/Cyfip2/Rapgef3/Pecam1/Xk/Olfm1/Arhgap28/Aqp1/Tmod4/P2rx7/Kcnn4/Epha7/Avil/Arhgap18/Plxna4/Nrp1/Shank3/Tmod2/Aqp11/Ret/Pclo/Sema3g/Ntn1/Baiap2l2/Atp2b2/Adcy10/Esam/Lmod1/Eln/Sema6c/Prkd1/Wnk3/Slc12a5/Ccl11/Prex1",49
"GO:1904062","regulation of monoatomic cation transmembrane transport","38/1333","276/25730",0.13768115942029,2.65756656555443,6.4715127973838,3.99381483674944e-08,1.88983186542394e-06,1.25685570361588e-06,"Ubash3b/Bmp4/Cacnb2/Akap7/Ptger3/Ank2/Kcnip3/Ehd3/Atp1a2/Cracr2a/Rapgef3/Vamp2/Amigo1/Akap5/P2rx7/Kcnn4/Atp1b2/Wnk2/Fgf12/Rgs9/Fhl1/Grin2d/Abcc9/Gper1/Plp1/Cacna1c/Gstm7/Stac2/Ednra/Mettl21c/Capn3/Rem1/Prkd1/Trpc1/Wnk3/Fxyd1/Rgs4/Pde4b",38
"GO:0048762","mesenchymal cell differentiation","37/1333","265/25730",0.139622641509434,2.69504168494954,6.48320560441463,4.14988743046442e-08,1.9465687120654e-06,1.29458923463056e-06,"Erbb4/Bmp4/Spry1/Axin2/Tgfbr3/Tgfb3/Olfm1/Zeb2/Shh/Isl1/Nrp1/Fgf10/Sfrp2/Tcf21/Col1a1/Ret/Notch4/Sema3b/Sema4g/Sema3g/Radil/Sfrp1/Ednrb/Ednra/Crb2/Mef2c/Aldh1a2/Sema6b/Wnt2/Sema3d/Il6/Sema6c/Snai1/Dact3/Heyl/Eng/Tmem100",37
"GO:0140029","exocytic process","22/1333","110/25730",0.2,3.86046511627907,7.02751450744898,4.18464397929891e-08,1.9465687120654e-06,1.29458923463056e-06,"Unc13b/Exoc6/Syt1/Doc2b/Unc13c/Vamp2/Syde1/Cadps2/Kcnb1/Grik5/Nrxn1/Brsk1/Gnao1/Syt2/Pclo/Syt7/Syt9/Erc2/Pla2g3/Stx19/Napb/Syt11",22
"GO:0048659","smooth muscle cell proliferation","32/1333","210/25730",0.152380952380952,2.94130675526024,6.60270346758297,4.27805053130293e-08,1.97329574506906e-06,1.31236437351248e-06,"Spon2/Igf1r/Bmp4/Flt1/Igf1/Npr3/Pdgfrb/Ppargc1a/Ndrg2/Tgfb3/Ogn/Egr1/Efemp2/Ddr2/Calcrl/Il15/Il6ra/Kcnn4/Ereg/Fgf2/Pde1a/Rgs5/Gper1/S1pr1/Npr1/Ednra/Mef2c/Ptgis/Il6/Pdgfd/Apod/Il10",32
"GO:0002790","peptide secretion","44/1333","348/25730",0.126436781609195,2.44052392408447,6.32419849620845,4.59008546183484e-08,2.09958159166762e-06,1.39635231417923e-06,"Irs1/Slc16a10/Camk2n1/Plcb1/Irs2/Abat/Fbn1/Acvr1c/Itpr1/Doc2b/Ptger3/Pim3/Adora1/Gna14/Brsk2/Aqp1/Kcnb1/Nrxn1/Pla2g6/Ptprn2/Isl1/Pde8b/Nr1d1/Gper1/Adcy5/Gnao1/Pclo/Ghrl/Cacna1c/Acvr2b/Ptprn/Ildr2/Lepr/Mlxipl/Sybu/Syt7/Syt9/Hnf4a/Il6/Prkd1/Trpc1/Adra2a/Myrip/Pde1c",44
"GO:0009914","hormone transport","51/1333","435/25730",0.117241379310345,2.26303127506014,6.21011591163212,4.88411333284756e-08,2.21561141190085e-06,1.47351935957506e-06,"Irs1/Slc16a10/Camk2n1/Plcb1/Irs2/Abat/Fbn1/Nkx3-1/Acvr1c/Itpr1/Slco4a1/Doc2b/Ptger3/Pim3/Adora1/Gna14/Vamp2/Brsk2/Aqp1/Kcnb1/Nrxn1/Pla2g6/Ptprn2/Abcb1a/Isl1/Pde8b/Nr1d1/Abcc2/Gper1/Adcy5/Gnao1/Pclo/Ghrl/Cacna1c/Acvr2b/Ptprn/Ildr2/Lepr/Mlxipl/Sybu/Syt7/Syt9/Pla2g3/Hnf4a/Il6/Prkd1/Trpc1/Ren1/Adra2a/Myrip/Pde1c",51
"GO:0030111","regulation of Wnt signaling pathway","43/1333","337/25730",0.127596439169139,2.46290801186944,6.31878062182683,4.99897515376016e-08,2.24912906713029e-06,1.4958106844901e-06,"Egf/Kank1/Gpc3/Nkd1/Bicc1/Daam2/Lats2/Lrp4/Cxxc4/Klf15/Axin2/Dixdc1/Lrrk1/Thra/Dact1/Znrf3/Atp6v1c2/Egr1/Zeb2/Caprin2/Hic1/Shh/Wnk2/Adgra2/Rspo3/Isl1/Lmbr1l/Plekha4/Fgf2/Fgf10/Ankrd6/Prickle1/Sfrp2/Reck/Col1a1/Nfatc4/Sfrp1/Notum/Shisa3/Apc2/Hhex/Sox17/Dact3",43
"GO:0021936","regulation of cerebellar granule cell precursor proliferation","8/1333","13/25730",0.615384615384615,11.8783542039356,9.1702892479641,5.18055053327937e-08,2.31187332334719e-06,1.53753951642386e-06,"Egf/Slc6a4/Igf1/Shh/Fgf2/Zfp423/Gli2/Gpr37l1",8
"GO:0030879","mammary gland development","29/1333","180/25730",0.161111111111111,3.10981912144703,6.63963704661035,5.26567666619445e-08,2.33091122747914e-06,1.55020090648237e-06,"Irs1/Egf/Erbb4/Igf1r/Bmp4/Irs2/Igf1/Ptch1/Pthlh/Etv4/Lbh/Tgfb3/Cdo1/Cebpb/Ppara/Etv5/Abcb1a/Fgf2/Fgf10/Pgr/Notch4/Hoxb9/Ntn1/Foxf1/Csmd1/Atp2b2/Wnt2/Gli2/Ccl11",29
"GO:0001823","mesonephros development","23/1333","121/25730",0.190082644628099,3.66903709398424,6.87874641997579,5.61827659101303e-08,2.46709761664564e-06,1.64077332359016e-06,"Gpc3/Bmp4/Spry1/Hs3st3a1/Ptch1/Gsta3/Smad9/Hs3st3b1/Zbtb16/Robo2/Pgf/Shh/Dchs1/Fgf2/Fgf10/Arg2/Tcf21/Osr2/Ret/Sfrp1/Eya1/Wnt2b/Ren1",23
"GO:0030072","peptide hormone secretion","43/1333","339/25730",0.126843657817109,2.44837758112094,6.27480242006343,5.93196830550547e-08,2.58417254197774e-06,1.71863542886324e-06,"Irs1/Slc16a10/Camk2n1/Plcb1/Irs2/Abat/Fbn1/Acvr1c/Itpr1/Doc2b/Ptger3/Pim3/Gna14/Brsk2/Aqp1/Kcnb1/Nrxn1/Pla2g6/Ptprn2/Isl1/Pde8b/Nr1d1/Gper1/Adcy5/Gnao1/Pclo/Ghrl/Cacna1c/Acvr2b/Ptprn/Ildr2/Lepr/Mlxipl/Sybu/Syt7/Syt9/Hnf4a/Il6/Prkd1/Trpc1/Adra2a/Myrip/Pde1c",43
"GO:0001569","branching involved in blood vessel morphogenesis","14/1333","47/25730",0.297872340425532,5.74962889658585,7.6180539918719,6.39892404339669e-08,2.76564520269326e-06,1.83932603253209e-06,"Flt1/Cxcl12/Kdr/Tek/Dll4/Shh/Nrp1/Fgf2/Sfrp2/Nfatc4/Notch4/Plxnd1/Ednra/Eng",14
"GO:0033002","muscle cell proliferation","39/1333","293/25730",0.133105802047782,2.56925152789904,6.31468571604044,6.6979719147729e-08,2.87227873751472e-06,1.91024396385135e-06,"Spon2/Erbb4/Igf1r/Bmp4/Flt1/Igf1/Npr3/Pdgfrb/Ppargc1a/Ndrg2/Tgfbr3/Kcnk2/Tgfb3/Ogn/Egr1/Myh10/Efemp2/Ddr2/Calcrl/Il15/Il6ra/Kcnn4/Shh/Ereg/Fgf2/Pde1a/Rgs5/Gper1/Ephb1/S1pr1/Npr1/Ednra/Mef2c/Wnt2/Ptgis/Il6/Pdgfd/Apod/Il10",39
"GO:0009306","protein secretion","53/1333","465/25730",0.113978494623656,2.20005001250313,6.10414000471547,6.82466490728295e-08,2.90096553719783e-06,1.92932246943688e-06,"Irs1/Camk2n1/Plcb1/Irs2/Igf1/Abat/Unc13b/Fbn1/Acvr1c/Itpr1/Doc2b/Ptger3/Pim3/Tgfb3/Gna14/Myh10/Apbb1/Brsk2/Akap5/P2rx7/Kcnn4/Kcnb1/Nrxn1/Pla2g6/Ptprn2/Isl1/Pde8b/Rcn3/Nr1d1/Gper1/Adcy5/Gnao1/Pclo/Ghrl/Cacna1c/Acvr2b/Ptprn/Ildr2/Lepr/Mlxipl/Ednrb/Sybu/Syt7/Syt9/Olfm2/C1qtnf5/Hnf4a/Il6/Ttn/Trpc1/Adra2a/Myrip/Pde1c",53
"GO:0034765","regulation of monoatomic ion transmembrane transport","40/1333","305/25730",0.131147540983607,2.53145253526496,6.28899566125638,6.87056877091853e-08,2.90096553719783e-06,1.92932246943688e-06,"Ubash3b/Bmp4/Cacnb2/Akap7/Ptger3/Ank2/Kcnip3/Ehd3/Atp1a2/Cracr2a/Rapgef3/Reln/Vamp2/Amigo1/Akap5/P2rx7/Kcnn4/Atp1b2/Wnk2/Fgf12/Rgs9/Fhl1/Grin2d/Abcc9/Gper1/Plp1/Cacna1c/Gstm7/Stac2/Ednra/Mettl21c/Capn3/Nlgn3/Rem1/Prkd1/Trpc1/Wnk3/Fxyd1/Rgs4/Pde4b",40
"GO:0001755","neural crest cell migration","16/1333","62/25730",0.258064516129032,4.98124531132783,7.33630000533776,7.01835895585907e-08,2.92210493448111e-06,1.9433814831156e-06,"Erbb4/Bmp4/Zeb2/Shh/Isl1/Nrp1/Ret/Sema3b/Sema4g/Sema3g/Radil/Ednrb/Ednra/Sema6b/Sema3d/Sema6c",16
"GO:0090287","regulation of cellular response to growth factor stimulus","43/1333","341/25730",0.126099706744868,2.43401759530792,6.23113537886392,7.02710605486438e-08,2.92210493448111e-06,1.9433814831156e-06,"Gpc3/Jcad/Bmp4/Cd59a/Zeb1/Fbn1/Lats2/Spry1/Mt3/Hhip/Spry4/Tgfbr3/Cyfip2/Ccbe1/Tgfb3/Kdr/Acvrl1/Ppara/Zeb2/Cdh5/Tek/Aspn/Lox/Nrxn1/Adgra2/Mmrn2/Creb3l1/Chrdl1/Nrp1/Fgf2/Fgf10/Emilin1/Zfp423/Sfrp2/Tmem204/Sfrp1/Crb2/Cilp/Htra3/Ark2c/Hhex/Elapor2/Eng",43
"GO:0051962","positive regulation of nervous system development","47/1333","392/25730",0.119897959183673,2.31430944470812,6.12932728037796,8.29346043459258e-08,3.31269013876495e-06,2.20314493124754e-06,"Il1rap/Flt1/Jade2/Myo5b/Igf1/Cxcl12/Dixdc1/Kdr/Ace/Smarcd3/Reln/Trf/Vim/Adgrl4/Robo2/Zeb2/Cux2/Iqsec2/Amigo1/Zfp365/Akap5/Caprin2/Etv5/Nrxn1/Shh/Flrt2/Fbxo31/Nrp1/Fgf2/Mme/Shank3/Plag1/Il34/Gper1/Ntf3/Ephb1/Ghrl/Rassf10/Enpp2/Ntn1/Plxnd1/Plxnb3/Nlgn3/Wnt2/Adcy10/Il6/Chodl",47
"GO:0021924","cell proliferation in external granule layer","9/1333","18/25730",0.5,9.65116279069767,8.58224922746517,8.32005406443741e-08,3.31269013876495e-06,2.20314493124754e-06,"Egf/Slc6a4/Igf1/Rora/Shh/Fgf2/Zfp423/Gli2/Gpr37l1",9
"GO:0021930","cerebellar granule cell precursor proliferation","9/1333","18/25730",0.5,9.65116279069767,8.58224922746517,8.32005406443741e-08,3.31269013876495e-06,2.20314493124754e-06,"Egf/Slc6a4/Igf1/Rora/Shh/Fgf2/Zfp423/Gli2/Gpr37l1",9
"GO:0051152","positive regulation of smooth muscle cell differentiation","9/1333","18/25730",0.5,9.65116279069767,8.58224922746517,8.32005406443741e-08,3.31269013876495e-06,2.20314493124754e-06,"Pias1/Smarcd3/Efemp2/Shh/Gper1/Notch4/Olfm2/Cth/Eng",9
"GO:0010562","positive regulation of phosphorus metabolic process","33/1333","227/25730",0.145374449339207,2.80606495236144,6.38864819248784,8.38889425849751e-08,3.31269013876495e-06,2.20314493124754e-06,"Irs1/Egf/Erbb4/Insr/Crebl2/Igf1/Fbn1/Adgrf5/Mt3/Pdgfrb/Kdr/Adora1/Reln/Prxl2c/Ppara/Ddr2/Il15/P2rx7/Ereg/Nrp1/Fgf2/Limch1/Il34/Gper1/Pid1/Rarres2/Mlxipl/Clip3/Fam20a/Nqo1/Mas1/Adcy10/Wnk3",33
"GO:0045937","positive regulation of phosphate metabolic process","33/1333","227/25730",0.145374449339207,2.80606495236144,6.38864819248784,8.38889425849751e-08,3.31269013876495e-06,2.20314493124754e-06,"Irs1/Egf/Erbb4/Insr/Crebl2/Igf1/Fbn1/Adgrf5/Mt3/Pdgfrb/Kdr/Adora1/Reln/Prxl2c/Ppara/Ddr2/Il15/P2rx7/Ereg/Nrp1/Fgf2/Limch1/Il34/Gper1/Pid1/Rarres2/Mlxipl/Clip3/Fam20a/Nqo1/Mas1/Adcy10/Wnk3",33
"GO:0035592","establishment of protein localization to extracellular region","53/1333","468/25730",0.113247863247863,2.18594712780759,6.05219209361021,8.42189446137483e-08,3.31269013876495e-06,2.20314493124754e-06,"Irs1/Camk2n1/Plcb1/Irs2/Igf1/Abat/Unc13b/Fbn1/Acvr1c/Itpr1/Doc2b/Ptger3/Pim3/Tgfb3/Gna14/Myh10/Apbb1/Brsk2/Akap5/P2rx7/Kcnn4/Kcnb1/Nrxn1/Pla2g6/Ptprn2/Isl1/Pde8b/Rcn3/Nr1d1/Gper1/Adcy5/Gnao1/Pclo/Ghrl/Cacna1c/Acvr2b/Ptprn/Ildr2/Lepr/Mlxipl/Ednrb/Sybu/Syt7/Syt9/Olfm2/C1qtnf5/Hnf4a/Il6/Ttn/Trpc1/Adra2a/Myrip/Pde1c",53
"GO:0001938","positive regulation of endothelial cell proliferation","21/1333","105/25730",0.2,3.86046511627907,6.86527097133714,8.44920057254679e-08,3.31269013876495e-06,2.20314493124754e-06,"Egf/Jcad/Bmp4/Igf1/Cxcl12/Kdr/Acvrl1/Gata2/Pgf/Igf2/Nr4a1/Fgf2/Fgf10/Ghrl/Egfl7/Ppp1r16b/Plxnb3/Wnt2/Prkd1/Ccl11/Il10",21
"GO:0014706","striated muscle tissue development","55/1333","494/25730",0.111336032388664,2.14904434610677,6.02765407463252,8.53582665153257e-08,3.32291861633066e-06,2.20994750485367e-06,"Pmp22/Cyp26b1/Erbb4/Bmp4/Pkp2/Igf1/Pdgfra/Col6a1/Pdgfrb/Tgfbr3/Kcnk2/Erbb3/Egr1/Myh10/Sox6/Xk/Hdac5/Dner/Maff/Ppara/Sorbs2/Btg2/Lox/Dll4/Igf2/Shh/Nr4a1/Abcb1a/Isl1/Gjc1/Fgf2/Prickle1/Abcc9/Tcf21/Foxp2/Abcc2/Ephb1/Nrap/S1pr1/Ednra/Mettl21c/Mef2c/Myh11/Cntnap2/Aldh1a2/Capn3/Wnt2/Eya1/Eln/Ttn/Bmp5/Pi16/Rgs4/Heyl/Eng",55
"GO:0050919","negative chemotaxis","14/1333","48/25730",0.291666666666667,5.62984496124031,7.5046589606345,8.60431198625815e-08,3.32599073891345e-06,2.21199065740128e-06,"Slit3/Robo2/Dpp4/Epha7/Flrt2/Plxna4/Sema3b/Sema4g/Sema3g/Ntn1/Sema6b/Sema3d/Sema6c/Unc5c",14
"GO:0050905","neuromuscular process","33/1333","228/25730",0.144736842105263,2.7937576499388,6.35919853801379,9.32918278375395e-08,3.58097093007171e-06,2.38156833964363e-06,"Pmp22/Ptprq/Clic5/Kcnma1/Itpr1/Chrnb1/Slc1a3/Lonrf2/Myh10/Penk/Nrxn1/Nr4a1/Fgf12/Pde8b/Npas3/Grin2d/Shank3/Rcsd1/Adcy5/Gstm7/Stac2/Kcna1/Ednra/Csmd1/Mdga2/Atp2b2/Map1a/Cntnap2/Nlgn3/Cacna1a/Adgrd1/Rem1/Prkd1",33
"GO:0090497","mesenchymal cell migration","16/1333","64/25730",0.25,4.82558139534884,7.16253329551727,1.13719794121792e-07,4.3347774301008e-06,2.88289653519279e-06,"Erbb4/Bmp4/Zeb2/Shh/Isl1/Nrp1/Ret/Sema3b/Sema4g/Sema3g/Radil/Ednrb/Ednra/Sema6b/Sema3d/Sema6c",16
"GO:0006937","regulation of muscle contraction","28/1333","176/25730",0.159090909090909,3.0708245243129,6.44359896917734,1.16919554342924e-07,4.39569475197471e-06,2.92341034218644e-06,"Dock5/Pkp2/Flt1/Abat/Kcnma1/Cacnb2/Ptger3/Ank2/Ehd3/Atp1a2/Adora1/Calcrl/Irag1/Nr4a1/Arg2/Gper1/Ghrl/Cacna1c/Gstm7/Kcna1/Gucy1a1/Adcy10/Adgrd1/Rem1/Prkd1/Fxyd1/Adra2a/Pde4b",28
"GO:1990845","adaptive thermogenesis","28/1333","176/25730",0.159090909090909,3.0708245243129,6.44359896917734,1.16919554342924e-07,4.39569475197471e-06,2.92341034218644e-06,"Igf1r/Pm20d1/Clic5/Plcl2/Npr3/Aldh1a1/Ppargc1a/Thra/Ces1d/Adamts5/Arrdc3/Cebpb/Il15/Lpin1/Nr1d1/Cd36/Lama4/Zfp423/Ckb/Plcl1/Esrrg/Ghrl/Acvr2b/Lepr/Gpr3/Fabp4/Cmklr1/Mfap2",28
"GO:0071692","protein localization to extracellular region","53/1333","473/25730",0.112050739957717,2.16283986430011,5.9664762347835,1.18924076698916e-07,4.44064120408401e-06,2.95330252768951e-06,"Irs1/Camk2n1/Plcb1/Irs2/Igf1/Abat/Unc13b/Fbn1/Acvr1c/Itpr1/Doc2b/Ptger3/Pim3/Tgfb3/Gna14/Myh10/Apbb1/Brsk2/Akap5/P2rx7/Kcnn4/Kcnb1/Nrxn1/Pla2g6/Ptprn2/Isl1/Pde8b/Rcn3/Nr1d1/Gper1/Adcy5/Gnao1/Pclo/Ghrl/Cacna1c/Acvr2b/Ptprn/Ildr2/Lepr/Mlxipl/Ednrb/Sybu/Syt7/Syt9/Olfm2/C1qtnf5/Hnf4a/Il6/Ttn/Trpc1/Adra2a/Myrip/Pde1c",53
"GO:0001666","response to hypoxia","42/1333","337/25730",0.124629080118694,2.40563108136084,6.07138272965662,1.38052764669837e-07,5.1200785491401e-06,3.40517061077521e-06,"Slc6a4/Vldlr/Flt1/Abat/Nkx3-1/Mt3/Kcnma1/Itpr1/Kcnk2/Tgfb3/Kdr/Pink1/Adora1/Egr1/Cpeb1/Jund/Penk/Dpp4/Aqp1/Ppara/Rora/Ddr2/Tek/Plod1/Pgf/Cbfa2t3/Arnt2/Abcb1a/Pygm/Dio3/Abcc9/Cygb/Sfrp1/Ednra/Ndrg1/Ddah1/Ptgis/Angpt4/Angptl4/Cryab/Eng/Chrna4",42
"GO:0001570","vasculogenesis","20/1333","99/25730",0.202020202020202,3.8994597134132,6.75632007767444,1.43483541235952e-07,5.28577958284657e-06,3.51537210177521e-06,"Junb/Pdgfrb/Tgfbr3/Kdr/Ackr3/Cd34/Tek/Adm/Shh/Gjc1/Nrp1/Tiparp/Tie1/Egfl7/Foxf1/Hhex/Sox17/Rasip1/Eng/Tmem100",20
"GO:0034767","positive regulation of monoatomic ion transmembrane transport","24/1333","137/25730",0.175182481751825,3.38142929893057,6.5327447985235,1.46902165003431e-07,5.3756398913589e-06,3.57513479460983e-06,"Bmp4/Cacnb2/Akap7/Ank2/Ehd3/Cracr2a/Rapgef3/Reln/Amigo1/Akap5/P2rx7/Atp1b2/Wnk2/Fhl1/Gper1/Plp1/Cacna1c/Stac2/Ednra/Capn3/Nlgn3/Trpc1/Wnk3/Fxyd1",24
"GO:0046879","hormone secretion","49/1333","425/25730",0.115294117647059,2.22544459644323,5.9544724531473,1.49257325092067e-07,5.42565203596263e-06,3.60839598061547e-06,"Irs1/Slc16a10/Camk2n1/Plcb1/Irs2/Abat/Fbn1/Nkx3-1/Acvr1c/Itpr1/Doc2b/Ptger3/Pim3/Adora1/Gna14/Vamp2/Brsk2/Aqp1/Kcnb1/Nrxn1/Pla2g6/Ptprn2/Abcb1a/Isl1/Pde8b/Nr1d1/Gper1/Adcy5/Gnao1/Pclo/Ghrl/Cacna1c/Acvr2b/Ptprn/Ildr2/Lepr/Mlxipl/Sybu/Syt7/Syt9/Pla2g3/Hnf4a/Il6/Prkd1/Trpc1/Ren1/Adra2a/Myrip/Pde1c",49
"GO:0021534","cell proliferation in hindbrain","9/1333","19/25730",0.473684210526316,9.14320685434516,8.29986633417797,1.50788459000655e-07,5.44524902272759e-06,3.62142919538968e-06,"Egf/Slc6a4/Igf1/Rora/Shh/Fgf2/Zfp423/Gli2/Gpr37l1",9
"GO:0050708","regulation of protein secretion","43/1333","351/25730",0.122507122507123,2.36467236467236,6.01731874743273,1.59912685699471e-07,5.73699824708755e-06,3.81546057107509e-06,"Irs1/Camk2n1/Plcb1/Irs2/Igf1/Abat/Unc13b/Fbn1/Acvr1c/Itpr1/Doc2b/Ptger3/Pim3/Tgfb3/Gna14/Myh10/Apbb1/Brsk2/P2rx7/Kcnn4/Kcnb1/Nrxn1/Pla2g6/Isl1/Pde8b/Nr1d1/Gper1/Adcy5/Gnao1/Ghrl/Cacna1c/Lepr/Mlxipl/Sybu/Syt7/Syt9/Hnf4a/Il6/Ttn/Trpc1/Adra2a/Myrip/Pde1c",43
"GO:0015833","peptide transport","45/1333","377/25730",0.119363395225464,2.30399111714268,5.96195844897129,1.77043565737635e-07,6.31033852164855e-06,4.19676750497688e-06,"Irs1/Slc16a10/Camk2n1/Plcb1/Irs2/Abat/Fbn1/Acvr1c/Itpr1/Doc2b/Ptger3/Pim3/Adora1/Gna14/Brsk2/Aqp1/Kcnb1/Nrxn1/Pla2g6/Ptprn2/Isl1/Pde8b/Nr1d1/Abcc2/Gper1/Adcy5/Gnao1/Pclo/Ghrl/Cacna1c/Acvr2b/Ptprn/Ildr2/Lepr/Mlxipl/Sybu/Syt7/Syt9/Hnf4a/Il6/Prkd1/Trpc1/Adra2a/Myrip/Pde1c",45
"GO:0019220","regulation of phosphate metabolic process","48/1333","415/25730",0.11566265060241,2.23255813953488,5.91698967725045,1.81240216028416e-07,6.41824223083856e-06,4.26853018123292e-06,"Irs1/Egf/Erbb4/Insr/Cnksr3/Crebl2/Igf1/Fbn1/Adgrf5/Pdk4/Lats2/Mt3/Pdgfrb/Ppargc1a/Kdr/Adora1/Reln/Prxl2c/Ppara/Ddr2/Il15/P2rx7/Cbfa2t3/Epm2a/Epha7/Ereg/Ksr1/Lpin1/Pdk2/Nrp1/Fgf2/Entpd1/Sfrp2/Limch1/Il34/Ldb2/Errfi1/Gper1/Pid1/Rarres2/Mlxipl/Clip3/Fam20a/Nqo1/Mas1/Adcy10/Wnk3/Trib3",48
"GO:0034284","response to monosaccharide","36/1333","269/25730",0.133828996282528,2.5832108584767,6.10148413653046,1.84952849958366e-07,6.50773200911199e-06,4.32804644841844e-06,"Hmgcs2/Igf1r/Camk2n1/Plcb1/Irs2/Igf1/Unc13b/Acvr1c/Slc12a6/Col6a2/Pim3/Egr1/Vamp2/Brsk2/Ppara/Kcnb1/Nrxn1/Pla2g6/Ptprn2/Pde8b/Nr1d1/Col1a1/Gper1/Adcy5/Ghrl/Txnip/Acvr2b/Ptprn/Ildr2/Lepr/Mlxipl/Sybu/Hid1/Hnf4a/Adra2a/Pde1c",36
"GO:0051056","regulation of small GTPase mediated signal transduction","35/1333","258/25730",0.135658914728682,2.61853254011177,6.10742412458631,1.95399110848925e-07,6.83150139776912e-06,4.54337322443227e-06,"Kank1/Igf1/Lrp4/Spry1/Rasa3/Dlc1/Col3a1/Arfgef3/Spry4/Pdgfrb/Stard8/Stard13/Arhgap22/Dock6/Arhgap20/Syde2/Reln/Dgki/Arhgap28/Eps8l2/Iqsec2/Syde1/Mcf2l/Rabgef1/Arhgap18/Nrp1/Fgf10/Rasgrp1/Rasgrf1/Dennd4b/Garnl3/Arap3/Myoc/Ripor2/Rasip1",35
"GO:0031032","actomyosin structure organization","32/1333","224/25730",0.142857142857143,2.75747508305648,6.17518997716062,1.97137314628217e-07,6.84865012654608e-06,4.55477819540743e-06,"Kank4/Epb41l2/Pdgfra/Iqgap2/Dlc1/Pdgfrb/Cnn2/Tgfb3/Rapgef3/Myh10/Arhgap28/Zeb2/Tmod4/Ppm1e/Sorbs1/Nrp1/Limch1/Tmod2/Myl9/Nrap/Mybph/S1pr1/Arhgef15/Mef2c/Myh11/Myoc/Capn3/Lmod1/Eln/Prkd1/Ttn/Coro2b",32
"GO:0048660","regulation of smooth muscle cell proliferation","30/1333","202/25730",0.148514851485149,2.86668201703891,6.22581122110583,1.99497330051406e-07,6.88704933743501e-06,4.58031605837984e-06,"Igf1r/Bmp4/Flt1/Igf1/Npr3/Pdgfrb/Ppargc1a/Ndrg2/Tgfb3/Ogn/Egr1/Efemp2/Ddr2/Calcrl/Il15/Il6ra/Kcnn4/Ereg/Fgf2/Pde1a/Rgs5/Gper1/S1pr1/Npr1/Mef2c/Ptgis/Il6/Pdgfd/Apod/Il10",30
"GO:0050680","negative regulation of epithelial cell proliferation","27/1333","170/25730",0.158823529411765,3.0656634746922,6.31628796105424,2.02578749801448e-07,6.90655128981457e-06,4.59328606937836e-06,"Col4a3/Gpc3/Bmp4/Flt1/Zeb1/Nkx3-1/Atoh8/Ptch1/Klf9/Tgfbr3/Etv4/Tgfb3/Acvrl1/Ptprm/Dll4/Mmrn2/Isl1/Sfrp2/Ceacam2/Aqp11/Lims2/Ghrl/Sfrp1/Mef2c/Nlrc3/Eaf2/Eng",27
"GO:0051147","regulation of muscle cell differentiation","27/1333","170/25730",0.158823529411765,3.0656634746922,6.31628796105424,2.02578749801448e-07,6.90655128981457e-06,4.59328606937836e-06,"Cyp26b1/Lama2/Bmp4/Zeb1/Igf1/Nid1/Lama1/Pias1/Thra/Bhlha15/Smarcd3/Sox6/Efemp2/Hdac5/Ppara/Igf2/Shh/Ereg/Gper1/Notch4/Mef2c/Olfm2/Cth/Prkd1/Pi16/Rgs4/Eng",27
"GO:0032965","regulation of collagen biosynthetic process","15/1333","59/25730",0.254237288135593,4.90737091052424,7.02340264010252,2.22284140156116e-07,7.51278713346409e-06,4.99647060222905e-06,"Bmp4/Klf15/Pdgfrb/Tgfb3/Rapgef3/Vim/Ddr2/Il6ra/Creb3l1/Emilin1/Errfi1/Cygb/Il6/Gli2/Eng",15
"GO:0051174","regulation of phosphorus metabolic process","48/1333","418/25730",0.114832535885167,2.21653499499277,5.86148734242333,2.24913208141499e-07,7.51278713346409e-06,4.99647060222905e-06,"Irs1/Egf/Erbb4/Insr/Cnksr3/Crebl2/Igf1/Fbn1/Adgrf5/Pdk4/Lats2/Mt3/Pdgfrb/Ppargc1a/Kdr/Adora1/Reln/Prxl2c/Ppara/Ddr2/Il15/P2rx7/Cbfa2t3/Epm2a/Epha7/Ereg/Ksr1/Lpin1/Pdk2/Nrp1/Fgf2/Entpd1/Sfrp2/Limch1/Il34/Ldb2/Errfi1/Gper1/Pid1/Rarres2/Mlxipl/Clip3/Fam20a/Nqo1/Mas1/Adcy10/Wnk3/Trib3",48
"GO:0010712","regulation of collagen metabolic process","16/1333","67/25730",0.238805970149254,4.60951058660187,6.91497038362958,2.25835284573069e-07,7.51278713346409e-06,4.99647060222905e-06,"Bmp4/Klf15/Pdgfrb/Tgfb3/Rapgef3/Vim/Ddr2/Il6ra/Creb3l1/Mfap4/Emilin1/Errfi1/Cygb/Il6/Gli2/Eng",16
"GO:1903053","regulation of extracellular matrix organization","16/1333","67/25730",0.238805970149254,4.60951058660187,6.91497038362958,2.25835284573069e-07,7.51278713346409e-06,4.99647060222905e-06,"Lama2/Nid1/Tnxb/Lama1/Axin2/Col6a1/Tgfbr3/Efemp2/Dpp4/Ddr2/Emilin1/Reck/Aebp1/Tie1/Il6/Angptl7",16
"GO:0001659","temperature homeostasis","30/1333","204/25730",0.147058823529412,2.83857729138167,6.16259898561014,2.48338870098334e-07,8.21163890343227e-06,5.46125048510478e-06,"Igf1r/Abat/Plcl2/Npr3/Aldh1a1/Ppargc1a/Ptger3/Thra/Ces1d/Adora1/Egr1/Adamts5/Arrdc3/Cebpb/Il15/Lpin1/Nr1d1/Cd36/Lama4/Zfp423/Plcl1/Esrrg/Ghrl/Acvr2b/Lepr/Ednrb/Gpr3/Fabp4/Cmklr1/Mfap2",30
"GO:0015837","amine transport","23/1333","131/25730",0.175572519083969,3.38895792650453,6.40753465773787,2.54624629413412e-07,8.36906940628874e-06,5.5659515588132e-06,"Abat/Slc18a1/Cxcl12/Syt1/Flvcr2/Ptger3/Pink1/Adora1/P2rx7/Kcnb1/Slc43a1/Entpd1/Arg2/Dpysl2/Flvcr1/Syt7/Kcna2/Nat8l/Cacna1a/Adra2a/Rgs4/Syt11/Chrna4",23
"GO:0042311","vasodilation","17/1333","76/25730",0.223684210526316,4.31762545899633,6.77040924843536,2.63295365313678e-07,8.6025491678975e-06,5.72123011847015e-06,"Itga1/Kcnma1/Npr3/Kdr/Ace/Adora1/Pecam1/Ptprm/Pla2g6/Irag1/Abcc9/Gper1/Ednrb/Vstm4/Gucy1a1/Mas1/Adra2a",17
"GO:0051150","regulation of smooth muscle cell differentiation","12/1333","38/25730",0.315789473684211,6.09547123623011,7.34743091198616,2.74314304723944e-07,8.90953383804572e-06,5.92539401297189e-06,"Bmp4/Zeb1/Pias1/Smarcd3/Efemp2/Shh/Ereg/Gper1/Notch4/Olfm2/Cth/Eng",12
"GO:0048511","rhythmic process","43/1333","358/25730",0.120111731843575,2.31843575418994,5.87193783361453,2.77700085169217e-07,8.96644569114019e-06,5.96324393416003e-06,"Rorb/Igf1r/Slc6a4/Npas2/Igf1/Zfhx3/Pdgfra/Slit3/Kcnma1/Rorc/Tef/Col6a1/Ppargc1a/Klf9/Ptger3/Ces1d/Adora1/Bmpr1b/Egr1/Jund/Id3/Ppara/Rora/Dbp/Ereg/Abcb1a/Nr1d1/Pgr/Ghrl/Ptprn/Enpp2/Lepr/Kcna2/Cntnap2/Crem/Adcy1/Nlgn3/Hnf4a/Il6/Mapk10/Gabrb1/Fbxl21/Gpr157",43
"GO:0030177","positive regulation of Wnt signaling pathway","25/1333","152/25730",0.164473684210526,3.17472460220318,6.2856628860039,2.86505038962668e-07,9.19664420389523e-06,6.11634025929536e-06,"Egf/Kank1/Gpc3/Nkd1/Daam2/Dixdc1/Lrrk1/Thra/Dact1/Atp6v1c2/Zeb2/Caprin2/Shh/Wnk2/Adgra2/Rspo3/Plekha4/Fgf2/Fgf10/Ankrd6/Sfrp2/Reck/Col1a1/Sfrp1/Hhex",25
"GO:0070372","regulation of ERK1 and ERK2 cascade","40/1333","322/25730",0.124223602484472,2.39780442004911,5.89993762180904,2.96758504868117e-07,9.47039205361102e-06,6.29839960148488e-06,"Egf/Mturn/Erbb4/Bmp4/Cnksr3/Igf1/Pdgfra/Spry1/Mt3/Cxcl12/Spry4/Pdgfrb/Ndrg2/Kdr/Ackr3/Prxl2c/Pde8a/Ddr2/Tek/Pkhd1/Epha7/Nrxn1/Wnk2/Pde8b/Nrp1/Fgf2/Fgf10/Cd36/Emilin1/Rasgrp1/Ceacam2/Errfi1/Gper1/Ephb1/Akap12/Ednra/Nodal/Il6/Pdgfd/Acta2",40
"GO:0048469","cell maturation","34/1333","251/25730",0.135458167330677,2.61465764847586,6.00875422583789,3.01113260466238e-07,9.55381899826117e-06,6.35388370731314e-06,"Pmp22/Pde3a/Plcb1/Catsperd/Kcnma1/Bhlha15/Fzd5/Kdr/Akr1b1/Defb1/Gata2/Slc26a3/Akap5/Il15/Kcnb1/Ereg/B4galt6/Rnd1/Pgr/Flvcr1/Tbx6/Ret/Plp1/Rec8/Septin4/Ednrb/Ednra/Myoc/Cntnap2/Pla2g3/Cabyr/Grb14/Ren1/Pld6",34
"GO:0007517","muscle organ development","45/1333","385/25730",0.116883116883117,2.25611597704621,5.8045996549478,3.23168365965746e-07,1.01946618435976e-05,6.78008404821057e-06,"Pmp22/Cyp26b1/Bmp4/Pkp2/Zfhx3/Etv1/Col3a1/Col6a1/Tgfbr3/Erbb3/Mylk/Egr1/Efemp2/Xk/Id3/Hdac5/Dner/Maff/Btg2/Lox/Dll4/Igf2/Shh/Des/Nr4a1/Isl1/Fhl1/Abcc9/Tcf21/Foxp2/Ephb1/S1pr1/Ednra/Mettl21c/Mef2c/Cntnap2/Capn3/Wnt2/Ripor2/Eln/Il6/Ttn/Heyl/Cryab/Eng",45
"GO:0051149","positive regulation of muscle cell differentiation","18/1333","86/25730",0.209302325581395,4.04002163331531,6.60072030710507,3.4232662741806e-07,1.0737319187987e-05,7.14098492562906e-06,"Cyp26b1/Lama2/Bmp4/Igf1/Nid1/Lama1/Pias1/Thra/Smarcd3/Efemp2/Shh/Gper1/Notch4/Mef2c/Olfm2/Cth/Prkd1/Eng",18
"GO:0007163","establishment or maintenance of cell polarity","33/1333","241/25730",0.136929460580913,2.64305702981762,5.99022417646434,3.48026378500609e-07,1.08540726794877e-05,7.21863325741693e-06,"Cyp26b1/Amotl2/Kank1/Igf1r/Lrrc7/Igf1/Lama1/Spry1/Dst/Camsap3/Pard3b/Llgl2/Brsk2/Crtam/Aqp1/Cdh5/Tek/Pkhd1/Shh/Rhobtb1/Mtcl1/Fgf10/Ankrd6/Prickle1/Brsk1/BC034090/Ephb1/Jam3/Foxf1/Crb2/Parvb/Rhoj/Ripor2",33
"GO:0002791","regulation of peptide secretion","37/1333","288/25730",0.128472222222222,2.47981266149871,5.90317521235514,3.54674404332444e-07,1.09989141546937e-05,7.31496184492962e-06,"Irs1/Camk2n1/Plcb1/Irs2/Abat/Fbn1/Acvr1c/Itpr1/Doc2b/Ptger3/Pim3/Adora1/Gna14/Brsk2/Kcnb1/Nrxn1/Pla2g6/Isl1/Pde8b/Nr1d1/Gper1/Adcy5/Gnao1/Ghrl/Cacna1c/Lepr/Mlxipl/Sybu/Syt7/Syt9/Hnf4a/Il6/Prkd1/Trpc1/Adra2a/Myrip/Pde1c",37
"GO:0036293","response to decreased oxygen levels","44/1333","374/25730",0.117647058823529,2.27086183310533,5.78698133583792,3.63186986820288e-07,1.11550967214812e-05,7.41883296355331e-06,"Slc6a4/Vldlr/Flt1/Abat/Nkx3-1/Mt3/Kcnma1/Itpr1/Col6a1/Kcnk2/Tgfb3/Kdr/Pink1/Adora1/Egr1/Cpeb1/Jund/Penk/Dpp4/Aqp1/Ppara/Rora/Ddr2/Zeb2/Tek/Plod1/Pgf/Cbfa2t3/Arnt2/Abcb1a/Pygm/Dio3/Abcc9/Cygb/Sfrp1/Ednra/Ndrg1/Ddah1/Ptgis/Angpt4/Angptl4/Cryab/Eng/Chrna4",44
"GO:0060348","bone development","34/1333","253/25730",0.134387351778656,2.59398841805313,5.9556558458987,3.6377524378669e-07,1.11550967214812e-05,7.41883296355331e-06,"Bglap3/Cyp26b1/Bmp4/Igf1/Fbn1/Col27a1/Col3a1/Axin2/Col6a1/Pappa2/Pthlh/Lrrk1/Smad9/Csgalnact1/Kdr/Ogn/Bmpr1b/Zbtb16/Ddr2/Lox/Sp5/Dchs1/Fbln5/Col1a1/Osr2/Scube2/Xylt1/Ghrl/Lepr/Mef2c/Myoc/Notum/Optc/Chad",34
"GO:0010810","regulation of cell-substrate adhesion","33/1333","242/25730",0.136363636363636,2.63213530655391,5.96285540928718,3.83296917673611e-07,1.16884265617247e-05,7.77353047071393e-06,"Kank1/Agr2/Dock5/Vit/Pkp2/Egfl6/Nid1/Dlc1/Spry4/Kdr/St6gal1/Acvrl1/Camsap3/Efemp2/Tek/Fbln2/Pkhd1/Nrp1/Cd36/Emilin1/Ecm2/Limch1/Col1a1/Lims2/Egflam/Enpp2/Foxf1/Abi3bp/Myoc/Spock1/Coro2b/Apod/Prex1",33
"GO:0007015","actin filament organization","52/1333","478/25730",0.108786610878661,2.09983458207648,5.67350894795666,3.94342342295314e-07,1.19588128003258e-05,7.95335413248124e-06,"Kank4/Kank1/Dpysl3/Myo5b/Scin/Wipf3/Plekhh2/Sptb/Daam2/Iqgap2/Dlc1/Cnn2/Add3/Cyfip2/Tgfb3/Rapgef3/Myh10/Pecam1/Lcp1/Pdlim3/Arhgap28/Zeb2/Tmod4/Ppm1e/Shroom1/Rhobtb1/Avil/Arhgap18/Sorbs1/Rnd1/Nrp1/Shank3/Limch1/Tmod2/Myl9/Nrap/S1pr1/Ghrl/Arhgef15/Myo15a/Baiap2l2/Myoc/Gas7/Rhoj/Esam/Lmod1/Eln/Ttn/Coro2b/Rgs4/Ccl11/Prex1",52
"GO:0090087","regulation of peptide transport","37/1333","290/25730",0.127586206896552,2.46271050521251,5.85540772124875,4.21726869442253e-07,1.27190043207062e-05,8.45892876359591e-06,"Irs1/Camk2n1/Plcb1/Irs2/Abat/Fbn1/Acvr1c/Itpr1/Doc2b/Ptger3/Pim3/Adora1/Gna14/Brsk2/Kcnb1/Nrxn1/Pla2g6/Isl1/Pde8b/Nr1d1/Gper1/Adcy5/Gnao1/Ghrl/Cacna1c/Lepr/Mlxipl/Sybu/Syt7/Syt9/Hnf4a/Il6/Prkd1/Trpc1/Adra2a/Myrip/Pde1c",37
"GO:0106106","cold-induced thermogenesis","25/1333","156/25730",0.16025641025641,3.0933214072749,6.12995376130572,4.75714745926192e-07,1.4268842843655e-05,9.48966775307468e-06,"Igf1r/Plcl2/Npr3/Aldh1a1/Ppargc1a/Thra/Ces1d/Adamts5/Arrdc3/Cebpb/Il15/Lpin1/Nr1d1/Cd36/Lama4/Zfp423/Plcl1/Esrrg/Ghrl/Acvr2b/Lepr/Gpr3/Fabp4/Cmklr1/Mfap2",25
"GO:0060560","developmental growth involved in morphogenesis","37/1333","292/25730",0.126712328767123,2.44584262503982,5.80803578354679,5.00453157662019e-07,1.4929279252211e-05,9.92889903187575e-06,"Nkd1/Bmp4/Jade2/Myo5b/Spry1/Slit3/Mt3/Cxcl12/Syt1/Mgll/Sh3gl2/Zfp568/Cyfip2/Pthlh/Olfm1/Zeb2/Epha7/Shh/Plxna4/Nrp1/Fgf10/Prickle1/Sfrp2/Syt2/Cpne9/S1pr1/Sema3g/Nrn1/Ntn1/Sfrp1/Ednra/Nlgn3/Adcy10/Sema6c/Rnf157/Ndn/Ccl11",37
"GO:0009749","response to glucose","34/1333","257/25730",0.132295719844358,2.55361505746086,5.85097511063358,5.27091425773793e-07,1.56389450598505e-05,1.0400870922239e-05,"Igf1r/Camk2n1/Irs2/Igf1/Unc13b/Acvr1c/Slc12a6/Col6a2/Pim3/Egr1/Vamp2/Brsk2/Ppara/Kcnb1/Nrxn1/Pla2g6/Ptprn2/Pde8b/Nr1d1/Col1a1/Gper1/Adcy5/Ghrl/Txnip/Acvr2b/Ptprn/Ildr2/Lepr/Mlxipl/Sybu/Hid1/Hnf4a/Adra2a/Pde1c",34
"GO:0070371","ERK1 and ERK2 cascade","42/1333","354/25730",0.11864406779661,2.29010642491131,5.71312730327484,5.30468941427026e-07,1.56545377392094e-05,1.04112410235932e-05,"Egf/Mturn/Erbb4/Bmp4/Cnksr3/Igf1/Pdgfra/Spry1/Mt3/Cxcl12/Spry4/Pdgfrb/Ndrg2/Kdr/Ackr3/Prxl2c/Pde8a/Ddr2/Tek/Pkhd1/Epha7/Nrxn1/Wnk2/Pde8b/Nrp1/Fgf2/Fgf10/Cd36/Emilin1/Rasgrp1/Ceacam2/Errfi1/Gper1/Ephb1/Akap12/Ednra/Cntnap2/Nodal/Il6/Pdgfd/Ccl11/Acta2",42
"GO:0035265","organ growth","32/1333","234/25730",0.136752136752137,2.63963426754124,5.88948343823295,5.36657116511871e-07,1.57524647729073e-05,1.04763685902796e-05,"Erbb4/Slc6a4/Igf1/Pdgfra/Lats2/Col27a1/Wwc1/Pdgfrb/Tgfbr3/Kcnk2/Kdr/Myh10/Ppara/Ddr2/Sorbs2/Igf2/Shh/Fgf2/Fgf10/Fbln5/Plag1/Flvcr1/S1pr1/Cacna1c/Acvr2b/Lepr/Acacb/Mef2c/Wnt2/Ttn/Pi16/Rgs4",32
"GO:0010001","glial cell differentiation","38/1333","305/25730",0.124590163934426,2.40487990850172,5.76921807610898,5.40972114210073e-07,1.57946592281866e-05,1.05044305267667e-05,"Pmp22/Lamc3/Lama2/Bmp4/Igf1/Hdac11/Daam2/Klf15/Adam22/Col6a1/Mxra8/Dab1/Erbb3/Reln/Vim/Sox6/Tppp/Dner/Zeb2/Mal/Zfp365/Tnfrsf21/Shh/B4galt6/Fgf2/Fgf10/Nr1d1/Gpr17/Il34/Ntf3/Plp1/Enpp2/Ndrg1/Myoc/Cntnap2/Nlgn3/Gpr37l1/Gpr157",38
"GO:0055123","digestive system development","26/1333","168/25730",0.154761904761905,2.98726467331119,6.04047725078501,5.67324911273405e-07,1.64764361797869e-05,1.09578545936851e-05,"Hmgcs2/Igf1r/Insr/Agr2/Igf1/Pdgfra/Col3a1/Fzd5/Dact1/Igf2/Shh/Dchs1/Fgf10/Sfrp2/Tcf21/Prdm1/Rarres2/Acvr2b/Spdef/Foxf1/Sfrp1/Ednrb/Aldh1a2/Nodal/Gli2/Sox17",26
"GO:0051952","regulation of amine transport","21/1333","117/25730",0.179487179487179,3.46451997614788,6.24530084639446,5.72242402687319e-07,1.65317818334247e-05,1.09946628948456e-05,"Abat/Slc18a1/Cxcl12/Syt1/Ptger3/Pink1/Adora1/P2rx7/Kcnb1/Slc43a1/Entpd1/Arg2/Dpysl2/Syt7/Kcna2/Nat8l/Cacna1a/Adra2a/Rgs4/Syt11/Chrna4",21
"GO:0007626","locomotory behavior","37/1333","294/25730",0.125850340136054,2.42920423983547,5.76105296570829,5.92705745203724e-07,1.70333080388651e-05,1.13282090072555e-05,"Pmp22/Prex2/Npas2/Igf1/Abat/Zfhx3/Cxcl12/Kcnma1/Adam22/Selenop/Atp1a2/Dab1/Egr1/Reln/Penk/Arrdc3/Dpp4/Etv5/Rcan2/Fgf12/Npas3/Grin2d/Shank3/Adcy5/Gnao1/Cacna1c/Lepr/Myo15a/Qrfp/Atp2b2/Cntnap2/Olfm2/Cacna1a/Gng7/Mapk10/Apba1/Chrna4",37
"GO:0009743","response to carbohydrate","37/1333","295/25730",0.125423728813559,2.42096964919196,5.73770550718295,6.44554643627109e-07,1.83834555561683e-05,1.22261410608378e-05,"Hmgcs2/Igf1r/Camk2n1/Plcb1/Irs2/Igf1/Unc13b/Acvr1c/Slc12a6/Col6a2/Pim3/Egr1/Vamp2/Brsk2/Ppara/Calcrl/Kcnb1/Nrxn1/Pla2g6/Ptprn2/Pde8b/Nr1d1/Col1a1/Gper1/Adcy5/Ghrl/Txnip/Acvr2b/Ptprn/Ildr2/Lepr/Mlxipl/Sybu/Hid1/Hnf4a/Adra2a/Pde1c",37
"GO:0090276","regulation of peptide hormone secretion","36/1333","283/25730",0.127208480565371,2.45541950858739,5.75468332647472,6.46384937573416e-07,1.83834555561683e-05,1.22261410608378e-05,"Irs1/Camk2n1/Plcb1/Irs2/Abat/Fbn1/Acvr1c/Itpr1/Doc2b/Ptger3/Pim3/Gna14/Brsk2/Kcnb1/Nrxn1/Pla2g6/Isl1/Pde8b/Nr1d1/Gper1/Adcy5/Gnao1/Ghrl/Cacna1c/Lepr/Mlxipl/Sybu/Syt7/Syt9/Hnf4a/Il6/Prkd1/Trpc1/Adra2a/Myrip/Pde1c",36
"GO:0071383","cellular response to steroid hormone stimulus","31/1333","225/25730",0.137777777777778,2.6594315245478,5.84381214173837,6.81386414564868e-07,1.92790207708586e-05,1.28217476164458e-05,"Hmgcs2/Scnn1a/Pde3a/Bmp4/Igf1/Nkx3-1/Crebrf/Ephx1/Axin2/Klf9/Lbh/Atp1a2/Taf7/Zfp36/Aqp1/Ppara/Calcoco1/Abcb1a/Isl1/Pgr/Tcf21/Tfpi/Errfi1/Gper1/Esrrg/Fbxo32/Sfrp1/Mettl21c/Zfp747l1/Nodal/Heyl",31
"GO:0090596","sensory organ morphogenesis","41/1333","345/25730",0.118840579710145,2.29389956184698,5.65561508988889,6.90916873680061e-07,1.9385680910682e-05,1.28926832417457e-05,"Cyp26b1/Rorb/Bmp4/Flt1/Zeb1/Fbn1/Ptprq/Clic5/Aldh1a1/Fzd5/Sdk2/Kdr/Aqp1/Gata2/Ptprm/Thrb/Col5a2/Shh/Stox1/Dio3/Fgf2/Fgf10/Dzank1/Ankrd24/Col8a2/Prdm1/Osr2/Col5a1/Prrx1/Ephb1/Ntn1/Ednra/Myo15a/Crb2/Atp2b2/Mfrp/Eya1/Ripor2/Gli2/Mfap5/Mfap2",41
"GO:0017156","calcium-ion regulated exocytosis","17/1333","81/25730",0.209876543209877,4.05110536893483,6.42869485328244,6.92219613498573e-07,1.9385680910682e-05,1.28926832417457e-05,"Unc13b/Syt1/Doc2b/Unc13c/Vamp2/Syt10/P2rx7/Cadps2/Tspan18/Kcnb1/Syt2/Cacna1c/Syt7/Syt9/Cacna1a/Adra2a/Syt11",17
"GO:0071559","response to transforming growth factor beta","37/1333","296/25730",0.125,2.41279069767442,5.71445298341674,7.00601249657836e-07,1.9451516041581e-05,1.29364676975392e-05,"Igf1r/Pde3a/Zeb1/Fbn1/Zfhx3/Lats2/Spry1/Acvr1c/Col3a1/Ppargc1a/Tgfbr3/Smad9/Col1a2/Tgfb3/Bmpr1b/Acvrl1/Sox6/Penk/Ppara/Ddr2/Zeb2/Cdh5/Aspn/Lox/Isl1/Emilin1/Col1a1/Sfrp1/Mef2c/Cilp/Htra3/Nodal/Wnt2/Cldn5/Pdgfd/Eng/Acta2",37
"GO:0060428","lung epithelium development","14/1333","56/25730",0.25,4.82558139534884,6.69889247427762,7.01657893283483e-07,1.9451516041581e-05,1.29364676975392e-05,"Agr2/Bmp4/Igf1/Col6a1/Pthlh/Thra/Thrb/Shh/Rcn3/Fgf10/Foxp2/Errfi1/Spdef/Wnt2",14
"GO:1904064","positive regulation of cation transmembrane transport","22/1333","129/25730",0.170542635658915,3.29186947899766,6.09978582741293,7.72463790211702e-07,2.1207290281448e-05,1.4104166744218e-05,"Bmp4/Cacnb2/Akap7/Ank2/Ehd3/Cracr2a/Rapgef3/Amigo1/Akap5/P2rx7/Atp1b2/Wnk2/Fhl1/Gper1/Plp1/Cacna1c/Stac2/Ednra/Capn3/Trpc1/Wnk3/Fxyd1",22
"GO:0006887","exocytosis","46/1333","410/25730",0.11219512195122,2.1656267725468,5.56132027486723,7.72719631315286e-07,2.1207290281448e-05,1.4104166744218e-05,"Gab2/Scrn1/Myo5b/Unc13b/Wipf3/Exoc6/Syt1/Doc2b/Unc13c/Reln/Myh10/Llgl2/Vamp2/Brsk2/Gata2/Syde1/Syt10/P2rx7/Cadps2/Tspan18/Rabgef1/Kcnb1/Grik5/Nrxn1/Pla2g6/Apold1/Rasgrp1/Brsk1/Pram1/Gnao1/Syt2/Pclo/Cacna1c/Septin4/Foxf1/Syt7/Syt9/Erc2/Pla2g3/Stx19/Milr1/Cacna1a/Napb/Adra2a/Lat2/Syt11",46
"GO:0021953","central nervous system neuron differentiation","37/1333","298/25730",0.124161073825503,2.39659747151553,5.66822969711942,8.26553563505475e-07,2.24476275655805e-05,1.4929068164546e-05,"Rorb/Erbb4/Ptch1/Ptger3/Gdf7/Dab1/Lonrf2/Bmpr1b/Apbb1/Brsk2/Robo2/Cdh11/Rora/Gata2/Zeb2/Btg2/Dll4/Shh/B4galt6/Plxna4/Isl1/Nrp1/Fgf2/Sfrp2/Brsk1/Shank3/Foxp2/Ntf3/Ephb1/Dclk2/Sfrp1/Atp2b2/Wnt2/Cacna1a/Gli2/Spock1/Gabrb1",37
"GO:0009746","response to hexose","34/1333","262/25730",0.129770992366412,2.50488194567726,5.7228712049232,8.26930752258302e-07,2.24476275655805e-05,1.4929068164546e-05,"Igf1r/Camk2n1/Irs2/Igf1/Unc13b/Acvr1c/Slc12a6/Col6a2/Pim3/Egr1/Vamp2/Brsk2/Ppara/Kcnb1/Nrxn1/Pla2g6/Ptprn2/Pde8b/Nr1d1/Col1a1/Gper1/Adcy5/Ghrl/Txnip/Acvr2b/Ptprn/Ildr2/Lepr/Mlxipl/Sybu/Hid1/Hnf4a/Adra2a/Pde1c",34
"GO:0050803","regulation of synapse structure or activity","47/1333","424/25730",0.110849056603774,2.13964458095656,5.53093966963649,8.30181890292011e-07,2.24476275655805e-05,1.4929068164546e-05,"Erbb4/Vldlr/Il1rap/Myo5b/Lrp4/Srgap2/Sparcl1/Cyfip2/Dact1/Arhgap22/Dab1/Podxl/Reln/Myh10/Adgrl4/Ngef/Nrg2/Ptprt/Cux2/Iqsec2/Amigo1/Caprin2/Etv5/Epha7/Nrxn1/Flrt2/Rab17/Prickle1/Shank3/Cpeb3/Dpysl2/Magi2/Nfatc4/Ephb1/Ghrl/Arhgef15/Nrn1/Ntn1/Mdga2/Dgkb/Sybu/Mef2c/Nlgn3/Slc12a5/Dnm3/Il10/Pcdh7",47
"GO:0051216","cartilage development","32/1333","239/25730",0.133891213389121,2.5844117933249,5.7521724198177,8.63089411504553e-07,2.32230283321005e-05,1.54447578900815e-05,"Bmp4/Zeb1/Scin/Col27a1/Col3a1/Axin2/Col6a1/Pthlh/Thra/Smad9/Csgalnact1/Mgp/Ogn/Bmpr1b/Sox6/Zbtb16/Thrb/Fgf2/Sfrp2/Col1a1/Osr2/Scube2/Errfi1/Prrx1/Mef2c/Wnt9a/Wnt2b/Gli2/Optc/Snai1/Bmp5/Col11a2",32
"GO:0071560","cellular response to transforming growth factor beta stimulus","36/1333","287/25730",0.125435540069686,2.42119763390325,5.65938944223167,9.06898046035943e-07,2.40781607912271e-05,1.6013474149059e-05,"Igf1r/Pde3a/Zeb1/Fbn1/Lats2/Spry1/Acvr1c/Col3a1/Ppargc1a/Tgfbr3/Smad9/Col1a2/Tgfb3/Bmpr1b/Acvrl1/Sox6/Penk/Ppara/Ddr2/Zeb2/Cdh5/Aspn/Lox/Isl1/Emilin1/Col1a1/Sfrp1/Mef2c/Cilp/Htra3/Nodal/Wnt2/Cldn5/Pdgfd/Eng/Acta2",36
"GO:0007269","neurotransmitter secretion","28/1333","194/25730",0.144329896907216,2.78590266123232,5.83633926853432,9.08030476185828e-07,2.40781607912271e-05,1.6013474149059e-05,"Unc13b/Syt1/Doc2b/Unc13c/Reln/Vamp2/Dgki/Syde1/Syt10/P2rx7/Cadps2/Grik5/Nrxn1/Ptprn2/Nr4a1/Tspoap1/Brsk1/Gper1/Syt2/Pclo/Syt7/Mef2c/Syt9/Erc2/Stx19/Cacna1a/Napb/Syt11",28
"GO:0099643","signal release from synapse","28/1333","194/25730",0.144329896907216,2.78590266123232,5.83633926853432,9.08030476185828e-07,2.40781607912271e-05,1.6013474149059e-05,"Unc13b/Syt1/Doc2b/Unc13c/Reln/Vamp2/Dgki/Syde1/Syt10/P2rx7/Cadps2/Grik5/Nrxn1/Ptprn2/Nr4a1/Tspoap1/Brsk1/Gper1/Syt2/Pclo/Syt7/Mef2c/Syt9/Erc2/Stx19/Cacna1a/Napb/Syt11",28
"GO:0030947","regulation of vascular endothelial growth factor receptor signaling pathway","11/1333","35/25730",0.314285714285714,6.06644518272425,7.01086128473191,9.13071421904104e-07,2.40954280520751e-05,1.6024957951232e-05,"Bmp4/Cd59a/Mt3/Kdr/Tek/Mmrn2/Nrp1/Fgf10/Emilin1/Tmem204/Hhex",11
"GO:0019934","cGMP-mediated signaling","12/1333","42/25730",0.285714285714286,5.51495016611296,6.84495780240413,9.23982803569633e-07,2.42667062621709e-05,1.61388686113296e-05,"Pde3a/Kdr/Pde2a/Aqp1/Irag1/Gkap1/Cd36/Gucy1a2/Ednrb/Npr1/Gucy1a1/Rundc3a",12
"GO:0050769","positive regulation of neurogenesis","39/1333","324/25730",0.12037037037037,2.32342807924203,5.60354699000781,9.29246942944567e-07,2.42887450943939e-05,1.61535258051717e-05,"Flt1/Jade2/Myo5b/Igf1/Cxcl12/Dixdc1/Kdr/Ace/Smarcd3/Reln/Trf/Vim/Robo2/Zeb2/Cux2/Amigo1/Zfp365/Akap5/Caprin2/Etv5/Shh/Fbxo31/Nrp1/Fgf2/Mme/Shank3/Plag1/Il34/Gper1/Ntf3/Rassf10/Enpp2/Ntn1/Plxnd1/Plxnb3/Wnt2/Adcy10/Il6/Chodl",39
"GO:0120161","regulation of cold-induced thermogenesis","24/1333","151/25730",0.158940397350993,3.06791929770522,5.95715079735222,9.3371019052122e-07,2.42897404538909e-05,1.61541877811304e-05,"Igf1r/Plcl2/Npr3/Aldh1a1/Ppargc1a/Thra/Adamts5/Arrdc3/Cebpb/Il15/Lpin1/Nr1d1/Cd36/Lama4/Zfp423/Plcl1/Esrrg/Ghrl/Acvr2b/Lepr/Gpr3/Fabp4/Cmklr1/Mfap2",24
"GO:0060425","lung morphogenesis","16/1333","74/25730",0.216216216216216,4.17347580138278,6.39020649859318,9.59525457170531e-07,2.48435624264577e-05,1.65225138305233e-05,"Bmp4/Igf1/Pdgfra/Lama1/Spry1/Hhip/Col6a1/Shh/Fgf10/Tcf21/Foxp2/Foxf1/Nodal/Wnt2/Wnt2b/Hhex",16
"GO:0006836","neurotransmitter transport","33/1333","252/25730",0.130952380952381,2.52768549280177,5.6965232379765,9.72113825950801e-07,2.50513276556054e-05,1.66606906271182e-05,"Slc6a4/Unc13b/Slc18a1/Syt1/Doc2b/Unc13c/Atp1a2/Reln/Slc22a1/Vamp2/Dgki/Syde1/Syt10/P2rx7/Cadps2/Grik5/Nrxn1/Ptprn2/Nr4a1/Tspoap1/Brsk1/Gper1/Syt2/Pclo/Syt7/Mef2c/Syt9/Erc2/Stx19/Nat8l/Cacna1a/Napb/Syt11",33
"GO:0060079","excitatory postsynaptic potential","22/1333","131/25730",0.16793893129771,3.24161192969998,6.01233113793982,1.01208647441844e-06,2.59595451312282e-05,1.72647117229865e-05,"Erbb4/Syne1/Chrnb1/Adora1/Reln/Dgki/Cux2/P2rx7/Grik5/Nrxn1/Grin2d/Shank3/Pclo/Ghrl/P2rx6/Mef2c/Cntnap2/Prkar1b/Nlgn3/Slc8a2/Rgs4/Chrna4",22
"GO:0050807","regulation of synapse organization","46/1333","415/25730",0.110843373493976,2.13953488372093,5.47042441859004,1.08455837333855e-06,2.76248016333868e-05,1.83722108455352e-05,"Erbb4/Vldlr/Il1rap/Myo5b/Lrp4/Srgap2/Sparcl1/Cyfip2/Dact1/Arhgap22/Dab1/Podxl/Reln/Myh10/Adgrl4/Ngef/Nrg2/Ptprt/Cux2/Iqsec2/Amigo1/Caprin2/Etv5/Epha7/Nrxn1/Flrt2/Rab17/Prickle1/Shank3/Cpeb3/Dpysl2/Magi2/Nfatc4/Ephb1/Ghrl/Arhgef15/Nrn1/Ntn1/Mdga2/Dgkb/Mef2c/Nlgn3/Slc12a5/Dnm3/Il10/Pcdh7",46
"GO:0014033","neural crest cell differentiation","19/1333","102/25730",0.186274509803922,3.59553123575011,6.13941941201194,1.08707545141402e-06,2.76248016333868e-05,1.83722108455352e-05,"Erbb4/Bmp4/Zeb2/Shh/Isl1/Nrp1/Ret/Sema3b/Sema4g/Sema3g/Radil/Sfrp1/Ednrb/Ednra/Mef2c/Aldh1a2/Sema6b/Sema3d/Sema6c",19
"GO:0010828","positive regulation of D-glucose transmembrane transport","14/1333","58/25730",0.241379310344828,4.65918203688853,6.52118431243574,1.11250352080085e-06,2.81406996574924e-05,1.87153151110227e-05,"Irs1/Erbb4/Gpc3/Insr/Crebl2/Irs2/Igf1/Klf15/Erbb3/Ptprm/Sorbs1/Aoc3/Ocln/Clip3",14
"GO:0033555","multicellular organismal response to stress","22/1333","132/25730",0.166666666666667,3.21705426356589,5.96923375471373,1.15582047411751e-06,2.91022870753717e-05,1.93548305371296e-05,"Hmgcs2/Npas2/Col6a1/Tmem45b/Kcnip3/Atp1a2/Reln/Hdac5/Penk/Dpp4/Pde8b/Shank3/Adam11/Ret/Pirt/Ednrb/Mef2c/Cntnap2/Prkar1b/Cacna1a/Gng7/Adra2a",22
"GO:0061326","renal tubule development","21/1333","122/25730",0.172131147540984,3.32253145253526,6.01051940948138,1.16944155540115e-06,2.93107977059219e-05,1.94935030720076e-05,"Gpc3/Bmp4/Hs3st3a1/Ptch1/Hs3st3b1/Slc22a1/Hdac5/Klhl3/Aqp1/Pgf/Shh/Dchs1/Fgf2/Prickle1/Tcf21/Abcc2/Aqp11/Mef2c/Eya1/Wnt2b/Heyl",21
"GO:0099173","postsynapse organization","39/1333","328/25730",0.11890243902439,2.29509359047079,5.51775528139896,1.26457593070356e-06,3.15511694710538e-05,2.09834896061241e-05,"Erbb4/Igf1r/Insr/Il1rap/Myo5b/Lrp4/Chrnb1/Sh3gl2/Cyfip2/Dact1/Arhgap22/Reln/Myh10/Ngef/Cux2/Sorbs2/Zfp365/Caprin2/Etv5/Epha7/Nrxn1/Chrdl1/Flrt2/Sorbs1/Nrp1/Prickle1/Shank3/Cpeb3/Dpysl2/Magi2/Ephb1/Ghrl/Arhgef15/Dgkb/Cntnap2/Nlgn3/Slc12a5/Dnm3/Pcdh7",39
"GO:0099003","vesicle-mediated transport in synapse","39/1333","329/25730",0.11854103343465,2.2881176221107,5.49650184983192,1.36443332754996e-06,3.38885725562068e-05,2.25380080016349e-05,"Scrn1/Myo5b/Unc13b/Atp8a1/Slc18a1/Syne1/Syt1/Sh3gl2/Doc2b/Unc13c/Mylk/Reln/Vamp2/Syde1/Syt10/Akap5/Rab4a/P2rx7/Cadps2/Grik5/Nrxn1/Brsk1/Magi2/Syt2/Tspan7/Pclo/Syt7/Syt9/Erc2/Prkar1b/Atp6v0a4/Stx19/Nlgn3/Cacna1a/Mapk10/Napb/Pcdh17/Dnm3/Syt11",39
"GO:0048705","skeletal system morphogenesis","34/1333","268/25730",0.126865671641791,2.44880249913225,5.57299484909697,1.39348752527951e-06,3.43311898746532e-05,2.28323760411344e-05,"Cyp26b1/Bmp4/Zeb1/Twist2/Pdgfra/Col27a1/Col3a1/Hhip/Axin2/Pdgfrb/Pappa2/Pthlh/Thra/Csgalnact1/Tgfb3/Bmpr1b/Sox6/P2rx7/Sp5/Flvcr1/Col1a1/Osr2/Scube2/Prrx1/Tiparp/Acvr2b/Hoxb9/Sfrp1/Mef2c/Wnt9a/Nodal/Eya1/Col11a2/Chad",34
"GO:0060572","morphogenesis of an epithelial bud","8/1333","18/25730",0.444444444444444,8.57881136950904,7.51843995942514,1.39476322500413e-06,3.43311898746532e-05,2.28323760411344e-05,"Bmp4/Pthlh/Shh/Fgf10/Wnt2/Wnt2b/Gli2/Hhex",8
"GO:0048844","artery morphogenesis","17/1333","85/25730",0.2,3.86046511627907,6.17451829979994,1.41445798399215e-06,3.45152995738689e-05,2.29548204393816e-05,"Bmp4/Adgrf5/Col3a1/Pdgfrb/Mylk/Acvrl1/Efemp2/Dll4/Fkbp10/Nrp1/Prdm1/Prrx1/Notch4/Foxf1/Ednra/Eya1/Eng",17
"GO:0042886","amide transport","46/1333","419/25730",0.109785202863962,2.11910972969973,5.39862729646197,1.41481916635462e-06,3.45152995738689e-05,2.29548204393816e-05,"Irs1/Slc16a10/Camk2n1/Plcb1/Irs2/Abat/Fbn1/Acvr1c/Itpr1/Doc2b/Ptger3/Pim3/Adora1/Gna14/Brsk2/Aqp1/Kcnb1/Nrxn1/Pla2g6/Ptprn2/Abcb1a/Isl1/Pde8b/Nr1d1/Abcc2/Gper1/Adcy5/Gnao1/Pclo/Ghrl/Cacna1c/Acvr2b/Ptprn/Ildr2/Lepr/Mlxipl/Sybu/Syt7/Syt9/Hnf4a/Il6/Prkd1/Trpc1/Adra2a/Myrip/Pde1c",46
"GO:0032956","regulation of actin cytoskeleton organization","42/1333","368/25730",0.114130434782609,2.20298281092012,5.4331275049087,1.48000255620114e-06,3.59457258008322e-05,2.39061428267609e-05,"Kank4/Kank1/Scin/Plekhh2/Sptb/Daam2/Iqgap2/Dlc1/Pdgfrb/Add3/Cyfip2/Dixdc1/Tgfb3/Rapgef3/Pecam1/Arhgap28/Ngef/Tmod4/Ppm1e/Rhobtb1/Avil/Arhgap18/Rnd1/Nrp1/Shank3/Limch1/Tmod2/S1pr1/Arhgef15/Jam3/Mef2c/Baiap2l2/Arap3/Myoc/Esam/Lmod1/Eln/Prkd1/Coro2b/Rgs4/Ccl11/Prex1",42
"GO:0043534","blood vessel endothelial cell migration","22/1333","134/25730",0.164179104477612,3.16903852828879,5.88426102756416,1.50071033303228e-06,3.62881014009435e-05,2.41338438903591e-05,"Jcad/Igf1/Cxcl12/Tgfbr3/Stard13/Kdr/Acvrl1/Hdac5/Gata2/Cdh5/Dll4/Igf2/Nr4a1/Mmrn2/Nrp1/Fgf2/Robo4/Mef2c/Rhoj/Angpt4/Prkd1/Clec14a",22
"GO:0090263","positive regulation of canonical Wnt signaling pathway","20/1333","114/25730",0.175438596491228,3.38637290901673,5.96888750114894,1.53356486179505e-06,3.69199014315485e-05,2.45540301971618e-05,"Egf/Kank1/Gpc3/Daam2/Lrrk1/Thra/Dact1/Zeb2/Caprin2/Wnk2/Adgra2/Rspo3/Plekha4/Fgf2/Fgf10/Sfrp2/Reck/Col1a1/Sfrp1/Hhex",20
"GO:0045055","regulated exocytosis","34/1333","270/25730",0.125925925925926,2.4306632213609,5.5239331000211,1.65105151190595e-06,3.94027032558772e-05,2.62052477953768e-05,"Gab2/Unc13b/Syt1/Doc2b/Unc13c/Reln/Vamp2/Gata2/Syde1/Syt10/P2rx7/Cadps2/Tspan18/Rabgef1/Kcnb1/Grik5/Rasgrp1/Brsk1/Pram1/Syt2/Pclo/Cacna1c/Foxf1/Syt7/Syt9/Erc2/Pla2g3/Stx19/Milr1/Cacna1a/Napb/Adra2a/Lat2/Syt11",34
"GO:0099504","synaptic vesicle cycle","34/1333","270/25730",0.125925925925926,2.4306632213609,5.5239331000211,1.65105151190595e-06,3.94027032558772e-05,2.62052477953768e-05,"Scrn1/Myo5b/Unc13b/Atp8a1/Slc18a1/Syt1/Sh3gl2/Doc2b/Unc13c/Mylk/Reln/Vamp2/Syde1/Syt10/P2rx7/Cadps2/Grik5/Nrxn1/Brsk1/Magi2/Syt2/Pclo/Syt7/Syt9/Erc2/Prkar1b/Atp6v0a4/Stx19/Nlgn3/Cacna1a/Napb/Pcdh17/Dnm3/Syt11",34
"GO:0030902","hindbrain development","28/1333","200/25730",0.14,2.70232558139535,5.64924657528431,1.68500887091671e-06,4.00390203136876e-05,2.66284382061479e-05,"Egf/Igf1r/Slc6a4/Igf1/Abat/Dlc1/Dixdc1/Smad9/Dab1/Myh10/Rora/Gata2/Zfp365/Shh/Atp1b2/Arl13b/Fgf2/Zfp423/Foxp2/Ephb1/Atp2b2/Cntnap2/Aldh1a2/Cacna1a/Gli2/Gpr37l1/Bmp5/Pianp",28
"GO:0010463","mesenchymal cell proliferation","14/1333","60/25730",0.233333333333333,4.50387596899225,6.35140388663437,1.7264363699939e-06,4.08465915297264e-05,2.71655232810293e-05,"Irs1/Gpc3/Bmp4/Zeb1/Irs2/Syne1/Kdr/Shh/Dchs1/Isl1/Foxp2/Prrx1/Foxf1/Wnt2",14
"GO:0003197","endocardial cushion development","13/1333","52/25730",0.25,4.82558139534884,6.45471150834111,1.74750088812455e-06,4.10443544051918e-05,2.72970478904613e-05,"Bmp4/Erbb3/Acvrl1/Adamts5/Robo2/Dchs1/Isl1/Foxf1/Snai1/Bmp5/Heyl/Eng/Tmem100",13
"GO:1902904","negative regulation of supramolecular fiber organization","26/1333","178/25730",0.146067415730337,2.81944081525999,5.69368976464967,1.74975021512386e-06,4.10443544051918e-05,2.72970478904613e-05,"Kank4/Kank1/Scin/Plekhh2/Sptb/Dlc1/Add3/Pecam1/Camsap3/Arhgap28/Bbof1/Cdh5/Tmod4/Avil/Shank3/Tmod2/S1pr1/Map1a/Clip3/Myoc/Tubb4a/Lmod1/Apc2/Coro2b/Cryab/Nav3",26
"GO:0003170","heart valve development","15/1333","69/25730",0.217391304347826,4.19615773508595,6.2140433177227,1.93923818574322e-06,4.529565277253e-05,3.01244256580403e-05,"Bmp4/Slit3/Axin2/Pde2a/Adamts5/Olfm1/Robo2/Dll4/Dchs1/Emilin1/Prdm1/Tie1/Mef2c/Eln/Heyl",15
"GO:1902903","regulation of supramolecular fiber organization","44/1333","399/25730",0.110275689223058,2.12857725709623,5.3106770197967,2.1152587666272e-06,4.91976922458335e-05,3.27195245435465e-05,"Kank4/Kank1/Scin/Plekhh2/Sptb/Daam2/Dlc1/Add3/Cyfip2/Tgfb3/Rapgef3/Pecam1/Camsap3/Arhgap28/Bbof1/Cdh5/Tmod4/Ppm1e/Avil/Arhgap18/Slain1/Nrp1/Shank3/Limch1/Tmod2/S1pr1/Arhgef15/Mef2c/Baiap2l2/Map1a/Clip3/Myoc/Esam/Tubb4a/Lmod1/Eln/Apc2/Prkd1/Coro2b/Rgs4/Ccl11/Cryab/Prex1/Nav3",44
"GO:0002042","cell migration involved in sprouting angiogenesis","14/1333","61/25730",0.229508196721311,4.43004193671369,6.26928751616751,2.13451412342011e-06,4.94360676095063e-05,3.28780589829933e-05,"Jcad/Tgfbr3/Stard13/Kdr/Hdac5/Gata2/Cdh5/Dll4/Nr4a1/Mmrn2/Nrp1/Fgf2/Rhoj/Clec14a",14
"GO:0005977","glycogen metabolic process","18/1333","97/25730",0.185567010309278,3.58187485015584,5.95497099615837,2.1938279768028e-06,5.0247518611561e-05,3.34177243568272e-05,"Irs1/Insr/Irs2/Igf1/Gabarapl1/Pgf/Epm2a/Igf2/Sorbs1/Pygm/Nr1d1/Cd36/Wdr45/Lepr/Gnmt/Pcdh12/Phkg1/Adcy10",18
"GO:0010827","regulation of D-glucose transmembrane transport","18/1333","97/25730",0.185567010309278,3.58187485015584,5.95497099615837,2.1938279768028e-06,5.0247518611561e-05,3.34177243568272e-05,"Irs1/Erbb4/Gpc3/Insr/Crebl2/Irs2/Igf1/Klf15/Ace/Erbb3/Ptprm/Sorbs1/Aoc3/Pid1/Ednra/Ocln/Clip3/Trib3",18
"GO:0070482","response to oxygen levels","47/1333","439/25730",0.107061503416856,2.06653599618583,5.26845278267983,2.19786893822936e-06,5.0247518611561e-05,3.34177243568272e-05,"Slc6a4/Vldlr/Flt1/Abat/Nkx3-1/Mt3/Kcnma1/Itpr1/Col6a1/Kcnk2/Tgfb3/Kdr/Pink1/Adora1/Egr1/Cpeb1/Jund/Penk/Dpp4/Aqp1/Ppara/Rora/Ddr2/Zeb2/Tek/Plod1/Pgf/Cbfa2t3/Arnt2/Abcb1a/Pygm/Dio3/Abcc9/Gucy1a2/Col1a1/Cygb/Sfrp1/Ednra/Ndrg1/Ddah1/Gucy1a1/Ptgis/Angpt4/Angptl4/Cryab/Eng/Chrna4",47
"GO:0017158","regulation of calcium ion-dependent exocytosis","13/1333","53/25730",0.245283018867925,4.73453268977622,6.3615123506175,2.20616724091569e-06,5.0247518611561e-05,3.34177243568272e-05,"Unc13b/Syt1/Doc2b/Vamp2/Syt10/P2rx7/Kcnb1/Syt2/Syt7/Syt9/Cacna1a/Adra2a/Syt11",13
"GO:0007623","circadian rhythm","32/1333","250/25730",0.128,2.4706976744186,5.46200399279787,2.32259656778096e-06,5.26807130601226e-05,3.50359499654822e-05,"Rorb/Slc6a4/Npas2/Igf1/Zfhx3/Kcnma1/Rorc/Col6a1/Ppargc1a/Ptger3/Ces1d/Adora1/Egr1/Jund/Id3/Ppara/Rora/Dbp/Abcb1a/Nr1d1/Ghrl/Lepr/Kcna2/Cntnap2/Crem/Adcy1/Nlgn3/Hnf4a/Il6/Mapk10/Fbxl21/Gpr157",32
"GO:0014032","neural crest cell development","17/1333","88/25730",0.193181818181818,3.72885835095137,5.99383379698892,2.34436730961334e-06,5.29556879113895e-05,3.52188253400003e-05,"Erbb4/Bmp4/Zeb2/Shh/Isl1/Nrp1/Ret/Sema3b/Sema4g/Sema3g/Radil/Ednrb/Ednra/Aldh1a2/Sema6b/Sema3d/Sema6c",17
"GO:0007189","adenylate cyclase-activating G protein-coupled receptor signaling pathway","26/1333","181/25730",0.143646408839779,2.77270975202364,5.59433260378562,2.40673250301168e-06,5.41416176599635e-05,3.60075423660246e-05,"Pde3a/Adgrf5/Adcy6/Ptger3/Pthlh/Pde2a/Arrdc3/Calcrl/Adgrf3/S1pr3/Adm/Mrap2/Ptger1/Gper1/Adcy5/S1pr1/Prkar1b/Adcy1/Mas1/Gpr3/Aplp1/Adgrd1/Adra2a/Adgrf1/Pde4b/Gpr157",26
"GO:0005976","polysaccharide metabolic process","20/1333","118/25730",0.169491525423729,3.27158060701616,5.78103667466405,2.67446855623323e-06,5.98436980538304e-05,3.97997803934537e-05,"Irs1/Egf/Insr/Irs2/Igf1/Fut9/Gabarapl1/Pgf/Epm2a/Igf2/Sorbs1/Pygm/Nr1d1/Cd36/Wdr45/Lepr/Gnmt/Pcdh12/Phkg1/Adcy10",20
"GO:0010464","regulation of mesenchymal cell proliferation","12/1333","46/25730",0.260869565217391,5.03538928210313,6.40311551120218,2.68200942270765e-06,5.98436980538304e-05,3.97997803934537e-05,"Irs1/Bmp4/Zeb1/Irs2/Syne1/Kdr/Shh/Isl1/Foxp2/Prrx1/Foxf1/Wnt2",12
"GO:0071526","semaphorin-plexin signaling pathway","13/1333","54/25730",0.240740740740741,4.64685615848407,6.27061512185984,2.76859715286262e-06,6.15256266075421e-05,4.0918367466983e-05,"Kdr/Plxna4/Nrp1/Sema3b/Sema4g/Sema3g/Plxnd1/Ednra/Plxnb3/Mef2c/Sema6b/Sema3d/Sema6c",13
"GO:0010594","regulation of endothelial cell migration","26/1333","183/25730",0.14207650273224,2.74240691320371,5.52921517772773,2.96299376886254e-06,6.53704837043487e-05,4.34754365164168e-05,"Egf/Jcad/Bmp4/Igf1/Atoh8/Tgfbr3/Stard13/Ccbe1/Kdr/Acvrl1/Hdac5/Gata2/Ptprm/Tek/Dll4/Igf2/Shh/Adgra2/Mmrn2/Nrp1/Fgf2/Robo4/Mef2c/Rhoj/Angpt4/Prkd1",26
"GO:0044042","glucan metabolic process","18/1333","99/25730",0.181818181818182,3.50951374207188,5.84766810255173,2.97734030353201e-06,6.53704837043487e-05,4.34754365164168e-05,"Irs1/Insr/Irs2/Igf1/Gabarapl1/Pgf/Epm2a/Igf2/Sorbs1/Pygm/Nr1d1/Cd36/Wdr45/Lepr/Gnmt/Pcdh12/Phkg1/Adcy10",18
"GO:0048864","stem cell development","18/1333","99/25730",0.181818181818182,3.50951374207188,5.84766810255173,2.97734030353201e-06,6.53704837043487e-05,4.34754365164168e-05,"Erbb4/Bmp4/Zeb2/Shh/Isl1/Nrp1/Fgf2/Ret/Sema3b/Sema4g/Sema3g/Radil/Ednrb/Ednra/Aldh1a2/Sema6b/Sema3d/Sema6c",18
"GO:0060441","epithelial tube branching involved in lung morphogenesis","11/1333","39/25730",0.282051282051282,5.44424567680382,6.49229391443206,3.02916118414619e-06,6.58698171226459e-05,4.38075242890251e-05,"Bmp4/Pdgfra/Lama1/Spry1/Hhip/Shh/Fgf10/Foxf1/Wnt2/Wnt2b/Hhex",11
"GO:0007599","hemostasis","28/1333","206/25730",0.135922330097087,2.62361706931587,5.46891490326644,3.03741394779339e-06,6.58698171226459e-05,4.38075242890251e-05,"Ubash3b/Slc6a4/Mertk/Pdgfra/Rasa3/Serping1/Thbd/Il6ra/Tspan18/Shh/Vwf/Cd36/Svep1/Emilin1/Entpd1/Mfsd2b/Tfpi/Fgl2/Klkb1/Prrg3/Pear1/Gp1ba/Hnf4a/Il6/Angpt4/Angptl4/Adra2a/Angptl7",28
"GO:0045932","negative regulation of muscle contraction","10/1333","32/25730",0.3125,6.03197674418605,6.65767003741346,3.0476818255362e-06,6.58698171226459e-05,4.38075242890251e-05,"Dock5/Kcnma1/Ptger3/Atp1a2/Calcrl/Irag1/Arg2/Gucy1a1/Adcy10/Adra2a",10
"GO:0006939","smooth muscle contraction","20/1333","119/25730",0.168067226890756,3.24408833300762,5.73533084698636,3.06008441724808e-06,6.58698171226459e-05,4.38075242890251e-05,"Dock5/Flt1/Abat/Kcnma1/Ptger3/Atp1a2/Mylk/Apbb1/Calcrl/Pla2g6/Irag1/Gper1/Ghrl/Cacna1c/Ednrb/Ednra/Myh11/Gucy1a1/Adra2a/Acta2",20
"GO:0051928","positive regulation of calcium ion transport","20/1333","119/25730",0.168067226890756,3.24408833300762,5.73533084698636,3.06008441724808e-06,6.58698171226459e-05,4.38075242890251e-05,"Bmp4/Cxcl12/Itpr1/Cacnb2/Pdgfrb/Ank2/Cracr2a/Mylk/Rapgef3/Akap5/P2rx7/Isl1/Gper1/Plp1/Cacna1c/Ednra/Atp2b2/Capn3/Trpc1/Wnk3",20
"GO:0016310","phosphorylation","48/1333","458/25730",0.104803493449782,2.02295115263532,5.16328554731597,3.11625955610499e-06,6.68169871228917e-05,4.4437451235905e-05,"Irs1/Egf/Erbb4/Igf1r/Insr/Cnksr3/Flt1/Crebl2/Fbn1/Pdgfra/Lats2/Mt3/Gne/Pdgfrb/Pim3/Kdr/Pink1/Reln/Brsk2/Dgki/Ddr2/Tek/Il15/Epm2a/Epha7/Ereg/Wnk2/Ksr1/Nrp1/Fgf2/Sfrp2/Brsk1/Limch1/Il34/Irak3/Ldb2/Errfi1/Gper1/Ephb1/Rarres2/Dgkb/Clip3/Fam20a/Obscn/Prkd1/Mapk10/Wnk3/Trib3",48
"GO:0051146","striated muscle cell differentiation","41/1333","366/25730",0.112021857923497,2.16228237387216,5.23481860505619,3.14653166169078e-06,6.72035497705086e-05,4.46945394337237e-05,"Pmp22/Cyp26b1/Dock5/Bmp4/Igf1/Pdgfra/Cxcl12/Col6a1/Pdgfrb/Thra/Bhlha15/Adamts5/Myh10/Sox6/Xk/Hdac5/Dner/Ppara/Sorbs2/Tmod4/Igf2/Shh/Abcb1a/Isl1/Prickle1/Tmod2/Myl9/Abcc2/Nrap/Mybph/Mef2c/Myh11/Cntnap2/Capn3/Syna/Lmod1/Ripor2/Prkd1/Ttn/Pi16/Rgs4",41
"GO:0061180","mammary gland epithelium development","16/1333","81/25730",0.197530864197531,3.81280505311513,5.92659485062653,3.40383044902804e-06,7.24171524601352e-05,4.81619094134199e-05,"Erbb4/Ptch1/Pthlh/Etv4/Lbh/Cebpb/Etv5/Fgf2/Fgf10/Pgr/Ntn1/Foxf1/Csmd1/Wnt2/Gli2/Ccl11",16
"GO:0002691","regulation of cellular extravasation","12/1333","47/25730",0.25531914893617,4.92825333993073,6.30062825726336,3.4324969175742e-06,7.27450794616401e-05,4.83800012605053e-05,"Gcnt1/Plcb1/Fut9/Cxcl12/Ptger3/Pecam1/Plvap/Gp1ba/Jam3/Sele/Ripor2/Pdgfd",12
"GO:0031214","biomineral tissue development","27/1333","196/25730",0.137755102040816,2.65899383009018,5.44968869522926,3.50516186628421e-06,7.39993595539771e-05,4.9214175515278e-05,"Bglap3/Gpc3/Bmp4/Igf1/Tuft1/Axin2/Col6a1/Pthlh/Col1a2/Mgp/Bmpr1b/Cebpb/Ppara/Ddr2/Aspn/P2rx7/Lox/Prickle1/Col1a1/Osr2/S1pr1/Acvr2b/Mef2c/Atp2b2/Notum/Fam20a/Clec3b",27
"GO:0042593","glucose homeostasis","39/1333","342/25730",0.114035087719298,2.20114239086087,5.2269893799874,3.53534540053856e-06,7.43506164887209e-05,4.94477832186639e-05,"Igf1r/Insr/Camk2n1/Irs2/Igf1/Unc13b/Fbn1/Adgrf5/Pdk4/Ptch1/Slc12a6/Klf15/Pim3/Bhlha15/Brsk2/Cp/Kcnb1/Nrxn1/Pla2g6/Ero1b/Ptprn2/Pde8b/Pdk2/Nr1d1/Col1a1/Gper1/Adcy5/Ghrl/Cacna1c/Ptprn/Lepr/Mlxipl/Csmd1/Sybu/Cacna1a/Hnf4a/Il6/Adra2a/Pde1c",39
"GO:0051592","response to calcium ion","23/1333","152/25730",0.151315789473684,2.92074663402693,5.55158378154587,3.70403519017104e-06,7.76009509879726e-05,5.16094577722505e-05,"Junb/Kcnma1/Syt1/Slc25a23/Mylk/Jund/Penk/Cpne7/Akap5/P2rx7/Kcnb1/Nrxn1/Abcc9/Rasgrp2/Cpne9/Txnip/Mef2c/Adcy1/Capn3/Ttn/Trpc1/Dpep1/Pde1c",23
"GO:0033500","carbohydrate homeostasis","39/1333","343/25730",0.113702623906706,2.19472506610618,5.20676119141633,3.79380145985212e-06,7.91793772362293e-05,5.26592093766946e-05,"Igf1r/Insr/Camk2n1/Irs2/Igf1/Unc13b/Fbn1/Adgrf5/Pdk4/Ptch1/Slc12a6/Klf15/Pim3/Bhlha15/Brsk2/Cp/Kcnb1/Nrxn1/Pla2g6/Ero1b/Ptprn2/Pde8b/Pdk2/Nr1d1/Col1a1/Gper1/Adcy5/Ghrl/Cacna1c/Ptprn/Lepr/Mlxipl/Csmd1/Sybu/Cacna1a/Hnf4a/Il6/Adra2a/Pde1c",39
"GO:0009612","response to mechanical stimulus","33/1333","268/25730",0.123134328358209,2.37677889621659,5.29594730928202,3.81686407911822e-06,7.93589656449997e-05,5.27786468356539e-05,"Igf1/Ptprq/Etv1/Cxcl12/Ptch1/Col6a1/Slc1a3/Cnn2/Kcnk2/Atp1a2/Pde2a/Pecam1/Jund/Aqp1/Ddr2/Btg2/Tek/P2rx7/Nrxn1/Fgf2/Cd36/Shank3/Foxp2/Col1a1/Txnip/Kcna1/Ednra/Atp2b2/Cntnap2/Ripor2/Ttn/Mir1192/Pkdrej",33
"GO:0046883","regulation of hormone secretion","40/1333","356/25730",0.112359550561798,2.16880062712307,5.1907400753178,3.83735865447276e-06,7.94840062430226e-05,5.2861806608586e-05,"Irs1/Camk2n1/Plcb1/Irs2/Abat/Fbn1/Nkx3-1/Acvr1c/Itpr1/Doc2b/Ptger3/Pim3/Adora1/Gna14/Brsk2/Kcnb1/Nrxn1/Pla2g6/Isl1/Pde8b/Nr1d1/Gper1/Adcy5/Gnao1/Ghrl/Cacna1c/Lepr/Mlxipl/Sybu/Syt7/Syt9/Pla2g3/Hnf4a/Il6/Prkd1/Trpc1/Ren1/Adra2a/Myrip/Pde1c",40
"GO:0007160","cell-matrix adhesion","31/1333","244/25730",0.127049180327869,2.45234464353793,5.32809642913686,3.88314193696556e-06,8.01299477143006e-05,5.32913978527763e-05,"Nid1/Tnxb/Itga9/Itga1/Dlc1/Col3a1/Kdr/Cd34/Acvrl1/Pecam1/Camsap3/Efemp2/Itgbl1/Cdh11/Tek/Pkhd1/Sorbs1/Nrp1/Cd36/Svep1/Emilin1/Limch1/Sned1/Nid2/Col5a3/Enpp2/Jam3/Myoc/Coro2b/Apod/Itga11",31
"GO:0030513","positive regulation of BMP signaling pathway","11/1333","40/25730",0.275,5.30813953488372,6.37376459864342,3.98317712657402e-06,8.18863642238382e-05,5.44595240487234e-05,"Gpc3/Bmp4/Tgfbr3/Kdr/Acvrl1/Cdh5/Zfp423/Crb2/Ark2c/Elapor2/Eng",11
"GO:0014059","regulation of dopamine secretion","10/1333","33/25730",0.303030303030303,5.8491895701198,6.51543227971831,4.17010164752665e-06,8.54092833704246e-05,5.68024843425861e-05,"Abat/Slc18a1/Cxcl12/Syt1/Pink1/Entpd1/Syt7/Kcna2/Syt11/Chrna4",10
"GO:0003179","heart valve morphogenesis","13/1333","56/25730",0.232142857142857,4.48089700996678,6.09532313497557,4.28681397730068e-06,8.71493404496423e-05,5.79597305001121e-05,"Bmp4/Slit3/Axin2/Adamts5/Olfm1/Robo2/Dll4/Dchs1/Emilin1/Tie1/Mef2c/Eln/Heyl",13
"GO:0048546","digestive tract morphogenesis","13/1333","56/25730",0.232142857142857,4.48089700996678,6.09532313497557,4.28681397730068e-06,8.71493404496423e-05,5.79597305001121e-05,"Agr2/Pdgfra/Dact1/Shh/Fgf10/Sfrp2/Tcf21/Acvr2b/Foxf1/Sfrp1/Nodal/Gli2/Sox17",13
"GO:1903532","positive regulation of secretion by cell","44/1333","410/25730",0.107317073170732,2.07146908678389,5.11208467115533,4.31364466799634e-06,8.73712014119258e-05,5.81072818357401e-05,"Irs1/Gab2/Slc6a4/Camk2n1/Myo5b/Plcb1/Irs2/Igf1/Abat/Unc13b/Nkx3-1/Slc18a1/Cxcl12/Syt1/Itpr1/Doc2b/Ptger3/Tgfb3/Pink1/Gna14/Myh10/Apbb1/Gata2/Syt10/P2rx7/Cadps2/Kcnn4/Kcnb1/Pla2g6/Isl1/Dpysl2/Gper1/Ghrl/Cacna1c/Lepr/Mlxipl/Sybu/Syt7/Syt9/Pla2g3/Prkd1/Ttn/Trpc1/Myrip",44
"GO:0043535","regulation of blood vessel endothelial cell migration","18/1333","102/25730",0.176470588235294,3.406292749658,5.69179835509259,4.6303867667592e-06,9.31703947824276e-05,6.19641060312891e-05,"Jcad/Igf1/Tgfbr3/Stard13/Kdr/Acvrl1/Hdac5/Gata2/Dll4/Igf2/Mmrn2/Nrp1/Fgf2/Robo4/Mef2c/Rhoj/Angpt4/Prkd1",18
"GO:0008643","carbohydrate transport","23/1333","154/25730",0.149350649350649,2.88281485955905,5.47784804844331,4.64143492529243e-06,9.31703947824276e-05,6.19641060312891e-05,"Irs1/Erbb4/Gpc3/Insr/Crebl2/Irs2/Igf1/Klf15/Ace/Erbb3/Aqp1/Ptprm/Slc5a3/Sorbs1/Mfsd2b/Aoc3/Aqp11/Pid1/Acacb/Ednra/Ocln/Clip3/Trib3",23
"GO:0014074","response to purine-containing compound","24/1333","165/25730",0.145454545454545,2.80761099365751,5.44480540234913,4.65088143020316e-06,9.31703947824276e-05,6.19641060312891e-05,"Hmgcs2/Irs1/Slc6a4/Pde3a/Thbd/Itpr1/Akap7/Nt5e/Adora1/Rapgef3/Pde2a/Penk/Aqp1/Cdo1/Slc26a3/P2rx7/Pygm/Abcc9/Col1a1/Gstm7/P2rx6/Crem/Ren1/Ren2",24
"GO:0055002","striated muscle cell development","28/1333","211/25730",0.132701421800948,2.56144604871597,5.32346863741393,4.86069439461007e-06,9.7019460116417e-05,6.45239738201252e-05,"Pmp22/Bmp4/Igf1/Pdgfra/Col6a1/Pdgfrb/Myh10/Xk/Hdac5/Dner/Ppara/Sorbs2/Tmod4/Isl1/Prickle1/Tmod2/Myl9/Nrap/Mybph/Mef2c/Myh11/Cntnap2/Capn3/Lmod1/Prkd1/Ttn/Pi16/Rgs4",28
"GO:0016079","synaptic vesicle exocytosis","21/1333","133/25730",0.157894736842105,3.04773561811506,5.53431004634206,4.88278440271673e-06,9.71072593714207e-05,6.45823657842167e-05,"Unc13b/Syt1/Doc2b/Unc13c/Reln/Vamp2/Syde1/Syt10/P2rx7/Cadps2/Grik5/Brsk1/Syt2/Pclo/Syt7/Syt9/Erc2/Stx19/Cacna1a/Napb/Syt11",21
"GO:0019216","regulation of lipid metabolic process","43/1333","399/25730",0.107769423558897,2.08020050125313,5.08303347662513,4.96206205703513e-06,9.83276484876023e-05,6.53940004324448e-05,"Irs1/Erbb4/Igf1r/Crebl2/Irs2/Igf1/Gpr146/Adgrf5/Pdk4/Kcnma1/Rorc/Ppargc1a/Thra/Adora1/Egr1/Ppara/Rora/Thrb/Igf2/Pla2g6/Avil/Lpin1/Pde8b/Pdk2/Sorbs1/Nr1d1/Cd36/Ceacam2/Gper1/Rarres2/Rdh9/Mlxipl/Acacb/Pla2g3/Hnf4a/Angptl4/Snai1/Bmp5/Trib3/Apod/Adra2a/Cyp17a1/Adgrf1",43
"GO:0046683","response to organophosphorus","22/1333","144/25730",0.152777777777778,2.94896640826873,5.48204652761803,5.09515794474191e-06,0.000100601877549239,6.69065041740438e-05,"Hmgcs2/Slc6a4/Pde3a/Thbd/Itpr1/Akap7/Nt5e/Rapgef3/Pde2a/Penk/Aqp1/Cdo1/Slc26a3/P2rx7/Pygm/Abcc9/Col1a1/Errfi1/P2rx6/Crem/Ren1/Ren2",22
"GO:0010092","specification of animal organ identity","11/1333","41/25730",0.268292682926829,5.17867271695973,6.2591448423011,5.18974053568688e-06,0.000102102099642958,6.7904245152847e-05,"Bmp4/Spry1/Axin2/Smarcd3/Robo2/Isl1/Fgf2/Fgf10/Mef2c/Wnt2/Wnt2b",11
"GO:0046058","cAMP metabolic process","9/1333","27/25730",0.333333333333333,6.43410852713178,6.60353671363781,5.24763281548849e-06,0.000102872344729344,6.84165060305041e-05,"Adcy6/Ptger3/Pde8a/Pde8b/Pde7b/Adcy5/Adcy1/Adcy10/Pde4b",9
"GO:0001657","ureteric bud development","19/1333","113/25730",0.168141592920354,3.24552377032311,5.59179265648435,5.32658372553735e-06,0.000103346706140339,6.87319858654528e-05,"Gpc3/Bmp4/Spry1/Hs3st3a1/Ptch1/Gsta3/Smad9/Hs3st3b1/Robo2/Pgf/Shh/Dchs1/Fgf2/Arg2/Tcf21/Ret/Sfrp1/Eya1/Wnt2b",19
"GO:0019233","sensory perception of pain","19/1333","113/25730",0.168141592920354,3.24552377032311,5.59179265648435,5.32658372553735e-06,0.000103346706140339,6.87319858654528e-05,"Cxcl12/Retreg1/Mgll/Kcnip3/Adora1/Penk/Aqp1/P2rx7/Abcb1a/Mme/Grin2d/Ephb1/Kcna1/Pirt/Kcna2/Aloxe3/Ndn/Tmem100/Chrna4",19
"GO:0007612","learning","28/1333","212/25730",0.132075471698113,2.54936375603335,5.29488243141038,5.32831441751066e-06,0.000103346706140339,6.87319858654528e-05,"Slc6a4/Plcb1/Atp8a1/Pias1/Atp1a2/Rapgef3/Reln/Apbb1/Dgki/Btg2/Epm2a/Chst10/Nrxn1/Pde8b/Brsk1/Shank3/Foxp2/Ghrl/Cacna1c/Bche/Csmd1/Map1a/Cntnap2/Nlgn3/Slc8a2/Pianp/Slc12a5/Syt11",28
"GO:1903670","regulation of sprouting angiogenesis","12/1333","49/25730",0.244897959183673,4.72710014238253,6.10409735374917,5.50560317956786e-06,0.000106409351593831,7.076883553277e-05,"Jcad/Flt1/Stard13/Tspan18/Shh/Creb3l1/Fgf2/Zfp354c/Ghrl/Ppp1r16b/Rhoj/Il10",12
"GO:0001945","lymph vessel development","10/1333","34/25730",0.294117647058824,5.67715458276334,6.37891383237314,5.63397130231688e-06,0.000108128910763697,7.19124493059806e-05,"Ptpn14/Ccbe1/Kdr/Acvrl1/Fgf2/Svep1/Tmem204/Tie1/Acvr2b/Clec14a",10
"GO:0048745","smooth muscle tissue development","10/1333","34/25730",0.294117647058824,5.67715458276334,6.37891383237314,5.63397130231688e-06,0.000108128910763697,7.19124493059806e-05,"Bmp4/Ptch1/Col3a1/Pdgfrb/Mylk/Efemp2/Shh/Foxp2/Tiparp/Eng",10
"GO:0001890","placenta development","27/1333","201/25730",0.134328358208955,2.59284970496355,5.29924796310908,5.6663736228995e-06,0.000108371863470715,7.20740279633796e-05,"Junb/Zfp568/Fzd5/Plcd3/Llgl2/Cebpb/Gata2/Syde1/Pgf/Adm/Igf2/Abcb1a/Rspo3/Vwf/Mme/Prdm1/Ghrl/Adam19/Nodal/Syna/Wnt2/Pcdh12/Ptgis/Tppp3/Snai1/Bmp5/Il10",27
"GO:0042327","positive regulation of phosphorylation","22/1333","145/25730",0.151724137931034,2.92862870890136,5.44375075755881,5.71673497527858e-06,0.000108955410692028,7.24621231515574e-05,"Irs1/Egf/Erbb4/Insr/Crebl2/Fbn1/Mt3/Pdgfrb/Kdr/Reln/Ddr2/Il15/Ereg/Nrp1/Fgf2/Limch1/Il34/Gper1/Rarres2/Clip3/Fam20a/Wnk3",22
"GO:0061351","neural precursor cell proliferation","29/1333","225/25730",0.128888888888889,2.48785529715762,5.23959363315626,5.9300781628617e-06,0.000112630446491169,7.4906250478253e-05,"Egf/Slc6a4/Smarca1/Igf1/Hhip/Dixdc1/Smarcd3/Trf/Hdac5/Rora/Gata2/Zeb2/Btg2/Dagla/Dll4/Shh/Fgf2/Zfp423/Shank3/Eml1/Lims2/Ephb1/Rassf10/Kcna1/Cntnap2/Wnt2/Gli2/Hhex/Gpr37l1",29
"GO:0007596","blood coagulation","27/1333","202/25730",0.133663366336634,2.58001381533502,5.26970724056102,6.22322777900734e-06,0.000117790680272315,7.83381268152357e-05,"Ubash3b/Slc6a4/Mertk/Pdgfra/Rasa3/Serping1/Thbd/Il6ra/Shh/Vwf/Cd36/Svep1/Emilin1/Entpd1/Mfsd2b/Tfpi/Fgl2/Klkb1/Prrg3/Pear1/Gp1ba/Hnf4a/Il6/Angpt4/Angptl4/Adra2a/Angptl7",27
"GO:0051047","positive regulation of secretion","47/1333","457/25730",0.102844638949672,1.98514070530762,4.96690988491339,6.52465961619098e-06,0.000123071672279286,8.18503148813541e-05,"Irs1/Gab2/Slc6a4/Camk2n1/Myo5b/Plcb1/Irs2/Igf1/Abat/Unc13b/Nkx3-1/Slc18a1/Cxcl12/Syt1/Itpr1/Npr3/Doc2b/Ptger3/Tgfb3/Pink1/Adora1/Gna14/Myh10/Apbb1/Aqp1/Gata2/Syt10/P2rx7/Cadps2/Kcnn4/Kcnb1/Pla2g6/Isl1/Dpysl2/Gper1/Ghrl/Cacna1c/Lepr/Mlxipl/Sybu/Syt7/Syt9/Pla2g3/Prkd1/Ttn/Trpc1/Myrip",47
"GO:0045601","regulation of endothelial cell differentiation","11/1333","42/25730",0.261904761904762,5.05537098560354,6.1482059044405,6.70339650514782e-06,0.000125580011661285,8.35185165433901e-05,"Bmp4/Zeb1/Plcb1/Atoh8/Acvrl1/Cdh5/S1pr3/Apold1/Notch4/Cldn5/Tmem100",11
"GO:0090049","regulation of cell migration involved in sprouting angiogenesis","11/1333","42/25730",0.261904761904762,5.05537098560354,6.1482059044405,6.70339650514782e-06,0.000125580011661285,8.35185165433901e-05,"Jcad/Tgfbr3/Stard13/Kdr/Hdac5/Gata2/Dll4/Mmrn2/Nrp1/Fgf2/Rhoj",11
"GO:0030534","adult behavior","27/1333","203/25730",0.133004926108374,2.56730438767327,5.24034396721147,6.82964758288298e-06,0.000127509984974302,8.48020688057221e-05,"Pmp22/Adh1/Slc6a4/Prex2/Cxcl12/Kcnma1/Chrnb1/Adam22/Atp1a2/Aldh2/Dab1/Penk/Ppara/Nrxn1/Fgf12/Fgf2/Grin2d/Shank3/Ghrl/Cacna1c/Homer2/Cntnap2/Nlgn3/Cacna1a/Unc79/Pcdh17/Chrna4",27
"GO:0051494","negative regulation of cytoskeleton organization","25/1333","180/25730",0.138888888888889,2.68087855297158,5.28975370339257,6.86623102147059e-06,0.000127734444659104,8.49513484534182e-05,"Kank4/Kank1/Scin/Plekhh2/Sptb/Dlc1/Add3/Pecam1/Camsap3/Arhgap28/Bbof1/Cdh5/Tmod4/Avil/Shank3/Tmod2/S1pr1/Map1a/Clip3/Myoc/Tubb4a/Lmod1/Apc2/Coro2b/Nav3",25
"GO:0048512","circadian behavior","15/1333","76/25730",0.197368421052632,3.80966952264382,5.73380351587654,6.9114829775467e-06,0.000127734444659104,8.49513484534182e-05,"Npas2/Zfhx3/Kcnma1/Ptger3/Adora1/Egr1/Nr1d1/Ghrl/Lepr/Kcna2/Cntnap2/Nlgn3/Il6/Mapk10/Gpr157",15
"GO:0048645","animal organ formation","15/1333","76/25730",0.197368421052632,3.80966952264382,5.73380351587654,6.9114829775467e-06,0.000127734444659104,8.49513484534182e-05,"Bmp4/Spry1/Axin2/Smarcd3/Robo2/Shh/Isl1/Fgf2/Fgf10/Mef2c/Wnt2/Eya1/Wnt2b/Gli2/Hhex",15
"GO:0031016","pancreas development","17/1333","95/25730",0.178947368421053,3.45410036719706,5.60138955566775,6.96012658419356e-06,0.000128201794700129,8.52621652913574e-05,"Igf1r/Insr/Bmp4/Igf1/Bhlha15/Il6ra/Igf2/Shh/Isl1/Fgf10/Acvr2b/Ildr2/Foxf1/Aldh1a2/Il6/Hhex/Bmp5",17
"GO:0042325","regulation of phosphorylation","30/1333","239/25730",0.125523012552301,2.42288605624209,5.16575675827515,7.05069489888843e-06,0.000129167877102247,8.59046701614892e-05,"Irs1/Egf/Erbb4/Insr/Cnksr3/Crebl2/Fbn1/Lats2/Mt3/Pdgfrb/Kdr/Reln/Ddr2/Il15/Epha7/Ereg/Ksr1/Nrp1/Fgf2/Sfrp2/Limch1/Il34/Ldb2/Errfi1/Gper1/Rarres2/Clip3/Fam20a/Wnk3/Trib3",30
"GO:0009755","hormone-mediated signaling pathway","29/1333","227/25730",0.127753303964758,2.46593586722672,5.18549929016442,7.05963984891131e-06,0.000129167877102247,8.59046701614892e-05,"Cyp26b1/Pde3a/Igf1/Nkx3-1/Lats2/Crebrf/Klf9/Thra/Lbh/Taf7/Mn1/Ppara/Calcoco1/Thrb/Isl1/Nr1d1/Pgr/Tcf21/Errfi1/Gper1/Esrrg/Ghrl/Sfrp1/Mettl21c/Aldh1a2/Nodal/Cacna1a/Ren1/Heyl",29
"GO:0046885","regulation of hormone biosynthetic process","9/1333","28/25730",0.321428571428571,6.20431893687708,6.440473161029,7.37822790111563e-06,0.000133625815464261,8.88694763747702e-05,"Igf1r/Igf1/Ppargc1a/Egr1/Igf2/Pde8b/Cacna1a/Bmp5/Cyp17a1",9
"GO:0070875","positive regulation of glycogen metabolic process","9/1333","28/25730",0.321428571428571,6.20431893687708,6.440473161029,7.37822790111563e-06,0.000133625815464261,8.88694763747702e-05,"Irs1/Insr/Irs2/Igf1/Igf2/Sorbs1/Cd36/Phkg1/Adcy10",9
"GO:2000050","regulation of non-canonical Wnt signaling pathway","9/1333","28/25730",0.321428571428571,6.20431893687708,6.440473161029,7.37822790111563e-06,0.000133625815464261,8.88694763747702e-05,"Gpc3/Nkd1/Daam2/Dact1/Znrf3/Rspo3/Plekha4/Ankrd6/Sfrp1",9
"GO:0002064","epithelial cell development","32/1333","264/25730",0.121212121212121,2.33967582804792,5.11422266480302,7.40066458391974e-06,0.000133625815464261,8.88694763747702e-05,"Amotl2/Bmp4/Plcb1/Kcnma1/Bhlha15/Fzd5/Kdr/Podxl/Rapgef3/Pde2a/Akr1b1/Vim/Pecam1/Gata2/Cdh5/S1pr3/Pkhd1/Nup210l/Abcb1a/Pgr/Prdm1/Magi2/Robo4/Notch4/Spdef/Ppp1r16b/Ednrb/Ednra/Slc4a5/Cldn5/Bmp5/Acta2",32
"GO:0072224","metanephric glomerulus development","7/1333","16/25730",0.4375,8.44476744186047,6.96281125298606,7.46100731255601e-06,0.000134273669306951,8.93003394648636e-05,"Pdgfra/Pdgfrb/Cd34/Egr1/Aqp1/Tcf21/Ret",7
"GO:0008361","regulation of cell size","28/1333","216/25730",0.12962962962963,2.5021533161068,5.18215234139753,7.64019559203652e-06,0.000137049129427086,9.11461930278041e-05,"Myo5b/Mt3/Cxcl12/Kcnma1/Slc12a6/Mgll/Deptor/Col6a1/Rapgef3/Xk/Olfm1/Aqp1/P2rx7/Kcnn4/Epha7/Plxna4/Nrp1/Shank3/Aqp11/Ret/Sema3g/Ntn1/Atp2b2/Adcy10/Sema6c/Prkd1/Wnk3/Slc12a5",28
"GO:0072080","nephron tubule development","19/1333","116/25730",0.163793103448276,3.16158781074579,5.45407982357096,7.90106729979927e-06,0.00014126696550032,9.39513162890583e-05,"Gpc3/Bmp4/Hs3st3a1/Ptch1/Hs3st3b1/Slc22a1/Klhl3/Aqp1/Pgf/Shh/Dchs1/Fgf2/Tcf21/Abcc2/Aqp11/Mef2c/Eya1/Wnt2b/Heyl",19
"GO:0032941","secretion by tissue","13/1333","59/25730",0.220338983050847,4.25305478912101,5.84728558345265,7.94287233882191e-06,0.000141553332038291,9.41417678435898e-05,"Agr2/Kcnma1/Npr3/Ptger3/Adora1/Aqp1/Kcnn4/Fgf10/Chrm1/Prickle1/Slc4a5/Trpc1/Wnk3",13
"GO:0050817","coagulation","27/1333","205/25730",0.131707317073171,2.54225751559841,5.18214147818409,8.20717572007633e-06,0.000145790250898055,9.69595823444889e-05,"Ubash3b/Slc6a4/Mertk/Pdgfra/Rasa3/Serping1/Thbd/Il6ra/Shh/Vwf/Cd36/Svep1/Emilin1/Entpd1/Mfsd2b/Tfpi/Fgl2/Klkb1/Prrg3/Pear1/Gp1ba/Hnf4a/Il6/Angpt4/Angptl4/Adra2a/Angptl7",27
"GO:0090092","regulation of transmembrane receptor protein serine/threonine kinase signaling pathway","33/1333","278/25730",0.118705035971223,2.29128325246779,5.05989231408556,8.37806097387737e-06,0.000148345731243912,9.86591356788004e-05,"Gpc3/Bmp4/Zeb1/Fbn1/Atoh8/Lats2/Spry1/Tgfbr3/Gdf7/Tgfb3/Kdr/Acvrl1/Ppara/Zeb2/Cdh5/Aspn/Lox/Chrdl1/Fgf10/Emilin1/Zfp423/Sfrp2/Magi2/Acvr2b/Sfrp1/Crb2/Cilp/Htra3/Nodal/Ark2c/Bmp5/Elapor2/Eng",33
"GO:0030178","negative regulation of Wnt signaling pathway","24/1333","171/25730",0.140350877192982,2.70909832721338,5.2414505206905,8.68569843995835e-06,0.000153298388221644,0.000101952960534018,"Gpc3/Nkd1/Bicc1/Lats2/Lrp4/Cxxc4/Axin2/Dact1/Znrf3/Egr1/Hic1/Shh/Isl1/Lmbr1l/Ankrd6/Prickle1/Sfrp2/Nfatc4/Sfrp1/Notum/Shisa3/Apc2/Sox17/Dact3",24
"GO:0090090","negative regulation of canonical Wnt signaling pathway","21/1333","138/25730",0.152173913043478,2.93731041456016,5.33390108850953,8.82584398201936e-06,0.000155272620568283,0.000103265947805814,"Gpc3/Nkd1/Bicc1/Lats2/Lrp4/Axin2/Dact1/Znrf3/Egr1/Shh/Isl1/Lmbr1l/Ankrd6/Prickle1/Sfrp2/Sfrp1/Notum/Shisa3/Apc2/Sox17/Dact3",21
"GO:0071277","cellular response to calcium ion","16/1333","87/25730",0.183908045977011,3.5498529804865,5.56863388598802,8.95486918696547e-06,0.000156488794439423,0.000104074779053978,"Junb/Syt1/Slc25a23/Mylk/Jund/Cpne7/Akap5/Kcnb1/Nrxn1/Abcc9/Rasgrp2/Cpne9/Mef2c/Adcy1/Capn3/Dpep1",16
"GO:0072163","mesonephric epithelium development","19/1333","117/25730",0.162393162393162,3.13456569270523,5.40916894825632,8.98050104726148e-06,0.000156488794439423,0.000104074779053978,"Gpc3/Bmp4/Spry1/Hs3st3a1/Ptch1/Gsta3/Smad9/Hs3st3b1/Robo2/Pgf/Shh/Dchs1/Fgf2/Arg2/Tcf21/Ret/Sfrp1/Eya1/Wnt2b",19
"GO:0072164","mesonephric tubule development","19/1333","117/25730",0.162393162393162,3.13456569270523,5.40916894825632,8.98050104726148e-06,0.000156488794439423,0.000104074779053978,"Gpc3/Bmp4/Spry1/Hs3st3a1/Ptch1/Gsta3/Smad9/Hs3st3b1/Robo2/Pgf/Shh/Dchs1/Fgf2/Arg2/Tcf21/Ret/Sfrp1/Eya1/Wnt2b",19
"GO:0045165","cell fate commitment","36/1333","318/25730",0.113207547169811,2.18516893374287,4.970873494435,9.7239611162155e-06,0.000168907666350971,0.000112334101102716,"Cyp26b1/Erbb4/Bmp4/Lats2/Ptch1/Flvcr2/Gdf7/Kdr/Sox6/Gata2/Mitf/Il6ra/Dll4/Shh/Chrdl1/Isl1/Fgf2/Fgf10/Sfrp2/Prdm1/Tbx6/Ntf3/Prrx1/Spdef/Sfrp1/Ednra/Mef2c/Wnt9a/Nodal/Wnt2/Eya1/Wnt2b/Il6/Apc2/Gli2/Sox17",36
"GO:0070374","positive regulation of ERK1 and ERK2 cascade","28/1333","219/25730",0.127853881278539,2.46787724328342,5.09925075345903,9.93965780934565e-06,0.000171568495960686,0.000114103718248298,"Egf/Mturn/Erbb4/Bmp4/Igf1/Pdgfra/Mt3/Cxcl12/Pdgfrb/Kdr/Ackr3/Prxl2c/Pde8a/Ddr2/Tek/Nrxn1/Pde8b/Nrp1/Fgf2/Fgf10/Cd36/Gper1/Akap12/Ednra/Nodal/Il6/Pdgfd/Acta2",28
"GO:0071466","cellular response to xenobiotic stimulus","28/1333","219/25730",0.127853881278539,2.46787724328342,5.09925075345903,9.93965780934565e-06,0.000171568495960686,0.000114103718248298,"Gstm1/Cyp26b1/Nkx3-1/Cyp2d22/Rorc/Gsta3/Gstm2/Aldh2/Mylk/Aox3/Nceh1/Sult1a1/Rora/Akap5/Ppm1e/Fmo3/Abcc9/Abcc2/Gstm7/Mef2c/Gstm3/Cyp2j9/Hnf4a/Slc10a1/As3mt/Ren1/Ppp1r14a/Pde4b",28
"GO:0034219","carbohydrate transmembrane transport","22/1333","150/25730",0.146666666666667,2.83100775193798,5.2570711822351,9.9844206702037e-06,0.000171800893601091,0.000114258277130066,"Irs1/Erbb4/Gpc3/Insr/Crebl2/Irs2/Igf1/Klf15/Ace/Erbb3/Aqp1/Ptprm/Slc5a3/Sorbs1/Aoc3/Aqp11/Pid1/Acacb/Ednra/Ocln/Clip3/Trib3",22
"GO:0007613","memory","25/1333","184/25730",0.135869565217391,2.62259858442872,5.16317524037832,1.01499839121591e-05,0.000174103942793254,0.000115789948050552,"Slc6a4/Camk2n1/Plcb1/Igf1/Camk4/Kcnk2/Egr1/Reln/Cebpb/Cux2/Chst10/Igf2/Pla2g6/Rcan2/Mme/Shank3/Cpeb3/Nfatc4/Csmd1/Map1a/Adcy1/Gm527/Slc8a2/Adgrf1/Syt11",25
"GO:0009880","embryonic pattern specification","16/1333","88/25730",0.181818181818182,3.50951374207188,5.51205168857319,1.04238696041548e-05,0.000178244922919644,0.000118543957328116,"Erbb4/Bmp4/Tcf7l1/Ptch1/Fzd5/Zbtb16/Meis3/Shh/Chrdl1/Nrp1/Fgf10/Tbx6/Ednra/Sim2/Nodal/Pld6",16
"GO:0007622","rhythmic behavior","15/1333","79/25730",0.189873417721519,3.66499852811304,5.54519322431742,1.13377012953126e-05,0.000193269075807363,0.000128535953227015,"Npas2/Zfhx3/Kcnma1/Ptger3/Adora1/Egr1/Nr1d1/Ghrl/Lepr/Kcna2/Cntnap2/Nlgn3/Il6/Mapk10/Gpr157",15
"GO:0007265","Ras protein signal transduction","19/1333","119/25730",0.159663865546218,3.08188391635724,5.32077675807243,1.15455761122383e-05,0.000195597738518753,0.000130084658730482,"Igf1/Spry1/Rasa3/Spry4/Rgl1/Erbb3/Rapgef3/Syde2/Dgki/Syde1/Rabgef1/Ksr1/Fgf10/Rasgrp1/Rasgrf1/Rasgrf2/Rasgrp2/Ntn1/Rgl3",19
"GO:0019226","transmission of nerve impulse","19/1333","119/25730",0.159663865546218,3.08188391635724,5.32077675807243,1.15455761122383e-05,0.000195597738518753,0.000130084658730482,"Pmp22/Kcnma1/Col6a1/Kcnk2/Atp1a2/Penk/P2rx7/Fgf12/Gper1/S1pr1/Ghrl/Kcna1/Jam3/Kcna2/Cntnap2/Efr3b/Cacna1a/Il6/Chrna4",19
"GO:0035272","exocrine system development","13/1333","61/25730",0.213114754098361,4.11361036980557,5.69092710287207,1.17010906867347e-05,0.000196413721038185,0.00013062733784515,"Igf1r/Insr/Igf1/Nkx3-1/Lama1/Tgfb3/Igf2/Shh/Nrp1/Fgf10/Plxnd1/Edar/Il6",13
"GO:0035567","non-canonical Wnt signaling pathway","13/1333","61/25730",0.213114754098361,4.11361036980557,5.69092710287207,1.17010906867347e-05,0.000196413721038185,0.00013062733784515,"Gpc3/Nkd1/Daam2/Fzd5/Dact1/Znrf3/Rspo3/Plekha4/Ankrd6/Prickle1/Sfrp2/Sfrp1/Myoc",13
"GO:0050433","regulation of catecholamine secretion","13/1333","61/25730",0.213114754098361,4.11361036980557,5.69092710287207,1.17010906867347e-05,0.000196413721038185,0.00013062733784515,"Abat/Slc18a1/Cxcl12/Syt1/Ptger3/Pink1/Kcnb1/Entpd1/Syt7/Kcna2/Adra2a/Syt11/Chrna4",13
"GO:0032271","regulation of protein polymerization","27/1333","209/25730",0.129186602870813,2.49360186936686,5.06777661184257,1.17489763089414e-05,0.000196616252926157,0.000130762034144444,"Kank4/Kank1/Scin/Sptb/Daam2/Add3/Cyfip2/Pecam1/Camsap3/Tppp/Arhgap28/Cdh5/Tmod4/Avil/Arhgap18/Slain1/Tmod2/Baiap2l2/Clip3/Esam/Tubb4a/Lmod1/Eln/Tppp3/Ccl11/Prex1/Nav3",27
"GO:0090100","positive regulation of transmembrane receptor protein serine/threonine kinase signaling pathway","18/1333","109/25730",0.165137614678899,3.18754000426712,5.34970124794809,1.20925864150855e-05,0.000201751388548341,0.00013417721864507,"Gpc3/Bmp4/Atoh8/Tgfbr3/Gdf7/Tgfb3/Kdr/Acvrl1/Zeb2/Cdh5/Zfp423/Acvr2b/Crb2/Nodal/Ark2c/Bmp5/Elapor2/Eng",18
"GO:0010906","regulation of glucose metabolic process","20/1333","130/25730",0.153846153846154,2.9695885509839,5.26242015733682,1.2132376972214e-05,0.000201801870304492,0.000134210792151955,"Irs1/Insr/Irs2/Igf1/Pdk4/Rorc/Ppargc1a/Ppara/Rora/Igf2/Pdk2/Sorbs1/Cd36/Lepr/Gnmt/Acacb/Phkg1/Adcy10/Hnf4a/Il6",20
"GO:0016331","morphogenesis of embryonic epithelium","25/1333","186/25730",0.134408602150538,2.59439859964991,5.10113995127805,1.2277838235291e-05,0.000203604392971337,0.000135409581809474,"Bmp4/Smarca1/Cecr2/Dlc1/Ptch1/Zfp568/Aldh1a1/Gdf7/Llgl2/Zeb2/Adm/Shh/Fgf10/Prickle1/Sfrp2/Shank3/Ret/Sfrp1/Aldh1a2/Nodal/Wnt2/Wnt2b/Gli2/Hhex/Bmp5",25
"GO:0046068","cGMP metabolic process","8/1333","23/25730",0.347826086956522,6.71385237613751,6.40804495782952,1.23845414317707e-05,0.000204140384141109,0.000135766049266258,"Npr3/Pde2a/Rora/Gucy1a2/Pde1a/Npr1/Atp2b2/Gucy1a1",8
"GO:0072111","cell proliferation involved in kidney development","8/1333","23/25730",0.347826086956522,6.71385237613751,6.40804495782952,1.23845414317707e-05,0.000204140384141109,0.000135766049266258,"Gpc3/Bmp4/Ptch1/Pdgfrb/Egr1/Il6ra/Shh/Pdgfd",8
"GO:0019722","calcium-mediated signaling","30/1333","246/25730",0.121951219512195,2.3539421440726,4.98760644137989,1.2511206167242e-05,0.000205610810335303,0.000136743974119115,"Igf1/Pdgfra/Itpr1/Mcoln2/Pdgfrb/Tpcn1/Ank2/Bhlha15/Kdr/Ackr3/Erbb3/Defb1/Cp/Akap5/Rcan2/Pdk2/Grin2d/Nfatc4/Cacna1c/Homer2/Gstm7/Ednrb/Rem1/Prkd1/Cabyr/Slc8a2/Grik3/Lat2/Tmem100/Cmklr1",30
"GO:0045926","negative regulation of growth","30/1333","247/25730",0.121457489878543,2.34441201393466,4.9626528853647,1.35485686852001e-05,0.000221994308994219,0.000147640019482401,"Slc6a4/Gpc3/Slit3/Mt3/Wwc1/Ptch1/Kcnk2/Acvrl1/Ppara/Sertad1/Caprin2/D7Ertd443e/Epha7/Nrp1/Fhl1/Sfrp2/Cgref1/Sema3g/Ntn1/Sfrp1/Hnf4a/Tro/Cth/Sema6c/Sox17/Eaf2/Pi16/Rgs4/Dact3/Cryab",30
"GO:0048562","embryonic organ morphogenesis","38/1333","349/25730",0.108882521489971,2.1016858799227,4.84366888805879,1.36785553528767e-05,0.000223457114083155,0.000148612875826367,"Bmp4/Zeb1/Fbn1/Twist2/Ptprq/Pdgfra/Clic5/Aldh1a1/Fzd5/Tgfb3/Gata2/Shh/Stox1/Arl13b/Fgf10/Tcf21/Ankrd24/Flvcr1/Osr2/Prrx1/Hoxb9/Ntn1/Foxf1/Ednra/Myo15a/Crb2/Mef2c/Atp2b2/Wnt9a/Aldh1a2/Nodal/Eya1/Ripor2/Gli2/Sox17/Mfap5/Eng/Mfap2",38
"GO:0048565","digestive tract development","22/1333","153/25730",0.143790849673203,2.77549779601763,5.14872108862311,1.37617892624374e-05,0.000224149736681065,0.000149073512922483,"Hmgcs2/Agr2/Pdgfra/Col3a1/Fzd5/Dact1/Shh/Dchs1/Fgf10/Sfrp2/Tcf21/Prdm1/Rarres2/Acvr2b/Spdef/Foxf1/Sfrp1/Ednrb/Aldh1a2/Nodal/Gli2/Sox17",22
"GO:0003180","aortic valve morphogenesis","9/1333","30/25730",0.3,5.7906976744186,6.13692966061199,1.39130945323151e-05,0.000224614634964345,0.000149382699189067,"Bmp4/Slit3/Axin2/Adamts5/Robo2/Dll4/Emilin1/Tie1/Eln",9
"GO:0061298","retina vasculature development in camera-type eye","9/1333","30/25730",0.3,5.7906976744186,6.13692966061199,1.39130945323151e-05,0.000224614634964345,0.000149382699189067,"Pdgfra/Lama1/Pdgfrb/Acvrl1/Nrp1/Arhgef15/Acvr2b/Vstm4/Rhoj",9
"GO:0141162","negative regulation of cAMP/PKA signal transduction","9/1333","30/25730",0.3,5.7906976744186,6.13692966061199,1.39130945323151e-05,0.000224614634964345,0.000149382699189067,"Pde3a/Pde2a/Pde8a/Pde8b/Pde1a/Pde7b/Prkar1b/Pde4b/Pde1c",9
"GO:0071322","cellular response to carbohydrate stimulus","27/1333","211/25730",0.127962085308057,2.4699658326904,5.01158334278179,1.39979037088525e-05,0.000225321095184432,0.000149852539164379,"Igf1r/Camk2n1/Plcb1/Irs2/Igf1/Unc13b/Slc12a6/Pim3/Brsk2/Ppara/Calcrl/Kcnb1/Nrxn1/Pla2g6/Ptprn2/Pde8b/Nr1d1/Col1a1/Gper1/Adcy5/Ghrl/Ptprn/Lepr/Mlxipl/Sybu/Adra2a/Pde1c",27
"GO:0048286","lung alveolus development","14/1333","71/25730",0.197183098591549,3.80609236816246,5.53438781743735,1.4056001277513e-05,0.000225594710562189,0.000150034510404478,"Bmp4/Igf1/Fbn1/Col6a1/Pthlh/Tgfb3/Kdr/Ace/Fgf10/Pgr/Tcf21/Foxp2/Errfi1/Foxf1",14
"GO:0050770","regulation of axonogenesis","24/1333","176/25730",0.136363636363636,2.63213530655391,5.07856907014284,1.42412274151406e-05,0.000227901158255704,0.000151568441539688,"Myo5b/Lrp4/Mt3/Cxcl12/Dixdc1/Dab1/Vim/Xk/Brsk2/Robo2/Zeb2/Amigo1/Epha7/Nrp1/Brsk1/Ret/Sema3g/Ntn1/Plxnd1/Plxnb3/Adcy10/Cacna1a/Sema6c/Chodl",24
"GO:0001892","embryonic placenta development","19/1333","121/25730",0.15702479338843,3.03094368633481,5.23422722113374,1.47501715850132e-05,0.000235359569273655,0.000156528748643898,"Junb/Zfp568/Fzd5/Plcd3/Llgl2/Cebpb/Gata2/Syde1/Adm/Igf2/Rspo3/Prdm1/Nodal/Syna/Wnt2/Pcdh12/Snai1/Bmp5/Il10",19
"GO:0141193","nuclear receptor-mediated signaling pathway","26/1333","200/25730",0.13,2.5093023255814,5.00868992808677,1.51361924951548e-05,0.000240819016248999,0.000160159620360631,"Cyp26b1/Pde3a/Igf1/Nkx3-1/Crebrf/Klf9/Thra/Lbh/Taf7/Jund/Mn1/Ppara/Calcoco1/Thrb/Isl1/Pgr/Tcf21/Errfi1/Gper1/Esrrg/Sfrp1/Aldh1a2/Nodal/Ptgis/Aloxe3/Heyl",26
"GO:0045598","regulation of fat cell differentiation","22/1333","154/25730",0.142857142857143,2.75747508305648,5.11318540165089,1.52818483186283e-05,0.000242433715089452,0.00016123349549438,"Crebl2/Igf1/Fbn1/Ptprq/Rorc/Axin2/Dlk2/Dact1/Zfp36/Zbtb16/Cebpb/Rora/Gata2/Lpin1/Nr1d1/Sfrp2/Gper1/Rarres2/Sfrp1/Sult1e1/Trib3/Cmklr1",22
"GO:0060976","coronary vasculature development","15/1333","81/25730",0.185185185185185,3.57450473729544,5.42449484797061,1.55395576482008e-05,0.000245105264169466,0.000163010241754266,"Gpc3/Bmp4/Pdgfrb/Tgfbr3/Ace/Pde2a/Myh10/Shh/Nrp1/Fgf2/Prickle1/Abcc9/Prdm1/Gper1/Plxnd1",15
"GO:0071384","cellular response to corticosteroid stimulus","15/1333","81/25730",0.185185185185185,3.57450473729544,5.42449484797061,1.55395576482008e-05,0.000245105264169466,0.000163010241754266,"Hmgcs2/Scnn1a/Bmp4/Ephx1/Axin2/Klf9/Zfp36/Aqp1/Abcb1a/Isl1/Errfi1/Gper1/Fbxo32/Mettl21c/Zfp747l1",15
"GO:0097120","receptor localization to synapse","18/1333","111/25730",0.162162162162162,3.13010685103708,5.25702578079137,1.56458594244517e-05,0.000246074849228697,0.000163655076109179,"Zdhhc3/Erbb4/Lrrc7/Adam22/Cep112/Kif5c/Mylk/Reln/Olfm1/Vamp2/Iqsec2/Rab4a/Magi2/Olfm2/Kif5a/Mapk10/Kif17/Slc12a5",18
"GO:0062012","regulation of small molecule metabolic process","43/1333","418/25730",0.102870813397129,1.98564593301435,4.74902175790596,1.57872754144572e-05,0.000247589584999873,0.000164662469585978,"Irs1/Insr/Irs2/Igf1/Gpr146/Pdk4/Kcnma1/Rorc/Ppargc1a/Egr1/Prxl2c/Ppara/Rora/Thrb/P2rx7/Cbfa2t3/Igf2/Pdk2/Sorbs1/Nr1d1/Cd36/Entpd1/Slc7a7/Ceacam2/Gper1/Pid1/Rdh9/Lepr/Gnmt/Mlxipl/Acacb/Pla2g3/Nqo1/Mas1/Phkg1/Adcy10/Cacna1a/Hnf4a/Il6/Angptl4/Snai1/Bmp5/Trib3",43
"GO:0141091","transforming growth factor beta receptor superfamily signaling pathway","40/1333","378/25730",0.105820105820106,2.04257413559739,4.77314962575387,1.60827802292464e-05,0.000250367335873705,0.000166509846642569,"Gpc3/Bmp4/Zeb1/Fbn1/Lats2/Spry1/Acvr1c/Col3a1/Tgfbr3/Gdf7/Smad9/Col1a2/Tgfb3/Kdr/Bmpr1b/Acvrl1/Egr1/Ppara/Zeb2/Cdh5/Aspn/Lox/Chrdl1/Fgf10/Emilin1/Zfp423/Sfrp2/Magi2/Acvr2b/Sfrp1/Crb2/Cilp/Htra3/Nodal/Cldn5/Ark2c/Bmp5/Elapor2/Eng/Tmem100",40
"GO:0043114","regulation of vascular permeability","12/1333","54/25730",0.222222222222222,4.28940568475452,5.65599413093593,1.6101233296305e-05,0.000250367335873705,0.000166509846642569,"Pde3a/Sh3gl2/Pde2a/Zeb2/Cdh5/Adm/Plvap/Akap12/Npr1/Ocln/Ddah1/Cldn5",12
"GO:0060074","synapse maturation","12/1333","54/25730",0.222222222222222,4.28940568475452,5.65599413093593,1.6101233296305e-05,0.000250367335873705,0.000166509846642569,"Erbb4/Dab1/Reln/Robo2/Nrg2/Nrxn1/Chrdl1/Nfatc4/Arhgef15/Nrn1/Mdga2/Sybu",12
"GO:0071326","cellular response to monosaccharide stimulus","26/1333","201/25730",0.129353233830846,2.49681823440935,4.97976108801788,1.65431370133184e-05,0.000256512087757358,0.000170596488736807,"Igf1r/Camk2n1/Plcb1/Irs2/Igf1/Unc13b/Slc12a6/Pim3/Brsk2/Ppara/Kcnb1/Nrxn1/Pla2g6/Ptprn2/Pde8b/Nr1d1/Col1a1/Gper1/Adcy5/Ghrl/Ptprn/Lepr/Mlxipl/Sybu/Adra2a/Pde1c",26
"GO:0035909","aorta morphogenesis","10/1333","38/25730",0.263157894736842,5.07955936352509,5.88253356465286,1.68047505348932e-05,0.000259834579397264,0.000172806152275788,"Col3a1/Pdgfrb/Mylk/Acvrl1/Efemp2/Dll4/Fkbp10/Notch4/Eya1/Eng",10
"GO:0071375","cellular response to peptide hormone stimulus","40/1333","379/25730",0.105540897097625,2.03718475793091,4.75484646857319,1.71016078322914e-05,0.000263681812897325,0.000175364801781155,"Hmgcs2/Bglap3/Irs1/Scnn1a/Kank1/Igf1r/Insr/Plcb1/Irs2/Igf1/Fbn1/Pdk4/Adcy6/Tns2/Klf15/Col6a1/Ace/Cpeb1/Vamp2/Ddr2/Igf2/Nr4a1/Lpin1/Pdk2/Sorbs1/Gkap1/Ceacam2/Errfi1/Gper1/Pid1/Rarres2/Ednra/Glp2r/Mas1/Prkd1/Grb14/Ren1/Ren2/Trib3/Echdc3",40
"GO:0046326","positive regulation of D-glucose import","11/1333","46/25730",0.239130434782609,4.61577350859454,5.73729417891731,1.72625849281178e-05,0.000265418287592266,0.000176519665430378,"Irs1/Erbb4/Gpc3/Insr/Crebl2/Irs2/Igf1/Klf15/Erbb3/Sorbs1/Ocln",11
"GO:0009952","anterior/posterior pattern specification","29/1333","238/25730",0.121848739495798,2.35196404143053,4.89790073867682,1.76193084546028e-05,0.000270146324322109,0.000179664103853463,"Gpc3/Bmp4/Tcf7l1/Nkx3-1/Axin2/Fzd5/Zbtb16/Zeb2/Btg2/Shh/Prickle1/Sfrp2/Tbx6/Acvr2b/Hoxb9/Foxf1/Sfrp1/Crb2/Aldh1a2/Nodal/Wnt2/Wnt2b/Gli2/Hhex/Ttn/Sox17/Heyl/Hoxa6/Pld6",29
"GO:0009190","cyclic nucleotide biosynthetic process","9/1333","31/25730",0.290322580645161,5.60390097524381,5.99524621666421,1.8705978782361e-05,0.000286008683945348,0.00019021355935267,"Adcy6/Npr3/Ptger3/Gucy1a2/Adcy5/Npr1/Adcy1/Gucy1a1/Adcy10",9
"GO:1903169","regulation of calcium ion transmembrane transport","22/1333","156/25730",0.141025641025641,2.72212283840191,5.0429586847033,1.87842264176608e-05,0.000286407274462611,0.000190478646831718,"Ubash3b/Bmp4/Cacnb2/Ptger3/Ank2/Atp1a2/Rapgef3/Akap5/P2rx7/Kcnn4/Rgs9/Gper1/Plp1/Cacna1c/Gstm7/Ednra/Mettl21c/Capn3/Rem1/Prkd1/Trpc1/Pde4b",22
"GO:0072109","glomerular mesangium development","7/1333","18/25730",0.388888888888889,7.50645994832041,6.4546306913851,1.89376559624133e-05,0.000287151363474273,0.000190973512293252,"Bmp4/Pdgfrb/Cd34/Egr1/Il6ra/Pdgfd/Acta2",7
"GO:0106072","negative regulation of adenylate cyclase-activating G protein-coupled receptor signaling pathway","7/1333","18/25730",0.388888888888889,7.50645994832041,6.4546306913851,1.89376559624133e-05,0.000287151363474273,0.000190973512293252,"Pde3a/Ptger3/Pde2a/Arrdc3/Mrap2/Aplp1/Pde4b",7
"GO:0030282","bone mineralization","21/1333","145/25730",0.144827586206897,2.79550922213312,5.06800746202668,1.9164458972689e-05,0.000289789849314297,0.000192728269442614,"Bglap3/Gpc3/Bmp4/Igf1/Axin2/Col6a1/Pthlh/Col1a2/Mgp/Bmpr1b/Ddr2/Aspn/P2rx7/Lox/Prickle1/Osr2/S1pr1/Acvr2b/Mef2c/Notum/Clec3b",21
"GO:0006468","protein phosphorylation","40/1333","381/25730",0.10498687664042,2.02649087468718,4.71840787625037,1.93191485884755e-05,0.000291326391764126,0.000193750165716694,"Erbb4/Igf1r/Insr/Cnksr3/Flt1/Crebl2/Fbn1/Pdgfra/Lats2/Mt3/Pdgfrb/Pim3/Kdr/Pink1/Reln/Brsk2/Ddr2/Tek/Il15/Epha7/Ereg/Wnk2/Ksr1/Fgf2/Sfrp2/Brsk1/Limch1/Il34/Irak3/Errfi1/Gper1/Ephb1/Rarres2/Clip3/Fam20a/Obscn/Prkd1/Mapk10/Wnk3/Trib3",40
"GO:0030308","negative regulation of cell growth","25/1333","191/25730",0.130890052356021,2.5264824059418,4.94954022017011,1.94791120900643e-05,0.000291337455755758,0.000193757523959108,"Slit3/Mt3/Acvrl1/Ppara/Sertad1/Caprin2/D7Ertd443e/Epha7/Nrp1/Fhl1/Sfrp2/Cgref1/Sema3g/Ntn1/Sfrp1/Hnf4a/Tro/Cth/Sema6c/Sox17/Eaf2/Pi16/Rgs4/Dact3/Cryab",25
"GO:0071772","response to BMP","25/1333","191/25730",0.130890052356021,2.5264824059418,4.94954022017011,1.94791120900643e-05,0.000291337455755758,0.000193757523959108,"Gpc3/Bmp4/Fbn1/Tgfbr3/Gdf7/Smad9/Kdr/Bmpr1b/Acvrl1/Egr1/Cdh5/Chrdl1/Zfp423/Sfrp2/Acvr2b/Sfrp1/Crb2/Htra3/Ark2c/Kcnd3/Bmp5/Elapor2/Heyl/Eng/Tmem100",25
"GO:0071773","cellular response to BMP stimulus","25/1333","191/25730",0.130890052356021,2.5264824059418,4.94954022017011,1.94791120900643e-05,0.000291337455755758,0.000193757523959108,"Gpc3/Bmp4/Fbn1/Tgfbr3/Gdf7/Smad9/Kdr/Bmpr1b/Acvrl1/Egr1/Cdh5/Chrdl1/Zfp423/Sfrp2/Acvr2b/Sfrp1/Crb2/Htra3/Ark2c/Kcnd3/Bmp5/Elapor2/Heyl/Eng/Tmem100",25
"GO:0051402","neuron apoptotic process","41/1333","395/25730",0.10379746835443,2.0035325287018,4.6981606488154,1.99911829238558e-05,0.000298183703991968,0.000198310704748089,"Igf1/Itga1/Mt3/Kcnma1/Retreg1/Col6a2/Col6a1/Prodh/Ppargc1a/Kcnip3/Tgfb3/Kdr/Pink1/Erbb3/Lonrf2/Egr1/Trim2/Cebpb/Btg2/Thrb/Epha7/Kcnb1/Grik5/Tnfrsf21/Isl1/Dio3/Nrp1/Fgf2/Unc5b/Nfatc4/Ntf3/Plxnd1/Mdga2/Mef2c/Pla2g3/Nqo1/Adcy10/Cacna1a/Il6/Aatk/Il10",41
"GO:0031960","response to corticosteroid","24/1333","180/25730",0.133333333333333,2.57364341085271,4.95228286758813,2.08155399413039e-05,0.000309638207961563,0.000205928662149313,"Hmgcs2/Scnn1a/Bmp4/Slit3/Ephx1/Axin2/Klf9/Zfp36/Aqp1/Cdo1/Sult1a1/Abcb1a/Isl1/Errfi1/Gper1/Pappa/Bche/Hnmt/Fbxo32/Mettl21c/Zfp747l1/Gpr83/Il6/Il10",24
"GO:0140115","export across plasma membrane","15/1333","83/25730",0.180722891566265,3.48837209302326,5.30755370714846,2.10651549758495e-05,0.000312504420709291,0.000207834871852762,"Atp12a/Slc30a2/Atp1a2/Kcnn4/Kcnb1/Atp1b2/Abcb1a/Rgs9/Abcc2/Kcna2/Kcnt2/Atp2b3/Kcnd3/Fxyd1/Slc8a2",15
"GO:0003203","endocardial cushion morphogenesis","10/1333","39/25730",0.256410256410256,4.94931425163983,5.76928251647438,2.15549537592888e-05,0.000318908736346998,0.000212094139983582,"Acvrl1/Adamts5/Robo2/Dchs1/Isl1/Snai1/Bmp5/Heyl/Eng/Tmem100",10
"GO:0008645","hexose transmembrane transport","20/1333","136/25730",0.147058823529412,2.83857729138167,5.02505220794481,2.391894280235e-05,0.000352304238770325,0.000234304225686874,"Irs1/Erbb4/Gpc3/Insr/Crebl2/Irs2/Igf1/Klf15/Ace/Erbb3/Ptprm/Slc5a3/Sorbs1/Aoc3/Pid1/Acacb/Ednra/Ocln/Clip3/Trib3",20
"GO:2000095","regulation of Wnt signaling pathway, planar cell polarity pathway","6/1333","13/25730",0.461538461538462,8.9087656529517,6.66697068989464,2.39405139481383e-05,0.000352304238770325,0.000234304225686874,"Gpc3/Nkd1/Dact1/Znrf3/Plekha4/Ankrd6",6
"GO:0036303","lymph vessel morphogenesis","8/1333","25/25730",0.32,6.17674418604651,6.05307729583255,2.48965415698734e-05,0.000365393360099024,0.000243009305275319,"Ptpn14/Ccbe1/Acvrl1/Fgf2/Svep1/Tie1/Acvr2b/Clec14a",8
"GO:1904951","positive regulation of establishment of protein localization","39/1333","372/25730",0.104838709677419,2.02363090772693,4.64853041513222,2.52076452288926e-05,0.000368972705763711,0.00024538979271242,"Camk2n1/Plcb1/Wipf1/Irs2/Igf1/Abat/Unc13b/Camk4/Itpr1/Doc2b/Tgfb3/Rapgef3/Gna14/Myh10/Apbb1/Vamp2/Tek/Akap5/P2rx7/Kcnn4/Kcnb1/Pla2g6/Shh/Mtcl1/Isl1/Chrm1/Gper1/Ghrl/Cacna1c/Lepr/Mlxipl/Sybu/Adcy10/Il6/Prkd1/Ttn/Trpc1/Coro2b/Myrip",39
"GO:0048638","regulation of developmental growth","41/1333","399/25730",0.102756892230576,1.98344698956694,4.62774639028197,2.52860990999929e-05,0.000369136696701759,0.00024549885688347,"Erbb4/Igf1r/Slc6a4/Insr/Agr2/Myo5b/Plcb1/Igf1/Lats2/Mt3/Cxcl12/Wwc1/Ptch1/Syt1/Mgll/Tgfbr3/Kcnk2/Olfm1/Ppara/Azgp1/Epha7/Igf2/Plxna4/Dio3/Nrp1/Fgf2/Flvcr1/Syt2/Cpne9/Cacna1c/Sema3g/Ntn1/Acacb/Mef2c/Capn3/Wnt2/Adcy10/Sema6c/Rnf157/Pi16/Rgs4",41
"GO:0001934","positive regulation of protein phosphorylation","18/1333","115/25730",0.156521739130435,3.02123356926188,5.07781129953955,2.56640433633549e-05,0.000373660302444178,0.000248507335988035,"Erbb4/Crebl2/Fbn1/Mt3/Pdgfrb/Kdr/Reln/Ddr2/Il15/Ereg/Fgf2/Limch1/Il34/Gper1/Rarres2/Clip3/Fam20a/Wnk3",18
"GO:0006869","lipid transport","46/1333","468/25730",0.0982905982905983,1.89723712979527,4.57883099146174,2.58037819708746e-05,0.000374700950365426,0.000249199431565005,"Egf/Vldlr/Irs2/Abca5/Nkx3-1/Atp8a1/Ptch1/Syt1/Dennd5b/Slco4a1/Ace/Slc66a2/Osbpl1a/Slc22a1/Plscr2/Abcg5/Abca8a/P2rx7/Kcnn4/Pla2g6/Osbpl6/Shh/Abcb1a/Apold1/Gulp1/Cd36/Mfsd2b/Ceacam2/Abcc2/Proca1/Ghrl/Abca9/Acacb/Syt7/Abca8b/Slc10a6/Pla2g3/Abcg8/Abca6/Npc1l1/Slc10a1/Ren1/Apof/Atp8b3/Apod/Fabp4",46
"GO:0007200","phospholipase C-activating G protein-coupled receptor signaling pathway","21/1333","148/25730",0.141891891891892,2.73884349465745,4.95886654332881,2.62514527002793e-05,0.000380195841350483,0.00025285387575217,"Plcb4/Plcb1/Itpr1/Npr3/Ptger3/Gna14/Dgki/Nrxn1/Ptger1/S1pr1/Sele/Ednrb/Ednra/Dgkb/Gpr83/Mas1/Prkd1/Trpc1/Adra2a/Cmklr1/Gpr157",21
"GO:0098742","cell-cell adhesion via plasma-membrane adhesion molecules","32/1333","281/25730",0.113879003558719,2.19812960357527,4.72041208006466,2.64020591177984e-05,0.000381370796046303,0.000253635293685664,"Il1rap/Sparcl1/Scarf2/Cldn8/Sdk2/Dab1/Pcdhgb7/Pecam1/Robo2/Cdh11/Crtam/Ptprt/Ptprm/Cdh5/Amigo1/Nrxn1/Dchs1/Ceacam2/Magi2/Ret/Igsf9b/Sele/Mdga2/Crb2/Plxnb3/Cldn10/Cldn5/Pcdh12/Esam/Pcdh17/Il10/Pcdh7",32
"GO:0060326","cell chemotaxis","36/1333","333/25730",0.108108108108108,2.08673790069139,4.66567019156637,2.6572846373996e-05,0.000381932659999098,0.000254008968151973,"Agr2/Flt1/Pdgfra/Itga9/Itga1/Cxcl12/Pdgfrb/Kdr/Ackr3/Dpp4/Pgf/Lox/Shh/Nr4a1/Nrp1/Fgf2/Il16/Il34/Ephb1/Rarres2/S1pr1/Hoxb9/Enpp2/Jam3/Ednrb/Ednra/Plxnb3/Ripor2/Pdgfd/Prkd1/Dpep1/Ccl11/Pde4b/Eng/Prex1/Cmklr1",36
"GO:0120163","negative regulation of cold-induced thermogenesis","11/1333","48/25730",0.229166666666667,4.4234496124031,5.5491754097785,2.65801195335499e-05,0.000381932659999098,0.000254008968151973,"Plcl2/Npr3/Aldh1a1/Adamts5/Arrdc3/Il15/Nr1d1/Lama4/Zfp423/Plcl1/Acvr2b",11
"GO:0032868","response to insulin","35/1333","320/25730",0.109375,2.11119186046512,4.67541346483059,2.67813622969543e-05,0.000383819576104392,0.000255263884693796,"Hmgcs2/Bglap3/Irs1/Kank1/Igf1r/Gcnt1/Insr/Plcb1/Irs2/Igf1/Pdk4/Acvr1c/Tns2/Klf15/Col6a1/Egr1/Cpeb1/Vamp2/Ppara/Cp/Igf2/Lpin1/Pdk2/Sorbs1/Gkap1/Ceacam2/Abcc2/Col1a1/Errfi1/Pid1/Rarres2/Grb14/Trib3/Il10/Echdc3",35
"GO:0048662","negative regulation of smooth muscle cell proliferation","14/1333","75/25730",0.186666666666667,3.6031007751938,5.27708292484228,2.6977842604774e-05,0.000385628588691679,0.000256466990551964,"Npr3/Ppargc1a/Ndrg2/Tgfb3/Ogn/Efemp2/Il15/Rgs5/Gper1/Npr1/Mef2c/Ptgis/Apod/Il10",14
"GO:0014046","dopamine secretion","10/1333","40/25730",0.25,4.82558139534884,5.65983415102209,2.74122126368604e-05,0.000389807344983748,0.000259246123328693,"Abat/Slc18a1/Cxcl12/Syt1/Pink1/Entpd1/Syt7/Kcna2/Syt11/Chrna4",10
"GO:0110110","positive regulation of animal organ morphogenesis","10/1333","40/25730",0.25,4.82558139534884,5.65983415102209,2.74122126368604e-05,0.000389807344983748,0.000259246123328693,"Bmp4/Spry1/Cd34/Robo2/Stox1/Fgf2/Fgf10/Ednra/Wnt2/Wnt2b",10
"GO:0043266","regulation of potassium ion transport","16/1333","95/25730",0.168421052631579,3.25091799265606,5.13763361240549,2.82526095561428e-05,0.000400719829079244,0.000266503603809882,"Plcb4/Akap7/Ptger3/Ank2/Kcnip3/Adora1/Rapgef3/Vamp2/Amigo1/Akap5/Atp1b2/Wnk2/Fhl1/Abcc9/Wnk3/Rgs4",16
"GO:0015872","dopamine transport","12/1333","57/25730",0.210526315789474,4.06364749082007,5.41247901578818,2.87548184481206e-05,0.000406791748612716,0.000270541807862404,"Abat/Slc18a1/Cxcl12/Syt1/Pink1/Slc22a1/Entpd1/Syt7/Kcna2/Nat8l/Syt11/Chrna4",12
"GO:0010595","positive regulation of endothelial cell migration","18/1333","116/25730",0.155172413793103,2.99518845228549,5.03422392915769,2.89266308035998e-05,0.000407123785848614,0.000270762633270942,"Egf/Jcad/Bmp4/Igf1/Atoh8/Tgfbr3/Ccbe1/Kdr/Gata2/Tek/Igf2/Shh/Adgra2/Nrp1/Fgf2/Rhoj/Angpt4/Prkd1",18
"GO:0045913","positive regulation of carbohydrate metabolic process","18/1333","116/25730",0.155172413793103,2.99518845228549,5.03422392915769,2.89266308035998e-05,0.000407123785848614,0.000270762633270942,"Irs1/Egf/Insr/Irs2/Igf1/Ppargc1a/Prxl2c/Ppara/P2rx7/Igf2/Sorbs1/Cd36/Gper1/Mlxipl/Mas1/Phkg1/Adcy10/Hnf4a",18
"GO:0030010","establishment of cell polarity","23/1333","172/25730",0.133720930232558,2.58112493239589,4.86323541116948,2.92756360375629e-05,0.00041098201076773,0.000273328592753447,"Cyp26b1/Amotl2/Kank1/Igf1r/Lama1/Spry1/Camsap3/Pard3b/Llgl2/Brsk2/Crtam/Cdh5/Pkhd1/Shh/Fgf10/Prickle1/Brsk1/Ephb1/Jam3/Foxf1/Crb2/Rhoj/Ripor2",23
"GO:0110053","regulation of actin filament organization","32/1333","283/25730",0.113074204946996,2.18259511874435,4.67594420141707,3.03909586299893e-05,0.000425550948775539,0.000283017842451136,"Kank4/Kank1/Scin/Plekhh2/Sptb/Daam2/Dlc1/Add3/Cyfip2/Tgfb3/Rapgef3/Pecam1/Arhgap28/Tmod4/Ppm1e/Avil/Arhgap18/Nrp1/Shank3/Limch1/Tmod2/S1pr1/Arhgef15/Baiap2l2/Myoc/Esam/Lmod1/Eln/Coro2b/Rgs4/Ccl11/Prex1",32
"GO:0045744","negative regulation of G protein-coupled receptor signaling pathway","14/1333","76/25730",0.184210526315789,3.55569155446756,5.21550064959713,3.15089560689865e-05,0.000440083103976252,0.000292682629294885,"Pde3a/Slit3/Ptger3/Gprasp1/Pde2a/Arrdc3/Adm/Grk4/Mrap2/Ghrl/Arr3/Aplp1/Rgs4/Pde4b",14
"GO:0051963","regulation of synapse assembly","27/1333","221/25730",0.122171945701357,2.35820267284016,4.73993423285277,3.22812104858998e-05,0.000449724782632243,0.000299094945137858,"Vldlr/Il1rap/Lrp4/Srgap2/Cyfip2/Podxl/Adgrl4/Nrg2/Cux2/Iqsec2/Amigo1/Epha7/Nrxn1/Flrt2/Rab17/Prickle1/Cpeb3/Dpysl2/Ephb1/Ghrl/Arhgef15/Ntn1/Mdga2/Mef2c/Nlgn3/Slc12a5/Pcdh7",27
"GO:0101023","vascular endothelial cell proliferation","9/1333","33/25730",0.272727272727273,5.26427061310782,5.72952779023042,3.25817772662157e-05,0.000451983074416945,0.000300596849599288,"Col4a3/Flt1/Igf1/Igf2/Fgf2/Enpep/Ghrl/Mef2c/Aldh1a2",9
"GO:0014009","glial cell proliferation","15/1333","86/25730",0.174418604651163,3.36668469442942,5.13872123534812,3.26079973527255e-05,0.000451983074416945,0.000300596849599288,"Pmp22/Flt1/Igf1/Vim/Penk/Epm2a/Etv5/Shh/Shank3/Plag1/Il34/Lepr/Ntn1/Cntnap2/Il6",15
"GO:0055074","calcium ion homeostasis","38/1333","363/25730",0.104683195592287,2.0206291242232,4.57767578239545,3.28913657189881e-05,0.00045476248471417,0.000302445330275621,"Ubash3b/Plcb4/Plcb1/Plcl2/Itpr1/Slc25a23/Cacnb2/Pthlh/Ank2/Kdr/Nt5e/Adora1/Xk/Cdh5/Pkhd1/P2rx7/Tspoap1/Pygm/Fgf2/Herpud1/Gper1/Plcl1/Cacna1c/Gstm7/Gp1ba/Ednra/Mettl21c/Atp2b2/Erc2/Fam20a/Capn3/Cacna1a/Atp2b3/Gpr3/Prkd1/Trpc1/Fxyd1/Slc8a2",38
"GO:0015749","monosaccharide transmembrane transport","20/1333","139/25730",0.143884892086331,2.77731303329429,4.91118181701194,3.30134822019765e-05,0.000455304029664947,0.000302805491342117,"Irs1/Erbb4/Gpc3/Insr/Crebl2/Irs2/Igf1/Klf15/Ace/Erbb3/Ptprm/Slc5a3/Sorbs1/Aoc3/Pid1/Acacb/Ednra/Ocln/Clip3/Trib3",20
"GO:0051384","response to glucocorticoid","22/1333","162/25730",0.135802469135802,2.62130347401665,4.83873409534357,3.40424249291118e-05,0.00046831797101728,0.000311460571571454,"Hmgcs2/Bmp4/Slit3/Ephx1/Axin2/Klf9/Zfp36/Aqp1/Cdo1/Sult1a1/Abcb1a/Isl1/Errfi1/Pappa/Bche/Hnmt/Fbxo32/Mettl21c/Zfp747l1/Gpr83/Il6/Il10",22
"GO:0001709","cell fate determination","10/1333","41/25730",0.24390243902439,4.70788428814521,5.55396088422998,3.45807520243358e-05,0.000474534369653948,0.00031559486321157,"Cyp26b1/Bmp4/Ptch1/Gata2/Chrdl1/Isl1/Ntf3/Prrx1/Mef2c/Sox17",10
"GO:0051222","positive regulation of protein transport","35/1333","324/25730",0.108024691358025,2.08512776342234,4.59455599278328,3.47224503975055e-05,0.000475290599082064,0.000316097802804959,"Camk2n1/Plcb1/Wipf1/Irs2/Igf1/Abat/Unc13b/Camk4/Itpr1/Doc2b/Tgfb3/Rapgef3/Gna14/Myh10/Apbb1/Vamp2/Tek/Akap5/P2rx7/Kcnn4/Pla2g6/Shh/Isl1/Chrm1/Gper1/Ghrl/Cacna1c/Lepr/Mlxipl/Sybu/Il6/Prkd1/Ttn/Trpc1/Myrip",35
"GO:0141156","cAMP/PKA signal transduction","14/1333","77/25730",0.181818181818182,3.50951374207188,5.15494665372232,3.6694021492444e-05,0.00050102856709459,0.000333215151965949,"Pde3a/Akap7/Ptger3/Pde2a/Pde8a/Pde8b/Pde1a/Pde7b/Ednra/Prkar1b/Crem/Gpr3/Pde4b/Pde1c",14
"GO:1904659","D-glucose transmembrane transport","19/1333","129/25730",0.147286821705426,2.84297818640707,4.90506650779851,3.70574859297219e-05,0.000504735831931125,0.00033568071360657,"Irs1/Erbb4/Gpc3/Insr/Crebl2/Irs2/Igf1/Klf15/Ace/Erbb3/Ptprm/Sorbs1/Aoc3/Pid1/Acacb/Ednra/Ocln/Clip3/Trib3",19
"GO:1903522","regulation of blood circulation","32/1333","286/25730",0.111888111888112,2.15970076435193,4.60993266178944,3.74075214688844e-05,0.000508242290452244,0.000338012726560947,"Dock5/Pkp2/Faah/Itga9/Mgll/Cacnb2/Ptger3/Add3/Ank2/Thra/Ehd3/Atp1a2/Ace/Adora1/Thrb/Adm/Isl1/Gjc1/Svep1/Abcc9/Gnao1/Ghrl/Cacna1c/Gstm7/Ednrb/Ednra/Adcy10/Kcnd3/Fxyd1/Adra2a/Rgs4/Pde4b",32
"GO:0007178","cell surface receptor protein serine/threonine kinase signaling pathway","42/1333","420/25730",0.1,1.93023255813953,4.49291728701636,3.83256150514986e-05,0.000519430372883149,0.000345453497072377,"Gpc3/Bmp4/Zeb1/Fbn1/Atoh8/Lats2/Spry1/Acvr1c/Col3a1/Akap7/Tgfbr3/Gdf7/Smad9/Col1a2/Tgfb3/Kdr/Bmpr1b/Acvrl1/Egr1/Ppara/Zeb2/Cdh5/Aspn/Lox/Chrdl1/Fgf10/Emilin1/Zfp423/Sfrp2/Magi2/Acvr2b/Sfrp1/Crb2/Cilp/Htra3/Nodal/Cldn5/Ark2c/Bmp5/Elapor2/Eng/Tmem100",42
"GO:0001932","regulation of protein phosphorylation","25/1333","199/25730",0.125628140703518,2.42491527404464,4.71671876667082,3.91647718950999e-05,0.00052819516690959,0.000351282630110452,"Erbb4/Cnksr3/Crebl2/Fbn1/Lats2/Mt3/Pdgfrb/Kdr/Reln/Ddr2/Il15/Epha7/Ereg/Ksr1/Fgf2/Sfrp2/Limch1/Il34/Errfi1/Gper1/Rarres2/Clip3/Fam20a/Wnk3/Trib3",25
"GO:0071331","cellular response to hexose stimulus","25/1333","199/25730",0.125628140703518,2.42491527404464,4.71671876667082,3.91647718950999e-05,0.00052819516690959,0.000351282630110452,"Igf1r/Camk2n1/Irs2/Igf1/Unc13b/Slc12a6/Pim3/Brsk2/Ppara/Kcnb1/Nrxn1/Pla2g6/Ptprn2/Pde8b/Nr1d1/Col1a1/Gper1/Adcy5/Ghrl/Ptprn/Lepr/Mlxipl/Sybu/Adra2a/Pde1c",25
"GO:1901379","regulation of potassium ion transmembrane transport","13/1333","68/25730",0.191176470588235,3.69015047879617,5.19211251139293,3.99018716242485e-05,0.000536161580427418,0.000356580790465579,"Akap7/Ptger3/Ank2/Kcnip3/Rapgef3/Vamp2/Amigo1/Atp1b2/Wnk2/Fhl1/Abcc9/Wnk3/Rgs4",13
"GO:0032350","regulation of hormone metabolic process","11/1333","50/25730",0.22,4.24651162790698,5.37109421274703,3.9950826451961e-05,0.000536161580427418,0.000356580790465579,"Igf1r/Igf1/Kcnma1/Ppargc1a/Egr1/Igf2/Pde8b/Rdh9/Cacna1a/Bmp5/Cyp17a1",11
"GO:0009214","cyclic nucleotide catabolic process","6/1333","14/25730",0.428571428571429,8.27242524916944,6.36209119962612,4.00557934788359e-05,0.000536259147330073,0.000356645678522729,"Pde2a/Pde8a/Pde8b/Pde1a/Pde7b/Pde4b",6
"GO:0008277","regulation of G protein-coupled receptor signaling pathway","22/1333","164/25730",0.134146341463415,2.58933635847986,4.77270581257648,4.11824803012277e-05,0.000550001543487686,0.000365785226494193,"Zdhhc3/Pde3a/Plcb1/Slit3/Mgll/Ptger3/Gprasp1/Pde2a/Arrdc3/Adm/Nrxn1/Grk4/Mrap2/Rgs9/Tmod2/Gper1/Ghrl/Homer2/Arr3/Aplp1/Rgs4/Pde4b",22
"GO:0032966","negative regulation of collagen biosynthetic process","7/1333","20/25730",0.35,6.75581395348837,6.0190648474057,4.20968086994049e-05,0.00056084801687144,0.000372998805747409,"Klf15/Rapgef3/Il6ra/Emilin1/Errfi1/Cygb/Il6",7
"GO:0010038","response to metal ion","39/1333","381/25730",0.102362204724409,1.97582860282,4.4855317070592,4.29242652696722e-05,0.000570487389988452,0.000379409588263599,"Hmgcs2/Abat/Atp12a/Junb/Mt3/Kcnma1/Syt1/Slc25a23/Slc30a2/Kcnip3/Atp1a2/Mylk/Trf/Jund/Penk/Aqp1/Cpne7/Cp/Akap5/P2rx7/Kcnb1/Nrxn1/Shh/Abcb1a/Abcc9/Abcc2/Nfatc4/Rasgrp2/Cpne9/Txnip/Kcna1/Mef2c/Adcy1/Capn3/Ttn/Trpc1/Dpep1/Pde1c/Fabp4",39
"GO:1905314","semi-lunar valve development","10/1333","42/25730",0.238095238095238,4.59579180509413,5.45145400647687,4.32924256240817e-05,0.000573990638286436,0.000381739466219973,"Bmp4/Slit3/Axin2/Adamts5/Robo2/Dll4/Emilin1/Tie1/Eln/Heyl",10
"GO:0043254","regulation of protein-containing complex assembly","45/1333","464/25730",0.0969827586206897,1.87199278267843,4.43059394704567,4.34703997764039e-05,0.000574961504512485,0.000382385152630485,"Kank4/Kank1/Unc13b/Scin/Sptb/Daam2/Lats2/Add3/Cyfip2/Thra/Dact1/Pink1/Pecam1/Camsap3/Lcp1/Tppp/Arhgap28/Svip/Cdh5/Tmod4/P2rx7/Avil/Arhgap18/Slain1/Isl1/Cd36/Brsk1/Tmod2/Jam3/Baiap2l2/Clip3/Nlrc3/Esam/Tubb4a/Lmod1/Eln/Prkd1/Tppp3/Napb/Rasip1/Ccl11/Cryab/Prex1/Syt11/Nav3",45
"GO:0045664","regulation of neuron differentiation","29/1333","250/25730",0.116,2.23906976744186,4.60176427476709,4.41416169641331e-05,0.000582435902682997,0.000387356092185257,"Slc6a4/Bmp4/Zeb1/Zfhx3/Cxcl12/Ptger3/Gdf7/Dixdc1/Dab1/Reln/Apbb1/Mmd/Gata2/Etv5/Shh/Isl1/Fgf2/Sfrp2/Dpysl2/Tbx6/Ret/Sfrp1/Ednrb/Mef2c/Eya1/Il6/Gli2/Gpr37l1/Heyl",29
"GO:0006109","regulation of carbohydrate metabolic process","27/1333","225/25730",0.12,2.31627906976744,4.63537512457416,4.42989329858141e-05,0.000583109935633414,0.000387804366009853,"Irs1/Egf/Insr/Irs2/Igf1/Pdk4/Rorc/Ppargc1a/Prxl2c/Ppara/Rora/P2rx7/Cbfa2t3/Igf2/Pdk2/Sorbs1/Cd36/Gper1/Lepr/Gnmt/Mlxipl/Acacb/Mas1/Phkg1/Adcy10/Hnf4a/Il6",27
"GO:0010876","lipid localization","47/1333","493/25730",0.0953346855983773,1.84018114061984,4.40286976761973,4.54294760734739e-05,0.000596560751596407,0.00039674999502092,"Egf/Vldlr/Irs2/Abca5/Nkx3-1/Atp8a1/Ptch1/Syt1/Dennd5b/Slco4a1/Ace/Slc66a2/Osbpl1a/Slc22a1/Plscr2/Abcg5/Ppara/Abca8a/P2rx7/Kcnn4/Pla2g6/Osbpl6/Shh/Abcb1a/Apold1/Gulp1/Cd36/Mfsd2b/Ceacam2/Abcc2/Proca1/Ghrl/Abca9/Acacb/Syt7/Abca8b/Slc10a6/Pla2g3/Abcg8/Abca6/Npc1l1/Slc10a1/Ren1/Apof/Atp8b3/Apod/Fabp4",47
"GO:1901343","negative regulation of vasculature development","18/1333","120/25730",0.15,2.8953488372093,4.86444505210285,4.59773527445912e-05,0.000602314294069358,0.000400576458530944,"Col4a3/Cd59a/Flt1/Hhip/Stard13/Ptprm/Tek/Creb3l1/Cd36/Emilin1/Fbln5/Zfp354c/Tie1/Cldn5/Angpt4/Hhex/Optc/Angptl7",18
"GO:0046890","regulation of lipid biosynthetic process","28/1333","238/25730",0.117647058823529,2.27086183310533,4.60408333385593,4.61288425035205e-05,0.000602860039290057,0.000400939413038118,"Erbb4/Igf1r/Crebl2/Igf1/Gpr146/Adgrf5/Pdk4/Ppargc1a/Egr1/Ppara/Igf2/Pla2g6/Avil/Lpin1/Pde8b/Sorbs1/Nr1d1/Ceacam2/Gper1/Rdh9/Mlxipl/Pla2g3/Hnf4a/Angptl4/Snai1/Bmp5/Trib3/Cyp17a1",28
"GO:0030509","BMP signaling pathway","23/1333","177/25730",0.129943502824859,2.50821179871239,4.70637290091803,4.62651996856837e-05,0.000603205893289117,0.00040116942745331,"Gpc3/Bmp4/Fbn1/Tgfbr3/Gdf7/Smad9/Kdr/Bmpr1b/Acvrl1/Egr1/Cdh5/Chrdl1/Zfp423/Sfrp2/Acvr2b/Sfrp1/Crb2/Htra3/Ark2c/Bmp5/Elapor2/Eng/Tmem100",23
"GO:0035924","cellular response to vascular endothelial growth factor stimulus","13/1333","69/25730",0.188405797101449,3.63667003707449,5.12627447796527,4.68560355708024e-05,0.000608020754723723,0.000404371609703976,"Jcad/Flt1/Pdgfra/Pdgfrb/Ccbe1/Kdr/Pgf/Dll4/Adgra2/Nr4a1/Nrp1/Emilin1/Prkd1",13
"GO:0042551","neuron maturation","13/1333","69/25730",0.188405797101449,3.63667003707449,5.12627447796527,4.68560355708024e-05,0.000608020754723723,0.000404371609703976,"Pmp22/Kcnma1/Gata2/Akap5/Kcnb1/B4galt6/Rnd1/Tbx6/Ret/Ednrb/Ednra/Myoc/Cntnap2",13
"GO:1990778","protein localization to cell periphery","41/1333","410/25730",0.1,1.93023255813953,4.43823126558748,4.71470479245249e-05,0.000610354118060653,0.00040592344141572,"Zdhhc3/Epb41l2/Erbb4/Agr2/Pkp2/Myo5b/Lrrc7/Adcy6/Ptch1/Pias1/Adam22/Cacnb2/Ank2/Kcnip3/Ehd3/Tspan5/Mylk/Olfm1/Vamp2/Iqsec2/Akap5/Epm2a/Tspan18/Kcnb1/Dchs1/Mrap2/Ttc7b/Sorbs1/Arl13b/Cd36/Pram1/Magi2/Errfi1/Gper1/Pid1/Stac2/Clip3/Efr3b/Olfm2/Mapk10/Wnk3",41
"GO:0072132","mesenchyme morphogenesis","12/1333","60/25730",0.2,3.86046511627907,5.18510627028337,4.9280364282519e-05,0.000635840805325938,0.000422873673254711,"Acvrl1/Adamts5/Robo2/Dchs1/Isl1/Foxf1/Snai1/Bmp5/Heyl/Eng/Tmem100/Acta2",12
"GO:0030239","myofibril assembly","14/1333","79/25730",0.177215189873418,3.42066529290551,5.03679707097781,4.93474554689105e-05,0.000635840805325938,0.000422873673254711,"Pdgfra/Pdgfrb/Myh10/Tmod4/Tmod2/Myl9/Nrap/Mybph/Mef2c/Myh11/Capn3/Lmod1/Prkd1/Ttn",14
"GO:0050714","positive regulation of protein secretion","25/1333","202/25730",0.123762376237624,2.38890168086576,4.63230458686449,5.02856994265138e-05,0.000646412656093992,0.000429904611391963,"Camk2n1/Plcb1/Irs2/Igf1/Abat/Unc13b/Itpr1/Doc2b/Tgfb3/Gna14/Myh10/Apbb1/P2rx7/Kcnn4/Pla2g6/Isl1/Gper1/Ghrl/Cacna1c/Lepr/Mlxipl/Sybu/Ttn/Trpc1/Myrip",25
"GO:0060603","mammary gland duct morphogenesis","10/1333","43/25730",0.232558139534884,4.4889129259059,5.35212170763453,5.3808970249126e-05,0.00069008747125573,0.00045895107925226,"Ptch1/Pthlh/Etv4/Etv5/Fgf10/Pgr/Ntn1/Csmd1/Gli2/Ccl11",10
"GO:0030856","regulation of epithelial cell differentiation","23/1333","179/25730",0.128491620111732,2.48018708587761,4.64512591020582,5.52323539388284e-05,0.000706690887576292,0.000469993383535412,"Bmp4/Zeb1/Plcb1/Atoh8/Spry1/Ptch1/Etv4/Acvrl1/Zfp36/Maff/Cebpb/Zeb2/Cdh5/S1pr3/Apold1/Fgf2/Fgf10/Errfi1/Notch4/Wnt9a/Nodal/Cldn5/Tmem100",23
"GO:0051282","regulation of sequestering of calcium ion","19/1333","133/25730",0.142857142857143,2.75747508305648,4.74983778292067,5.68640973769857e-05,0.000725866631018284,0.000482746445306193,"Ubash3b/Plcb4/Plcb1/Plcl2/Itpr1/Slc25a23/Ank2/P2rx7/Fgf2/Gper1/Plcl1/Cacna1c/Gstm7/Gp1ba/Ednra/Mettl21c/Capn3/Prkd1/Trpc1",19
"GO:0045123","cellular extravasation","14/1333","80/25730",0.175,3.37790697674419,4.97914168910105,5.69955398012171e-05,0.000725866631018284,0.000482746445306193,"Gcnt1/Plcb1/Itga1/Fut9/Cxcl12/Ptger3/Jam2/Pecam1/Plvap/Gp1ba/Jam3/Sele/Ripor2/Pdgfd",14
"GO:0050795","regulation of behavior","18/1333","122/25730",0.147540983606557,2.84788410217308,4.78217130298034,5.74577191760307e-05,0.000730058843882483,0.000485534527540143,"Insr/Npas2/Zfhx3/Ptger3/Adora1/Reln/Penk/Arrdc3/Nrxn1/Nr1d1/Shank3/Ceacam2/Ghrl/Lepr/Qrfp/Mef2c/Kcna2/Il6",18
"GO:1902414","protein localization to cell junction","21/1333","156/25730",0.134615384615385,2.59838998211091,4.68062699250249,5.79450990889034e-05,0.000734551152191664,0.000488522191905474,"Erbb4/Lrrc7/Adam22/Kif5c/Mylk/Reln/Pecam1/Olfm1/Vamp2/Cdh5/Iqsec2/Nrxn1/Abcb1a/Magi2/Pclo/Jam3/Map1a/Nlgn3/Olfm2/Kif5a/Mapk10",21
"GO:0050900","leukocyte migration","41/1333","414/25730",0.0990338164251208,1.91158296820582,4.37076185788817,5.86559904591038e-05,0.000741217419336437,0.000492955674077104,"Gcnt1/Flt1/Plcb1/Itga9/Itga1/Fut9/Cxcl12/Mcoln2/Cnn2/Ptger3/Podxl/Adora1/Cd34/Jam2/Pecam1/Crtam/Dpp4/Pgf/Kcnn4/Rabgef1/Plvap/Il16/Emilin1/Il34/Aoc3/Artn/Rarres2/S1pr1/Gp1ba/Jam3/Sele/Ednrb/Ednra/Ripor2/Pdgfd/Dpep1/Apod/Ccl11/Pde4b/Prex1/Cmklr1",41
"GO:1990573","potassium ion import across plasma membrane","11/1333","52/25730",0.211538461538462,4.08318425760286,5.20210207370863,5.87410416125615e-05,0.000741217419336437,0.000492955674077104,"Atp12a/Slc12a6/Ank2/Atp1a2/Rapgef3/Atp1b2/Wnk2/Abcc9/Kcnd3/Wnk3/Slc12a5",11
"GO:0045667","regulation of osteoblast differentiation","22/1333","168/25730",0.130952380952381,2.52768549280177,4.64354325297181,5.960546822888e-05,0.000749148113008231,0.000498230078513495,"Rassf2/Rorb/Bmp4/Igf1/Twist2/Ptprb/Ptch1/Axin2/Bmpr1b/Cebpd/Jund/Id3/Hdac5/Cebpb/Ddr2/Fgf2/Sfrp2/Scube2/Acvr2b/Sfrp1/Mef2c/Prkd1",22
"GO:0048738","cardiac muscle tissue development","32/1333","293/25730",0.109215017064846,2.10810381776331,4.45902216790454,5.98293873761373e-05,0.000749148113008231,0.000498230078513495,"Erbb4/Bmp4/Pkp2/Igf1/Pdgfra/Pdgfrb/Tgfbr3/Kcnk2/Erbb3/Myh10/Sox6/Ppara/Sorbs2/Dll4/Abcb1a/Isl1/Gjc1/Fgf2/Prickle1/Abcc2/Nrap/S1pr1/Ednra/Mef2c/Myh11/Aldh1a2/Wnt2/Ttn/Bmp5/Pi16/Rgs4/Eng",32
"GO:0097553","calcium ion transmembrane import into cytosol","24/1333","192/25730",0.125,2.41279069767442,4.5929668916367,6.00912361830999e-05,0.000749148113008231,0.000498230078513495,"Ubash3b/Plcb4/Bmp4/Plcb1/Plcl2/Itpr1/Ank2/Akap5/P2rx7/Kcnn4/Fgf2/Grin2d/Gper1/Plcl1/Cacna1c/Gstm7/Gp1ba/Ednra/Mettl21c/Capn3/Cacna1a/Prkd1/Trpc1/Slc8a2",24
"GO:0010713","negative regulation of collagen metabolic process","7/1333","21/25730",0.333333333333333,6.43410852713178,5.82309235318034,6.03249163690359e-05,0.000749148113008231,0.000498230078513495,"Klf15/Rapgef3/Il6ra/Emilin1/Errfi1/Cygb/Il6",7
"GO:0043116","negative regulation of vascular permeability","7/1333","21/25730",0.333333333333333,6.43410852713178,5.82309235318034,6.03249163690359e-05,0.000749148113008231,0.000498230078513495,"Pde3a/Sh3gl2/Pde2a/Adm/Akap12/Ddah1/Cldn5",7
"GO:0045725","positive regulation of glycogen biosynthetic process","7/1333","21/25730",0.333333333333333,6.43410852713178,5.82309235318034,6.03249163690359e-05,0.000749148113008231,0.000498230078513495,"Irs1/Insr/Irs2/Igf1/Igf2/Sorbs1/Cd36",7
"GO:0045986","negative regulation of smooth muscle contraction","7/1333","21/25730",0.333333333333333,6.43410852713178,5.82309235318034,6.03249163690359e-05,0.000749148113008231,0.000498230078513495,"Dock5/Kcnma1/Ptger3/Calcrl/Irag1/Gucy1a1/Adra2a",7
"GO:0050927","positive regulation of positive chemotaxis","8/1333","28/25730",0.285714285714286,5.51495016611296,5.58736228907655,6.22578549172556e-05,0.000771407145916063,0.000513033719503487,"Cxcl12/Kdr/Pgf/Fgf10/Il16/Ntf3/Artn/S1pr1",8
"GO:0046886","positive regulation of hormone biosynthetic process","6/1333","15/25730",0.4,7.72093023255814,6.0861137832158,6.38304332821511e-05,0.00078911091956245,0.000524807829830489,"Igf1r/Igf1/Ppargc1a/Egr1/Igf2/Cyp17a1",6
"GO:0051937","catecholamine transport","15/1333","91/25730",0.164835164835165,3.18170201891132,4.87330848610808,6.44117875743085e-05,0.000794508543809841,0.000528397585588887,"Abat/Slc18a1/Cxcl12/Syt1/Ptger3/Pink1/Slc22a1/Kcnb1/Entpd1/Syt7/Kcna2/Nat8l/Adra2a/Syt11/Chrna4",15
"GO:0016358","dendrite development","35/1333","334/25730",0.104790419161677,2.02269878846957,4.39740666947489,6.47852912075932e-05,0.000797323909054886,0.000530269978541263,"Vldlr/Prex2/Myo5b/Lrp4/Srgap2/Syne1/Dact1/Dpysl5/Dab1/Reln/Ngef/Cux2/Zfp365/Akap5/Caprin2/Rab17/Fbxo31/Nrp1/Prickle1/Shank3/Cpeb3/Nfatc4/Ephb1/Hecw2/Ghrl/Ntn1/Mef2c/Map1a/Cntnap2/Nlgn3/Cacna1a/Bmp5/Slc12a5/Dnm3/Prex1",35
"GO:0035107","appendage morphogenesis","23/1333","181/25730",0.12707182320442,2.45278170371322,4.58470093143466,6.57237990566514e-05,0.000805263243352588,0.000535550129531173,"Cyp26b1/Gpc3/Bmp4/Lrp4/Ptch1/Frem2/Col3a1/Col6a1/Zbtb16/Shh/Fgf10/Prickle1/Sfrp2/Reck/Flvcr1/Osr2/Errfi1/Prrx1/Cacna1c/Wnt9a/Aldh1a2/Ark2c/Gli2",23
"GO:0035108","limb morphogenesis","23/1333","181/25730",0.12707182320442,2.45278170371322,4.58470093143466,6.57237990566514e-05,0.000805263243352588,0.000535550129531173,"Cyp26b1/Gpc3/Bmp4/Lrp4/Ptch1/Frem2/Col3a1/Col6a1/Zbtb16/Shh/Fgf10/Prickle1/Sfrp2/Reck/Flvcr1/Osr2/Errfi1/Prrx1/Cacna1c/Wnt9a/Aldh1a2/Ark2c/Gli2",23
"GO:1901654","response to ketone","31/1333","282/25730",0.109929078014184,2.1218868546924,4.42797439176751,6.85614373383509e-05,0.000838159754009372,0.000557428354681517,"Hmgcs2/Bglap3/Adh1/Scnn1a/Bmp4/Nkx3-1/Adcy6/Slit3/Axin2/Klf9/Tgfbr3/Ptger3/Tgfb3/Jund/Aqp1/Defb1/Btg2/Abcb1a/Fgf2/Ptger1/Abcc2/Errfi1/Pappa/Adcy5/Txnip/Fbxo32/Sfrp1/Mettl21c/Adcy1/Prkd1/Gabrb1",31
"GO:0007193","adenylate cyclase-inhibiting G protein-coupled receptor signaling pathway","16/1333","102/25730",0.156862745098039,3.02781577747378,4.79655624125388,6.90790833697347e-05,0.000841113669474173,0.00055939289214533,"Gpr146/Cxcl12/Npr3/Adora1/Pde2a/Akap5/S1pr3/Chrm1/Adcy5/Gnao1/Akap12/S1pr1/Ednra/Gpr37l1/Grik3/Adra2a",16
"GO:0003176","aortic valve development","9/1333","36/25730",0.25,4.82558139534884,5.36897216359538,6.91095399768358e-05,0.000841113669474173,0.00055939289214533,"Bmp4/Slit3/Axin2/Adamts5/Robo2/Dll4/Emilin1/Tie1/Eln",9
"GO:0051208","sequestering of calcium ion","19/1333","135/25730",0.140740740740741,2.71662360034453,4.67436596749813,6.99147355750464e-05,0.000849030937104933,0.000564658367429578,"Ubash3b/Plcb4/Plcb1/Plcl2/Itpr1/Slc25a23/Ank2/P2rx7/Fgf2/Gper1/Plcl1/Cacna1c/Gstm7/Gp1ba/Ednra/Mettl21c/Capn3/Prkd1/Trpc1",19
"GO:0048009","insulin-like growth factor receptor signaling pathway","11/1333","53/25730",0.207547169811321,4.00614304519526,5.12075209894026,7.06845839894535e-05,0.000854598417440771,0.000568361088048747,"Irs1/Igf1r/Plcb1/Irs2/Igf1/Nkx3-1/Col6a1/Igf2/Igfbp6/Cilp/Bmp5",11
"GO:1903115","regulation of actin filament-based movement","11/1333","53/25730",0.207547169811321,4.00614304519526,5.12075209894026,7.06845839894535e-05,0.000854598417440771,0.000568361088048747,"Pkp2/Ptger3/Ank2/Atp1a2/Adora1/Zeb2/Cacna1c/Adcy10/Fxyd1/Pde4b/Acta2",11
"GO:0007219","Notch signaling pathway","24/1333","194/25730",0.123711340206186,2.38791656677056,4.53571862337833,7.09436719952262e-05,0.000855845748531421,0.000569190640785297,"Dlk2/Tspan5/Acvrl1/Llgl2/Robo2/Dner/Gata2/Sorbs2/S1pr3/Dll4/Rcan2/Fgf10/Zfp423/Notch4/Egfl7/Galnt11/Cd46/Timp4/Chac1/Angpt4/Hhex/Snai1/Heyl/Tmem100",24
"GO:0051017","actin filament bundle assembly","23/1333","182/25730",0.126373626373626,2.43930488116535,4.5547899484792,7.16092293516651e-05,0.000861980394542302,0.00057327056184574,"Kank4/Dpysl3/Dlc1/Tgfb3/Rapgef3/Myh10/Lcp1/Arhgap28/Zeb2/Ppm1e/Shroom1/Sorbs1/Nrp1/Shank3/Limch1/Myl9/S1pr1/Arhgef15/Baiap2l2/Myoc/Gas7/Eln/Coro2b",23
"GO:0043523","regulation of neuron apoptotic process","35/1333","336/25730",0.104166666666667,2.01065891472868,4.3588006530998,7.30829232498879e-05,0.000877794673344934,0.000583788040609493,"Igf1/Itga1/Mt3/Kcnma1/Retreg1/Prodh/Ppargc1a/Kcnip3/Tgfb3/Kdr/Pink1/Erbb3/Lonrf2/Egr1/Trim2/Cebpb/Btg2/Epha7/Kcnb1/Grik5/Isl1/Nrp1/Fgf2/Unc5b/Nfatc4/Ntf3/Plxnd1/Mdga2/Mef2c/Pla2g3/Nqo1/Adcy10/Cacna1a/Il6/Il10",35
"GO:0003151","outflow tract morphogenesis","15/1333","92/25730",0.16304347826087,3.14711830131446,4.8224322045693,7.3320479186132e-05,0.000878725131556066,0.000584406853177444,"Bmp4/Tgfbr3/Robo2/Isl1/Nrp1/Prickle1/Sfrp2/Plxnd1/Ednra/Mef2c/Eya1/Eln/Sox17/Heyl/Eng",15
"GO:1903288","positive regulation of potassium ion import across plasma membrane","5/1333","10/25730",0.5,9.65116279069767,6.39583597194053,7.49932780674377e-05,0.000896815039895786,0.000596437767086054,"Ank2/Rapgef3/Atp1b2/Wnk2/Wnk3",5
"GO:0006865","amino acid transport","24/1333","195/25730",0.123076923076923,2.37567084078712,4.50735974377215,7.70009605005366e-05,0.000918822330842272,0.000611073984017988,"Slc6a4/Slc16a10/Abat/Slc1a3/Kcnk2/Slc38a1/Adora1/Xk/Slc7a4/Llgl2/P2rx7/Epm2a/Slc7a2/Slc43a1/Arg2/Slc7a7/Dpysl2/AU018091/Cacna1a/Slc25a18/Pianp/Sfxn4/Rgs4/Apba1",24
"GO:0035148","tube formation","23/1333","183/25730",0.12568306010929,2.42597534629559,4.52507647212332,7.79606298593564e-05,0.000928255742511946,0.000617347789364649,"Egf/Bmp4/Smarca1/Atoh8/Cecr2/Dlc1/Ptch1/Gdf7/Podxl/Zeb2/Adm/Shh/Mmrn2/Fgf2/Fgf10/Prickle1/Sfrp2/Shank3/Ret/Sfrp1/Edar/Nodal/Bmp5",23
"GO:0098739","import across plasma membrane","26/1333","220/25730",0.118181818181818,2.28118393234672,4.46093514809888,7.86035449423675e-05,0.000933884974434319,0.000621091578628687,"Slc9a2/Scnn1a/Irs2/Atp12a/Slc12a6/Slc1a3/Ank2/Slc38a1/Atp1a2/Rapgef3/Akap5/Kcnn4/Slc7a2/Slc43a1/Atp1b2/Wnk2/Cd36/Arg2/Abcc9/Cacna1c/Cacna1a/Kcnd3/Wnk3/Slc8a2/Slc12a5/Rgs4",26
"GO:0018108","peptidyl-tyrosine phosphorylation","12/1333","63/25730",0.19047619047619,3.6766334440753,4.97198642951615,8.14140923272337e-05,0.000963107656862469,0.000640526479561811,"Erbb4/Flt1/Pdgfra/Pdgfrb/Kdr/Reln/Ddr2/Tek/Il15/Epha7/Sfrp2/Errfi1",12
"GO:0060711","labyrinthine layer development","12/1333","63/25730",0.19047619047619,3.6766334440753,4.97198642951615,8.14140923272337e-05,0.000963107656862469,0.000640526479561811,"Junb/Fzd5/Plcd3/Llgl2/Syde1/Adm/Rspo3/Syna/Wnt2/Pcdh12/Bmp5/Il10",12
"GO:0031630","regulation of synaptic vesicle fusion to presynaptic active zone membrane","8/1333","29/25730",0.275862068965517,5.32477947072975,5.44686071797181,8.20865978021513e-05,0.000966895569390576,0.000643045676932145,"Syt1/Doc2b/Grik5/Syt2/Syt7/Syt9/Erc2/Syt11",8
"GO:1901632","regulation of synaptic vesicle membrane organization","8/1333","29/25730",0.275862068965517,5.32477947072975,5.44686071797181,8.20865978021513e-05,0.000966895569390576,0.000643045676932145,"Syt1/Doc2b/Grik5/Syt2/Syt7/Syt9/Erc2/Syt11",8
"GO:0071333","cellular response to glucose stimulus","24/1333","196/25730",0.122448979591837,2.36355007119127,4.47917483089506,8.35161983430973e-05,0.000978171771690589,0.000650545052635982,"Igf1r/Camk2n1/Irs2/Igf1/Unc13b/Slc12a6/Pim3/Brsk2/Kcnb1/Nrxn1/Pla2g6/Ptprn2/Pde8b/Nr1d1/Col1a1/Gper1/Adcy5/Ghrl/Ptprn/Lepr/Mlxipl/Sybu/Adra2a/Pde1c",24
"GO:0015849","organic acid transport","39/1333","393/25730",0.099236641221374,1.91549795845908,4.27498282969773,8.41076615037887e-05,0.000978171771690589,0.000650545052635982,"Slc16a10/Irs2/Abat/Slco4a1/Slc1a3/Kcnk2/Slc38a1/Ace/Adora1/Slc22a1/Slc7a4/Llgl2/Slc26a3/P2rx7/Epm2a/Slc7a2/Pla2g6/Slc43a1/Abcb1a/Cd36/Arg2/Slc7a7/Dpysl2/Ceacam2/Abcc2/AU018091/Proca1/Acacb/Slc10a6/Pla2g3/Cacna1a/Slc10a1/Slc25a18/Fxyd1/Pianp/Rgs4/Apba1/Slc26a4/Fabp4",39
"GO:0031632","positive regulation of synaptic vesicle fusion to presynaptic active zone membrane","7/1333","22/25730",0.318181818181818,6.14164904862579,5.63946544271172,8.45280486974837e-05,0.000978171771690589,0.000650545052635982,"Syt1/Doc2b/Syt2/Syt7/Syt9/Erc2/Syt11",7
"GO:0048791","calcium ion-regulated exocytosis of neurotransmitter","7/1333","22/25730",0.318181818181818,6.14164904862579,5.63946544271172,8.45280486974837e-05,0.000978171771690589,0.000650545052635982,"Unc13b/Syt1/Doc2b/Syt10/P2rx7/Syt7/Cacna1a",7
"GO:0099502","calcium-dependent activation of synaptic vesicle fusion","7/1333","22/25730",0.318181818181818,6.14164904862579,5.63946544271172,8.45280486974837e-05,0.000978171771690589,0.000650545052635982,"Syt1/Doc2b/Syt2/Syt7/Syt9/Erc2/Syt11",7
"GO:1901634","positive regulation of synaptic vesicle membrane organization","7/1333","22/25730",0.318181818181818,6.14164904862579,5.63946544271172,8.45280486974837e-05,0.000978171771690589,0.000650545052635982,"Syt1/Doc2b/Syt2/Syt7/Syt9/Erc2/Syt11",7
"GO:0001941","postsynaptic membrane organization","11/1333","54/25730",0.203703703703704,3.93195521102498,5.04137314001202,8.46477667249097e-05,0.000978171771690589,0.000650545052635982,"Lrp4/Chrnb1/Reln/Sorbs2/Etv5/Nrxn1/Chrdl1/Sorbs1/Shank3/Magi2/Nlgn3",11
"GO:0061028","establishment of endothelial barrier","11/1333","54/25730",0.203703703703704,3.93195521102498,5.04137314001202,8.46477667249097e-05,0.000978171771690589,0.000650545052635982,"Plcb1/Rapgef3/Pde2a/Pecam1/Cdh5/S1pr3/Robo4/Ppp1r16b/Ednrb/Ednra/Cldn5",11
"GO:0071870","cellular response to catecholamine stimulus","11/1333","54/25730",0.203703703703704,3.93195521102498,5.04137314001202,8.46477667249097e-05,0.000978171771690589,0.000650545052635982,"Adcy6/Gna14/Rgs9/Ptger1/Gper1/Adcy5/Gnao1/Aplp1/Prkd1/Gm527/Rgs4",11
"GO:0046324","regulation of D-glucose import","13/1333","73/25730",0.178082191780822,3.43740044600191,4.87465286808629,8.62952427383424e-05,0.000990951019645944,0.000659044047162677,"Irs1/Erbb4/Gpc3/Insr/Crebl2/Irs2/Igf1/Klf15/Ace/Erbb3/Sorbs1/Pid1/Ocln",13
"GO:0050432","catecholamine secretion","13/1333","73/25730",0.178082191780822,3.43740044600191,4.87465286808629,8.62952427383424e-05,0.000990951019645944,0.000659044047162677,"Abat/Slc18a1/Cxcl12/Syt1/Ptger3/Pink1/Kcnb1/Entpd1/Syt7/Kcna2/Adra2a/Syt11/Chrna4",13
"GO:0071385","cellular response to glucocorticoid stimulus","13/1333","73/25730",0.178082191780822,3.43740044600191,4.87465286808629,8.62952427383424e-05,0.000990951019645944,0.000659044047162677,"Hmgcs2/Bmp4/Ephx1/Axin2/Klf9/Zfp36/Aqp1/Abcb1a/Isl1/Errfi1/Fbxo32/Mettl21c/Zfp747l1",13
"GO:0002053","positive regulation of mesenchymal cell proliferation","9/1333","37/25730",0.243243243243243,4.69516027655563,5.25756982532219,8.71502827338507e-05,0.000995487780273048,0.000662061275083551,"Irs1/Irs2/Syne1/Kdr/Shh/Foxp2/Prrx1/Foxf1/Wnt2",9
"GO:0043537","negative regulation of blood vessel endothelial cell migration","9/1333","37/25730",0.243243243243243,4.69516027655563,5.25756982532219,8.71502827338507e-05,0.000995487780273048,0.000662061275083551,"Stard13/Acvrl1/Hdac5/Dll4/Mmrn2/Fgf2/Robo4/Mef2c/Angpt4",9
"GO:0048771","tissue remodeling","27/1333","234/25730",0.115384615384615,2.22719141323792,4.40800954632686,8.7234400129593e-05,0.000995487780273048,0.000662061275083551,"Rassf2/Ubash3b/Dock5/Igf1/Pdk4/Npr3/Col6a1/Tgfbr3/Lrrk1/Acvrl1/Ddr2/Mitf/Adamdec1/P2rx7/Dll4/Rspo3/Fgf10/Tie1/S1pr1/Acvr2b/Lepr/Sfrp1/Ednra/Syt7/Mef2c/Eln/Il6",27
"GO:0009798","axis specification","16/1333","104/25730",0.153846153846154,2.9695885509839,4.70446330018894,8.7702729395867e-05,0.000998755771066212,0.000664234692170489,"Gpc3/Bmp4/Tcf7l1/Ptch1/Axin2/Fzd5/Shh/Chrdl1/Arl13b/Fgf10/Prickle1/Tbx6/Sfrp1/Nodal/Hhex/Pld6",16
"GO:0007266","Rho protein signal transduction","20/1333","149/25730",0.134228187919463,2.59091618542219,4.55239555549768,8.96846156951127e-05,0.00101921088105688,0.000677838612249429,"Kank1/Dlc1/Col3a1/Pdgfrb/Stard8/Stard13/Col1a2/Dock6/Arhgap20/Pecam1/Eps8l2/Mcf2l/Nrp1/Ntn1/Ednra/Arap3/Myoc/Rhoj/Ripor2/Rasip1",20
"GO:0031333","negative regulation of protein-containing complex assembly","21/1333","161/25730",0.130434782608696,2.51769464105157,4.51542654934495,9.20152593081268e-05,0.00104336316319968,0.000693901381706282,"Kank4/Kank1/Scin/Sptb/Add3/Thra/Dact1/Pecam1/Svip/Cdh5/Tmod4/Avil/Isl1/Tmod2/Jam3/Clip3/Nlrc3/Tubb4a/Lmod1/Cryab/Syt11",21
"GO:0061572","actin filament bundle organization","23/1333","185/25730",0.124324324324324,2.3997485857951,4.46623183825536,9.2190040836554e-05,0.00104336316319968,0.000693901381706282,"Kank4/Dpysl3/Dlc1/Tgfb3/Rapgef3/Myh10/Lcp1/Arhgap28/Zeb2/Ppm1e/Shroom1/Sorbs1/Nrp1/Shank3/Limch1/Myl9/S1pr1/Arhgef15/Baiap2l2/Myoc/Gas7/Eln/Coro2b",23
"GO:0030522","intracellular receptor signaling pathway","43/1333","451/25730",0.0953436807095344,1.84035476718404,4.20851916442796,9.38195727160815e-05,0.00105962064740447,0.000704713619621769,"Zdhhc3/Cyp26b1/Rorb/Pde3a/Flt1/Igf1/Nkx3-1/Lats2/Crebrf/Rorc/Klf9/Thra/Lbh/Taf7/Smpdl3a/Jund/Mn1/Ppara/Rora/Calcoco1/Thrb/P2rx7/Nr4a1/Isl1/Rnf39/Nr1d1/Cd36/Pgr/Rftn1/Tcf21/Errfi1/Gper1/Esrrg/Sfrp1/Aldh1a2/Nlrc3/Rnf144a/Nodal/Hnf4a/Ptgis/Prkd1/Aloxe3/Heyl",43
"GO:0015711","organic anion transport","46/1333","494/25730",0.0931174089068826,1.79738254401657,4.1829074367472,9.53305397966263e-05,0.00107447501631146,0.000714592698616017,"Slc16a10/Irs2/Abat/Slc25a23/Slco4a1/Slc1a3/Ptger3/Kcnk2/Slc38a1/Ace/Adora1/Slc22a1/Slc7a4/Llgl2/Slc25a25/Slc26a3/P2rx7/Epm2a/Slc7a2/Pla2g6/Slc43a1/Abcb1a/Slco4c1/Cd36/Arg2/Slc7a7/Dpysl2/Ceacam2/Abcc2/AU018091/Rtbdn/Proca1/Acacb/Slc10a6/Pla2g3/Slc4a5/Adcy10/Cacna1a/Slc10a1/Slc25a18/Pianp/Rgs4/Apba1/Slc26a4/Slc37a1/Fabp4",46
"GO:0018212","peptidyl-tyrosine modification","12/1333","64/25730",0.1875,3.61918604651163,4.90383168636858,9.55268658507175e-05,0.00107448148904629,0.000714597003387162,"Erbb4/Flt1/Pdgfra/Pdgfrb/Kdr/Reln/Ddr2/Tek/Il15/Epha7/Sfrp2/Errfi1",12
"GO:0002002","regulation of angiotensin levels in blood","6/1333","16/25730",0.375,7.23837209302326,5.83451501324018,9.76520888639085e-05,0.00108850556505386,0.000723923885974202,"Ace/Kcnn4/Mme/Enpep/Ren1/Ren2",6
"GO:0046541","saliva secretion","6/1333","16/25730",0.375,7.23837209302326,5.83451501324018,9.76520888639085e-05,0.00108850556505386,0.000723923885974202,"Kcnma1/Aqp1/Kcnn4/Fgf10/Chrm1/Trpc1",6
"GO:0050930","induction of positive chemotaxis","6/1333","16/25730",0.375,7.23837209302326,5.83451501324018,9.76520888639085e-05,0.00108850556505386,0.000723923885974202,"Cxcl12/Pgf/Fgf10/Il16/Ntf3/Artn",6
"GO:2000052","positive regulation of non-canonical Wnt signaling pathway","6/1333","16/25730",0.375,7.23837209302326,5.83451501324018,9.76520888639085e-05,0.00108850556505386,0.000723923885974202,"Gpc3/Nkd1/Rspo3/Plekha4/Ankrd6/Sfrp1",6
"GO:0015980","energy derivation by oxidation of organic compounds","44/1333","466/25730",0.0944206008583691,1.82253717935922,4.18847333205978,9.7765211071516e-05,0.00108850556505386,0.000723923885974202,"Irs1/Insr/Pm20d1/Irs2/Igf1/Adgrf5/Pdk4/Mt3/Slc25a23/Col6a1/Ppargc1a/Pink1/Gabarapl1/Pde2a/Ifnlr1/Prxl2c/Slc25a25/Ppara/Dhtkd1/Pgf/Adhfe1/P2rx7/Cbfa2t3/Epm2a/Igf2/Mrap2/Pdk2/Sorbs1/Pygm/Nr1d1/Cd36/Abcc9/Wdr45/Nfatc4/Cox6b2/Lepr/Gnmt/Mlxipl/Eno3/Pcdh12/Phkg1/Adcy10/Cox4i2/Adgrf1",44
"GO:0034446","substrate adhesion-dependent cell spreading","16/1333","105/25730",0.152380952380952,2.94130675526024,4.6592411973496,9.85642622094969e-05,0.00109518063819419,0.00072836322468045,"Kank1/Dock5/Pkp2/Mertk/Srgap2/Spry4/St6gal1/Tek/Nrp1/Lims2/Enpp2/Radil/Sfrp1/Myoc/Parvb/Prex1",16
"GO:0001937","negative regulation of endothelial cell proliferation","10/1333","46/25730",0.217391304347826,4.19615773508595,5.07147284663244,9.93011291687074e-05,0.001101139187893,0.000732326030743386,"Col4a3/Flt1/Atoh8/Acvrl1/Ptprm/Dll4/Mmrn2/Ghrl/Mef2c/Eng",10
"GO:0050918","positive chemotaxis","13/1333","74/25730",0.175675675675676,3.39094908862351,4.81448713025321,9.97781899513519e-05,0.00110419855774792,0.000734360701933974,"Bmp4/Cxcl12/Kdr/Pgf/Nrp1/Fgf2/Fgf10/Il16/Ntf3/Artn/S1pr1/Plxnb3/S100a7a",13
"GO:0071868","cellular response to monoamine stimulus","11/1333","55/25730",0.2,3.86046511627907,4.9638778914886,0.000100902073033528,0.00111438929352321,0.000741138174902624,"Adcy6/Gna14/Rgs9/Ptger1/Gper1/Adcy5/Gnao1/Aplp1/Prkd1/Gm527/Rgs4",11
"GO:0050926","regulation of positive chemotaxis","8/1333","30/25730",0.266666666666667,5.14728682170543,5.31271418839387,0.000106876962627546,0.00117564658890301,0.000781878085417845,"Cxcl12/Kdr/Pgf/Fgf10/Il16/Ntf3/Artn/S1pr1",8
"GO:1901381","positive regulation of potassium ion transmembrane transport","8/1333","30/25730",0.266666666666667,5.14728682170543,5.31271418839387,0.000106876962627546,0.00117564658890301,0.000781878085417845,"Akap7/Ank2/Rapgef3/Amigo1/Atp1b2/Wnk2/Fhl1/Wnk3",8
"GO:0010811","positive regulation of cell-substrate adhesion","20/1333","151/25730",0.132450331125828,2.55659941475435,4.48416795329105,0.000108135132157526,0.00118710748082533,0.000789500291204846,"Agr2/Dock5/Vit/Egfl6/Nid1/Kdr/Efemp2/Tek/Fbln2/Nrp1/Cd36/Emilin1/Ecm2/Lims2/Egflam/Enpp2/Foxf1/Abi3bp/Myoc/Prex1",20
"GO:0042752","regulation of circadian rhythm","18/1333","128/25730",0.140625,2.71438953488372,4.54502064510072,0.000108528860198015,0.0011890517238062,0.000790793333683617,"Rorb/Npas2/Zfhx3/Rorc/Ppargc1a/Ptger3/Adora1/Ppara/Rora/Nr1d1/Ghrl/Lepr/Kcna2/Adcy1/Hnf4a/Il6/Mapk10/Fbxl21",18
"GO:0016525","negative regulation of angiogenesis","17/1333","117/25730",0.145299145299145,2.80461140926257,4.57303705011818,0.000110895523856676,0.00121256081762808,0.000806428342912463,"Col4a3/Cd59a/Flt1/Hhip/Stard13/Ptprm/Tek/Creb3l1/Cd36/Emilin1/Fbln5/Zfp354c/Tie1/Cldn5/Angpt4/Hhex/Optc",17
"GO:0031346","positive regulation of cell projection organization","44/1333","469/25730",0.093816631130064,1.81087915902216,4.14262484492188,0.000113119802220446,0.0012344226528589,0.000820967822748783,"Erbb4/Igf1r/Vldlr/Dpysl3/Bmp4/Myo5b/Lrrc7/Tenm2/Fut9/Cxcl12/Itpr1/Dixdc1/Tgfb3/Reln/Cpeb1/Apbb1/Robo2/Aqp1/Ddr2/Zeb2/Cux2/Eps8l2/Amigo1/Akap5/Caprin2/P2rx7/Atp1b2/Avil/Fbxo31/Nrp1/Magi2/Ret/Enpp2/Ntn1/Plxnd1/Plxnb3/Pla2g3/Adcy10/Ripor2/Il6/Chodl/Prkd1/Bmp5/Dnm3",44
"GO:0050920","regulation of chemotaxis","26/1333","225/25730",0.115555555555556,2.23049095607235,4.3332658702831,0.000114061376549622,0.00124222796801761,0.000826158842677716,"Pdgfra/Cxcl12/Pdgfrb/Kdr/St6gal1/Robo2/Dpp4/Pgf/Shh/Adgra2/Plxna4/Nrp1/Fgf2/Fgf10/Il16/Il34/Ntf3/Artn/Rarres2/S1pr1/Jam3/Ednra/Ripor2/Pdgfd/Prkd1/Cmklr1",26
"GO:0099175","regulation of postsynapse organization","24/1333","200/25730",0.12,2.31627906976744,4.36813328088923,0.000114777568841298,0.00124755262449482,0.000829700070331677,"Erbb4/Il1rap/Lrp4/Cyfip2/Dact1/Arhgap22/Reln/Ngef/Cux2/Caprin2/Epha7/Nrxn1/Flrt2/Prickle1/Shank3/Cpeb3/Dpysl2/Ghrl/Arhgef15/Dgkb/Nlgn3/Slc12a5/Dnm3/Pcdh7",24
"GO:0001655","urogenital system development","13/1333","75/25730",0.173333333333333,3.34573643410853,4.75534631643024,0.000115042778911118,0.001247964058188,0.000829973699321318,"Igf1r/Bmp4/Igf1/Nkx3-1/Ptch1/Gata2/Shh/Fgf10/Plag1/Osr2/Sfrp1/Gli2/Eaf2",13
"GO:0008202","steroid metabolic process","38/1333","385/25730",0.0987012987012987,1.90516460283902,4.18282884488544,0.000115320076074006,0.00124850472893534,0.000830333278988171,"Hmgcs2/Pmp22/Igf1r/Vldlr/Igf1/Abca5/Gpr146/Pdgfra/Cyp2d22/Kcnma1/Rorc/Ppargc1a/Bmpr1b/Egr1/Hsd17b11/Sult1a1/Rora/Thrb/Adm/Chst10/Igf2/Lipe/Osbpl6/Shh/Pde8b/Nr1d1/Abcc2/Errfi1/Tiparp/Rdh9/Lepr/Ednrb/Sult1e1/Npc1l1/Snai1/Bmp5/Apof/Cyp17a1",38
"GO:0031290","retinal ganglion cell axon guidance","7/1333","23/25730",0.304347826086957,5.87462082912032,5.46685272371193,0.000116090833126233,0.00125191077216089,0.00083259850952699,"Bmpr1b/Robo2/Ptprm/Epha7/Isl1/Nrp1/Ephb1",7
"GO:0090050","positive regulation of cell migration involved in sprouting angiogenesis","7/1333","23/25730",0.304347826086957,5.87462082912032,5.46685272371193,0.000116090833126233,0.00125191077216089,0.00083259850952699,"Jcad/Tgfbr3/Kdr/Gata2/Nrp1/Fgf2/Rhoj",7
"GO:0032102","negative regulation of response to external stimulus","42/1333","442/25730",0.0950226244343891,1.83415763443123,4.13485550317446,0.000121212489990629,0.00130457913246777,0.000867626244143452,"Ubash3b/Igf1/Pdgfra/Serping1/Thbd/Nt5e/St6gal1/Adora1/Zfp36/Robo2/Dpp4/Ppara/Rora/Cdh5/Rabgef1/Igf2/Nrxn1/Isl1/Nrp1/Fgf2/Nr1d1/Arg2/Gpr17/Tfpi/Fgl2/Prdm1/Irak3/Ctla2a/Gper1/Klkb1/Xylt1/Ghrl/Gp1ba/Foxf1/Cntnap2/Nlrc3/Nlgn3/Ptgis/Spink5/Dcst1/Il10/Syt11",42
"GO:0035418","protein localization to synapse","17/1333","118/25730",0.144067796610169,2.78084351596374,4.5321401520271,0.000123404339803926,0.00132557029585861,0.000881586673066259,"Erbb4/Lrrc7/Adam22/Kif5c/Mylk/Reln/Olfm1/Vamp2/Iqsec2/Nrxn1/Magi2/Pclo/Map1a/Nlgn3/Olfm2/Kif5a/Mapk10",17
"GO:0003073","regulation of systemic arterial blood pressure","19/1333","141/25730",0.134751773049645,2.60102259607455,4.45593324169369,0.000126349282196366,0.00135455314448409,0.000900862069607313,"Camk2n1/Kdr/Ace/Adora1/Adm/Kcnn4/Cd36/Mme/Enpep/Rarres2/Ednrb/Ddah1/Mas1/Slc4a5/Gpr37l1/Ren1/Ren2/Coro2b/Eng",19
"GO:0048863","stem cell differentiation","32/1333","305/25730",0.104918032786885,2.02516202821197,4.20988532066677,0.000127748227967246,0.00136688113706084,0.000909060951247376,"Erbb4/Bmp4/Tcf7l1/Pdgfra/Etv4/Smad9/Lbh/Zfp36/Sox6/Zeb2/Shh/Isl1/Lmbr1l/Nrp1/Fgf2/Prickle1/Sfrp2/Ret/Sema3b/Sema4g/Sema3g/Radil/Sfrp1/Ednrb/Ednra/Mef2c/Aldh1a2/Sema6b/Sema3d/Sema6c/Hhex/Sox17",32
"GO:0007422","peripheral nervous system development","14/1333","86/25730",0.162790697674419,3.14223904813413,4.65138821142914,0.000128413029366048,0.00137132124161525,0.000912013896869662,"Pmp22/Lama2/Adam22/Col6a1/Erbb3/Slc5a3/Plxna4/Isl1/Ntf3/Artn/Ednrb/Ndrg1/Myoc/Heyl",14
"GO:0051651","maintenance of location in cell","25/1333","214/25730",0.116822429906542,2.25494457726581,4.30906902897944,0.000128683214423605,0.00137153818246828,0.000912158176026696,"Ubash3b/Plcb4/Pkp2/Plcb1/Adcy6/Syne1/Plcl2/Itpr1/Slc25a23/Ank2/Pink1/P2rx7/Grik5/Fgf2/Pgr/Gper1/Plcl1/Cacna1c/Gstm7/Gp1ba/Ednra/Mettl21c/Capn3/Prkd1/Trpc1",25
"GO:0007215","glutamate receptor signaling pathway","12/1333","66/25730",0.181818181818182,3.50951374207188,4.77153031940979,0.00013014761329523,0.00138393018746272,0.00092039962990492,"Plcb1/Kcnb1/Grik5/Ptger1/Grin2d/Shank3/Plp1/Homer2/Mef2c/Nlgn3/Gm527/Grik3",12
"GO:0002793","positive regulation of peptide secretion","21/1333","165/25730",0.127272727272727,2.45665961945032,4.3876852891445,0.000131017783317892,0.00138393018746272,0.00092039962990492,"Irs1/Camk2n1/Plcb1/Irs2/Abat/Itpr1/Doc2b/Ptger3/Adora1/Gna14/Pla2g6/Isl1/Gper1/Ghrl/Cacna1c/Lepr/Mlxipl/Sybu/Prkd1/Trpc1/Myrip",21
"GO:0003139","secondary heart field specification","5/1333","11/25730",0.454545454545455,8.77378435517971,6.02781767444539,0.000131610777528792,0.00138393018746272,0.00092039962990492,"Bmp4/Axin2/Smarcd3/Isl1/Mef2c",5
"GO:0070305","response to cGMP","5/1333","11/25730",0.454545454545455,8.77378435517971,6.02781767444539,0.000131610777528792,0.00138393018746272,0.00092039962990492,"Slc6a4/Pde3a/Pde2a/Ren1/Ren2",5
"GO:0072102","glomerulus morphogenesis","5/1333","11/25730",0.454545454545455,8.77378435517971,6.02781767444539,0.000131610777528792,0.00138393018746272,0.00092039962990492,"Bmp4/Pdgfra/Pdgfrb/Tcf21/Mef2c",5
"GO:0072203","cell proliferation involved in metanephros development","5/1333","11/25730",0.454545454545455,8.77378435517971,6.02781767444539,0.000131610777528792,0.00138393018746272,0.00092039962990492,"Gpc3/Ptch1/Pdgfrb/Egr1/Shh",5
"GO:1903286","regulation of potassium ion import","5/1333","11/25730",0.454545454545455,8.77378435517971,6.02781767444539,0.000131610777528792,0.00138393018746272,0.00092039962990492,"Ank2/Rapgef3/Atp1b2/Wnk2/Wnk3",5
"GO:0001885","endothelial cell development","13/1333","76/25730",0.171052631578947,3.30171358629131,4.69719778331773,0.000132279916957907,0.00138830681487945,0.000923310359283531,"Amotl2/Plcb1/Rapgef3/Pde2a/Pecam1/Cdh5/S1pr3/Robo4/Notch4/Ppp1r16b/Ednrb/Ednra/Cldn5",13
"GO:0051209","release of sequestered calcium ion into cytosol","18/1333","130/25730",0.138461538461538,2.67262969588551,4.46899441154399,0.000132782273511431,0.00139091965516077,0.000925048060541669,"Ubash3b/Plcb4/Plcb1/Plcl2/Itpr1/Ank2/P2rx7/Fgf2/Gper1/Plcl1/Cacna1c/Gstm7/Gp1ba/Ednra/Mettl21c/Capn3/Prkd1/Trpc1",18
"GO:0048592","eye morphogenesis","24/1333","202/25730",0.118811881188119,2.29334561363113,4.31360326001622,0.000134010377271985,0.00140111040161128,0.00093182554061001,"Rorb/Bmp4/Flt1/Zeb1/Fbn1/Aldh1a1/Fzd5/Sdk2/Kdr/Aqp1/Ptprm/Thrb/Col5a2/Dio3/Fgf2/Dzank1/Col8a2/Prdm1/Col5a1/Ephb1/Crb2/Mfrp/Mfap5/Mfap2",24
"GO:0007164","establishment of tissue polarity","9/1333","39/25730",0.230769230769231,4.45438282647585,5.04627111851669,0.000135209665106488,0.00140803270222836,0.000936429300961341,"Erbb4/Brsk2/Pkhd1/Dchs1/Sfrp2/Brsk1/Sfrp1/Hnf4a/Astn2",9
"GO:0031629","synaptic vesicle fusion to presynaptic active zone membrane","9/1333","39/25730",0.230769230769231,4.45438282647585,5.04627111851669,0.000135209665106488,0.00140803270222836,0.000936429300961341,"Syt1/Doc2b/Grik5/Syt2/Syt7/Syt9/Erc2/Stx19/Syt11",9
"GO:0006874","intracellular calcium ion homeostasis","34/1333","333/25730",0.102102102102102,1.97080801731965,4.16795073150596,0.00013565277987604,0.00140803270222836,0.000936429300961341,"Ubash3b/Plcb4/Plcb1/Plcl2/Itpr1/Slc25a23/Cacnb2/Ank2/Adora1/Xk/Cdh5/Pkhd1/P2rx7/Tspoap1/Pygm/Fgf2/Herpud1/Gper1/Plcl1/Cacna1c/Gstm7/Gp1ba/Ednra/Mettl21c/Atp2b2/Erc2/Capn3/Cacna1a/Atp2b3/Gpr3/Prkd1/Trpc1/Fxyd1/Slc8a2",34
"GO:0035023","regulation of Rho protein signal transduction","15/1333","97/25730",0.154639175257732,2.9848957084632,4.57806712574939,0.000135955061428499,0.00140803270222836,0.000936429300961341,"Kank1/Dlc1/Col3a1/Pdgfrb/Stard8/Stard13/Dock6/Arhgap20/Eps8l2/Mcf2l/Nrp1/Arap3/Myoc/Ripor2/Rasip1",15
"GO:0061333","renal tubule morphogenesis","15/1333","97/25730",0.154639175257732,2.9848957084632,4.57806712574939,0.000135955061428499,0.00140803270222836,0.000936429300961341,"Gpc3/Bmp4/Hs3st3a1/Ptch1/Hs3st3b1/Hdac5/Klhl3/Pgf/Shh/Dchs1/Fgf2/Tcf21/Mef2c/Eya1/Wnt2b",15
"GO:0035282","segmentation","17/1333","119/25730",0.142857142857143,2.75747508305648,4.49166858024456,0.000137131772520061,0.0014148802619598,0.000940983353976201,"Bmp4/Tcf7l1/Nkx3-1/Axin2/Fzd5/Zeb2/Shh/Nrp1/Sfrp2/Tbx6/Foxf1/Sfrp1/Ednra/Crb2/Aldh1a2/Ttn/Pld6",17
"GO:2000181","negative regulation of blood vessel morphogenesis","17/1333","119/25730",0.142857142857143,2.75747508305648,4.49166858024456,0.000137131772520061,0.0014148802619598,0.000940983353976201,"Col4a3/Cd59a/Flt1/Hhip/Stard13/Ptprm/Tek/Creb3l1/Cd36/Emilin1/Fbln5/Zfp354c/Tie1/Cldn5/Angpt4/Hhex/Optc",17
"GO:1905562","regulation of vascular endothelial cell proliferation","8/1333","31/25730",0.258064516129032,4.98124531132783,5.1844177402374,0.000137545130921524,0.00141648259592541,0.000942049005699307,"Col4a3/Flt1/Igf1/Igf2/Fgf2/Ghrl/Mef2c/Aldh1a2",8
"GO:0048588","developmental cell growth","31/1333","293/25730",0.10580204778157,2.04222557345821,4.19392737531369,0.000138846120816748,0.00142720291603583,0.000949178685181319,"Jade2/Myo5b/Igf1/Slit3/Mt3/Cxcl12/Syt1/Mgll/Sh3gl2/Cyfip2/Olfm1/Ppara/Zeb2/Sorbs2/Epha7/Plxna4/Nrp1/Prickle1/Syt2/Cpne9/Sema3g/Nrn1/Ntn1/Ednra/Nlgn3/Adcy10/Sema6c/Rnf157/Pi16/Rgs4/Ndn",31
"GO:0051235","maintenance of location","26/1333","228/25730",0.114035087719298,2.20114239086087,4.25826919047256,0.000141630668452563,0.00145310418530116,0.000966404639829789,"Ubash3b/Plcb4/Pkp2/Plcb1/Fbn1/Adcy6/Syne1/Plcl2/Itpr1/Slc25a23/Ank2/Pink1/P2rx7/Grik5/Fgf2/Pgr/Gper1/Plcl1/Cacna1c/Gstm7/Gp1ba/Ednra/Mettl21c/Capn3/Prkd1/Trpc1",26
"GO:0003128","heart field specification","6/1333","17/25730",0.352941176470588,6.81258549931601,5.60371133118469,0.000144308453754477,0.00147232175215302,0.000979185516768786,"Bmp4/Axin2/Smarcd3/Robo2/Isl1/Mef2c",6
"GO:0007638","mechanosensory behavior","6/1333","17/25730",0.352941176470588,6.81258549931601,5.60371133118469,0.000144308453754477,0.00147232175215302,0.000979185516768786,"Etv1/Slc1a3/Nrxn1/Shank3/Foxp2/Cntnap2",6
"GO:0060644","mammary gland epithelial cell differentiation","6/1333","17/25730",0.352941176470588,6.81258549931601,5.60371133118469,0.000144308453754477,0.00147232175215302,0.000979185516768786,"Erbb4/Ptch1/Lbh/Cebpb/Fgf2/Foxf1",6
"GO:0097305","response to alcohol","35/1333","348/25730",0.100574712643678,1.94132584870356,4.13261551389832,0.000146440091859776,0.00148468851420384,0.000987410182519855,"Hmgcs2/Irs1/Adh1/Scnn1a/Igf1r/Igf1/Abat/Faah/Adcy6/Slit3/Ptch1/Aldh1a1/Klf9/Tgfbr3/Ptger3/Aldh2/Jund/Penk/Vamp2/Cdo1/Ppara/Btg2/Shh/Abcb1a/Fgf2/Ptger1/Fkbp5/Adcy5/Sfrp1/Adcy1/Cldn5/Slc10a1/Unc79/Prkd1/Adra2a",35
"GO:0002062","chondrocyte differentiation","18/1333","131/25730",0.137404580152672,2.6522279424818,4.43151705874759,0.000146602509509652,0.00148468851420384,0.000987410182519855,"Bmp4/Scin/Col27a1/Col3a1/Axin2/Pthlh/Bmpr1b/Sox6/Zbtb16/Thrb/Sfrp2/Osr2/Scube2/Mef2c/Wnt9a/Wnt2b/Gli2/Col11a2",18
"GO:0035249","synaptic transmission, glutamatergic","18/1333","131/25730",0.137404580152672,2.6522279424818,4.43151705874759,0.000146602509509652,0.00148468851420384,0.000987410182519855,"Unc13b/Syt1/Unc13c/Adora1/Reln/Dgki/Iqsec2/Grik5/Nrxn1/Pla2g6/Grin2d/Shank3/Homer2/Mef2c/Nlgn3/Cacna1a/Grik3/Napb",18
"GO:0051283","negative regulation of sequestering of calcium ion","18/1333","131/25730",0.137404580152672,2.6522279424818,4.43151705874759,0.000146602509509652,0.00148468851420384,0.000987410182519855,"Ubash3b/Plcb4/Plcb1/Plcl2/Itpr1/Ank2/P2rx7/Fgf2/Gper1/Plcl1/Cacna1c/Gstm7/Gp1ba/Ednra/Mettl21c/Capn3/Prkd1/Trpc1",18
"GO:0001678","intracellular glucose homeostasis","25/1333","216/25730",0.115740740740741,2.23406546080965,4.25729860500993,0.000149178167699969,0.00150521868107561,0.0010010640200919,"Igf1r/Camk2n1/Irs2/Igf1/Unc13b/Slc12a6/Klf15/Pim3/Brsk2/Kcnb1/Nrxn1/Pla2g6/Ptprn2/Pde8b/Nr1d1/Col1a1/Gper1/Adcy5/Ghrl/Ptprn/Lepr/Mlxipl/Sybu/Adra2a/Pde1c",25
"GO:0060041","retina development in camera-type eye","25/1333","216/25730",0.115740740740741,2.23406546080965,4.25729860500993,0.000149178167699969,0.00150521868107561,0.0010010640200919,"Rorb/Lamc3/Mertk/Pdgfra/Lama1/Pdgfrb/Sdk2/Smarcd3/Bmpr1b/Acvrl1/Myh10/Ptprm/Thrb/Dll4/Dio3/Nrp1/Prdm1/Ret/Arhgef15/Acvr2b/Crb2/Vstm4/Mfrp/Slc4a5/Rhoj",25
"GO:0046942","carboxylic acid transport","38/1333","391/25730",0.0971867007672634,1.87592934039136,4.07963239654389,0.000158468708690271,0.00159602704954294,0.00106145723174865,"Slc16a10/Irs2/Abat/Slco4a1/Slc1a3/Kcnk2/Slc38a1/Ace/Adora1/Slc22a1/Slc7a4/Llgl2/Slc26a3/P2rx7/Epm2a/Slc7a2/Pla2g6/Slc43a1/Abcb1a/Cd36/Arg2/Slc7a7/Dpysl2/Ceacam2/Abcc2/AU018091/Proca1/Acacb/Slc10a6/Pla2g3/Cacna1a/Slc10a1/Slc25a18/Pianp/Rgs4/Apba1/Slc26a4/Fabp4",38
"GO:0016051","carbohydrate biosynthetic process","26/1333","230/25730",0.11304347826087,2.18200202224469,4.20891700892889,0.000163164683568104,0.00164031309176799,0.00109091020361323,"Irs1/Egf/Insr/Irs2/Igf1/Fut9/Fut2/Ppargc1a/Akr1b1/Ppara/Epm2a/Chst10/Igf2/Pdk2/Sorbs1/Nr1d1/Cd36/Gm10768/Gper1/Lepr/Gnmt/B3galnt1/Mas1/Hnf4a/Il6/Abo",26
"GO:0007435","salivary gland morphogenesis","9/1333","40/25730",0.225,4.34302325581395,4.94590370340077,0.000166505699694445,0.00165898803009837,0.00110333019884384,"Nkx3-1/Lama1/Tgfb3/Shh/Nrp1/Fgf10/Plxnd1/Edar/Il6",9
"GO:0043268","positive regulation of potassium ion transport","9/1333","40/25730",0.225,4.34302325581395,4.94590370340077,0.000166505699694445,0.00165898803009837,0.00110333019884384,"Akap7/Ank2/Adora1/Rapgef3/Amigo1/Atp1b2/Wnk2/Fhl1/Wnk3",9
"GO:0099500","vesicle fusion to plasma membrane","9/1333","40/25730",0.225,4.34302325581395,4.94590370340077,0.000166505699694445,0.00165898803009837,0.00110333019884384,"Syt1/Doc2b/Grik5/Syt2/Syt7/Syt9/Erc2/Stx19/Syt11",9
"GO:0046578","regulation of Ras protein signal transduction","11/1333","58/25730",0.189655172413793,3.6607858861267,4.74189996683362,0.000166533504205538,0.00165898803009837,0.00110333019884384,"Igf1/Spry1/Rasa3/Spry4/Syde2/Dgki/Syde1/Rabgef1/Fgf10/Rasgrp1/Rasgrf1",11
"GO:0071869","response to catecholamine","11/1333","58/25730",0.189655172413793,3.6607858861267,4.74189996683362,0.000166533504205538,0.00165898803009837,0.00110333019884384,"Adcy6/Gna14/Rgs9/Ptger1/Gper1/Adcy5/Gnao1/Aplp1/Prkd1/Gm527/Rgs4",11
"GO:0030833","regulation of actin filament polymerization","19/1333","144/25730",0.131944444444444,2.546834625323,4.35093152481982,0.000167341477871198,0.00166401697832429,0.00110667476212303,"Kank4/Kank1/Scin/Sptb/Daam2/Add3/Cyfip2/Pecam1/Arhgap28/Tmod4/Avil/Arhgap18/Tmod2/Baiap2l2/Esam/Lmod1/Eln/Ccl11/Prex1",19
"GO:0072175","epithelial tube formation","21/1333","168/25730",0.125,2.41279069767442,4.29430975351851,0.000169219305497331,0.00167964695818237,0.00111706967062862,"Egf/Bmp4/Smarca1/Cecr2/Dlc1/Ptch1/Gdf7/Podxl/Zeb2/Adm/Shh/Mmrn2/Fgf2/Fgf10/Prickle1/Sfrp2/Shank3/Ret/Sfrp1/Nodal/Bmp5",21
"GO:0015844","monoamine transport","16/1333","110/25730",0.145454545454545,2.80761099365751,4.44089054240124,0.000172419970950885,0.00170524904603497,0.00113409665103399,"Slc6a4/Abat/Slc18a1/Cxcl12/Syt1/Ptger3/Pink1/Slc22a1/Kcnb1/Entpd1/Syt7/Kcna2/Nat8l/Adra2a/Syt11/Chrna4",16
"GO:0030510","regulation of BMP signaling pathway","16/1333","110/25730",0.145454545454545,2.80761099365751,4.44089054240124,0.000172419970950885,0.00170524904603497,0.00113409665103399,"Gpc3/Bmp4/Fbn1/Tgfbr3/Kdr/Acvrl1/Cdh5/Chrdl1/Zfp423/Sfrp2/Sfrp1/Crb2/Htra3/Ark2c/Elapor2/Eng",16
"GO:0003156","regulation of animal organ formation","8/1333","32/25730",0.25,4.82558139534884,5.0615215304657,0.000175115795074993,0.00172569227857564,0.00114769267187012,"Bmp4/Spry1/Robo2/Shh/Fgf2/Fgf10/Wnt2/Wnt2b",8
"GO:0060071","Wnt signaling pathway, planar cell polarity pathway","8/1333","32/25730",0.25,4.82558139534884,5.0615215304657,0.000175115795074993,0.00172569227857564,0.00114769267187012,"Gpc3/Nkd1/Dact1/Znrf3/Plekha4/Ankrd6/Prickle1/Sfrp1",8
"GO:0007589","body fluid secretion","18/1333","133/25730",0.135338345864662,2.61234481552719,4.35760165120998,0.000178071922682227,0.00174542282786204,0.00116081471402625,"Erbb4/Agr2/Kcnma1/Npr3/Ptger3/Adora1/Aqp1/Cdo1/Ppara/Kcnn4/Abcb1a/Fgf10/Chrm1/Prickle1/Atp2b2/Slc4a5/Trpc1/Wnk3",18
"GO:0098659","inorganic cation import across plasma membrane","18/1333","133/25730",0.135338345864662,2.61234481552719,4.35760165120998,0.000178071922682227,0.00174542282786204,0.00116081471402625,"Slc9a2/Scnn1a/Atp12a/Slc12a6/Ank2/Atp1a2/Rapgef3/Akap5/Kcnn4/Atp1b2/Wnk2/Abcc9/Cacna1c/Cacna1a/Kcnd3/Wnk3/Slc8a2/Slc12a5",18
"GO:0099587","inorganic ion import across plasma membrane","18/1333","133/25730",0.135338345864662,2.61234481552719,4.35760165120998,0.000178071922682227,0.00174542282786204,0.00116081471402625,"Slc9a2/Scnn1a/Atp12a/Slc12a6/Ank2/Atp1a2/Rapgef3/Akap5/Kcnn4/Atp1b2/Wnk2/Abcc9/Cacna1c/Cacna1a/Kcnd3/Wnk3/Slc8a2/Slc12a5",18
"GO:0003205","cardiac chamber development","24/1333","206/25730",0.116504854368932,2.24881463084218,4.20644810596116,0.000181260044920188,0.00177350514539557,0.00117949120139453,"Bmp4/Pkp2/Slit3/Tgfbr3/Ank2/Kcnk2/Smarcd3/Pde2a/Myh10/Robo2/Tek/Dll4/Isl1/Nrp1/Sfrp2/Prdm1/Foxf1/Plxnd1/Ednra/Mef2c/Wnt2/Bmp5/Heyl/Eng",24
"GO:0016042","lipid catabolic process","36/1333","366/25730",0.0983606557377049,1.89858940144872,4.04716841858214,0.000184307742976011,0.00180011601636179,0.00119718908529838,"Cyp26b1/Irs1/Plcb4/Plcb1/Irs2/Faah/Prdx6/Mgll/Flvcr2/Klf9/Thra/Ces1d/Adora1/Plcd3/Hsd17b11/Nceh1/Neu3/Ppara/Ehhadh/Cp/Pla1a/Dagla/Pla2g6/Lipe/Abhd1/Lpin1/Plaat3/Rarres2/Enpp2/Acacb/Liph/Gdpd3/Sult1e1/Dpep1/Adra2a/Pld6",36
"GO:0120254","olefinic compound metabolic process","25/1333","219/25730",0.114155251141553,2.2034618243602,4.18069947109536,0.000185372211718837,0.00180729674977743,0.00120196471953057,"Fads1/Adh1/Cyp2d22/Kcnma1/Mgll/Ephx1/Ces2e/Aldh1a1/Ppargc1a/Ces1d/Akr1b1/Egr1/Ehhadh/Rdh12/Dagla/Lipe/Gstm7/Rdh9/Ednrb/Cyp2j9/Aldh1a2/Ptgis/Bmp5/Cyp17a1/Aloxe3",25
"GO:0001508","action potential","23/1333","194/25730",0.118556701030928,2.28842004315512,4.21056346208933,0.000189019182889586,0.00183958562922153,0.00122343883214088,"Pmp22/Pkp2/Kcnma1/Cacnb2/Akap7/Ank2/Kcnk2/Atp1a2/Gna14/P2rx7/Kcnb1/Fgf12/Cd36/Abcc9/Gper1/Cacna1c/Kcna1/Kcna2/Cntnap2/Kcnd3/Kcna6/Slc8a2/Chrna4",23
"GO:0006942","regulation of striated muscle contraction","15/1333","100/25730",0.15,2.8953488372093,4.43887755340839,0.000192528495575347,0.00186711821945774,0.00124174971667343,"Pkp2/Ank2/Ehd3/Atp1a2/Adora1/Nr4a1/Arg2/Cacna1c/Gstm7/Adcy10/Adgrd1/Rem1/Prkd1/Fxyd1/Pde4b",15
"GO:2000027","regulation of animal organ morphogenesis","15/1333","100/25730",0.15,2.8953488372093,4.43887755340839,0.000192528495575347,0.00186711821945774,0.00124174971667343,"Bmp4/Spry1/Cd34/Robo2/Pkhd1/Etv5/Shh/Stox1/Fgf2/Fgf10/Sfrp2/Sfrp1/Ednra/Wnt2/Wnt2b",15
"GO:1990138","neuron projection extension","24/1333","207/25730",0.115942028985507,2.23795079204584,4.18004550477229,0.000195165119064645,0.00188655231918657,0.00125467460144001,"Jade2/Myo5b/Slit3/Mt3/Cxcl12/Syt1/Mgll/Sh3gl2/Cyfip2/Olfm1/Plxna4/Nrp1/Prickle1/Syt2/Cpne9/Sema3g/Nrn1/Ntn1/Ednra/Nlgn3/Adcy10/Sema6c/Rnf157/Ndn",24
"GO:0030850","prostate gland development","11/1333","59/25730",0.186440677966102,3.59873866771778,4.67116852680278,0.000195219842830747,0.00188655231918657,0.00125467460144001,"Igf1r/Bmp4/Igf1/Nkx3-1/Ptch1/Shh/Fgf10/Plag1/Sfrp1/Gli2/Eaf2",11
"GO:0050805","negative regulation of synaptic transmission","13/1333","79/25730",0.164556962025316,3.17633205769797,4.5284009176382,0.000197969433656786,0.00190976137318471,0.00127011006552906,"Slc6a4/Mgll/Adora1/Penk/Dgki/Iqsec2/Kcnb1/Pla2g6/Shank3/Bche/Cntnap2/Grik3/Pcdh17",13
"GO:0006884","cell volume homeostasis","9/1333","41/25730",0.219512195121951,4.23709585933069,4.84877692615887,0.000203609591226662,0.00195729079902478,0.001301720089177,"Kcnma1/Slc12a6/Aqp1/P2rx7/Kcnn4/Shank3/Aqp11/Wnk3/Slc12a5",9
"GO:0071398","cellular response to fatty acid","9/1333","41/25730",0.219512195121951,4.23709585933069,4.84877692615887,0.000203609591226662,0.00195729079902478,0.001301720089177,"Hmgcs2/Irs1/Plcb1/Pdk4/Kcnk2/Jund/Id3/Nfatc4/Pid1",9
"GO:0071248","cellular response to metal ion","23/1333","195/25730",0.117948717948718,2.27668455575432,4.18303303485747,0.000203998363790448,0.0019575996832968,0.00130192551642487,"Junb/Mt3/Syt1/Slc25a23/Mylk/Trf/Jund/Aqp1/Cpne7/Akap5/Kcnb1/Nrxn1/Shh/Abcc9/Nfatc4/Rasgrp2/Cpne9/Kcna1/Mef2c/Adcy1/Capn3/Dpep1/Fabp4",23
"GO:0038084","vascular endothelial growth factor signaling pathway","10/1333","50/25730",0.2,3.86046511627907,4.73241109002783,0.00020726683581206,0.00198203425395888,0.00131817602530025,"Jcad/Flt1/Pdgfra/Pdgfrb/Ccbe1/Kdr/Pgf/Adgra2/Nrp1/Emilin1",10
"GO:1990806","ligand-gated ion channel signaling pathway","10/1333","50/25730",0.2,3.86046511627907,4.73241109002783,0.00020726683581206,0.00198203425395888,0.00131817602530025,"Plcb1/Itpr1/Gna14/Grik5/Grin2d/Plp1/Mef2c/Gm527/Trpc1/Grik3",10
"GO:0150115","cell-substrate junction organization","16/1333","112/25730",0.142857142857143,2.75747508305648,4.356963204225,0.000213314422277902,0.00203631802414505,0.0013542781079355,"Dlc1/Tns1/Dst/Kdr/Acvrl1/Camsap3/Cdh11/Tek/Sorbs1/Nrp1/Prickle1/Limch1/Enpp2/Myoc/Coro2b/Apod",16
"GO:0002068","glandular epithelial cell development","5/1333","12/25730",0.416666666666667,8.04263565891473,5.70381674010177,0.000215987151432359,0.00204053954253394,0.00135708568016563,"Bhlha15/Fzd5/Gata2/Pgr/Spdef",5
"GO:0002069","columnar/cuboidal epithelial cell maturation","5/1333","12/25730",0.416666666666667,8.04263565891473,5.70381674010177,0.000215987151432359,0.00204053954253394,0.00135708568016563,"Kcnma1/Bhlha15/Fzd5/Gata2/Pgr",5
"GO:0060426","lung vasculature development","5/1333","12/25730",0.416666666666667,8.04263565891473,5.70381674010177,0.000215987151432359,0.00204053954253394,0.00135708568016563,"Bmp4/Igf1/Tcf21/Errfi1/Foxf1",5
"GO:0098917","retrograde trans-synaptic signaling","5/1333","12/25730",0.416666666666667,8.04263565891473,5.70381674010177,0.000215987151432359,0.00204053954253394,0.00135708568016563,"Plcb1/Tenm2/Mgll/Dagla/Gucy1a1",5
"GO:0099541","trans-synaptic signaling by lipid","5/1333","12/25730",0.416666666666667,8.04263565891473,5.70381674010177,0.000215987151432359,0.00204053954253394,0.00135708568016563,"Plcb1/Faah/Mgll/Dagla/Nrxn1",5
"GO:0099542","trans-synaptic signaling by endocannabinoid","5/1333","12/25730",0.416666666666667,8.04263565891473,5.70381674010177,0.000215987151432359,0.00204053954253394,0.00135708568016563,"Plcb1/Faah/Mgll/Dagla/Nrxn1",5
"GO:0009261","ribonucleotide catabolic process","21/1333","171/25730",0.12280701754386,2.37046103631171,4.20292010002372,0.000216920707831028,0.0020458380846813,0.00136060954016641,"Insr/Igf1/Col6a1/Ppargc1a/Nt5e/Pde2a/Prxl2c/Ppara/Pde8a/Dhtkd1/P2rx7/Cbfa2t3/Pde8b/Entpd1/Upb1/Pde1a/Pde7b/Mlxipl/Eno3/Nt5c1a/Pde4b",21
"GO:0005996","monosaccharide metabolic process","32/1333","314/25730",0.101910828025478,1.96711598281736,4.03039952375732,0.000217661229923171,0.00204930101380495,0.00136291260336473,"Irs1/Insr/Irs2/Igf1/Fbn1/Pdk4/Pgm2l1/Rorc/Glb1l2/Aldh1a1/Ppargc1a/Atp1a2/Akr1b1/Dhdh/Ppara/Rora/Igf2/Pdk2/Sorbs1/Cd36/Glb1l3/Gm10768/Errfi1/Lepr/Gnmt/Acacb/Eno3/Phkg1/Adcy10/Hnf4a/Il6/Apod",32
"GO:0060317","cardiac epithelial to mesenchymal transition","8/1333","33/25730",0.242424242424242,4.67935165609584,4.94362330074252,0.000220726680773801,0.00206400127899045,0.00137268919380174,"Spry1/Tgfbr3/Olfm1/Wnt2/Snai1/Heyl/Eng/Tmem100",8
"GO:0060669","embryonic placenta morphogenesis","8/1333","33/25730",0.242424242424242,4.67935165609584,4.94362330074252,0.000220726680773801,0.00206400127899045,0.00137268919380174,"Zfp568/Fzd5/Llgl2/Adm/Igf2/Rspo3/Bmp5/Il10",8
"GO:0060740","prostate gland epithelium morphogenesis","8/1333","33/25730",0.242424242424242,4.67935165609584,4.94362330074252,0.000220726680773801,0.00206400127899045,0.00137268919380174,"Igf1r/Bmp4/Igf1/Nkx3-1/Shh/Fgf10/Sfrp1/Gli2",8
"GO:0090128","regulation of synapse maturation","8/1333","33/25730",0.242424242424242,4.67935165609584,4.94362330074252,0.000220726680773801,0.00206400127899045,0.00137268919380174,"Dab1/Reln/Nrg2/Nrxn1/Nfatc4/Arhgef15/Nrn1/Mdga2",8
"GO:0032272","negative regulation of protein polymerization","13/1333","80/25730",0.1625,3.13662790697674,4.47392315585486,0.000225322577240702,0.00209982279537218,0.00139651272964124,"Kank4/Kank1/Scin/Sptb/Add3/Pecam1/Cdh5/Tmod4/Avil/Tmod2/Clip3/Tubb4a/Lmod1",13
"GO:0045669","positive regulation of osteoblast differentiation","13/1333","80/25730",0.1625,3.13662790697674,4.47392315585486,0.000225322577240702,0.00209982279537218,0.00139651272964124,"Bmp4/Igf1/Bmpr1b/Cebpd/Jund/Cebpb/Ddr2/Fgf2/Sfrp2/Scube2/Acvr2b/Mef2c/Prkd1",13
"GO:0021517","ventral spinal cord development","11/1333","60/25730",0.183333333333333,3.53875968992248,4.60195746210787,0.000227981766586471,0.0021174144108175,0.00140821224779033,"Vldlr/Ptch1/Dab1/Lonrf2/Reln/Gata2/Dll4/Shh/Isl1/Cacna1a/Gli2",11
"GO:0071867","response to monoamine","11/1333","60/25730",0.183333333333333,3.53875968992248,4.60195746210787,0.000227981766586471,0.0021174144108175,0.00140821224779033,"Adcy6/Gna14/Rgs9/Ptger1/Gper1/Adcy5/Gnao1/Aplp1/Prkd1/Gm527/Rgs4",11
"GO:0048736","appendage development","25/1333","222/25730",0.112612612612613,2.1736853132202,4.10533184707126,0.000229151071160721,0.00212109650860236,0.00141066107177666,"Cyp26b1/Gpc3/Bmp4/Lrp4/Ptch1/Frem2/Col3a1/Col6a1/Znrf3/Zbtb16/Shh/Rspo3/Fgf10/Prickle1/Sfrp2/Reck/Flvcr1/Osr2/Errfi1/Prrx1/Cacna1c/Wnt9a/Aldh1a2/Ark2c/Gli2",25
"GO:0060173","limb development","25/1333","222/25730",0.112612612612613,2.1736853132202,4.10533184707126,0.000229151071160721,0.00212109650860236,0.00141066107177666,"Cyp26b1/Gpc3/Bmp4/Lrp4/Ptch1/Frem2/Col3a1/Col6a1/Znrf3/Zbtb16/Shh/Rspo3/Fgf10/Prickle1/Sfrp2/Reck/Flvcr1/Osr2/Errfi1/Prrx1/Cacna1c/Wnt9a/Aldh1a2/Ark2c/Gli2",25
"GO:0001658","branching involved in ureteric bud morphogenesis","12/1333","70/25730",0.171428571428571,3.30897009966777,4.52165390944583,0.000232412105247919,0.00214405049698459,0.00142592690137069,"Gpc3/Bmp4/Hs3st3a1/Ptch1/Hs3st3b1/Pgf/Shh/Dchs1/Fgf2/Tcf21/Eya1/Wnt2b",12
"GO:0006940","regulation of smooth muscle contraction","12/1333","70/25730",0.171428571428571,3.30897009966777,4.52165390944583,0.000232412105247919,0.00214405049698459,0.00142592690137069,"Dock5/Flt1/Abat/Kcnma1/Ptger3/Atp1a2/Calcrl/Irag1/Gper1/Ghrl/Gucy1a1/Adra2a",12
"GO:0050921","positive regulation of chemotaxis","20/1333","160/25730",0.125,2.41279069767442,4.19016156698712,0.000239269214959344,0.00220360523642926,0.0014655345063211,"Pdgfra/Cxcl12/Pdgfrb/Kdr/Pgf/Shh/Nrp1/Fgf2/Fgf10/Il16/Il34/Ntf3/Artn/Rarres2/S1pr1/Ednra/Ripor2/Pdgfd/Prkd1/Cmklr1",20
"GO:0051591","response to cAMP","15/1333","102/25730",0.147058823529412,2.83857729138167,4.34893518433453,0.000240679791889386,0.0022128833796999,0.00147170504852753,"Hmgcs2/Thbd/Itpr1/Akap7/Rapgef3/Pde2a/Penk/Aqp1/Cdo1/Slc26a3/Pygm/Col1a1/Crem/Ren1/Ren2",15
"GO:0045834","positive regulation of lipid metabolic process","22/1333","185/25730",0.118918918918919,2.29541169076053,4.13332008021746,0.000247035676339674,0.00226645716719569,0.00150733494852569,"Irs1/Erbb4/Igf1r/Crebl2/Irs2/Igf1/Gpr146/Adgrf5/Ppargc1a/Adora1/Ppara/Igf2/Pla2g6/Sorbs1/Nr1d1/Cd36/Rdh9/Mlxipl/Pla2g3/Hnf4a/Angptl4/Cyp17a1",22
"GO:0060391","positive regulation of SMAD protein signal transduction","9/1333","42/25730",0.214285714285714,4.13621262458472,4.75470210851324,0.000247332454572821,0.00226645716719569,0.00150733494852569,"Bmp4/Atoh8/Tgfbr3/Gdf7/Tgfb3/Acvrl1/Nodal/Bmp5/Eng",9
"GO:0032024","positive regulation of insulin secretion","17/1333","125/25730",0.136,2.62511627906977,4.2573109543791,0.000251074117048897,0.00229690971413566,0.00152758778583434,"Camk2n1/Plcb1/Irs2/Abat/Itpr1/Doc2b/Gna14/Pla2g6/Isl1/Gper1/Ghrl/Cacna1c/Lepr/Mlxipl/Sybu/Trpc1/Myrip",17
"GO:0048608","reproductive structure development","37/1333","386/25730",0.0958549222797927,1.85022291842391,3.93411630600743,0.00025216414134941,0.00230304321442082,0.00153166694491593,"Igf1r/Insr/Bmp4/Mertk/Igf1/Nkx3-1/Pdgfra/Slit3/Ptch1/Col6a1/Gdf7/Kdr/Ace/Bmpr1b/Ccno/Cebpb/Nup210l/Shh/Ereg/Abcb1a/Fgf10/Pgr/Sfrp2/Tcf21/Plag1/Errfi1/Tiparp/Rec8/Ptprn/Sfrp1/Csmd1/Wnt2b/Gli2/Adam30/Ren1/Bmp5/Eaf2",37
"GO:0051480","regulation of cytosolic calcium ion concentration","13/1333","81/25730",0.160493827160494,3.09790410565604,4.42029484265878,0.000255846690686256,0.00233279482587518,0.00155145361654124,"Itpr1/Cacnb2/Adora1/Tspoap1/Gper1/Atp2b2/Erc2/Cacna1a/Atp2b3/Gpr3/Trpc1/Fxyd1/Slc8a2",13
"GO:0090277","positive regulation of peptide hormone secretion","20/1333","161/25730",0.124223602484472,2.39780442004911,4.15873062891512,0.000260156300867318,0.00236815578020018,0.00157497084997444,"Irs1/Camk2n1/Plcb1/Irs2/Abat/Itpr1/Doc2b/Ptger3/Gna14/Pla2g6/Isl1/Gper1/Ghrl/Cacna1c/Lepr/Mlxipl/Sybu/Prkd1/Trpc1/Myrip",20
"GO:0010927","cellular component assembly involved in morphogenesis","19/1333","149/25730",0.12751677852349,2.46137037615109,4.181701126864,0.000261856150052106,0.0023725732266075,0.00157790872651999,"Pmp22/Chn2/Pdgfra/Pdgfrb/Myh10/Tppp/Tmod4/Acrbp/Tmod2/Myl9/Nrap/Mybph/Mef2c/Myh11/Pla2g3/Capn3/Lmod1/Prkd1/Ttn",19
"GO:0032989","cellular anatomical entity morphogenesis","19/1333","149/25730",0.12751677852349,2.46137037615109,4.181701126864,0.000261856150052106,0.0023725732266075,0.00157790872651999,"Pmp22/Chn2/Pdgfra/Pdgfrb/Myh10/Tppp/Tmod4/Acrbp/Tmod2/Myl9/Nrap/Mybph/Mef2c/Myh11/Pla2g3/Capn3/Lmod1/Prkd1/Ttn",19
"GO:0034308","primary alcohol metabolic process","16/1333","114/25730",0.140350877192982,2.70909832721338,4.27486232557923,0.000262370549927264,0.0023725732266075,0.00157790872651999,"Adh1/Kcnma1/Ces2e/Aldh1a1/Ces1d/Aldh2/Akr1b1/Rdh12/Lipe/Rdh9/Ednrb/Gdpd3/Aldh1a2/Sult1e1/Bmp5/Cyp17a1",16
"GO:0060993","kidney morphogenesis","16/1333","114/25730",0.140350877192982,2.70909832721338,4.27486232557923,0.000262370549927264,0.0023725732266075,0.00157790872651999,"Erbb4/Gpc3/Gcnt1/Bmp4/Hs3st3a1/Ptch1/Hs3st3b1/Klhl3/Pgf/Shh/Dchs1/Fgf2/Fgf10/Tcf21/Eya1/Wnt2b",16
"GO:0061005","cell differentiation involved in kidney development","11/1333","61/25730",0.180327868852459,3.48074723598933,4.5342062762812,0.000265271395862875,0.00239485969061072,0.00159273061089413,"Ptch1/Klf15/Podxl/Cd34/Shh/Tcf21/Magi2/Ednrb/Ednra/Mef2c/Acta2",11
"GO:0006749","glutathione metabolic process","12/1333","71/25730",0.169014084507042,3.2623648869964,4.4620073135333,0.000266668930763913,0.00240352341701662,0.00159849252767998,"Gstm1/Gsta3/Gstm2/Abcc2/Gstm7/Gstk1/Ggt7/Gstm3/Chac1/Cth/Dpep1/Cryab",12
"GO:0007044","cell-substrate junction assembly","15/1333","103/25730",0.145631067961165,2.81101828855272,4.30477918465076,0.000268425633778269,0.00241539066198183,0.00160638498350826,"Dlc1/Tns1/Dst/Kdr/Acvrl1/Camsap3/Cdh11/Tek/Sorbs1/Nrp1/Limch1/Enpp2/Myoc/Coro2b/Apod",15
"GO:0001759","organ induction","7/1333","26/25730",0.269230769230769,5.19677996422182,5.00450160305988,0.000271716390014936,0.00243303632103097,0.00161812044401442,"Bmp4/Spry1/Robo2/Fgf2/Fgf10/Wnt2/Wnt2b",7
"GO:0032352","positive regulation of hormone metabolic process","7/1333","26/25730",0.269230769230769,5.19677996422182,5.00450160305988,0.000271716390014936,0.00243303632103097,0.00161812044401442,"Igf1r/Igf1/Ppargc1a/Egr1/Igf2/Rdh9/Cyp17a1",7
"GO:0106070","regulation of adenylate cyclase-activating G protein-coupled receptor signaling pathway","7/1333","26/25730",0.269230769230769,5.19677996422182,5.00450160305988,0.000271716390014936,0.00243303632103097,0.00161812044401442,"Pde3a/Ptger3/Pde2a/Arrdc3/Mrap2/Aplp1/Pde4b",7
"GO:0060037","pharyngeal system development","8/1333","34/25730",0.235294117647059,4.54172366621067,4.83036206844518,0.000275632432577056,0.00246007548360238,0.00163610316846766,"Bmp4/Nkx3-1/Adgrf5/Ptch1/Isl1/Ednra/Eya1/Bmp5",8
"GO:0060512","prostate gland morphogenesis","8/1333","34/25730",0.235294117647059,4.54172366621067,4.83036206844518,0.000275632432577056,0.00246007548360238,0.00163610316846766,"Igf1r/Bmp4/Igf1/Nkx3-1/Shh/Fgf10/Sfrp1/Gli2",8
"GO:0019318","hexose metabolic process","30/1333","291/25730",0.103092783505155,1.9899304723088,3.96971643164808,0.000276929499600104,0.00246763964822236,0.00164113380829317,"Irs1/Insr/Irs2/Igf1/Fbn1/Pdk4/Pgm2l1/Rorc/Glb1l2/Aldh1a1/Ppargc1a/Akr1b1/Ppara/Rora/Igf2/Pdk2/Sorbs1/Cd36/Glb1l3/Gm10768/Errfi1/Lepr/Gnmt/Acacb/Eno3/Phkg1/Adcy10/Hnf4a/Il6/Apod",30
"GO:0009154","purine ribonucleotide catabolic process","20/1333","162/25730",0.123456790123457,2.38300315819696,4.1275335819497,0.000282622045885683,0.0025142826740138,0.00167215432079084,"Insr/Igf1/Col6a1/Ppargc1a/Nt5e/Pde2a/Prxl2c/Ppara/Pde8a/Dhtkd1/P2rx7/Cbfa2t3/Pde8b/Entpd1/Pde1a/Pde7b/Mlxipl/Eno3/Nt5c1a/Pde4b",20
"GO:0006493","protein O-linked glycosylation","18/1333","138/25730",0.130434782608696,2.51769464105157,4.1785937024284,0.000283844865038426,0.00251700236542152,0.00167396308469223,"Gcnt1/Tmtc1/Igf1/Gxylt2/Fut9/Hs3st3a1/Galnt18/Hs3st3b1/Csgalnact1/Galnt15/B3gnt7/Dse/Pomgnt2/Xylt1/Galnt11/B3galnt1/Galnt17/Galnt16",18
"GO:0030048","actin filament-based movement","18/1333","138/25730",0.130434782608696,2.51769464105157,4.1785937024284,0.000283844865038426,0.00251700236542152,0.00167396308469223,"Pkp2/Wipf1/Cacnb2/Ptger3/Ank2/Atp1a2/Adora1/Myh10/Zeb2/Abcc9/Limch1/Cacna1c/Adcy10/Kcnd3/Fxyd1/Myrip/Pde4b/Acta2",18
"GO:0061469","regulation of type B pancreatic cell proliferation","6/1333","19/25730",0.315789473684211,6.09547123623011,5.19349820369501,0.000289309509325139,0.00256132241400918,0.00170343867290252,"Irs2/Igf1/Nr4a1/Nr1d1/Errfi1/Ptprn",6
"GO:0035773","insulin secretion involved in cellular response to glucose stimulus","16/1333","115/25730",0.139130434782609,2.68554095045501,4.23447295464354,0.000290362884870157,0.00256650865547873,0.00170688784596949,"Camk2n1/Pim3/Brsk2/Nrxn1/Pla2g6/Ptprn2/Pde8b/Nr1d1/Adcy5/Ghrl/Ptprn/Lepr/Mlxipl/Sybu/Adra2a/Pde1c",16
"GO:0006163","purine nucleotide metabolic process","43/1333","475/25730",0.0905263157894737,1.74736842105263,3.8429627682497,0.000292102493212364,0.00257773405987566,0.00171435343790908,"Insr/Igf1/Adcy6/Npr3/Col6a1/Slc1a3/Ppargc1a/Ptger3/Atp1a2/Nt5e/Pde2a/Prxl2c/Ldhb/Slc25a25/Ppara/Pde8a/Rora/Dhtkd1/P2rx7/Cbfa2t3/Pde8b/Entpd1/Abcc9/Gucy1a2/Pde1a/Pde7b/Adcy5/Aldh1l1/Pid1/Mlxipl/Acacb/Npr1/Atp2b2/Nmrk2/Eno3/Nqo1/Adcy1/Gucy1a1/Adcy10/Sult1e1/Slc25a18/Nt5c1a/Pde4b",43
"GO:0042745","circadian sleep/wake cycle","9/1333","43/25730",0.209302325581395,4.04002163331531,4.66350583143911,0.00029855925924674,0.00262626886859832,0.00174663210369044,"Npas2/Ptger3/Adora1/Nr1d1/Ghrl/Kcna2/Cntnap2/Nlgn3/Il6",9
"GO:0048499","synaptic vesicle membrane organization","9/1333","43/25730",0.209302325581395,4.04002163331531,4.66350583143911,0.00029855925924674,0.00262626886859832,0.00174663210369044,"Syt1/Doc2b/Grik5/Syt2/Syt7/Syt9/Erc2/Stx19/Syt11",9
"GO:0098815","modulation of excitatory postsynaptic potential","12/1333","72/25730",0.166666666666667,3.21705426356589,4.40341366418525,0.000305119199011563,0.00267967885339915,0.00178215306471091,"Erbb4/Syne1/Reln/Cux2/Nrxn1/Grin2d/Shank3/Pclo/Prkar1b/Nlgn3/Slc8a2/Rgs4",12
"GO:0001974","blood vessel remodeling","11/1333","62/25730",0.17741935483871,3.42460615153788,4.46785785137585,0.000307575668311404,0.00269693744945894,0.00179363110426089,"Igf1/Npr3/Tgfbr3/Acvrl1/Dll4/Rspo3/Fgf10/Acvr2b/Ednra/Mef2c/Eln",11
"GO:0048813","dendrite morphogenesis","23/1333","201/25730",0.114427860696517,2.20872382274673,4.02130046274428,0.000317917381072705,0.00278317145886456,0.00185098208269981,"Vldlr/Prex2/Myo5b/Lrp4/Syne1/Dact1/Dpysl5/Reln/Ngef/Cux2/Zfp365/Akap5/Caprin2/Fbxo31/Nrp1/Shank3/Nfatc4/Ephb1/Hecw2/Cntnap2/Nlgn3/Cacna1a/Dnm3",23
"GO:0009636","response to toxic substance","26/1333","240/25730",0.108333333333333,2.09108527131783,3.96951741340255,0.000320707483463355,0.00280312639606745,0.00186425335677324,"Slc6a4/Prdx6/Mt3/Gsta3/Ephx1/Col6a1/Aldh1a1/Ces1d/Pink1/Aldh2/Slc22a1/Penk/Rdh12/Cp/Arnt2/Abcb1a/Cd36/Fbln5/Inmt/Abcc2/Gstm7/Gstk1/Cygb/Ednra/Nqo1/Gabrb1",26
"GO:0061458","reproductive system development","37/1333","391/25730",0.0946291560102302,1.82656277880212,3.84970811535075,0.000323897942619046,0.00282651161690929,0.00187980598276772,"Igf1r/Insr/Bmp4/Mertk/Igf1/Nkx3-1/Pdgfra/Slit3/Ptch1/Col6a1/Gdf7/Kdr/Ace/Bmpr1b/Ccno/Cebpb/Nup210l/Shh/Ereg/Abcb1a/Fgf10/Pgr/Sfrp2/Tcf21/Plag1/Errfi1/Tiparp/Rec8/Ptprn/Sfrp1/Csmd1/Wnt2b/Gli2/Adam30/Ren1/Bmp5/Eaf2",37
"GO:0043113","receptor clustering","13/1333","83/25730",0.156626506024096,3.02325581395349,4.31548759366276,0.000327601300444554,0.0028542913303812,0.00189828121961857,"Lrrc7/Lrp4/Reln/Sorbs2/Akap5/Etv5/Grik5/Nrxn1/Chrdl1/Sorbs1/Shank3/Magi2/Cacna1a",13
"GO:0030168","platelet activation","15/1333","105/25730",0.142857142857143,2.75747508305648,4.21803524255209,0.000332271264920166,0.00288946888104458,0.00192167647821242,"Ubash3b/Slc6a4/Mertk/Pdgfra/Rasa3/Il6ra/Vwf/Svep1/Emilin1/Entpd1/Mfsd2b/Pear1/Gp1ba/Il6/Adra2a",15
"GO:0008064","regulation of actin polymerization or depolymerization","20/1333","164/25730",0.121951219512195,2.3539421440726,4.06582754269096,0.000332691625582105,0.00288946888104458,0.00192167647821242,"Kank4/Kank1/Scin/Plekhh2/Sptb/Daam2/Add3/Cyfip2/Pecam1/Arhgap28/Tmod4/Avil/Arhgap18/Tmod2/Baiap2l2/Esam/Lmod1/Eln/Ccl11/Prex1",20
"GO:0002003","angiotensin maturation","5/1333","13/25730",0.384615384615385,7.42397137745975,5.41531141085991,0.000336016299859997,0.00290455664556145,0.0019317107798002,"Ace/Mme/Enpep/Ren1/Ren2",5
"GO:0072014","proximal tubule development","5/1333","13/25730",0.384615384615385,7.42397137745975,5.41531141085991,0.000336016299859997,0.00290455664556145,0.0019317107798002,"Slc22a1/Aqp1/Abcc2/Aqp11/Heyl",5
"GO:0072110","glomerular mesangial cell proliferation","5/1333","13/25730",0.384615384615385,7.42397137745975,5.41531141085991,0.000336016299859997,0.00290455664556145,0.0019317107798002,"Bmp4/Pdgfrb/Egr1/Il6ra/Pdgfd",5
"GO:0006631","fatty acid metabolic process","44/1333","493/25730",0.0892494929006085,1.72272276994198,3.78734308627825,0.000339373742131573,0.00292045657118914,0.00194228521902829,"Gstm1/Irs1/Fads1/Pm20d1/Irs2/Faah/Cyp2d22/Pdk4/Tnxb/Mgll/Ephx1/Cyp4v3/Ces2e/Ppargc1a/Gstm2/Ces1d/Akr1b1/Ppara/Ehhadh/Cp/Dagla/Lipe/Abhd1/Lpin1/Pdk2/Cd36/Abcc9/Cpt1c/Ceacam2/Cyp4f13/Plp1/Gstm7/Mlxipl/Acacb/Cygb/Cyp2j9/Pla2g3/Hnf4a/Ptgis/Angptl4/Trib3/Aloxe3/Fabp4/Echdc3",44
"GO:0030518","nuclear receptor-mediated steroid hormone signaling pathway","18/1333","140/25730",0.128571428571429,2.48172757475083,4.10918366583223,0.000339451865989921,0.00292045657118914,0.00194228521902829,"Pde3a/Igf1/Nkx3-1/Crebrf/Klf9/Lbh/Taf7/Ppara/Calcoco1/Isl1/Pgr/Tcf21/Errfi1/Gper1/Esrrg/Sfrp1/Nodal/Heyl",18
"GO:0043401","steroid hormone receptor signaling pathway","18/1333","140/25730",0.128571428571429,2.48172757475083,4.10918366583223,0.000339451865989921,0.00292045657118914,0.00194228521902829,"Pde3a/Igf1/Nkx3-1/Crebrf/Klf9/Lbh/Taf7/Ppara/Calcoco1/Isl1/Pgr/Tcf21/Errfi1/Gper1/Esrrg/Sfrp1/Nodal/Heyl",18
"GO:0043583","ear development","29/1333","281/25730",0.103202846975089,1.99205495324009,3.90851554905955,0.000340909919125139,0.00292134766474656,0.00194287785165375,"Bmp4/Zeb1/Igf1/Ptprq/Clic5/Kcnma1/Cecr2/Cys1/Frem2/Kcnk2/Cebpd/Gata2/Shh/Stox1/Dchs1/Fgf2/Fgf10/Ankrd24/Osr2/Prrx1/Ntn1/Ednra/Myo15a/Atp2b2/Eya1/C1qtnf5/Ripor2/Gli2/Bmp5",29
"GO:0003071","renal system process involved in regulation of systemic arterial blood pressure","8/1333","35/25730",0.228571428571429,4.41196013289037,4.72141281273421,0.000341207813418437,0.00292134766474656,0.00194287785165375,"Ace/Adora1/Kcnn4/Ednrb/Mas1/Ren1/Ren2/Coro2b",8
"GO:0007212","G protein-coupled dopamine receptor signaling pathway","8/1333","35/25730",0.228571428571429,4.41196013289037,4.72141281273421,0.000341207813418437,0.00292134766474656,0.00194287785165375,"Adcy6/Gna14/Rgs9/Ptger1/Adcy5/Gnao1/Gm527/Rgs4",8
"GO:0048265","response to pain","10/1333","53/25730",0.188679245283019,3.64194822290478,4.50037197310163,0.000341684314222498,0.00292134766474656,0.00194287785165375,"Col6a1/Tmem45b/Kcnip3/Reln/Adam11/Ret/Pirt/Ednrb/Cntnap2/Cacna1a",10
"GO:0010907","positive regulation of glucose metabolic process","12/1333","73/25730",0.164383561643836,3.17298502707869,4.34583808825207,0.000348166534671869,0.00296292419971146,0.00197052883270835,"Irs1/Insr/Irs2/Igf1/Ppargc1a/Ppara/Igf2/Sorbs1/Cd36/Phkg1/Adcy10/Hnf4a",12
"GO:0045600","positive regulation of fat cell differentiation","12/1333","73/25730",0.164383561643836,3.17298502707869,4.34583808825207,0.000348166534671869,0.00296292419971146,0.00197052883270835,"Crebl2/Igf1/Axin2/Dact1/Zfp36/Zbtb16/Cebpb/Sfrp2/Rarres2/Sfrp1/Sult1e1/Cmklr1",12
"GO:0050879","multicellular organismal movement","12/1333","73/25730",0.164383561643836,3.17298502707869,4.34583808825207,0.000348166534671869,0.00296292419971146,0.00197052883270835,"Itpr1/Chrnb1/Col6a1/Nr4a1/Rcsd1/Gstm7/Stac2/Map1a/Cacna1a/Adgrd1/Rem1/Prkd1",12
"GO:0002070","epithelial cell maturation","7/1333","27/25730",0.259259259259259,5.00430663221361,4.86603933772423,0.000350514840000737,0.00297368772297379,0.00197768724497284,"Kcnma1/Bhlha15/Fzd5/Kdr/Akr1b1/Gata2/Pgr",7
"GO:0072537","fibroblast activation","7/1333","27/25730",0.259259259259259,5.00430663221361,4.86603933772423,0.000350514840000737,0.00297368772297379,0.00197768724497284,"Pdgfrb/Ddr2/Zeb2/Nr1d1/Akap12/Cygb/Acta2",7
"GO:0006970","response to osmotic stress","16/1333","117/25730",0.136752136752137,2.63963426754124,4.15497110104911,0.0003541668244314,0.00299541093883506,0.00199213453430881,"Kcnma1/Slc12a6/Slc25a23/Pappa2/Scn7a/Mylk/Akr1b1/Pkn1/Aqp1/Abcb1a/Rcsd1/Errfi1/Hnmt/Capn3/Wnk3/Slc12a5",16
"GO:0042310","vasoconstriction","16/1333","117/25730",0.136752136752137,2.63963426754124,4.15497110104911,0.0003541668244314,0.00299541093883506,0.00199213453430881,"Slc6a4/Dock5/Faah/Itga9/Mgll/Ptger3/Add3/Atp1a2/Ace/Adm/Svep1/Cacna1c/Ednrb/Ednra/Adra2a/Acta2",16
"GO:0001738","morphogenesis of a polarized epithelium","11/1333","63/25730",0.174603174603175,3.3702473237357,4.4028582076849,0.00035541754015421,0.00299675403672267,0.00199302777792029,"Erbb4/Lama1/Camsap3/Brsk2/Pkhd1/Dchs1/Sfrp2/Brsk1/Foxf1/Sfrp1/Astn2",11
"GO:0043536","positive regulation of blood vessel endothelial cell migration","11/1333","63/25730",0.174603174603175,3.3702473237357,4.4028582076849,0.00035541754015421,0.00299675403672267,0.00199302777792029,"Jcad/Igf1/Tgfbr3/Kdr/Gata2/Igf2/Nrp1/Fgf2/Rhoj/Angpt4/Prkd1",11
"GO:0010977","negative regulation of neuron projection development","20/1333","165/25730",0.121212121212121,2.33967582804792,4.03531191807629,0.000360508707273721,0.00303501885617401,0.00201847626223,"Pmp22/Kank1/Dpysl3/Lrp4/Adcy6/Mt3/Dab1/Vim/Ngef/Zfp365/Epha7/Nrp1/Tbx6/Xylt1/Sema3g/Ntn1/Nlgn3/Sema6c/Spock1/Dnm3",20
"GO:0046434","organophosphate catabolic process","29/1333","282/25730",0.102836879432624,1.98499092858321,3.8876599628985,0.00036161596832055,0.00303967848409111,0.00202157520453884,"Insr/Plcb1/Vnn1/Igf1/Prdx6/Col6a1/Ppargc1a/Nt5e/Smpdl3a/Pde2a/Prxl2c/Ppara/Pde8a/Entpd3/Dhtkd1/P2rx7/Cbfa2t3/Pla2g6/Pde8b/Entpd1/Upb1/Pde1a/Pde7b/Enpp2/Mlxipl/Gdpd3/Eno3/Nt5c1a/Pde4b",29
"GO:0046620","regulation of organ growth","17/1333","129/25730",0.131782945736434,2.54371732468001,4.10858696138889,0.000366469312882797,0.00307576461531143,0.00204557472570021,"Erbb4/Slc6a4/Igf1/Lats2/Wwc1/Tgfbr3/Kcnk2/Ppara/Igf2/Fgf2/Flvcr1/Cacna1c/Acacb/Mef2c/Wnt2/Pi16/Rgs4",17
"GO:0015695","organic cation transport","18/1333","141/25730",0.127659574468085,2.46412666996536,4.07492730879931,0.000370637609959708,0.00310126500162933,0.00206253406826102,"Slc16a10/Slc18a1/Flvcr2/Ptger3/Slc38a1/Slc22a1/Llgl2/Slc7a2/Kcnb1/Slc43a1/Abcb1a/Arg2/Slc7a7/Flvcr1/AU018091/Cacna1a/Adra2a/Rgs4",18
"GO:1901890","positive regulation of cell junction assembly","18/1333","141/25730",0.127659574468085,2.46412666996536,4.07492730879931,0.000370637609959708,0.00310126500162933,0.00206253406826102,"Il1rap/Kdr/Acvrl1/Adgrl4/Cux2/Tek/Iqsec2/Amigo1/Nrxn1/Flrt2/Nrp1/Ephb1/Ghrl/Enpp2/Myoc/Cntnap2/Nlgn3/Cldn5",18
"GO:0043242","negative regulation of protein-containing complex disassembly","14/1333","95/25730",0.147368421052632,2.84455324357405,4.21012172588095,0.000375075061870055,0.00312885564529595,0.00208088356193465,"Scin/Plekhh2/Sptb/Add3/Camsap3/Bbof1/Tmod4/Avil/Tmod2/Irak3/Map1a/Lmod1/Apc2/Nav3",14
"GO:0072028","nephron morphogenesis","14/1333","95/25730",0.147368421052632,2.84455324357405,4.21012172588095,0.000375075061870055,0.00312885564529595,0.00208088356193465,"Erbb4/Gpc3/Bmp4/Hs3st3a1/Ptch1/Hs3st3b1/Klhl3/Pgf/Shh/Dchs1/Fgf2/Tcf21/Eya1/Wnt2b",14
"GO:0016053","organic acid biosynthetic process","35/1333","366/25730",0.0956284153005464,1.84585080696404,3.80963838128734,0.000381716317225482,0.00317942468171574,0.0021145151156265,"Gstm1/Fads1/Abat/Pdk4/Gne/Mgll/Aldh1a1/Slc1a3/Gstm2/Slc38a1/Aass/Akr1b1/Ldhb/Cdo1/Ehhadh/Osbpl6/Fmo3/Abhd1/Nr1d1/Upb1/Ceacam2/Errfi1/Plp1/Gstm7/Rdh9/Mlxipl/Acacb/Pla2g3/Aldh1a2/Hnf4a/Ptgis/Cth/Angptl4/Trib3/Aloxe3",35
"GO:0035733","hepatic stellate cell activation","6/1333","20/25730",0.3,5.7906976744186,5.00980750935586,0.000395257809593312,0.00327235311743241,0.00217631830383362,"Pdgfrb/Ddr2/Nr1d1/Akap12/Cygb/Acta2",6
"GO:0060841","venous blood vessel development","6/1333","20/25730",0.3,5.7906976744186,5.00980750935586,0.000395257809593312,0.00327235311743241,0.00217631830383362,"Ccbe1/Acvrl1/Notch4/Acvr2b/Foxf1/Eng",6
"GO:0060973","cell migration involved in heart development","6/1333","20/25730",0.3,5.7906976744186,5.00980750935586,0.000395257809593312,0.00327235311743241,0.00217631830383362,"Bmp4/Pdgfrb/Dchs1/Nrp1/Ednra/Eng",6
"GO:0072189","ureter development","6/1333","20/25730",0.3,5.7906976744186,5.00980750935586,0.000395257809593312,0.00327235311743241,0.00217631830383362,"Bmp4/Shh/Ret/Foxf1/Aldh1a2/Sox17",6
"GO:0035270","endocrine system development","19/1333","154/25730",0.123376623376623,2.38145575354878,4.01919746127361,0.000399996327789144,0.00330162382441295,0.00219578514408033,"Igf1r/Insr/Bmp4/Pdgfra/Pdgfrb/Thra/Bhlha15/Gata2/Il6ra/Shh/Isl1/Fgf2/Fgf10/Ednra/Aldh1a2/Il6/Gli2/Hhex/Bmp5",19
"GO:0048144","fibroblast proliferation","19/1333","154/25730",0.123376623376623,2.38145575354878,4.01919746127361,0.000399996327789144,0.00330162382441295,0.00219578514408033,"Egf/Igf1/Pdgfra/Col3a1/Pdgfrb/Aqp1/Ddr2/Kcnn4/Ereg/Cd248/Fgf10/Abcc9/Rasgrf1/Sfrp1/Ednra/Nlrc3/Wnt2/Gng2/Pdgfd",19
"GO:0010717","regulation of epithelial to mesenchymal transition","15/1333","107/25730",0.14018691588785,2.70593349271897,4.13330364900405,0.000408749831591421,0.00336875741995454,0.00224043315960195,"Bmp4/Spry1/Axin2/Tgfbr3/Tgfb3/Olfm1/Isl1/Sfrp2/Col1a1/Sfrp1/Crb2/Il6/Snai1/Dact3/Eng",15
"GO:0060443","mammary gland morphogenesis","11/1333","64/25730",0.171875,3.31758720930233,4.33915628408141,0.000409357114066255,0.00336875741995454,0.00224043315960195,"Bmp4/Ptch1/Pthlh/Etv4/Etv5/Fgf10/Pgr/Ntn1/Csmd1/Gli2/Ccl11",11
"GO:1901880","negative regulation of protein depolymerization","13/1333","85/25730",0.152941176470588,2.95212038303694,4.21379130263726,0.000415819685921168,0.00340180106948827,0.00226240924125482,"Scin/Plekhh2/Sptb/Add3/Camsap3/Bbof1/Tmod4/Avil/Tmod2/Map1a/Lmod1/Apc2/Nav3",13
"GO:1990874","vascular associated smooth muscle cell proliferation","13/1333","85/25730",0.152941176470588,2.95212038303694,4.21379130263726,0.000415819685921168,0.00340180106948827,0.00226240924125482,"Spon2/Igf1/Ppargc1a/Ndrg2/Tgfb3/Efemp2/Ddr2/Calcrl/Fgf2/Rgs5/Gper1/Mef2c/Il10",13
"GO:0046323","D-glucose import","14/1333","96/25730",0.145833333333333,2.81492248062016,4.16431738204906,0.000418517399220774,0.00340180106948827,0.00226240924125482,"Irs1/Erbb4/Gpc3/Insr/Crebl2/Irs2/Igf1/Klf15/Ace/Erbb3/Sorbs1/Pid1/Acacb/Ocln",14
"GO:0060395","SMAD protein signal transduction","14/1333","96/25730",0.145833333333333,2.81492248062016,4.16431738204906,0.000418517399220774,0.00340180106948827,0.00226240924125482,"Bmp4/Atoh8/Acvr1c/Tgfbr3/Gdf7/Smad9/Tgfb3/Acvrl1/Emilin1/Magi2/Cilp/Nodal/Bmp5/Eng",14
"GO:0003401","axis elongation","8/1333","36/25730",0.222222222222222,4.28940568475452,4.61648197518198,0.000418950177258894,0.00340180106948827,0.00226240924125482,"Nkd1/Bmp4/Spry1/Zfp568/Shh/Fgf10/Sfrp2/Sfrp1",8
"GO:0033687","osteoblast proliferation","8/1333","36/25730",0.222222222222222,4.28940568475452,4.61648197518198,0.000418950177258894,0.00340180106948827,0.00226240924125482,"Igf1r/Junb/Npr3/Axin2/Mn1/Fbln5/Osr2/Sfrp1",8
"GO:0048566","embryonic digestive tract development","8/1333","36/25730",0.222222222222222,4.28940568475452,4.61648197518198,0.000418950177258894,0.00340180106948827,0.00226240924125482,"Pdgfra/Shh/Fgf10/Tcf21/Rarres2/Foxf1/Aldh1a2/Gli2",8
"GO:0060479","lung cell differentiation","8/1333","36/25730",0.222222222222222,4.28940568475452,4.61648197518198,0.000418950177258894,0.00340180106948827,0.00226240924125482,"Agr2/Igf1/Col6a1/Pthlh/Thra/Thrb/Fgf10/Spdef",8
"GO:0060487","lung epithelial cell differentiation","8/1333","36/25730",0.222222222222222,4.28940568475452,4.61648197518198,0.000418950177258894,0.00340180106948827,0.00226240924125482,"Agr2/Igf1/Col6a1/Pthlh/Thra/Thrb/Fgf10/Spdef",8
"GO:0030832","regulation of actin filament length","20/1333","167/25730",0.119760479041916,2.31165575825094,3.97493938924832,0.000422278668955056,0.00342376309290148,0.00227701535246231,"Kank4/Kank1/Scin/Plekhh2/Sptb/Daam2/Add3/Cyfip2/Pecam1/Arhgap28/Tmod4/Avil/Arhgap18/Tmod2/Baiap2l2/Esam/Lmod1/Eln/Ccl11/Prex1",20
"GO:1901292","nucleoside phosphate catabolic process","24/1333","218/25730",0.110091743119266,2.12502666951141,3.89921449763433,0.000422907178469442,0.00342380162628137,0.00227704097955601,"Insr/Vnn1/Igf1/Col6a1/Ppargc1a/Nt5e/Smpdl3a/Pde2a/Prxl2c/Ppara/Pde8a/Entpd3/Dhtkd1/P2rx7/Cbfa2t3/Pde8b/Entpd1/Upb1/Pde1a/Pde7b/Mlxipl/Eno3/Nt5c1a/Pde4b",24
"GO:0006972","hyperosmotic response","9/1333","45/25730",0.2,3.86046511627907,4.48912235673744,0.000427447224046714,0.00345546069630694,0.00229809622974034,"Slc25a23/Akr1b1/Pkn1/Aqp1/Abcb1a/Rcsd1/Errfi1/Hnmt/Wnk3",9
"GO:0046889","positive regulation of lipid biosynthetic process","17/1333","131/25730",0.129770992366412,2.50488194567726,4.03631353894954,0.000439655554612329,0.00354892549892217,0.00236025613528724,"Erbb4/Igf1r/Crebl2/Igf1/Gpr146/Adgrf5/Ppargc1a/Ppara/Igf2/Pla2g6/Sorbs1/Nr1d1/Rdh9/Mlxipl/Pla2g3/Hnf4a/Cyp17a1",17
"GO:0001991","regulation of systemic arterial blood pressure by circulatory renin-angiotensin","7/1333","28/25730",0.25,4.82558139534884,4.73425141712409,0.00044660050169523,0.00358603213471221,0.00238493435544428,"Ace/Kcnn4/Mme/Enpep/Ednrb/Ren1/Ren2",7
"GO:0003272","endocardial cushion formation","7/1333","28/25730",0.25,4.82558139534884,4.73425141712409,0.00044660050169523,0.00358603213471221,0.00238493435544428,"Robo2/Dchs1/Snai1/Bmp5/Heyl/Eng/Tmem100",7
"GO:0072010","glomerular epithelium development","7/1333","28/25730",0.25,4.82558139534884,4.73425141712409,0.00044660050169523,0.00358603213471221,0.00238493435544428,"Klf15/Podxl/Cd34/Pecam1/Magi2/Ednrb/Ednra",7
"GO:0007162","negative regulation of cell adhesion","32/1333","327/25730",0.0978593272171254,1.88891259512126,3.78136628031563,0.000446865727845355,0.00358603213471221,0.00238493435544428,"Ubash3b/Kank1/Bmp4/Cxcl12/Dlc1/Spry4/Dab1/Erbb3/Podxl/Jam2/Acvrl1/Crtam/Cebpb/Ppara/Tnfrsf21/Shh/Rnd1/Arg2/Fgl2/Col1a1/Notch4/Ildr2/Enpp2/Jam3/Plxnd1/Plxnb3/Myoc/Ripor2/Spock1/Coro2b/Apod/Il10",32
"GO:0006941","striated muscle contraction","22/1333","193/25730",0.113989637305699,2.20026509217978,3.91227349049286,0.000447700438715846,0.00358748570527194,0.0023859010702521,"Pkp2/Chrnb1/Cacnb2/Ank2/Ehd3/Atp1a2/Adora1/Nr4a1/Arg2/Abcc9/Rcsd1/Cacna1c/Gstm7/Stac2/Adcy10/Kcnd3/Adgrd1/Rem1/Prkd1/Ttn/Fxyd1/Pde4b",22
"GO:0030041","actin filament polymerization","20/1333","168/25730",0.119047619047619,2.29789590254707,3.94507625406521,0.000456475880233126,0.00365247245860004,0.00242912130220727,"Kank4/Kank1/Scin/Sptb/Daam2/Add3/Cyfip2/Pecam1/Arhgap28/Tmod4/Avil/Arhgap18/Tmod2/Baiap2l2/Gas7/Esam/Lmod1/Eln/Ccl11/Prex1",20
"GO:0009150","purine ribonucleotide metabolic process","36/1333","384/25730",0.09375,1.80959302325581,3.73625035188058,0.000461218790252735,0.00368505085836574,0.00245078796383435,"Insr/Igf1/Adcy6/Npr3/Col6a1/Ppargc1a/Ptger3/Atp1a2/Nt5e/Pde2a/Prxl2c/Slc25a25/Ppara/Pde8a/Rora/Dhtkd1/P2rx7/Cbfa2t3/Pde8b/Entpd1/Abcc9/Gucy1a2/Pde1a/Pde7b/Adcy5/Pid1/Mlxipl/Npr1/Atp2b2/Eno3/Adcy1/Gucy1a1/Adcy10/Sult1e1/Nt5c1a/Pde4b",36
"GO:0001558","regulation of cell growth","40/1333","442/25730",0.0904977375565611,1.74681679469641,3.70191365031274,0.000469824033672157,0.00374425232358965,0.00249016061946072,"Jade2/Myo5b/Igf1/Slit3/Mt3/Cxcl12/Syt1/Mgll/Acvrl1/Olfm1/Ppara/Prr5/Sertad1/Caprin2/D7Ertd443e/Epm2a/Epha7/Plxna4/Nrp1/Fhl1/Sfrp2/Ceacam2/Cgref1/Syt2/Cpne9/Sema3g/Ntn1/Sfrp1/Adcy10/Hnf4a/Tro/Cth/Sema6c/Sox17/Eaf2/Rnf157/Pi16/Rgs4/Dact3/Cryab",40
"GO:0170041","non-proteinogenic amino acid metabolic process","11/1333","65/25730",0.169230769230769,3.26654740608229,4.27670373691658,0.000469992685544411,0.00374425232358965,0.00249016061946072,"Abat/Aldh6a1/Aldh1a1/Slc1a3/Slc38a1/Upb1/Gnmt/Ddah1/Hnf4a/Cth/Dpep1",11
"GO:0030038","contractile actin filament bundle assembly","16/1333","120/25730",0.133333333333333,2.57364341085271,4.03878259949644,0.000472398249805397,0.00375252386856993,0.002495661711212,"Kank4/Dlc1/Tgfb3/Rapgef3/Arhgap28/Zeb2/Ppm1e/Sorbs1/Nrp1/Limch1/Myl9/S1pr1/Arhgef15/Myoc/Eln/Coro2b",16
"GO:0043149","stress fiber assembly","16/1333","120/25730",0.133333333333333,2.57364341085271,4.03878259949644,0.000472398249805397,0.00375252386856993,0.002495661711212,"Kank4/Dlc1/Tgfb3/Rapgef3/Arhgap28/Zeb2/Ppm1e/Sorbs1/Nrp1/Limch1/Myl9/S1pr1/Arhgef15/Myoc/Eln/Coro2b",16
"GO:0043255","regulation of carbohydrate biosynthetic process","17/1333","132/25730",0.128787878787879,2.48590556730092,4.00067685054478,0.000480749388305518,0.00380784039308657,0.00253245063969551,"Irs1/Egf/Insr/Irs2/Igf1/Ppargc1a/Ppara/Igf2/Pdk2/Sorbs1/Cd36/Gper1/Lepr/Gnmt/Mas1/Hnf4a/Il6",17
"GO:2000177","regulation of neural precursor cell proliferation","17/1333","132/25730",0.128787878787879,2.48590556730092,4.00067685054478,0.000480749388305518,0.00380784039308657,0.00253245063969551,"Egf/Slc6a4/Smarca1/Igf1/Smarcd3/Trf/Hdac5/Gata2/Btg2/Dll4/Shh/Fgf2/Zfp423/Lims2/Rassf10/Gli2/Gpr37l1",17
"GO:0007369","gastrulation","23/1333","207/25730",0.111111111111111,2.14470284237726,3.86518591960476,0.000484313705706355,0.00383054456861986,0.00254755032821119,"Gpc3/Bmp4/Atoh8/Col6a1/Zfp568/Dact1/Col5a2/Prickle1/Sfrp2/Osr2/Col5a1/Tbx6/Acvr2b/Foxf1/Sfrp1/Crb2/Nodal/Eya1/Hnf4a/Hhex/Snai1/Sox17/Il10",23
"GO:0048839","inner ear development","26/1333","247/25730",0.105263157894737,2.03182374541004,3.80879003926828,0.000499544051737671,0.00392415513127217,0.00260980717324637,"Bmp4/Zeb1/Igf1/Ptprq/Clic5/Kcnma1/Cecr2/Cys1/Frem2/Kcnk2/Cebpd/Gata2/Shh/Stox1/Dchs1/Fgf2/Fgf10/Ankrd24/Prrx1/Ntn1/Myo15a/Atp2b2/Eya1/C1qtnf5/Ripor2/Gli2",26
"GO:0030949","positive regulation of vascular endothelial growth factor receptor signaling pathway","5/1333","14/25730",0.357142857142857,6.8936877076412,5.15593868804785,0.000500438803405086,0.00392415513127217,0.00260980717324637,"Bmp4/Mt3/Kdr/Tek/Fgf10",5
"GO:0031223","auditory behavior","5/1333","14/25730",0.357142857142857,6.8936877076412,5.15593868804785,0.000500438803405086,0.00392415513127217,0.00260980717324637,"Slc1a3/Nrxn1/Shank3/Foxp2/Cntnap2",5
"GO:0045161","neuronal ion channel clustering","5/1333","14/25730",0.357142857142857,6.8936877076412,5.15593868804785,0.000500438803405086,0.00392415513127217,0.00260980717324637,"Pmp22/Akap5/Kcnb1/Myoc/Cntnap2",5
"GO:0060670","branching involved in labyrinthine layer morphogenesis","5/1333","14/25730",0.357142857142857,6.8936877076412,5.15593868804785,0.000500438803405086,0.00392415513127217,0.00260980717324637,"Fzd5/Llgl2/Adm/Rspo3/Il10",5
"GO:2000489","regulation of hepatic stellate cell activation","5/1333","14/25730",0.357142857142857,6.8936877076412,5.15593868804785,0.000500438803405086,0.00392415513127217,0.00260980717324637,"Pdgfrb/Ddr2/Nr1d1/Cygb/Acta2",5
"GO:0007431","salivary gland development","9/1333","46/25730",0.195652173913043,3.77654196157735,4.40565151434758,0.000507266544422446,0.00396069617248016,0.00263410923783667,"Nkx3-1/Lama1/Tgfb3/Shh/Nrp1/Fgf10/Plxnd1/Edar/Il6",9
"GO:0099170","postsynaptic modulation of chemical synaptic transmission","9/1333","46/25730",0.195652173913043,3.77654196157735,4.40565151434758,0.000507266544422446,0.00396069617248016,0.00263410923783667,"Igf1r/Plcb1/Igf1/Camk4/Chrm1/Rasgrf1/Rasgrf2/Gnao1/Ghrl",9
"GO:0042446","hormone biosynthetic process","12/1333","76/25730",0.157894736842105,3.04773561811506,4.17889491703832,0.000509339049593257,0.00396069617248016,0.00263410923783667,"Igf1r/Igf1/Ppargc1a/Bmpr1b/Egr1/Igf2/Pde8b/Dio3/Rdh9/Cacna1a/Bmp5/Cyp17a1",12
"GO:0051898","negative regulation of phosphatidylinositol 3-kinase/protein kinase B signal transduction","12/1333","76/25730",0.157894736842105,3.04773561811506,4.17889491703832,0.000509339049593257,0.00396069617248016,0.00263410923783667,"Igf1r/Pik3ip1/Ppara/Pkhd1/Lox/Epha7/Fkbp5/Magi2/Gper1/Cntnap2/Nlrc3/Obscn",12
"GO:1905330","regulation of morphogenesis of an epithelium","12/1333","76/25730",0.157894736842105,3.04773561811506,4.17889491703832,0.000509339049593257,0.00396069617248016,0.00263410923783667,"Egf/Bmp4/Pdgfra/Etv5/Shh/Stox1/Mmrn2/Fgf2/Fgf10/Sfrp1/Wnt2/Wnt2b",12
"GO:0050866","negative regulation of cell activation","25/1333","234/25730",0.106837606837607,2.0622142715166,3.81541998956442,0.000509428219670431,0.00396069617248016,0.00263410923783667,"Ubash3b/Bmp4/Mertk/Adgrf5/Pdgfra/Pkn1/Crtam/Cebpb/Rabgef1/Tnfrsf21/Shh/Nr1d1/Emilin1/Arg2/Fgl2/Prdm1/Gper1/Ildr2/Cygb/Sfrp1/Zbtb46/Milr1/Ripor2/Il10/Syt11",25
"GO:0006790","sulfur compound metabolic process","30/1333","302/25730",0.0993377483443709,1.91744956106576,3.74876211608364,0.000517860168095068,0.00402055793871829,0.00267392103469619,"Hmgcs2/Gstm1/Vnn1/Pdk4/Gsta3/Gstm2/Aass/Ces1d/Cdo1/Sult1a1/Ehhadh/Sult5a1/Fmo3/Pdk2/Abcc2/Gstm7/Hnmt/Gstk1/Gnmt/Acacb/Ggt7/Gstm3/Chac1/Cacna1a/Hnf4a/Sult1e1/Pipox/Cth/Dpep1/Cryab",30
"GO:0090130","tissue migration","16/1333","121/25730",0.132231404958678,2.55237363059773,4.00083782200219,0.000518684589883073,0.0040212707822997,0.00267439512000371,"Irs1/Gab2/Kank1/Dock5/Irs2/Daam2/Tgfbr3/Vim/Pkn1/Aqp1/Zeb2/Fgf10/Enpp2/Foxf1/Snai1/Acta2",16
"GO:0090030","regulation of steroid hormone biosynthetic process","6/1333","21/25730",0.285714285714286,5.51495016611296,4.83813888810194,0.000529230966883022,0.00409147715101536,0.00272108672075659,"Igf1r/Igf1/Igf2/Pde8b/Bmp5/Cyp17a1",6
"GO:1900424","regulation of defense response to bacterium","6/1333","21/25730",0.285714285714286,5.51495016611296,4.83813888810194,0.000529230966883022,0.00409147715101536,0.00272108672075659,"Unc13b/Mmrn2/Emilin1/Arg2/Spink5/Syt11",6
"GO:0000271","polysaccharide biosynthetic process","11/1333","66/25730",0.166666666666667,3.21705426356589,4.21545475564819,0.000537961699994245,0.00414729181357923,0.00275820694201662,"Irs1/Egf/Insr/Irs2/Igf1/Fut9/Epm2a/Igf2/Sorbs1/Nr1d1/Cd36",11
"GO:0046676","negative regulation of insulin secretion","11/1333","66/25730",0.166666666666667,3.21705426356589,4.21545475564819,0.000537961699994245,0.00414729181357923,0.00275820694201662,"Irs1/Fbn1/Acvr1c/Ptger3/Pim3/Kcnb1/Pde8b/Gnao1/Ghrl/Adra2a/Pde1c",11
"GO:0099068","postsynapse assembly","15/1333","110/25730",0.136363636363636,2.63213530655391,4.00978654822661,0.000551533186497984,0.00424595464332038,0.00282382385882484,"Il1rap/Lrp4/Cyfip2/Reln/Nrxn1/Flrt2/Prickle1/Shank3/Cpeb3/Dpysl2/Magi2/Arhgef15/Nlgn3/Slc12a5/Pcdh7",15
"GO:0008154","actin polymerization or depolymerization","22/1333","196/25730",0.112244897959184,2.16658756525866,3.83216558800559,0.000553407696005359,0.00425441854814204,0.00282945288183191,"Kank4/Kank1/Scin/Plekhh2/Sptb/Daam2/Add3/Cyfip2/Pecam1/Arhgap28/Tmod4/Avil/Arhgap18/Tmod2/Ghrl/Baiap2l2/Gas7/Esam/Lmod1/Eln/Ccl11/Prex1",22
"GO:0035051","cardiocyte differentiation","23/1333","209/25730",0.110047846889952,2.1241793702014,3.81432966620319,0.000554596142987951,0.00425759192847673,0.00283156337708092,"Bmp4/Igf1/Pdgfra/Spry1/Pdgfrb/Tgfbr3/Myh10/Sox6/Ppara/Sorbs2/Abcb1a/Isl1/Prickle1/Abcc2/Gper1/Nrap/Ednra/Mef2c/Myh11/Ttn/Sox17/Pi16/Rgs4",23
"GO:0007350","blastoderm segmentation","7/1333","29/25730",0.241379310344828,4.65918203688853,4.60857138069819,0.000562582198388483,0.00430685311988059,0.00286432513251304,"Bmp4/Tcf7l1/Fzd5/Shh/Nrp1/Ednra/Pld6",7
"GO:0045475","locomotor rhythm","7/1333","29/25730",0.241379310344828,4.65918203688853,4.60857138069819,0.000562582198388483,0.00430685311988059,0.00286432513251304,"Npas2/Zfhx3/Kcnma1/Egr1/Lepr/Cntnap2/Mapk10",7
"GO:0050790","regulation of catalytic activity","29/1333","290/25730",0.1,1.93023255813953,3.7238338578117,0.000571453602762806,0.00436867524451956,0.0029054406896077,"Pde3a/Fbn1/Rgs16/Lats2/Srgap2/Mt3/Pdgfrb/Rapgef3/Cdc14b/Reln/Zfp36/Ngef/Ddr2/Syde1/Akap5/Ereg/Ksr1/Rcn3/Rasgrp1/Ldb2/Errfi1/Cacna1c/Plxnb3/Ripor2/Apc2/Gng7/Angptl4/Rasip1/Trib3",29
"GO:0044282","small molecule catabolic process","35/1333","375/25730",0.0933333333333333,1.8015503875969,3.65487871709069,0.000595016290767635,0.00454248180809951,0.00302103286198983,"Cyp26b1/Irs1/Adh1/Irs2/Abat/Faah/Aldh6a1/Glb1l2/Aldh1a1/Prodh/Klf9/Aass/Ces1d/Aldh2/Dhdh/Ldhb/Cdo1/Ppara/Ehhadh/Adhfe1/Lipe/Abhd1/Lpin1/Glb1l3/Upb1/Naalad2/Aldh1l1/Asrgl1/Acacb/Eno3/Ddah1/Adcy10/Sult1e1/Pipox/Dpep1",35
"GO:0072089","stem cell proliferation","19/1333","159/25730",0.119496855345912,2.3065672078397,3.86291164886198,0.00059745829848309,0.00455478972274122,0.00302921839055461,"Bmp4/Ptch1/Axin2/Kdr/Ace/Znrf3/Cd34/Hdac5/Shh/Abcb1a/Fgf2/Fgf10/Sfrp2/Osr2/Prrx1/Septin4/Wnt2b/Gli2/Sox17",19
"GO:0030900","forebrain development","42/1333","477/25730",0.0880503144654088,1.69957583735557,3.60492153456654,0.000601871015842722,0.00458206658246977,0.00304735919839778,"Erbb4/Bmp4/Plcb1/Srgap2/Cxcl12/Dlc1/Col3a1/Ptger3/Gdf7/Dixdc1/Atp1a2/Dab1/Reln/Myh10/Robo2/Aqp1/Gata2/Zeb2/Btg2/Shh/Atp1b2/Plxna4/Isl1/Arl13b/Nrp1/Fgf2/Fgf10/Mme/Shank3/Foxp2/Kcna1/Dclk2/Filip1/Kcna2/Cntnap2/Aldh1a2/Sema6b/Wnt2b/Aplp1/Gli2/Hhex/Pianp",42
"GO:0030326","embryonic limb morphogenesis","18/1333","147/25730",0.122448979591837,2.36355007119127,3.875362544127,0.000615063579492278,0.00466954908413985,0.00310554050182605,"Cyp26b1/Gpc3/Bmp4/Lrp4/Ptch1/Frem2/Zbtb16/Shh/Prickle1/Sfrp2/Reck/Flvcr1/Osr2/Prrx1/Cacna1c/Wnt9a/Aldh1a2/Gli2",18
"GO:0035113","embryonic appendage morphogenesis","18/1333","147/25730",0.122448979591837,2.36355007119127,3.875362544127,0.000615063579492278,0.00466954908413985,0.00310554050182605,"Cyp26b1/Gpc3/Bmp4/Lrp4/Ptch1/Frem2/Zbtb16/Shh/Prickle1/Sfrp2/Reck/Flvcr1/Osr2/Prrx1/Cacna1c/Wnt9a/Aldh1a2/Gli2",18
"GO:0001736","establishment of planar polarity","8/1333","38/25730",0.210526315789474,4.06364749082007,4.41763621731957,0.000617547723404986,0.00467547510864823,0.00310948167661487,"Erbb4/Brsk2/Pkhd1/Dchs1/Sfrp2/Brsk1/Sfrp1/Astn2",8
"GO:0032252","secretory granule localization","8/1333","38/25730",0.210526315789474,4.06364749082007,4.41763621731957,0.000617547723404986,0.00467547510864823,0.00310948167661487,"Unc13b/Unc13c/Syt10/P2rx7/Cadps2/Rasgrp1/Sybu/Kif5a",8
"GO:0048661","positive regulation of smooth muscle cell proliferation","16/1333","123/25730",0.130081300813008,2.51087162034411,3.92607944802518,0.000623009837150717,0.00471033195057891,0.00313266364395924,"Igf1r/Bmp4/Flt1/Igf1/Pdgfrb/Ppargc1a/Egr1/Ddr2/Calcrl/Il6ra/Kcnn4/Ereg/Fgf2/S1pr1/Il6/Pdgfd",16
"GO:0010596","negative regulation of endothelial cell migration","10/1333","57/25730",0.175438596491228,3.38637290901673,4.21595282505594,0.000627201694172764,0.00473550219988212,0.00314940342487678,"Stard13/Acvrl1/Hdac5/Ptprm/Dll4/Mmrn2/Fgf2/Robo4/Mef2c/Angpt4",10
"GO:0062197","cellular response to chemical stress","34/1333","362/25730",0.0939226519337017,1.81292560709238,3.64099673812914,0.000632679118904348,0.00477029626877193,0.00317254364424563,"Bmp4/Pdgfra/Mt3/Slc12a6/Slc25a23/Pdgfrb/Ppargc1a/Scn7a/Pink1/Mylk/Akr1b1/Penk/Aqp1/Ddr2/Etv5/Stox1/Abcb1a/Pdk2/Fbxo31/Cd36/Fbln5/Abcc9/Rcsd1/Errfi1/Cygb/Ednra/Nqo1/Capn3/Rbm11/Il6/Pdgfd/Prkd1/Gpr37l1/Wnk3",34
"GO:0006006","glucose metabolic process","26/1333","251/25730",0.103585657370518,1.9994440841286,3.71931094474742,0.000636868115952002,0.00478872477871307,0.00318479974927404,"Irs1/Insr/Irs2/Igf1/Fbn1/Pdk4/Pgm2l1/Rorc/Ppargc1a/Ppara/Rora/Igf2/Pdk2/Sorbs1/Cd36/Gm10768/Errfi1/Lepr/Gnmt/Acacb/Eno3/Phkg1/Adcy10/Hnf4a/Il6/Apod",26
"GO:0032869","cellular response to insulin stimulus","26/1333","251/25730",0.103585657370518,1.9994440841286,3.71931094474742,0.000636868115952002,0.00478872477871307,0.00318479974927404,"Hmgcs2/Bglap3/Irs1/Kank1/Igf1r/Insr/Plcb1/Irs2/Igf1/Pdk4/Tns2/Col6a1/Cpeb1/Vamp2/Igf2/Lpin1/Pdk2/Sorbs1/Gkap1/Ceacam2/Errfi1/Pid1/Rarres2/Grb14/Trib3/Echdc3",26
"GO:0048146","positive regulation of fibroblast proliferation","12/1333","78/25730",0.153846153846154,2.9695885509839,4.07211947773117,0.000648429648556887,0.00486233653132343,0.00323375614206972,"Egf/Igf1/Pdgfra/Pdgfrb/Aqp1/Ddr2/Ereg/Cd248/Fgf10/Rasgrf1/Wnt2/Pdgfd",12
"GO:0060675","ureteric bud morphogenesis","12/1333","78/25730",0.153846153846154,2.9695885509839,4.07211947773117,0.000648429648556887,0.00486233653132343,0.00323375614206972,"Gpc3/Bmp4/Hs3st3a1/Ptch1/Hs3st3b1/Pgf/Shh/Dchs1/Fgf2/Tcf21/Eya1/Wnt2b",12
"GO:0045995","regulation of embryonic development","13/1333","89/25730",0.146067415730337,2.81944081525999,4.019053357917,0.00065367983229206,0.00489501855313931,0.00325549171880357,"Lama2/Insr/Plcb1/Lama1/Lama4/Sfrp2/Osr2/Crb2/Nodal/Wnt2/Hnf4a/Wnt2b/Sox17",13
"GO:0009259","ribonucleotide metabolic process","37/1333","406/25730",0.0911330049261084,1.75907893229465,3.60364596286898,0.000660351782249897,0.00493824377761537,0.00328423918090154,"Insr/Igf1/Adcy6/Npr3/Col6a1/Ppargc1a/Ptger3/Atp1a2/Nt5e/Pde2a/Prxl2c/Slc25a25/Ppara/Pde8a/Rora/Dhtkd1/P2rx7/Cbfa2t3/Pde8b/Entpd1/Abcc9/Upb1/Gucy1a2/Pde1a/Pde7b/Adcy5/Pid1/Mlxipl/Npr1/Atp2b2/Eno3/Adcy1/Gucy1a1/Adcy10/Sult1e1/Nt5c1a/Pde4b",37
"GO:0001837","epithelial to mesenchymal transition","20/1333","173/25730",0.115606936416185,2.23148272617287,3.7988728224023,0.000665974395193956,0.0049733810779966,0.00330760767055493,"Bmp4/Spry1/Axin2/Tgfbr3/Tgfb3/Olfm1/Isl1/Sfrp2/Col1a1/Notch4/Sfrp1/Ednra/Crb2/Wnt2/Il6/Snai1/Dact3/Heyl/Eng/Tmem100",20
"GO:0014013","regulation of gliogenesis","18/1333","148/25730",0.121621621621622,2.34758013827781,3.84305435347803,0.000667009113333715,0.0049733810779966,0.00330760767055493,"Bmp4/Flt1/Igf1/Daam2/Dab1/Trf/Vim/Zfp365/Etv5/Shh/Nr1d1/Plag1/Il34/Ntf3/Enpp2/Ntn1/Il6/Gpr37l1",18
"GO:0031399","regulation of protein modification process","40/1333","450/25730",0.0888888888888889,1.71576227390181,3.58050958957232,0.000667768601654854,0.0049733810779966,0.00330760767055493,"Erbb4/Cnksr3/Crebl2/Fbn1/Lats2/Mt3/Pias1/Klf15/Pdgfrb/Kdr/Pink1/Cdc14b/Egr1/Reln/Tppp/Ddr2/Il15/Epm2a/Epha7/Ereg/Ksr1/Fgf2/Prickle1/Sfrp2/Herpud1/Limch1/Il34/Errfi1/Gper1/Rarres2/Septin4/Clip3/Nlrc3/Fam20a/Capn3/Wnk3/Fxyd1/Trib3/Nscme3l/Bex4",40
"GO:0008016","regulation of heart contraction","23/1333","212/25730",0.108490566037736,2.09412022817025,3.73910771529928,0.000676657449648293,0.00503275439176082,0.00334709461614646,"Pkp2/Cacnb2/Ank2/Thra/Ehd3/Atp1a2/Ace/Adora1/Thrb/Adm/Isl1/Gjc1/Abcc9/Gnao1/Cacna1c/Gstm7/Ednrb/Ednra/Adcy10/Kcnd3/Fxyd1/Rgs4/Pde4b",23
"GO:0007173","epidermal growth factor receptor signaling pathway","16/1333","124/25730",0.129032258064516,2.49062265566392,3.88925129324128,0.000681569552147927,0.00506242932576451,0.00336683029249913,"Rassf2/Egf/Erbb4/Agr2/Itga1/Sh3gl2/Erbb3/Nrg2/Neu3/Ereg/Abcb1a/Prickle1/Ceacam2/Errfi1/Gper1/Adra2a",16
"GO:0001946","lymphangiogenesis","6/1333","22/25730",0.272727272727273,5.26427061310782,4.6771388971832,0.000695994561202599,0.00515561963082465,0.00342880764010315,"Ptpn14/Ccbe1/Acvrl1/Tie1/Acvr2b/Clec14a",6
"GO:0045652","regulation of megakaryocyte differentiation","6/1333","22/25730",0.272727272727273,5.26427061310782,4.6771388971832,0.000695994561202599,0.00515561963082465,0.00342880764010315,"Mturn/Scin/Gata2/Lox/L3mbtl1/Mef2c",6
"GO:0032228","regulation of synaptic transmission, GABAergic","9/1333","48/25730",0.1875,3.61918604651163,4.24551970920784,0.000703656576338057,0.00520535168129325,0.00346188254609218,"Zdhhc3/Erbb4/Plcl2/Kcnk2/Slc38a1/Adora1/Nalcn/Plcl1/Cntnap2",9
"GO:0006171","cAMP biosynthetic process","5/1333","15/25730",0.333333333333333,6.43410852713178,4.92083709577194,0.000718742988466552,0.00528844539369022,0.0035171450317511,"Adcy6/Ptger3/Adcy5/Adcy1/Adcy10",5
"GO:0048484","enteric nervous system development","5/1333","15/25730",0.333333333333333,6.43410852713178,4.92083709577194,0.000718742988466552,0.00528844539369022,0.0035171450317511,"Slc6a4/Ntf3/Ret/Ednrb/Ednra",5
"GO:0060442","branching involved in prostate gland morphogenesis","5/1333","15/25730",0.333333333333333,6.43410852713178,4.92083709577194,0.000718742988466552,0.00528844539369022,0.0035171450317511,"Bmp4/Igf1/Nkx3-1/Shh/Sfrp1",5
"GO:0097084","vascular associated smooth muscle cell development","5/1333","15/25730",0.333333333333333,6.43410852713178,4.92083709577194,0.000718742988466552,0.00528844539369022,0.0035171450317511,"Efemp2/Adm/Nfatc4/Ednra/Eng",5
"GO:0032330","regulation of chondrocyte differentiation","10/1333","58/25730",0.172413793103448,3.3279871692061,4.14880518496624,0.000723174233749269,0.00530682268589537,0.00352936707380026,"Bmp4/Scin/Axin2/Pthlh/Bmpr1b/Sox6/Zbtb16/Thrb/Wnt9a/Gli2",10
"GO:0032881","regulation of polysaccharide metabolic process","10/1333","58/25730",0.172413793103448,3.3279871692061,4.14880518496624,0.000723174233749269,0.00530682268589537,0.00352936707380026,"Irs1/Egf/Insr/Irs2/Igf1/Igf2/Sorbs1/Cd36/Phkg1/Adcy10",10
"GO:0006575","modified amino acid metabolic process","22/1333","200/25730",0.11,2.12325581395349,3.7275766336917,0.000727707195162662,0.0053240245811171,0.00354080740376717,"Gstm1/Slc16a10/Vnn1/Gsta3/Slco4a1/Gstm2/Sult1a1/Dio3/Cpt1c/Ckb/Abcc2/Aldh1l1/Gstm7/Gstk1/Gnmt/Ggt7/Gstm3/Pla2g3/Chac1/Cth/Dpep1/Cryab",22
"GO:0042552","myelination","22/1333","200/25730",0.11,2.12325581395349,3.7275766336917,0.000727707195162662,0.0053240245811171,0.00354080740376717,"Pmp22/Igf1/Adam22/Col6a1/Erbb3/Jam2/Trf/Xk/Tppp/Mal/Amigo1/Tnfrsf21/Bcas1/Lpin1/B4galt6/Ntf3/Plp1/Jam3/Ndrg1/Myoc/Cntnap2/Cldn5",22
"GO:0051966","regulation of synaptic transmission, glutamatergic","13/1333","90/25730",0.144444444444444,2.78811369509044,3.97205898218381,0.000728428212865539,0.0053240245811171,0.00354080740376717,"Syt1/Adora1/Reln/Dgki/Iqsec2/Nrxn1/Pla2g6/Grin2d/Shank3/Homer2/Mef2c/Nlgn3/Grik3",13
"GO:0070555","response to interleukin-1","15/1333","113/25730",0.132743362831858,2.56225560814983,3.89032151547729,0.00073483090677985,0.0053636793182375,0.00356718026975437,"Il1rap/Plcb1/Nkx3-1/Irak2/Egr1/Cebpb/Rora/Nr1d1/Irak3/Akap12/Hnmt/Sele/Sfrp1/Ptgis/Il6",15
"GO:0045216","cell-cell junction organization","25/1333","240/25730",0.104166666666667,2.01065891472868,3.67691533053185,0.000738881858203454,0.00538608568350433,0.00358208189592448,"Pmp22/Pkp2/Kifc3/Cldn8/Bhlha15/Fzd5/Tgfb3/Ace/Acvrl1/Pecam1/Camsap3/Cdh11/Cdh5/Pkhd1/Gjc1/Svep1/Lims2/Jam3/Ocln/Cntnap2/Cldn10/Cldn5/Hnf4a/Esam/Snai1",25
"GO:0032967","positive regulation of collagen biosynthetic process","8/1333","39/25730",0.205128205128205,3.95945140131187,4.32325972055901,0.000742022061030403,0.00540180251060462,0.00359253456324646,"Bmp4/Pdgfrb/Tgfb3/Vim/Ddr2/Creb3l1/Gli2/Eng",8
"GO:0021782","glial cell development","18/1333","150/25730",0.12,2.31627906976744,3.77921543921897,0.000782288179093114,0.00567986748021442,0.00377746505861169,"Pmp22/Lamc3/Hdac11/Adam22/Col6a1/Mxra8/Erbb3/Vim/Tppp/Zeb2/Mal/Shh/B4galt6/Nr1d1/Plp1/Ndrg1/Myoc/Cntnap2",18
"GO:0030278","regulation of ossification","18/1333","150/25730",0.12,2.31627906976744,3.77921543921897,0.000782288179093114,0.00567986748021442,0.00377746505861169,"Bglap3/Bmp4/Lrp4/Mgp/Bmpr1b/Zbtb16/Ddr2/Thrb/P2rx7/Creb3l1/Osr2/Scube2/S1pr1/Acvr2b/Sfrp1/Mef2c/Notum/Adcy10",18
"GO:0050881","musculoskeletal movement","11/1333","69/25730",0.159420289855072,3.07718233906303,4.03850563820784,0.00079284844004027,0.00574893670724048,0.00382340038943149,"Itpr1/Chrnb1/Nr4a1/Rcsd1/Gstm7/Stac2/Map1a/Cacna1a/Adgrd1/Rem1/Prkd1",11
"GO:0070252","actin-mediated cell contraction","15/1333","114/25730",0.131578947368421,2.53977968176255,3.8513560316868,0.000806415809333271,0.00583959944252021,0.00388369674596276,"Pkp2/Cacnb2/Ptger3/Ank2/Atp1a2/Adora1/Zeb2/Abcc9/Limch1/Cacna1c/Adcy10/Kcnd3/Fxyd1/Pde4b/Acta2",15
"GO:0072078","nephron tubule morphogenesis","13/1333","91/25730",0.142857142857143,2.75747508305648,3.92570486809948,0.000810236112881155,0.00585548874182982,0.00389426411802856,"Gpc3/Bmp4/Hs3st3a1/Ptch1/Hs3st3b1/Klhl3/Pgf/Shh/Dchs1/Fgf2/Tcf21/Eya1/Wnt2b",13
"GO:0043467","regulation of generation of precursor metabolites and energy","19/1333","163/25730",0.116564417177914,2.24996433157369,3.74205229047811,0.000811214981127165,0.00585548874182982,0.00389426411802856,"Irs1/Insr/Irs2/Igf1/Slc25a23/Ppargc1a/Pink1/Pde2a/Ifnlr1/Prxl2c/Ppara/P2rx7/Cbfa2t3/Igf2/Sorbs1/Cd36/Mlxipl/Phkg1/Adcy10",19
"GO:0055006","cardiac cell development","16/1333","126/25730",0.126984126984127,2.45108896271687,3.81666214269333,0.000812877103529664,0.00585548874182982,0.00389426411802856,"Bmp4/Igf1/Pdgfra/Spry1/Pdgfrb/Tgfbr3/Myh10/Ppara/Sorbs2/Isl1/Prickle1/Nrap/Myh11/Ttn/Pi16/Rgs4",16
"GO:0106027","neuron projection organization","16/1333","126/25730",0.126984126984127,2.45108896271687,3.81666214269333,0.000812877103529664,0.00585548874182982,0.00389426411802856,"Erbb4/Igf1r/Insr/Myo5b/Reln/Ngef/Cux2/Zfp365/Caprin2/Shank3/Ephb1/Map1a/Cntnap2/Nlgn3/Adcy10/Dnm3",16
"GO:0046777","protein autophosphorylation","12/1333","80/25730",0.15,2.8953488372093,3.96870462260866,0.000818012592288739,0.00588475900271676,0.00391373066159529,"Erbb4/Igf1r/Insr/Flt1/Pdgfra/Pdgfrb/Kdr/Epha7/Errfi1/Ephb1/Obscn/Prkd1",12
"GO:0070873","regulation of glycogen metabolic process","9/1333","49/25730",0.183673469387755,3.5453251067869,4.16863289292714,0.000822873488377612,0.00591197981374962,0.00393183419357062,"Irs1/Insr/Irs2/Igf1/Igf2/Sorbs1/Cd36/Phkg1/Adcy10",9
"GO:0006195","purine nucleotide catabolic process","20/1333","176/25730",0.113636363636364,2.19344608879493,3.71353917110833,0.000827921336051587,0.0059404708674342,0.00395078251589529,"Insr/Igf1/Col6a1/Ppargc1a/Nt5e/Pde2a/Prxl2c/Ppara/Pde8a/Dhtkd1/P2rx7/Cbfa2t3/Pde8b/Entpd1/Pde1a/Pde7b/Mlxipl/Eno3/Nt5c1a/Pde4b",20
"GO:0010718","positive regulation of epithelial to mesenchymal transition","10/1333","59/25730",0.169491525423729,3.27158060701616,4.08310999847784,0.000830920027814273,0.00594644072056394,0.00395475283944267,"Bmp4/Axin2/Tgfb3/Olfm1/Isl1/Col1a1/Crb2/Il6/Snai1/Eng",10
"GO:0048278","vesicle docking","10/1333","59/25730",0.169491525423729,3.27158060701616,4.08310999847784,0.000830920027814273,0.00594644072056394,0.00395475283944267,"Unc13b/Exoc6/Syt1/Unc13c/Vamp2/Syde1/Kcnb1/Nrxn1/Gnao1/Stx19",10
"GO:0042476","odontogenesis","18/1333","151/25730",0.119205298013245,2.30093947327892,3.74767653126046,0.000846060557658058,0.00604690937628265,0.00402157074281544,"Bmp4/Pdgfra/Lrp4/Axin2/Cd34/Id3/Aqp1/Ppara/Aspn/Shh/Fgf10/Col1a1/Osr2/Acvr2b/Ednra/Edar/Fam20a/Gli2",18
"GO:0046473","phosphatidic acid metabolic process","7/1333","31/25730",0.225806451612903,4.35858964741185,4.3735892638106,0.000865696336110049,0.00617117816741307,0.00410421721617177,"Dgki/Pla2g6/Lpin1/Liph/Dgkb/Pla2g3/Gpat2",7
"GO:1900273","positive regulation of long-term synaptic potentiation","7/1333","31/25730",0.225806451612903,4.35858964741185,4.3735892638106,0.000865696336110049,0.00617117816741307,0.00410421721617177,"Reln/Akap5/Mme/Shank3/Cpeb3/Prkar1b/Adcy1",7
"GO:0031623","receptor internalization","19/1333","164/25730",0.115853658536585,2.23624503686897,3.7123884077482,0.000873918041508928,0.00622170704259728,0.00413782206014467,"Egf/Insr/Syne1/Sh3gl2/Ptger3/Ackr3/Calcrl/Akap5/Adm/Grk4/Cd36/Ceacam2/Magi2/Ntf3/Tspan7/Ghrl/Arr3/Sele/Napb",19
"GO:0009101","glycoprotein biosynthetic process","28/1333","284/25730",0.0985915492957746,1.90304618408123,3.57698966631472,0.000877705594130459,0.00624057772821514,0.00415037223949336,"Gcnt1/Insr/Plcb1/Tmtc1/Igf1/Gxylt2/Fut9/Hs3st3a1/Alg13/Galnt18/Fut2/Derl3/Hs3st3b1/Csgalnact1/Galnt15/St6gal1/B3gnt7/Bmpr1b/Chst10/Dse/Pomgnt2/Xylt1/Gfpt2/Galnt11/B3galnt1/Galnt17/Itm2a/Galnt16",28
"GO:0051258","protein polymerization","29/1333","298/25730",0.0973154362416107,1.87841423443109,3.56513150820162,0.000881596331605552,0.0062601322951913,0.00416337724247029,"Kank4/Kank1/Scin/Sptb/Daam2/Add3/Cyfip2/Pecam1/Camsap3/Tppp/Arhgap28/Cdh5/Tmod4/Avil/Arhgap18/Slain1/Map7d3/Tmod2/Baiap2l2/Clip3/Gas7/Esam/Tubb4a/Lmod1/Eln/Tppp3/Ccl11/Prex1/Nav3",29
"GO:0010573","vascular endothelial growth factor production","8/1333","40/25730",0.2,3.86046511627907,4.23197325577944,0.000885901151364394,0.00628257289384904,0.00417830163597405,"Flt1/Ndrg2/Ccbe1/Rora/Il6ra/Isl1/Nodal/Il6",8
"GO:0070542","response to fatty acid","11/1333","70/25730",0.157142857142857,3.03322259136213,3.98165783105158,0.000897336570255791,0.00634628784036585,0.00422067603731651,"Hmgcs2/Irs1/Plcb1/Pdk4/Kcnk2/Jund/Id3/Ppara/Cd36/Nfatc4/Pid1",11
"GO:0048041","focal adhesion assembly","13/1333","92/25730",0.141304347826087,2.72750252780586,3.87997429786044,0.000899618958320663,0.00634628784036585,0.00422067603731651,"Dlc1/Kdr/Acvrl1/Camsap3/Cdh11/Tek/Sorbs1/Nrp1/Limch1/Enpp2/Myoc/Coro2b/Apod",13
"GO:0071347","cellular response to interleukin-1","13/1333","92/25730",0.141304347826087,2.72750252780586,3.87997429786044,0.000899618958320663,0.00634628784036585,0.00422067603731651,"Il1rap/Plcb1/Nkx3-1/Irak2/Egr1/Cebpb/Rora/Nr1d1/Irak3/Akap12/Sfrp1/Ptgis/Il6",13
"GO:0002693","positive regulation of cellular extravasation","6/1333","23/25730",0.260869565217391,5.03538928210313,4.52566048959434,0.00090066646522955,0.00634628784036585,0.00422067603731651,"Ptger3/Pecam1/Plvap/Jam3/Ripor2/Pdgfd",6
"GO:0035633","maintenance of blood-brain barrier","6/1333","23/25730",0.260869565217391,5.03538928210313,4.52566048959434,0.00090066646522955,0.00634628784036585,0.00422067603731651,"Sh3gl2/Zeb2/Abcb1a/Ocln/Cldn5/Wnk3",6
"GO:1904705","regulation of vascular associated smooth muscle cell proliferation","12/1333","81/25730",0.148148148148148,2.85960378983635,3.91819484000286,0.000915780575176126,0.00644451227838687,0.00428600139637086,"Igf1/Ppargc1a/Ndrg2/Tgfb3/Efemp2/Ddr2/Calcrl/Fgf2/Rgs5/Gper1/Mef2c/Il10",12
"GO:0010721","negative regulation of cell development","30/1333","313/25730",0.0958466453674121,1.85006315476633,3.53687353897801,0.000927299644850447,0.00651721863070948,0.00433435564167579,"Ubash3b/Bmp4/Igf1/Fbn1/Daam2/Lrp4/Mt3/Pthlh/Dpysl5/Dab1/Gata2/Btg2/S1pr3/Epha7/Shh/Nrp1/Nr1d1/Fgl2/Tbx6/Nfatc4/Sema3g/Ntn1/Sfrp1/Ednrb/Zbtb46/Nodal/Sema6c/Gpr37l1/Grb14/Ccl11",30
"GO:0062013","positive regulation of small molecule metabolic process","23/1333","217/25730",0.105990783410138,2.04586861000965,3.61646732911591,0.00093218587348238,0.00654318191757645,0.00435162284188571,"Irs1/Insr/Irs2/Igf1/Gpr146/Ppargc1a/Prxl2c/Ppara/P2rx7/Igf2/Sorbs1/Nr1d1/Cd36/Gper1/Pid1/Rdh9/Mlxipl/Pla2g3/Nqo1/Mas1/Phkg1/Adcy10/Hnf4a",23
"GO:0008306","associative learning","17/1333","140/25730",0.121428571428571,2.34385382059801,3.72682688975143,0.000945867662484512,0.00661807072088855,0.00440142855280734,"Slc6a4/Pias1/Atp1a2/Rapgef3/Reln/Apbb1/Btg2/Pde8b/Brsk1/Shank3/Ghrl/Cacna1c/Csmd1/Map1a/Cntnap2/Nlgn3/Pianp",17
"GO:0061178","regulation of insulin secretion involved in cellular response to glucose stimulus","14/1333","104/25730",0.134615384615385,2.59838998211091,3.81783647476732,0.000947533488995574,0.00661807072088855,0.00440142855280734,"Camk2n1/Pim3/Brsk2/Nrxn1/Pla2g6/Pde8b/Nr1d1/Adcy5/Ghrl/Lepr/Mlxipl/Sybu/Adra2a/Pde1c",14
"GO:0007272","ensheathment of neurons","22/1333","204/25730",0.107843137254902,2.08162334701322,3.62541785562184,0.000947677825946147,0.00661807072088855,0.00440142855280734,"Pmp22/Igf1/Adam22/Col6a1/Erbb3/Jam2/Trf/Xk/Tppp/Mal/Amigo1/Tnfrsf21/Bcas1/Lpin1/B4galt6/Ntf3/Plp1/Jam3/Ndrg1/Myoc/Cntnap2/Cldn5",22
"GO:0008366","axon ensheathment","22/1333","204/25730",0.107843137254902,2.08162334701322,3.62541785562184,0.000947677825946147,0.00661807072088855,0.00440142855280734,"Pmp22/Igf1/Adam22/Col6a1/Erbb3/Jam2/Trf/Xk/Tppp/Mal/Amigo1/Tnfrsf21/Bcas1/Lpin1/B4galt6/Ntf3/Plp1/Jam3/Ndrg1/Myoc/Cntnap2/Cldn5",22
"GO:0010543","regulation of platelet activation","9/1333","50/25730",0.18,3.47441860465116,4.09372796730862,0.00095800665601395,0.00667322149093981,0.00443810724426447,"Ubash3b/Pdgfra/Il6ra/Svep1/Emilin1/Mfsd2b/Pear1/Gp1ba/Il6",9
"GO:1903351","cellular response to dopamine","9/1333","50/25730",0.18,3.47441860465116,4.09372796730862,0.00095800665601395,0.00667322149093981,0.00443810724426447,"Adcy6/Gna14/Rgs9/Ptger1/Gper1/Adcy5/Gnao1/Gm527/Rgs4",9
"GO:0097237","cellular response to toxic substance","16/1333","128/25730",0.125,2.41279069767442,3.74545151931997,0.000965108292794193,0.00671416909904604,0.00446533994985026,"Prdx6/Mt3/Aldh1a1/Pink1/Aldh2/Slc22a1/Rdh12/Cp/Abcb1a/Cd36/Fbln5/Gstm7/Gstk1/Cygb/Ednra/Nqo1",16
"GO:0017157","regulation of exocytosis","24/1333","231/25730",0.103896103896104,2.00543642404108,3.58804057001746,0.000967403930201546,0.0067216204719953,0.00447029557620115,"Gab2/Myo5b/Unc13b/Syt1/Doc2b/Vamp2/Gata2/Syt10/P2rx7/Cadps2/Rabgef1/Kcnb1/Pla2g6/Pram1/Syt2/Pclo/Septin4/Foxf1/Syt7/Syt9/Pla2g3/Cacna1a/Adra2a/Syt11",24
"GO:0019693","ribose phosphate metabolic process","37/1333","415/25730",0.0891566265060241,1.72093023255814,3.46088075461819,0.000986082028298192,0.00684273609776078,0.00455084499852037,"Insr/Igf1/Adcy6/Npr3/Col6a1/Ppargc1a/Ptger3/Atp1a2/Nt5e/Pde2a/Prxl2c/Slc25a25/Ppara/Pde8a/Rora/Dhtkd1/P2rx7/Cbfa2t3/Pde8b/Entpd1/Abcc9/Upb1/Gucy1a2/Pde1a/Pde7b/Adcy5/Pid1/Mlxipl/Npr1/Atp2b2/Eno3/Adcy1/Gucy1a1/Adcy10/Sult1e1/Nt5c1a/Pde4b",37
"GO:0072330","monocarboxylic acid biosynthetic process","25/1333","245/25730",0.102040816326531,1.96962505932606,3.56453488469366,0.00099418080003811,0.00687709894643494,0.00457369842963177,"Gstm1/Fads1/Pdk4/Mgll/Aldh1a1/Gstm2/Ldhb/Ehhadh/Osbpl6/Abhd1/Nr1d1/Ceacam2/Errfi1/Plp1/Gstm7/Rdh9/Mlxipl/Acacb/Pla2g3/Aldh1a2/Hnf4a/Ptgis/Angptl4/Trib3/Aloxe3",25
"GO:0072088","nephron epithelium morphogenesis","13/1333","93/25730",0.139784946236559,2.69817454363591,3.83485117267128,0.000997116962872801,0.00687709894643494,0.00457369842963177,"Gpc3/Bmp4/Hs3st3a1/Ptch1/Hs3st3b1/Klhl3/Pgf/Shh/Dchs1/Fgf2/Tcf21/Eya1/Wnt2b",13
"GO:0042447","hormone catabolic process","5/1333","16/25730",0.3125,6.03197674418605,4.70621877349429,0.00100105703374048,0.00687709894643494,0.00457369842963177,"Ace/Hsd17b11/Dio3/Mme/Sult1e1",5
"GO:0045188","regulation of circadian sleep/wake cycle, non-REM sleep","5/1333","16/25730",0.3125,6.03197674418605,4.70621877349429,0.00100105703374048,0.00687709894643494,0.00457369842963177,"Ptger3/Adora1/Ghrl/Kcna2/Il6",5
"GO:0048149","behavioral response to ethanol","5/1333","16/25730",0.3125,6.03197674418605,4.70621877349429,0.00100105703374048,0.00687709894643494,0.00457369842963177,"Adh1/Aldh2/Penk/Fgf2/Unc79",5
"GO:0098840","protein transport along microtubule","5/1333","16/25730",0.3125,6.03197674418605,4.70621877349429,0.00100105703374048,0.00687709894643494,0.00457369842963177,"Kif5c/Camsap3/Map1a/Clip3/Kif5a",5
"GO:0099118","microtubule-based protein transport","5/1333","16/25730",0.3125,6.03197674418605,4.70621877349429,0.00100105703374048,0.00687709894643494,0.00457369842963177,"Kif5c/Camsap3/Map1a/Clip3/Kif5a",5
"GO:0170043","non-proteinogenic amino acid biosynthetic process","5/1333","16/25730",0.3125,6.03197674418605,4.70621877349429,0.00100105703374048,0.00687709894643494,0.00457369842963177,"Abat/Aldh1a1/Slc1a3/Slc38a1/Upb1",5
"GO:1903305","regulation of regulated secretory pathway","19/1333","166/25730",0.114457831325301,2.2093023255814,3.65369964278276,0.00101187176660175,0.00693283265696015,0.00461076481275235,"Gab2/Unc13b/Syt1/Doc2b/Vamp2/Gata2/Syt10/P2rx7/Rabgef1/Kcnb1/Pram1/Syt2/Foxf1/Syt7/Syt9/Pla2g3/Cacna1a/Adra2a/Syt11",19
"GO:0019098","reproductive behavior","11/1333","71/25730",0.154929577464789,2.99050114641336,3.92581706158128,0.0010129589708293,0.00693283265696015,0.00461076481275235,"Tgm4/Slc6a4/Abat/Crebrf/Thra/Serpina5/Thrb/Shh/Npas3/Pgr/Ednrb",11
"GO:1904427","positive regulation of calcium ion transmembrane transport","11/1333","71/25730",0.154929577464789,2.99050114641336,3.92581706158128,0.0010129589708293,0.00693283265696015,0.00461076481275235,"Bmp4/Cacnb2/Rapgef3/Akap5/P2rx7/Gper1/Plp1/Cacna1c/Ednra/Capn3/Trpc1",11
"GO:0072171","mesonephric tubule morphogenesis","12/1333","82/25730",0.146341463414634,2.82473057288712,3.8684522218852,0.00102308548737122,0.00699341997531833,0.00465105914688784,"Gpc3/Bmp4/Hs3st3a1/Ptch1/Hs3st3b1/Pgf/Shh/Dchs1/Fgf2/Tcf21/Eya1/Wnt2b",12
"GO:0003081","regulation of systemic arterial blood pressure by renin-angiotensin","8/1333","41/25730",0.195121951219512,3.76630743051617,4.14359296808775,0.00105130516594324,0.00715693389849388,0.00475980607338634,"Ace/Kcnn4/Mme/Enpep/Ednrb/Mas1/Ren1/Ren2",8
"GO:0006904","vesicle docking involved in exocytosis","8/1333","41/25730",0.195121951219512,3.76630743051617,4.14359296808775,0.00105130516594324,0.00715693389849388,0.00475980607338634,"Unc13b/Exoc6/Unc13c/Vamp2/Syde1/Kcnb1/Nrxn1/Gnao1",8
"GO:0031128","developmental induction","8/1333","41/25730",0.195121951219512,3.76630743051617,4.14359296808775,0.00105130516594324,0.00715693389849388,0.00475980607338634,"Bmp4/Spry1/Fzd5/Robo2/Fgf2/Fgf10/Wnt2/Wnt2b",8
"GO:0016054","organic acid catabolic process","25/1333","246/25730",0.101626016260163,1.96161845339384,3.54237765128587,0.00105352570413246,0.00715693389849388,0.00475980607338634,"Cyp26b1/Irs1/Irs2/Abat/Faah/Aldh6a1/Prodh/Klf9/Aass/Ces1d/Ldhb/Cdo1/Ppara/Ehhadh/Adhfe1/Lipe/Abhd1/Lpin1/Naalad2/Aldh1l1/Asrgl1/Acacb/Ddah1/Pipox/Dpep1",25
"GO:0046395","carboxylic acid catabolic process","25/1333","246/25730",0.101626016260163,1.96161845339384,3.54237765128587,0.00105352570413246,0.00715693389849388,0.00475980607338634,"Cyp26b1/Irs1/Irs2/Abat/Faah/Aldh6a1/Prodh/Klf9/Aass/Ces1d/Ldhb/Cdo1/Ppara/Ehhadh/Adhfe1/Lipe/Abhd1/Lpin1/Naalad2/Aldh1l1/Asrgl1/Acacb/Ddah1/Pipox/Dpep1",25
"GO:0032253","dense core granule localization","7/1333","32/25730",0.21875,4.22238372093023,4.26344727699181,0.00105905888759987,0.00718562946110712,0.00477889040686531,"Unc13b/Unc13c/Syt10/P2rx7/Cadps2/Sybu/Kif5a",7
"GO:0006805","xenobiotic metabolic process","17/1333","142/25730",0.119718309859155,2.31084179495578,3.66129393560765,0.0011091115032314,0.00747975761181194,0.00497450391649592,"Gstm1/Cyp26b1/Cyp2d22/Rorc/Gsta3/Gstm2/Aldh2/Aox3/Nceh1/Sult1a1/Rora/Fmo3/Abcc2/Gstm7/Cyp2j9/Hnf4a/As3mt",17
"GO:0038127","ERBB signaling pathway","17/1333","142/25730",0.119718309859155,2.31084179495578,3.66129393560765,0.0011091115032314,0.00747975761181194,0.00497450391649592,"Rassf2/Egf/Erbb4/Agr2/Itga1/Sh3gl2/Erbb3/Nrg2/Neu3/Ereg/Abcb1a/Prickle1/Ceacam2/Errfi1/Gper1/Myoc/Adra2a",17
"GO:0043244","regulation of protein-containing complex disassembly","17/1333","142/25730",0.119718309859155,2.31084179495578,3.66129393560765,0.0011091115032314,0.00747975761181194,0.00497450391649592,"Igf1r/Insr/Scin/Plekhh2/Sptb/Add3/Camsap3/Bbof1/Tmod4/Ppp1r10/Avil/Tmod2/Irak3/Map1a/Lmod1/Apc2/Nav3",17
"GO:0005978","glycogen biosynthetic process","9/1333","51/25730",0.176470588235294,3.406292749658,4.02071057339357,0.00111058525298355,0.00747975761181194,0.00497450391649592,"Irs1/Insr/Irs2/Igf1/Epm2a/Igf2/Sorbs1/Nr1d1/Cd36",9
"GO:0009250","glucan biosynthetic process","9/1333","51/25730",0.176470588235294,3.406292749658,4.02071057339357,0.00111058525298355,0.00747975761181194,0.00497450391649592,"Irs1/Insr/Irs2/Igf1/Epm2a/Igf2/Sorbs1/Nr1d1/Cd36",9
"GO:1903350","response to dopamine","9/1333","51/25730",0.176470588235294,3.406292749658,4.02071057339357,0.00111058525298355,0.00747975761181194,0.00497450391649592,"Adcy6/Gna14/Rgs9/Ptger1/Gper1/Adcy5/Gnao1/Gm527/Rgs4",9
"GO:0046887","positive regulation of hormone secretion","22/1333","207/25730",0.106280193236715,2.05145489270868,3.55032633443723,0.00114824492698238,0.00771746478046265,0.00513259396470347,"Irs1/Camk2n1/Plcb1/Irs2/Abat/Nkx3-1/Itpr1/Doc2b/Ptger3/Gna14/Pla2g6/Isl1/Gper1/Ghrl/Cacna1c/Lepr/Mlxipl/Sybu/Pla2g3/Prkd1/Trpc1/Myrip",22
"GO:0002043","blood vessel endothelial cell proliferation involved in sprouting angiogenesis","6/1333","24/25730",0.25,4.82558139534884,4.38272409113574,0.00114869169714665,0.00771746478046265,0.00513259396470347,"Jcad/Bmp4/Gata2/Dll4/Mmrn2/Ppp1r16b",6
"GO:0035907","dorsal aorta development","4/1333","10/25730",0.4,7.72093023255814,4.96880805346993,0.0011707059087266,0.00780802519198095,0.00519282226957071,"Nkx3-1/Acvrl1/Dll4/Eng",4
"GO:0048050","post-embryonic eye morphogenesis","4/1333","10/25730",0.4,7.72093023255814,4.96880805346993,0.0011707059087266,0.00780802519198095,0.00519282226957071,"Flt1/Fbn1/Kdr/Mfap2",4
"GO:0060513","prostatic bud formation","4/1333","10/25730",0.4,7.72093023255814,4.96880805346993,0.0011707059087266,0.00780802519198095,0.00519282226957071,"Bmp4/Shh/Fgf10/Gli2",4
"GO:0090031","positive regulation of steroid hormone biosynthetic process","4/1333","10/25730",0.4,7.72093023255814,4.96880805346993,0.0011707059087266,0.00780802519198095,0.00519282226957071,"Igf1r/Igf1/Igf2/Cyp17a1",4
"GO:0097151","positive regulation of inhibitory postsynaptic potential","4/1333","10/25730",0.4,7.72093023255814,4.96880805346993,0.0011707059087266,0.00780802519198095,0.00519282226957071,"Abat/Unc13b/Igsf9b/Nlgn3",4
"GO:0098597","observational learning","4/1333","10/25730",0.4,7.72093023255814,4.96880805346993,0.0011707059087266,0.00780802519198095,0.00519282226957071,"Nrxn1/Shank3/Foxp2/Cntnap2",4
"GO:0033157","regulation of intracellular protein transport","20/1333","181/25730",0.110497237569061,2.1328536554028,3.5750692590837,0.00117326200250959,0.00781557661623194,0.00519784443625862,"Bmp4/Wipf1/Ptpn14/Camk4/Derl3/Rapgef3/Lcp1/Vamp2/Svip/Tek/Akap5/Epm2a/Shh/Cd36/Chrm1/Gper1/Hnf4a/Il6/Prkd1/Apod",20
"GO:0046394","carboxylic acid biosynthetic process","33/1333","361/25730",0.0914127423822715,1.76447851575082,3.41920804525173,0.00119190595533332,0.00792734589877913,0.00527217795916542,"Gstm1/Fads1/Abat/Pdk4/Gne/Mgll/Aldh1a1/Slc1a3/Gstm2/Slc38a1/Aass/Akr1b1/Ldhb/Ehhadh/Osbpl6/Abhd1/Nr1d1/Upb1/Ceacam2/Errfi1/Plp1/Gstm7/Rdh9/Mlxipl/Acacb/Pla2g3/Aldh1a2/Hnf4a/Ptgis/Cth/Angptl4/Trib3/Aloxe3",33
"GO:0048639","positive regulation of developmental growth","23/1333","221/25730",0.104072398190045,2.00883931390087,3.52070577906249,0.00119292907859201,0.00792734589877913,0.00527217795916542,"Erbb4/Igf1r/Insr/Agr2/Myo5b/Plcb1/Igf1/Cxcl12/Syt1/Tgfbr3/Igf2/Dio3/Nrp1/Fgf2/Syt2/Cpne9/Ntn1/Acacb/Mef2c/Capn3/Wnt2/Adcy10/Rnf157",23
"GO:0009100","glycoprotein metabolic process","32/1333","347/25730",0.0922190201729107,1.78004155217479,3.4195528120276,0.00121557629339814,0.00806807530164742,0.00536577176287757,"Gcnt1/Insr/Plcb1/Tmtc1/Igf1/Gxylt2/Fut9/Hs3st3a1/Alg13/Galnt18/Fut2/Derl3/Hs3st3b1/Csgalnact1/Galnt15/St6gal1/B3gnt7/Bmpr1b/Chst10/Dse/Pomgnt2/Xylt1/Gfpt2/Adamts4/Galnt11/Ednrb/Ednra/Fbxo17/B3galnt1/Galnt17/Itm2a/Galnt16",32
"GO:0009948","anterior/posterior axis specification","10/1333","62/25730",0.161290322580645,3.11327831957989,3.89416942058347,0.00123577307304392,0.00817403176332958,0.00543623939845758,"Gpc3/Bmp4/Tcf7l1/Fzd5/Shh/Prickle1/Tbx6/Nodal/Hhex/Pld6",10
"GO:0003206","cardiac chamber morphogenesis","18/1333","156/25730",0.115384615384615,2.22719141323792,3.59363191590007,0.00123584749885534,0.00817403176332958,0.00543623939845758,"Bmp4/Pkp2/Slit3/Tgfbr3/Smarcd3/Robo2/Tek/Dll4/Isl1/Nrp1/Sfrp2/Foxf1/Ednra/Mef2c/Wnt2/Bmp5/Heyl/Eng",18
"GO:0001964","startle response","8/1333","42/25730",0.19047619047619,3.6766334440753,4.05795021054962,0.00124047521567745,0.00817403176332958,0.00543623939845758,"Penk/Nrxn1/Npas3/Grin2d/Kcna1/Csmd1/Cntnap2/Nlgn3",8
"GO:0010714","positive regulation of collagen metabolic process","8/1333","42/25730",0.19047619047619,3.6766334440753,4.05795021054962,0.00124047521567745,0.00817403176332958,0.00543623939845758,"Bmp4/Pdgfrb/Tgfb3/Vim/Ddr2/Creb3l1/Gli2/Eng",8
"GO:0051953","negative regulation of amine transport","8/1333","42/25730",0.19047619047619,3.6766334440753,4.05795021054962,0.00124047521567745,0.00817403176332958,0.00543623939845758,"Abat/Ptger3/Adora1/Slc43a1/Entpd1/Adra2a/Rgs4/Syt11",8
"GO:0072210","metanephric nephron development","8/1333","42/25730",0.19047619047619,3.6766334440753,4.05795021054962,0.00124047521567745,0.00817403176332958,0.00543623939845758,"Bmp4/Pdgfra/Pdgfrb/Cd34/Egr1/Aqp1/Tcf21/Ret",8
"GO:0009166","nucleotide catabolic process","21/1333","195/25730",0.107692307692308,2.07871198568873,3.5343796170281,0.00124430769217205,0.00818945434332423,0.0054464963731575,"Insr/Igf1/Col6a1/Ppargc1a/Nt5e/Pde2a/Prxl2c/Ppara/Pde8a/Dhtkd1/P2rx7/Cbfa2t3/Pde8b/Entpd1/Upb1/Pde1a/Pde7b/Mlxipl/Eno3/Nt5c1a/Pde4b",21
"GO:0002685","regulation of leukocyte migration","25/1333","249/25730",0.100401606425703,1.93798449612403,3.47652546388418,0.00125031452053332,0.00821913341701482,0.00546623480265937,"Gcnt1/Plcb1/Fut9/Cxcl12/Cnn2/Ptger3/Adora1/Jam2/Pecam1/Dpp4/Pgf/Rabgef1/Plvap/Emilin1/Il34/Aoc3/Rarres2/Gp1ba/Jam3/Sele/Ednra/Ripor2/Pdgfd/Apod/Cmklr1",25
"GO:0051058","negative regulation of small GTPase mediated signal transduction","11/1333","73/25730",0.150684931506849,2.90856960815546,3.81702330841785,0.00128119563434894,0.00839531906903869,0.00558340921679266,"Kank1/Spry1/Rasa3/Dlc1/Spry4/Arhgap22/Rabgef1/Arap3/Myoc/Ripor2/Rasip1",11
"GO:0045981","positive regulation of nucleotide metabolic process","9/1333","52/25730",0.173076923076923,3.34078711985689,3.94949263907615,0.00128222005926262,0.00839531906903869,0.00558340921679266,"Insr/Igf1/Prxl2c/Ppara/P2rx7/Pid1/Mlxipl/Nqo1/Adcy10",9
"GO:1900544","positive regulation of purine nucleotide metabolic process","9/1333","52/25730",0.173076923076923,3.34078711985689,3.94949263907615,0.00128222005926262,0.00839531906903869,0.00558340921679266,"Insr/Igf1/Prxl2c/Ppara/P2rx7/Pid1/Mlxipl/Nqo1/Adcy10",9
"GO:0031340","positive regulation of vesicle fusion","7/1333","33/25730",0.212121212121212,4.09443269908386,4.15771881125463,0.00128476371251457,0.00839531906903869,0.00558340921679266,"Syt1/Doc2b/Syt2/Syt7/Syt9/Erc2/Syt11",7
"GO:0060252","positive regulation of glial cell proliferation","7/1333","33/25730",0.212121212121212,4.09443269908386,4.15771881125463,0.00128476371251457,0.00839531906903869,0.00558340921679266,"Flt1/Igf1/Vim/Etv5/Plag1/Ntn1/Il6",7
"GO:0072523","purine-containing compound catabolic process","21/1333","196/25730",0.107142857142857,2.06810631229236,3.50866096656085,0.00132721569171207,0.00866241014483655,0.00576104139039671,"Insr/Vnn1/Igf1/Col6a1/Ppargc1a/Nt5e/Pde2a/Prxl2c/Ppara/Pde8a/Dhtkd1/P2rx7/Cbfa2t3/Pde8b/Entpd1/Pde1a/Pde7b/Mlxipl/Eno3/Nt5c1a/Pde4b",21
"GO:0014015","positive regulation of gliogenesis","13/1333","96/25730",0.135416666666667,2.61385658914729,3.70297415899771,0.00134408185283104,0.00875968107128974,0.00582573260496741,"Flt1/Igf1/Trf/Vim/Zfp365/Etv5/Shh/Plag1/Il34/Ntf3/Enpp2/Ntn1/Il6",13
"GO:0000302","response to reactive oxygen species","23/1333","223/25730",0.103139013452915,1.99082281781208,3.47357799596288,0.00134531082949485,0.00875968107128974,0.00582573260496741,"Pdgfra/Prdx6/Mt3/Col6a1/Pdgfrb/Pink1/Aqp1/Ddr2/Pdk2/Cd36/Fbln5/Abcc9/Col1a1/Txnip/Ptprn/Cygb/Ednra/Nqo1/Il6/Pdgfd/Gpr37l1/Apod/Cryab",23
"GO:0001905","activation of membrane attack complex","5/1333","17/25730",0.294117647058824,5.67715458276334,4.50908191134866,0.00135803560873465,0.00879039794380247,0.00584616123521818,"C1rb/C1s2/Cd59a/C1ra/Cd59b",5
"GO:0038065","collagen-activated signaling pathway","5/1333","17/25730",0.294117647058824,5.67715458276334,4.50908191134866,0.00135803560873465,0.00879039794380247,0.00584616123521818,"Ubash3b/Col4a3/Ddr2/Col1a1/Itga11",5
"GO:0042748","circadian sleep/wake cycle, non-REM sleep","5/1333","17/25730",0.294117647058824,5.67715458276334,4.50908191134866,0.00135803560873465,0.00879039794380247,0.00584616123521818,"Ptger3/Adora1/Ghrl/Kcna2/Il6",5
"GO:1903365","regulation of fear response","5/1333","17/25730",0.294117647058824,5.67715458276334,4.50908191134866,0.00135803560873465,0.00879039794380247,0.00584616123521818,"Npas2/Penk/Shank3/Mef2c/Prkar1b",5
"GO:1904181","positive regulation of membrane depolarization","5/1333","17/25730",0.294117647058824,5.67715458276334,4.50908191134866,0.00135803560873465,0.00879039794380247,0.00584616123521818,"Kdr/P2rx7/Cacna1c/Myoc/Adcy10",5
"GO:0141161","regulation of cAMP/PKA signal transduction","10/1333","63/25730",0.158730158730159,3.06386120339609,3.83372998585365,0.00140187789057029,0.00905283263687098,0.00602069662476504,"Pde3a/Pde2a/Pde8a/Pde8b/Pde1a/Pde7b/Prkar1b/Gpr3/Pde4b/Pde1c",10
"GO:1900024","regulation of substrate adhesion-dependent cell spreading","10/1333","63/25730",0.158730158730159,3.06386120339609,3.83372998585365,0.00140187789057029,0.00905283263687098,0.00602069662476504,"Kank1/Dock5/Pkp2/Spry4/St6gal1/Nrp1/Lims2/Enpp2/Myoc/Prex1",10
"GO:0001764","neuron migration","23/1333","224/25730",0.102678571428571,1.98193521594684,3.45019770817492,0.00142756959642013,0.00918631830568594,0.00610947289490346,"Erbb4/Srgap2/Cxcl12/Col3a1/Dab1/Reln/Myh10/Apbb1/Gata2/Cep85l/Flrt2/Fbxo31/Nrp1/Pomgnt2/Septin4/Ntn1/Mdga2/Mef2c/Filip1/Spock1/Unc5c/Ndn/Astn2",23
"GO:0007179","transforming growth factor beta receptor signaling pathway","23/1333","224/25730",0.102678571428571,1.98193521594684,3.45019770817492,0.00142756959642013,0.00918631830568594,0.00610947289490346,"Zeb1/Fbn1/Lats2/Spry1/Acvr1c/Col3a1/Tgfbr3/Smad9/Col1a2/Tgfb3/Bmpr1b/Acvrl1/Ppara/Zeb2/Cdh5/Aspn/Lox/Emilin1/Cilp/Htra3/Nodal/Cldn5/Eng",23
"GO:0031345","negative regulation of cell projection organization","23/1333","224/25730",0.102678571428571,1.98193521594684,3.45019770817492,0.00142756959642013,0.00918631830568594,0.00610947289490346,"Pmp22/Kank1/Dpysl3/Lrp4/Adcy6/Mt3/Dpysl5/Dab1/Vim/Ngef/Zfp365/Epha7/Nrp1/Tbx6/Nfatc4/Xylt1/Sema3g/Ntn1/Plxnb3/Nlgn3/Sema6c/Spock1/Dnm3",23
"GO:0008286","insulin receptor signaling pathway","18/1333","158/25730",0.113924050632911,2.19899911686782,3.53364871838709,0.00142977916339893,0.00918976326451605,0.00611176400673915,"Irs1/Kank1/Igf1r/Insr/Plcb1/Irs2/Igf1/Pdk4/Tns2/Col6a1/Igf2/Pdk2/Sorbs1/Gkap1/Pid1/Rarres2/Grb14/Trib3",18
"GO:0032414","positive regulation of ion transmembrane transporter activity","6/1333","25/25730",0.24,4.63255813953488,4.24748730282589,0.00144581375157951,0.00926029367843634,0.00615867111770282,"Ehd3/Cracr2a/Reln/Stac2/Nlgn3/Wnk3",6
"GO:0045956","positive regulation of calcium ion-dependent exocytosis","6/1333","25/25730",0.24,4.63255813953488,4.24748730282589,0.00144581375157951,0.00926029367843634,0.00615867111770282,"Syt1/Doc2b/Syt10/Kcnb1/Syt7/Syt9",6
"GO:1900452","regulation of long-term synaptic depression","6/1333","25/25730",0.24,4.63255813953488,4.24748730282589,0.00144581375157951,0.00926029367843634,0.00615867111770282,"Adora1/Penk/Dgki/Iqsec2/Kcnb1/Shank3",6
"GO:0098754","detoxification","16/1333","133/25730",0.120300751879699,2.32208428046861,3.5731293877886,0.00145475326975447,0.00928074695665039,0.0061722738195364,"Prdx6/Mt3/Gsta3/Aldh1a1/Aldh2/Slc22a1/Rdh12/Cp/Abcb1a/Cd36/Fbln5/Abcc2/Gstm7/Gstk1/Cygb/Nqo1",16
"GO:0035886","vascular associated smooth muscle cell differentiation","8/1333","43/25730",0.186046511627907,3.59113034072472,3.97488995524369,0.00145577029143304,0.00928074695665039,0.0061722738195364,"Pdgfrb/Efemp2/Adm/Nfatc4/Gper1/Ednra/Cth/Eng",8
"GO:0071711","basement membrane organization","8/1333","43/25730",0.186046511627907,3.59113034072472,3.97488995524369,0.00145577029143304,0.00928074695665039,0.0061722738195364,"Pmp22/Lama2/Nid1/Lama1/Col3a1/Col6a1/Flrt2/Prickle1",8
"GO:0086004","regulation of cardiac muscle cell contraction","8/1333","43/25730",0.186046511627907,3.59113034072472,3.97488995524369,0.00145577029143304,0.00928074695665039,0.0061722738195364,"Pkp2/Ank2/Atp1a2/Adora1/Cacna1c/Adcy10/Fxyd1/Pde4b",8
"GO:0002686","negative regulation of leukocyte migration","9/1333","53/25730",0.169811320754717,3.2777534006143,3.87999184726301,0.0014746023707481,0.00937901785983353,0.00623763008081286,"Plcb1/Cxcl12/Cnn2/Adora1/Dpp4/Rabgef1/Emilin1/Ripor2/Apod",9
"GO:0044058","regulation of digestive system process","9/1333","53/25730",0.169811320754717,3.2777534006143,3.87999184726301,0.0014746023707481,0.00937901785983353,0.00623763008081286,"Npr3/Ptger3/Abcg5/Aqp1/Abcb1a/Fgf10/Ghrl/Abcg8/Wnk3",9
"GO:0097529","myeloid leukocyte migration","25/1333","252/25730",0.0992063492063492,1.91491325212255,3.41158217840395,0.00147802242870194,0.00937903481057219,0.00623764135410809,"Flt1/Plcb1/Itga9/Itga1/Cxcl12/Mcoln2/Cnn2/Ptger3/Pecam1/Dpp4/Pgf/Rabgef1/Emilin1/Il34/Rarres2/Jam3/Ednrb/Ednra/Ripor2/Pdgfd/Dpep1/Ccl11/Pde4b/Prex1/Cmklr1",25
"GO:1903828","negative regulation of protein localization","25/1333","252/25730",0.0992063492063492,1.91491325212255,3.41158217840395,0.00147802242870194,0.00937903481057219,0.00623764135410809,"Irs1/Fbn1/Lats2/Acvr1c/Derl3/Ptger3/Pim3/Svip/Kcnb1/Dclk3/Mrap2/Pde8b/Cd36/Gnao1/Pid1/Ghrl/Dclk2/Map1a/Hnf4a/Ripor2/Wnk3/Apod/Adra2a/Pde1c/Astn2",25
"GO:0008593","regulation of Notch signaling pathway","13/1333","97/25730",0.134020618556701,2.58690961400144,3.6601312121434,0.00147994784536794,0.00938040845637947,0.00623855491398567,"Dlk2/Tspan5/Acvrl1/Llgl2/Robo2/Gata2/Dll4/Fgf10/Notch4/Egfl7/Galnt11/Cd46/Chac1",13
"GO:0006814","sodium ion transport","26/1333","266/25730",0.0977443609022556,1.88669347788075,3.39789015078717,0.00148766262607763,0.00941843155079596,0.00626384263611633,"Slc9a2/Scnn1a/Slc6a4/Cnksr3/Atp12a/Tpcn1/Slc38a1/Scn7a/Atp1a2/Klhl3/Slc5a3/P2rx7/Atp1b2/Wnk2/Nalcn/Fgf12/Ednrb/Ednra/Slc9b1/Slc10a6/Slc4a5/Slc10a1/Il6/Wnk3/Fxyd1/Slc8a2",26
"GO:0043279","response to alkaloid","15/1333","121/25730",0.12396694214876,2.39285027868537,3.58970802229168,0.0014925079969406,0.00943822165346423,0.00627700428497453,"Irs1/Slc6a4/Abat/Ptch1/Slc1a3/Hdac5/Abcb1a/Pgr/Fkbp5/Homer2/Bche/Gstm7/Hnmt/Sox17/Adra2a",15
"GO:0043524","negative regulation of neuron apoptotic process","23/1333","225/25730",0.102222222222222,1.97312661498708,3.42693810740995,0.0015141022584871,0.00956375983525399,0.0063604949820523,"Mt3/Retreg1/Ppargc1a/Tgfb3/Kdr/Pink1/Erbb3/Lonrf2/Cebpb/Btg2/Isl1/Nrp1/Fgf2/Unc5b/Nfatc4/Ntf3/Plxnd1/Mdga2/Mef2c/Pla2g3/Cacna1a/Il6/Il10",23
"GO:0008045","motor neuron axon guidance","7/1333","34/25730",0.205882352941176,3.97400820793434,4.0560861864812,0.00154639034064652,0.00972295140871565,0.00646636727721968,"Cxcl12/Etv4/Kif5c/Plxna4/Nrp1/Ntn1/Ark2c",7
"GO:0048521","negative regulation of behavior","7/1333","34/25730",0.205882352941176,3.97400820793434,4.0560861864812,0.00154639034064652,0.00972295140871565,0.00646636727721968,"Insr/Ptger3/Adora1/Arrdc3/Ceacam2/Ghrl/Lepr",7
"GO:0060914","heart formation","7/1333","34/25730",0.205882352941176,3.97400820793434,4.0560861864812,0.00154639034064652,0.00972295140871565,0.00646636727721968,"Bmp4/Axin2/Smarcd3/Robo2/Isl1/Mef2c/Eya1",7
"GO:1904706","negative regulation of vascular associated smooth muscle cell proliferation","7/1333","34/25730",0.205882352941176,3.97400820793434,4.0560861864812,0.00154639034064652,0.00972295140871565,0.00646636727721968,"Ndrg2/Tgfb3/Efemp2/Rgs5/Gper1/Mef2c/Il10",7
"GO:0060415","muscle tissue morphogenesis","12/1333","86/25730",0.13953488372093,2.69334775554354,3.67672216359117,0.00156225916184743,0.00981148803132786,0.00652524963662157,"Pkp2/Col3a1/Tgfbr3/Mylk/Efemp2/Dll4/Isl1/S1pr1/Ednra/Wnt2/Ttn/Eng",12
"GO:0030837","negative regulation of actin filament polymerization","10/1333","64/25730",0.15625,3.01598837209302,3.77448088179424,0.00158567803436733,0.00994718483501974,0.00661549644894544,"Kank4/Kank1/Scin/Sptb/Add3/Pecam1/Tmod4/Avil/Tmod2/Lmod1",10
"GO:2000241","regulation of reproductive process","23/1333","226/25730",0.101769911504425,1.9643959662482,3.40379793135454,0.00160508663916197,0.0100350194278242,0.00667391191487174,"Igf1r/Insr/Pde3a/Bmp4/Plcb1/Igf1/Nkx3-1/Acvr1c/Defb1/Syde1/Shh/Abcb1a/Sfrp1/Ednrb/Rbm46/Nodal/Gpr3/Unc5c/Grb14/Snai1/Iho1/Eaf2/Pkdrej",23
"GO:0010761","fibroblast migration","11/1333","75/25730",0.146666666666667,2.83100775193798,3.71187309960615,0.00160516433915643,0.0100350194278242,0.00667391191487174,"Pmp22/Tns1/Aqp1/Ddr2/Zeb2/Cd248/Fgf2/Akap12/Cygb/Itga11/Acta2",11
"GO:0050885","neuromuscular process controlling balance","11/1333","75/25730",0.146666666666667,2.83100775193798,3.71187309960615,0.00160516433915643,0.0100350194278242,0.00667391191487174,"Ptprq/Clic5/Kcnma1/Slc1a3/Myh10/Nrxn1/Pde8b/Shank3/Adcy5/Atp2b2/Cacna1a",11
"GO:0051656","establishment of organelle localization","36/1333","412/25730",0.087378640776699,1.68661097313163,3.28399861438124,0.00162505086760213,0.0101477863620797,0.00674890893820033,"Gab2/Myo5b/Unc13b/Spry1/Exoc6/Syne1/Syt1/Unc13c/Kif5c/Myh10/Pard3b/Llgl2/Gata2/Syt10/Pkhd1/P2rx7/Cadps2/Rabgef1/Apold1/Rab17/Fgf10/Rasgrp1/Dpysl2/Syne3/Pclo/Ntn1/Foxf1/Sybu/Pla2g3/Milr1/Hhex/Kif5a/Myrip/Dnm3/Lat2/Syt11",36
"GO:0048706","embryonic skeletal system development","18/1333","160/25730",0.1125,2.17151162790698,3.47455784258397,0.00164888883174119,0.0102849440879857,0.0068401273546393,"Bmp4/Zeb1/Twist2/Pdgfra/Tgfb3/Shh/Flvcr1/Col1a1/Osr2/Prrx1/Xylt1/Hoxb9/Ednra/Mef2c/Wnt9a/Nodal/Eya1/Hoxa6",18
"GO:0007519","skeletal muscle tissue development","22/1333","213/25730",0.103286384976526,1.99366743094224,3.40388097374062,0.00166058606725098,0.0103461486074241,0.00688083216587181,"Pmp22/Cyp26b1/Col6a1/Egr1/Xk/Hdac5/Dner/Maff/Btg2/Igf2/Shh/Nr4a1/Abcc9/Tcf21/Foxp2/Ephb1/Mettl21c/Mef2c/Cntnap2/Capn3/Eln/Heyl",22
"GO:0042572","retinol metabolic process","9/1333","54/25730",0.166666666666667,3.21705426356589,3.8121311581642,0.00168950250262151,0.0105143755520289,0.00699271354468482,"Adh1/Ces2e/Aldh1a1/Ces1d/Akr1b1/Rdh12/Lipe/Rdh9/Aldh1a2",9
"GO:0055078","sodium ion homeostasis","8/1333","44/25730",0.181818181818182,3.50951374207188,3.89426940313004,0.001699663442453,0.0105536794520639,0.00701885308219456,"Scnn1a/Atp12a/Slc1a3/Scn7a/Atp1a2/Atp1b2/Ednrb/Ednra",8
"GO:2000463","positive regulation of excitatory postsynaptic potential","8/1333","44/25730",0.181818181818182,3.50951374207188,3.89426940313004,0.001699663442453,0.0105536794520639,0.00701885308219456,"Reln/Cux2/Nrxn1/Grin2d/Shank3/Prkar1b/Nlgn3/Rgs4",8
"GO:0048709","oligodendrocyte differentiation","16/1333","135/25730",0.118518518518519,2.28768303186908,3.5063608235874,0.00170203333231443,0.0105564530633603,0.00702069770617478,"Bmp4/Hdac11/Daam2/Sox6/Tppp/Mal/Zfp365/Tnfrsf21/Shh/B4galt6/Gpr17/Il34/Plp1/Enpp2/Cntnap2/Nlgn3",16
"GO:0016052","carbohydrate catabolic process","21/1333","200/25730",0.105,2.02674418604651,3.40729831009293,0.00170775619273456,0.0105799929367043,0.0070363531856997,"Insr/Igf1/Glb1l2/Col6a1/Aldh1a1/Ppargc1a/Gabarapl1/Prxl2c/Dhdh/Neu3/Ppara/Dhtkd1/P2rx7/Cbfa2t3/Pygm/Glb1l3/Wdr45/Mlxipl/Eno3/Phkg1/Adcy10",21
"GO:0032355","response to estradiol","15/1333","123/25730",0.121951219512195,2.3539421440726,3.5182899420984,0.00176074779005931,0.0107493904917681,0.00714901309325863,"Slc6a4/Ptch1/Penk/Arnt2/Abcb1a/Rgs9/Fgf10/Col1a1/Errfi1/Gper1/Txnip/Sfrp1/Aldh1a2/Cryab/Il10",15
"GO:0007207","phospholipase C-activating G protein-coupled acetylcholine receptor signaling pathway","4/1333","11/25730",0.363636363636364,7.01902748414376,4.6671734890253,0.00176447455512535,0.0107493904917681,0.00714901309325863,"Plcb1/Itpr1/Gna14/Trpc1",4
"GO:0007494","midgut development","4/1333","11/25730",0.363636363636364,7.01902748414376,4.6671734890253,0.00176447455512535,0.0107493904917681,0.00714901309325863,"Hmgcs2/Foxf1/Ednrb/Aldh1a2",4
"GO:0031017","exocrine pancreas development","4/1333","11/25730",0.363636363636364,7.01902748414376,4.6671734890253,0.00176447455512535,0.0107493904917681,0.00714901309325863,"Igf1r/Insr/Igf1/Igf2",4
"GO:0033603","positive regulation of dopamine secretion","4/1333","11/25730",0.363636363636364,7.01902748414376,4.6671734890253,0.00176447455512535,0.0107493904917681,0.00714901309325863,"Slc18a1/Cxcl12/Syt1/Pink1",4
"GO:0045602","negative regulation of endothelial cell differentiation","4/1333","11/25730",0.363636363636364,7.01902748414376,4.6671734890253,0.00176447455512535,0.0107493904917681,0.00714901309325863,"Zeb1/Acvrl1/S1pr3/Notch4",4
"GO:0048617","embryonic foregut morphogenesis","4/1333","11/25730",0.363636363636364,7.01902748414376,4.6671734890253,0.00176447455512535,0.0107493904917681,0.00714901309325863,"Shh/Acvr2b/Foxf1/Sox17",4
"GO:0051121","hepoxilin metabolic process","4/1333","11/25730",0.363636363636364,7.01902748414376,4.6671734890253,0.00176447455512535,0.0107493904917681,0.00714901309325863,"Gstm1/Gstm2/Gstm7/Aloxe3",4
"GO:0051122","hepoxilin biosynthetic process","4/1333","11/25730",0.363636363636364,7.01902748414376,4.6671734890253,0.00176447455512535,0.0107493904917681,0.00714901309325863,"Gstm1/Gstm2/Gstm7/Aloxe3",4
"GO:0051901","positive regulation of mitochondrial depolarization","4/1333","11/25730",0.363636363636364,7.01902748414376,4.6671734890253,0.00176447455512535,0.0107493904917681,0.00714901309325863,"Kdr/P2rx7/Myoc/Adcy10",4
"GO:0061299","retina vasculature morphogenesis in camera-type eye","4/1333","11/25730",0.363636363636364,7.01902748414376,4.6671734890253,0.00176447455512535,0.0107493904917681,0.00714901309325863,"Lama1/Nrp1/Arhgef15/Rhoj",4
"GO:0098598","learned vocalization behavior or vocal learning","4/1333","11/25730",0.363636363636364,7.01902748414376,4.6671734890253,0.00176447455512535,0.0107493904917681,0.00714901309325863,"Nrxn1/Shank3/Foxp2/Cntnap2",4
"GO:1901731","positive regulation of platelet aggregation","4/1333","11/25730",0.363636363636364,7.01902748414376,4.6671734890253,0.00176447455512535,0.0107493904917681,0.00714901309325863,"Il6ra/Emilin1/Mfsd2b/Il6",4
"GO:1903367","positive regulation of fear response","4/1333","11/25730",0.363636363636364,7.01902748414376,4.6671734890253,0.00176447455512535,0.0107493904917681,0.00714901309325863,"Npas2/Penk/Mef2c/Prkar1b",4
"GO:2001214","positive regulation of vasculogenesis","4/1333","11/25730",0.363636363636364,7.01902748414376,4.6671734890253,0.00176447455512535,0.0107493904917681,0.00714901309325863,"Kdr/Cd34/Adm/Tmem100",4
"GO:0072659","protein localization to plasma membrane","29/1333","312/25730",0.092948717948718,1.79412641621944,3.29878922452014,0.00178410063129161,0.0108569050611526,0.00722051696734661,"Zdhhc3/Agr2/Pkp2/Myo5b/Lrrc7/Adcy6/Ptch1/Cacnb2/Ank2/Kcnip3/Ehd3/Tspan5/Vamp2/Akap5/Epm2a/Kcnb1/Dchs1/Mrap2/Ttc7b/Sorbs1/Cd36/Pram1/Errfi1/Gper1/Pid1/Stac2/Clip3/Efr3b/Wnk3",29
"GO:1905144","response to acetylcholine","10/1333","65/25730",0.153846153846154,2.9695885509839,3.71637791187463,0.0017885299159715,0.0108642848646069,0.00722542499553304,"Plcb1/Itpr1/Chrnb1/Gna14/Sorbs2/Sorbs1/Chrm1/Ednra/Trpc1/Chrna4",10
"GO:0038128","ERBB2 signaling pathway","6/1333","26/25730",0.230769230769231,4.45438282647585,4.11922105520402,0.00179804296004889,0.0108642848646069,0.00722542499553304,"Egf/Erbb4/Erbb3/Nrg2/Ereg/Myoc",6
"GO:0051930","regulation of sensory perception of pain","6/1333","26/25730",0.230769230769231,4.45438282647585,4.11922105520402,0.00179804296004889,0.0108642848646069,0.00722542499553304,"Mgll/Adora1/Abcb1a/Grin2d/Pirt/Tmem100",6
"GO:0099509","regulation of presynaptic cytosolic calcium ion concentration","6/1333","26/25730",0.230769230769231,4.45438282647585,4.11922105520402,0.00179804296004889,0.0108642848646069,0.00722542499553304,"Cacnb2/Adora1/Tspoap1/Erc2/Cacna1a/Atp2b3",6
"GO:0001710","mesodermal cell fate commitment","5/1333","18/25730",0.277777777777778,5.36175710594315,4.32701215530502,0.00180074397645932,0.0108642848646069,0.00722542499553304,"Bmp4/Sfrp2/Tbx6/Nodal/Eya1",5
"GO:0070341","fat cell proliferation","5/1333","18/25730",0.277777777777778,5.36175710594315,4.32701215530502,0.00180074397645932,0.0108642848646069,0.00722542499553304,"Col6a1/Dio3/Fgf10/Ceacam2/Pid1",5
"GO:1903587","regulation of blood vessel endothelial cell proliferation involved in sprouting angiogenesis","5/1333","18/25730",0.277777777777778,5.36175710594315,4.32701215530502,0.00180074397645932,0.0108642848646069,0.00722542499553304,"Jcad/Gata2/Dll4/Mmrn2/Ppp1r16b",5
"GO:0060538","skeletal muscle organ development","23/1333","228/25730",0.100877192982456,1.94716442268462,3.35787089866917,0.0018011476091806,0.0108642848646069,0.00722542499553304,"Pmp22/Cyp26b1/Col6a1/Egr1/Xk/Hdac5/Dner/Maff/Btg2/Igf2/Shh/Des/Nr4a1/Abcc9/Tcf21/Foxp2/Ephb1/Mettl21c/Mef2c/Cntnap2/Capn3/Eln/Heyl",23
"GO:0031401","positive regulation of protein modification process","25/1333","256/25730",0.09765625,1.88499273255814,3.32636138093984,0.0018364349389074,0.0110649740720776,0.00735889579771316,"Erbb4/Crebl2/Fbn1/Mt3/Pias1/Pdgfrb/Kdr/Cdc14b/Egr1/Reln/Ddr2/Il15/Ereg/Fgf2/Prickle1/Limch1/Il34/Gper1/Rarres2/Septin4/Clip3/Fam20a/Wnk3/Trib3/Nscme3l",25
"GO:0050727","regulation of inflammatory response","37/1333","430/25730",0.086046511627907,1.66089778258518,3.23047643243739,0.0018462135272237,0.0110962235260366,0.00737967862774258,"Pmp22/Camk2n1/Igf1/Mgll/Map3k8/Ptger3/Nt5e/Adora1/Pde2a/Gna14/Zfp36/Cebpb/Ppara/Rora/Cdh5/Dagla/Kcnn4/Rabgef1/Slc7a2/Isl1/Nr1d1/Il16/Gpr17/Aoc3/Ctla2a/Gper1/Ghrl/Foxf1/Ednrb/Pla2g3/Nlrc3/Mas1/Ptgis/Il6/Il10/Fabp4/Syt11",37
"GO:0002066","columnar/cuboidal epithelial cell development","7/1333","35/25730",0.2,3.86046511627907,3.95826332206831,0.00184768597245354,0.0110962235260366,0.00737967862774258,"Kcnma1/Bhlha15/Fzd5/Gata2/Pgr/Prdm1/Spdef",7
"GO:0008209","androgen metabolic process","7/1333","35/25730",0.2,3.86046511627907,3.95826332206831,0.00184768597245354,0.0110962235260366,0.00737967862774258,"Hsd17b11/Adm/Chst10/Shh/Tiparp/Rdh9/Cyp17a1",7
"GO:0070509","calcium ion import","12/1333","88/25730",0.136363636363636,2.63213530655391,3.58492325491028,0.00190894260074219,0.0114515693283868,0.00761600568233985,"Egf/Cxcl12/Cacnb2/Pdgfrb/Ace/Akap5/Kcnn4/Isl1/Cacna1c/Cacna1a/Wnk3/Slc8a2",12
"GO:0007617","mating behavior","9/1333","55/25730",0.163636363636364,3.15856236786469,3.74583837931253,0.00192876789054476,0.0115326873106756,0.00766995418462244,"Tgm4/Slc6a4/Abat/Thra/Serpina5/Thrb/Shh/Pgr/Ednrb",9
"GO:0051489","regulation of filopodium assembly","9/1333","55/25730",0.163636363636364,3.15856236786469,3.74583837931253,0.00192876789054476,0.0115326873106756,0.00766995418462244,"Dpysl3/Daam2/Tenm2/Tgfb3/Rab17/Nrp1/Ppp1r16b/Ripor2/Dnm3",9
"GO:0061383","trabecula morphogenesis","9/1333","55/25730",0.163636363636364,3.15856236786469,3.74583837931253,0.00192876789054476,0.0115326873106756,0.00766995418462244,"Tgfbr3/Tek/Dll4/Col1a1/S1pr1/Sfrp1/Bmp5/Eng/Chad",9
"GO:0010631","epithelial cell migration","14/1333","112/25730",0.125,2.41279069767442,3.50245482532454,0.00195287121904638,0.0116641024171334,0.00775735340204208,"Irs1/Gab2/Kank1/Dock5/Irs2/Daam2/Tgfbr3/Vim/Pkn1/Aqp1/Zeb2/Fgf10/Enpp2/Snai1",14
"GO:0007616","long-term memory","8/1333","45/25730",0.177777777777778,3.43152454780362,3.81595676394755,0.0019747372194057,0.0117818832579542,0.00783568498501027,"Camk2n1/Camk4/Egr1/Reln/Chst10/Cpeb3/Nfatc4/Adcy1",8
"GO:0046847","filopodium assembly","11/1333","77/25730",0.142857142857143,2.75747508305648,3.61013775159588,0.00199315272927578,0.0118531043672749,0.00788305145136386,"Dpysl3/Daam2/Srgap2/Tenm2/Tgfb3/Rab17/Nrp1/Ppp1r16b/Ripor2/Fgd3/Dnm3",11
"GO:0060390","regulation of SMAD protein signal transduction","11/1333","77/25730",0.142857142857143,2.75747508305648,3.61013775159588,0.00199315272927578,0.0118531043672749,0.00788305145136386,"Bmp4/Atoh8/Tgfbr3/Gdf7/Tgfb3/Acvrl1/Emilin1/Cilp/Nodal/Bmp5/Eng",11
"GO:0090278","negative regulation of peptide hormone secretion","11/1333","77/25730",0.142857142857143,2.75747508305648,3.61013775159588,0.00199315272927578,0.0118531043672749,0.00788305145136386,"Irs1/Fbn1/Acvr1c/Ptger3/Pim3/Kcnb1/Pde8b/Gnao1/Ghrl/Adra2a/Pde1c",11
"GO:0019228","neuronal action potential","10/1333","66/25730",0.151515151515152,2.9245947850599,3.65937919188659,0.00201184566882457,0.0119126438793723,0.00792264892918143,"Pmp22/Kcnma1/Kcnk2/P2rx7/Fgf12/Gper1/Kcna1/Kcna2/Cntnap2/Chrna4",10
"GO:0021515","cell differentiation in spinal cord","10/1333","66/25730",0.151515151515152,2.9245947850599,3.65937919188659,0.00201184566882457,0.0119126438793723,0.00792264892918143,"Ptch1/Gdf7/Lonrf2/Sox6/Gata2/Dll4/Shh/Isl1/Cacna1a/Gli2",10
"GO:0045778","positive regulation of ossification","10/1333","66/25730",0.151515151515152,2.9245947850599,3.65937919188659,0.00201184566882457,0.0119126438793723,0.00792264892918143,"Bmp4/Bmpr1b/Zbtb16/Thrb/P2rx7/Osr2/Scube2/Acvr2b/Mef2c/Adcy10",10
"GO:0072577","endothelial cell apoptotic process","10/1333","66/25730",0.151515151515152,2.9245947850599,3.65937919188659,0.00201184566882457,0.0119126438793723,0.00792264892918143,"Col4a3/Bmp4/Kdr/Gata2/Cdh5/Tek/Cd248/Gper1/Angptl4/Il10",10
"GO:0010565","regulation of ketone metabolic process","18/1333","163/25730",0.110429447852761,2.13154515622771,3.3875375774206,0.00203032459692991,0.0120091074488667,0.00798680320117166,"Irs1/Irs2/Pdk4/Kcnma1/Ppargc1a/Egr1/Ppara/Pdk2/Nr1d1/Ceacam2/Rdh9/Mlxipl/Acacb/Pla2g3/Hnf4a/Angptl4/Bmp5/Trib3",18
"GO:0007204","positive regulation of cytosolic calcium ion concentration","21/1333","203/25730",0.103448275862069,1.99679230152366,3.33281433072926,0.00205077328269414,0.0121170016670701,0.00805855956533146,"Bmp4/Itpr1/Ptger3/Kdr/Ackr3/Gata2/Akap5/P2rx7/Adm/Pla2g6/Cd36/Ptger1/Gper1/Adcy5/Ghrl/Cacna1c/Ednrb/Ednra/Cacna1a/Slc8a2/Cmklr1",21
"GO:0021510","spinal cord development","15/1333","125/25730",0.12,2.31627906976744,3.44825128817769,0.00206805360412479,0.0122059636914419,0.00811772484335571,"Vldlr/Vit/Daam2/Ptch1/Gdf7/Dab1/Lonrf2/Reln/Sox6/Gata2/Dll4/Shh/Isl1/Cacna1a/Gli2",15
"GO:0022604","regulation of cell morphogenesis","27/1333","287/25730",0.0940766550522648,1.81589822542744,3.24901033661159,0.00212214358833379,0.0125117574182215,0.00832109668646232,"Epb41l2/Kank1/Myo5b/Coch/Syt1/Kdr/Reln/Myh10/Cux2/Akap5/Caprin2/Rhobtb1/Arhgap18/Fbxo31/Syne3/Syt2/Cpne9/Enpp2/Plxnd1/Plxnb3/Arap3/Parvb/Gas7/Rhoj/Il6/Rnf157/Ccl11",27
"GO:0110020","regulation of actomyosin structure organization","14/1333","113/25730",0.123893805309735,2.3914385676065,3.46495373022553,0.00212511934401336,0.0125158584541731,0.00832382413037988,"Kank4/Dlc1/Tgfb3/Rapgef3/Arhgap28/Ppm1e/Nrp1/Limch1/S1pr1/Arhgef15/Mef2c/Myoc/Prkd1/Coro2b",14
"GO:0120162","positive regulation of cold-induced thermogenesis","13/1333","101/25730",0.128712871287129,2.48445774810039,3.49398480778579,0.0021424421455644,0.0126043568456624,0.00838268106370773,"Igf1r/Ppargc1a/Thra/Cebpb/Lpin1/Cd36/Esrrg/Ghrl/Lepr/Gpr3/Fabp4/Cmklr1/Mfap2",13
"GO:0031646","positive regulation of nervous system process","9/1333","56/25730",0.160714285714286,3.10215946843854,3.6810457777674,0.00219432079644506,0.0128819538520716,0.00856730033444579,"Igf1/Abat/Unc13b/Trf/Tppp/Igsf9b/Cntnap2/Nlgn3/Il6",9
"GO:1900271","regulation of long-term synaptic potentiation","9/1333","56/25730",0.160714285714286,3.10215946843854,3.6810457777674,0.00219432079644506,0.0128819538520716,0.00856730033444579,"Adora1/Reln/Akap5/Mme/Shank3/Cpeb3/Prkar1b/Adcy1/Nlgn3",9
"GO:0032878","regulation of establishment or maintenance of cell polarity","6/1333","27/25730",0.222222222222222,4.28940568475452,3.99729064976744,0.00221162242291978,0.0129141888125902,0.00858873858761787,"Kank1/Igf1/Llgl2/Cdh5/Tek/Ripor2",6
"GO:0035024","negative regulation of Rho protein signal transduction","6/1333","27/25730",0.222222222222222,4.28940568475452,3.99729064976744,0.00221162242291978,0.0129141888125902,0.00858873858761787,"Kank1/Dlc1/Arap3/Myoc/Ripor2/Rasip1",6
"GO:0051931","regulation of sensory perception","6/1333","27/25730",0.222222222222222,4.28940568475452,3.99729064976744,0.00221162242291978,0.0129141888125902,0.00858873858761787,"Mgll/Adora1/Abcb1a/Grin2d/Pirt/Tmem100",6
"GO:1905207","regulation of cardiocyte differentiation","6/1333","27/25730",0.222222222222222,4.28940568475452,3.99729064976744,0.00221162242291978,0.0129141888125902,0.00858873858761787,"Bmp4/Sox6/Prickle1/Gper1/Mef2c/Sox17",6
"GO:0086003","cardiac muscle cell contraction","11/1333","78/25730",0.141025641025641,2.72212283840191,3.56048472651759,0.00221392816043858,0.0129141888125902,0.00858873858761787,"Pkp2/Cacnb2/Ank2/Atp1a2/Adora1/Abcc9/Cacna1c/Adcy10/Kcnd3/Fxyd1/Pde4b",11
"GO:1904377","positive regulation of protein localization to cell periphery","11/1333","78/25730",0.141025641025641,2.72212283840191,3.56048472651759,0.00221392816043858,0.0129141888125902,0.00858873858761787,"Epb41l2/Agr2/Myo5b/Pias1/Akap5/Sorbs1/Cd36/Gper1/Stac2/Clip3/Wnk3",11
"GO:0002237","response to molecule of bacterial origin","39/1333","465/25730",0.0838709677419355,1.61890472618155,3.1481030447324,0.00223480612285891,0.0130221346161067,0.00866052925921857,"Spon2/Hmgcs2/Thbd/Irak2/Col6a1/Ptger3/Fzd5/Ace/Il12rb2/Pde2a/Zfp36/Vim/Jund/Plscr2/Penk/Cebpb/P2rx7/Ppm1e/Adm/Nr4a1/Abcb1a/Fgf10/Nr1d1/Cd36/Ptger1/Prdm1/Irak3/Irf8/Akap12/Ednrb/Ednra/Mef2c/Nlrc3/Nqo1/Il6/Ssc5d/Ren1/Pde4b/Il10",39
"GO:0048145","regulation of fibroblast proliferation","15/1333","126/25730",0.119047619047619,2.29789590254707,3.41373291623245,0.00223767205015116,0.0130250072993422,0.00866243977219871,"Egf/Igf1/Pdgfra/Pdgfrb/Aqp1/Ddr2/Kcnn4/Ereg/Cd248/Fgf10/Rasgrf1/Sfrp1/Nlrc3/Wnt2/Pdgfd",15
"GO:0016485","protein processing","26/1333","274/25730",0.0948905109489051,1.83160753692073,3.23487074297692,0.0022531928065711,0.0130963826185811,0.00870990879773693,"C1rb/C1s2/Cpm/Ppp1r15a/Ptch1/Pthlh/Ccbe1/Ace/C1ra/Spon1/P2rx7/Shh/Ero1b/Mme/Ctla2a/Enpep/Klkb1/Notch4/Adam19/Hid1/Chac1/Clec3b/Ren1/Ren2/Arxes1/Adamts2",26
"GO:0010812","negative regulation of cell-substrate adhesion","10/1333","67/25730",0.149253731343284,2.88094411662617,3.60344499556579,0.00225709199438471,0.0130963826185811,0.00870990879773693,"Kank1/Dlc1/Spry4/Acvrl1/Col1a1/Enpp2/Myoc/Spock1/Coro2b/Apod",10
"GO:0060688","regulation of morphogenesis of a branching structure","10/1333","67/25730",0.149253731343284,2.88094411662617,3.60344499556579,0.00225709199438471,0.0130963826185811,0.00870990879773693,"Bmp4/Pdgfra/Pgf/Etv5/Shh/Fgf2/Fgf10/Sfrp1/Wnt2/Wnt2b",10
"GO:0032885","regulation of polysaccharide biosynthetic process","8/1333","46/25730",0.173913043478261,3.35692618806876,3.73983018206271,0.00228367841413902,0.0132226907333429,0.00879391154811696,"Irs1/Egf/Insr/Irs2/Igf1/Igf2/Sorbs1/Cd36",8
"GO:0033144","negative regulation of intracellular steroid hormone receptor signaling pathway","8/1333","46/25730",0.173913043478261,3.35692618806876,3.73983018206271,0.00228367841413902,0.0132226907333429,0.00879391154811696,"Igf1/Crebrf/Lbh/Isl1/Tcf21/Sfrp1/Nodal/Heyl",8
"GO:0090288","negative regulation of cellular response to growth factor stimulus","14/1333","114/25730",0.12280701754386,2.37046103631171,3.42784973779438,0.00230973783886857,0.0133454221026838,0.00887553554038362,"Bmp4/Cd59a/Fbn1/Spry1/Spry4/Adgra2/Mmrn2/Creb3l1/Chrdl1/Emilin1/Sfrp2/Sfrp1/Htra3/Hhex",14
"GO:0097061","dendritic spine organization","14/1333","114/25730",0.12280701754386,2.37046103631171,3.42784973779438,0.00230973783886857,0.0133454221026838,0.00887553554038362,"Erbb4/Igf1r/Insr/Myo5b/Reln/Ngef/Cux2/Zfp365/Caprin2/Shank3/Ephb1/Cntnap2/Nlgn3/Dnm3",14
"GO:0032368","regulation of lipid transport","17/1333","152/25730",0.111842105263158,2.15881272949816,3.34934646817177,0.00232931240927199,0.0134158665087501,0.00892238545077626,"Egf/Irs2/Abca5/Nkx3-1/Atp8a1/Ptch1/Dennd5b/Abca8a/P2rx7/Pla2g6/Osbpl6/Shh/Ghrl/Acacb/Abca8b/Pla2g3/Ren1",17
"GO:0002921","negative regulation of humoral immune response","5/1333","19/25730",0.263157894736842,5.07955936352509,4.15804216020069,0.00234054200043581,0.0134158665087501,0.00892238545077626,"Cd59a/Serping1/Cd46/Cd59b/Spink5",5
"GO:0055003","cardiac myofibril assembly","5/1333","19/25730",0.263157894736842,5.07955936352509,4.15804216020069,0.00234054200043581,0.0134158665087501,0.00892238545077626,"Pdgfra/Pdgfrb/Myh10/Nrap/Ttn",5
"GO:0060766","negative regulation of androgen receptor signaling pathway","5/1333","19/25730",0.263157894736842,5.07955936352509,4.15804216020069,0.00234054200043581,0.0134158665087501,0.00892238545077626,"Igf1/Tcf21/Sfrp1/Nodal/Heyl",5
"GO:1902065","response to L-glutamate","5/1333","19/25730",0.263157894736842,5.07955936352509,4.15804216020069,0.00234054200043581,0.0134158665087501,0.00892238545077626,"Igf1r/Amigo1/Kcnb1/Abcb1a/Grin2d",5
"GO:1990504","dense core granule exocytosis","5/1333","19/25730",0.263157894736842,5.07955936352509,4.15804216020069,0.00234054200043581,0.0134158665087501,0.00892238545077626,"Unc13b/Unc13c/Syt10/P2rx7/Cadps2",5
"GO:0008589","regulation of smoothened signaling pathway","13/1333","102/25730",0.127450980392157,2.46010031919745,3.45369307049583,0.00234148298695256,0.0134158665087501,0.00892238545077626,"Gpc3/Ptch1/Hhip/Rora/Shh/Isl1/Fgf10/Scube2/Prrx1/Sfrp1/Wnt9a/Gli2/Gpr37l1",13
"GO:1901879","regulation of protein depolymerization","13/1333","102/25730",0.127450980392157,2.46010031919745,3.45369307049583,0.00234148298695256,0.0134158665087501,0.00892238545077626,"Scin/Plekhh2/Sptb/Add3/Camsap3/Bbof1/Tmod4/Avil/Tmod2/Map1a/Lmod1/Apc2/Nav3",13
"GO:0022600","digestive system process","15/1333","127/25730",0.118110236220472,2.27980223402307,3.37954015807497,0.00241867004959347,0.013843670388132,0.00920690163217184,"Kcnma1/Npr3/Ptger3/Abcg5/Aqp1/Kcnn4/Abcb1a/Fgf10/Cd36/Chrm1/Ghrl/Abcg8/Npc1l1/Trpc1/Wnk3",15
"GO:0002792","negative regulation of peptide secretion","11/1333","79/25730",0.139240506329114,2.6876655872829,3.51160861095899,0.00245411948065148,0.0140319394055167,0.00933211223563525,"Irs1/Fbn1/Acvr1c/Ptger3/Pim3/Kcnb1/Pde8b/Gnao1/Ghrl/Adra2a/Pde1c",11
"GO:0051954","positive regulation of amine transport","9/1333","57/25730",0.157894736842105,3.04773561811506,3.61768972968982,0.00248815562812112,0.0142117442692579,0.0094516936506096,"Abat/Slc18a1/Cxcl12/Syt1/Pink1/P2rx7/Kcnb1/Dpysl2/Nat8l",9
"GO:0051899","membrane depolarization","14/1333","115/25730",0.121739130434783,2.34984833164813,3.39113460974752,0.0025073892970084,0.0142918586202275,0.00950497467565736,"Slc6a4/Chrnb1/Col6a1/Cacnb2/Atp1a2/Kdr/P2rx7/Fgf12/Fhl1/Cacna1c/Myoc/Adcy10/Cacna1a/Chrna4",14
"GO:0090132","epithelium migration","14/1333","115/25730",0.121739130434783,2.34984833164813,3.39113460974752,0.0025073892970084,0.0142918586202275,0.00950497467565736,"Irs1/Gab2/Kank1/Dock5/Irs2/Daam2/Tgfbr3/Vim/Pkn1/Aqp1/Zeb2/Fgf10/Enpp2/Snai1",14
"GO:0061008","hepaticobiliary system development","20/1333","193/25730",0.103626943005181,2.00024099289071,3.26029336859565,0.00253405379799403,0.0143660046520809,0.00955428639737209,"Hmgcs2/Bmp4/Ptch1/Itpr1/Ephx1/Tgfbr3/Cebpb/Cp/Dbp/Vwf/Upb1/Ceacam2/Lims2/Errfi1/Aldh1a2/Nodal/Il6/Hhex/Sox17/Il10",20
"GO:0007440","foregut morphogenesis","4/1333","12/25730",0.333333333333333,6.43410852713178,4.40107378625354,0.00253871825697185,0.0143660046520809,0.00955428639737209,"Shh/Acvr2b/Foxf1/Sox17",4
"GO:0014832","urinary bladder smooth muscle contraction","4/1333","12/25730",0.333333333333333,6.43410852713178,4.40107378625354,0.00253871825697185,0.0143660046520809,0.00955428639737209,"Kcnma1/Ptger3/Pla2g6/Cacna1c",4
"GO:0038063","collagen-activated tyrosine kinase receptor signaling pathway","4/1333","12/25730",0.333333333333333,6.43410852713178,4.40107378625354,0.00253871825697185,0.0143660046520809,0.00955428639737209,"Ubash3b/Col4a3/Ddr2/Col1a1",4
"GO:0045603","positive regulation of endothelial cell differentiation","4/1333","12/25730",0.333333333333333,6.43410852713178,4.40107378625354,0.00253871825697185,0.0143660046520809,0.00955428639737209,"Bmp4/Atoh8/Acvrl1/Tmem100",4
"GO:0072124","regulation of glomerular mesangial cell proliferation","4/1333","12/25730",0.333333333333333,6.43410852713178,4.40107378625354,0.00253871825697185,0.0143660046520809,0.00955428639737209,"Bmp4/Egr1/Il6ra/Pdgfd",4
"GO:0086067","AV node cell to bundle of His cell communication","4/1333","12/25730",0.333333333333333,6.43410852713178,4.40107378625354,0.00253871825697185,0.0143660046520809,0.00955428639737209,"Cacnb2/Ank2/Gjc1/Cacna1c",4
"GO:0005979","regulation of glycogen biosynthetic process","7/1333","37/25730",0.189189189189189,3.65179132620993,3.77303743715502,0.00258503671186334,0.0145530938578645,0.00967871235275797,"Irs1/Insr/Irs2/Igf1/Igf2/Sorbs1/Cd36",7
"GO:0009954","proximal/distal pattern formation","7/1333","37/25730",0.189189189189189,3.65179132620993,3.77303743715502,0.00258503671186334,0.0145530938578645,0.00967871235275797,"Cyp26b1/Lrp4/Fgf10/Hoxb9/Aldh1a2/Nodal/Gli2",7
"GO:0010574","regulation of vascular endothelial growth factor production","7/1333","37/25730",0.189189189189189,3.65179132620993,3.77303743715502,0.00258503671186334,0.0145530938578645,0.00967871235275797,"Flt1/Ndrg2/Ccbe1/Rora/Isl1/Nodal/Il6",7
"GO:0010962","regulation of glucan biosynthetic process","7/1333","37/25730",0.189189189189189,3.65179132620993,3.77303743715502,0.00258503671186334,0.0145530938578645,0.00967871235275797,"Irs1/Insr/Irs2/Igf1/Igf2/Sorbs1/Cd36",7
"GO:0016486","peptide hormone processing","7/1333","37/25730",0.189189189189189,3.65179132620993,3.77303743715502,0.00258503671186334,0.0145530938578645,0.00967871235275797,"Ace/Ero1b/Mme/Enpep/Hid1/Ren1/Ren2",7
"GO:0031338","regulation of vesicle fusion","8/1333","47/25730",0.170212765957447,3.28550222662049,3.66577678804629,0.00262927213294172,0.0147718267530369,0.00982418332924838,"Syt1/Doc2b/Grik5/Syt2/Syt7/Syt9/Erc2/Syt11",8
"GO:0035136","forelimb morphogenesis","8/1333","47/25730",0.170212765957447,3.28550222662049,3.66577678804629,0.00262927213294172,0.0147718267530369,0.00982418332924838,"Zbtb16/Shh/Reck/Osr2/Cacna1c/Wnt9a/Aldh1a2/Ark2c",8
"GO:0030318","melanocyte differentiation","6/1333","28/25730",0.214285714285714,4.13621262458472,3.88114054517164,0.00269299203779921,0.015052783396619,0.0100110369676146,"Gna14/Zeb2/Mitf/Mlph/Ednrb/Mef2c",6
"GO:0032411","positive regulation of transporter activity","6/1333","28/25730",0.214285714285714,4.13621262458472,3.88114054517164,0.00269299203779921,0.015052783396619,0.0100110369676146,"Ehd3/Cracr2a/Reln/Stac2/Nlgn3/Wnk3",6
"GO:0060445","branching involved in salivary gland morphogenesis","6/1333","28/25730",0.214285714285714,4.13621262458472,3.88114054517164,0.00269299203779921,0.015052783396619,0.0100110369676146,"Lama1/Shh/Nrp1/Fgf10/Plxnd1/Il6",6
"GO:0060713","labyrinthine layer morphogenesis","6/1333","28/25730",0.214285714285714,4.13621262458472,3.88114054517164,0.00269299203779921,0.015052783396619,0.0100110369676146,"Fzd5/Llgl2/Adm/Rspo3/Bmp5/Il10",6
"GO:0060716","labyrinthine layer blood vessel development","6/1333","28/25730",0.214285714285714,4.13621262458472,3.88114054517164,0.00269299203779921,0.015052783396619,0.0100110369676146,"Junb/Fzd5/Plcd3/Llgl2/Syde1/Wnt2",6
"GO:1901136","carbohydrate derivative catabolic process","26/1333","278/25730",0.0935251798561151,1.80525347164129,3.15538503598002,0.00274800094113314,0.0153446359774972,0.0102051370818116,"Insr/Igf1/Col6a1/Aldh1a1/Ppargc1a/Nt5e/Pde2a/Prxl2c/Neu3/Ppara/Pde8a/Dhtkd1/P2rx7/Cbfa2t3/Pde8b/Fgf2/Entpd1/Upb1/Pde1a/Pde7b/Adamts4/Mlxipl/Fbxo17/Eno3/Nt5c1a/Pde4b",26
"GO:0001894","tissue homeostasis","28/1333","307/25730",0.0912052117263844,1.76047269146277,3.13326932744847,0.00277903747278895,0.0154864331859274,0.0102994410426204,"Ubash3b/Pdk4/Col3a1/Sh3gl2/Aldh1a1/Pdgfrb/Lrrk1/Nt5e/Adora1/Cd34/Gata2/Zeb2/P2rx7/Atp1b2/Abcb1a/Prickle1/Ldb2/Errfi1/S1pr1/Ildr2/Crb2/Ocln/Map1a/Vstm4/Cldn5/Il6/Wnk3/Col11a2",28
"GO:0060249","anatomical structure homeostasis","28/1333","307/25730",0.0912052117263844,1.76047269146277,3.13326932744847,0.00277903747278895,0.0154864331859274,0.0102994410426204,"Ubash3b/Pdk4/Col3a1/Sh3gl2/Aldh1a1/Pdgfrb/Lrrk1/Nt5e/Adora1/Cd34/Gata2/Zeb2/P2rx7/Atp1b2/Abcb1a/Prickle1/Ldb2/Errfi1/S1pr1/Ildr2/Crb2/Ocln/Map1a/Vstm4/Cldn5/Il6/Wnk3/Col11a2",28
"GO:0042596","fear response","10/1333","69/25730",0.144927536231884,2.7974384900573,3.49462121832913,0.00281950747969297,0.0156642475263509,0.0104176986358142,"Npas2/Atp1a2/Penk/Dpp4/Pde8b/Shank3/Mef2c/Prkar1b/Gng7/Adra2a",10
"GO:0051893","regulation of focal adhesion assembly","10/1333","69/25730",0.144927536231884,2.7974384900573,3.49462121832913,0.00281950747969297,0.0156642475263509,0.0104176986358142,"Dlc1/Kdr/Acvrl1/Camsap3/Tek/Nrp1/Limch1/Enpp2/Myoc/Apod",10
"GO:0090109","regulation of cell-substrate junction assembly","10/1333","69/25730",0.144927536231884,2.7974384900573,3.49462121832913,0.00281950747969297,0.0156642475263509,0.0104176986358142,"Dlc1/Kdr/Acvrl1/Camsap3/Tek/Nrp1/Limch1/Enpp2/Myoc/Apod",10
"GO:0007156","homophilic cell adhesion via plasma membrane adhesion molecules","18/1333","168/25730",0.107142857142857,2.06810631229236,3.24660925515862,0.00283001270101024,0.0157067135650609,0.0104459411921702,"Sdk2/Pcdhgb7/Pecam1/Robo2/Cdh11/Ptprt/Ptprm/Cdh5/Amigo1/Dchs1/Ceacam2/Ret/Igsf9b/Plxnb3/Pcdh12/Esam/Pcdh17/Pcdh7",18
"GO:0070661","leukocyte proliferation","33/1333","381/25730",0.0866141732283465,1.67185497161692,3.08827469191222,0.00284524920920137,0.0157753261710165,0.0104915728415846,"Bmp4/Cd59a/Irs2/Igf1/Junb/Cxcl12/Plcl2/Npr3/Cnn2/St6gal1/Pkn1/Crtam/Tnfsf13/Cebpb/Il15/P2rx7/Tnfrsf21/Igf2/Shh/Lmbr1l/Fgf10/Arg2/Rasgrp1/Il34/Prdm1/Cd46/Mef2c/Cd59b/Icosl/Ripor2/Il6/Hhex/Il10",33
"GO:0044093","positive regulation of molecular function","26/1333","279/25730",0.0931899641577061,1.79878302909061,3.13571671161109,0.00288520214232465,0.0159807008670232,0.0106281597849932,"Egf/Il1rap/Fbn1/Rgs16/Srgap2/Mt3/Pdgfrb/Ehd3/Cracr2a/Rapgef3/Cdc14b/Reln/Ddr2/Syde1/Ereg/Rcn3/Rasgrp1/Cacna1c/Stac2/Adcy1/Nlgn3/Ripor2/Cth/Apc2/Prkd1/Wnk3",26
"GO:0055013","cardiac muscle cell development","14/1333","117/25730",0.11965811965812,2.30967998409859,3.31883920291097,0.00294454345652241,0.0162765347762855,0.0108249077301317,"Bmp4/Igf1/Pdgfra/Pdgfrb/Myh10/Ppara/Sorbs2/Isl1/Prickle1/Nrap/Myh11/Ttn/Pi16/Rgs4",14
"GO:0060349","bone morphogenesis","14/1333","117/25730",0.11965811965812,2.30967998409859,3.31883920291097,0.00294454345652241,0.0162765347762855,0.0108249077301317,"Cyp26b1/Bmp4/Col27a1/Col3a1/Axin2/Pappa2/Pthlh/Csgalnact1/Bmpr1b/Sp5/Col1a1/Osr2/Scube2/Mef2c",14
"GO:0002076","osteoblast development","5/1333","20/25730",0.25,4.82558139534884,4.00055017130601,0.00298897006404999,0.0164723460658337,0.0109551344135757,"Pthlh/Jund/Hdac5/Shh/Gli2",5
"GO:0033605","positive regulation of catecholamine secretion","5/1333","20/25730",0.25,4.82558139534884,4.00055017130601,0.00298897006404999,0.0164723460658337,0.0109551344135757,"Slc18a1/Cxcl12/Syt1/Pink1/Kcnb1",5
"GO:0044241","lipid digestion","5/1333","20/25730",0.25,4.82558139534884,4.00055017130601,0.00298897006404999,0.0164723460658337,0.0109551344135757,"Abcg5/Aqp1/Cd36/Abcg8/Npc1l1",5
"GO:0030835","negative regulation of actin filament depolymerization","8/1333","48/25730",0.166666666666667,3.21705426356589,3.5936918589225,0.00301439524426245,0.0165791738434435,0.0110261815284276,"Scin/Plekhh2/Sptb/Add3/Tmod4/Avil/Tmod2/Lmod1",8
"GO:0060323","head morphogenesis","8/1333","48/25730",0.166666666666667,3.21705426356589,3.5936918589225,0.00301439524426245,0.0165791738434435,0.0110261815284276,"Crispld2/Twist2/Pdgfra/Tgfb3/Prickle1/Flvcr1/Col1a1/Tiparp",8
"GO:0018193","peptidyl-amino acid modification","26/1333","280/25730",0.0928571428571429,1.79235880398671,3.11612826186019,0.00302816814409945,0.0165946845424471,0.0110364971077478,"Zdhhc3/Erbb4/Cnksr3/Flt1/Crebl2/Pdgfra/Pias1/Klf15/Pdgfrb/Kdr/Egr1/Reln/Ddr2/Tek/Plod1/Il15/Lox/Epha7/Zdhhc14/Sfrp2/Errfi1/Clip3/Capn3/Eya1/Cth/Wnk3",26
"GO:0055075","potassium ion homeostasis","7/1333","38/25730",0.184210526315789,3.55569155446756,3.68518754365292,0.00302930841893459,0.0165946845424471,0.0110364971077478,"Atp12a/Kcnma1/Slc12a6/Atp1a2/Klhl3/Atp1b2/Slc12a5",7
"GO:0071474","cellular hyperosmotic response","7/1333","38/25730",0.184210526315789,3.55569155446756,3.68518754365292,0.00302930841893459,0.0165946845424471,0.0110364971077478,"Slc25a23/Akr1b1/Aqp1/Abcb1a/Rcsd1/Errfi1/Wnk3",7
"GO:0086091","regulation of heart rate by cardiac conduction","7/1333","38/25730",0.184210526315789,3.55569155446756,3.68518754365292,0.00302930841893459,0.0165946845424471,0.0110364971077478,"Pkp2/Cacnb2/Ank2/Ace/Isl1/Cacna1c/Kcnd3",7
"GO:0014897","striated muscle hypertrophy","15/1333","130/25730",0.115384615384615,2.22719141323792,3.27885579285473,0.00303575679209151,0.0165968815057672,0.0110379582249668,"Bmp4/Igf1/Klf15/Ppara/Sorbs2/Kcnn4/Errfi1/Fbxo32/Acacb/Mef2c/Myoc/Adcy10/Ttn/Pi16/Rgs4",15
"GO:0019218","regulation of steroid metabolic process","15/1333","130/25730",0.115384615384615,2.22719141323792,3.27885579285473,0.00303575679209151,0.0165968815057672,0.0110379582249668,"Igf1r/Igf1/Gpr146/Kcnma1/Rorc/Ppargc1a/Egr1/Rora/Thrb/Igf2/Pde8b/Nr1d1/Snai1/Bmp5/Cyp17a1",15
"GO:0001523","retinoid metabolic process","12/1333","93/25730",0.129032258064516,2.49062265566392,3.36615341485694,0.00305775083388866,0.0167004918678755,0.0111068655584455,"Cyp26b1/Adh1/Ces2e/Aldh1a1/Klf9/Ces1d/Akr1b1/Rdh12/Lipe/Rarres2/Rdh9/Aldh1a2",12
"GO:0003231","cardiac ventricle development","17/1333","156/25730",0.108974358974359,2.10345855694693,3.23130022369926,0.0030619773225558,0.016706951812633,0.0111111618234001,"Bmp4/Pkp2/Slit3/Tgfbr3/Kcnk2/Smarcd3/Pde2a/Robo2/Dll4/Isl1/Sfrp2/Prdm1/Foxf1/Ednra/Mef2c/Heyl/Eng",17
"GO:0014812","muscle cell migration","16/1333","143/25730",0.111888111888112,2.15970076435193,3.25059297661038,0.00307115981497315,0.0167404133310701,0.0111334158138576,"Dock5/Igf1/Pdgfrb/Ppargc1a/Ace/Rapgef3/Egr1/Tcp11l2/Ddr2/Kcnn4/Nrp1/Pgr/Egfl7/Mef2c/Pdgfd/Nacad",16
"GO:0048167","regulation of synaptic plasticity","34/1333","398/25730",0.085427135678392,1.64894238635036,3.04979924754792,0.00309104271691733,0.0168320768582929,0.011194377759262,"Unc13b/Alg13/Mgll/Unc13c/Slc38a1/Kdr/Ace/Adora1/Egr1/Reln/Cpeb1/Penk/Vamp2/Dgki/Iqsec2/Akap5/Kcnb1/Chrdl1/Mme/Grin2d/Brsk1/Shank3/Rasgrf1/Cpeb3/Rasgrf2/Nfatc4/Syt7/Mef2c/Atp2b2/Map1a/Prkar1b/Adcy1/Nlgn3/Slc8a2",34
"GO:0031100","animal organ regeneration","10/1333","70/25730",0.142857142857143,2.75747508305648,3.44166175265733,0.00313986929793251,0.0170641015607441,0.011348688614101,"Adh1/Lifr/Cxcl12/Ptch1/Itpr1/Ace/Lcp1/Cebpb/Il6/Il10",10
"GO:0046503","glycerolipid catabolic process","10/1333","70/25730",0.142857142857143,2.75747508305648,3.44166175265733,0.00313986929793251,0.0170641015607441,0.011348688614101,"Plcb1/Faah/Prdx6/Mgll/Ces1d/Dagla/Pla2g6/Lipe/Enpp2/Gdpd3",10
"GO:0010171","body morphogenesis","9/1333","59/25730",0.152542372881356,2.94442254631455,3.4950514701529,0.00316899073838511,0.0171883302005888,0.0114313083843557,"Gpc3/Crispld2/Twist2/Pdgfra/Tgfb3/Prickle1/Flvcr1/Col1a1/Tiparp",9
"GO:0095500","acetylcholine receptor signaling pathway","9/1333","59/25730",0.152542372881356,2.94442254631455,3.4950514701529,0.00316899073838511,0.0171883302005888,0.0114313083843557,"Plcb1/Itpr1/Chrnb1/Gna14/Sorbs2/Sorbs1/Chrm1/Trpc1/Chrna4",9
"GO:0055007","cardiac muscle cell differentiation","18/1333","170/25730",0.105882352941176,2.0437756497948,3.19160775780423,0.00321613043457175,0.0174267916637357,0.0115899000853066,"Bmp4/Igf1/Pdgfra/Pdgfrb/Myh10/Sox6/Ppara/Sorbs2/Abcb1a/Isl1/Prickle1/Abcc2/Nrap/Mef2c/Myh11/Ttn/Pi16/Rgs4",18
"GO:0035809","regulation of urine volume","6/1333","29/25730",0.206896551724138,3.99358460304731,3.77028204342458,0.00324875112634114,0.0175688620024498,0.011684385694738,"Adcy6/Npr3/Ptger3/Akr1b1/Adm/Ednrb",6
"GO:0060080","inhibitory postsynaptic potential","6/1333","29/25730",0.206896551724138,3.99358460304731,3.77028204342458,0.00324875112634114,0.0175688620024498,0.011684385694738,"Abat/Unc13b/Syt1/Igsf9b/Nlgn3/Chrna4",6
"GO:0021675","nerve development","13/1333","106/25730",0.122641509433962,2.36726634488811,3.297166728218,0.0032951751068617,0.0178023781117755,0.0118396884278868,"Unc13b/Slc1a3/Ackr3/Erbb3/Plxna4/Isl1/Nrp1/Ntf3/Ephb1/Ret/Ednra/Kcna2/Ark2c",13
"GO:1905952","regulation of lipid localization","19/1333","184/25730",0.103260869565217,1.99317492416582,3.16032333999789,0.00332876601908866,0.0179661717588768,0.0119486213881897,"Egf/Irs2/Abca5/Nkx3-1/Atp8a1/Ptch1/Dennd5b/Ppara/Abca8a/P2rx7/Pla2g6/Osbpl6/Shh/Cd36/Ghrl/Acacb/Abca8b/Pla2g3/Ren1",19
"GO:0019229","regulation of vasoconstriction","12/1333","94/25730",0.127659574468085,2.46412666996536,3.32411287217784,0.00334376869797584,0.0180294168793609,0.0119906833260058,"Dock5/Faah/Itga9/Mgll/Ptger3/Add3/Atp1a2/Ace/Adm/Svep1/Cacna1c/Adra2a",12
"GO:0032496","response to lipopolysaccharide","37/1333","446/25730",0.0829596412556054,1.60131400563145,2.99436110593074,0.0034184894932398,0.0184142186735949,0.0122466004468319,"Spon2/Hmgcs2/Thbd/Irak2/Col6a1/Ptger3/Ace/Il12rb2/Pde2a/Zfp36/Vim/Jund/Plscr2/Penk/Cebpb/P2rx7/Ppm1e/Adm/Nr4a1/Abcb1a/Fgf10/Nr1d1/Cd36/Ptger1/Prdm1/Irak3/Irf8/Akap12/Ednrb/Ednra/Mef2c/Nlrc3/Nqo1/Il6/Ren1/Pde4b/Il10",37
"GO:0051048","negative regulation of secretion","22/1333","226/25730",0.0973451327433628,1.87898744597654,3.10235189176595,0.00346524577515598,0.0186477784900306,0.0124019322479267,"Irs1/Egf/Abat/Fbn1/Acvr1c/Syt1/Ptger3/Pim3/Erbb3/Adora1/Rabgef1/Kcnb1/Pde8b/Entpd1/Gnao1/Ghrl/Foxf1/Il6/Wnk3/Adra2a/Pde1c/Syt11",22
"GO:0061337","cardiac conduction","10/1333","71/25730",0.140845070422535,2.71863740583033,3.38962680962925,0.00348854312204778,0.0187099208422711,0.0124432607762887,"Pkp2/Cacnb2/Ank2/Ehd3/Ace/Isl1/Gjc1/Abcc9/Cacna1c/Kcnd3",10
"GO:0014896","muscle hypertrophy","15/1333","132/25730",0.113636363636364,2.19344608879493,3.21325408887721,0.00351499987914541,0.0187099208422711,0.0124432607762887,"Bmp4/Igf1/Klf15/Ppara/Sorbs2/Kcnn4/Errfi1/Fbxo32/Acacb/Mef2c/Myoc/Adcy10/Ttn/Pi16/Rgs4",15
"GO:0031503","protein-containing complex localization","15/1333","132/25730",0.113636363636364,2.19344608879493,3.21325408887721,0.00351499987914541,0.0187099208422711,0.0124432607762887,"Erbb4/Myo5b/Lrrc7/Adam22/Mylk/Olfm1/Vamp2/Iqsec2/Zfp365/Akap5/Klhl21/Magi2/Olfm2/Mapk10/Kif17",15
"GO:0002034","maintenance of blood vessel diameter homeostasis by renin-angiotensin","4/1333","13/25730",0.307692307692308,5.9391771019678,4.16365213182517,0.00351769690457712,0.0187099208422711,0.0124432607762887,"Ace/Mas1/Ren1/Ren2",4
"GO:0003072","renal control of peripheral vascular resistance involved in regulation of systemic arterial blood pressure","4/1333","13/25730",0.307692307692308,5.9391771019678,4.16365213182517,0.00351769690457712,0.0187099208422711,0.0124432607762887,"Ace/Mas1/Ren1/Ren2",4
"GO:0007501","mesodermal cell fate specification","4/1333","13/25730",0.307692307692308,5.9391771019678,4.16365213182517,0.00351769690457712,0.0187099208422711,0.0124432607762887,"Sfrp2/Tbx6/Nodal/Eya1",4
"GO:0010749","regulation of nitric oxide mediated signal transduction","4/1333","13/25730",0.307692307692308,5.9391771019678,4.16365213182517,0.00351769690457712,0.0187099208422711,0.0124432607762887,"Kdr/Pde2a/Gucy1a2/Gucy1a1",4
"GO:0030948","negative regulation of vascular endothelial growth factor receptor signaling pathway","4/1333","13/25730",0.307692307692308,5.9391771019678,4.16365213182517,0.00351769690457712,0.0187099208422711,0.0124432607762887,"Cd59a/Mmrn2/Emilin1/Hhex",4
"GO:0032060","bleb assembly","4/1333","13/25730",0.307692307692308,5.9391771019678,4.16365213182517,0.00351769690457712,0.0187099208422711,0.0124432607762887,"Pmp22/Prdx6/Mylk/P2rx7",4
"GO:0044557","relaxation of smooth muscle","4/1333","13/25730",0.307692307692308,5.9391771019678,4.16365213182517,0.00351769690457712,0.0187099208422711,0.0124432607762887,"Kcnma1/Npr3/Irag1/Gucy1a1",4
"GO:0060601","lateral sprouting from an epithelium","4/1333","13/25730",0.307692307692308,5.9391771019678,4.16365213182517,0.00351769690457712,0.0187099208422711,0.0124432607762887,"Bmp4/Shh/Fgf10/Gli2",4
"GO:0060872","semicircular canal development","4/1333","13/25730",0.307692307692308,5.9391771019678,4.16365213182517,0.00351769690457712,0.0187099208422711,0.0124432607762887,"Zeb1/Gata2/Fgf10/Eya1",4
"GO:0044342","type B pancreatic cell proliferation","7/1333","39/25730",0.179487179487179,3.46451997614788,3.60024832260133,0.00352965230972613,0.0187553354579736,0.0124734643196925,"Irs2/Igf1/Nr4a1/Nr1d1/Rasgrf1/Errfi1/Ptprn",7
"GO:0050728","negative regulation of inflammatory response","19/1333","185/25730",0.102702702702703,1.98240100565682,3.13458480610378,0.00353442351905789,0.018762524851169,0.0124782457132167,"Igf1/Nt5e/Adora1/Zfp36/Ppara/Rora/Cdh5/Rabgef1/Isl1/Nr1d1/Gpr17/Ctla2a/Gper1/Ghrl/Foxf1/Nlrc3/Ptgis/Il10/Syt11",19
"GO:2000351","regulation of endothelial cell apoptotic process","9/1333","60/25730",0.15,2.8953488372093,3.43565984575686,0.00356031127808956,0.0188816894738489,0.0125574975971672,"Bmp4/Kdr/Gata2/Cdh5/Tek/Cd248/Gper1/Angptl4/Il10",9
"GO:0046888","negative regulation of hormone secretion","13/1333","107/25730",0.121495327102804,2.34514236035644,3.25914336650351,0.00357726590923355,0.0189268698337267,0.0125875453458811,"Irs1/Fbn1/Acvr1c/Ptger3/Pim3/Adora1/Kcnb1/Pde8b/Gnao1/Ghrl/Il6/Adra2a/Pde1c",13
"GO:0120193","tight junction organization","13/1333","107/25730",0.121495327102804,2.34514236035644,3.25914336650351,0.00357726590923355,0.0189268698337267,0.0125875453458811,"Pkp2/Cldn8/Fzd5/Tgfb3/Acvrl1/Pecam1/Cdh5/Svep1/Ocln/Cldn10/Cldn5/Esam/Snai1",13
"GO:0006898","receptor-mediated endocytosis","27/1333","298/25730",0.0906040268456376,1.74886842515998,3.03935696097217,0.0035791748747328,0.0189268698337267,0.0125875453458811,"Egf/Insr/Vldlr/Syne1/Sh3gl2/Ptger3/Ackr3/Trf/Neu3/Calcrl/Akap5/Adm/Rabgef1/Grk4/Lmbr1l/Cd36/Ceacam2/Magi2/Ntf3/Tspan7/Ghrl/Arr3/Sele/Nlgn3/Gas7/Napb/Syt11",27
"GO:0021915","neural tube development","20/1333","199/25730",0.100502512562814,1.93993221923571,3.11134003447334,0.00360581925094902,0.0190399689154273,0.0126627632679142,"Bmp4/Smarca1/Cecr2/Dlc1/Ptch1/Gdf7/Dact1/Zeb2/Adm/Shh/Dchs1/Arl13b/Prickle1/Sfrp2/Sfrp1/Aldh1a2/Nodal/Gli2/Bmp5/Sox17",20
"GO:0060047","heart contraction","24/1333","255/25730",0.0941176470588235,1.81668946648427,3.0635732103218,0.00360750003134348,0.0190399689154273,0.0126627632679142,"Pkp2/Cacnb2/Ank2/Thra/Ehd3/Atp1a2/Ace/Adora1/Thrb/Adm/Isl1/Gjc1/Abcc9/Gnao1/Cacna1c/Gstm7/Ednrb/Ednra/Adcy10/Kcnd3/Ttn/Fxyd1/Rgs4/Pde4b",24
"GO:0003208","cardiac ventricle morphogenesis","11/1333","83/25730",0.132530120481928,2.55813953488372,3.32342148017707,0.00363404959484851,0.0191432804473354,0.012731471860728,"Pkp2/Tgfbr3/Smarcd3/Dll4/Isl1/Sfrp2/Foxf1/Ednra/Mef2c/Heyl/Eng",11
"GO:0071470","cellular response to osmotic stress","11/1333","83/25730",0.132530120481928,2.55813953488372,3.32342148017707,0.00363404959484851,0.0191432804473354,0.012731471860728,"Slc12a6/Slc25a23/Scn7a/Mylk/Akr1b1/Aqp1/Abcb1a/Rcsd1/Errfi1/Capn3/Wnk3",11
"GO:0010976","positive regulation of neuron projection development","23/1333","241/25730",0.0954356846473029,1.84213065714561,3.070222962824,0.00364105929897204,0.0191590293575095,0.012741945865289,"Igf1r/Vldlr/Dpysl3/Bmp4/Lrrc7/Fut9/Itpr1/Reln/Cpeb1/Apbb1/Ddr2/Cux2/Amigo1/Caprin2/Atp1b2/Avil/Magi2/Ret/Plxnb3/Pla2g3/Il6/Prkd1/Bmp5",23
"GO:0045927","positive regulation of growth","28/1333","313/25730",0.0894568690095847,1.72672561111524,3.0237007328681,0.00364700563942318,0.0191590293575095,0.012741945865289,"Erbb4/Igf1r/Insr/Agr2/Myo5b/Plcb1/Igf1/Cxcl12/Syt1/Tgfbr3/Prr5/Igf2/Dio3/Nrp1/Fgf2/Rftn1/Sfrp2/Syt2/Cpne9/Ghrl/Ntn1/Acacb/Sfrp1/Mef2c/Capn3/Wnt2/Adcy10/Rnf157",28
"GO:0048644","muscle organ morphogenesis","12/1333","95/25730",0.126315789473684,2.43818849449204,3.28260983935641,0.00365100103988976,0.0191590293575095,0.012741945865289,"Pkp2/Col3a1/Tgfbr3/Mylk/Efemp2/Dll4/Isl1/S1pr1/Ednra/Wnt2/Ttn/Eng",12
"GO:0061053","somite development","12/1333","95/25730",0.126315789473684,2.43818849449204,3.28260983935641,0.00365100103988976,0.0191590293575095,0.012741945865289,"Nkx3-1/Ptch1/Axin2/Zeb2/Shh/Sfrp2/Tbx6/Foxf1/Sfrp1/Crb2/Aldh1a2/Ttn",12
"GO:0032612","interleukin-1 production","14/1333","120/25730",0.116666666666667,2.25193798449612,3.21312014689002,0.00371574978236856,0.0194615940414323,0.0129431701941082,"Igf1/Fzd5/Egr1/S1pr3/P2rx7/Isl1/Panx2/Cd36/Il16/Arg2/Errfi1/Ghrl/Nlrc3/Il6",14
"GO:0032652","regulation of interleukin-1 production","14/1333","120/25730",0.116666666666667,2.25193798449612,3.21312014689002,0.00371574978236856,0.0194615940414323,0.0129431701941082,"Igf1/Fzd5/Egr1/S1pr3/P2rx7/Isl1/Panx2/Cd36/Il16/Arg2/Errfi1/Ghrl/Nlrc3/Il6",14
"GO:0006486","protein glycosylation","19/1333","186/25730",0.102150537634409,1.97174293573393,3.10900719113339,0.00375052873039082,0.019550405594009,0.0130022353990322,"Gcnt1/Tmtc1/Fut9/Galnt18/Fut2/Galnt15/St6gal1/B3gnt7/Man1a/B4galt6/Pomgnt2/Aqp11/Galnt11/B3galnt1/St3gal6/Galnt17/Abo/Galnt16/St3gal5",19
"GO:0043413","macromolecule glycosylation","19/1333","186/25730",0.102150537634409,1.97174293573393,3.10900719113339,0.00375052873039082,0.019550405594009,0.0130022353990322,"Gcnt1/Tmtc1/Fut9/Galnt18/Fut2/Galnt15/St6gal1/B3gnt7/Man1a/B4galt6/Pomgnt2/Aqp11/Galnt11/B3galnt1/St3gal6/Galnt17/Abo/Galnt16/St3gal5",19
"GO:0002031","G protein-coupled receptor internalization","5/1333","21/25730",0.238095238095238,4.59579180509413,3.85318542302355,0.00375763853191465,0.019550405594009,0.0130022353990322,"Ptger3/Adm/Grk4/Ghrl/Arr3",5
"GO:0010737","protein kinase A signaling","5/1333","21/25730",0.238095238095238,4.59579180509413,3.85318542302355,0.00375763853191465,0.019550405594009,0.0130022353990322,"Fbn1/Lcp1/Akap5/Akap12/Ttn",5
"GO:0014819","regulation of skeletal muscle contraction","5/1333","21/25730",0.238095238095238,4.59579180509413,3.85318542302355,0.00375763853191465,0.019550405594009,0.0130022353990322,"Nr4a1/Gstm7/Adgrd1/Rem1/Prkd1",5
"GO:0019430","removal of superoxide radicals","5/1333","21/25730",0.238095238095238,4.59579180509413,3.85318542302355,0.00375763853191465,0.019550405594009,0.0130022353990322,"Mt3/Cd36/Fbln5/Cygb/Nqo1",5
"GO:0048557","embryonic digestive tract morphogenesis","5/1333","21/25730",0.238095238095238,4.59579180509413,3.85318542302355,0.00375763853191465,0.019550405594009,0.0130022353990322,"Pdgfra/Shh/Fgf10/Tcf21/Foxf1",5
"GO:0046822","regulation of nucleocytoplasmic transport","16/1333","146/25730",0.10958904109589,2.11532335138579,3.15901228518351,0.00377670197685038,0.0195948772572686,0.013031811820427,"Bmp4/Wipf1/Ptpn14/Camk4/Rapgef3/Tek/Akap5/Epm2a/Shh/Cd36/Gper1/Hnf4a/Il6/Hhex/Prkd1/Apod",16
"GO:0060972","left/right pattern formation","16/1333","146/25730",0.10958904109589,2.11532335138579,3.15901228518351,0.00377670197685038,0.0195948772572686,0.013031811820427,"Bicc1/Daam2/Shh/Arl13b/Fgf10/Acvr2b/Galnt11/Foxf1/Mef2c/Aldh1a2/Nodal/Cfap53/Snai1/Sox17/Eng/Anks6",16
"GO:0048675","axon extension","15/1333","133/25730",0.112781954887218,2.17695401293933,3.18089325607791,0.00377689563457647,0.0195948772572686,0.013031811820427,"Myo5b/Slit3/Mt3/Cxcl12/Mgll/Olfm1/Plxna4/Nrp1/Sema3g/Ntn1/Ednra/Nlgn3/Adcy10/Sema6c/Ndn",15
"GO:0070085","glycosylation","20/1333","200/25730",0.1,1.93023255813953,3.08701998649416,0.00381671514630618,0.0197641032434666,0.0131443576240217,"Gcnt1/Tmtc1/Fut9/Galnt18/Gne/Fut2/Galnt15/St6gal1/B3gnt7/Man1a/B4galt6/Pomgnt2/Aqp11/Galnt11/B3galnt1/St3gal6/Galnt17/Abo/Galnt16/St3gal5",20
"GO:1905475","regulation of protein localization to membrane","20/1333","200/25730",0.1,1.93023255813953,3.08701998649416,0.00381671514630618,0.0197641032434666,0.0131443576240217,"Gpc3/Agr2/Myo5b/Lrp4/Olfm1/Sorbs2/Iqsec2/Akap5/Slc5a3/Epm2a/Mrap2/Sorbs1/Cd36/Shank3/Magi2/Gper1/Pid1/Stac2/Clip3/Wnk3",20
"GO:0030193","regulation of blood coagulation","10/1333","72/25730",0.138888888888889,2.68087855297158,3.33848553444348,0.00386724326941513,0.0200068787048253,0.0133058184020355,"Ubash3b/Pdgfra/Serping1/Thbd/Vwf/Cd36/Emilin1/Tfpi/Klkb1/Gp1ba",10
"GO:0033688","regulation of osteoblast proliferation","6/1333","30/25730",0.2,3.86046511627907,3.66428324395764,0.00388562013386923,0.0200830215770322,0.0133564581467524,"Igf1r/Npr3/Axin2/Mn1/Fbln5/Sfrp1",6
"GO:0048483","autonomic nervous system development","8/1333","50/25730",0.16,3.08837209302326,3.45504484458942,0.003915152595772,0.0201976246223614,0.0134326762981176,"Slc6a4/Ackr3/Plxna4/Nrp1/Ntf3/Ret/Ednrb/Ednra",8
"GO:1903580","positive regulation of ATP metabolic process","8/1333","50/25730",0.16,3.08837209302326,3.45504484458942,0.003915152595772,0.0201976246223614,0.0134326762981176,"Insr/Igf1/Prxl2c/Ppara/P2rx7/Pid1/Mlxipl/Adcy10",8
"GO:0002448","mast cell mediated immunity","9/1333","61/25730",0.147540983606557,2.84788410217308,3.37748544969033,0.00398854641606767,0.0205279502539879,0.0136523633833849,"Spon2/Gab2/Gata2/Rabgef1/Rasgrp1/Foxf1/Pla2g3/Milr1/Lat2",9
"GO:1905145","cellular response to acetylcholine","9/1333","61/25730",0.147540983606557,2.84788410217308,3.37748544969033,0.00398854641606767,0.0205279502539879,0.0136523633833849,"Plcb1/Itpr1/Chrnb1/Gna14/Sorbs2/Sorbs1/Chrm1/Trpc1/Chrna4",9
"GO:0042306","regulation of protein import into nucleus","11/1333","84/25730",0.130952380952381,2.52768549280177,3.27809921397454,0.00399040315558482,0.0205279502539879,0.0136523633833849,"Bmp4/Tek/Akap5/Epm2a/Shh/Cd36/Gper1/Hnf4a/Il6/Prkd1/Apod",11
"GO:0070663","regulation of leukocyte proliferation","26/1333","286/25730",0.0909090909090909,1.75475687103594,3.00023804282215,0.00401792035086067,0.0206501543126163,0.0137336366812387,"Bmp4/Cd59a/Irs2/Igf1/Cnn2/St6gal1/Pkn1/Crtam/Tnfsf13/Cebpb/Il15/Tnfrsf21/Igf2/Shh/Fgf10/Arg2/Il34/Prdm1/Cd46/Mef2c/Cd59b/Icosl/Ripor2/Il6/Hhex/Il10",26
"GO:0002695","negative regulation of leukocyte activation","21/1333","215/25730",0.0976744186046512,1.88534342888048,3.04713381689349,0.0040632888853994,0.0208637911056663,0.013875718432933,"Bmp4/Mertk/Adgrf5/Pkn1/Crtam/Cebpb/Rabgef1/Tnfrsf21/Shh/Nr1d1/Arg2/Fgl2/Prdm1/Gper1/Ildr2/Sfrp1/Zbtb46/Milr1/Ripor2/Il10/Syt11",21
"GO:0022617","extracellular matrix disassembly","7/1333","40/25730",0.175,3.37790697674419,3.51804280815811,0.00409044800998468,0.0209444674690354,0.0139293732311733,"Adamts5/Lcp1/Dpp4/Ddr2/Reck/Il6/Eng",7
"GO:0042759","long-chain fatty acid biosynthetic process","7/1333","40/25730",0.175,3.37790697674419,3.51804280815811,0.00409044800998468,0.0209444674690354,0.0139293732311733,"Gstm1/Fads1/Gstm2/Ehhadh/Plp1/Gstm7/Aloxe3",7
"GO:0071354","cellular response to interleukin-6","7/1333","40/25730",0.175,3.37790697674419,3.51804280815811,0.00409044800998468,0.0209444674690354,0.0139293732311733,"Ptprt/Il6ra/Pid1/St3gal6/Ptgis/Il6/C1qtnf4",7
"GO:0048704","embryonic skeletal system morphogenesis","13/1333","109/25730",0.119266055045872,2.30211222530403,3.18435840400148,0.0042001802206976,0.0214662842005672,0.014276413805135,"Bmp4/Zeb1/Twist2/Pdgfra/Tgfb3/Flvcr1/Osr2/Prrx1/Hoxb9/Mef2c/Wnt9a/Nodal/Eya1",13
"GO:0051153","regulation of striated muscle cell differentiation","13/1333","109/25730",0.119266055045872,2.30211222530403,3.18435840400148,0.0042001802206976,0.0214662842005672,0.014276413805135,"Cyp26b1/Bmp4/Igf1/Thra/Bhlha15/Sox6/Hdac5/Ppara/Shh/Mef2c/Prkd1/Pi16/Rgs4",13
"GO:0051648","vesicle localization","22/1333","230/25730",0.0956521739130435,1.84630940343782,3.01357017662402,0.00427535983962555,0.0218219736229926,0.0145129693884493,"Myo5b/Unc13b/Exoc6/Syt1/Unc13c/Kif5c/Syt10/P2rx7/Cadps2/Rab17/Mlph/Rasgrp1/Dpysl2/Magi2/Pclo/Sybu/Nlgn3/Kif5a/Myrip/Pcdh17/Dnm3/Syt11",22
"GO:0042733","embryonic digit morphogenesis","10/1333","73/25730",0.136986301369863,2.64415418923224,3.28820852858363,0.00427772702101294,0.0218219736229926,0.0145129693884493,"Bmp4/Lrp4/Frem2/Zbtb16/Shh/Prickle1/Sfrp2/Flvcr1/Osr2/Gli2",10
"GO:0045666","positive regulation of neuron differentiation","14/1333","122/25730",0.114754098360656,2.21502096835684,3.14437382764563,0.00431576148652158,0.0219821493890071,0.0146194962328631,"Bmp4/Zeb1/Cxcl12/Gdf7/Dab1/Mmd/Gata2/Etv5/Shh/Fgf2/Mef2c/Il6/Gli2/Heyl",14
"GO:0014902","myotube differentiation","16/1333","148/25730",0.108108108108108,2.08673790069139,3.09917956024418,0.00431713555134808,0.0219821493890071,0.0146194962328631,"Pmp22/Cyp26b1/Dock5/Igf1/Cxcl12/Col6a1/Thra/Bhlha15/Adamts5/Xk/Hdac5/Dner/Shh/Cntnap2/Syna/Ripor2",16
"GO:0016101","diterpenoid metabolic process","12/1333","97/25730",0.123711340206186,2.38791656677056,3.2011632553404,0.0043335886524688,0.0220454755453209,0.014661612064545,"Cyp26b1/Adh1/Ces2e/Aldh1a1/Klf9/Ces1d/Akr1b1/Rdh12/Lipe/Rarres2/Rdh9/Aldh1a2",12
"GO:0060419","heart growth","15/1333","135/25730",0.111111111111111,2.14470284237726,3.11702577561716,0.00434859326597741,0.0221013226268055,0.0146987538464032,"Erbb4/Igf1/Tgfbr3/Kcnk2/Myh10/Ppara/Sorbs2/Fgf2/S1pr1/Acacb/Mef2c/Wnt2/Ttn/Pi16/Rgs4",15
"GO:0035850","epithelial cell differentiation involved in kidney development","8/1333","51/25730",0.156862745098039,3.02781577747378,3.38830773543324,0.00443693256652334,0.0224878327402092,0.0149558071057034,"Klf15/Podxl/Cd34/Magi2/Ednrb/Ednra/Mef2c/Acta2",8
"GO:0090279","regulation of calcium ion import","8/1333","51/25730",0.156862745098039,3.02781577747378,3.38830773543324,0.00443693256652334,0.0224878327402092,0.0149558071057034,"Egf/Cxcl12/Pdgfrb/Ace/Akap5/Kcnn4/Isl1/Wnk3",8
"GO:0099054","presynapse assembly","8/1333","51/25730",0.156862745098039,3.02781577747378,3.38830773543324,0.00443693256652334,0.0224878327402092,0.0149558071057034,"Il1rap/Lrp4/Fzd5/Nrxn1/Pclo/Mdga2/Nlgn3/Pcdh17",8
"GO:0021575","hindbrain morphogenesis","9/1333","62/25730",0.145161290322581,2.80195048762191,3.32048098979109,0.0044559984931849,0.0225428347733566,0.0149923868778707,"Dlc1/Dab1/Rora/Zfp365/Foxp2/Atp2b2/Cntnap2/Cacna1a/Gli2",9
"GO:0060251","regulation of glial cell proliferation","9/1333","62/25730",0.145161290322581,2.80195048762191,3.32048098979109,0.0044559984931849,0.0225428347733566,0.0149923868778707,"Pmp22/Flt1/Igf1/Vim/Etv5/Shh/Plag1/Ntn1/Il6",9
"GO:0006721","terpenoid metabolic process","13/1333","110/25730",0.118181818181818,2.28118393234672,3.14757855987737,0.0045429033018692,0.0229191141764338,0.0152426360786401,"Hmgcs2/Cyp26b1/Adh1/Ces2e/Aldh1a1/Klf9/Ces1d/Akr1b1/Rdh12/Lipe/Rarres2/Rdh9/Aldh1a2",13
"GO:0045921","positive regulation of exocytosis","13/1333","110/25730",0.118181818181818,2.28118393234672,3.14757855987737,0.0045429033018692,0.0229191141764338,0.0152426360786401,"Gab2/Myo5b/Unc13b/Syt1/Doc2b/Gata2/Syt10/Cadps2/Kcnb1/Pla2g6/Syt7/Syt9/Pla2g3",13
"GO:0072091","regulation of stem cell proliferation","13/1333","110/25730",0.118181818181818,2.28118393234672,3.14757855987737,0.0045429033018692,0.0229191141764338,0.0152426360786401,"Bmp4/Ptch1/Kdr/Ace/Hdac5/Shh/Fgf2/Fgf10/Osr2/Prrx1/Septin4/Gli2/Sox17",13
"GO:0032891","negative regulation of organic acid transport","6/1333","31/25730",0.193548387096774,3.73593398349587,3.5627607873838,0.00461040184533143,0.0232382880890948,0.0154549065773616,"Irs2/Abat/Adora1/Slc43a1/Acacb/Rgs4",6
"GO:0014909","smooth muscle cell migration","14/1333","123/25730",0.113821138211382,2.1970126678011,3.11050043617162,0.00464392838331491,0.0233288612658193,0.0155151433718847,"Dock5/Igf1/Pdgfrb/Ppargc1a/Ace/Rapgef3/Egr1/Ddr2/Kcnn4/Nrp1/Pgr/Egfl7/Mef2c/Pdgfd",14
"GO:0007584","response to nutrient","18/1333","176/25730",0.102272727272727,1.97410147991543,3.03102422159108,0.00464533834687787,0.0233288612658193,0.0155151433718847,"Hmgcs2/Bglap3/Cyp26b1/Slc6a4/Abcg5/Mn1/Penk/Ppara/Abcb1a/Pdk2/Sfrp2/Col1a1/Bche/Mlxipl/Acacb/Sfrp1/Aldh1a2/Abcg8",18
"GO:0007213","G protein-coupled acetylcholine receptor signaling pathway","5/1333","22/25730",0.227272727272727,4.38689217758985,3.71481235165467,0.00465812205271232,0.0233288612658193,0.0155151433718847,"Plcb1/Itpr1/Gna14/Chrm1/Trpc1",5
"GO:0033604","negative regulation of catecholamine secretion","5/1333","22/25730",0.227272727272727,4.38689217758985,3.71481235165467,0.00465812205271232,0.0233288612658193,0.0155151433718847,"Abat/Ptger3/Entpd1/Adra2a/Syt11",5
"GO:0098935","dendritic transport","5/1333","22/25730",0.227272727272727,4.38689217758985,3.71481235165467,0.00465812205271232,0.0233288612658193,0.0155151433718847,"Kif5c/Rabgef1/Rab17/Kif5a/Kif17",5
"GO:1903236","regulation of leukocyte tethering or rolling","5/1333","22/25730",0.227272727272727,4.38689217758985,3.71481235165467,0.00465812205271232,0.0233288612658193,0.0155151433718847,"Gcnt1/Fut9/Cxcl12/Gp1ba/Sele",5
"GO:1903376","regulation of oxidative stress-induced neuron intrinsic apoptotic signaling pathway","5/1333","22/25730",0.227272727272727,4.38689217758985,3.71481235165467,0.00465812205271232,0.0233288612658193,0.0155151433718847,"Prodh/Pink1/Fgf2/Adcy10/Il10",5
"GO:0035914","skeletal muscle cell differentiation","12/1333","98/25730",0.122448979591837,2.36355007119127,3.1611943432179,0.00471125070675512,0.0234200519922934,0.0155757908753916,"Cyp26b1/Col6a1/Egr1/Hdac5/Maff/Btg2/Shh/Nr4a1/Ephb1/Mef2c/Capn3/Heyl",12
"GO:0050772","positive regulation of axonogenesis","12/1333","98/25730",0.122448979591837,2.36355007119127,3.1611943432179,0.00471125070675512,0.0234200519922934,0.0155757908753916,"Myo5b/Cxcl12/Dixdc1/Robo2/Zeb2/Amigo1/Nrp1/Ntn1/Plxnd1/Plxnb3/Adcy10/Chodl",12
"GO:0032232","negative regulation of actin filament bundle assembly","7/1333","41/25730",0.170731707317073,3.29551900170165,3.43840901001663,0.00471615388964026,0.0234200519922934,0.0155757908753916,"Kank4/Dlc1/Arhgap28/Shank3/S1pr1/Myoc/Coro2b",7
"GO:0060325","face morphogenesis","7/1333","41/25730",0.170731707317073,3.29551900170165,3.43840901001663,0.00471615388964026,0.0234200519922934,0.0155757908753916,"Crispld2/Twist2/Pdgfra/Tgfb3/Prickle1/Col1a1/Tiparp",7
"GO:1900046","regulation of hemostasis","10/1333","74/25730",0.135135135135135,2.60842237586424,3.23876776191324,0.00472179196164246,0.0234200519922934,0.0155757908753916,"Ubash3b/Pdgfra/Serping1/Thbd/Vwf/Cd36/Emilin1/Tfpi/Klkb1/Gp1ba",10
"GO:0010470","regulation of gastrulation","4/1333","14/25730",0.285714285714286,5.51495016611296,3.94978617646957,0.00472460014504594,0.0234200519922934,0.0155757908753916,"Osr2/Crb2/Nodal/Hnf4a",4
"GO:0061140","lung secretory cell differentiation","4/1333","14/25730",0.285714285714286,5.51495016611296,3.94978617646957,0.00472460014504594,0.0234200519922934,0.0155757908753916,"Agr2/Igf1/Fgf10/Spdef",4
"GO:0098937","anterograde dendritic transport","4/1333","14/25730",0.285714285714286,5.51495016611296,3.94978617646957,0.00472460014504594,0.0234200519922934,0.0155757908753916,"Kif5c/Rab17/Kif5a/Kif17",4
"GO:1903054","negative regulation of extracellular matrix organization","4/1333","14/25730",0.285714285714286,5.51495016611296,3.94978617646957,0.00472460014504594,0.0234200519922934,0.0155757908753916,"Tgfbr3/Dpp4/Emilin1/Reck",4
"GO:1903671","negative regulation of sprouting angiogenesis","4/1333","14/25730",0.285714285714286,5.51495016611296,3.94978617646957,0.00472460014504594,0.0234200519922934,0.0155757908753916,"Flt1/Stard13/Creb3l1/Zfp354c",4
"GO:1905063","regulation of vascular associated smooth muscle cell differentiation","4/1333","14/25730",0.285714285714286,5.51495016611296,3.94978617646957,0.00472460014504594,0.0234200519922934,0.0155757908753916,"Efemp2/Gper1/Cth/Eng",4
"GO:0001889","liver development","19/1333","190/25730",0.1,1.93023255813953,3.00826578944493,0.00472753099061051,0.0234200519922934,0.0155757908753916,"Hmgcs2/Bmp4/Ptch1/Itpr1/Ephx1/Tgfbr3/Cebpb/Cp/Dbp/Vwf/Upb1/Ceacam2/Lims2/Errfi1/Aldh1a2/Nodal/Il6/Hhex/Il10",19
"GO:0034976","response to endoplasmic reticulum stress","26/1333","290/25730",0.0896551724137931,1.73055332798717,2.92449365902281,0.00481857479908954,0.0238495555204712,0.0158614374289237,"Pmp22/Agr2/Ppp1r15a/Crebrf/Foxred2/Itpr1/Derl3/Bhlha15/Dnajc10/Man1a/Brsk2/Cebpb/Svip/Pla2g6/Parp16/Creb3l1/Rcn3/Rasgrf1/Herpud1/Rasgrf2/Aqp11/Dnajb9/Fbxo17/Chac1/Calr3/Trib3",26
"GO:0014910","regulation of smooth muscle cell migration","13/1333","111/25730",0.117117117117117,2.260632725749,3.1111954483153,0.00490777242355812,0.0242473112807476,0.0161259697426686,"Dock5/Igf1/Pdgfrb/Ppargc1a/Ace/Rapgef3/Egr1/Ddr2/Nrp1/Pgr/Egfl7/Mef2c/Pdgfd",13
"GO:0070167","regulation of biomineral tissue development","13/1333","111/25730",0.117117117117117,2.260632725749,3.1111954483153,0.00490777242355812,0.0242473112807476,0.0161259697426686,"Bglap3/Bmp4/Mgp/Bmpr1b/Cebpb/Ddr2/Aspn/P2rx7/Osr2/S1pr1/Acvr2b/Mef2c/Notum",13
"GO:0051961","negative regulation of nervous system development","18/1333","177/25730",0.101694915254237,1.9629483642097,3.00487908274486,0.00492782377751335,0.024324482657168,0.0161772935066417,"Bmp4/Daam2/Lrp4/Mt3/Dpysl5/Dab1/Gata2/Btg2/Epha7/Nrp1/Nr1d1/Nfatc4/Sema3g/Ntn1/Sema6c/Gpr37l1/Elapor2/Ccl11",18
"GO:0006066","alcohol metabolic process","32/1333","380/25730",0.0842105263157895,1.62545899632803,2.8711770582629,0.00496349888021015,0.0244640817418168,0.0162701355784527,"Hmgcs2/Pmp22/Adh1/Vldlr/Plcb1/Abca5/Gpr146/Kcnma1/Ephx1/Ces2e/Aldh1a1/Ces1d/Aldh2/Akr1b1/Rdh12/Thrb/Slc5a3/Lipe/Errfi1/Gper1/Sptssb/Rdh9/Lepr/Ednrb/Gdpd3/Aldh1a2/Mas1/Sult1e1/Npc1l1/Bmp5/Apof/Cyp17a1",32
"GO:0060324","face development","9/1333","63/25730",0.142857142857143,2.75747508305648,3.26460176402239,0.00496501859362068,0.0244640817418168,0.0162701355784527,"Crispld2/Twist2/Pdgfra/Tgfb3/Prickle1/Col1a1/Tiparp/Ednra/Aldh1a2",9
"GO:0031111","negative regulation of microtubule polymerization or depolymerization","8/1333","52/25730",0.153846153846154,2.9695885509839,3.32318792175991,0.00501051665875255,0.0246661219191863,0.0164045048596213,"Camsap3/Bbof1/Cdh5/Map1a/Clip3/Tubb4a/Apc2/Nav3",8
"GO:0032944","regulation of mononuclear cell proliferation","24/1333","262/25730",0.0916030534351145,1.76815196165454,2.92118245885368,0.00506149611009386,0.0248947599895208,0.0165565633935159,"Bmp4/Cd59a/Irs2/Igf1/Cnn2/St6gal1/Pkn1/Crtam/Tnfsf13/Cebpb/Il15/Tnfrsf21/Igf2/Shh/Fgf10/Arg2/Prdm1/Cd46/Mef2c/Cd59b/Icosl/Ripor2/Il6/Il10",24
"GO:0032611","interleukin-1 beta production","12/1333","99/25730",0.121212121212121,2.33967582804792,3.12171217718361,0.00511473859535521,0.0250667858481292,0.0166709712863645,"Igf1/Fzd5/Egr1/S1pr3/P2rx7/Isl1/Cd36/Arg2/Errfi1/Ghrl/Nlrc3/Il6",12
"GO:0032651","regulation of interleukin-1 beta production","12/1333","99/25730",0.121212121212121,2.33967582804792,3.12171217718361,0.00511473859535521,0.0250667858481292,0.0166709712863645,"Igf1/Fzd5/Egr1/S1pr3/P2rx7/Isl1/Cd36/Arg2/Errfi1/Ghrl/Nlrc3/Il6",12
"GO:0032890","regulation of organic acid transport","12/1333","99/25730",0.121212121212121,2.33967582804792,3.12171217718361,0.00511473859535521,0.0250667858481292,0.0166709712863645,"Irs2/Abat/Adora1/P2rx7/Pla2g6/Slc43a1/Arg2/Dpysl2/Acacb/Pla2g3/Fxyd1/Rgs4",12
"GO:0051492","regulation of stress fiber assembly","12/1333","99/25730",0.121212121212121,2.33967582804792,3.12171217718361,0.00511473859535521,0.0250667858481292,0.0166709712863645,"Kank4/Dlc1/Tgfb3/Rapgef3/Arhgap28/Ppm1e/Nrp1/Limch1/S1pr1/Arhgef15/Myoc/Coro2b",12
"GO:0060350","endochondral bone morphogenesis","10/1333","75/25730",0.133333333333333,2.57364341085271,3.19013649119411,0.00520127313433262,0.025445444059137,0.0169228025423262,"Bmp4/Col27a1/Col3a1/Axin2/Pthlh/Csgalnact1/Bmpr1b/Col1a1/Scube2/Mef2c",10
"GO:2000179","positive regulation of neural precursor cell proliferation","10/1333","75/25730",0.133333333333333,2.57364341085271,3.19013649119411,0.00520127313433262,0.025445444059137,0.0169228025423262,"Egf/Igf1/Smarcd3/Trf/Hdac5/Dll4/Shh/Fgf2/Rassf10/Gpr37l1",10
"GO:0051224","negative regulation of protein transport","16/1333","151/25730",0.105960264900662,2.04527953180348,3.01118510922988,0.00524491404395828,0.0256360936663286,0.0170495963860405,"Irs1/Fbn1/Acvr1c/Derl3/Ptger3/Pim3/Svip/Kcnb1/Pde8b/Cd36/Gnao1/Ghrl/Hnf4a/Apod/Adra2a/Pde1c",16
"GO:0006885","regulation of pH","13/1333","112/25730",0.116071428571429,2.24044850498339,3.07520063587431,0.00529578975344349,0.0258157992510225,0.0171691117742751,"Slc9a2/Creg1/Pdk4/Atp12a/Slc26a3/Pdk2/Aqp11/Ednrb/Slc9b1/Atp6v0a4/Slc4a5/Slc12a5/Slc26a4",13
"GO:0021954","central nervous system neuron development","13/1333","112/25730",0.116071428571429,2.24044850498339,3.07520063587431,0.00529578975344349,0.0258157992510225,0.0171691117742751,"Robo2/Cdh11/Gata2/Zeb2/Btg2/B4galt6/Plxna4/Nrp1/Ntf3/Ephb1/Dclk2/Gli2/Gabrb1",13
"GO:1990748","cellular detoxification","13/1333","112/25730",0.116071428571429,2.24044850498339,3.07520063587431,0.00529578975344349,0.0258157992510225,0.0171691117742751,"Prdx6/Mt3/Aldh1a1/Aldh2/Slc22a1/Rdh12/Cp/Cd36/Fbln5/Gstm7/Gstk1/Cygb/Nqo1",13
"GO:0061041","regulation of wound healing","15/1333","138/25730",0.108695652173913,2.09807886754297,3.02328631634726,0.00533643765245403,0.025990866259379,0.0172855422208103,"Ubash3b/Kank1/Pdgfra/Serping1/Thbd/Mylk/Ddr2/Vwf/Fgf2/Cd36/Emilin1/Tfpi/Klkb1/Gp1ba/Adra2a",15
"GO:0021983","pituitary gland development","7/1333","42/25730",0.166666666666667,3.21705426356589,3.36119831258599,0.00541128962443284,0.0262136803303079,0.0174337274329535,"Bmp4/Gata2/Isl1/Fgf2/Fgf10/Aldh1a2/Gli2",7
"GO:0051693","actin filament capping","7/1333","42/25730",0.166666666666667,3.21705426356589,3.36119831258599,0.00541128962443284,0.0262136803303079,0.0174337274329535,"Scin/Sptb/Add3/Tmod4/Avil/Tmod2/Lmod1",7
"GO:0071549","cellular response to dexamethasone stimulus","7/1333","42/25730",0.166666666666667,3.21705426356589,3.36119831258599,0.00541128962443284,0.0262136803303079,0.0174337274329535,"Bmp4/Axin2/Aqp1/Abcb1a/Errfi1/Fbxo32/Mettl21c",7
"GO:0003094","glomerular filtration","6/1333","32/25730",0.1875,3.61918604651163,3.46537302351793,0.00542994252788488,0.0262136803303079,0.0174337274329535,"Adgrf5/Adora1/Cd34/Aqp1/Ednra/Coro2b",6
"GO:0035235","ionotropic glutamate receptor signaling pathway","6/1333","32/25730",0.1875,3.61918604651163,3.46537302351793,0.00542994252788488,0.0262136803303079,0.0174337274329535,"Grik5/Grin2d/Plp1/Mef2c/Gm527/Grik3",6
"GO:0035767","endothelial cell chemotaxis","6/1333","32/25730",0.1875,3.61918604651163,3.46537302351793,0.00542994252788488,0.0262136803303079,0.0174337274329535,"Kdr/Shh/Nr4a1/Nrp1/Fgf2/Prkd1",6
"GO:0060795","cell fate commitment involved in formation of primary germ layer","6/1333","32/25730",0.1875,3.61918604651163,3.46537302351793,0.00542994252788488,0.0262136803303079,0.0174337274329535,"Bmp4/Sfrp2/Tbx6/Nodal/Eya1/Sox17",6
"GO:0060977","coronary vasculature morphogenesis","6/1333","32/25730",0.1875,3.61918604651163,3.46537302351793,0.00542994252788488,0.0262136803303079,0.0174337274329535,"Pdgfrb/Tgfbr3/Ace/Shh/Nrp1/Fgf2",6
"GO:0071472","cellular response to salt stress","6/1333","32/25730",0.1875,3.61918604651163,3.46537302351793,0.00542994252788488,0.0262136803303079,0.0174337274329535,"Slc12a6/Slc25a23/Akr1b1/Aqp1/Abcb1a/Capn3",6
"GO:0099637","neurotransmitter receptor transport","6/1333","32/25730",0.1875,3.61918604651163,3.46537302351793,0.00542994252788488,0.0262136803303079,0.0174337274329535,"Myo5b/Lrrc7/Mylk/Vamp2/Akap5/Mapk10",6
"GO:0031099","regeneration","22/1333","235/25730",0.0936170212765957,1.80702622464127,2.90504179909751,0.00550390029736319,0.0265454081951842,0.0176543470905253,"Adh1/Erbb4/Igf1r/Igf1/Lifr/Cxcl12/Ptch1/Itpr1/Col6a1/Ace/Lcp1/Cebpb/Adm/Abcb1a/Isl1/Fgf10/Prrx1/Xylt1/Capn3/Il6/Apod/Il10",22
"GO:0032615","interleukin-12 production","9/1333","64/25730",0.140625,2.71438953488372,3.20980547950707,0.00551800159422576,0.0265454081951842,0.0176543470905253,"Plcb1/Isl1/Cd36/Il16/Irak3/Irf8/Nlrc3/Il10/Cmklr1",9
"GO:0032655","regulation of interleukin-12 production","9/1333","64/25730",0.140625,2.71438953488372,3.20980547950707,0.00551800159422576,0.0265454081951842,0.0176543470905253,"Plcb1/Isl1/Cd36/Il16/Irak3/Irf8/Nlrc3/Il10/Cmklr1",9
"GO:0070527","platelet aggregation","9/1333","64/25730",0.140625,2.71438953488372,3.20980547950707,0.00551800159422576,0.0265454081951842,0.0176543470905253,"Ubash3b/Slc6a4/Pdgfra/Il6ra/Emilin1/Entpd1/Mfsd2b/Pear1/Il6",9
"GO:0021537","telencephalon development","28/1333","323/25730",0.086687306501548,1.67326661386709,2.84622980100176,0.00559986635740449,0.0269156448649678,0.0179005774979065,"Erbb4/Bmp4/Plcb1/Srgap2/Cxcl12/Col3a1/Dixdc1/Atp1a2/Dab1/Reln/Myh10/Robo2/Aqp1/Zeb2/Btg2/Shh/Atp1b2/Plxna4/Arl13b/Mme/Shank3/Foxp2/Kcna1/Dclk2/Filip1/Kcna2/Sema6b/Pianp",28
"GO:0007620","copulation","5/1333","23/25730",0.217391304347826,4.19615773508595,3.58446825547675,0.00570185971590197,0.0271743044710144,0.0180726022198422,"Tgm4/Abat/Serpina5/Shh/Ednrb",5
"GO:0046579","positive regulation of Ras protein signal transduction","5/1333","23/25730",0.217391304347826,4.19615773508595,3.58446825547675,0.00570185971590197,0.0271743044710144,0.0180726022198422,"Igf1/Dgki/Fgf10/Rasgrp1/Rasgrf1",5
"GO:0061318","renal filtration cell differentiation","5/1333","23/25730",0.217391304347826,4.19615773508595,3.58446825547675,0.00570185971590197,0.0271743044710144,0.0180726022198422,"Klf15/Podxl/Magi2/Ednrb/Ednra",5
"GO:0071450","cellular response to oxygen radical","5/1333","23/25730",0.217391304347826,4.19615773508595,3.58446825547675,0.00570185971590197,0.0271743044710144,0.0180726022198422,"Mt3/Cd36/Fbln5/Cygb/Nqo1",5
"GO:0071451","cellular response to superoxide","5/1333","23/25730",0.217391304347826,4.19615773508595,3.58446825547675,0.00570185971590197,0.0271743044710144,0.0180726022198422,"Mt3/Cd36/Fbln5/Cygb/Nqo1",5
"GO:0072112","podocyte differentiation","5/1333","23/25730",0.217391304347826,4.19615773508595,3.58446825547675,0.00570185971590197,0.0271743044710144,0.0180726022198422,"Klf15/Podxl/Magi2/Ednrb/Ednra",5
"GO:0150104","transport across blood-brain barrier","5/1333","23/25730",0.217391304347826,4.19615773508595,3.58446825547675,0.00570185971590197,0.0271743044710144,0.0180726022198422,"Flvcr2/Slc22a1/Abcb1a/Cd36/Abcc2",5
"GO:0007368","determination of left/right symmetry","15/1333","139/25730",0.107913669064748,2.08298477497072,2.9925708275928,0.0057033763937549,0.0271743044710144,0.0180726022198422,"Bicc1/Daam2/Shh/Arl13b/Fgf10/Acvr2b/Galnt11/Foxf1/Mef2c/Aldh1a2/Nodal/Cfap53/Sox17/Eng/Anks6",15
"GO:0007229","integrin-mediated signaling pathway","13/1333","113/25730",0.115044247787611,2.22062152706318,3.03958594497376,0.00570797690666942,0.0271743044710144,0.0180726022198422,"Lama2/Gab2/Nid1/Lama1/Itga9/Itga1/Col3a1/Itgbl1/Nrp1/Pram1/Lims2/Adam30/Itga11",13
"GO:0030301","cholesterol transport","13/1333","113/25730",0.115044247787611,2.22062152706318,3.03958594497376,0.00570797690666942,0.0271743044710144,0.0180726022198422,"Egf/Abca5/Ptch1/Abcg5/Abca8a/Osbpl6/Shh/Cd36/Syt7/Abca8b/Abcg8/Npc1l1/Apof",13
"GO:0008347","glial cell migration","10/1333","76/25730",0.131578947368421,2.53977968176255,3.1422891844795,0.00571804001895094,0.0271743044710144,0.0180726022198422,"Pmp22/Srgap2/Ptprb/Col3a1/Dab1/Reln/Vim/Atp1b2/Ntn1/Ndn",10
"GO:0050818","regulation of coagulation","10/1333","76/25730",0.131578947368421,2.53977968176255,3.1422891844795,0.00571804001895094,0.0271743044710144,0.0180726022198422,"Ubash3b/Pdgfra/Serping1/Thbd/Vwf/Cd36/Emilin1/Tfpi/Klkb1/Gp1ba",10
"GO:0150116","regulation of cell-substrate junction organization","10/1333","76/25730",0.131578947368421,2.53977968176255,3.1422891844795,0.00571804001895094,0.0271743044710144,0.0180726022198422,"Dlc1/Kdr/Acvrl1/Camsap3/Tek/Nrp1/Limch1/Enpp2/Myoc/Apod",10
"GO:0003300","cardiac muscle hypertrophy","14/1333","126/25730",0.111111111111111,2.14470284237726,3.01080368977156,0.00575114648360145,0.0273079957166854,0.018161515211373,"Bmp4/Igf1/Klf15/Ppara/Sorbs2/Kcnn4/Errfi1/Fbxo32/Acacb/Mef2c/Adcy10/Ttn/Pi16/Rgs4",14
"GO:0003015","heart process","24/1333","265/25730",0.0905660377358491,1.7481351469943,2.86147179796193,0.00581904416576605,0.0276065111719013,0.0183600465513139,"Pkp2/Cacnb2/Ank2/Thra/Ehd3/Atp1a2/Ace/Adora1/Thrb/Adm/Isl1/Gjc1/Abcc9/Gnao1/Cacna1c/Gstm7/Ednrb/Ednra/Adcy10/Kcnd3/Ttn/Fxyd1/Rgs4/Pde4b",24
"GO:0060996","dendritic spine development","15/1333","140/25730",0.107142857142857,2.06810631229236,2.96211333758982,0.00609039741376845,0.0288689044941062,0.0191996166084438,"Myo5b/Srgap2/Reln/Ngef/Cux2/Zfp365/Caprin2/Shank3/Cpeb3/Ephb1/Mef2c/Cntnap2/Nlgn3/Slc12a5/Dnm3",15
"GO:0050768","negative regulation of neurogenesis","17/1333","167/25730",0.101796407185629,1.9649073945133,2.92412729887478,0.00611089032920148,0.0289249966587293,0.0192369213858288,"Bmp4/Daam2/Lrp4/Mt3/Dpysl5/Dab1/Gata2/Btg2/Epha7/Nrp1/Nr1d1/Nfatc4/Sema3g/Ntn1/Sema6c/Gpr37l1/Ccl11",17
"GO:0099172","presynapse organization","9/1333","65/25730",0.138461538461538,2.67262969588551,3.15605208683268,0.00611738097108806,0.0289249966587293,0.0192369213858288,"Tln2/Il1rap/Lrp4/Fzd5/Nrxn1/Pclo/Mdga2/Nlgn3/Pcdh17",9
"GO:1905954","positive regulation of lipid localization","13/1333","114/25730",0.114035087719298,2.20114239086087,3.00434344390195,0.00614537401440615,0.0289249966587293,0.0192369213858288,"Abca5/Nkx3-1/Atp8a1/Ptch1/Dennd5b/Abca8a/P2rx7/Pla2g6/Cd36/Ghrl/Acacb/Abca8b/Pla2g3",13
"GO:0045197","establishment or maintenance of epithelial cell apical/basal polarity","7/1333","43/25730",0.162790697674419,3.14223904813413,3.28627407904826,0.00618041838362723,0.0289249966587293,0.0192369213858288,"Lrrc7/Lama1/Camsap3/Pard3b/Mtcl1/Foxf1/Crb2",7
"GO:0140448","signaling receptor ligand precursor processing","7/1333","43/25730",0.162790697674419,3.14223904813413,3.28627407904826,0.00618041838362723,0.0289249966587293,0.0192369213858288,"Ace/Ero1b/Mme/Enpep/Hid1/Ren1/Ren2",7
"GO:1905332","positive regulation of morphogenesis of an epithelium","7/1333","43/25730",0.162790697674419,3.14223904813413,3.28627407904826,0.00618041838362723,0.0289249966587293,0.0192369213858288,"Egf/Bmp4/Pdgfra/Stox1/Mmrn2/Fgf2/Wnt2b",7
"GO:0003198","epithelial to mesenchymal transition involved in endocardial cushion formation","4/1333","15/25730",0.266666666666667,5.14728682170543,3.75556040832809,0.00618127547471115,0.0289249966587293,0.0192369213858288,"Snai1/Heyl/Eng/Tmem100",4
"GO:0014848","urinary tract smooth muscle contraction","4/1333","15/25730",0.266666666666667,5.14728682170543,3.75556040832809,0.00618127547471115,0.0289249966587293,0.0192369213858288,"Kcnma1/Ptger3/Pla2g6/Cacna1c",4
"GO:0042754","negative regulation of circadian rhythm","4/1333","15/25730",0.266666666666667,5.14728682170543,3.75556040832809,0.00618127547471115,0.0289249966587293,0.0192369213858288,"Ptger3/Adora1/Ghrl/Lepr",4
"GO:0045916","negative regulation of complement activation","4/1333","15/25730",0.266666666666667,5.14728682170543,3.75556040832809,0.00618127547471115,0.0289249966587293,0.0192369213858288,"Cd59a/Serping1/Cd46/Cd59b",4
"GO:0086100","endothelin receptor signaling pathway","4/1333","15/25730",0.266666666666667,5.14728682170543,3.75556040832809,0.00618127547471115,0.0289249966587293,0.0192369213858288,"Plcb4/Gna14/Ednrb/Ednra",4
"GO:0097475","motor neuron migration","4/1333","15/25730",0.266666666666667,5.14728682170543,3.75556040832809,0.00618127547471115,0.0289249966587293,0.0192369213858288,"Dab1/Reln/Nrp1/Ntn1",4
"GO:1990839","response to endothelin","4/1333","15/25730",0.266666666666667,5.14728682170543,3.75556040832809,0.00618127547471115,0.0289249966587293,0.0192369213858288,"Irs2/Klf15/Ednrb/Prkd1",4
"GO:2001046","positive regulation of integrin-mediated signaling pathway","4/1333","15/25730",0.266666666666667,5.14728682170543,3.75556040832809,0.00618127547471115,0.0289249966587293,0.0192369213858288,"Lama2/Nid1/Lama1/Lims2",4
"GO:2001212","regulation of vasculogenesis","4/1333","15/25730",0.266666666666667,5.14728682170543,3.75556040832809,0.00618127547471115,0.0289249966587293,0.0192369213858288,"Kdr/Cd34/Adm/Tmem100",4
"GO:0006633","fatty acid biosynthetic process","18/1333","181/25730",0.0994475138121547,1.91956828986252,2.90198147751639,0.00620214286531109,0.0289979234988864,0.0192854222692539,"Gstm1/Fads1/Pdk4/Mgll/Gstm2/Ehhadh/Abhd1/Ceacam2/Plp1/Gstm7/Mlxipl/Acacb/Pla2g3/Hnf4a/Ptgis/Angptl4/Trib3/Aloxe3",18
"GO:0001756","somitogenesis","10/1333","77/25730",0.12987012987013,2.50679553005134,3.09520145088707,0.00627399334576811,0.0292839706419398,0.0194756614063049,"Nkx3-1/Axin2/Zeb2/Sfrp2/Tbx6/Foxf1/Sfrp1/Crb2/Aldh1a2/Ttn",10
"GO:0098926","postsynaptic signal transduction","10/1333","77/25730",0.12987012987013,2.50679553005134,3.09520145088707,0.00627399334576811,0.0292839706419398,0.0194756614063049,"Plcb1/Camk4/Itpr1/Chrnb1/Gna14/Sorbs2/Sorbs1/Chrm1/Trpc1/Chrna4",10
"GO:0003009","skeletal muscle contraction","8/1333","54/25730",0.148148148148148,2.85960378983635,3.19751016724029,0.00632601427644583,0.0294382524001391,0.0195782683690217,"Chrnb1/Nr4a1/Rcsd1/Gstm7/Stac2/Adgrd1/Rem1/Prkd1",8
"GO:0010837","regulation of keratinocyte proliferation","8/1333","54/25730",0.148148148148148,2.85960378983635,3.19751016724029,0.00632601427644583,0.0294382524001391,0.0195782683690217,"Zeb1/Twist2/Ptch1/Klf9/Tgm1/Zfp36/Fgf10/Prkd1",8
"GO:0030219","megakaryocyte differentiation","8/1333","54/25730",0.148148148148148,2.85960378983635,3.19751016724029,0.00632601427644583,0.0294382524001391,0.0195782683690217,"Mturn/Scin/Gata2/Lox/L3mbtl1/Gp1ba/Mef2c/Fli1",8
"GO:1901655","cellular response to ketone","16/1333","154/25730",0.103896103896104,2.00543642404108,2.92520952089634,0.00632850024269704,0.0294382524001391,0.0195782683690217,"Scnn1a/Bmp4/Adcy6/Axin2/Klf9/Ptger3/Aqp1/Btg2/Abcb1a/Errfi1/Adcy5/Fbxo32/Sfrp1/Mettl21c/Adcy1/Prkd1",16
"GO:0016082","synaptic vesicle priming","6/1333","33/25730",0.181818181818182,3.50951374207188,3.37181432176674,0.00635109337574494,0.029493360016467,0.0196149183605695,"Unc13b/Unc13c/Cadps2/Brsk1/Erc2/Napb",6
"GO:0048333","mesodermal cell differentiation","6/1333","33/25730",0.181818181818182,3.50951374207188,3.37181432176674,0.00635109337574494,0.029493360016467,0.0196149183605695,"Bmp4/Sfrp2/Tbx6/Foxf1/Nodal/Eya1",6
"GO:0006140","regulation of nucleotide metabolic process","12/1333","102/25730",0.117647058823529,2.27086183310533,3.00607201357647,0.0064924212222227,0.0300733334082535,0.0200006367298852,"Insr/Igf1/Ppargc1a/Prxl2c/Ppara/P2rx7/Cbfa2t3/Entpd1/Pid1/Mlxipl/Nqo1/Adcy10",12
"GO:0060021","roof of mouth development","12/1333","102/25730",0.117647058823529,2.27086183310533,3.00607201357647,0.0064924212222227,0.0300733334082535,0.0200006367298852,"Pdgfra/Tgfbr3/Tgfb3/Shh/Tcf21/Osr2/Prrx1/Tiparp/Acvr2b/Mef2c/Snai1/Col11a2",12
"GO:1900542","regulation of purine nucleotide metabolic process","12/1333","102/25730",0.117647058823529,2.27086183310533,3.00607201357647,0.0064924212222227,0.0300733334082535,0.0200006367298852,"Insr/Igf1/Ppargc1a/Prxl2c/Ppara/P2rx7/Cbfa2t3/Entpd1/Pid1/Mlxipl/Nqo1/Adcy10",12
"GO:0044703","multi-organism reproductive process","24/1333","268/25730",0.0895522388059701,1.7285664699757,2.80251945094742,0.00666810006500693,0.0308610465909132,0.0205245149777616,"Tgm4/Pmp22/Cyp2d22/Junb/Thbd/Acvr1c/Klf9/Slc38a1/Serpina5/Syde1/Abcb1a/Pgr/Reck/Prdm1/Errfi1/Ghrl/Acvr2b/Dnajb13/Csmd1/Nodal/Sult1e1/Ptgis/Tppp3/Adra2a",24
"GO:0043200","response to amino acid","22/1333","239/25730",0.0920502092050209,1.77678310791087,2.82009411210494,0.00668479201578687,0.0309122353619664,0.0205585586935209,"Hmgcs2/Igf1r/Zeb1/Pdgfra/Col3a1/Col6a1/Slc1a3/Col1a2/Cpeb1/Cdo1/Cebpb/Rragd/Amigo1/Kcnb1/Col5a2/Abcb1a/Grin2d/Cpeb3/Rragb/Col1a1/Nqo1/Pdgfd",22
"GO:0001838","embryonic epithelial tube formation","16/1333","155/25730",0.103225806451613,1.99249812453113,2.89698360745328,0.00672740950854833,0.0310569813224741,0.02065482375782,"Bmp4/Smarca1/Cecr2/Dlc1/Ptch1/Gdf7/Zeb2/Adm/Shh/Prickle1/Sfrp2/Shank3/Ret/Sfrp1/Nodal/Bmp5",16
"GO:0042471","ear morphogenesis","16/1333","155/25730",0.103225806451613,1.99249812453113,2.89698360745328,0.00672740950854833,0.0310569813224741,0.02065482375782,"Zeb1/Ptprq/Clic5/Gata2/Stox1/Fgf10/Ankrd24/Osr2/Prrx1/Ntn1/Ednra/Myo15a/Atp2b2/Eya1/Ripor2/Gli2",16
"GO:0033344","cholesterol efflux","9/1333","66/25730",0.136363636363636,2.63213530655391,3.10330362812499,0.00676562338723492,0.0311547875608494,0.0207198709881055,"Egf/Abca5/Ptch1/Abcg5/Abca8a/Shh/Abca8b/Abcg8/Apof",9
"GO:0050435","amyloid-beta metabolic process","9/1333","66/25730",0.136363636363636,2.63213530655391,3.10330362812499,0.00676562338723492,0.0311547875608494,0.0207198709881055,"Igf1/Lrp4/Ace/Olfm1/Spon1/Cd36/Mme/Slc2a13/Ren1",9
"GO:1903078","positive regulation of protein localization to plasma membrane","9/1333","66/25730",0.136363636363636,2.63213530655391,3.10330362812499,0.00676562338723492,0.0311547875608494,0.0207198709881055,"Agr2/Myo5b/Akap5/Sorbs1/Cd36/Gper1/Stac2/Clip3/Wnk3",9
"GO:0032943","mononuclear cell proliferation","29/1333","343/25730",0.0845481049562682,1.63197504915587,2.75422626781634,0.00685102823387116,0.0314818513983769,0.0209373887774729,"Bmp4/Cd59a/Irs2/Igf1/Cxcl12/Plcl2/Cnn2/St6gal1/Pkn1/Crtam/Tnfsf13/Cebpb/Il15/P2rx7/Tnfrsf21/Igf2/Shh/Lmbr1l/Fgf10/Arg2/Rasgrp1/Prdm1/Cd46/Mef2c/Cd59b/Icosl/Ripor2/Il6/Il10",29
"GO:1904950","negative regulation of establishment of protein localization","17/1333","169/25730",0.100591715976331,1.9416540525664,2.87080786277184,0.00686749420169588,0.0314818513983769,0.0209373887774729,"Irs1/Fbn1/Acvr1c/Derl3/Ptger3/Pim3/Svip/Kcnb1/Pde8b/Cd36/Gnao1/Ghrl/Hnf4a/Coro2b/Apod/Adra2a/Pde1c",17
"GO:0071214","cellular response to abiotic stimulus","33/1333","404/25730",0.0816831683168317,1.5766751093714,2.73084407138648,0.00686924487348279,0.0314818513983769,0.0209373887774729,"Scnn1a/Usp28/Slc12a6/Slc25a23/Cnn2/Scn7a/Atp1a2/Mylk/Pde2a/Akr1b1/Egr1/Pecam1/Aqp1/Tek/Abcb1a/Mfap4/Rgs9/Fgf2/Mme/Sfrp2/Rcsd1/Col1a1/Nfatc4/Errfi1/Sfrp1/Ednra/Capn3/Ripor2/Wnk3/Mir1192/Cryab/Nscme3l/Opn1sw",33
"GO:0104004","cellular response to environmental stimulus","33/1333","404/25730",0.0816831683168317,1.5766751093714,2.73084407138648,0.00686924487348279,0.0314818513983769,0.0209373887774729,"Scnn1a/Usp28/Slc12a6/Slc25a23/Cnn2/Scn7a/Atp1a2/Mylk/Pde2a/Akr1b1/Egr1/Pecam1/Aqp1/Tek/Abcb1a/Mfap4/Rgs9/Fgf2/Mme/Sfrp2/Rcsd1/Col1a1/Nfatc4/Errfi1/Sfrp1/Ednra/Capn3/Ripor2/Wnk3/Mir1192/Cryab/Nscme3l/Opn1sw",33
"GO:0061035","regulation of cartilage development","10/1333","78/25730",0.128205128205128,2.47465712581992,3.04884997530402,0.0068710617553754,0.0314818513983769,0.0209373887774729,"Bmp4/Scin/Axin2/Pthlh/Bmpr1b/Sox6/Zbtb16/Thrb/Wnt9a/Gli2",10
"GO:0140056","organelle localization by membrane tethering","10/1333","78/25730",0.128205128205128,2.47465712581992,3.04884997530402,0.0068710617553754,0.0314818513983769,0.0209373887774729,"Unc13b/Exoc6/Syt1/Unc13c/Vamp2/Syde1/Kcnb1/Nrxn1/Gnao1/Stx19",10
"GO:0010232","vascular transport","5/1333","24/25730",0.208333333333333,4.02131782945736,3.46133072851095,0.00690006182610074,0.0315095169413203,0.0209557880838229,"Flvcr2/Slc22a1/Abcb1a/Cd36/Abcc2",5
"GO:0036480","neuron intrinsic apoptotic signaling pathway in response to oxidative stress","5/1333","24/25730",0.208333333333333,4.02131782945736,3.46133072851095,0.00690006182610074,0.0315095169413203,0.0209557880838229,"Prodh/Pink1/Fgf2/Adcy10/Il10",5
"GO:0072311","glomerular epithelial cell differentiation","5/1333","24/25730",0.208333333333333,4.02131782945736,3.46133072851095,0.00690006182610074,0.0315095169413203,0.0209557880838229,"Klf15/Podxl/Magi2/Ednrb/Ednra",5
"GO:0097623","potassium ion export across plasma membrane","5/1333","24/25730",0.208333333333333,4.02131782945736,3.46133072851095,0.00690006182610074,0.0315095169413203,0.0209557880838229,"Kcnn4/Kcnb1/Kcna2/Kcnt2/Kcnd3",5
"GO:0007586","digestion","15/1333","142/25730",0.105633802816901,2.03897805437275,2.90195511338017,0.00692778638159711,0.0316098249780437,0.0210224991655762,"Kcnma1/Npr3/Ptger3/Abcg5/Aqp1/Kcnn4/Abcb1a/Fgf10/Cd36/Chrm1/Ghrl/Abcg8/Npc1l1/Trpc1/Wnk3",15
"GO:0046209","nitric oxide metabolic process","12/1333","103/25730",0.116504854368932,2.24881463084218,2.96842459422807,0.00701158307139203,0.031965597573813,0.021259110064336,"Insr/Igf1/Cpeb1/Ppara/Rora/Slc7a2/Cd36/Cygb/Ddah1/Ptgis/Il6/Il10",12
"GO:0045880","positive regulation of smoothened signaling pathway","7/1333","44/25730",0.159090909090909,3.0708245243129,3.21351042996283,0.00702812877790343,0.0320144388895535,0.0212915925763434,"Gpc3/Shh/Isl1/Scube2/Prrx1/Sfrp1/Wnt9a",7
"GO:0001990","regulation of systemic arterial blood pressure by hormone","8/1333","55/25730",0.145454545454545,2.80761099365751,3.1368186232245,0.00707448174638645,0.0321988642669281,0.0214142469201957,"Ace/Kcnn4/Mme/Enpep/Ednrb/Mas1/Ren1/Ren2",8
"GO:0006979","response to oxidative stress","35/1333","436/25730",0.0802752293577982,1.54949861318541,2.70495100631622,0.00714344838719769,0.0324858228643978,0.0216050922311094,"Bmp4/Pdgfra/Prdx6/Mt3/Col6a1/Aldh1a1/Pdgfrb/Ppargc1a/Pink1/Penk/Aqp1/Ddr2/Etv5/Stox1/Rcan2/Pdk2/Fbxo31/Cd36/Fbln5/Abcc9/Col1a1/Txnip/Ptprn/Cygb/Ggt7/Ednra/Nqo1/Rbm11/Il6/Pdgfd/Prkd1/Gpr37l1/Apod/Cryab/Chrna4",35
"GO:0008544","epidermis development","34/1333","421/25730",0.0807600950118765,1.55885764790366,2.70248360973174,0.00726401868208774,0.0330067868758109,0.0219515656931686,"Cyp26b1/Igf1r/Insr/Bmp4/Ptprq/Lats2/Lrp4/Clic5/Kcnma1/Ptch1/Col6a1/Etv4/Tgm1/Zfp36/Maff/Ppara/Plod1/Shh/Fgf2/Fgf10/Svep1/Ankrd24/Ldb2/Errfi1/Ntf3/Txnip/Edar/Atp2b2/Ripor2/Gli2/Spink5/Snai1/Elapor2/Aloxe3",34
"GO:0030500","regulation of bone mineralization","11/1333","91/25730",0.120879120879121,2.33324814720164,2.97810125009088,0.00733179107219587,0.0332871804758338,0.0221380448725569,"Bglap3/Bmp4/Mgp/Bmpr1b/Ddr2/P2rx7/Osr2/S1pr1/Acvr2b/Mef2c/Notum",11
"GO:0007274","neuromuscular synaptic transmission","6/1333","34/25730",0.176470588235294,3.406292749658,3.28181030451722,0.00738067259755174,0.0333986083165387,0.0222121513154071,"Chrnb1/Etv5/Chrm1/Ntf3/Cacna1a/Chrna4",6
"GO:0051497","negative regulation of stress fiber assembly","6/1333","34/25730",0.176470588235294,3.406292749658,3.28181030451722,0.00738067259755174,0.0333986083165387,0.0222121513154071,"Kank4/Dlc1/Arhgap28/S1pr1/Myoc/Coro2b",6
"GO:0060384","innervation","6/1333","34/25730",0.176470588235294,3.406292749658,3.28181030451722,0.00738067259755174,0.0333986083165387,0.0222121513154071,"Unc13b/Isl1/Nrp1/Ret/Ednra/Ark2c",6
"GO:0070498","interleukin-1-mediated signaling pathway","6/1333","34/25730",0.176470588235294,3.406292749658,3.28181030451722,0.00738067259755174,0.0333986083165387,0.0222121513154071,"Il1rap/Plcb1/Irak2/Egr1/Irak3/Il6",6
"GO:0030858","positive regulation of epithelial cell differentiation","9/1333","67/25730",0.134328358208955,2.59284970496355,3.05152409755516,0.00746522308612546,0.033753385106872,0.0224480999416311,"Bmp4/Atoh8/Ptch1/Etv4/Acvrl1/Zeb2/Fgf2/Wnt9a/Tmem100",9
"GO:0001841","neural tube formation","14/1333","130/25730",0.107692307692308,2.07871198568873,2.88214291995831,0.00754662413604162,0.0340373211854827,0.0226369350895579,"Bmp4/Smarca1/Cecr2/Dlc1/Ptch1/Gdf7/Zeb2/Adm/Shh/Prickle1/Sfrp2/Sfrp1/Nodal/Bmp5",14
"GO:0034440","lipid oxidation","14/1333","130/25730",0.107692307692308,2.07871198568873,2.88214291995831,0.00754662413604162,0.0340373211854827,0.0226369350895579,"Irs1/Irs2/Pdk4/Cyp4v3/Ppargc1a/Ppara/Ehhadh/Cp/Cd36/Abcc9/Acacb/Cygb/Apod/Aloxe3",14
"GO:0042472","inner ear morphogenesis","14/1333","130/25730",0.107692307692308,2.07871198568873,2.88214291995831,0.00754662413604162,0.0340373211854827,0.0226369350895579,"Zeb1/Ptprq/Clic5/Gata2/Stox1/Fgf10/Ankrd24/Prrx1/Ntn1/Myo15a/Atp2b2/Eya1/Ripor2/Gli2",14
"GO:0043954","cellular component maintenance","12/1333","104/25730",0.115384615384615,2.22719141323792,2.9312096493457,0.00756285755699259,0.0340825329477277,0.0226670037227986,"Erbb4/Igf1r/Insr/Pkp2/Kifc3/Camsap3/Plxna4/Prickle1/Shank3/Pclo/Cntnap2/Erc2",12
"GO:0032231","regulation of actin filament bundle assembly","13/1333","117/25730",0.111111111111111,2.14470284237726,2.9007732538419,0.00761948291507633,0.0343095502221936,0.0228179843266566,"Kank4/Dlc1/Tgfb3/Rapgef3/Arhgap28/Ppm1e/Nrp1/Shank3/Limch1/S1pr1/Arhgef15/Myoc/Coro2b",13
"GO:0007043","cell-cell junction assembly","17/1333","171/25730",0.0994152046783626,1.91894464844281,2.81821287246803,0.00769800100383395,0.0346346946803644,0.0230342256094013,"Pmp22/Pkp2/Cldn8/Fzd5/Ace/Acvrl1/Pecam1/Cdh11/Cdh5/Gjc1/Jam3/Ocln/Cntnap2/Cldn10/Cldn5/Esam/Snai1",17
"GO:0008360","regulation of cell shape","15/1333","144/25730",0.104166666666667,2.01065891472868,2.84277818775552,0.00785492527241946,0.0352903203968989,0.0234702574788707,"Epb41l2/Coch/Kdr/Myh10/Rhobtb1/Arhgap18/Syne3/Plxnd1/Plxnb3/Arap3/Parvb/Gas7/Rhoj/Il6/Ccl11",15
"GO:0048634","regulation of muscle organ development","8/1333","56/25730",0.142857142857143,2.75747508305648,3.07747643846536,0.00788784190471002,0.0352903203968989,0.0234702574788707,"Bmp4/Erbb3/Hdac5/Lox/Igf2/Shh/Mef2c/Il6",8
"GO:0006182","cGMP biosynthetic process","4/1333","16/25730",0.25,4.82558139534884,3.5779225337484,0.00790801495503473,0.0352903203968989,0.0234702574788707,"Npr3/Gucy1a2/Npr1/Gucy1a1",4
"GO:0010752","regulation of cGMP-mediated signaling","4/1333","16/25730",0.25,4.82558139534884,3.5779225337484,0.00790801495503473,0.0352903203968989,0.0234702574788707,"Kdr/Pde2a/Npr1/Rundc3a",4
"GO:0021514","ventral spinal cord interneuron differentiation","4/1333","16/25730",0.25,4.82558139534884,3.5779225337484,0.00790801495503473,0.0352903203968989,0.0234702574788707,"Gata2/Dll4/Shh/Gli2",4
"GO:0030644","intracellular chloride ion homeostasis","4/1333","16/25730",0.25,4.82558139534884,3.5779225337484,0.00790801495503473,0.0352903203968989,0.0234702574788707,"Ckb/Abcc2/Cacna1a/Slc12a5",4
"GO:0098528","skeletal muscle fiber differentiation","4/1333","16/25730",0.25,4.82558139534884,3.5779225337484,0.00790801495503473,0.0352903203968989,0.0234702574788707,"Cyp26b1/Col6a1/Hdac5/Shh",4
"GO:0098828","modulation of inhibitory postsynaptic potential","4/1333","16/25730",0.25,4.82558139534884,3.5779225337484,0.00790801495503473,0.0352903203968989,0.0234702574788707,"Abat/Unc13b/Igsf9b/Nlgn3",4
"GO:1901722","regulation of cell proliferation involved in kidney development","4/1333","16/25730",0.25,4.82558139534884,3.5779225337484,0.00790801495503473,0.0352903203968989,0.0234702574788707,"Bmp4/Egr1/Il6ra/Pdgfd",4
"GO:2000822","regulation of behavioral fear response","4/1333","16/25730",0.25,4.82558139534884,3.5779225337484,0.00790801495503473,0.0352903203968989,0.0234702574788707,"Npas2/Penk/Shank3/Mef2c",4
"GO:0030098","lymphocyte differentiation","38/1333","486/25730",0.0781893004115226,1.50923533352474,2.64920699882769,0.00792069739985025,0.0353182031094866,0.0234888012165383,"Cyp26b1/Bmp4/Zeb1/Vnn1/Mertk/Rorc/Plcl2/Fzd5/Il12rb2/Smarcd3/Cracr2a/Egr1/Zbtb16/Hdac5/Crtam/Dpp4/Rora/Il15/Il6ra/Dll4/Shh/Lmbr1l/Rasgrp1/Fgl2/Prdm1/Ctla2a/Irf8/Dnajb9/Lepr/Cd46/Sfrp1/Zbtb46/Icosl/Il6/Hhex/Itm2a/Prex1/Il10",38
"GO:1903578","regulation of ATP metabolic process","11/1333","92/25730",0.119565217391304,2.30788675429727,2.93751639115158,0.00794832456944297,0.0353741236012106,0.0235259918207704,"Insr/Igf1/Ppargc1a/Prxl2c/Ppara/P2rx7/Cbfa2t3/Entpd1/Pid1/Mlxipl/Adcy10",11
"GO:0010893","positive regulation of steroid biosynthetic process","7/1333","45/25730",0.155555555555556,3.00258397932817,3.14279117115765,0.00795901669657407,0.0353741236012106,0.0235259918207704,"Igf1r/Igf1/Gpr146/Ppargc1a/Igf2/Nr1d1/Cyp17a1",7
"GO:0070741","response to interleukin-6","7/1333","45/25730",0.155555555555556,3.00258397932817,3.14279117115765,0.00795901669657407,0.0353741236012106,0.0235259918207704,"Ptprt/Il6ra/Pid1/St3gal6/Ptgis/Il6/C1qtnf4",7
"GO:0099560","synaptic membrane adhesion","7/1333","45/25730",0.155555555555556,3.00258397932817,3.14279117115765,0.00795901669657407,0.0353741236012106,0.0235259918207704,"Il1rap/Sparcl1/Nrxn1/Magi2/Igsf9b/Mdga2/Pcdh17",7
"GO:0045445","myoblast differentiation","14/1333","131/25730",0.106870229007634,2.06284395526363,2.85070297955537,0.00805857565169946,0.0357876389580731,0.0238010052462048,"Bmp4/Plcb1/Igf1/Zfhx3/Smarcd3/Id3/Shh/Isl1/Prickle1/Mef2c/Nmrk2/Capn3/Ripor2/Mapk12",14
"GO:1904375","regulation of protein localization to cell periphery","17/1333","172/25730",0.0988372093023256,1.90778799351001,2.79218082354985,0.00814252082850335,0.0360660833709596,0.0239861880949435,"Epb41l2/Agr2/Myo5b/Pias1/Olfm1/Iqsec2/Akap5/Epm2a/Mrap2/Sorbs1/Cd36/Magi2/Gper1/Pid1/Stac2/Clip3/Wnk3",17
"GO:0006029","proteoglycan metabolic process","12/1333","105/25730",0.114285714285714,2.20598006644518,2.89441737815956,0.00814755754782107,0.0360660833709596,0.0239861880949435,"Igf1/Hs3st3a1/Hs3st3b1/Csgalnact1/B3gnt7/Bmpr1b/Chst10/Dse/Xylt1/Adamts4/Ednrb/Ednra",12
"GO:0071496","cellular response to external stimulus","12/1333","105/25730",0.114285714285714,2.20598006644518,2.89441737815956,0.00814755754782107,0.0360660833709596,0.0239861880949435,"Cnn2/Atp1a2/Pde2a/Pecam1/Aqp1/Tek/Abcb1a/Fgf2/Col1a1/Ednra/Ripor2/Mir1192",12
"GO:2001057","reactive nitrogen species metabolic process","12/1333","105/25730",0.114285714285714,2.20598006644518,2.89441737815956,0.00814755754782107,0.0360660833709596,0.0239861880949435,"Insr/Igf1/Cpeb1/Ppara/Rora/Slc7a2/Cd36/Cygb/Ddah1/Ptgis/Il6/Il10",12
"GO:1903034","regulation of response to wounding","18/1333","186/25730",0.0967741935483871,1.86796699174794,2.77698506444261,0.00815908678005175,0.0360880155807446,0.0240007743782344,"Ubash3b/Kank1/Igf1r/Pdgfra/Serping1/Thbd/Mylk/Ddr2/Vwf/Fgf2/Cd36/Emilin1/Tfpi/Klkb1/Xylt1/Gp1ba/Adra2a/Il10",18
"GO:0071774","response to fibroblast growth factor","13/1333","118/25730",0.110169491525424,2.1265273945605,2.86694478851117,0.00816845561140666,0.0361003646143407,0.0240089872534607,"Spry1/Hhip/Spry4/Zfp36/Ier2/Dll4/Nrxn1/Nr4a1/Creb3l1/Flrt2/Fgf2/Fgf10/Col1a1",13
"GO:0051279","regulation of release of sequestered calcium ion into cytosol","10/1333","80/25730",0.125,2.41279069767442,2.95826755611627,0.00819637691720123,0.0361946201918886,0.0240716730735096,"Ubash3b/Ank2/Gper1/Cacna1c/Gstm7/Ednra/Mettl21c/Capn3/Prkd1/Trpc1",10
"GO:0043616","keratinocyte proliferation","9/1333","68/25730",0.132352941176471,2.5547195622435,3.00067931309334,0.00821869611613365,0.0362640056121042,0.0241178186924619,"Zeb1/Twist2/Ptch1/Klf9/Tgm1/Zfp36/Ereg/Fgf10/Prkd1",9
"GO:0021692","cerebellar Purkinje cell layer morphogenesis","5/1333","25/25730",0.2,3.86046511627907,3.34469230632257,0.00826362384473105,0.0363162780494225,0.0241525831136718,"Rora/Foxp2/Atp2b2/Cntnap2/Cacna1a",5
"GO:0043567","regulation of insulin-like growth factor receptor signaling pathway","5/1333","25/25730",0.2,3.86046511627907,3.34469230632257,0.00826362384473105,0.0363162780494225,0.0241525831136718,"Igf1/Nkx3-1/Igfbp6/Cilp/Bmp5",5
"GO:0055064","chloride ion homeostasis","5/1333","25/25730",0.2,3.86046511627907,3.34469230632257,0.00826362384473105,0.0363162780494225,0.0241525831136718,"Slc12a6/Ckb/Abcc2/Cacna1a/Slc12a5",5
"GO:0071625","vocalization behavior","5/1333","25/25730",0.2,3.86046511627907,3.34469230632257,0.00826362384473105,0.0363162780494225,0.0241525831136718,"Nrxn1/Shank3/Foxp2/Cntnap2/Nlgn3",5
"GO:0110096","cellular response to aldehyde","5/1333","25/25730",0.2,3.86046511627907,3.34469230632257,0.00826362384473105,0.0363162780494225,0.0241525831136718,"Scnn1a/Aldh1a1/Aldh2/Rdh12/Col1a1",5
"GO:0046661","male sex differentiation","20/1333","215/25730",0.0930232558139535,1.79556517036236,2.7381391842702,0.00841752147241149,0.0369630202896533,0.0245827069190089,"Insr/Nkx3-1/Pdgfra/Smad9/Kdr/Ace/Ccno/Nup210l/Shh/Abcb1a/Fgf10/Sfrp2/Tcf21/Rec8/Sfrp1/Csmd1/Wnt2b/Adam30/Ren1/Bmp5",20
"GO:0010996","response to auditory stimulus","6/1333","35/25730",0.171428571428571,3.30897009966777,3.19511383140241,0.00852542845102033,0.0372877105718331,0.0247986461464781,"Slc1a3/Atp1a2/Nrxn1/Shank3/Foxp2/Cntnap2",6
"GO:0042749","regulation of circadian sleep/wake cycle","6/1333","35/25730",0.171428571428571,3.30897009966777,3.19511383140241,0.00852542845102033,0.0372877105718331,0.0247986461464781,"Ptger3/Adora1/Nr1d1/Ghrl/Kcna2/Il6",6
"GO:0050730","regulation of peptidyl-tyrosine phosphorylation","6/1333","35/25730",0.171428571428571,3.30897009966777,3.19511383140241,0.00852542845102033,0.0372877105718331,0.0247986461464781,"Erbb4/Reln/Il15/Epha7/Sfrp2/Errfi1",6
"GO:0097205","renal filtration","6/1333","35/25730",0.171428571428571,3.30897009966777,3.19511383140241,0.00852542845102033,0.0372877105718331,0.0247986461464781,"Adgrf5/Adora1/Cd34/Aqp1/Ednra/Coro2b",6
"GO:2000352","negative regulation of endothelial cell apoptotic process","6/1333","35/25730",0.171428571428571,3.30897009966777,3.19511383140241,0.00852542845102033,0.0372877105718331,0.0247986461464781,"Kdr/Gata2/Cdh5/Tek/Angptl4/Il10",6
"GO:1903706","regulation of hemopoiesis","36/1333","457/25730",0.0787746170678337,1.52053330619307,2.62443934153516,0.00855554276485198,0.0373896291690068,0.0248664283510783,"Rassf2/Ubash3b/Cyp26b1/Mturn/Lmo2/Bmp4/Zeb1/Vnn1/Scin/Fbn1/Twist2/Rorc/Smarcd3/Zfp36/Zbtb16/Crtam/Cebpb/Gata2/Mitf/P4htm/Il15/Lox/Shh/Rasgrp1/Il34/Fgl2/Prdm1/Ctla2a/L3mbtl1/Cd46/Sfrp1/Mef2c/Zbtb46/Pla2g3/Il6/Il10",36
"GO:0003279","cardiac septum development","14/1333","132/25730",0.106060606060606,2.04721634954193,2.81954270804342,0.00859764396369739,0.0374077576343585,0.0248784849077975,"Bmp4/Slit3/Tgfbr3/Ank2/Pde2a/Myh10/Robo2/Isl1/Nrp1/Prdm1/Plxnd1/Bmp5/Heyl/Eng",14
"GO:0051781","positive regulation of cell division","11/1333","93/25730",0.118279569892473,2.28307076769192,2.8974556570426,0.00860437714372466,0.0374077576343585,0.0248784849077975,"Igf1r/Nkx3-1/Lbh/Tgfb3/Cdc14b/Pgf/Igf2/Shh/Ereg/Fgf2/Pdgfd",11
"GO:0070830","bicellular tight junction assembly","11/1333","93/25730",0.118279569892473,2.28307076769192,2.8974556570426,0.00860437714372466,0.0374077576343585,0.0248784849077975,"Pkp2/Cldn8/Fzd5/Acvrl1/Pecam1/Cdh5/Ocln/Cldn10/Cldn5/Esam/Snai1",11
"GO:1905477","positive regulation of protein localization to membrane","11/1333","93/25730",0.118279569892473,2.28307076769192,2.8974556570426,0.00860437714372466,0.0374077576343585,0.0248784849077975,"Agr2/Myo5b/Lrp4/Akap5/Slc5a3/Sorbs1/Cd36/Gper1/Stac2/Clip3/Wnk3",11
"GO:0051302","regulation of cell division","18/1333","187/25730",0.0962566844919786,1.85797786344982,2.75244880230822,0.00860446497276395,0.0374077576343585,0.0248784849077975,"Igf1r/Nkx3-1/Ptch1/Lbh/Tgfb3/Cdc14b/Pgf/Igf2/Susd2/Shh/Ereg/Fgf2/Sfrp2/Klhl21/Klhl13/Txnip/Pdgfd/Sox17",18
"GO:0032635","interleukin-6 production","17/1333","173/25730",0.0982658959537572,1.89676031724694,2.76632251918413,0.00860739622739931,0.0374077576343585,0.0248784849077975,"Spon2/Il1rap/Cebpb/P2rx7/Il6ra/Rabgef1/Ereg/Isl1/Cd36/Il16/Irak3/Ghrl/Nlrc3/Il6/C1qtnf4/Il10/Syt11",17
"GO:0032675","regulation of interleukin-6 production","17/1333","173/25730",0.0982658959537572,1.89676031724694,2.76632251918413,0.00860739622739931,0.0374077576343585,0.0248784849077975,"Spon2/Il1rap/Cebpb/P2rx7/Il6ra/Rabgef1/Ereg/Isl1/Cd36/Il16/Irak3/Ghrl/Nlrc3/Il6/C1qtnf4/Il10/Syt11",17
"GO:0015918","sterol transport","13/1333","119/25730",0.109243697478992,2.10865741645495,2.83345222458884,0.00874808002067246,0.0379590602636136,0.0252451354372308,"Egf/Abca5/Ptch1/Abcg5/Abca8a/Osbpl6/Shh/Cd36/Syt7/Abca8b/Abcg8/Npc1l1/Apof",13
"GO:0048640","negative regulation of developmental growth","13/1333","119/25730",0.109243697478992,2.10865741645495,2.83345222458884,0.00874808002067246,0.0379590602636136,0.0252451354372308,"Slc6a4/Mt3/Wwc1/Ptch1/Kcnk2/Ppara/Epha7/Nrp1/Sema3g/Ntn1/Sema6c/Pi16/Rgs4",13
"GO:0010634","positive regulation of epithelial cell migration","8/1333","57/25730",0.140350877192982,2.70909832721338,3.0194266343237,0.00876942333762249,0.0379916059196605,0.0252667803222488,"Irs1/Gab2/Dock5/Irs2/Vim/Aqp1/Fgf10/Enpp2",8
"GO:0030834","regulation of actin filament depolymerization","8/1333","57/25730",0.140350877192982,2.70909832721338,3.0194266343237,0.00876942333762249,0.0379916059196605,0.0252667803222488,"Scin/Plekhh2/Sptb/Add3/Tmod4/Avil/Tmod2/Lmod1",8
"GO:0051057","positive regulation of small GTPase mediated signal transduction","10/1333","81/25730",0.123456790123457,2.38300315819696,2.91399483469103,0.00892858853332546,0.0386201910633755,0.0256848285293623,"Igf1/Lrp4/Col3a1/Pdgfrb/Reln/Dgki/Mcf2l/Fgf10/Rasgrp1/Rasgrf1",10
"GO:0055117","regulation of cardiac muscle contraction","10/1333","81/25730",0.123456790123457,2.38300315819696,2.91399483469103,0.00892858853332546,0.0386201910633755,0.0256848285293623,"Pkp2/Ank2/Ehd3/Atp1a2/Adora1/Cacna1c/Gstm7/Adcy10/Fxyd1/Pde4b",10
"GO:0002021","response to dietary excess","7/1333","46/25730",0.152173913043478,2.93731041456016,3.07400884977784,0.00897766715752395,0.0386592884470194,0.0257108307206304,"Clic5/Acvr1c/Col6a1/Ppargc1a/Slc25a25/Cntnap2/C1qtnf4",7
"GO:0009651","response to salt stress","7/1333","46/25730",0.152173913043478,2.93731041456016,3.07400884977784,0.00897766715752395,0.0386592884470194,0.0257108307206304,"Slc12a6/Slc25a23/Pappa2/Akr1b1/Aqp1/Abcb1a/Capn3",7
"GO:0060292","long-term synaptic depression","7/1333","46/25730",0.152173913043478,2.93731041456016,3.07400884977784,0.00897766715752395,0.0386592884470194,0.0257108307206304,"Mgll/Adora1/Penk/Dgki/Iqsec2/Kcnb1/Shank3",7
"GO:1904861","excitatory synapse assembly","7/1333","46/25730",0.152173913043478,2.93731041456016,3.07400884977784,0.00897766715752395,0.0386592884470194,0.0257108307206304,"Il1rap/Srgap2/Reln/Nrxn1/Prickle1/Shank3/Cntnap2",7
"GO:0032640","tumor necrosis factor production","19/1333","202/25730",0.0940594059405941,1.81556527745798,2.72009662577487,0.00897988572963195,0.0386592884470194,0.0257108307206304,"Spon2/Igf1/Twist2/Fzd5/Zfp36/Kcnn4/Isl1/Cd36/Arg2/Irak3/Nfatc4/Errfi1/Akap12/Ghrl/Nlrc3/Il6/C1qtnf4/Il10/Syt11",19
"GO:0032680","regulation of tumor necrosis factor production","19/1333","202/25730",0.0940594059405941,1.81556527745798,2.72009662577487,0.00897988572963195,0.0386592884470194,0.0257108307206304,"Spon2/Igf1/Twist2/Fzd5/Zfp36/Kcnn4/Isl1/Cd36/Arg2/Irak3/Nfatc4/Errfi1/Akap12/Ghrl/Nlrc3/Il6/C1qtnf4/Il10/Syt11",19
"GO:1903307","positive regulation of regulated secretory pathway","9/1333","69/25730",0.130434782608696,2.51769464105157,2.95073679845042,0.00902857441159976,0.0388384364774852,0.0258299753006335,"Gab2/Syt1/Doc2b/Gata2/Syt10/Kcnb1/Syt7/Syt9/Pla2g3",9
"GO:0031348","negative regulation of defense response","26/1333","306/25730",0.0849673202614379,1.64006687946496,2.63282772970719,0.00947060570778475,0.0407080303289197,0.0270733714665107,"Igf1/Serping1/Nt5e/Adora1/Zfp36/Ppara/Rora/Cdh5/Rabgef1/Igf2/Isl1/Nr1d1/Arg2/Gpr17/Fgl2/Irak3/Ctla2a/Gper1/Ghrl/Foxf1/Nlrc3/Ptgis/Spink5/Dcst1/Il10/Syt11",26
"GO:0051932","synaptic transmission, GABAergic","10/1333","82/25730",0.121951219512195,2.3539421440726,2.87037471359651,0.00970983740250429,0.0415480590080254,0.0276320427725944,"Zdhhc3/Erbb4/Plcl2/Kcnk2/Slc38a1/Adora1/Nalcn/Plcl1/Cntnap2/Gabrb1",10
"GO:0060997","dendritic spine morphogenesis","10/1333","82/25730",0.121951219512195,2.3539421440726,2.87037471359651,0.00970983740250429,0.0415480590080254,0.0276320427725944,"Myo5b/Reln/Ngef/Cux2/Zfp365/Caprin2/Shank3/Ephb1/Nlgn3/Dnm3",10
"GO:0070050","neuron cellular homeostasis","10/1333","82/25730",0.121951219512195,2.3539421440726,2.87037471359651,0.00970983740250429,0.0415480590080254,0.0276320427725944,"Cacnb2/Adora1/Tspoap1/Atp2b2/Map1a/Erc2/Atp6v0a4/Cacna1a/Atp2b3/Slc8a2",10
"GO:0021587","cerebellum morphogenesis","8/1333","58/25730",0.137931034482759,2.66238973536488,2.96261562123149,0.00972255733016524,0.0415480590080254,0.0276320427725944,"Dab1/Rora/Zfp365/Foxp2/Atp2b2/Cntnap2/Cacna1a/Gli2",8
"GO:0071548","response to dexamethasone","8/1333","58/25730",0.137931034482759,2.66238973536488,2.96261562123149,0.00972255733016524,0.0415480590080254,0.0276320427725944,"Bmp4/Axin2/Aqp1/Abcb1a/Errfi1/Pappa/Fbxo32/Mettl21c",8
"GO:0034694","response to prostaglandin","6/1333","36/25730",0.166666666666667,3.21705426356589,3.11150159835517,0.00979200349455189,0.0415480590080254,0.0276320427725944,"Hmgcs2/Adcy6/Tgfbr3/Ptger3/Ptger1/Sfrp1",6
"GO:0035115","embryonic forelimb morphogenesis","6/1333","36/25730",0.166666666666667,3.21705426356589,3.11150159835517,0.00979200349455189,0.0415480590080254,0.0276320427725944,"Shh/Reck/Osr2/Cacna1c/Wnt9a/Aldh1a2",6
"GO:0048799","animal organ maturation","6/1333","36/25730",0.166666666666667,3.21705426356589,3.11150159835517,0.00979200349455189,0.0415480590080254,0.0276320427725944,"Igf1/Zbtb16/Dchs1/Xylt1/Ret/Aldh1a2",6
"GO:0051491","positive regulation of filopodium assembly","6/1333","36/25730",0.166666666666667,3.21705426356589,3.11150159835517,0.00979200349455189,0.0415480590080254,0.0276320427725944,"Dpysl3/Tenm2/Tgfb3/Nrp1/Ripor2/Dnm3",6
"GO:0061384","heart trabecula morphogenesis","6/1333","36/25730",0.166666666666667,3.21705426356589,3.11150159835517,0.00979200349455189,0.0415480590080254,0.0276320427725944,"Tgfbr3/Tek/Dll4/S1pr1/Bmp5/Eng",6
"GO:1904994","regulation of leukocyte adhesion to vascular endothelial cell","6/1333","36/25730",0.166666666666667,3.21705426356589,3.11150159835517,0.00979200349455189,0.0415480590080254,0.0276320427725944,"Gcnt1/Fut9/Cxcl12/Gp1ba/Sele/Il6",6
"GO:0000303","response to superoxide","5/1333","26/25730",0.192307692307692,3.71198568872988,3.23394050734816,0.00980304786489347,0.0415480590080254,0.0276320427725944,"Mt3/Cd36/Fbln5/Cygb/Nqo1",5
"GO:0006654","phosphatidic acid biosynthetic process","5/1333","26/25730",0.192307692307692,3.71198568872988,3.23394050734816,0.00980304786489347,0.0415480590080254,0.0276320427725944,"Dgki/Lpin1/Liph/Dgkb/Gpat2",5
"GO:0050872","white fat cell differentiation","5/1333","26/25730",0.192307692307692,3.71198568872988,3.23394050734816,0.00980304786489347,0.0415480590080254,0.0276320427725944,"Pdgfra/Retreg1/Fgf10/Zfp423/Fabp4",5
"GO:0098877","neurotransmitter receptor transport to plasma membrane","5/1333","26/25730",0.192307692307692,3.71198568872988,3.23394050734816,0.00980304786489347,0.0415480590080254,0.0276320427725944,"Myo5b/Lrrc7/Mylk/Vamp2/Mapk10",5
"GO:0021695","cerebellar cortex development","9/1333","70/25730",0.128571428571429,2.48172757475083,2.90166567426308,0.00989739975623919,0.0415480590080254,0.0276320427725944,"Dixdc1/Myh10/Rora/Zfp365/Foxp2/Atp2b2/Cntnap2/Cacna1a/Gli2",9
"GO:0030166","proteoglycan biosynthetic process","9/1333","70/25730",0.128571428571429,2.48172757475083,2.90166567426308,0.00989739975623919,0.0415480590080254,0.0276320427725944,"Igf1/Hs3st3a1/Hs3st3b1/Csgalnact1/B3gnt7/Bmpr1b/Chst10/Dse/Xylt1",9
"GO:0042058","regulation of epidermal growth factor receptor signaling pathway","9/1333","70/25730",0.128571428571429,2.48172757475083,2.90166567426308,0.00989739975623919,0.0415480590080254,0.0276320427725944,"Egf/Agr2/Itga1/Sh3gl2/Neu3/Ceacam2/Errfi1/Gper1/Adra2a",9
"GO:0048008","platelet-derived growth factor receptor signaling pathway","9/1333","70/25730",0.128571428571429,2.48172757475083,2.90166567426308,0.00989739975623919,0.0415480590080254,0.0276320427725944,"Pdgfra/Pdgfrb/Lox/Nrp1/Tiparp/Txnip/Pdgfd/Pdgfrl/Apod",9
"GO:0050873","brown fat cell differentiation","9/1333","70/25730",0.128571428571429,2.48172757475083,2.90166567426308,0.00989739975623919,0.0415480590080254,0.0276320427725944,"Fbn1/Aldh6a1/Selenbp1/Cebpb/Gata2/Lama4/Zfp423/Rarres2/Fabp4",9
"GO:0050982","detection of mechanical stimulus","9/1333","70/25730",0.128571428571429,2.48172757475083,2.90166567426308,0.00989739975623919,0.0415480590080254,0.0276320427725944,"Igf1/Ptprq/Cxcl12/Kcnk2/Pecam1/Kcna1/Atp2b2/Ttn/Pkdrej",9
"GO:1903531","negative regulation of secretion by cell","19/1333","204/25730",0.0931372549019608,1.79776561787506,2.67397493187623,0.00992147324306959,0.0415480590080254,0.0276320427725944,"Irs1/Abat/Fbn1/Acvr1c/Syt1/Ptger3/Pim3/Adora1/Rabgef1/Kcnb1/Pde8b/Entpd1/Gnao1/Ghrl/Foxf1/Il6/Adra2a/Pde1c/Syt11",19
"GO:0001886","endothelial cell morphogenesis","4/1333","17/25730",0.235294117647059,4.54172366621067,3.41445249151263,0.00992339321543473,0.0415480590080254,0.0276320427725944,"Amotl2/Pecam1/Cdh5/Notch4",4
"GO:0003376","sphingosine-1-phosphate receptor signaling pathway","4/1333","17/25730",0.235294117647059,4.54172366621067,3.41445249151263,0.00992339321543473,0.0415480590080254,0.0276320427725944,"S1pr3/Mfsd2b/S1pr1/Gpr3",4
"GO:0009312","oligosaccharide biosynthetic process","4/1333","17/25730",0.235294117647059,4.54172366621067,3.41445249151263,0.00992339321543473,0.0415480590080254,0.0276320427725944,"Fut9/Fut2/B3galnt1/Abo",4
"GO:0016081","synaptic vesicle docking","4/1333","17/25730",0.235294117647059,4.54172366621067,3.41445249151263,0.00992339321543473,0.0415480590080254,0.0276320427725944,"Unc13b/Unc13c/Vamp2/Syde1",4
"GO:0016264","gap junction assembly","4/1333","17/25730",0.235294117647059,4.54172366621067,3.41445249151263,0.00992339321543473,0.0415480590080254,0.0276320427725944,"Pkp2/Ace/Gjc1/Cntnap2",4
"GO:0030002","intracellular monoatomic anion homeostasis","4/1333","17/25730",0.235294117647059,4.54172366621067,3.41445249151263,0.00992339321543473,0.0415480590080254,0.0276320427725944,"Ckb/Abcc2/Cacna1a/Slc12a5",4
"GO:0030299","intestinal cholesterol absorption","4/1333","17/25730",0.235294117647059,4.54172366621067,3.41445249151263,0.00992339321543473,0.0415480590080254,0.0276320427725944,"Abcg5/Cd36/Abcg8/Npc1l1",4
"GO:0031650","regulation of heat generation","4/1333","17/25730",0.235294117647059,4.54172366621067,3.41445249151263,0.00992339321543473,0.0415480590080254,0.0276320427725944,"Abat/Ptger3/Arrdc3/Ednrb",4
"GO:0036498","IRE1-mediated unfolded protein response","4/1333","17/25730",0.235294117647059,4.54172366621067,3.41445249151263,0.00992339321543473,0.0415480590080254,0.0276320427725944,"Agr2/Dnajc10/Parp16/Dnajb9",4
"GO:0042074","cell migration involved in gastrulation","4/1333","17/25730",0.235294117647059,4.54172366621067,3.41445249151263,0.00992339321543473,0.0415480590080254,0.0276320427725944,"Gpc3/Crb2/Nodal/Sox17",4
"GO:0090051","negative regulation of cell migration involved in sprouting angiogenesis","4/1333","17/25730",0.235294117647059,4.54172366621067,3.41445249151263,0.00992339321543473,0.0415480590080254,0.0276320427725944,"Stard13/Hdac5/Dll4/Mmrn2",4
"GO:2001028","positive regulation of endothelial cell chemotaxis","4/1333","17/25730",0.235294117647059,4.54172366621067,3.41445249151263,0.00992339321543473,0.0415480590080254,0.0276320427725944,"Kdr/Shh/Fgf2/Prkd1",4
"GO:0019217","regulation of fatty acid metabolic process","13/1333","121/25730",0.107438016528926,2.07380357486066,2.76744842287065,0.0100038083714327,0.0417606882977015,0.0277734544718967,"Irs1/Irs2/Pdk4/Ppargc1a/Ppara/Pdk2/Ceacam2/Mlxipl/Acacb/Pla2g3/Hnf4a/Angptl4/Trib3",13
"GO:0007631","feeding behavior","15/1333","148/25730",0.101351351351351,1.95631678189818,2.72724216362725,0.0100046101496589,0.0417606882977015,0.0277734544718967,"Insr/Col6a1/Ace/Penk/Mrap2/Cd36/Aoc3/Ceacam2/Ghrl/Lepr/Qrfp/Gpr83/Unc79/C1qtnf4/Ren1",15
"GO:0009799","specification of symmetry","15/1333","148/25730",0.101351351351351,1.95631678189818,2.72724216362725,0.0100046101496589,0.0417606882977015,0.0277734544718967,"Bicc1/Daam2/Shh/Arl13b/Fgf10/Acvr2b/Galnt11/Foxf1/Mef2c/Aldh1a2/Nodal/Cfap53/Sox17/Eng/Anks6",15
"GO:0009855","determination of bilateral symmetry","15/1333","148/25730",0.101351351351351,1.95631678189818,2.72724216362725,0.0100046101496589,0.0417606882977015,0.0277734544718967,"Bicc1/Daam2/Shh/Arl13b/Fgf10/Acvr2b/Galnt11/Foxf1/Mef2c/Aldh1a2/Nodal/Cfap53/Sox17/Eng/Anks6",15
"GO:0022411","cellular component disassembly","36/1333","462/25730",0.0779220779220779,1.50407731803081,2.55558908564213,0.0100444140919524,0.0418949764063272,0.0278627644144064,"Igf1r/Insr/Scin/Plekhh2/Sptb/Acvr1c/Col6a1/Add3/Tgfb3/Smarcd3/Gabarapl1/Adamts5/Camsap3/Lcp1/Ngef/Dpp4/Bbof1/Ddr2/Tmod4/Akap5/Ppp1r10/Avil/Prickle1/Reck/Tmod2/Gspt2/Irak3/Plaat3/Gper1/Map1a/Lmod1/Il6/Apc2/Napb/Eng/Nav3",36
"GO:0007548","sex differentiation","30/1333","369/25730",0.0813008130081301,1.56929476271507,2.57469328085554,0.0102300716657644,0.0426369501696132,0.0283562231042407,"Insr/Bmp4/Mertk/Nkx3-1/Pdgfra/Slit3/Smad9/Kdr/Ace/Bmpr1b/Ccno/Cebpb/Nup210l/Shh/Ereg/Abcb1a/Fgf10/Pgr/Sfrp2/Tcf21/Tiparp/Rec8/Ptprn/Sfrp1/Csmd1/Hnf4a/Wnt2b/Adam30/Ren1/Bmp5",30
"GO:0071706","tumor necrosis factor superfamily cytokine production","19/1333","205/25730",0.0926829268292683,1.78899602949518,2.65110658188822,0.0104210422860755,0.0433670213102871,0.0288417658099118,"Spon2/Igf1/Twist2/Fzd5/Zfp36/Kcnn4/Isl1/Cd36/Arg2/Irak3/Nfatc4/Errfi1/Akap12/Ghrl/Nlrc3/Il6/C1qtnf4/Il10/Syt11",19
"GO:1903555","regulation of tumor necrosis factor superfamily cytokine production","19/1333","205/25730",0.0926829268292683,1.78899602949518,2.65110658188822,0.0104210422860755,0.0433670213102871,0.0288417658099118,"Spon2/Igf1/Twist2/Fzd5/Zfp36/Kcnn4/Isl1/Cd36/Arg2/Irak3/Nfatc4/Errfi1/Akap12/Ghrl/Nlrc3/Il6/C1qtnf4/Il10/Syt11",19
"GO:1903539","protein localization to postsynaptic membrane","10/1333","83/25730",0.120481927710843,2.32558139534884,2.82738842343422,0.0105421371021832,0.0438377201165783,0.029154809784985,"Erbb4/Lrrc7/Adam22/Mylk/Olfm1/Vamp2/Iqsec2/Magi2/Olfm2/Mapk10",10
"GO:0006835","dicarboxylic acid transport","13/1333","122/25730",0.10655737704918,2.05680518490278,2.73492445881195,0.010682199284312,0.0443580074602352,0.0295008332209099,"Abat/Slc1a3/Kcnk2/Adora1/Slc26a3/P2rx7/Epm2a/Dpysl2/Abcc2/Slc25a18/Pianp/Apba1/Slc26a4",13
"GO:0045471","response to ethanol","17/1333","177/25730",0.096045197740113,1.85389567730916,2.66458031911022,0.0106834188126127,0.0443580074602352,0.0295008332209099,"Hmgcs2/Irs1/Adh1/Igf1r/Igf1/Abat/Faah/Aldh1a1/Aldh2/Penk/Cdo1/Ppara/Shh/Fgf2/Cldn5/Slc10a1/Unc79",17
"GO:0071456","cellular response to hypoxia","16/1333","163/25730",0.098159509202454,1.89470680553574,2.67850815130558,0.0106984971522489,0.0443870376936464,0.0295201401312799,"Vldlr/Nkx3-1/Mt3/Kcnk2/Pink1/Egr1/Cpeb1/Jund/Aqp1/Rora/Ddr2/Sfrp1/Ndrg1/Ddah1/Ptgis/Angpt4",16
"GO:0043303","mast cell degranulation","8/1333","59/25730",0.135593220338983,2.61726448561293,2.90699294182797,0.0107505677759347,0.0445693855907141,0.0296414128215468,"Gab2/Gata2/Rabgef1/Rasgrp1/Foxf1/Pla2g3/Milr1/Lat2",8
"GO:0032370","positive regulation of lipid transport","11/1333","96/25730",0.114583333333333,2.21172480620155,2.78028771289501,0.0108258807405798,0.0447540227461803,0.0297642080109987,"Abca5/Nkx3-1/Atp8a1/Ptch1/Dennd5b/Abca8a/P2rx7/Pla2g6/Ghrl/Abca8b/Pla2g3",11
"GO:0060420","regulation of heart growth","11/1333","96/25730",0.114583333333333,2.21172480620155,2.78028771289501,0.0108258807405798,0.0447540227461803,0.0297642080109987,"Erbb4/Igf1/Tgfbr3/Kcnk2/Ppara/Fgf2/Acacb/Mef2c/Wnt2/Pi16/Rgs4",11
"GO:0007528","neuromuscular junction development","9/1333","71/25730",0.126760563380282,2.4467736652473,2.85343655767723,0.0108277176547508,0.0447540227461803,0.0297642080109987,"Pdzrn3/Pmp22/Ppfibp1/Unc13b/Lrp4/Sorbs2/Etv5/Sorbs1/Cntnap2",9
"GO:0032720","negative regulation of tumor necrosis factor production","9/1333","71/25730",0.126760563380282,2.4467736652473,2.85343655767723,0.0108277176547508,0.0447540227461803,0.0297642080109987,"Igf1/Twist2/Arg2/Irak3/Errfi1/Ghrl/Nlrc3/Il10/Syt11",9
"GO:0001702","gastrulation with mouth forming second","6/1333","37/25730",0.162162162162162,3.13010685103708,3.03077124307143,0.0111869002912013,0.0461344069860285,0.0306822493652466,"Dact1/Prickle1/Acvr2b/Crb2/Nodal/Hhex",6
"GO:0050901","leukocyte tethering or rolling","6/1333","37/25730",0.162162162162162,3.13010685103708,3.03077124307143,0.0111869002912013,0.0461344069860285,0.0306822493652466,"Gcnt1/Fut9/Cxcl12/Jam2/Gp1ba/Sele",6
"GO:0090075","relaxation of muscle","6/1333","37/25730",0.162162162162162,3.13010685103708,3.03077124307143,0.0111869002912013,0.0461344069860285,0.0306822493652466,"Kcnma1/Npr3/Irag1/Gucy1a1/Ttn/Pde4b",6
"GO:0008207","C21-steroid hormone metabolic process","7/1333","48/25730",0.145833333333333,2.81492248062016,2.94186400863717,0.0112964335379952,0.0465162218229975,0.0309361799737571,"Cyp2d22/Kcnma1/Ppargc1a/Egr1/Ednrb/Bmp5/Cyp17a1",7
"GO:0021696","cerebellar cortex morphogenesis","7/1333","48/25730",0.145833333333333,2.81492248062016,2.94186400863717,0.0112964335379952,0.0465162218229975,0.0309361799737571,"Rora/Zfp365/Foxp2/Atp2b2/Cntnap2/Cacna1a/Gli2",7
"GO:0062237","protein localization to postsynapse","10/1333","84/25730",0.119047619047619,2.29789590254707,2.78501796214437,0.0114275065544262,0.0470206772692993,0.0312716742134854,"Erbb4/Lrrc7/Adam22/Mylk/Olfm1/Vamp2/Iqsec2/Magi2/Olfm2/Mapk10",10
"GO:0000305","response to oxygen radical","5/1333","27/25730",0.185185185185185,3.57450473729544,3.12854196181065,0.0115283718289784,0.047188093191098,0.0313830162117015,"Mt3/Cd36/Fbln5/Cygb/Nqo1",5
"GO:0003084","positive regulation of systemic arterial blood pressure","5/1333","27/25730",0.185185185185185,3.57450473729544,3.12854196181065,0.0115283718289784,0.047188093191098,0.0313830162117015,"Camk2n1/Ace/Adora1/Rarres2/Eng",5
"GO:0006883","intracellular sodium ion homeostasis","5/1333","27/25730",0.185185185185185,3.57450473729544,3.12854196181065,0.0115283718289784,0.047188093191098,0.0313830162117015,"Scnn1a/Atp12a/Slc1a3/Atp1a2/Atp1b2",5
"GO:0031645","negative regulation of nervous system process","5/1333","27/25730",0.185185185185185,3.57450473729544,3.12854196181065,0.0115283718289784,0.047188093191098,0.0313830162117015,"Jam2/Tnfrsf21/Abcb1a/Lpin1/Cntnap2",5
"GO:0042219","modified amino acid catabolic process","5/1333","27/25730",0.185185185185185,3.57450473729544,3.12854196181065,0.0115283718289784,0.047188093191098,0.0313830162117015,"Dio3/Aldh1l1/Ggt7/Chac1/Dpep1",5
"GO:0046339","diacylglycerol metabolic process","5/1333","27/25730",0.185185185185185,3.57450473729544,3.12854196181065,0.0115283718289784,0.047188093191098,0.0313830162117015,"Dgki/Dagla/Lipe/Avil/Dgkb",5
"GO:2000810","regulation of bicellular tight junction assembly","5/1333","27/25730",0.185185185185185,3.57450473729544,3.12854196181065,0.0115283718289784,0.047188093191098,0.0313830162117015,"Pkp2/Fzd5/Acvrl1/Cldn5/Snai1",5
"GO:0009953","dorsal/ventral pattern formation","12/1333","110/25730",0.109090909090909,2.10570824524313,2.71647456570274,0.0116193203326566,0.0474542033526429,0.0315599960163323,"Bmp4/Lrp4/Ptch1/Hhip/Axin2/Bmpr1b/Acvrl1/Dll4/Shh/Arl13b/Sfrp1/Gli2",12
"GO:0044344","cellular response to fibroblast growth factor stimulus","12/1333","110/25730",0.109090909090909,2.10570824524313,2.71647456570274,0.0116193203326566,0.0474542033526429,0.0315599960163323,"Spry1/Hhip/Spry4/Zfp36/Dll4/Nrxn1/Nr4a1/Creb3l1/Flrt2/Fgf2/Fgf10/Col1a1",12
"GO:0050848","regulation of calcium-mediated signaling","12/1333","110/25730",0.109090909090909,2.10570824524313,2.71647456570274,0.0116193203326566,0.0474542033526429,0.0315599960163323,"Igf1/Pdgfra/Itpr1/Pdgfrb/Kdr/Erbb3/Akap5/Pdk2/Homer2/Slc8a2/Tmem100/Cmklr1",12
"GO:0009134","nucleoside diphosphate catabolic process","14/1333","137/25730",0.102189781021898,1.97250042437617,2.66776640892017,0.0117337211519986,0.0478502194675487,0.0318233713577315,"Insr/Igf1/Col6a1/Ppargc1a/Nt5e/Prxl2c/Ppara/Entpd3/Dhtkd1/P2rx7/Cbfa2t3/Entpd1/Mlxipl/Eno3",14
"GO:0009191","ribonucleoside diphosphate catabolic process","14/1333","137/25730",0.102189781021898,1.97250042437617,2.66776640892017,0.0117337211519986,0.0478502194675487,0.0318233713577315,"Insr/Igf1/Col6a1/Ppargc1a/Nt5e/Prxl2c/Ppara/Entpd3/Dhtkd1/P2rx7/Cbfa2t3/Entpd1/Mlxipl/Eno3",14
"GO:0034331","cell junction maintenance","9/1333","72/25730",0.125,2.41279069767442,2.8060214695726,0.0118220711383702,0.0481389825508266,0.0320154167639138,"Pkp2/Kifc3/Camsap3/Plxna4/Prickle1/Shank3/Pclo/Cntnap2/Erc2",9
"GO:0055008","cardiac muscle tissue morphogenesis","9/1333","72/25730",0.125,2.41279069767442,2.8060214695726,0.0118220711383702,0.0481389825508266,0.0320154167639138,"Pkp2/Tgfbr3/Dll4/Isl1/S1pr1/Ednra/Wnt2/Ttn/Eng",9
"GO:0050771","negative regulation of axonogenesis","8/1333","60/25730",0.133333333333333,2.57364341085271,2.85251103758136,0.0118567610832955,0.0482444489149064,0.0320855584541131,"Lrp4/Mt3/Dab1/Epha7/Nrp1/Sema3g/Ntn1/Sema6c",8
"GO:1905039","carboxylic acid transmembrane transport","16/1333","165/25730",0.096969696969697,1.87174066243834,2.62581843380346,0.0119347138550649,0.0485256624818156,0.0322725829624678,"Irs2/Slc1a3/Slc38a1/Slc7a4/Epm2a/Slc7a2/Slc43a1/Abcb1a/Cd36/Arg2/Slc7a7/Abcc2/AU018091/Acacb/Slc25a18/Rgs4",16
"GO:0001708","cell fate specification","13/1333","124/25730",0.104838709677419,2.02363090772693,2.67080190721073,0.0121458119110439,0.0493109183281954,0.0327948269289165,"Ptch1/Flvcr2/Sox6/Shh/Isl1/Fgf2/Sfrp2/Tbx6/Nodal/Eya1/Apc2/Gli2/Sox17",13
"GO:0055017","cardiac muscle tissue growth","13/1333","124/25730",0.104838709677419,2.02363090772693,2.67080190721073,0.0121458119110439,0.0493109183281954,0.0327948269289165,"Erbb4/Igf1/Tgfbr3/Kcnk2/Myh10/Ppara/Sorbs2/Fgf2/S1pr1/Mef2c/Wnt2/Pi16/Rgs4",13
"GO:0021702","cerebellar Purkinje cell differentiation","4/1333","18/25730",0.222222222222222,4.28940568475452,3.26320288726498,0.0122441501408563,0.0495635251645724,0.0329628261826499,"Rora/Foxp2/Atp2b2/Cacna1a",4
"GO:0046549","retinal cone cell development","4/1333","18/25730",0.222222222222222,4.28940568475452,3.26320288726498,0.0122441501408563,0.0495635251645724,0.0329628261826499,"Rorb/Thrb/Dio3/Crb2",4
"GO:0060026","convergent extension","4/1333","18/25730",0.222222222222222,4.28940568475452,3.26320288726498,0.0122441501408563,0.0495635251645724,0.0329628261826499,"Nkd1/Zfp568/Sfrp2/Sfrp1",4
"GO:1902514","regulation of calcium ion transmembrane transport via high voltage-gated calcium channel","4/1333","18/25730",0.222222222222222,4.28940568475452,3.26320288726498,0.0122441501408563,0.0495635251645724,0.0329628261826499,"Cacnb2/Cacna1c/Rem1/Pde4b",4
"GO:0043087","regulation of GTPase activity","10/1333","85/25730",0.117647058823529,2.27086183310533,2.74324605476525,0.012367965968344,0.0499909905745509,0.0332471172608456,"Rgs16/Srgap2/Rapgef3/Ngef/Syde1/Rasgrp1/Plxnb3/Ripor2/Apc2/Rasip1",10
"GO:0043470","regulation of carbohydrate catabolic process","10/1333","85/25730",0.117647058823529,2.27086183310533,2.74324605476525,0.012367965968344,0.0499909905745509,0.0332471172608456,"Insr/Igf1/Ppargc1a/Prxl2c/Ppara/P2rx7/Cbfa2t3/Mlxipl/Phkg1/Adcy10",10
