"ID","Description","GeneRatio","BgRatio","RichFactor","FoldEnrichment","zScore","pvalue","p.adjust","qvalue","geneID","Count"
"GO:0001822","kidney development","40/453","382/25730",0.104712041884817,5.94755151809345,13.0421126673519,1.45093928719904e-19,6.14472788128792e-16,4.11761296661958e-16,"Col4a3/Col4a4/Cyp26b1/Bmp4/Gcnt1/Spry1/Gpc3/Pdgfa/Hmgcs2/Lrp4/Hs3st3a1/Bicc1/Vcan/Hs3st3b1/Nkx3-1/Frem2/Enpep/Shh/Id3/Pgf/Wnt6/Klf15/Myc/Tiparp/Prdm1/Gsta3/Epha7/Cys1/Zbtb16/Erbb4/Fgf1/Robo2/Pkhd1/Pdgfra/Slit2/Magi2/Smad9/Acvr2b/Kirrel3/Wnt2b",40
"GO:0072001","renal system development","40/453","395/25730",0.10126582278481,5.75180931623215,12.7407469020702,4.8330687332869e-19,1.0234023042735e-15,6.85787016049552e-16,"Col4a3/Col4a4/Cyp26b1/Bmp4/Gcnt1/Spry1/Gpc3/Pdgfa/Hmgcs2/Lrp4/Hs3st3a1/Bicc1/Vcan/Hs3st3b1/Nkx3-1/Frem2/Enpep/Shh/Id3/Pgf/Wnt6/Klf15/Myc/Tiparp/Prdm1/Gsta3/Epha7/Cys1/Zbtb16/Erbb4/Fgf1/Robo2/Pkhd1/Pdgfra/Slit2/Magi2/Smad9/Acvr2b/Kirrel3/Wnt2b",40
"GO:0001763","morphogenesis of a branching structure","32/453","255/25730",0.125490196078431,7.12773232913474,13.1646879848337,3.42842544739774e-18,4.83979392324315e-15,3.24317017760853e-15,"Tgm2/Bmp4/Spry1/Gpc3/Pdgfa/Hs3st3a1/Hs3st3b1/Nkx3-1/Adm/Lama1/Hgf/Shh/Pgf/Cxcl12/Wnt6/Sfrp2/Myc/Pgr/Prdm1/Epha7/Gdf7/Igf1/Fgf1/Lef1/Il6/Pkhd1/Pdgfra/Slit2/Etv4/Il10/Wnt2b/Hhip",32
"GO:0061138","morphogenesis of a branching epithelium","30/453","235/25730",0.127659574468085,7.25095110610117,12.8869550944808,2.43703150027483e-17,2.58020710091597e-14,1.72900971703709e-14,"Tgm2/Bmp4/Spry1/Gpc3/Pdgfa/Hs3st3a1/Hs3st3b1/Nkx3-1/Adm/Lama1/Hgf/Shh/Pgf/Cxcl12/Wnt6/Sfrp2/Myc/Pgr/Gdf7/Igf1/Fgf1/Lef1/Il6/Pkhd1/Pdgfra/Slit2/Etv4/Il10/Wnt2b/Hhip",30
"GO:0048754","branching morphogenesis of an epithelial tube","24/453","197/25730",0.121827411167513,6.91968938044173,11.1655186069798,1.14026642710929e-13,9.65805663761567e-11,6.4719121841824e-11,"Bmp4/Spry1/Gpc3/Hs3st3a1/Hs3st3b1/Nkx3-1/Lama1/Shh/Pgf/Cxcl12/Wnt6/Sfrp2/Myc/Pgr/Gdf7/Igf1/Fgf1/Lef1/Pkhd1/Pdgfra/Slit2/Etv4/Wnt2b/Hhip",24
"GO:0007411","axon guidance","27/453","264/25730",0.102272727272727,5.80900060204696,10.5141511909651,2.41435603901533e-13,1.60031649893582e-10,1.0723801108882e-10,"Etv1/Lamc3/Ablim1/Lama2/Plxna4/Lama1/Shh/Unc5b/Slit3/Cxcl12/Apbb1/Reln/Dpysl5/Epha7/Palld/Arhgef25/Gdf7/Ptprm/Wnt3a/Robo2/Slit2/Nr4a3/Ntf3/Etv4/Ephb1/Kif5c/Artn",27
"GO:0097485","neuron projection guidance","27/453","265/25730",0.10188679245283,5.7870798450581,10.4862343257313,2.64515123791044e-13,1.60031649893582e-10,1.0723801108882e-10,"Etv1/Lamc3/Ablim1/Lama2/Plxna4/Lama1/Shh/Unc5b/Slit3/Cxcl12/Apbb1/Reln/Dpysl5/Epha7/Palld/Arhgef25/Gdf7/Ptprm/Wnt3a/Robo2/Slit2/Nr4a3/Ntf3/Etv4/Ephb1/Kif5c/Artn",27
"GO:0060562","epithelial tube morphogenesis","32/453","407/25730",0.0786240786240786,4.46577824061268,9.43491926249972,2.03051202230264e-12,1.07490230180646e-09,7.20297422648409e-10,"Bmp4/Smarca1/Spry1/Gpc3/Hs3st3a1/Cecr2/Hs3st3b1/Nkx3-1/Adm/Lama1/Shh/Dlc1/Pgf/Cxcl12/Wnt6/Stox1/Sfrp2/Myc/Pgr/Pthlh/Epha7/Gdf7/Wnt3a/Igf1/Fgf1/Lef1/Pkhd1/Pdgfra/Slit2/Etv4/Wnt2b/Hhip",32
"GO:0001823","mesonephros development","17/453","121/25730",0.140495867768595,7.98004123109481,10.3027260808743,4.5948086643735e-11,2.16211274373575e-08,1.44884259171356e-08,"Bmp4/Spry1/Gpc3/Hs3st3a1/Vcan/Hs3st3b1/Shh/Pgf/Wnt6/Myc/Gsta3/Zbtb16/Fgf1/Robo2/Slit2/Smad9/Wnt2b",17
"GO:0001657","ureteric bud development","16/453","113/25730",0.141592920353982,8.04235284924495,10.0436289304066,1.52214200595171e-10,6.4462713952055e-08,4.31967878741665e-08,"Bmp4/Spry1/Gpc3/Hs3st3a1/Vcan/Hs3st3b1/Shh/Pgf/Wnt6/Myc/Gsta3/Fgf1/Robo2/Slit2/Smad9/Wnt2b",16
"GO:0072163","mesonephric epithelium development","16/453","117/25730",0.136752136752137,7.76740061508274,9.82160316770608,2.59165914578012e-10,9.146397068649e-08,6.12904654124842e-08,"Bmp4/Spry1/Gpc3/Hs3st3a1/Vcan/Hs3st3b1/Shh/Pgf/Wnt6/Myc/Gsta3/Fgf1/Robo2/Slit2/Smad9/Wnt2b",16
"GO:0072164","mesonephric tubule development","16/453","117/25730",0.136752136752137,7.76740061508274,9.82160316770608,2.59165914578012e-10,9.146397068649e-08,6.12904654124842e-08,"Bmp4/Spry1/Gpc3/Hs3st3a1/Vcan/Hs3st3b1/Shh/Pgf/Wnt6/Myc/Gsta3/Fgf1/Robo2/Slit2/Smad9/Wnt2b",16
"GO:0042445","hormone metabolic process","24/453","284/25730",0.0845070422535211,4.79992538009514,8.62029775754934,2.87251918335486e-10,9.35778364731373e-08,6.27069774763135e-08,"Slco4a1/Cyp26b1/Igf1r/Kcnma1/Cyp2d22/Dio3/Ces1d/Aldh1a1/Adm/Cyp2s1/Adh1/Adh7/Enpep/Shh/Dab2/Tiparp/Rdh12/Igf1/Chst10/Igf2/Pdgfra/Corin/Ppargc1a/Papss2",24
"GO:0072073","kidney epithelium development","19/453","175/25730",0.108571428571429,6.16676127404604,9.18115390845746,3.17711951038485e-10,9.61078651891418e-08,6.44023624059967e-08,"Bmp4/Spry1/Gpc3/Hs3st3a1/Vcan/Hs3st3b1/Shh/Pgf/Wnt6/Klf15/Myc/Gsta3/Epha7/Fgf1/Robo2/Slit2/Magi2/Smad9/Wnt2b",19
"GO:0043491","phosphatidylinositol 3-kinase/protein kinase B signal transduction","27/453","367/25730",0.0735694822888283,4.17868163199018,8.21065008106846,4.94490699429719e-10,1.39611207472324e-07,9.35541702219314e-08,"Irs1/Pdgfa/Igf1r/Irs2/Gab2/Nkx3-1/Mertk/Hgf/Unc5b/Cxcl12/Stox1/Rapgef3/Reln/Errfi1/Ppara/Epha7/Erbb4/Igf1/Nrxn1/Igf2/Il6/Pkhd1/Meis3/Magi2/Ntf3/Ntrk3/Obscn",27
"GO:0030534","adult behavior","20/453","203/25730",0.0985221674876847,5.59597211800911,8.80082337914357,6.17313769423453e-10,1.58235138994965e-07,1.06034160126869e-07,"Pmp22/Ccnd2/Sdk1/Slc6a4/Kcnma1/Adh1/Dab1/Shank1/Nr4a2/Adam22/Cxcl12/Ppara/Penk/Nrxn1/Atp1a2/Nr4a3/Glrb/Homer2/Slc7a11/Fgf12",20
"GO:0051896","regulation of phosphatidylinositol 3-kinase/protein kinase B signal transduction","25/453","320/25730",0.078125,4.43743101545254,8.28331997805114,6.3518237613091e-10,1.58235138994965e-07,1.06034160126869e-07,"Irs1/Pdgfa/Igf1r/Irs2/Nkx3-1/Mertk/Hgf/Unc5b/Cxcl12/Stox1/Rapgef3/Reln/Ppara/Epha7/Erbb4/Igf1/Nrxn1/Igf2/Il6/Pkhd1/Meis3/Magi2/Ntf3/Ntrk3/Obscn",25
"GO:0022612","gland morphogenesis","18/453","164/25730",0.109756097560976,6.23404942658698,9.00173329607005,7.81056103024192e-10,1.83765144239303e-07,1.23141944663931e-07,"Tgm2/Bmp4/Pdgfa/Igf1r/Nkx3-1/Lama1/Hgf/Shh/Pgr/Pthlh/Gdf7/Wnt3a/Igf1/Fgf1/Il6/Slit2/Plag1/Etv4",18
"GO:0050678","regulation of epithelial cell proliferation","29/453","431/25730",0.0672853828306264,3.82175033163801,7.90866778185906,8.95532044640037e-10,1.99609379423714e-07,1.33759246113548e-07,"Col4a3/Bmp4/Gpc3/Tgfbr3/Ccnd2/Irs2/Nkx3-1/Twist2/Shh/Pgf/Dab2/Cxcl12/Sfrp2/Myc/Pgr/Atoh8/Errfi1/Ptprm/Erbb4/Wnt3a/Igf1/Fgf1/Igf2/Il6/Pkhd1/Foxp2/Nr4a3/Etv4/Il10",29
"GO:0030324","lung development","22/453","255/25730",0.0862745098039216,4.90031597628014,8.37935472896875,1.08415183353068e-09,2.29569150750122e-07,1.53835439115722e-07,"Bmp4/Pdpn/Spry1/Gpc3/Pdgfa/Hmgcs2/Lama1/Heg1/Shh/Ccbe1/Pgr/Errfi1/Pthlh/Igf1/Fgf1/Pdgfra/Foxp2/Flvcr2/Acvr2b/Slc7a11/Wnt2b/Hhip",22
"GO:0030323","respiratory tube development","22/453","258/25730",0.0852713178294574,4.8433355579513,8.30585651205299,1.35089441802312e-09,2.72430374301329e-07,1.8255695994939e-07,"Bmp4/Pdpn/Spry1/Gpc3/Pdgfa/Hmgcs2/Lama1/Heg1/Shh/Ccbe1/Pgr/Errfi1/Pthlh/Igf1/Fgf1/Pdgfra/Foxp2/Flvcr2/Acvr2b/Slc7a11/Wnt2b/Hhip",22
"GO:0042060","wound healing","28/453","419/25730",0.0668257756563246,3.79564504997181,7.72382063793379,2.04653384378844e-09,3.93957764929274e-07,2.63993073820748e-07,"Pdpn/Pdgfa/Scnn1g/Kank1/Dst/Rhoc/Ubash3b/Slc6a4/Mertk/Adamdec1/Shh/Npr2/Thbd/Mylk/Ppara/Wnt3a/Igf1/Fgf1/Il6/Pdgfra/Angptl4/Mfsd2b/Syt7/Slc7a11/Gp1ba/Svep1/Papss2/Tafa5",28
"GO:0060541","respiratory system development","23/453","290/25730",0.0793103448275862,4.50475755499734,8.03519121719245,2.32361549452892e-09,4.27848331275216e-07,2.86703312276886e-07,"Bmp4/Pdpn/Spry1/Gpc3/Pdgfa/Hmgcs2/Lama1/Heg1/Shh/Ccbe1/Pgr/Errfi1/Pthlh/Igf1/Fgf1/Lef1/Pdgfra/Foxp2/Flvcr2/Acvr2b/Slc7a11/Wnt2b/Hhip",23
"GO:0033002","muscle cell proliferation","23/453","293/25730",0.0784982935153584,4.4586337575059,7.9708242147577,2.83129571708193e-09,4.99605723410083e-07,3.34788300581267e-07,"Kcnk2/Tgm2/Bmp4/Spon2/Tgfbr3/Ccnd2/Igf1r/Ogn/Hgf/Shh/Npr3/Myc/Erbb4/Igf1/Fgf1/Il6/Ereg/Calcrl/Nr4a3/Ephb1/Ppargc1a/Il10/Tafa5",23
"GO:0030198","extracellular matrix organization","24/453","323/25730",0.0743034055727554,4.22036782646136,7.79700543145506,3.79534623447688e-09,6.10021446983669e-07,4.08778430638904e-07,"Col4a3/Pmp22/Col4a4/Pdpn/Tgfbr3/Adamtsl1/Loxl4/Axin2/Egfl6/Lama2/Lama1/Adamdec1/Csgalnact1/Apbb1/Sfrp2/Plod1/Crispld2/Wnt3a/Col27a1/Il6/Pdgfra/Vit/Col6a5/Aplp1",24
"GO:0072006","nephron development","18/453","181/25730",0.0994475138121547,5.64853097215616,8.40167452887549,3.85065702351464e-09,6.10021446983669e-07,4.08778430638904e-07,"Col4a3/Col4a4/Bmp4/Gpc3/Hs3st3a1/Hs3st3b1/Enpep/Shh/Pgf/Wnt6/Klf15/Myc/Erbb4/Fgf1/Pdgfra/Magi2/Kirrel3/Wnt2b",18
"GO:0021953","central nervous system neuron differentiation","23/453","298/25730",0.0771812080536913,4.38382446627257,7.86544848643797,3.91305614484717e-09,6.10021446983669e-07,4.08778430638904e-07,"Rorb/Ptger3/Rora/Grid2/Plxna4/Shh/Dab1/Nr4a2/Cdh11/Brsk2/Apbb1/Sfrp2/Gdf7/Erbb4/Wnt3a/Brsk1/Robo2/Foxp2/Slit2/Ntf3/Ephb1/Lonrf2/Atp2b2",23
"GO:0045229","external encapsulating structure organization","24/453","324/25730",0.0740740740740741,4.20734199983648,7.77763252410327,4.0331996494788e-09,6.10021446983669e-07,4.08778430638904e-07,"Col4a3/Pmp22/Col4a4/Pdpn/Tgfbr3/Adamtsl1/Loxl4/Axin2/Egfl6/Lama2/Lama1/Adamdec1/Csgalnact1/Apbb1/Sfrp2/Plod1/Crispld2/Wnt3a/Col27a1/Il6/Pdgfra/Vit/Col6a5/Aplp1",24
"GO:0043062","extracellular structure organization","24/453","325/25730",0.0738461538461539,4.19439633214468,7.75833752651494,4.28490467453852e-09,6.25743837816229e-07,4.19314083577345e-07,"Col4a3/Pmp22/Col4a4/Pdpn/Tgfbr3/Adamtsl1/Loxl4/Axin2/Egfl6/Lama2/Lama1/Adamdec1/Csgalnact1/Apbb1/Sfrp2/Plod1/Crispld2/Wnt3a/Col27a1/Il6/Pdgfra/Vit/Col6a5/Aplp1",24
"GO:0051897","positive regulation of phosphatidylinositol 3-kinase/protein kinase B signal transduction","19/453","226/25730",0.084070796460177,4.77514700423919,7.63100481717088,2.2761473868747e-08,3.1845709357136e-06,2.13399695337945e-06,"Irs1/Pdgfa/Igf1r/Irs2/Nkx3-1/Mertk/Hgf/Unc5b/Cxcl12/Stox1/Reln/Erbb4/Igf1/Nrxn1/Igf2/Il6/Meis3/Ntf3/Ntrk3",19
"GO:2000027","regulation of animal organ morphogenesis","13/453","100/25730",0.13,7.38388520971302,8.5626571750712,2.33109088564632e-08,3.1845709357136e-06,2.13399695337945e-06,"Bmp4/Spry1/Pdgfa/Apcdd1/Hgf/Shh/Stox1/Sfrp2/Wnt3a/Fgf1/Robo2/Pkhd1/Wnt2b",13
"GO:0042063","gliogenesis","26/453","415/25730",0.0626506024096386,3.55849889624724,7.03425497997958,2.89100047986527e-08,3.8260584475717e-06,2.56386095188052e-06,"Pmp22/Bmp4/Sox6/Apcdd1/Trpc4/Vcan/Lamc3/Lama2/Shh/Dab1/Adam22/Mxra8/Klf15/Reln/Myc/Penk/Igf1/Lef1/Il6/Plag1/Ntf3/Epm2a/Ntrk3/Opcml/Il34/Dner",26
"GO:0050878","regulation of body fluid levels","25/453","392/25730",0.0637755102040816,3.62239266567554,7.00410066824905,3.79176253909727e-08,4.86609525850816e-06,3.26079483426037e-06,"Pdpn/Pdgfa/Scnn1g/Ubash3b/Slc6a4/Ptger3/Kcnma1/Adm/Mertk/Heg1/Shh/Thbd/Npr3/Ppara/Erbb4/Wnt3a/Il6/Pdgfra/Angptl4/Mfsd2b/Slc7a11/Gp1ba/Svep1/Papss2/Atp2b2",25
"GO:0007416","synapse assembly","22/453","320/25730",0.06875,3.90493929359823,7.00015260743209,6.79804126423007e-08,8.46756022176893e-06,5.67415456605705e-06,"Mdga2/Il1rap/Nrg2/Lrp4/Sdk1/Sdk2/Grid2/Plxna4/Reln/Akap5/Epha7/Erbb4/Wnt3a/Nrxn1/Adgrl3/Slit2/Magi2/Pcdh7/Ntrk3/Kirrel3/Ephb1/Opcml",22
"GO:0001649","osteoblast differentiation","19/453","245/25730",0.0775510204081633,4.40482948146146,7.16859228018589,8.26320721167967e-08,9.9984807261324e-06,6.70003207298899e-06,"Rassf2/Bmp4/Rorb/Tgfbr3/Axin2/Twist2/Shh/Bmp3/Id3/Sfrp2/Pthlh/Penk/Wnt3a/Igf1/Igf2/Lef1/Smad9/Acvr2b/Tnn",19
"GO:0035272","exocrine system development","10/453","61/25730",0.163934426229508,9.31133065537582,8.70019112525055,1.04794530646364e-07,1.23279121468708e-05,8.26099574919873e-06,"Tgm2/Pdgfa/Igf1r/Nkx3-1/Lama1/Hgf/Shh/Igf1/Igf2/Il6",10
"GO:0048511","rhythmic process","23/453","358/25730",0.0642458100558659,3.64910528198108,6.7571128297821,1.17032609985069e-07,1.33954892780207e-05,8.97638453825732e-06,"Rorb/Igf1r/Slc6a4/Ptger3/Kcnma1/Rora/Ces1d/Npr2/Id3/Slit3/Prokr2/Pgr/Rorc/Ppara/Dbp/Igf1/Il6/Mapk10/Pdgfra/Ereg/Adcy1/Ntrk3/Ppargc1a",23
"GO:0007611","learning or memory","23/453","369/25730",0.0623306233062331,3.54032436571606,6.57986465006286,2.00873524064554e-07,2.23868256424575e-05,1.50015241240453e-05,"Plcb1/Kcnk2/Ccnd2/Camk2n1/Camk4/Slc6a4/Shank1/Nr4a2/Apbb1/Rapgef3/Dgki/Reln/Igf1/Brsk1/Chst10/Nrxn1/Igf2/Atp1a2/Foxp2/Adcy1/Epm2a/Slc7a11/Gm527",23
"GO:0060560","developmental growth involved in morphogenesis","20/453","292/25730",0.0684931506849315,3.89035047930086,6.64964165853094,2.85342779359323e-07,3.09852992458137e-05,2.07634044035826e-05,"Jade2/Bmp4/Spry1/Nkd1/Plxna4/Shh/Npr2/Slit3/Cxcl12/Olfm1/Syt1/Sfrp2/Pthlh/Epha7/Wnt3a/Fgf1/Slit2/Sh3gl2/Ntrk3/Tnn",20
"GO:0007626","locomotory behavior","20/453","294/25730",0.0680272108843537,3.86388551005391,6.6115410607615,3.18169611663713e-07,3.36862076348956e-05,2.25732966590887e-05,"Pmp22/Ccnd2/Kcnma1/Dab1/Npas3/Nr4a2/Adam22/Cxcl12/Reln/Abat/Penk/Igf1/Adgrl3/Mapk10/Atp1a2/Glrb/Qrfp/Gnao1/Fgf12/Atp2b2",20
"GO:0030168","platelet activation","12/453","105/25730",0.114285714285714,6.49132765689057,7.54810374615803,3.41320319913068e-07,3.52558915812645e-05,2.36251497428917e-05,"Pdpn/Pdgfa/Ubash3b/Slc6a4/Mertk/Wnt3a/Il6/Pdgfra/Mfsd2b/Slc7a11/Gp1ba/Svep1",12
"GO:0050679","positive regulation of epithelial cell proliferation","18/453","243/25730",0.0740740740740741,4.20734199983648,6.72491561206099,3.5798866927259e-07,3.60971908183195e-05,2.41889085804237e-05,"Bmp4/Ccnd2/Irs2/Twist2/Shh/Pgf/Cxcl12/Myc/Erbb4/Wnt3a/Igf1/Fgf1/Igf2/Il6/Pkhd1/Foxp2/Nr4a3/Il10",18
"GO:0021700","developmental maturation","24/453","413/25730",0.0581113801452785,3.30067507977487,6.30989283877918,3.92243323382328e-07,3.76726311459248e-05,2.52446190441592e-05,"Plcb1/Pmp22/Mdga2/Nrg2/Kcnma1/Dab1/Shank1/Nr4a2/Npr2/Reln/Slc24a4/Pgr/Akap5/Zbtb16/Erbb4/Igf1/Nrxn1/Atp6v0a4/Robo2/Ereg/Slit2/Slc26a3/Pde3a/Tbx6",24
"GO:0060074","synapse maturation","9/453","54/25730",0.166666666666667,9.46651949963208,8.33750101186459,3.95750449632707e-07,3.76726311459248e-05,2.52446190441592e-05,"Mdga2/Nrg2/Dab1/Shank1/Reln/Erbb4/Nrxn1/Robo2/Slit2",9
"GO:0001658","branching involved in ureteric bud morphogenesis","10/453","70/25730",0.142857142857143,8.11415957111321,7.9788828111349,4.00299504502153e-07,3.76726311459248e-05,2.52446190441592e-05,"Bmp4/Gpc3/Hs3st3a1/Hs3st3b1/Shh/Pgf/Wnt6/Myc/Fgf1/Wnt2b",10
"GO:1901342","regulation of vasculature development","21/453","327/25730",0.0642201834862385,3.64764971545456,6.45044519703702,4.18867612203651e-07,3.85631377757057e-05,2.58413520023122e-05,"Col4a3/Tgm2/Minar1/Adm/Hgf/Shh/Ccbe1/Pgf/Cxcl12/Sfrp2/Rapgef3/Cd59a/Ptprm/Zfp354c/Fgf1/Igf2/Ism1/Il10/Tnn/Tafa5/Hhip",21
"GO:0006935","chemotaxis","26/453","479/25730",0.0542797494780793,3.08304184121629,6.16061756209273,4.76480685740327e-07,4.29339511512826e-05,2.87702559631785e-05,"Bmp4/Ackr4/Pdgfa/Nbl1/Itga1/Itga9/Plxna4/Hgf/Shh/Pgf/Slit3/Cxcl12/Epha7/St6gal1/Wnt3a/Fgf1/Cxcl14/Lef1/Robo2/Pdgfra/Slit2/Ntf3/Ntrk3/Ephb1/Artn/Il34",26
"GO:0042330","taxis","26/453","481/25730",0.0540540540540541,3.07022254042122,6.13571629156268,5.15597924489171e-07,4.54907752127425e-05,3.04835965882194e-05,"Bmp4/Ackr4/Pdgfa/Nbl1/Itga1/Itga9/Plxna4/Hgf/Shh/Pgf/Slit3/Cxcl12/Epha7/St6gal1/Wnt3a/Fgf1/Cxcl14/Lef1/Robo2/Pdgfra/Slit2/Ntf3/Ntrk3/Ephb1/Artn/Il34",26
"GO:0048545","response to steroid hormone","22/453","362/25730",0.0607734806629834,3.45188003853987,6.2893849769599,5.67505254268585e-07,4.9048668404642e-05,3.28677586575318e-05,"Lbh/Bmp4/Hmgcs2/Scnn1g/Crebrf/Axin2/Zfp36l2/Nkx3-1/Adh1/Slit3/Dab2/Pgr/Errfi1/Ppara/Igf1/Fbxo32/Il6/Atp1a2/Pappa/Ntrk3/Pde3a/Il10",22
"GO:0007596","blood coagulation","16/453","202/25730",0.0792079207920792,4.49893996022119,6.68346333222596,6.56223403928988e-07,5.55821223127853e-05,3.72458588840537e-05,"Pdpn/Pdgfa/Ubash3b/Slc6a4/Mertk/Shh/Thbd/Wnt3a/Il6/Pdgfra/Angptl4/Mfsd2b/Slc7a11/Gp1ba/Svep1/Papss2",16
"GO:0098742","cell-cell adhesion via plasma-membrane adhesion molecules","19/453","281/25730",0.0676156583629893,3.8405096902422,6.40931866108811,6.87450110064781e-07,5.70853179632225e-05,3.82531578273405e-05,"Mdga2/Il1rap/Pcdh19/Sdk1/Sdk2/Grid2/Dab1/Cdh11/Palld/Ptprm/Nrxn1/Adgrl3/Robo2/Magi2/Pcdh10/Pcdh7/Kirrel3/Crtam/Il10",19
"GO:0030879","mammary gland development","15/453","180/25730",0.0833333333333333,4.73325974981604,6.72863233921658,7.70559767645375e-07,6.27561656918878e-05,4.2053221327367e-05,"Irs1/Lbh/Bmp4/Igf1r/Irs2/Pgr/Pthlh/Ppara/Erbb4/Wnt3a/Igf1/Lef1/Slit2/Etv4/Atp2b2",15
"GO:0050817","coagulation","16/453","205/25730",0.0780487804878049,4.43310181446185,6.60660784578146,7.99067166425758e-07,6.38499896191148e-05,4.27861982260942e-05,"Pdpn/Pdgfa/Ubash3b/Slc6a4/Mertk/Shh/Thbd/Wnt3a/Il6/Pdgfra/Angptl4/Mfsd2b/Slc7a11/Gp1ba/Svep1/Papss2",16
"GO:0060993","kidney morphogenesis","12/453","114/25730",0.105263157894737,5.97885442082026,7.13220777558053,8.37544865360001e-07,6.56486541962705e-05,4.39914923788343e-05,"Bmp4/Gcnt1/Gpc3/Hs3st3a1/Hs3st3b1/Shh/Pgf/Wnt6/Myc/Erbb4/Fgf1/Wnt2b",12
"GO:0007599","hemostasis","16/453","206/25730",0.0776699029126214,4.41158190274116,6.58131737319751,8.5257992462689e-07,6.56486541962705e-05,4.39914923788343e-05,"Pdpn/Pdgfa/Ubash3b/Slc6a4/Mertk/Shh/Thbd/Wnt3a/Il6/Pdgfra/Angptl4/Mfsd2b/Slc7a11/Gp1ba/Svep1/Papss2",16
"GO:0072028","nephron morphogenesis","11/453","95/25730",0.115789473684211,6.57673986290229,7.28992933565633,9.23277910314856e-07,6.9822891967561e-05,4.67886700415198e-05,"Bmp4/Gpc3/Hs3st3a1/Hs3st3b1/Shh/Pgf/Wnt6/Myc/Erbb4/Fgf1/Wnt2b",11
"GO:0045444","fat cell differentiation","19/453","287/25730",0.0662020905923345,3.76022028905246,6.29503752808865,9.44902663715498e-07,7.02046101900901e-05,4.70444613366017e-05,"Plcb1/Axin2/Cbx4/Dlk2/Zfp36l2/Rora/Ptprq/Adgrf5/Nr4a2/Npr2/Dact1/Sfrp2/Rorc/Zbtb16/Wnt3a/Igf1/Pdgfra/Nr4a3/Zfp423",19
"GO:0035265","organ growth","17/453","234/25730",0.0726495726495727,4.1264315767627,6.43159401130283,9.89656479578012e-07,7.17441594727799e-05,4.807612103116e-05,"Kcnk2/Lats2/Tgfbr3/Ccnd2/Slc6a4/Heg1/Shh/Npr2/Ppara/Erbb4/Igf1/Fgf1/Igf2/Col27a1/Pdgfra/Plag1/Acvr2b",17
"GO:0061448","connective tissue development","21/453","345/25730",0.0608695652173913,3.45733755638737,6.15153603105766,9.99505409420074e-07,7.17441594727799e-05,4.807612103116e-05,"Bmp4/Hmgcs2/Sox6/Ogn/Axin2/Scin/Csgalnact1/Bmp3/Npr2/Sfrp2/Rorc/Errfi1/Pthlh/Slc25a25/Gdf7/Zbtb16/Igf1/Col27a1/Smad9/Ppargc1a/Wnt2b",21
"GO:0060675","ureteric bud morphogenesis","10/453","78/25730",0.128205128205128,7.28193807664006,7.43837599127974,1.12008830264823e-06,7.90595660285872e-05,5.29782116480634e-05,"Bmp4/Gpc3/Hs3st3a1/Hs3st3b1/Shh/Pgf/Wnt6/Myc/Fgf1/Wnt2b",10
"GO:0045765","regulation of angiogenesis","20/453","320/25730",0.0625,3.54994481236203,6.14470769368605,1.20352990326602e-06,8.35565432841242e-05,5.59916586575527e-05,"Col4a3/Tgm2/Minar1/Adm/Hgf/Shh/Ccbe1/Pgf/Sfrp2/Rapgef3/Cd59a/Ptprm/Zfp354c/Fgf1/Igf2/Ism1/Il10/Tnn/Tafa5/Hhip",20
"GO:0006816","calcium ion transport","25/453","472/25730",0.0529661016949153,3.00842780708647,5.8955664096247,1.23539411981178e-06,8.43853886677887e-05,5.65470721054765e-05,"Plcb1/Bmp4/Plcl2/Cacna2d1/Trpc4/Ubash3b/Ptger3/Cxcl12/Rapgef3/Slc24a4/Mylk/Akap5/Slc25a25/Letm2/Wnt3a/Igf1/Atp1a2/Calcrl/Epm2a/Homer2/Gnao1/Gp1ba/Atp2a3/Nalcn/Atp2b2",25
"GO:0034764","positive regulation of transmembrane transport","16/453","213/25730",0.0751173708920188,4.26660033786235,6.40868296627885,1.32726534210736e-06,8.92217257749949e-05,5.97879258533241e-05,"Irs1/Bmp4/Gpc3/Irs2/Akap7/Fhl1/Ehd3/Rapgef3/Klf15/Reln/Akap5/Ptprm/Erbb4/Igf1/Wnk2/Nr4a3",16
"GO:0070371","ERK1 and ERK2 cascade","21/453","354/25730",0.0593220338983051,3.36943914393684,6.00943161359422,1.50863144384384e-06,9.98289713231041e-05,6.68958942862334e-05,"Mturn/Bmp4/Spry1/Pdgfa/Spry4/Cnksr3/Zfp36l2/Dab2/Cxcl12/Myc/Errfi1/Epha7/Erbb4/Igf1/Fgf1/Nrxn1/Wnk2/Il6/Pkhd1/Pdgfra/Ephb1",21
"GO:0050890","cognition","23/453","415/25730",0.0554216867469879,3.14790286975717,5.90537540597078,1.54135090934043e-06,0.000100424940016258,6.72952558960617e-05,"Plcb1/Kcnk2/Ccnd2/Camk2n1/Camk4/Slc6a4/Shank1/Nr4a2/Apbb1/Rapgef3/Dgki/Reln/Igf1/Brsk1/Chst10/Nrxn1/Igf2/Atp1a2/Foxp2/Adcy1/Epm2a/Slc7a11/Gm527",23
"GO:0001656","metanephros development","11/453","101/25730",0.108910891089109,6.18604244530413,6.99082955397717,1.70980202202187e-06,0.000108212586271578,7.25137967037031e-05,"Bmp4/Spry1/Gpc3/Pdgfa/Nkx3-1/Shh/Id3/Myc/Robo2/Pdgfra/Slit2",11
"GO:0034762","regulation of transmembrane transport","24/453","449/25730",0.0534521158129176,3.03603297983746,5.82651199556198,1.72207853045071e-06,0.000108212586271578,7.25137967037031e-05,"Irs1/Bmp4/Gpc3/Cacna2d1/Irs2/Ubash3b/Ptger3/Akap7/Fhl1/Ehd3/Rapgef3/Klf15/Reln/Myc/Akap5/Slc43a1/Ptprm/Erbb4/Igf1/Wnk2/Atp1a2/Kcnip3/Nr4a3/Fgf12",24
"GO:0001945","lymph vessel development","7/453","34/25730",0.205882352941176,11.6939358524867,8.35299192664312,1.78538210074649e-06,0.000108212586271578,7.25137967037031e-05,"Ptpn14/Pdpn/Heg1/Npr2/Ccbe1/Acvr2b/Svep1",7
"GO:0048745","smooth muscle tissue development","7/453","34/25730",0.205882352941176,11.6939358524867,8.35299192664312,1.78538210074649e-06,0.000108212586271578,7.25137967037031e-05,"Bmp4/Shh/Npr2/Mylk/Tiparp/Foxp2/Tnn",7
"GO:0072171","mesonephric tubule morphogenesis","10/453","82/25730",0.121951219512195,6.92672158509665,7.19602212836053,1.78863778961286e-06,0.000108212586271578,7.25137967037031e-05,"Bmp4/Gpc3/Hs3st3a1/Hs3st3b1/Shh/Pgf/Wnt6/Myc/Fgf1/Wnt2b",10
"GO:0051962","positive regulation of nervous system development","22/453","392/25730",0.0561224489795918,3.18770554579448,5.84310278006516,2.12002947120499e-06,0.000126455279021875,8.47383165955323e-05,"Tgm2/Jade2/Il1rap/Grid2/Shh/Cxcl12/Reln/Myc/Akap5/Wnt3a/Igf1/Nrxn1/Adgrl3/Il6/Robo2/Slit2/Plag1/Ntf3/Ntrk3/Ephb1/Opcml/Il34",22
"GO:0002040","sprouting angiogenesis","13/453","147/25730",0.0884353741496599,5.02305116307009,6.54841625639271,2.15975087456515e-06,0.000127035346580325,8.51270227752581e-05,"Tgm2/Bmp4/Tgfbr3/Shh/Ccbe1/Pgf/Zfp354c/Fgf1/Lef1/Slit2/Flvcr2/Il10/Tnn",13
"GO:0010543","regulation of platelet activation","8/453","50/25730",0.16,9.0878587196468,7.66335314031584,2.43735770175659e-06,0.000138346665352597,9.27067942063262e-05,"Pdpn/Pdgfa/Ubash3b/Il6/Pdgfra/Mfsd2b/Gp1ba/Svep1",8
"GO:0052652","cyclic purine nucleotide metabolic process","8/453","50/25730",0.16,9.0878587196468,7.66335314031584,2.43735770175659e-06,0.000138346665352597,9.27067942063262e-05,"Ptger3/Rora/Npr2/Npr3/Pde7b/Adcy1/Gucy1a1/Atp2b2",8
"GO:0007623","circadian rhythm","17/453","250/25730",0.068,3.86233995584989,6.08820539731772,2.45005900860562e-06,0.000138346665352597,9.27067942063262e-05,"Rorb/Slc6a4/Ptger3/Kcnma1/Rora/Ces1d/Id3/Prokr2/Rorc/Ppara/Dbp/Igf1/Il6/Mapk10/Adcy1/Ntrk3/Ppargc1a",17
"GO:0003401","axis elongation","7/453","36/25730",0.194444444444444,11.0442727495708,8.07331091485999,2.68749617086954e-06,0.000147493354352367,9.88360363720826e-05,"Bmp4/Spry1/Nkd1/Shh/Sfrp2/Wnt3a/Fgf1",7
"GO:0050920","regulation of chemotaxis","16/453","225/25730",0.0711111111111111,4.03904831984302,6.1293439226112,2.71652459019708e-06,0.000147493354352367,9.88360363720826e-05,"Nbl1/Plxna4/Shh/Pgf/Cxcl12/St6gal1/Wnt3a/Fgf1/Cxcl14/Robo2/Pdgfra/Slit2/Ntf3/Ntrk3/Artn/Il34",16
"GO:0071383","cellular response to steroid hormone stimulus","16/453","225/25730",0.0711111111111111,4.03904831984302,6.1293439226112,2.71652459019708e-06,0.000147493354352367,9.88360363720826e-05,"Lbh/Bmp4/Hmgcs2/Scnn1g/Crebrf/Axin2/Zfp36l2/Nkx3-1/Dab2/Pgr/Errfi1/Ppara/Igf1/Fbxo32/Atp1a2/Pde3a",16
"GO:0014009","glial cell proliferation","10/453","86/25730",0.116279069767442,6.60454848811541,6.96938991575742,2.78082294601686e-06,0.000149073230080777,9.98947190201392e-05,"Pmp22/Shh/Myc/Penk/Igf1/Il6/Plag1/Epm2a/Opcml/Il34",10
"GO:0009187","cyclic nucleotide metabolic process","8/453","51/25730",0.156862745098039,8.90966541141843,7.56923410239938,2.84668425200417e-06,0.000150696347590471,0.000100982378202674,"Ptger3/Rora/Npr2/Npr3/Pde7b/Adcy1/Gucy1a1/Atp2b2",8
"GO:0030902","hindbrain development","15/453","200/25730",0.075,4.25993377483444,6.19578242243457,2.89075627508104e-06,0.000151140158332941,0.000101279778006738,"Igf1r/Slc6a4/Rora/Grid2/Shh/Dab1/Dlc1/Abat/Igf1/Lef1/Foxp2/Smad9/Ephb1/Zfp423/Atp2b2",15
"GO:0050905","neuromuscular process","16/453","228/25730",0.0701754385964912,3.98590294721351,6.06252832248622,3.22388661145985e-06,0.000166501948774786,0.000111573790815093,"Pmp22/Mdga2/Kcnma1/Slc1a3/Grid2/Ptprq/Npas3/Shank1/Npr2/Penk/Nrxn1/Nr4a3/Glrb/Lonrf2/Fgf12/Atp2b2",16
"GO:0048286","lung alveolus development","9/453","71/25730",0.126760563380282,7.19988807014271,7.00311003672424,4.25514737203128e-06,0.000214020602071186,0.000143416278676174,"Bmp4/Pdpn/Pdgfa/Pgr/Errfi1/Pthlh/Igf1/Foxp2/Slc7a11",9
"GO:0045165","cell fate commitment","19/453","318/25730",0.059748427672956,3.39365793383037,5.74981689300501,4.278900460549e-06,0.000214020602071186,0.000143416278676174,"Cyp26b1/Bmp4/Pdpn/Lats2/Sox6/Prdm11/Shh/Wnt6/Sfrp2/Prdm1/Gdf7/Erbb4/Wnt3a/Il6/Flvcr2/Ntf3/Ntrk3/Wnt2b/Tbx6",19
"GO:0046886","positive regulation of hormone biosynthetic process","5/453","15/25730",0.333333333333333,18.9330389992642,9.30045184439232,4.29557288690691e-06,0.000214020602071186,0.000143416278676174,"Igf1r/Dab2/Igf1/Igf2/Ppargc1a",5
"GO:0072078","nephron tubule morphogenesis","10/453","91/25730",0.10989010989011,6.24166120854863,6.70558840336317,4.66753883894371e-06,0.000229849150964263,0.000154023068663308,"Bmp4/Gpc3/Hs3st3a1/Hs3st3b1/Shh/Pgf/Wnt6/Myc/Fgf1/Wnt2b",10
"GO:0060441","epithelial tube branching involved in lung morphogenesis","7/453","39/25730",0.179487179487179,10.1947133072961,7.69268202972392,4.73129092431724e-06,0.000230310540971075,0.00015433224842056,"Bmp4/Spry1/Lama1/Shh/Pdgfra/Wnt2b/Hhip",7
"GO:0070372","regulation of ERK1 and ERK2 cascade","19/453","322/25730",0.0590062111801242,3.35150069241633,5.68441264291449,5.12326690547964e-06,0.000246557219826208,0.000165219229392023,"Mturn/Bmp4/Spry1/Pdgfa/Spry4/Cnksr3/Dab2/Cxcl12/Errfi1/Epha7/Erbb4/Igf1/Fgf1/Nrxn1/Wnk2/Il6/Pkhd1/Pdgfra/Ephb1",19
"GO:0048659","smooth muscle cell proliferation","15/453","210/25730",0.0714285714285714,4.05707978555661,5.95489181623262,5.2586568556962e-06,0.000249575483631172,0.000167241783103123,"Tgm2/Bmp4/Spon2/Igf1r/Ogn/Npr3/Myc/Igf1/Il6/Ereg/Calcrl/Nr4a3/Ppargc1a/Il10/Tafa5",15
"GO:0050807","regulation of synapse organization","22/453","415/25730",0.0530120481927711,3.01103752759382,5.52908221463451,5.30384734989503e-06,0.000249575483631172,0.000167241783103123,"Mdga2/Il1rap/Nrg2/Lrp4/Grid2/Dab1/Dact1/Reln/Cttnbp2/Epha7/Erbb4/Wnt3a/Nrxn1/Adgrl3/Slit2/Magi2/Pcdh7/Ntrk3/Ephb1/Slc7a11/Il10/Opcml",22
"GO:0008202","steroid metabolic process","21/453","385/25730",0.0545454545454545,3.09813365442505,5.55283996639499,5.60531634829333e-06,0.000256217532465624,0.000171692653334325,"Pmp22/Hmgcs2/Igf1r/Kcnma1/Rora/Cyp2d22/Adm/Gpr146/Shh/Abca5/Osbpl6/Dab2/Rorc/Errfi1/Tiparp/Igf1/Fgf1/Chst10/Igf2/Pdgfra/Ppargc1a",21
"GO:0007435","salivary gland morphogenesis","7/453","40/25730",0.175,9.93984547461369,7.57487980231706,5.64850788221003e-06,0.000256217532465624,0.000171692653334325,"Tgm2/Pdgfa/Nkx3-1/Lama1/Hgf/Shh/Il6",7
"GO:0051781","positive regulation of cell division","10/453","93/25730",0.10752688172043,6.1074319352465,6.60553884006304,5.68700072060653e-06,0.000256217532465624,0.000171692653334325,"Lbh/Pdgfa/Igf1r/Nkx3-1/Cdc14b/Shh/Pgf/Fgf1/Igf2/Ereg",10
"GO:0072088","nephron epithelium morphogenesis","10/453","93/25730",0.10752688172043,6.1074319352465,6.60553884006304,5.68700072060653e-06,0.000256217532465624,0.000171692653334325,"Bmp4/Gpc3/Hs3st3a1/Hs3st3b1/Shh/Pgf/Wnt6/Myc/Fgf1/Wnt2b",10
"GO:0016055","Wnt signaling pathway","24/453","482/25730",0.0497925311203319,2.82817180071996,5.42406423862963,5.78851142616143e-06,0.000258045746208354,0.000172917748531094,"Amotl2/Lats2/Gpc3/Apcdd1/Lrp4/Kank1/Tcf7l1/Bicc1/Axin2/Nkd1/Shh/Dact1/Dab2/Wnt6/Sfrp2/Klf15/Myc/Wnt3a/Wnk2/Lef1/Peg12/Epm2a/Cxxc4/Wnt2b",24
"GO:0060425","lung morphogenesis","9/453","74/25730",0.121621621621622,6.90800071594774,6.81333457585711,6.02761121540713e-06,0.000265905557263012,0.000178184647332649,"Bmp4/Spry1/Lama1/Shh/Igf1/Pdgfra/Foxp2/Wnt2b/Hhip",9
"GO:0007178","cell surface receptor protein serine/threonine kinase signaling pathway","22/453","420/25730",0.0523809523809524,2.97519184274151,5.46368491696909,6.41147799608013e-06,0.000279923807354632,0.000187578347014998,"Bmp4/Spry1/Lats2/Gpc3/Tgfbr3/Nbl1/Pakap/Akap7/Bmp3/Dab2/Sfrp2/Atoh8/Ppara/Gdf7/Peg10/Wnt3a/Lef1/Rasl11b/Magi2/Smad9/Acvr2b/Zfp423",22
"GO:0007163","establishment or maintenance of cell polarity","16/453","241/25730",0.0663900414937759,3.77089573429328,5.78562254756129,6.54960247368804e-06,0.000283036392612947,0.000189664106004973,"Amotl2/Cyp26b1/Spry1/Kank1/Dst/Igf1r/Lama1/Shh/Brsk2/Mtcl1/Igf1/Brsk1/Pkhd1/Lrrc7/Ephb1/Crtam",16
"GO:0072009","nephron epithelium development","12/453","139/25730",0.0863309352517986,4.90352089189575,6.17757561634095,6.80356871630105e-06,0.000291041550641767,0.000195028402542771,"Bmp4/Gpc3/Hs3st3a1/Hs3st3b1/Shh/Pgf/Wnt6/Klf15/Myc/Fgf1/Magi2/Wnt2b",12
"GO:0043270","positive regulation of monoatomic ion transport","15/453","215/25730",0.0697674418604651,3.96272909286924,5.8399775285336,6.99490606835062e-06,0.000296234271994649,0.000198508071160771,"Bmp4/Trpc4/Slc6a4/Cnksr3/Akap7/Cxcl12/Fhl1/Ehd3/Rapgef3/Reln/Mylk/Akap5/Wnk2/Fgf12/Atp2b2",15
"GO:0050803","regulation of synapse structure or activity","22/453","424/25730",0.0518867924528302,2.94712399516848,5.4120596611597,7.4443410959654e-06,0.000312146381598153,0.000209170855598986,"Mdga2/Il1rap/Nrg2/Lrp4/Grid2/Dab1/Dact1/Reln/Cttnbp2/Epha7/Erbb4/Wnt3a/Nrxn1/Adgrl3/Slit2/Magi2/Pcdh7/Ntrk3/Ephb1/Slc7a11/Il10/Opcml",22
"GO:0010828","positive regulation of D-glucose transmembrane transport","8/453","58/25730",0.137931034482759,7.83436096521276,6.97557235543268,7.69486235332222e-06,0.000318048084933652,0.000213125616598801,"Irs1/Gpc3/Irs2/Klf15/Ptprm/Erbb4/Igf1/Nr4a3",8
"GO:0060445","branching involved in salivary gland morphogenesis","6/453","28/25730",0.214285714285714,12.1712393566698,7.91762089687116,7.8138261056417e-06,0.000318048084933652,0.000213125616598801,"Tgm2/Pdgfa/Lama1/Hgf/Shh/Il6",6
"GO:0035418","protein localization to synapse","11/453","118/25730",0.0932203389830508,5.29483294047218,6.25984129515151,7.87678778393845e-06,0.000318048084933652,0.000213125616598801,"Shank1/Adam22/Olfm1/Reln/Mylk/Erbb4/Nrxn1/Mapk10/Lrrc7/Magi2/Kif5c",11
"GO:0016310","phosphorylation","23/453","458/25730",0.0502183406113537,2.85235740381927,5.35470448932955,7.88548970909882e-06,0.000318048084933652,0.000213125616598801,"Irs1/Lats2/Igf1r/Cnksr3/Heg1/Pim3/Brsk2/Sfrp2/Dgki/Reln/Errfi1/Epha7/Erbb4/Fgf1/Brsk1/Wnk2/Mapk10/Pdgfra/Ereg/Epm2a/Ephb1/Obscn/Il34",23
"GO:0040013","negative regulation of locomotion","20/453","363/25730",0.0550964187327824,3.12942793376267,5.46990136620586,8.06265161152183e-06,0.000322125750705613,0.000215858080880465,"Plcb1/Tgfbr3/Nbl1/Kank1/Dpysl3/Shh/Dlc1/Cdh11/Cxcl12/Sfrp2/St6gal1/Ptprm/Erbb4/Wnt3a/Robo2/Slit2/Magi2/Ppargc1a/Tnn/Tafa5",20
"GO:0061333","renal tubule morphogenesis","10/453","97/25730",0.103092783505155,5.85557907193737,6.41394113111283,8.31582384694431e-06,0.000329135644783263,0.000220555446053732,"Bmp4/Gpc3/Hs3st3a1/Hs3st3b1/Shh/Pgf/Wnt6/Myc/Fgf1/Wnt2b",10
"GO:0010001","glial cell differentiation","18/453","305/25730",0.059016393442623,3.35207903593529,5.5318340120366,9.02831031925142e-06,0.000354026798166942,0.000237235132755378,"Pmp22/Bmp4/Sox6/Trpc4/Lamc3/Lama2/Shh/Dab1/Adam22/Mxra8/Klf15/Reln/Igf1/Lef1/Ntf3/Ntrk3/Il34/Dner",18
"GO:0060571","morphogenesis of an epithelial fold","6/453","29/25730",0.206896551724138,11.7515414478191,7.75519124146534,9.70641258649669e-06,0.000377125296365261,0.000252713552227862,"Bmp4/Cecr2/Shh/Pthlh/Gdf7/Wnt2b",6
"GO:0010463","mesenchymal cell proliferation","8/453","60/25730",0.133333333333333,7.57321559970567,6.82398963302925,9.96067160578866e-06,0.000383485856822863,0.000256975795686184,"Irs1/Bmp4/Gpc3/Pdgfa/Irs2/Shh/Myc/Foxp2",8
"GO:0021924","cell proliferation in external granule layer","5/453","18/25730",0.277777777777778,15.7775324993868,8.39591506002361,1.17322632299266e-05,0.000443626203381598,0.000297276143495132,"Slc6a4/Rora/Shh/Igf1/Zfp423",5
"GO:0021930","cerebellar granule cell precursor proliferation","5/453","18/25730",0.277777777777778,15.7775324993868,8.39591506002361,1.17322632299266e-05,0.000443626203381598,0.000297276143495132,"Slc6a4/Rora/Shh/Igf1/Zfp423",5
"GO:0007616","long-term memory","7/453","45/25730",0.155555555555556,8.83541819965661,7.04249331068231,1.27446938781798e-05,0.000473454198018348,0.000317264032276758,"Ccnd2/Camk2n1/Camk4/Shank1/Reln/Chst10/Adcy1",7
"GO:0010893","positive regulation of steroid biosynthetic process","7/453","45/25730",0.155555555555556,8.83541819965661,7.04249331068231,1.27446938781798e-05,0.000473454198018348,0.000317264032276758,"Igf1r/Gpr146/Dab2/Igf1/Fgf1/Igf2/Ppargc1a",7
"GO:0060004","reflex","6/453","31/25730",0.193548387096774,10.9933774834437,7.45302910962745,1.46031347810692e-05,0.000531387709323695,0.000356085568716008,"Pmp22/Kcnma1/Shank1/Foxp2/Nr4a3/Glrb",6
"GO:0001654","eye development","23/453","476/25730",0.0483193277310924,2.744495149053,5.14287471558643,1.46237512784665e-05,0.000531387709323695,0.000356085568716008,"Bmp4/Spry1/Rorb/Sdk1/Sdk2/Lamc3/Dio3/Aldh1a1/Mertk/Frem2/Lama1/Twist2/Shh/Prdm1/Slc25a25/Ptprm/Pdgfra/Meis3/Foxp2/Acvr2b/Dzank1/Ntrk3/Ephb1",23
"GO:0007431","salivary gland development","7/453","46/25730",0.152173913043478,8.64334389096842,6.94590398068506,1.4806080212561e-05,0.000531387709323695,0.000356085568716008,"Tgm2/Pdgfa/Nkx3-1/Lama1/Hgf/Shh/Il6",7
"GO:0010464","regulation of mesenchymal cell proliferation","7/453","46/25730",0.152173913043478,8.64334389096842,6.94590398068506,1.4806080212561e-05,0.000531387709323695,0.000356085568716008,"Irs1/Bmp4/Pdgfa/Irs2/Shh/Myc/Foxp2",7
"GO:0030900","forebrain development","23/453","477/25730",0.0482180293501048,2.7387414904596,5.13139572400511,1.51185970905113e-05,0.000532411099475732,0.000356771347588783,"Plcb1/Bmp4/Ptger3/Plxna4/Shh/Dab1/Dlc1/Nr4a2/Cxcl12/Reln/Gdf7/Erbb4/Wnt3a/Lef1/Robo2/Atp1a2/Foxp2/Slit2/Nr4a3/Aplp1/Kirrel3/Slc7a11/Wnt2b",23
"GO:0048660","regulation of smooth muscle cell proliferation","14/453","202/25730",0.0693069306930693,3.93657246519354,5.60926298155305,1.5179683580179e-05,0.000532411099475732,0.000356771347588783,"Tgm2/Bmp4/Igf1r/Ogn/Npr3/Myc/Igf1/Il6/Ereg/Calcrl/Nr4a3/Ppargc1a/Il10/Tafa5",14
"GO:0060070","canonical Wnt signaling pathway","18/453","317/25730",0.056782334384858,3.22518645413333,5.33661485339443,1.52117456993066e-05,0.000532411099475732,0.000356771347588783,"Lats2/Gpc3/Lrp4/Kank1/Tcf7l1/Bicc1/Axin2/Nkd1/Shh/Dact1/Dab2/Wnt6/Sfrp2/Wnt3a/Wnk2/Lef1/Peg12/Wnt2b",18
"GO:0043113","receptor clustering","9/453","83/25730",0.108433734939759,6.15894039735099,6.30200960764753,1.5590793663637e-05,0.000540305857038914,0.000362061664220944,"Lrp4/Reln/Akap5/Grik5/Nrxn1/Lrrc7/Magi2/Glrb/Slc7a11",9
"GO:0021534","cell proliferation in hindbrain","5/453","19/25730",0.263157894736842,14.9471360520507,8.14141970446129,1.56924723531963e-05,0.000540305857038914,0.000362061664220944,"Slc6a4/Rora/Shh/Igf1/Zfp423",5
"GO:0042476","odontogenesis","12/453","151/25730",0.0794701986754967,4.51383711240735,5.79730445163228,1.58224562408263e-05,0.000540387920805639,0.000362116655562543,"Bmp4/Apcdd1/Lrp4/Axin2/Shh/Id3/Wnt6/Slc24a4/Ppara/Lef1/Pdgfra/Acvr2b",12
"GO:0070527","platelet aggregation","8/453","64/25730",0.125,7.09988962472406,6.5407968251287,1.62047288976295e-05,0.000547788161998512,0.000367075594295157,"Pdpn/Ubash3b/Slc6a4/Wnt3a/Il6/Pdgfra/Mfsd2b/Slc7a11",8
"GO:0006468","protein phosphorylation","20/453","381/25730",0.05249343832021,2.98158094476601,5.21664976114026,1.62978296131789e-05,0.000547788161998512,0.000367075594295157,"Lats2/Igf1r/Cnksr3/Heg1/Pim3/Brsk2/Sfrp2/Reln/Errfi1/Epha7/Erbb4/Fgf1/Brsk1/Wnk2/Mapk10/Pdgfra/Ereg/Ephb1/Obscn/Il34",20
"GO:0150063","visual system development","23/453","480/25730",0.0479166666666667,2.72162435614422,5.09713476025114,1.66953299988442e-05,0.000556730098780356,0.00037306763097293,"Bmp4/Spry1/Rorb/Sdk1/Sdk2/Lamc3/Dio3/Aldh1a1/Mertk/Frem2/Lama1/Twist2/Shh/Prdm1/Slc25a25/Ptprm/Pdgfra/Meis3/Foxp2/Acvr2b/Dzank1/Ntrk3/Ephb1",23
"GO:0042475","odontogenesis of dentin-containing tooth","10/453","105/25730",0.0952380952380952,5.40943971407548,6.06099480924387,1.68344368177739e-05,0.000556983124400565,0.000373237184709855,"Bmp4/Apcdd1/Lrp4/Shh/Wnt6/Slc24a4/Ppara/Lef1/Pdgfra/Acvr2b",10
"GO:0031589","cell-substrate adhesion","20/453","383/25730",0.0522193211488251,2.96601133147741,5.18943302709804,1.75710612077954e-05,0.000576848404767548,0.000386549008700257,"Pdpn/Kank1/Vwa2/Spry4/Fbln2/Itga1/Itga9/Egfl6/Mertk/Dlc1/Arhgap6/Cdh11/Dab2/Sned1/St6gal1/Pkhd1/Vit/Ephb1/Svep1/Tnn",20
"GO:0003156","regulation of animal organ formation","6/453","32/25730",0.1875,10.6498344370861,7.31211443016939,1.77073487420689e-05,0.000576850937866629,0.000386550706142654,"Bmp4/Spry1/Shh/Fgf1/Robo2/Wnt2b",6
"GO:0071887","leukocyte apoptotic process","12/453","153/25730",0.0784313725490196,4.45483270570922,5.7378042282988,1.80613800736114e-05,0.000583892706959882,0.000391269430923716,"Bmp4/Irs2/Mertk/Cxcl12/Myc/Rorc/St6gal1/Il6/Nr4a3/Ebf4/Slc7a11/Il10",12
"GO:0090031","positive regulation of steroid hormone biosynthetic process","4/453","10/25730",0.4,22.719646799117,9.196341003837,1.83062469313098e-05,0.000586506086361761,0.000393020669565975,"Igf1r/Dab2/Igf1/Igf2",4
"GO:0050767","regulation of neurogenesis","23/453","483/25730",0.0476190476190476,2.70471985703774,5.06313474713855,1.84191994064024e-05,0.000586506086361761,0.000393020669565975,"Tgm2/Jade2/Bmp4/Lrp4/Shh/Dab1/Cxcl12/Reln/Myc/Dpysl5/Akap5/Epha7/Wnt3a/Igf1/Lef1/Il6/Robo2/Slit2/Plag1/Ntf3/Ntrk3/Opcml/Il34",23
"GO:0045598","regulation of fat cell differentiation","12/453","154/25730",0.0779220779220779,4.42590522060721,5.70843661174236,1.92809697811395e-05,0.000609364977784521,0.000408338527336623,"Axin2/Cbx4/Dlk2/Zfp36l2/Rora/Ptprq/Dact1/Sfrp2/Rorc/Zbtb16/Wnt3a/Igf1",12
"GO:0048608","reproductive structure development","20/453","386/25730",0.0518134715025907,2.94295942993743,5.14893720158536,1.96487722702985e-05,0.000616389263442328,0.000413045536379921,"Bmp4/Igf1r/Ago4/Nkx3-1/Mertk/Shh/Npr2/Slit3/Ccno/Sfrp2/Pgr/Errfi1/Tiparp/Gdf7/Igf1/Pdgfra/Ereg/Plag1/Nup210l/Wnt2b",20
"GO:0010717","regulation of epithelial to mesenchymal transition","10/453","107/25730",0.0934579439252336,5.30832869138248,5.97838004919593,1.98740605163821e-05,0.000618872399168222,0.000414709498081781,"Bmp4/Pdpn/Spry1/Tgfbr3/Axin2/Dab2/Olfm1/Sfrp2/Lef1/Il6",10
"GO:0048880","sensory system development","23/453","487/25730",0.0472279260780287,2.68250449886905,5.01820063891996,2.0967488078594e-05,0.000648155562137559,0.00043433229243096,"Bmp4/Spry1/Rorb/Sdk1/Sdk2/Lamc3/Dio3/Aldh1a1/Mertk/Frem2/Lama1/Twist2/Shh/Prdm1/Slc25a25/Ptprm/Pdgfra/Meis3/Foxp2/Acvr2b/Dzank1/Ntrk3/Ephb1",23
"GO:0043269","regulation of monoatomic ion transport","23/453","488/25730",0.0471311475409836,2.67700756342055,5.00703746930648,2.16523437017506e-05,0.000664475909977636,0.000445268639358654,"Bmp4/Cacna2d1/Trpc4/Ubash3b/Slc6a4/Ptger3/Cnksr3/Akap7/Cxcl12/Fhl1/Ehd3/Rapgef3/Reln/Mylk/Akap5/Igf1/Wnk2/Atp1a2/Kcnip3/Homer2/Gnao1/Fgf12/Atp2b2",23
"GO:1902414","protein localization to cell junction","12/453","156/25730",0.0769230769230769,4.36916284598404,5.65044642920515,2.19371273340888e-05,0.0006683721889199,0.000447879555416156,"Heg1/Shank1/Adam22/Olfm1/Reln/Mylk/Erbb4/Nrxn1/Mapk10/Lrrc7/Magi2/Kif5c",12
"GO:0061458","reproductive system development","20/453","391/25730",0.051150895140665,2.90532567763644,5.08230417096171,2.3605506228296e-05,0.000711342324998257,0.00047667405908042,"Bmp4/Igf1r/Ago4/Nkx3-1/Mertk/Shh/Npr2/Slit3/Ccno/Sfrp2/Pgr/Errfi1/Tiparp/Gdf7/Igf1/Pdgfra/Ereg/Plag1/Nup210l/Wnt2b",20
"GO:1903706","regulation of hemopoiesis","22/453","457/25730",0.0481400437636762,2.73431197801189,5.00788924236607,2.36834162514178e-05,0.000711342324998257,0.00047667405908042,"Rassf2/Mturn/Smarca2/Cyp26b1/Bmp4/Ubash3b/Zfp36l2/Scin/Twist2/Shh/Lmo2/Myc/Rorc/Prdm1/Zbtb16/Lef1/Il6/Vnn1/L3mbtl1/Crtam/Il10/Il34",22
"GO:0099173","postsynapse organization","18/453","328/25730",0.0548780487804878,3.11702471329349,5.165670303851,2.3959428517674e-05,0.000714564646284151,0.000478833352732759,"Il1rap/Lrp4/Igf1r/Grid2/Shank1/Dact1/Reln/Epha7/Erbb4/Nrxn1/Adgrl3/Magi2/Sh3gl2/Pcdh7/Glrb/Ntrk3/Ephb1/Slc7a11",18
"GO:0003018","vascular process in circulatory system","16/453","268/25730",0.0597014925373134,3.3909920595697,5.26740927609648,2.45068979018344e-05,0.000722159606598645,0.000483922773725209,"Tgfbr3/Slc6a4/Ptger3/Kcnma1/Itga1/Itga9/Adm/Npr3/Ptprm/Atp1a2/Slit2/Flvcr2/Sh3gl2/Gucy1a1/Pde3a/Svep1",16
"GO:0051216","cartilage development","15/453","239/25730",0.0627615062761506,3.56479813793677,5.33281470623324,2.45551318418429e-05,0.000722159606598645,0.000483922773725209,"Bmp4/Sox6/Ogn/Axin2/Scin/Csgalnact1/Bmp3/Npr2/Sfrp2/Errfi1/Pthlh/Zbtb16/Col27a1/Smad9/Wnt2b",15
"GO:0007613","memory","13/453","184/25730",0.0706521739130435,4.01298109223534,5.49087622715203,2.48786826742462e-05,0.000726629111209882,0.000486917811177988,"Plcb1/Kcnk2/Ccnd2/Camk2n1/Camk4/Slc6a4/Shank1/Reln/Igf1/Chst10/Igf2/Adcy1/Gm527",13
"GO:0042220","response to cocaine","8/453","68/25730",0.117647058823529,6.68224905856382,6.28097784714474,2.54524070357696e-05,0.000738294135592359,0.000494734602512148,"Tgm2/Sdk1/Slc6a4/Slc1a3/Pgr/Abat/Adgrl3/Homer2",8
"GO:0007612","learning","14/453","212/25730",0.0660377358490566,3.75088508475988,5.38412151243074,2.60400791126281e-05,0.000748614773807122,0.00050165051393376,"Plcb1/Slc6a4/Shank1/Apbb1/Rapgef3/Dgki/Reln/Brsk1/Chst10/Nrxn1/Atp1a2/Foxp2/Epm2a/Slc7a11",14
"GO:0014706","striated muscle tissue development","23/453","494/25730",0.0465587044534413,2.64449330151665,4.94063890824245,2.62025035113088e-05,0.000748614773807122,0.00050165051393376,"Kcnk2/Pmp22/Cyp26b1/Bmp4/Tgfbr3/Ccnd2/Sox6/Fhod3/Heg1/Shh/Maff/Myc/Ppara/Erbb4/Wnt3a/Igf1/Fgf1/Igf2/Lef1/Pdgfra/Foxp2/Ephb1/Dner",23
"GO:0045834","positive regulation of lipid metabolic process","13/453","185/25730",0.0702702702702703,3.99128930254758,5.46624532364717,2.63385127030133e-05,0.000748614773807122,0.00050165051393376,"Irs1/Igf1r/Irs2/Gpr146/Adgrf5/Dab2/Ppara/Erbb4/Igf1/Fgf1/Igf2/Angptl4/Ppargc1a",13
"GO:0003002","regionalization","22/453","461/25730",0.0477223427331887,2.71058692831114,4.96134438725009,2.7018901804599e-05,0.000762833660949844,0.000511178661510167,"Cyp26b1/Bmp4/Spry1/Gpc3/Lrp4/Nbl1/Tcf7l1/Bicc1/Axin2/Nkx3-1/Shh/Sfrp2/Reln/Zbtb16/Wnt3a/Fgf1/Lef1/Robo2/Acvr2b/Wnt2b/Tbx6/Hhip",22
"GO:0097120","receptor localization to synapse","10/453","111/25730",0.0900900900900901,5.11703756736869,5.81919650274629,2.73882001985305e-05,0.000768139257223686,0.000514733968178726,"Cep112/Adam22/Olfm1/Reln/Mylk/Erbb4/Mapk10/Lrrc7/Magi2/Kif5c",10
"GO:0051302","regulation of cell division","13/453","187/25730",0.0695187165775401,3.94860171642408,5.4174979525526,2.94844720573822e-05,0.000821491705019825,0.000550485710988243,"Lbh/Pdgfa/Igf1r/Nkx3-1/Cdc14b/Shh/Pgf/Sfrp2/Myc/Klhl21/Fgf1/Igf2/Ereg",13
"GO:0099054","presynapse assembly","7/453","51/25730",0.137254901960784,7.79595723499113,6.50345982869052,2.9690154218185e-05,0.00082181570662754,0.000550702826090312,"Mdga2/Il1rap/Lrp4/Grid2/Wnt3a/Nrxn1/Ntrk3",7
"GO:1905606","regulation of presynapse assembly","6/453","35/25730",0.171428571428571,9.73699148533586,6.92419697500257,3.03318674335988e-05,0.000834126354423966,0.000558952252911704,"Mdga2/Il1rap/Grid2/Wnt3a/Nrxn1/Ntrk3",6
"GO:0048638","regulation of developmental growth","20/453","399/25730",0.050125313283208,2.84707353372393,4.97785516302873,3.14354480539493e-05,0.000858897564570807,0.000575551565048877,"Plcb1/Kcnk2/Lats2/Tgfbr3/Ccnd2/Igf1r/Slc6a4/Dio3/Plxna4/Cxcl12/Olfm1/Syt1/Ppara/Epha7/Erbb4/Wnt3a/Igf1/Igf2/Slit2/Ntrk3",20
"GO:0048846","axon extension involved in axon guidance","5/453","22/25730",0.227272727272727,12.908890226771,7.48076956543334,3.40228563352553e-05,0.000916629516542092,0.000614238035567633,"Plxna4/Slit3/Cxcl12/Wnt3a/Slit2",5
"GO:1902284","neuron projection extension involved in neuron projection guidance","5/453","22/25730",0.227272727272727,12.908890226771,7.48076956543334,3.40228563352553e-05,0.000916629516542092,0.000614238035567633,"Plxna4/Slit3/Cxcl12/Wnt3a/Slit2",5
"GO:0030111","regulation of Wnt signaling pathway","18/453","337/25730",0.0534124629080119,3.03378072985242,5.03106423661824,3.41977481968478e-05,0.000916629516542092,0.000614238035567633,"Lats2/Gpc3/Apcdd1/Lrp4/Kank1/Bicc1/Axin2/Nkd1/Shh/Dact1/Dab2/Sfrp2/Klf15/Wnt3a/Wnk2/Lef1/Peg12/Cxxc4",18
"GO:0008344","adult locomotory behavior","10/453","114/25730",0.087719298245614,4.98237868401688,5.70475651922596,3.45123029674745e-05,0.000919242786586507,0.000615989200928907,"Pmp22/Ccnd2/Kcnma1/Dab1/Nr4a2/Adam22/Cxcl12/Atp1a2/Glrb/Fgf12",10
"GO:0048839","inner ear development","15/453","247/25730",0.0607287449392713,3.44933908893477,5.17809367976396,3.59493908780989e-05,0.00095153543980468,0.000637628669785228,"Kcnk2/Bmp4/Kcnma1/Cecr2/Frem2/Ptprq/Shh/Stox1/Cys1/Wnt3a/Igf1/Cxcl14/Nr4a3/Ntrk3/Atp2b2",15
"GO:0007188","adenylate cyclase-modulating G protein-coupled receptor signaling pathway","16/453","277/25730",0.0577617328519856,3.28081542225516,5.10926380372751,3.65534138870224e-05,0.000961362588375044,0.000644213891321474,"Ptger3/Adm/Gpr146/Adgrf5/Cxcl12/Npr3/Akap5/Pthlh/Adgrl3/Glp2r/Calcrl/Adcy1/Aplp1/Adgrf3/Gnao1/Pde3a",16
"GO:1904018","positive regulation of vasculature development","13/453","191/25730",0.0680628272251309,3.86590848676075,5.3219997323332,3.67746728020678e-05,0.000961362588375044,0.000644213891321474,"Tgm2/Adm/Hgf/Shh/Ccbe1/Pgf/Cxcl12/Sfrp2/Rapgef3/Fgf1/Igf2/Il10/Tnn",13
"GO:0090092","regulation of transmembrane receptor protein serine/threonine kinase signaling pathway","16/453","278/25730",0.0575539568345324,3.2690139279305,5.09209377195503,3.81710983678215e-05,0.000985276468819257,0.000660238702525748,"Bmp4/Spry1/Lats2/Gpc3/Tgfbr3/Nbl1/Dab2/Sfrp2/Atoh8/Ppara/Gdf7/Peg10/Rasl11b/Magi2/Acvr2b/Zfp423",16
"GO:0048009","insulin-like growth factor receptor signaling pathway","7/453","53/25730",0.132075471698113,7.50177016951976,6.34300710869035,3.83510360158921e-05,0.000985276468819257,0.000660238702525748,"Irs1/Plcb1/Igf1r/Irs2/Nkx3-1/Igf1/Igf2",7
"GO:0070588","calcium ion transmembrane transport","18/453","340/25730",0.0529411764705882,3.00701207635372,4.9871896545843,3.8387394889062e-05,0.000985276468819257,0.000660238702525748,"Plcb1/Bmp4/Plcl2/Cacna2d1/Trpc4/Ubash3b/Ptger3/Rapgef3/Slc24a4/Akap5/Slc25a25/Letm2/Wnt3a/Atp1a2/Gp1ba/Atp2a3/Nalcn/Atp2b2",18
"GO:0090287","regulation of cellular response to growth factor stimulus","18/453","341/25730",0.0527859237536657,2.99819385912101,4.97267186301094,3.98819755646058e-05,0.00101678570790887,0.00068135320164601,"Bmp4/Spry1/Lats2/Gpc3/Tgfbr3/Nbl1/Spry4/Ccbe1/Sfrp2/Ppara/Cd59a/Peg10/Fgf1/Nrxn1/Rasl11b/Slit2/Zfp423/Hhip",18
"GO:0072080","nephron tubule development","10/453","116/25730",0.0862068965517241,4.89647560325797,5.63066959186053,4.00952097333603e-05,0.00101678570790887,0.00068135320164601,"Bmp4/Gpc3/Hs3st3a1/Hs3st3b1/Shh/Pgf/Wnt6/Myc/Fgf1/Wnt2b",10
"GO:0051963","regulation of synapse assembly","14/453","221/25730",0.0633484162895928,3.59813410845744,5.19288583281681,4.11385701205487e-05,0.0010370347884555,0.0006949222120614,"Mdga2/Il1rap/Nrg2/Lrp4/Grid2/Epha7/Wnt3a/Nrxn1/Adgrl3/Slit2/Pcdh7/Ntrk3/Ephb1/Opcml",14
"GO:0098917","retrograde trans-synaptic signaling","4/453","12/25730",0.333333333333333,18.9330389992642,8.31809182381546,4.19582207617052e-05,0.0010505208920784,0.000703959317726554,"Tenm2/Plcb1/Dagla/Gucy1a1",4
"GO:0002053","positive regulation of mesenchymal cell proliferation","6/453","37/25730",0.162162162162162,9.21066762126365,6.69067162638341,4.21696698118837e-05,0.0010505208920784,0.000703959317726554,"Irs1/Pdgfa/Irs2/Shh/Myc/Foxp2",6
"GO:0031290","retinal ganglion cell axon guidance","5/453","23/25730",0.217391304347826,12.3476341299549,7.28855330485691,4.2847009573431e-05,0.00105498305548535,0.00070694943580153,"Epha7/Ptprm/Robo2/Slit2/Ephb1",5
"GO:0046068","cGMP metabolic process","5/453","23/25730",0.217391304347826,12.3476341299549,7.28855330485691,4.2847009573431e-05,0.00105498305548535,0.00070694943580153,"Rora/Npr2/Npr3/Gucy1a1/Atp2b2",5
"GO:0045940","positive regulation of steroid metabolic process","7/453","54/25730",0.12962962962963,7.36284849971384,6.26588715788236,4.34013589493268e-05,0.00105655914148325,0.00070800557893217,"Igf1r/Gpr146/Dab2/Igf1/Fgf1/Igf2/Ppargc1a",7
"GO:0043583","ear development","16/453","281/25730",0.0569395017793594,3.23411342336185,5.04104770511085,4.34099859782966e-05,0.00105655914148325,0.00070800557893217,"Kcnk2/Bmp4/Kcnma1/Cecr2/Frem2/Ptprq/Shh/Stox1/Myc/Cys1/Wnt3a/Igf1/Cxcl14/Nr4a3/Ntrk3/Atp2b2",16
"GO:0055123","digestive system development","12/453","168/25730",0.0714285714285714,4.05707978555661,5.32183970342114,4.56028960241367e-05,0.00110359008378411,0.000739521249209459,"Pdgfa/Hmgcs2/Igf1r/Shh/Npr2/Dact1/Sfrp2/Prdm1/Igf1/Igf2/Pdgfra/Acvr2b",12
"GO:0090596","sensory organ morphogenesis","18/453","345/25730",0.0521739130434783,2.96343219118917,4.91512606285773,4.63904299993695e-05,0.00111626972185983,0.000748017938267345,"Cyp26b1/Bmp4/Rorb/Sdk1/Sdk2/Dio3/Aldh1a1/Ptprq/Shh/Stox1/Myc/Prdm1/Ptprm/Wnt3a/Nr4a3/Dzank1/Ephb1/Atp2b2",18
"GO:0060348","bone development","15/453","253/25730",0.0592885375494071,3.36753658089679,5.06617987461536,4.73248082009528e-05,0.00113231956345218,0.000758773017601955,"Tgm2/Cyp26b1/Bmp4/Pdgfa/Ogn/Axin2/Csgalnact1/Npr2/Pthlh/Zbtb16/Igf1/Col27a1/Smad9/Papss2/Tnn",15
"GO:0015850","organic hydroxy compound transport","17/453","315/25730",0.053968253968254,3.06534917130944,4.93743617756081,4.94151054799714e-05,0.00117569085229033,0.000787836335742182,"Tgm2/Slc6a4/Ptger3/Slc5a3/Lipg/Shh/Abca5/Osbpl6/Dab2/Cxcl12/Syt1/Myc/Abat/Abca8a/Syt7/Flvcr2/Slc2a13",17
"GO:0010959","regulation of metal ion transport","20/453","413/25730",0.0484261501210654,2.75056256647906,4.80113958688247,5.08662043541581e-05,0.00120345461139586,0.000806440969943019,"Bmp4/Cacna2d1/Trpc4/Ubash3b/Ptger3/Cnksr3/Akap7/Cxcl12/Fhl1/Rapgef3/Mylk/Akap5/Igf1/Wnk2/Atp1a2/Kcnip3/Homer2/Gnao1/Fgf12/Atp2b2",20
"GO:0051147","regulation of muscle cell differentiation","12/453","170/25730",0.0705882352941176,4.00934943513829,5.27004648101124,5.11780094243445e-05,0.00120410483284499,0.000806876686596683,"Cyp26b1/Bmp4/Ccnd2/Sox6/Lama2/Lama1/Shh/Ppara/Wnt3a/Igf1/Igf2/Ereg",12
"GO:0070661","leukocyte proliferation","19/453","381/25730",0.0498687664041995,2.83250189752771,4.8241887929316,5.28530642028431e-05,0.0012366448999947,0.000828681948769207,"Bmp4/Plcl2/Irs2/Shh/Slc7a1/Cxcl12/Npr3/Myc/Prdm1/St6gal1/Cd59a/Wnt3a/Igf1/Igf2/Lef1/Il6/Crtam/Il10/Il34",19
"GO:2000106","regulation of leukocyte apoptotic process","10/453","120/25730",0.0833333333333333,4.73325974981604,5.48746586910371,5.36029708584434e-05,0.00124729989882147,0.000835821916913611,"Bmp4/Irs2/Mertk/Cxcl12/Myc/Rorc/St6gal1/Nr4a3/Slc7a11/Il10",10
"GO:0030178","negative regulation of Wnt signaling pathway","12/453","171/25730",0.0701754385964912,3.98590294721351,5.24444583000499,5.41800568402281e-05,0.00124946659806314,0.000837273832940587,"Lats2/Gpc3/Apcdd1/Lrp4/Bicc1/Axin2/Nkd1/Shh/Dact1/Dab2/Sfrp2/Cxxc4",12
"GO:0019220","regulation of phosphate metabolic process","20/453","415/25730",0.0481927710843374,2.73730684326711,4.77649583196197,5.43776056602976e-05,0.00124946659806314,0.000837273832940587,"Irs1/Pdk4/Lats2/Pdgfa/Cnksr3/Heg1/Adgrf5/Sfrp2/Reln/Myc/Errfi1/Ppara/Epha7/Erbb4/Igf1/Fgf1/Ereg/Epm2a/Ppargc1a/Il34",20
"GO:0010827","regulation of D-glucose transmembrane transport","9/453","97/25730",0.0927835051546392,5.27002116474363,5.64045276032213,5.45811855116128e-05,0.00124946659806314,0.000837273832940587,"Irs1/Gpc3/Irs2/Klf15/Myc/Ptprm/Erbb4/Igf1/Nr4a3",9
"GO:0030010","establishment of cell polarity","12/453","172/25730",0.0697674418604651,3.96272909286924,5.21903876857335,5.73331359942588e-05,0.00129592816665384,0.000868407963039523,"Amotl2/Cyp26b1/Spry1/Kank1/Igf1r/Lama1/Shh/Brsk2/Brsk1/Pkhd1/Ephb1/Crtam",12
"GO:1905330","regulation of morphogenesis of an epithelium","8/453","76/25730",0.105263157894737,5.97885442082026,5.81910869062178,5.74355665698082e-05,0.00129592816665384,0.000868407963039523,"Bmp4/Pdgfa/Hgf/Shh/Stox1/Fgf1/Pdgfra/Wnt2b",8
"GO:0043279","response to alkaloid","10/453","121/25730",0.0826446280991736,4.69414190064401,5.45265147384324,5.75288064535826e-05,0.00129592816665384,0.000868407963039523,"Irs1/Tgm2/Sdk1/Slc6a4/Slc1a3/Myc/Pgr/Abat/Adgrl3/Homer2",10
"GO:0099565","chemical synaptic transmission, postsynaptic","11/453","146/25730",0.0753424657534247,4.27938552723094,5.31964278898026,5.803033293147e-05,0.00130030931198294,0.000871343790494253,"Kcnk2/Grid2/Shank1/Syt1/Dgki/Reln/Abat/Erbb4/Grik5/Nrxn1/Glrb",11
"GO:0021936","regulation of cerebellar granule cell precursor proliferation","4/453","13/25730",0.307692307692308,17.4766513839362,7.95478171715046,5.97639217949643e-05,0.00132453796098101,0.000887579529684909,"Slc6a4/Shh/Igf1/Zfp423",4
"GO:2000095","regulation of Wnt signaling pathway, planar cell polarity pathway","4/453","13/25730",0.307692307692308,17.4766513839362,7.95478171715046,5.97639217949643e-05,0.00132453796098101,0.000887579529684909,"Gpc3/Nkd1/Dact1/Dab2",4
"GO:0051174","regulation of phosphorus metabolic process","20/453","418/25730",0.0478468899521531,2.71766110037285,4.73980178965564,6.00498910291274e-05,0.00132453796098101,0.000887579529684909,"Irs1/Pdk4/Lats2/Pdgfa/Cnksr3/Heg1/Adgrf5/Sfrp2/Reln/Myc/Errfi1/Ppara/Epha7/Erbb4/Igf1/Fgf1/Ereg/Epm2a/Ppargc1a/Il34",20
"GO:0007517","muscle organ development","19/453","385/25730",0.0493506493506494,2.80307330638456,4.77194457889567,6.07371527193157e-05,0.00133275565682022,0.000893086248875239,"Pmp22/Etv1/Cyp26b1/Bmp4/Tgfbr3/Heg1/Shh/Maff/Id3/Fhl1/Myc/Mylk/Wnt3a/Igf2/Lef1/Il6/Foxp2/Ephb1/Dner",19
"GO:0061326","renal tubule development","10/453","122/25730",0.0819672131147541,4.65566532768791,5.41821587898612,6.16967423247118e-05,0.00134683352445956,0.000902519898575273,"Bmp4/Gpc3/Hs3st3a1/Hs3st3b1/Shh/Pgf/Wnt6/Myc/Fgf1/Wnt2b",10
"GO:0014013","regulation of gliogenesis","11/453","148/25730",0.0743243243243243,4.22155599307917,5.26171213940045,6.56692134004752e-05,0.00141710116646484,0.000949606597847312,"Bmp4/Shh/Dab1/Myc/Igf1/Il6/Plag1/Ntf3/Ntrk3/Opcml/Il34",11
"GO:0036303","lymph vessel morphogenesis","5/453","25/25730",0.2,11.3598233995585,6.93763333097456,6.57180815561441e-05,0.00141710116646484,0.000949606597847312,"Ptpn14/Pdpn/Ccbe1/Acvr2b/Svep1",5
"GO:0048661","positive regulation of smooth muscle cell proliferation","10/453","123/25730",0.0813008130081301,4.61781439006443,5.38415156800946,6.61187927334719e-05,0.00141710116646484,0.000949606597847312,"Tgm2/Bmp4/Igf1r/Myc/Igf1/Il6/Ereg/Calcrl/Nr4a3/Ppargc1a",10
"GO:0099174","regulation of presynapse organization","6/453","40/25730",0.15,8.51986754966887,6.37170888242313,6.65886970782768e-05,0.00141710116646484,0.000949606597847312,"Mdga2/Il1rap/Grid2/Wnt3a/Nrxn1/Ntrk3",6
"GO:0110110","positive regulation of animal organ morphogenesis","6/453","40/25730",0.15,8.51986754966887,6.37170888242313,6.65886970782768e-05,0.00141710116646484,0.000949606597847312,"Bmp4/Spry1/Stox1/Fgf1/Robo2/Wnt2b",6
"GO:0021537","telencephalon development","17/453","323/25730",0.0526315789473684,2.98942721041013,4.81670902236558,6.73367885084233e-05,0.00142585649666586,0.000955473588519522,"Plcb1/Bmp4/Plxna4/Shh/Dab1/Cxcl12/Reln/Erbb4/Wnt3a/Lef1/Robo2/Atp1a2/Foxp2/Slit2/Nr4a3/Kirrel3/Slc7a11",17
"GO:0043010","camera-type eye development","20/453","422/25730",0.0473933649289099,2.69190127951623,4.69137470318055,6.842957091348e-05,0.00144178722795317,0.000966148851441435,"Bmp4/Spry1/Rorb/Sdk1/Sdk2/Lamc3/Dio3/Aldh1a1/Mertk/Lama1/Twist2/Shh/Prdm1/Slc25a25/Ptprm/Pdgfra/Foxp2/Acvr2b/Ntrk3/Ephb1",20
"GO:0042692","muscle cell differentiation","22/453","491/25730",0.044806517311609,2.54497061904569,4.62724707219871,6.88313912692228e-05,0.00144307397042158,0.000967011104022015,"Pmp22/Smarca2/Cyp26b1/Bmp4/Ccnd2/Sox6/Rora/Fhod3/Adm/Lama2/Lama1/Shh/Cxcl12/Myc/Ppara/Wnt3a/Igf1/Igf2/Pdgfra/Ereg/Ntf3/Dner",22
"GO:0032835","glomerulus development","8/453","78/25730",0.102564102564103,5.82555046131205,5.71388292247075,6.92666868171515e-05,0.0014450463973923,0.000968332837226034,"Col4a3/Col4a4/Bmp4/Enpep/Klf15/Pdgfra/Magi2/Kirrel3",8
"GO:0007173","epidermal growth factor receptor signaling pathway","10/453","124/25730",0.0806451612903226,4.58057395143488,5.3504512345521,7.08074115280115e-05,0.00146994797951534,0.00098501951227822,"Rassf2/Nrg2/Itga1/Npr2/Afap1l2/Errfi1/Erbb4/Neu3/Ereg/Sh3gl2",10
"GO:0009410","response to xenobiotic stimulus","22/453","493/25730",0.0446247464503043,2.53464619462766,4.60585915041279,7.30277529678411e-05,0.00150864650643321,0.00101095158922362,"Gstm1/Cyp26b1/Hmgcs2/Slc6a4/Rora/Cyp2d22/Nkx3-1/Slc1a3/Aldh1a1/Cyp2s1/Sfrp2/Myc/Rorc/Mylk/Errfi1/Akap5/Gsta3/Abat/Ptprm/Igf2/Pde3a/Il10",22
"GO:0045471","response to ethanol","12/453","177/25730",0.0677966101694915,3.85078759307068,5.09481402898252,7.55906624930807e-05,0.00155401192067086,0.00104135118079379,"Irs1/Hmgcs2/Igf1r/Aldh1a1/Adh1/Adh7/Shh/Ppara/Abat/Penk/Igf1/Ntrk3",12
"GO:0010092","specification of animal organ identity","6/453","41/25730",0.146341463414634,8.31206590211597,6.27272453753772,7.68538132160266e-05,0.00156328579486999,0.00104756565039943,"Bmp4/Spry1/Axin2/Fgf1/Robo2/Wnt2b",6
"GO:0071398","cellular response to fatty acid","6/453","41/25730",0.146341463414634,8.31206590211597,6.27272453753772,7.68538132160266e-05,0.00156328579486999,0.00104756565039943,"Irs1/Plcb1/Pdk4/Kcnk2/Hmgcs2/Id3",6
"GO:0010718","positive regulation of epithelial to mesenchymal transition","7/453","59/25730",0.11864406779661,6.73887828787369,5.90784941296884,7.75183038778509e-05,0.00156328579486999,0.00104756565039943,"Bmp4/Pdpn/Axin2/Dab2/Olfm1/Lef1/Il6",7
"GO:0097106","postsynaptic density organization","7/453","59/25730",0.11864406779661,6.73887828787369,5.90784941296884,7.75183038778509e-05,0.00156328579486999,0.00104756565039943,"Il1rap/Grid2/Shank1/Reln/Nrxn1/Adgrl3/Ntrk3",7
"GO:0001759","organ induction","5/453","26/25730",0.192307692307692,10.9229071149601,6.77677449252472,8.01938825330884e-05,0.00160198628550769,0.00107349904324333,"Bmp4/Spry1/Fgf1/Robo2/Wnt2b",5
"GO:0032352","positive regulation of hormone metabolic process","5/453","26/25730",0.192307692307692,10.9229071149601,6.77677449252472,8.01938825330884e-05,0.00160198628550769,0.00107349904324333,"Igf1r/Dab2/Igf1/Igf2/Ppargc1a",5
"GO:0030336","negative regulation of cell migration","17/453","328/25730",0.0518292682926829,2.94385667366607,4.74312965316214,8.12500326605534e-05,0.00161546426440114,0.00108253070448654,"Plcb1/Tgfbr3/Nbl1/Kank1/Dpysl3/Shh/Dlc1/Cdh11/Cxcl12/Sfrp2/Ptprm/Erbb4/Slit2/Magi2/Ppargc1a/Tnn/Tafa5",17
"GO:0030177","positive regulation of Wnt signaling pathway","11/453","152/25730",0.0723684210526316,4.11046241431393,5.14886198312061,8.3560882111602e-05,0.0016536464287039,0.0011081167642542,"Gpc3/Kank1/Nkd1/Shh/Dact1/Dab2/Sfrp2/Wnt3a/Wnk2/Lef1/Peg12",11
"GO:0001964","startle response","6/453","42/25730",0.142857142857143,8.11415957111321,6.1770467950274,8.83412143556331e-05,0.00174011647812142,0.00116606077798182,"Grid2/Npas3/Npr2/Penk/Nrxn1/Glrb",6
"GO:0031960","response to corticosteroid","12/453","180/25730",0.0666666666666667,3.78660779985283,5.02243631982126,8.87908044275647e-05,0.00174087526273489,0.00116656924335631,"Bmp4/Hmgcs2/Scnn1g/Axin2/Zfp36l2/Slit3/Errfi1/Fbxo32/Il6/Pappa/Ntrk3/Il10",12
"GO:0046890","regulation of lipid biosynthetic process","14/453","238/25730",0.0588235294117647,3.34112452928191,4.85745548422105,9.13980706622459e-05,0.00178373654034383,0.00119529080041433,"Pdk4/Pdgfa/Igf1r/Gpr146/Adgrf5/Dab2/Ppara/Erbb4/Igf1/Fgf1/Igf2/Angptl4/Avil/Ppargc1a",14
"GO:0008643","carbohydrate transport","11/453","154/25730",0.0714285714285714,4.05707978555661,5.09387885803676,9.39696962311993e-05,0.0018255122180694,0.00122328489154666,"Irs1/Gpc3/Irs2/Slc5a3/Klf15/Myc/Ptprm/Erbb4/Igf1/Mfsd2b/Nr4a3",11
"GO:0019216","regulation of lipid metabolic process","19/453","399/25730",0.0476190476190476,2.70471985703774,4.59421262171645,9.71856873564392e-05,0.00187936705915306,0.00125937329061745,"Irs1/Pdk4/Pdgfa/Igf1r/Irs2/Kcnma1/Rora/Gpr146/Adgrf5/Dab2/Rorc/Ppara/Erbb4/Igf1/Fgf1/Igf2/Angptl4/Avil/Ppargc1a",19
"GO:0010906","regulation of glucose metabolic process","10/453","130/25730",0.0769230769230769,4.36916284598404,5.15550825465505,0.000105292193014037,0.00201770333671695,0.00135207312391447,"Irs1/Pdk4/Irs2/Rora/Rorc/Ppara/Igf1/Igf2/Il6/Ppargc1a",10
"GO:0019218","regulation of steroid metabolic process","10/453","130/25730",0.0769230769230769,4.36916284598404,5.15550825465505,0.000105292193014037,0.00201770333671695,0.00135207312391447,"Igf1r/Kcnma1/Rora/Gpr146/Dab2/Rorc/Igf1/Fgf1/Igf2/Ppargc1a",10
"GO:0060251","regulation of glial cell proliferation","7/453","62/25730",0.112903225806452,6.41280353200883,5.71241674495504,0.000106799761263842,0.00203737382410978,0.00136525441615608,"Pmp22/Shh/Myc/Igf1/Il6/Plag1/Opcml",7
"GO:0060442","branching involved in prostate gland morphogenesis","4/453","15/25730",0.266666666666667,15.1464311994113,7.33663726184573,0.000110947786598888,0.00210701289796544,0.00141191990875904,"Bmp4/Nkx3-1/Shh/Igf1",4
"GO:0002062","chondrocyte differentiation","10/453","131/25730",0.0763358778625954,4.33581045784676,5.1241673367918,0.000112234360829248,0.00211250008049718,0.00141559689728961,"Bmp4/Sox6/Axin2/Scin/Npr2/Sfrp2/Pthlh/Zbtb16/Col27a1/Wnt2b",10
"GO:0046889","positive regulation of lipid biosynthetic process","10/453","131/25730",0.0763358778625954,4.33581045784676,5.1241673367918,0.000112234360829248,0.00211250008049718,0.00141559689728961,"Igf1r/Gpr146/Adgrf5/Dab2/Ppara/Erbb4/Igf1/Fgf1/Igf2/Ppargc1a",10
"GO:0046885","regulation of hormone biosynthetic process","5/453","28/25730",0.178571428571429,10.1426994638915,6.47989233942074,0.000116392526397908,0.00216194012848746,0.00144872692137009,"Igf1r/Dab2/Igf1/Igf2/Ppargc1a",5
"GO:0050927","positive regulation of positive chemotaxis","5/453","28/25730",0.178571428571429,10.1426994638915,6.47989233942074,0.000116392526397908,0.00216194012848746,0.00144872692137009,"Pgf/Cxcl12/Ntf3/Ntrk3/Artn",5
"GO:1903672","positive regulation of sprouting angiogenesis","5/453","28/25730",0.178571428571429,10.1426994638915,6.47989233942074,0.000116392526397908,0.00216194012848746,0.00144872692137009,"Tgm2/Shh/Fgf1/Il10/Tnn",5
"GO:0032102","negative regulation of response to external stimulus","20/453","442/25730",0.0452488687782805,2.57009579175532,4.45736124891324,0.000127940802778709,0.00236606681121325,0.00158551323507883,"Pdgfa/Nbl1/Ubash3b/Rora/Grid2/Hgf/Thbd/Prdm1/Ppara/St6gal1/Wnt3a/Igf1/Nrxn1/Igf2/Robo2/Pdgfra/Slit2/Gp1ba/Il10/Tafa5",20
"GO:1904036","negative regulation of epithelial cell apoptotic process","6/453","45/25730",0.133333333333333,7.57321559970567,5.90802248342386,0.000131193705060686,0.00241567539535655,0.0016187561960806,"Igf1r/Myc/Pgr/Ppara/Igf1/Pkhd1",6
"GO:0045766","positive regulation of angiogenesis","12/453","188/25730",0.0638297872340425,3.62547555305058,4.8367901271951,0.000134090536624839,0.00245832650478871,0.00164733691838945,"Tgm2/Adm/Hgf/Shh/Ccbe1/Pgf/Sfrp2/Rapgef3/Fgf1/Igf2/Il10/Tnn",12
"GO:0045926","negative regulation of growth","14/453","247/25730",0.0566801619433198,3.21938314967245,4.69194890662998,0.000135182442146262,0.00246766225210957,0.00165359284948422,"Kcnk2/Smarca2/Gpc3/Minar1/Slc6a4/Prdm11/Slit3/Dab2/Fhl1/Sfrp2/Ppara/Epha7/Wnt3a/Slit2",14
"GO:0007422","peripheral nervous system development","8/453","86/25730",0.0930232558139535,5.28363879049233,5.32680715538664,0.000138702825124935,0.00252105778714206,0.00168937346526688,"Pmp22/Slc5a3/Lama2/Plxna4/Adam22/Ntf3/Ntrk3/Artn",8
"GO:0032943","mononuclear cell proliferation","17/453","343/25730",0.0495626822157434,2.81511658589642,4.53047443443985,0.000139311422470345,0.00252129860752954,0.00168953484021615,"Bmp4/Plcl2/Irs2/Shh/Slc7a1/Cxcl12/Myc/Prdm1/St6gal1/Cd59a/Wnt3a/Igf1/Igf2/Lef1/Il6/Crtam/Il10",17
"GO:2000146","negative regulation of cell motility","17/453","344/25730",0.0494186046511628,2.80693310744905,4.51670731540027,0.000144231064045375,0.00259295704003452,0.00173755351517631,"Plcb1/Tgfbr3/Nbl1/Kank1/Dpysl3/Shh/Dlc1/Cdh11/Cxcl12/Sfrp2/Ptprm/Erbb4/Slit2/Magi2/Ppargc1a/Tnn/Tafa5",17
"GO:0099172","presynapse organization","7/453","65/25730",0.107692307692308,6.11682798437765,5.52948458346167,0.000144495362797673,0.00259295704003452,0.00173755351517631,"Mdga2/Il1rap/Lrp4/Grid2/Wnt3a/Nrxn1/Ntrk3",7
"GO:0050930","induction of positive chemotaxis","4/453","16/25730",0.25,14.1997792494481,7.07032911320152,0.000145877786360985,0.00260140735378834,0.00174321611279771,"Pgf/Cxcl12/Ntf3/Artn",4
"GO:0141091","transforming growth factor beta receptor superfamily signaling pathway","18/453","378/25730",0.0476190476190476,2.70471985703774,4.46982579085864,0.000147342376336088,0.00260140735378834,0.00174321611279771,"Bmp4/Spry1/Lats2/Gpc3/Tgfbr3/Nbl1/Dab2/Sfrp2/Ppara/Gdf7/Peg10/Wnt3a/Lef1/Rasl11b/Magi2/Smad9/Acvr2b/Zfp423",18
"GO:0051384","response to glucocorticoid","11/453","162/25730",0.0679012345679012,3.85673016651677,4.88288099232438,0.000147422445060076,0.00260140735378834,0.00174321611279771,"Bmp4/Hmgcs2/Axin2/Zfp36l2/Slit3/Errfi1/Fbxo32/Il6/Pappa/Ntrk3/Il10",11
"GO:0046326","positive regulation of D-glucose import","6/453","46/25730",0.130434782608696,7.40858047797293,5.82381027040939,0.000148651848787905,0.00260140735378834,0.00174321611279771,"Irs1/Gpc3/Irs2/Klf15/Erbb4/Igf1",6
"GO:0099170","postsynaptic modulation of chemical synaptic transmission","6/453","46/25730",0.130434782608696,7.40858047797293,5.82381027040939,0.000148651848787905,0.00260140735378834,0.00174321611279771,"Plcb1/Camk4/Igf1r/Igf1/Gnao1/Fbxo2",6
"GO:1904861","excitatory synapse assembly","6/453","46/25730",0.130434782608696,7.40858047797293,5.82381027040939,0.000148651848787905,0.00260140735378834,0.00174321611279771,"Il1rap/Grid2/Reln/Nrxn1/Adgrl3/Ntrk3",6
"GO:0008645","hexose transmembrane transport","10/453","136/25730",0.0735294117647059,4.17640566160239,4.97203438110332,0.000153036546486616,0.00265065010289351,0.0017762139259059,"Irs1/Gpc3/Irs2/Slc5a3/Klf15/Myc/Ptprm/Erbb4/Igf1/Nr4a3",10
"GO:0010721","negative regulation of cell development","16/453","313/25730",0.0511182108626198,2.90346923950377,4.5357977107931,0.000153082191531274,0.00265065010289351,0.0017762139259059,"Bmp4/Lrp4/Ubash3b/Shh/Dab1/Npr2/Myc/Dpysl5/Pthlh/Epha7/Wnt3a/Igf1/Slit2/Ntrk3/Tbx6/Opcml",16
"GO:0045664","regulation of neuron differentiation","14/453","250/25730",0.056,3.18075055187638,4.63846275597099,0.000153343394382269,0.00265065010289351,0.0017762139259059,"Bmp4/Nbl1/Slc6a4/Ptger3/Shh/Dab1/Cxcl12/Apbb1/Sfrp2/Reln/Gdf7/Wnt3a/Il6/Tbx6",14
"GO:0014910","regulation of smooth muscle cell migration","9/453","111/25730",0.0810810810810811,4.60533381063182,5.09593258714679,0.000155463662539554,0.00267637646689028,0.00179345329142763,"Pdgfa/Rapgef3/Myc/Pgr/Igf1/Slit2/Nr4a3/Ppargc1a/Tafa5",9
"GO:0007215","glutamate receptor signaling pathway","7/453","66/25730",0.106060606060606,6.02414877249314,5.47104233996789,0.000159219435562478,0.00272993647614209,0.00182934412220943,"Plcb1/Grid2/Shank1/Grik4/Grik5/Homer2/Gm527",7
"GO:0009880","embryonic pattern specification","8/453","88/25730",0.0909090909090909,5.16355609070841,5.23754295978877,0.000162968217739248,0.00276627934629421,0.00185369766174341,"Bmp4/Tcf7l1/Shh/Zbtb16/Erbb4/Meis3/Peg12/Tbx6",8
"GO:0051965","positive regulation of synapse assembly","8/453","88/25730",0.0909090909090909,5.16355609070841,5.23754295978877,0.000162968217739248,0.00276627934629421,0.00185369766174341,"Il1rap/Grid2/Nrxn1/Adgrl3/Slit2/Ntrk3/Ephb1/Opcml",8
"GO:0003180","aortic valve morphogenesis","5/453","30/25730",0.166666666666667,9.46651949963208,6.21150399558797,0.000163951857360058,0.00276627934629421,0.00185369766174341,"Bmp4/Axin2/Slit3/Robo2/Slit2",5
"GO:0050926","regulation of positive chemotaxis","5/453","30/25730",0.166666666666667,9.46651949963208,6.21150399558797,0.000163951857360058,0.00276627934629421,0.00185369766174341,"Pgf/Cxcl12/Ntf3/Ntrk3/Artn",5
"GO:0097305","response to alcohol","17/453","348/25730",0.0488505747126437,2.77466950851285,4.46212754435615,0.000165462845114399,0.00278069503595032,0.00186335768767093,"Irs1/Tgfbr3/Hmgcs2/Scnn1g/Igf1r/Ptger3/Aldh1a1/Adh1/Adh7/Shh/Slit3/Ppara/Abat/Penk/Igf1/Adcy1/Ntrk3",17
"GO:0090090","negative regulation of canonical Wnt signaling pathway","10/453","138/25730",0.072463768115942,4.1158780433183,4.91321388831944,0.000172536682524304,0.002888114033559,0.00193533969663209,"Lats2/Gpc3/Lrp4/Bicc1/Axin2/Nkd1/Shh/Dact1/Dab2/Sfrp2",10
"GO:0010977","negative regulation of neuron projection development","11/453","165/25730",0.0666666666666667,3.78660779985283,4.80720576947375,0.000173238882448904,0.00288845144555554,0.00193556579810296,"Pmp22/Lrp4/Kank1/Minar1/Dpysl3/Dab1/Dab2/Epha7/Wnt3a/Slit2/Tbx6",11
"GO:0060688","regulation of morphogenesis of a branching structure","7/453","67/25730",0.104477611940299,5.93423610424698,5.41379001030474,0.000175134446226488,0.00290860541085951,0.00194907107131728,"Bmp4/Pdgfa/Hgf/Shh/Pgf/Pdgfra/Wnt2b",7
"GO:0015749","monosaccharide transmembrane transport","10/453","139/25730",0.0719424460431655,4.08626740991313,4.88421884370339,0.00018304513674977,0.00302810997709093,0.00202915168041686,"Irs1/Gpc3/Irs2/Slc5a3/Klf15/Myc/Ptprm/Erbb4/Igf1/Nr4a3",10
"GO:0007638","mechanosensory behavior","4/453","17/25730",0.235294117647059,13.3644981171276,6.82688156782612,0.000188117880364939,0.00309139975429631,0.00207156247749527,"Etv1/Slc1a3/Nrxn1/Foxp2",4
"GO:0050919","negative chemotaxis","6/453","48/25730",0.125,7.09988962472406,5.66273143350311,0.000189060811419774,0.00309139975429631,0.00207156247749527,"Pdgfa/Plxna4/Slit3/Epha7/Robo2/Slit2",6
"GO:0120163","negative regulation of cold-induced thermogenesis","6/453","48/25730",0.125,7.09988962472406,5.66273143350311,0.000189060811419774,0.00309139975429631,0.00207156247749527,"Plcl2/Aldh1a1/Npr3/Nova1/Acvr2b/Zfp423",6
"GO:0009190","cyclic nucleotide biosynthetic process","5/453","31/25730",0.161290322580645,9.16114790286976,6.08655812199971,0.000192672765548325,0.00313834293114291,0.00210301933570156,"Ptger3/Npr2/Npr3/Adcy1/Gucy1a1",5
"GO:0008544","epidermis development","19/453","421/25730",0.0451306413301663,2.56338057709752,4.32978226699359,0.000193773587469696,0.00314418062426882,0.00210693120313894,"Cyp26b1/Bmp4/Lats2/Pdgfa/Apcdd1/Lrp4/Igf1r/Kcnma1/Ptprq/Shh/Maff/Plod1/Errfi1/Ppara/Palld/Ntf3/Etv4/Svep1/Atp2b2",19
"GO:0032868","response to insulin","16/453","320/25730",0.05,2.83995584988962,4.43381786619398,0.000196760144429749,0.00318045500633582,0.00213123884846365,"Irs1/Plcb1/Pdk4/Gcnt1/Hmgcs2/Kank1/Igf1r/Vwa2/Irs2/Klf15/Errfi1/Ppara/Igf1/Igf2/Cpeb1/Il10",16
"GO:0003170","heart valve development","7/453","69/25730",0.101449275362319,5.76222926064562,5.30268521161127,0.000210822539709328,0.00339480401395059,0.0022748751933414,"Bmp4/Axin2/Slit3/Olfm1/Prdm1/Robo2/Slit2",7
"GO:1903670","regulation of sprouting angiogenesis","6/453","49/25730",0.122448979591837,6.95499391809704,5.5856174355986,0.000212273085492564,0.00339490856607483,0.00227494525424414,"Tgm2/Shh/Zfp354c/Fgf1/Il10/Tnn",6
"GO:0051056","regulation of small GTPase mediated signal transduction","14/453","258/25730",0.0542635658914729,3.08212262778719,4.4996882333422,0.000212432295161707,0.00339490856607483,0.00227494525424414,"Tgm2/Spry1/Lrp4/Kank1/Arhgap20/Spry4/Heg1/Dlc1/Dgki/Reln/Igf1/Arhgap25/Slit2/Psd2",14
"GO:0038127","ERBB signaling pathway","10/453","142/25730",0.0704225352112676,3.99993781674595,4.7988375019303,0.000217854295955806,0.00346846971192796,0.00232423894696024,"Rassf2/Nrg2/Itga1/Npr2/Afap1l2/Errfi1/Erbb4/Neu3/Ereg/Sh3gl2",10
"GO:0060828","regulation of canonical Wnt signaling pathway","14/453","259/25730",0.0540540540540541,3.07022254042122,4.48272097489164,0.000221042829427488,0.0035060538675109,0.00234942427808597,"Lats2/Gpc3/Lrp4/Kank1/Bicc1/Axin2/Nkd1/Shh/Dact1/Dab2/Sfrp2/Wnt3a/Wnk2/Peg12",14
"GO:0007264","small GTPase-mediated signal transduction","20/453","461/25730",0.0433839479392625,2.46416993482831,4.24664258092557,0.000222857140145838,0.00351729671689158,0.00235695816783438,"Tgm2/Pdpn/Spry1/Lrp4/Kank1/Rhoc/Arhgap20/Spry4/Heg1/Dab1/Dlc1/Rapgef3/Dgki/Reln/Igf1/Arhgap25/Arhgap31/Slit2/Rab39b/Psd2",20
"GO:0021952","central nervous system projection neuron axonogenesis","5/453","32/25730",0.15625,8.87486203090508,5.96713784751334,0.000225073768660594,0.00351729671689158,0.00235695816783438,"Plxna4/Nr4a2/Cdh11/Slit2/Ephb1",5
"GO:0035235","ionotropic glutamate receptor signaling pathway","5/453","32/25730",0.15625,8.87486203090508,5.96713784751334,0.000225073768660594,0.00351729671689158,0.00235695816783438,"Grid2/Shank1/Grik4/Grik5/Gm527",5
"GO:0045932","negative regulation of muscle contraction","5/453","32/25730",0.15625,8.87486203090508,5.96713784751334,0.000225073768660594,0.00351729671689158,0.00235695816783438,"Ptger3/Kcnma1/Atp1a2/Calcrl/Gucy1a1",5
"GO:0014812","muscle cell migration","10/453","143/25730",0.0699300699300699,3.97196622362185,4.77089648614305,0.000230624913395242,0.00357949992100535,0.00239864084683538,"Pdgfa/Tcp11l2/Rapgef3/Myc/Pgr/Igf1/Slit2/Nr4a3/Ppargc1a/Tafa5",10
"GO:0070542","response to fatty acid","7/453","70/25730",0.1,5.67991169977925,5.24875308822385,0.000230744623006957,0.00357949992100535,0.00239864084683538,"Irs1/Plcb1/Pdk4/Kcnk2/Hmgcs2/Id3/Ppara",7
"GO:1901888","regulation of cell junction assembly","16/453","325/25730",0.0492307692307692,2.79626422142978,4.36264716948832,0.000234245386041878,0.00362045096802467,0.00242608234879625,"Mdga2/Il1rap/Nrg2/Lrp4/Grid2/Dlc1/Arhgap6/Epha7/Wnt3a/Nrxn1/Adgrl3/Slit2/Pcdh7/Ntrk3/Ephb1/Opcml",16
"GO:0032350","regulation of hormone metabolic process","6/453","50/25730",0.12,6.8158940397351,5.51063654770351,0.000237673175826137,0.00362045096802467,0.00242608234879625,"Igf1r/Kcnma1/Dab2/Igf1/Igf2/Ppargc1a",6
"GO:1990806","ligand-gated ion channel signaling pathway","6/453","50/25730",0.12,6.8158940397351,5.51063654770351,0.000237673175826137,0.00362045096802467,0.00242608234879625,"Plcb1/Grid2/Shank1/Grik4/Grik5/Gm527",6
"GO:0001710","mesodermal cell fate commitment","4/453","18/25730",0.222222222222222,12.6220259995094,6.60310123637463,0.000238513770974943,0.00362045096802467,0.00242608234879625,"Bmp4/Sfrp2/Wnt3a/Tbx6",4
"GO:0060572","morphogenesis of an epithelial bud","4/453","18/25730",0.222222222222222,12.6220259995094,6.60310123637463,0.000238513770974943,0.00362045096802467,0.00242608234879625,"Bmp4/Shh/Pthlh/Wnt2b",4
"GO:2000725","regulation of cardiac muscle cell differentiation","4/453","18/25730",0.222222222222222,12.6220259995094,6.60310123637463,0.000238513770974943,0.00362045096802467,0.00242608234879625,"Bmp4/Ccnd2/Sox6/Wnt3a",4
"GO:0048588","developmental cell growth","15/453","293/25730",0.0511945392491468,2.90780462446037,4.39675790033385,0.000240162510231933,0.00363245796725798,0.00243412829919282,"Jade2/Plxna4/Npr2/Slit3/Cxcl12/Olfm1/Syt1/Ppara/Epha7/Wnt3a/Igf1/Slit2/Sh3gl2/Ntrk3/Tnn",15
"GO:0046683","response to organophosphorus","10/453","144/25730",0.0694444444444444,3.9443831248467,4.74320787666045,0.000244017304791612,0.00367762735157465,0.00246439653012994,"Hmgcs2/Slc6a4/Akap7/Npr2/Thbd/Rapgef3/Errfi1/Penk/Slc26a3/Pde3a",10
"GO:0019098","reproductive behavior","7/453","71/25730",0.0985915492957746,5.59991294344433,5.19585130212702,0.0002521556704657,0.00377539658849466,0.00252991218606391,"Slc6a4/Crebrf/Tgm4/Shh/Npas3/Pgr/Abat",7
"GO:0051402","neuron apoptotic process","18/453","395/25730",0.0455696202531646,2.58831419230447,4.25865344722276,0.000252287422560564,0.00377539658849466,0.00252991218606391,"Mdga2/Kcnma1/Dio3/Itga1/Grid2/Nr4a2/Npr2/Unc5b/Epha7/Grik5/Igf1/Il6/Kcnip3/Nr4a3/Ntf3/Ppargc1a/Lonrf2/Il10",18
"GO:0060740","prostate gland epithelium morphogenesis","5/453","33/25730",0.151515151515152,8.60592681784735,5.8528270419554,0.000261457937682522,0.00388177823882919,0.00260119906341477,"Bmp4/Igf1r/Nkx3-1/Shh/Igf1",5
"GO:0090128","regulation of synapse maturation","5/453","33/25730",0.151515151515152,8.60592681784735,5.8528270419554,0.000261457937682522,0.00388177823882919,0.00260119906341477,"Mdga2/Nrg2/Dab1/Reln/Nrxn1",5
"GO:0019226","transmission of nerve impulse","9/453","119/25730",0.0756302521008403,4.29573153764817,4.82402812077826,0.000263062657507433,0.00388177823882919,0.00260119906341477,"Kcnk2/Pmp22/Kcnma1/Npr2/Penk/Il6/Atp1a2/Ntrk3/Fgf12",9
"GO:0035282","segmentation","9/453","119/25730",0.0756302521008403,4.29573153764817,4.82402812077826,0.000263062657507433,0.00388177823882919,0.00260119906341477,"Bmp4/Tcf7l1/Axin2/Nkx3-1/Shh/Sfrp2/Wnt3a/Lef1/Tbx6",9
"GO:0005978","glycogen biosynthetic process","6/453","51/25730",0.117647058823529,6.68224905856382,5.43768555498166,0.000265404245373864,0.00388922830158587,0.00260619138782713,"Irs1/Irs2/Igf1/Ppp1r3a/Igf2/Epm2a",6
"GO:0009250","glucan biosynthetic process","6/453","51/25730",0.117647058823529,6.68224905856382,5.43768555498166,0.000265404245373864,0.00388922830158587,0.00260619138782713,"Irs1/Irs2/Igf1/Ppp1r3a/Igf2/Epm2a",6
"GO:0045619","regulation of lymphocyte differentiation","13/453","233/25730",0.055793991416309,3.16904944622877,4.45246650688518,0.000270899646436944,0.00395606897469123,0.00265098165805445,"Smarca2/Cyp26b1/Bmp4/Zfp36l2/Shh/Rorc/Prdm1/Zbtb16/Lef1/Il6/Vnn1/Crtam/Il10",13
"GO:0046822","regulation of nucleocytoplasmic transport","10/453","146/25730",0.0684931506849315,3.89035047930086,4.68857106222011,0.000272762895563742,0.00396959059351356,0.00266004256263284,"Wipf1/Ptpn14/Bmp4/Camk4/Shh/Rapgef3/Akap5/Il6/Peg12/Epm2a",10
"GO:0034109","homotypic cell-cell adhesion","8/453","95/25730",0.0842105263157895,4.78308353665621,4.94525696573482,0.00027695878412294,0.00401685085876935,0.00269171190337219,"Pdpn/Ubash3b/Slc6a4/Wnt3a/Il6/Pdgfra/Mfsd2b/Slc7a11",8
"GO:0035296","regulation of tube diameter","12/453","204/25730",0.0588235294117647,3.34112452928191,4.49413389019506,0.000285971691902388,0.00411935413335583,0.00276039986168578,"Tgfbr3/Slc6a4/Ptger3/Kcnma1/Itga1/Itga9/Adm/Npr3/Ptprm/Atp1a2/Gucy1a1/Svep1",12
"GO:0097746","blood vessel diameter maintenance","12/453","204/25730",0.0588235294117647,3.34112452928191,4.49413389019506,0.000285971691902388,0.00411935413335583,0.00276039986168578,"Tgfbr3/Slc6a4/Ptger3/Kcnma1/Itga1/Itga9/Adm/Npr3/Ptprm/Atp1a2/Gucy1a1/Svep1",12
"GO:0061469","regulation of type B pancreatic cell proliferation","4/453","19/25730",0.210526315789474,11.9577088416405,6.39638893218978,0.000297932783940742,0.00425102266456299,0.00284863160471306,"Irs2/Errfi1/Igf1/Nr4a3",4
"GO:0035150","regulation of tube size","12/453","205/25730",0.0585365853658537,3.32482636084639,4.47385976464404,0.000299020942475545,0.00425102266456299,0.00284863160471306,"Tgfbr3/Slc6a4/Ptger3/Kcnma1/Itga1/Itga9/Adm/Npr3/Ptprm/Atp1a2/Gucy1a1/Svep1",12
"GO:0046324","regulation of D-glucose import","7/453","73/25730",0.0958904109589041,5.4464906710212,5.09299991249341,0.000299770936326962,0.00425102266456299,0.00284863160471306,"Irs1/Gpc3/Irs2/Klf15/Myc/Erbb4/Igf1",7
"GO:0051058","negative regulation of small GTPase mediated signal transduction","7/453","73/25730",0.0958904109589041,5.4464906710212,5.09299991249341,0.000299770936326962,0.00425102266456299,0.00284863160471306,"Spry1/Kank1/Spry4/Heg1/Dlc1/Arhgap25/Slit2",7
"GO:0008045","motor neuron axon guidance","5/453","34/25730",0.147058823529412,8.35281132320478,5.74325248141244,0.000302138800952411,0.00425102266456299,0.00284863160471306,"Plxna4/Cxcl12/Slit2/Etv4/Kif5c",5
"GO:0060512","prostate gland morphogenesis","5/453","34/25730",0.147058823529412,8.35281132320478,5.74325248141244,0.000302138800952411,0.00425102266456299,0.00284863160471306,"Bmp4/Igf1r/Nkx3-1/Shh/Igf1",5
"GO:0097107","postsynaptic density assembly","5/453","34/25730",0.147058823529412,8.35281132320478,5.74325248141244,0.000302138800952411,0.00425102266456299,0.00284863160471306,"Il1rap/Grid2/Reln/Nrxn1/Ntrk3",5
"GO:0048705","skeletal system morphogenesis","14/453","268/25730",0.0522388059701493,2.96711805212349,4.33360530557214,0.000313039768466912,0.00438981264720984,0.00294163546806133,"Cyp26b1/Bmp4/Sox6/Axin2/Twist2/Csgalnact1/Npr2/Myc/Pthlh/Tiparp/Col27a1/Pdgfra/Acvr2b/Hhip",14
"GO:0030509","BMP signaling pathway","11/453","177/25730",0.0621468926553672,3.52988862698145,4.52131617937377,0.000318295720731444,0.00444878672375467,0.00298115429248557,"Bmp4/Gpc3/Tgfbr3/Nbl1/Sfrp2/Gdf7/Wnt3a/Lef1/Smad9/Acvr2b/Zfp423",11
"GO:0014855","striated muscle cell proliferation","8/453","97/25730",0.0824742268041237,4.6844632575499,4.86696438953143,0.000319406428656216,0.00444962574131275,0.00298171652235858,"Kcnk2/Tgfbr3/Ccnd2/Hgf/Shh/Erbb4/Fgf1/Ephb1",8
"GO:0010656","negative regulation of muscle cell apoptotic process","7/453","74/25730",0.0945945945945946,5.37288944573713,5.04298497740821,0.000326144755089087,0.00449129797439799,0.00300964129471869,"Igf1r/Lifr/Sfrp2/Rapgef3/Erbb4/Igf1/Nr4a3",7
"GO:0050918","positive chemotaxis","7/453","74/25730",0.0945945945945946,5.37288944573713,5.04298497740821,0.000326144755089087,0.00449129797439799,0.00300964129471869,"Bmp4/Hgf/Pgf/Cxcl12/Ntf3/Ntrk3/Artn",7
"GO:0007369","gastrulation","12/453","207/25730",0.0579710144927536,3.29270243465464,4.43368459535831,0.00032663985268349,0.00449129797439799,0.00300964129471869,"Bmp4/Gpc3/Dact1/Dab2/Sfrp2/Atoh8/Wnt3a/Lef1/Nr4a3/Acvr2b/Il10/Tbx6",12
"GO:0071805","potassium ion transmembrane transport","12/453","207/25730",0.0579710144927536,3.29270243465464,4.43368459535831,0.00032663985268349,0.00449129797439799,0.00300964129471869,"Kcnk2/Ptger3/Kcnma1/Slc1a3/Akap7/Fhl1/Rapgef3/Slc24a4/Wnk2/Atp1a2/Kcnip3/Nalcn",12
"GO:1902105","regulation of leukocyte differentiation","17/453","369/25730",0.046070460704607,2.61676148770318,4.18768244878151,0.00032785535857007,0.00449342214739239,0.00301106471369412,"Rassf2/Smarca2/Cyp26b1/Bmp4/Ubash3b/Zfp36l2/Shh/Myc/Rorc/Prdm1/Zbtb16/Lef1/Il6/Vnn1/Crtam/Il10/Il34",17
"GO:0009952","anterior/posterior pattern specification","13/453","238/25730",0.0546218487394958,3.10247277719035,4.36229162278746,0.000332362138841398,0.0045404956709462,0.00304260891788254,"Bmp4/Gpc3/Tcf7l1/Axin2/Nkx3-1/Shh/Sfrp2/Zbtb16/Wnt3a/Lef1/Acvr2b/Wnt2b/Tbx6",13
"GO:0014909","smooth muscle cell migration","9/453","123/25730",0.0731707317073171,4.15603295105799,4.69691308896192,0.000336527489741973,0.00457355509824262,0.00306476220589377,"Pdgfa/Rapgef3/Myc/Pgr/Igf1/Slit2/Nr4a3/Ppargc1a/Tafa5",9
"GO:0034219","carbohydrate transmembrane transport","10/453","150/25730",0.0666666666666667,3.78660779985283,4.58214679344528,0.00033880100024995,0.00457355509824262,0.00306476220589377,"Irs1/Gpc3/Irs2/Slc5a3/Klf15/Myc/Ptprm/Erbb4/Igf1/Nr4a3",10
"GO:0043523","regulation of neuron apoptotic process","16/453","336/25730",0.0476190476190476,2.70471985703774,4.21070572987972,0.000339101841994848,0.00457355509824262,0.00306476220589377,"Mdga2/Kcnma1/Itga1/Grid2/Nr4a2/Unc5b/Epha7/Grik5/Igf1/Il6/Kcnip3/Nr4a3/Ntf3/Ppargc1a/Lonrf2/Il10",16
"GO:0046651","lymphocyte proliferation","16/453","336/25730",0.0476190476190476,2.70471985703774,4.21070572987972,0.000339101841994848,0.00457355509824262,0.00306476220589377,"Bmp4/Plcl2/Irs2/Shh/Slc7a1/Cxcl12/Myc/Prdm1/Cd59a/Wnt3a/Igf1/Igf2/Lef1/Il6/Crtam/Il10",16
"GO:0050730","regulation of peptidyl-tyrosine phosphorylation","5/453","35/25730",0.142857142857143,8.11415957111321,5.63807830929735,0.000347439956538879,0.00465578703519058,0.00311986623920308,"Sfrp2/Reln/Errfi1/Epha7/Erbb4",5
"GO:0060078","regulation of postsynaptic membrane potential","11/453","179/25730",0.0614525139664804,3.4904485305906,4.47608088139939,0.00035036298312706,0.00465578703519058,0.00311986623920308,"Grid2/Shank1/Syt1/Dgki/Reln/Abat/Grik4/Erbb4/Grik5/Nrxn1/Glrb",11
"GO:0001666","response to hypoxia","16/453","337/25730",0.0474777448071217,2.69669398209104,4.19719603420721,0.000350383538058476,0.00465578703519058,0.00311986623920308,"Acaa2/Kcnk2/Slc6a4/Kcnma1/Rora/Dio3/Nkx3-1/Nr4a2/Pgf/Plod1/Myc/Ppara/Abat/Penk/Angptl4/Cpeb1",16
"GO:0032535","regulation of cellular component size","18/453","406/25730",0.0443349753694581,2.5181874531041,4.12781336206122,0.000350695646806563,0.00465578703519058,0.00311986623920308,"Kank4/Plekhh2/Kank1/Kcnma1/Fhod3/Plxna4/Scin/Cxcl12/Olfm1/Rapgef3/Epha7/Baiap2l2/Wnt3a/Slit2/Avil/Ntrk3/Opcml/Atp2b2",18
"GO:0050867","positive regulation of cell activation","18/453","406/25730",0.0443349753694581,2.5181874531041,4.12781336206122,0.000350695646806563,0.00465578703519058,0.00311986623920308,"Smarca2/Pdpn/Irs2/Shh/Slc7a1/Prdm1/Zbtb16/Cd59a/Wnt3a/Igf1/Igf2/Lef1/Il6/Nr4a3/Vnn1/Gp1ba/Svep1/Il10",18
"GO:0050885","neuromuscular process controlling balance","7/453","75/25730",0.0933333333333333,5.30125091979397,4.99386952077922,0.000354346743073492,0.00467494846391352,0.00313270640867727,"Kcnma1/Slc1a3/Ptprq/Shank1/Nrxn1/Nr4a3/Atp2b2",7
"GO:0099084","postsynaptic specialization organization","7/453","75/25730",0.0933333333333333,5.30125091979397,4.99386952077922,0.000354346743073492,0.00467494846391352,0.00313270640867727,"Il1rap/Grid2/Shank1/Reln/Nrxn1/Adgrl3/Ntrk3",7
"GO:0001558","regulation of cell growth","19/453","442/25730",0.0429864253393665,2.44159100216755,4.09254766720948,0.000356024757186246,0.00468249952386258,0.00313776641181471,"Smarca2/Jade2/Minar1/Prdm11/Plxna4/Slit3/Dab2/Cxcl12/Fhl1/Olfm1/Syt1/Sfrp2/Ppara/Epha7/Wnt3a/Igf1/Slit2/Epm2a/Ntrk3",19
"GO:0022409","positive regulation of cell-cell adhesion","16/453","338/25730",0.0473372781065089,2.68871559752864,4.1837353092334,0.000361987582644887,0.00471533436731986,0.00315976920506912,"Smarca2/Pdpn/Gcnt1/Shh/Slc7a1/Zbtb16/Cd59a/Wnt3a/Igf1/Igf2/Lef1/Il6/Mfsd2b/Nr4a3/Vnn1/Gp1ba",16
"GO:0051924","regulation of calcium ion transport","14/453","272/25730",0.0514705882352941,2.92348396312167,4.26931963735896,0.000363443434240622,0.00471533436731986,0.00315976920506912,"Bmp4/Cacna2d1/Trpc4/Ubash3b/Ptger3/Cxcl12/Rapgef3/Mylk/Akap5/Igf1/Atp1a2/Homer2/Gnao1/Atp2b2",14
"GO:0001941","postsynaptic membrane organization","6/453","54/25730",0.111111111111111,6.31101299975472,5.23008023089124,0.000364088391526233,0.00471533436731986,0.00315976920506912,"Lrp4/Reln/Nrxn1/Magi2/Glrb/Slc7a11",6
"GO:0050974","detection of mechanical stimulus involved in sensory perception","6/453","54/25730",0.111111111111111,6.31101299975472,5.23008023089124,0.000364088391526233,0.00471533436731986,0.00315976920506912,"Kcnk2/Ptprq/Cxcl12/Myc/Igf1/Atp2b2",6
"GO:1901861","regulation of muscle tissue development","6/453","54/25730",0.111111111111111,6.31101299975472,5.23008023089124,0.000364088391526233,0.00471533436731986,0.00315976920506912,"Bmp4/Shh/Wnt3a/Igf2/Lef1/Tnn",6
"GO:0032966","negative regulation of collagen biosynthetic process","4/453","20/25730",0.2,11.3598233995585,6.20460447840726,0.000367260647027792,0.00474191719561798,0.00317758249161401,"Rapgef3/Klf15/Errfi1/Il6",4
"GO:0010976","positive regulation of neuron projection development","13/453","241/25730",0.0539419087136929,3.06385278411329,4.309318844023,0.000374657471425695,0.00482271851516055,0.003231727861026,"Bmp4/Igf1r/Dpysl3/Hgf/Apbb1/Reln/Il6/Lrrc7/Avil/Magi2/Ntrk3/Cpeb1/Tnn",13
"GO:0003158","endothelium development","10/453","152/25730",0.0657894736842105,3.73678401301266,4.53029848416325,0.000376518769982472,0.00483199088144172,0.00323794132016824,"Plcb1/Amotl2/Bmp4/Pdpn/Heg1/Rapgef3/Atoh8/Fgf1/Flvcr2/Acvr2b",10
"GO:0048645","animal organ formation","7/453","76/25730",0.0921052631578947,5.23149761821773,4.94562453192986,0.000384468166776765,0.0048976368299497,0.00328193099945179,"Bmp4/Spry1/Axin2/Shh/Fgf1/Robo2/Wnt2b",7
"GO:0035107","appendage morphogenesis","11/453","181/25730",0.0607734806629834,3.45188003853987,4.43148560073028,0.000385103439049174,0.0048976368299497,0.00328193099945179,"Cyp26b1/Bmp4/Gpc3/Lrp4/Frem2/Shh/Npr2/Sfrp2/Errfi1/Zbtb16/Lef1",11
"GO:0035108","limb morphogenesis","11/453","181/25730",0.0607734806629834,3.45188003853987,4.43148560073028,0.000385103439049174,0.0048976368299497,0.00328193099945179,"Cyp26b1/Bmp4/Gpc3/Lrp4/Frem2/Shh/Npr2/Sfrp2/Errfi1/Zbtb16/Lef1",11
"GO:0003176","aortic valve development","5/453","36/25730",0.138888888888889,7.8887662496934,5.5370013479518,0.000397694668611901,0.00504262551368682,0.00337908864348467,"Bmp4/Axin2/Slit3/Robo2/Slit2",5
"GO:1902893","regulation of miRNA transcription","7/453","77/25730",0.0909090909090909,5.16355609070841,4.89822230989979,0.000416602873980386,0.00525093205746111,0.00351867590304236,"Bmp4/Ptger3/Myc/Atoh8/Ppara/Il6/Il10",7
"GO:1904035","regulation of epithelial cell apoptotic process","7/453","77/25730",0.0909090909090909,5.16355609070841,4.89822230989979,0.000416602873980386,0.00525093205746111,0.00351867590304236,"Igf1r/Myc/Pgr/Ppara/Igf1/Pkhd1/Ppargc1a",7
"GO:0035148","tube formation","11/453","183/25730",0.0601092896174863,3.4141545736378,4.38751338947647,0.000422690667569053,0.00530824349972714,0.00355708058789893,"Tgm2/Bmp4/Smarca1/Cecr2/Adm/Shh/Dlc1/Wnt6/Sfrp2/Atoh8/Gdf7",11
"GO:0010563","negative regulation of phosphorus metabolic process","9/453","127/25730",0.0708661417322835,4.02513427543411,4.57508196317804,0.000426163586754954,0.00530824349972714,0.00355708058789893,"Lats2/Pdgfa/Cnksr3/Heg1/Sfrp2/Errfi1/Ppara/Epm2a/Ppargc1a",9
"GO:0045446","endothelial cell differentiation","9/453","127/25730",0.0708661417322835,4.02513427543411,4.57508196317804,0.000426163586754954,0.00530824349972714,0.00355708058789893,"Plcb1/Amotl2/Bmp4/Pdpn/Heg1/Rapgef3/Atoh8/Flvcr2/Acvr2b",9
"GO:0045936","negative regulation of phosphate metabolic process","9/453","127/25730",0.0708661417322835,4.02513427543411,4.57508196317804,0.000426163586754954,0.00530824349972714,0.00355708058789893,"Lats2/Pdgfa/Cnksr3/Heg1/Sfrp2/Errfi1/Ppara/Epm2a/Ppargc1a",9
"GO:0003179","heart valve morphogenesis","6/453","56/25730",0.107142857142857,6.08561967833491,5.1002200500423,0.000444376240157284,0.00541352106349519,0.00362762761130505,"Bmp4/Axin2/Slit3/Olfm1/Robo2/Slit2",6
"GO:0048546","digestive tract morphogenesis","6/453","56/25730",0.107142857142857,6.08561967833491,5.1002200500423,0.000444376240157284,0.00541352106349519,0.00362762761130505,"Shh/Npr2/Dact1/Sfrp2/Pdgfra/Acvr2b",6
"GO:0048634","regulation of muscle organ development","6/453","56/25730",0.107142857142857,6.08561967833491,5.1002200500423,0.000444376240157284,0.00541352106349519,0.00362762761130505,"Bmp4/Shh/Wnt3a/Igf2/Lef1/Il6",6
"GO:0060428","lung epithelium development","6/453","56/25730",0.107142857142857,6.08561967833491,5.1002200500423,0.000444376240157284,0.00541352106349519,0.00362762761130505,"Bmp4/Shh/Errfi1/Pthlh/Igf1/Foxp2",6
"GO:0071375","cellular response to peptide hormone stimulus","17/453","379/25730",0.0448548812664908,2.5477176489775,4.06360590366581,0.000444826079004525,0.00541352106349519,0.00362762761130505,"Irs1/Plcb1/Pdk4/Hmgcs2/Scnn1g/Kank1/Igf1r/Vwa2/Irs2/Nr4a2/Klf15/Errfi1/Igf1/Igf2/Glp2r/Nr4a3/Cpeb1",17
"GO:0010713","negative regulation of collagen metabolic process","4/453","21/25730",0.19047619047619,10.818879428151,6.02596732725474,0.000447398434999602,0.00541352106349519,0.00362762761130505,"Rapgef3/Klf15/Errfi1/Il6",4
"GO:0043116","negative regulation of vascular permeability","4/453","21/25730",0.19047619047619,10.818879428151,6.02596732725474,0.000447398434999602,0.00541352106349519,0.00362762761130505,"Adm/Slit2/Sh3gl2/Pde3a",4
"GO:0045725","positive regulation of glycogen biosynthetic process","4/453","21/25730",0.19047619047619,10.818879428151,6.02596732725474,0.000447398434999602,0.00541352106349519,0.00362762761130505,"Irs1/Irs2/Igf1/Igf2",4
"GO:0045986","negative regulation of smooth muscle contraction","4/453","21/25730",0.19047619047619,10.818879428151,6.02596732725474,0.000447398434999602,0.00541352106349519,0.00362762761130505,"Ptger3/Kcnma1/Calcrl/Gucy1a1",4
"GO:0090030","regulation of steroid hormone biosynthetic process","4/453","21/25730",0.19047619047619,10.818879428151,6.02596732725474,0.000447398434999602,0.00541352106349519,0.00362762761130505,"Igf1r/Dab2/Igf1/Igf2",4
"GO:0042752","regulation of circadian rhythm","9/453","128/25730",0.0703125,3.99368791390728,4.54540256293752,0.000451399211270114,0.005437661414649,0.00364380418166749,"Rorb/Ptger3/Rora/Rorc/Ppara/Il6/Mapk10/Adcy1/Ppargc1a",9
"GO:0005979","regulation of glycogen biosynthetic process","5/453","37/25730",0.135135135135135,7.67555635105304,5.4397471105328,0.000453245449674403,0.005437661414649,0.00364380418166749,"Irs1/Irs2/Igf1/Ppp1r3a/Igf2",5
"GO:0010962","regulation of glucan biosynthetic process","5/453","37/25730",0.135135135135135,7.67555635105304,5.4397471105328,0.000453245449674403,0.005437661414649,0.00364380418166749,"Irs1/Irs2/Igf1/Ppp1r3a/Igf2",5
"GO:0006813","potassium ion transport","13/453","246/25730",0.0528455284552846,3.00157935354188,4.22283738960201,0.000455321340779298,0.00544713524915347,0.00365015264567644,"Kcnk2/Ptger3/Kcnma1/Slc1a3/Akap7/Fhl1/Rapgef3/Slc24a4/Akap5/Wnk2/Atp1a2/Kcnip3/Nalcn",13
"GO:0007498","mesoderm development","9/453","129/25730",0.0697674418604651,3.96272909286924,4.51602276726887,0.000477850388169935,0.00566861734985904,0.00379856891200397,"Bmp4/Tcf7l1/Shh/Sfrp2/Wnt3a/Lef1/Nr4a3/Acvr2b/Tbx6",9
"GO:0046620","regulation of organ growth","9/453","129/25730",0.0697674418604651,3.96272909286924,4.51602276726887,0.000477850388169935,0.00566861734985904,0.00379856891200397,"Kcnk2/Lats2/Tgfbr3/Ccnd2/Slc6a4/Ppara/Erbb4/Igf1/Igf2",9
"GO:1904659","D-glucose transmembrane transport","9/453","129/25730",0.0697674418604651,3.96272909286924,4.51602276726887,0.000477850388169935,0.00566861734985904,0.00379856891200397,"Irs1/Gpc3/Irs2/Klf15/Myc/Ptprm/Erbb4/Igf1/Nr4a3",9
"GO:0016331","morphogenesis of embryonic epithelium","11/453","186/25730",0.0591397849462366,3.35908756438558,4.32268780533119,0.000484807793807908,0.00571911143948884,0.00383240525467269,"Bmp4/Smarca1/Cecr2/Aldh1a1/Adm/Shh/Dlc1/Wnt6/Sfrp2/Gdf7/Wnt2b",11
"GO:1903034","regulation of response to wounding","11/453","186/25730",0.0591397849462366,3.35908756438558,4.32268780533119,0.000484807793807908,0.00571911143948884,0.00383240525467269,"Pdgfa/Kank1/Igf1r/Ubash3b/Thbd/Mylk/Pdgfra/Ntrk3/Gp1ba/Il10/Tafa5",11
"GO:0009798","axis specification","8/453","104/25730",0.0769230769230769,4.36916284598404,4.60888690995744,0.000511704217966296,0.00601963156413128,0.0040337852971846,"Bmp4/Gpc3/Tcf7l1/Axin2/Shh/Wnt6/Peg12/Tbx6",8
"GO:0001736","establishment of planar polarity","5/453","38/25730",0.131578947368421,7.47356802602533,5.34606639275843,0.000514443630423018,0.00603509355911768,0.00404414645756074,"Brsk2/Sfrp2/Erbb4/Brsk1/Pkhd1",5
"GO:1901654","response to ketone","14/453","282/25730",0.049645390070922,2.81981431903934,4.11360506742225,0.000520737284197445,0.00609205082479607,0.00408231380690989,"Bmp4/Tgfbr3/Hmgcs2/Scnn1g/Ptger3/Axin2/Nkx3-1/Adh1/Slit3/Errfi1/Fbxo32/Pappa/Adcy1/Ntrk3",14
"GO:0046777","protein autophosphorylation","7/453","80/25730",0.0875,4.96992273730684,4.76081333420798,0.000526063729709222,0.00612054916296306,0.00410141068622343,"Igf1r/Errfi1/Epha7/Erbb4/Pdgfra/Ephb1/Obscn",7
"GO:0061614","miRNA transcription","7/453","80/25730",0.0875,4.96992273730684,4.76081333420798,0.000526063729709222,0.00612054916296306,0.00410141068622343,"Bmp4/Ptger3/Myc/Atoh8/Ppara/Il6/Il10",7
"GO:0035249","synaptic transmission, glutamatergic","9/453","131/25730",0.0687022900763359,3.90222941206208,4.45813973698147,0.000534577252135713,0.00617233708747655,0.00413611403413578,"Grid2/Unc13c/Syt1/Dgki/Reln/Grik4/Grik5/Nrxn1/Homer2",9
"GO:0032330","regulation of chondrocyte differentiation","6/453","58/25730",0.103448275862069,5.87577072390957,4.97651377301415,0.000537833923882885,0.00617233708747655,0.00413611403413578,"Bmp4/Sox6/Axin2/Scin/Pthlh/Zbtb16",6
"GO:1902895","positive regulation of miRNA transcription","6/453","58/25730",0.103448275862069,5.87577072390957,4.97651377301415,0.000537833923882885,0.00617233708747655,0.00413611403413578,"Bmp4/Ptger3/Myc/Atoh8/Il6/Il10",6
"GO:0001946","lymphangiogenesis","4/453","22/25730",0.181818181818182,10.3271121814168,5.85898229066505,0.000539259674702792,0.00617233708747655,0.00413611403413578,"Ptpn14/Pdpn/Ccbe1/Acvr2b",4
"GO:0046321","positive regulation of fatty acid oxidation","4/453","22/25730",0.181818181818182,10.3271121814168,5.85898229066505,0.000539259674702792,0.00617233708747655,0.00413611403413578,"Irs1/Irs2/Ppara/Ppargc1a",4
"GO:0060602","branch elongation of an epithelium","4/453","22/25730",0.181818181818182,10.3271121814168,5.85898229066505,0.000539259674702792,0.00617233708747655,0.00413611403413578,"Bmp4/Spry1/Shh/Fgf1",4
"GO:0120254","olefinic compound metabolic process","12/453","219/25730",0.0547945205479452,3.11228038344068,4.2024995161953,0.000541864601753781,0.00618543554832147,0.00414489137843154,"Fads1/Kcnma1/Cyp2d22/Ces1d/Aldh1a1/Cyp2s1/Adh1/Adh7/Dab2/Rdh12/Dagla/Ppargc1a",12
"GO:0030073","insulin secretion","14/453","284/25730",0.0492957746478873,2.79995647172216,4.08328037654374,0.000558317699338195,0.00635611681907864,0.00425926575386467,"Irs1/Plcb1/Camk2n1/Mafa/Irs2/Ptger3/Pim3/Brsk2/Abat/Nrxn1/Il6/Syt7/Acvr2b/Gnao1",14
"GO:0050921","positive regulation of chemotaxis","10/453","160/25730",0.0625,3.54994481236203,4.33134920196284,0.000564170643620123,0.00638900859734007,0.00428130669941685,"Shh/Pgf/Cxcl12/Cxcl14/Pdgfra/Slit2/Ntf3/Ntrk3/Artn/Il34",10
"GO:0031503","protein-containing complex localization","9/453","132/25730",0.0681818181818182,3.87266706803131,4.42962574078655,0.000564944393280177,0.00638900859734007,0.00428130669941685,"Adam22/Olfm1/Mylk/Akap5/Klhl21/Erbb4/Mapk10/Lrrc7/Magi2",9
"GO:0048332","mesoderm morphogenesis","7/453","81/25730",0.0864197530864197,4.90856566647589,4.71652883313922,0.000567241377237277,0.00638900859734007,0.00428130669941685,"Bmp4/Tcf7l1/Sfrp2/Wnt3a/Lef1/Nr4a3/Tbx6",7
"GO:0071384","cellular response to corticosteroid stimulus","7/453","81/25730",0.0864197530864197,4.90856566647589,4.71652883313922,0.000567241377237277,0.00638900859734007,0.00428130669941685,"Bmp4/Hmgcs2/Scnn1g/Axin2/Zfp36l2/Errfi1/Fbxo32",7
"GO:0007164","establishment of tissue polarity","5/453","39/25730",0.128205128205128,7.28193807664006,5.25573234737631,0.000581648918911864,0.00653390761695422,0.0043784042590713,"Brsk2/Sfrp2/Erbb4/Brsk1/Pkhd1",5
"GO:0048639","positive regulation of developmental growth","12/453","221/25730",0.0542986425339367,3.08411495010638,4.16551669259085,0.000587333324059357,0.00657478318219766,0.00440579518031564,"Plcb1/Tgfbr3/Ccnd2/Igf1r/Dio3/Cxcl12/Syt1/Erbb4/Wnt3a/Igf1/Igf2/Ntrk3",12
"GO:0010171","body morphogenesis","6/453","59/25730",0.101694915254237,5.77618138960602,4.91680760653861,0.000589945126147606,0.00657478318219766,0.00440579518031564,"Gpc3/Twist2/Crispld2/Tiparp/Lef1/Pdgfra",6
"GO:0030850","prostate gland development","6/453","59/25730",0.101694915254237,5.77618138960602,4.91680760653861,0.000589945126147606,0.00657478318219766,0.00440579518031564,"Bmp4/Igf1r/Nkx3-1/Shh/Igf1/Plag1",6
"GO:0070663","regulation of leukocyte proliferation","14/453","286/25730",0.048951048951049,2.7803763565353,4.05321771007149,0.000598178222463386,0.00664904139667307,0.00445555598221105,"Bmp4/Irs2/Shh/Slc7a1/Prdm1/St6gal1/Cd59a/Wnt3a/Igf1/Igf2/Il6/Crtam/Il10/Il34",14
"GO:0030308","negative regulation of cell growth","11/453","191/25730",0.0575916230366492,3.2711533349514,4.21753782318454,0.000605249535730262,0.00667508277035849,0.00447300643730479,"Smarca2/Minar1/Prdm11/Slit3/Dab2/Fhl1/Sfrp2/Ppara/Epha7/Wnt3a/Slit2",11
"GO:0071772","response to BMP","11/453","191/25730",0.0575916230366492,3.2711533349514,4.21753782318454,0.000605249535730262,0.00667508277035849,0.00447300643730479,"Bmp4/Gpc3/Tgfbr3/Nbl1/Sfrp2/Gdf7/Wnt3a/Lef1/Smad9/Acvr2b/Zfp423",11
"GO:0071773","cellular response to BMP stimulus","11/453","191/25730",0.0575916230366492,3.2711533349514,4.21753782318454,0.000605249535730262,0.00667508277035849,0.00447300643730479,"Bmp4/Gpc3/Tgfbr3/Nbl1/Sfrp2/Gdf7/Wnt3a/Lef1/Smad9/Acvr2b/Zfp423",11
"GO:0048736","appendage development","12/453","222/25730",0.0540540540540541,3.07022254042122,4.14718210776464,0.000611242865205944,0.00670625267913775,0.00449389354948248,"Cyp26b1/Bmp4/Gpc3/Lrp4/Frem2/Shh/Npr2/Sfrp2/Errfi1/Zbtb16/Lef1/Slc7a11",12
"GO:0060173","limb development","12/453","222/25730",0.0540540540540541,3.07022254042122,4.14718210776464,0.000611242865205944,0.00670625267913775,0.00449389354948248,"Cyp26b1/Bmp4/Gpc3/Lrp4/Frem2/Shh/Npr2/Sfrp2/Errfi1/Zbtb16/Lef1/Slc7a11",12
"GO:0071560","cellular response to transforming growth factor beta stimulus","14/453","287/25730",0.0487804878048781,2.77068863403866,4.03828326530409,0.000618997716418978,0.00677378637993378,0.00453914822104057,"Spry1/Lats2/Tgfbr3/Sox6/Igf1r/Zfp36l2/Dab2/Ppara/Penk/Peg10/Rasl11b/Smad9/Ppargc1a/Pde3a",14
"GO:0072111","cell proliferation involved in kidney development","4/453","23/25730",0.173913043478261,9.87810730396391,5.70238320958606,0.000643767604203709,0.00702669021598636,0.00470862034979164,"Bmp4/Gpc3/Shh/Myc",4
"GO:0014046","dopamine secretion","5/453","40/25730",0.125,7.09988962472406,5.16853796252919,0.000655228950602377,0.00711900790980768,0.00477048289935786,"Tgm2/Cxcl12/Syt1/Abat/Syt7",5
"GO:0070373","negative regulation of ERK1 and ERK2 cascade","7/453","83/25730",0.0843373493975904,4.79028697571744,4.63010290814326,0.000657268498874806,0.00711900790980768,0.00477048289935786,"Spry1/Spry4/Cnksr3/Dab2/Errfi1/Igf1/Wnk2",7
"GO:1903539","protein localization to postsynaptic membrane","7/453","83/25730",0.0843373493975904,4.79028697571744,4.63010290814326,0.000657268498874806,0.00711900790980768,0.00477048289935786,"Adam22/Olfm1/Mylk/Erbb4/Mapk10/Lrrc7/Magi2",7
"GO:0031345","negative regulation of cell projection organization","12/453","224/25730",0.0535714285714286,3.04280983916746,4.11082096481232,0.000661518165429181,0.00714675875151169,0.00478907887754316,"Pmp22/Lrp4/Kank1/Minar1/Dpysl3/Dab1/Dab2/Dpysl5/Epha7/Wnt3a/Slit2/Tbx6",12
"GO:0008277","regulation of G protein-coupled receptor signaling pathway","10/453","164/25730",0.0609756097560976,3.46336079254832,4.23658912234906,0.000683682545525579,0.00735700157125244,0.00492996364533563,"Plcb1/Ptger3/Adm/Slit3/Slc24a4/Nrxn1/Slit2/Homer2/Aplp1/Pde3a",10
"GO:0050769","positive regulation of neurogenesis","15/453","324/25730",0.0462962962962963,2.6295887498978,3.95166541727203,0.000687806939690767,0.00735700157125244,0.00492996364533563,"Tgm2/Jade2/Shh/Cxcl12/Reln/Myc/Akap5/Wnt3a/Igf1/Il6/Robo2/Plag1/Ntf3/Ntrk3/Il34",15
"GO:0006109","regulation of carbohydrate metabolic process","12/453","225/25730",0.0533333333333333,3.02928623988227,4.09279220749718,0.000687927419649579,0.00735700157125244,0.00492996364533563,"Irs1/Pdk4/Irs2/Rora/Myc/Rorc/Ppara/Igf1/Ppp1r3a/Igf2/Il6/Ppargc1a",12
"GO:0061351","neural precursor cell proliferation","12/453","225/25730",0.0533333333333333,3.02928623988227,4.09279220749718,0.000687927419649579,0.00735700157125244,0.00492996364533563,"Smarca1/Slc6a4/Rora/Shh/Wnt3a/Igf1/Dagla/Lef1/Ntrk3/Ephb1/Zfp423/Hhip",12
"GO:0051153","regulation of striated muscle cell differentiation","8/453","109/25730",0.073394495412844,4.16874253194807,4.43812933450596,0.000699464922501119,0.00744279886128703,0.00498745683962713,"Cyp26b1/Bmp4/Ccnd2/Sox6/Shh/Ppara/Wnt3a/Igf1",8
"GO:0090100","positive regulation of transmembrane receptor protein serine/threonine kinase signaling pathway","8/453","109/25730",0.073394495412844,4.16874253194807,4.43812933450596,0.000699464922501119,0.00744279886128703,0.00498745683962713,"Bmp4/Gpc3/Tgfbr3/Dab2/Atoh8/Gdf7/Acvr2b/Zfp423",8
"GO:0035567","non-canonical Wnt signaling pathway","6/453","61/25730",0.0983606557377049,5.58679839322549,4.80139995973358,0.000705858080828777,0.00747836048766315,0.00501128686378919,"Gpc3/Nkd1/Dact1/Dab2/Sfrp2/Wnt3a",6
"GO:0062237","protein localization to postsynapse","7/453","84/25730",0.0833333333333333,4.73325974981604,4.58791985053959,0.000706338652907971,0.00747836048766315,0.00501128686378919,"Adam22/Olfm1/Mylk/Erbb4/Mapk10/Lrrc7/Magi2",7
"GO:0014074","response to purine-containing compound","10/453","165/25730",0.0606060606060606,3.44237072713894,4.21335885563665,0.000716614394756331,0.00756823431868594,0.00507151176863911,"Irs1/Hmgcs2/Slc6a4/Akap7/Npr2/Thbd/Rapgef3/Penk/Slc26a3/Pde3a",10
"GO:1903037","regulation of leukocyte cell-cell adhesion","17/453","396/25730",0.0429292929292929,2.43834593172341,3.86150720438161,0.000726745953154037,0.00765614206867499,0.00513041919272921,"Smarca2/Bmp4/Gcnt1/Shh/Slc7a1/Cxcl12/Ppara/Zbtb16/Cd59a/Igf1/Igf2/Lef1/Il6/Nr4a3/Vnn1/Gp1ba/Crtam",17
"GO:0031346","positive regulation of cell projection organization","19/453","469/25730",0.0405117270788913,2.30103032613658,3.80667992665662,0.000729546379978023,0.00766010292884658,0.00513307338499233,"Tenm2/Bmp4/Igf1r/Dpysl3/Hgf/Cxcl12/Apbb1/Reln/Akap5/Erbb4/Wnt3a/Il6/Robo2/Lrrc7/Avil/Magi2/Ntrk3/Cpeb1/Tnn",19
"GO:0031128","developmental induction","5/453","41/25730",0.121951219512195,6.92672158509665,5.08429387968617,0.000735558830794925,0.00766010292884658,0.00513307338499233,"Bmp4/Spry1/Fgf1/Robo2/Wnt2b",5
"GO:0046825","regulation of protein export from nucleus","5/453","41/25730",0.121951219512195,6.92672158509665,5.08429387968617,0.000735558830794925,0.00766010292884658,0.00513307338499233,"Wipf1/Ptpn14/Camk4/Rapgef3/Peg12",5
"GO:0060325","face morphogenesis","5/453","41/25730",0.121951219512195,6.92672158509665,5.08429387968617,0.000735558830794925,0.00766010292884658,0.00513307338499233,"Twist2/Crispld2/Tiparp/Lef1/Pdgfra",5
"GO:0006721","terpenoid metabolic process","8/453","110/25730",0.0727272727272727,4.13084487256673,4.40520496287664,0.000742946158337052,0.00766010292884658,0.00513307338499233,"Cyp26b1/Hmgcs2/Ces1d/Aldh1a1/Cyp2s1/Adh1/Adh7/Rdh12",8
"GO:0010586","miRNA metabolic process","8/453","110/25730",0.0727272727272727,4.13084487256673,4.40520496287664,0.000742946158337052,0.00766010292884658,0.00513307338499233,"Bmp4/Ago4/Ptger3/Myc/Atoh8/Ppara/Il6/Il10",8
"GO:0099068","postsynapse assembly","8/453","110/25730",0.0727272727272727,4.13084487256673,4.40520496287664,0.000742946158337052,0.00766010292884658,0.00513307338499233,"Il1rap/Lrp4/Grid2/Reln/Nrxn1/Magi2/Pcdh7/Ntrk3",8
"GO:0140029","exocytic process","8/453","110/25730",0.0727272727272727,4.13084487256673,4.40520496287664,0.000742946158337052,0.00766010292884658,0.00513307338499233,"Cplx2/Unc13c/Syt1/Grik5/Brsk1/Nrxn1/Syt7/Gnao1",8
"GO:0009755","hormone-mediated signaling pathway","12/453","227/25730",0.052863436123348,3.00259649327537,4.05703294842719,0.000743400780107661,0.00766010292884658,0.00513307338499233,"Lbh/Cyp26b1/Lats2/Crebrf/Nkx3-1/Dab2/Mn1/Pgr/Errfi1/Ppara/Igf1/Pde3a",12
"GO:1990874","vascular associated smooth muscle cell proliferation","7/453","85/25730",0.0823529411764706,4.67757434099468,4.5463970583827,0.000758264430335849,0.0077942957826998,0.00522299668928321,"Spon2/Igf1/Calcrl/Nr4a3/Ppargc1a/Il10/Tafa5",7
"GO:0001974","blood vessel remodeling","6/453","62/25730",0.0967741935483871,5.49668874172185,4.74559254056828,0.000770042900782165,0.00787712967346007,0.00527850409486071,"Tgm2/Tgfbr3/Npr2/Npr3/Igf1/Acvr2b",6
"GO:0021575","hindbrain morphogenesis","6/453","62/25730",0.0967741935483871,5.49668874172185,4.74559254056828,0.000770042900782165,0.00787712967346007,0.00527850409486071,"Rora/Grid2/Dab1/Dlc1/Foxp2/Atp2b2",6
"GO:0045580","regulation of T cell differentiation","11/453","197/25730",0.0558375634517767,3.17152429936912,4.09585594984471,0.000781729683729069,0.00797741014600628,0.00534570254238065,"Smarca2/Cyp26b1/Bmp4/Shh/Rorc/Prdm1/Zbtb16/Lef1/Il6/Vnn1/Crtam",11
"GO:0060485","mesenchyme development","15/453","329/25730",0.0455927051671733,2.58962539503613,3.88476832703874,0.000803593807140387,0.00800444743800728,0.00536382036733179,"Bmp4/Pdpn/Spry1/Tgfbr3/Axin2/Shh/Dab2/Olfm1/Sfrp2/Myc/Erbb4/Wnt3a/Lef1/Il6/Robo2",15
"GO:0099003","vesicle-mediated transport in synapse","15/453","329/25730",0.0455927051671733,2.58962539503613,3.88476832703874,0.000803593807140387,0.00800444743800728,0.00536382036733179,"Cplx2/Scrn1/Unc13c/Syt1/Reln/Mylk/Akap5/Grik5/Brsk1/Nrxn1/Atp6v0a4/Mapk10/Syt7/Magi2/Sh3gl2",15
"GO:0031017","exocrine pancreas development","3/453","11/25730",0.272727272727273,15.4906682721252,6.43510308149821,0.000805169919383967,0.00800444743800728,0.00536382036733179,"Igf1r/Igf1/Igf2",3
"GO:0060013","righting reflex","3/453","11/25730",0.272727272727273,15.4906682721252,6.43510308149821,0.000805169919383967,0.00800444743800728,0.00536382036733179,"Shank1/Foxp2/Glrb",3
"GO:0070091","glucagon secretion","3/453","11/25730",0.272727272727273,15.4906682721252,6.43510308149821,0.000805169919383967,0.00800444743800728,0.00536382036733179,"Irs1/Il6/Syt7",3
"GO:0070092","regulation of glucagon secretion","3/453","11/25730",0.272727272727273,15.4906682721252,6.43510308149821,0.000805169919383967,0.00800444743800728,0.00536382036733179,"Irs1/Il6/Syt7",3
"GO:0070305","response to cGMP","3/453","11/25730",0.272727272727273,15.4906682721252,6.43510308149821,0.000805169919383967,0.00800444743800728,0.00536382036733179,"Slc6a4/Npr2/Pde3a",3
"GO:0072102","glomerulus morphogenesis","3/453","11/25730",0.272727272727273,15.4906682721252,6.43510308149821,0.000805169919383967,0.00800444743800728,0.00536382036733179,"Bmp4/Pdgfra/Kirrel3",3
"GO:0072203","cell proliferation involved in metanephros development","3/453","11/25730",0.272727272727273,15.4906682721252,6.43510308149821,0.000805169919383967,0.00800444743800728,0.00536382036733179,"Gpc3/Shh/Myc",3
"GO:1901731","positive regulation of platelet aggregation","3/453","11/25730",0.272727272727273,15.4906682721252,6.43510308149821,0.000805169919383967,0.00800444743800728,0.00536382036733179,"Pdpn/Il6/Mfsd2b",3
"GO:1904338","regulation of dopaminergic neuron differentiation","3/453","11/25730",0.272727272727273,15.4906682721252,6.43510308149821,0.000805169919383967,0.00800444743800728,0.00536382036733179,"Shh/Sfrp2/Wnt3a",3
"GO:0051149","positive regulation of muscle cell differentiation","7/453","86/25730",0.0813953488372093,4.62318394168078,4.50551577520125,0.000813162294088715,0.0080649702938307,0.00540437703651713,"Cyp26b1/Bmp4/Lama2/Lama1/Shh/Wnt3a/Igf1",7
"GO:0032944","regulation of mononuclear cell proliferation","13/453","262/25730",0.049618320610687,2.81827679760039,3.96014431050828,0.000819260181254044,0.00807143217422089,0.00540870717497037,"Bmp4/Irs2/Shh/Slc7a1/Prdm1/St6gal1/Cd59a/Wnt3a/Igf1/Igf2/Il6/Crtam/Il10",13
"GO:0042573","retinoic acid metabolic process","5/453","42/25730",0.119047619047619,6.76179964259434,5.00282649835309,0.000823020670854289,0.00807143217422089,0.00540870717497037,"Cyp26b1/Aldh1a1/Cyp2s1/Adh1/Adh7",5
"GO:0060391","positive regulation of SMAD protein signal transduction","5/453","42/25730",0.119047619047619,6.76179964259434,5.00282649835309,0.000823020670854289,0.00807143217422089,0.00540870717497037,"Bmp4/Tgfbr3/Dab2/Atoh8/Gdf7",5
"GO:1905314","semi-lunar valve development","5/453","42/25730",0.119047619047619,6.76179964259434,5.00282649835309,0.000823020670854289,0.00807143217422089,0.00540870717497037,"Bmp4/Axin2/Slit3/Robo2/Slit2",5
"GO:0007156","homophilic cell adhesion via plasma membrane adhesion molecules","10/453","168/25730",0.0595238095238095,3.38089982129717,4.14472898571753,0.000823343258385697,0.00807143217422089,0.00540870717497037,"Pcdh19/Sdk1/Sdk2/Cdh11/Palld/Ptprm/Robo2/Pcdh10/Pcdh7/Kirrel3",10
"GO:0071559","response to transforming growth factor beta","14/453","296/25730",0.0472972972972973,2.68644472286856,3.9066852522797,0.000835658603365749,0.00814598521121682,0.00545866553891519,"Spry1/Lats2/Tgfbr3/Sox6/Igf1r/Zfp36l2/Dab2/Ppara/Penk/Peg10/Rasl11b/Smad9/Ppargc1a/Pde3a",14
"GO:1904019","epithelial cell apoptotic process","8/453","112/25730",0.0714285714285714,4.05707978555661,4.34051203073531,0.000836430874086079,0.00814598521121682,0.00545866553891519,"Igf1r/Myc/Pgr/Ppara/Igf1/Lef1/Pkhd1/Ppargc1a",8
"GO:0001738","morphogenesis of a polarized epithelium","6/453","63/25730",0.0952380952380952,5.40943971407548,4.69098364716752,0.000838642161060338,0.00814598521121682,0.00545866553891519,"Lama1/Brsk2/Sfrp2/Erbb4/Brsk1/Pkhd1",6
"GO:0018108","peptidyl-tyrosine phosphorylation","6/453","63/25730",0.0952380952380952,5.40943971407548,4.69098364716752,0.000838642161060338,0.00814598521121682,0.00545866553891519,"Sfrp2/Reln/Errfi1/Epha7/Erbb4/Pdgfra",6
"GO:0001932","regulation of protein phosphorylation","11/453","199/25730",0.0552763819095477,3.13964968329506,4.05632822497052,0.000849283086886292,0.00823046652852047,0.00551527689328061,"Lats2/Cnksr3/Heg1/Sfrp2/Reln/Errfi1/Epha7/Erbb4/Fgf1/Ereg/Il34",11
"GO:0030518","nuclear receptor-mediated steroid hormone signaling pathway","9/453","140/25730",0.0642857142857143,3.65137180700095,4.2111169153656,0.000862409632923635,0.00831960090075534,0.00557500628308865,"Lbh/Crebrf/Nkx3-1/Dab2/Pgr/Errfi1/Ppara/Igf1/Pde3a",9
"GO:0043401","steroid hormone receptor signaling pathway","9/453","140/25730",0.0642857142857143,3.65137180700095,4.2111169153656,0.000862409632923635,0.00831960090075534,0.00557500628308865,"Lbh/Crebrf/Nkx3-1/Dab2/Pgr/Errfi1/Ppara/Igf1/Pde3a",9
"GO:0141193","nuclear receptor-mediated signaling pathway","11/453","200/25730",0.055,3.12395143487859,4.03675101252441,0.000884831606767807,0.00851650421514014,0.00570695218144978,"Lbh/Cyp26b1/Crebrf/Nkx3-1/Dab2/Mn1/Pgr/Errfi1/Ppara/Igf1/Pde3a",11
"GO:0050680","negative regulation of epithelial cell proliferation","10/453","170/25730",0.0588235294117647,3.34112452928191,4.09983464967213,0.000901502359218607,0.00865728456075011,0.00580128979700051,"Col4a3/Bmp4/Gpc3/Tgfbr3/Nkx3-1/Dab2/Sfrp2/Atoh8/Ptprm/Etv4",10
"GO:0060326","cell chemotaxis","15/453","333/25730",0.045045045045045,2.55851878368435,3.8321344550353,0.000907755716544747,0.00869755952460014,0.00582827825223935,"Ackr4/Nbl1/Itga1/Itga9/Hgf/Shh/Pgf/Cxcl12/Fgf1/Cxcl14/Lef1/Pdgfra/Slit2/Ephb1/Il34",15
"GO:0018212","peptidyl-tyrosine modification","6/453","64/25730",0.09375,5.32491721854305,4.63752732464737,0.000911857480265044,0.00869755952460014,0.00582827825223935,"Sfrp2/Reln/Errfi1/Epha7/Erbb4/Pdgfra",6
"GO:0030837","negative regulation of actin filament polymerization","6/453","64/25730",0.09375,5.32491721854305,4.63752732464737,0.000911857480265044,0.00869755952460014,0.00582827825223935,"Kank4/Kank1/Fhod3/Scin/Slit2/Avil",6
"GO:0007548","sex differentiation","16/453","369/25730",0.043360433604336,2.4628343413677,3.78898541523462,0.000928541654846678,0.00883679529949592,0.0059215808432091,"Bmp4/Ago4/Nkx3-1/Mertk/Shh/Npr2/Slit3/Ccno/Sfrp2/Pgr/Tiparp/Pdgfra/Ereg/Smad9/Nup210l/Wnt2b",16
"GO:0048771","tissue remodeling","12/453","234/25730",0.0512820512820513,2.91277523065603,3.93489939453405,0.000967901635708254,0.00919072517314901,0.0061587510263617,"Rassf2/Pdk4/Tgm2/Tgfbr3/Ubash3b/Adamdec1/Npr2/Npr3/Igf1/Il6/Syt7/Acvr2b",12
"GO:2000630","positive regulation of miRNA metabolic process","6/453","65/25730",0.0923076923076923,5.24299541518085,4.5851800778866,0.0009898943057702,0.00937852882536196,0.00628459919547029,"Bmp4/Ptger3/Myc/Atoh8/Il6/Il10",6
"GO:0003281","ventricular septum development","7/453","89/25730",0.0786516853932584,4.46734628072525,4.38654441095544,0.000996888829150878,0.00942371471306689,0.00631487848541064,"Bmp4/Tgfbr3/Heg1/Slit3/Prdm1/Robo2/Slit2",7
"GO:0021955","central nervous system neuron axonogenesis","5/453","44/25730",0.113636363636364,6.45444511338551,4.84759652331242,0.00102090089084167,0.00960781171714324,0.00643824281101552,"Plxna4/Nr4a2/Cdh11/Slit2/Ephb1",5
"GO:0046320","regulation of fatty acid oxidation","5/453","44/25730",0.113636363636364,6.45444511338551,4.84759652331242,0.00102090089084167,0.00960781171714324,0.00643824281101552,"Irs1/Pdk4/Irs2/Ppara/Ppargc1a",5
"GO:0001837","epithelial to mesenchymal transition","10/453","173/25730",0.0578034682080925,3.28318595362962,4.03373338277117,0.0010300740379907,0.00967264645430287,0.00648168889350663,"Bmp4/Pdpn/Spry1/Tgfbr3/Axin2/Dab2/Olfm1/Sfrp2/Lef1/Il6",10
"GO:0001659","temperature homeostasis","11/453","204/25730",0.053921568627451,3.06269748517509,3.95965210624181,0.00103958067409795,0.00974031892655936,0.00652703655651626,"Plcl2/Igf1r/Ptger3/Ces1d/Aldh1a1/Npr3/Abat/Nova1/Acvr2b/Ppargc1a/Zfp423",11
"GO:0006112","energy reserve metabolic process","8/453","116/25730",0.0689655172413793,3.91718048260638,4.21552220772195,0.00105169344147194,0.00975498939814393,0.00653686731309166,"Irs1/Irs2/Adgrf5/Pgf/Igf1/Ppp1r3a/Igf2/Epm2a",8
"GO:0010595","positive regulation of endothelial cell migration","8/453","116/25730",0.0689655172413793,3.91718048260638,4.21552220772195,0.00105169344147194,0.00975498939814393,0.00653686731309166,"Bmp4/Tgfbr3/Shh/Ccbe1/Atoh8/Igf1/Fgf1/Igf2",8
"GO:0019227","neuronal action potential propagation","3/453","12/25730",0.25,14.1997792494481,6.12260843549767,0.00105957381892472,0.00975498939814393,0.00653686731309166,"Pmp22/Atp1a2/Ntrk3",3
"GO:0060426","lung vasculature development","3/453","12/25730",0.25,14.1997792494481,6.12260843549767,0.00105957381892472,0.00975498939814393,0.00653686731309166,"Bmp4/Errfi1/Igf1",3
"GO:0060638","mesenchymal-epithelial cell signaling","3/453","12/25730",0.25,14.1997792494481,6.12260843549767,0.00105957381892472,0.00975498939814393,0.00653686731309166,"Hgf/Shh/Wnt2b",3
"GO:0099541","trans-synaptic signaling by lipid","3/453","12/25730",0.25,14.1997792494481,6.12260843549767,0.00105957381892472,0.00975498939814393,0.00653686731309166,"Plcb1/Dagla/Nrxn1",3
"GO:0099542","trans-synaptic signaling by endocannabinoid","3/453","12/25730",0.25,14.1997792494481,6.12260843549767,0.00105957381892472,0.00975498939814393,0.00653686731309166,"Plcb1/Dagla/Nrxn1",3
"GO:1904672","regulation of somatic stem cell population maintenance","3/453","12/25730",0.25,14.1997792494481,6.12260843549767,0.00105957381892472,0.00975498939814393,0.00653686731309166,"Lbh/Tcf7l1/Myc",3
"GO:0036293","response to decreased oxygen levels","16/453","374/25730",0.0427807486631016,2.42990874856866,3.72907864961941,0.00106855907157427,0.00981637238203257,0.00657800035840671,"Acaa2/Kcnk2/Slc6a4/Kcnma1/Rora/Dio3/Nkx3-1/Nr4a2/Pgf/Plod1/Myc/Ppara/Abat/Penk/Angptl4/Cpeb1",16
"GO:0000271","polysaccharide biosynthetic process","6/453","66/25730",0.0909090909090909,5.16355609070841,4.53390070409743,0.00107296179279097,0.00983548310058392,0.00659080654674063,"Irs1/Irs2/Igf1/Ppp1r3a/Igf2/Epm2a",6
"GO:0001935","endothelial cell proliferation","10/453","174/25730",0.0574712643678161,3.26431706883865,4.01202116143644,0.00107612453730528,0.00983826150226327,0.00659266836763854,"Col4a3/Bmp4/Enpep/Pgf/Cxcl12/Atoh8/Ptprm/Igf1/Igf2/Il10",10
"GO:0099504","synaptic vesicle cycle","13/453","270/25730",0.0481481481481481,2.73477229989371,3.83612677890502,0.00107791105951598,0.00983826150226327,0.00659266836763854,"Cplx2/Scrn1/Unc13c/Syt1/Reln/Mylk/Grik5/Brsk1/Nrxn1/Atp6v0a4/Syt7/Magi2/Sh3gl2",13
"GO:0016525","negative regulation of angiogenesis","8/453","117/25730",0.0683760683760684,3.88370030754137,4.1851460680693,0.00111188022215361,0.0101159459803925,0.00677874612891027,"Col4a3/Minar1/Cd59a/Ptprm/Zfp354c/Ism1/Tafa5/Hhip",8
"GO:0034765","regulation of monoatomic ion transmembrane transport","14/453","305/25730",0.0459016393442623,2.60717258350523,3.77989507359885,0.00111311235581179,0.0101159459803925,0.00677874612891027,"Bmp4/Cacna2d1/Ubash3b/Ptger3/Akap7/Fhl1/Ehd3/Rapgef3/Reln/Akap5/Wnk2/Atp1a2/Kcnip3/Fgf12",14
"GO:0043409","negative regulation of MAPK cascade","10/453","175/25730",0.0571428571428571,3.24566382844529,3.99046600801557,0.00112384507898819,0.0101916143672698,0.0068294518944036,"Spry1/Igf1r/Spry4/Cnksr3/Dact1/Dab2/Errfi1/Igf1/Wnk2/Sh3gl2",10
"GO:0008217","regulation of blood pressure","12/453","239/25730",0.0502092050209205,2.85183851034941,3.8504050262235,0.00116065833452485,0.0104415919256851,0.00699696310983585,"Scnn1g/Camk2n1/Adm/Enpep/Pgf/Npr3/Ppara/Abat/Atp1a2/Corin/Gucy1a1/Qrfp",12
"GO:0042325","regulation of phosphorylation","12/453","239/25730",0.0502092050209205,2.85183851034941,3.8504050262235,0.00116065833452485,0.0104415919256851,0.00699696310983585,"Irs1/Lats2/Cnksr3/Heg1/Sfrp2/Reln/Errfi1/Epha7/Erbb4/Fgf1/Ereg/Il34",12
"GO:0050796","regulation of insulin secretion","12/453","239/25730",0.0502092050209205,2.85183851034941,3.8504050262235,0.00116065833452485,0.0104415919256851,0.00699696310983585,"Irs1/Plcb1/Camk2n1/Irs2/Ptger3/Pim3/Brsk2/Abat/Nrxn1/Il6/Syt7/Gnao1",12
"GO:1903053","regulation of extracellular matrix organization","6/453","67/25730",0.0895522388059701,5.08648808935455,4.48365013914414,0.0011612726793383,0.0104415919256851,0.00699696310983585,"Pdpn/Tgfbr3/Axin2/Lama2/Lama1/Il6",6
"GO:1990138","neuron projection extension","11/453","207/25730",0.0531400966183575,3.01831056510008,3.90305882083696,0.00116975377823812,0.0104827935135216,0.00702457250045464,"Jade2/Plxna4/Slit3/Cxcl12/Olfm1/Syt1/Wnt3a/Slit2/Sh3gl2/Ntrk3/Tnn",11
"GO:0050770","regulation of axonogenesis","10/453","176/25730",0.0568181818181818,3.22722255669276,3.96906576822836,0.0011732807852206,0.0104827935135216,0.00702457250045464,"Lrp4/Dab1/Brsk2/Cxcl12/Epha7/Wnt3a/Brsk1/Robo2/Slit2/Ntrk3",10
"GO:1990845","adaptive thermogenesis","10/453","176/25730",0.0568181818181818,3.22722255669276,3.96906576822836,0.0011732807852206,0.0104827935135216,0.00702457250045464,"Plcl2/Igf1r/Pm20d1/Ces1d/Aldh1a1/Npr3/Nova1/Acvr2b/Ppargc1a/Zfp423",10
"GO:1905207","regulation of cardiocyte differentiation","4/453","27/25730",0.148148148148148,8.41468399967296,5.16036488321059,0.00120692963154462,0.0107607305044031,0.00721081947178793,"Bmp4/Ccnd2/Sox6/Wnt3a",4
"GO:0030326","embryonic limb morphogenesis","9/453","147/25730",0.0612244897959184,3.47749695904852,4.03268084451011,0.00121715744417606,0.0108064188177896,0.00724143543969693,"Cyp26b1/Bmp4/Gpc3/Lrp4/Frem2/Shh/Sfrp2/Zbtb16/Lef1",9
"GO:0035113","embryonic appendage morphogenesis","9/453","147/25730",0.0612244897959184,3.47749695904852,4.03268084451011,0.00121715744417606,0.0108064188177896,0.00724143543969693,"Cyp26b1/Bmp4/Gpc3/Lrp4/Frem2/Shh/Sfrp2/Zbtb16/Lef1",9
"GO:0070665","positive regulation of leukocyte proliferation","10/453","177/25730",0.0564971751412429,3.20898966089223,3.94781832976501,0.00122447749566905,0.0108486656781557,0.00726974527267948,"Irs2/Shh/Slc7a1/St6gal1/Cd59a/Wnt3a/Igf1/Igf2/Il6/Il34",10
"GO:0006939","smooth muscle contraction","8/453","119/25730",0.0672268907563025,3.81842803346504,4.12538944222603,0.00124049454966059,0.0109220258166582,0.00731890426936198,"Ptger3/Kcnma1/Apbb1/Mylk/Abat/Atp1a2/Calcrl/Gucy1a1",8
"GO:0010660","regulation of muscle cell apoptotic process","8/453","119/25730",0.0672268907563025,3.81842803346504,4.12538944222603,0.00124049454966059,0.0109220258166582,0.00731890426936198,"Igf1r/Lifr/Sfrp2/Rapgef3/Erbb4/Igf1/Fbxo32/Nr4a3",8
"GO:2000181","negative regulation of blood vessel morphogenesis","8/453","119/25730",0.0672268907563025,3.81842803346504,4.12538944222603,0.00124049454966059,0.0109220258166582,0.00731890426936198,"Col4a3/Minar1/Cd59a/Ptprm/Zfp354c/Ism1/Tafa5/Hhip",8
"GO:0017145","stem cell division","5/453","46/25730",0.108695652173913,6.17381706497744,4.70171656013372,0.00125204873300044,0.0109328379056842,0.00732614950443663,"Lbh/Zfp36l2/Sfrp2/Zbtb16/Wnt3a",5
"GO:0032885","regulation of polysaccharide biosynthetic process","5/453","46/25730",0.108695652173913,6.17381706497744,4.70171656013372,0.00125204873300044,0.0109328379056842,0.00732614950443663,"Irs1/Irs2/Igf1/Ppp1r3a/Igf2",5
"GO:0050922","negative regulation of chemotaxis","5/453","46/25730",0.108695652173913,6.17381706497744,4.70171656013372,0.00125204873300044,0.0109328379056842,0.00732614950443663,"Nbl1/St6gal1/Wnt3a/Robo2/Slit2",5
"GO:0098698","postsynaptic specialization assembly","5/453","46/25730",0.108695652173913,6.17381706497744,4.70171656013372,0.00125204873300044,0.0109328379056842,0.00732614950443663,"Il1rap/Grid2/Reln/Nrxn1/Ntrk3",5
"GO:1901379","regulation of potassium ion transmembrane transport","6/453","68/25730",0.0882352941176471,5.01168679392287,4.43439131629356,0.00125504315730576,0.010936435743189,0.00732856043339033,"Ptger3/Akap7/Fhl1/Rapgef3/Wnk2/Kcnip3",6
"GO:1902904","negative regulation of supramolecular fiber organization","10/453","178/25730",0.0561797752808989,3.19096162908947,3.9267216212333,0.00127748176589891,0.0111091073482174,0.00744426854179931,"Kank4/Plekhh2/Kank1/Fhod3/Scin/Dlc1/Shank1/Arhgap6/Slit2/Avil",10
"GO:0001523","retinoid metabolic process","7/453","93/25730",0.0752688172043011,4.27520235467255,4.23588148352119,0.00129094409156373,0.0111802622244834,0.00749194978119862,"Cyp26b1/Ces1d/Aldh1a1/Cyp2s1/Adh1/Adh7/Rdh12",7
"GO:2000628","regulation of miRNA metabolic process","7/453","93/25730",0.0752688172043011,4.27520235467255,4.23588148352119,0.00129094409156373,0.0111802622244834,0.00749194978119862,"Bmp4/Ptger3/Myc/Atoh8/Ppara/Il6/Il10",7
"GO:0062012","regulation of small molecule metabolic process","17/453","418/25730",0.0406698564593301,2.31001193531692,3.6149138582329,0.00130791674564463,0.0112913037511068,0.00756635926501804,"Irs1/Pdk4/Irs2/Kcnma1/Rora/Gpr146/Dab2/Myc/Rorc/Ppara/Igf1/Fgf1/Igf2/Il6/Angptl4/Slc7a11/Ppargc1a",17
"GO:1901343","negative regulation of vasculature development","8/453","120/25730",0.0666666666666667,3.78660779985283,4.09599551518592,0.0013090980263975,0.0112913037511068,0.00756635926501804,"Col4a3/Minar1/Cd59a/Ptprm/Zfp354c/Ism1/Tafa5/Hhip",8
"GO:1904062","regulation of monoatomic cation transmembrane transport","13/453","276/25730",0.0471014492753623,2.67532072815689,3.74603881726795,0.00131390040050667,0.0113096914555808,0.00757868095799314,"Bmp4/Cacna2d1/Ubash3b/Ptger3/Akap7/Fhl1/Ehd3/Rapgef3/Akap5/Wnk2/Atp1a2/Kcnip3/Fgf12",13
"GO:0003014","renal system process","9/453","149/25730",0.0604026845637584,3.43081914751767,3.98368338459351,0.001337663762446,0.0114908844502207,0.00770009929231218,"Bmp4/Ptger3/Kcnma1/Adm/Adgrf5/Dab2/Npr3/Atp6v0a4/Corin",9
"GO:0051785","positive regulation of nuclear division","6/453","69/25730",0.0869565217391304,4.93905365198196,4.3860890362251,0.00135449273993399,0.0115613526053204,0.0077473203564143,"Plcb1/Igf1r/Npr2/Igf1/Igf2/Ereg",6
"GO:0007501","mesodermal cell fate specification","3/453","13/25730",0.230769230769231,13.1074885379521,5.84538849660979,0.00135951678806365,0.0115613526053204,0.0077473203564143,"Sfrp2/Wnt3a/Tbx6",3
"GO:0044557","relaxation of smooth muscle","3/453","13/25730",0.230769230769231,13.1074885379521,5.84538849660979,0.00135951678806365,0.0115613526053204,0.0077473203564143,"Kcnma1/Npr3/Gucy1a1",3
"GO:0046958","nonassociative learning","3/453","13/25730",0.230769230769231,13.1074885379521,5.84538849660979,0.00135951678806365,0.0115613526053204,0.0077473203564143,"Shank1/Dgki/Epm2a",3
"GO:0098870","action potential propagation","3/453","13/25730",0.230769230769231,13.1074885379521,5.84538849660979,0.00135951678806365,0.0115613526053204,0.0077473203564143,"Pmp22/Atp1a2/Ntrk3",3
"GO:0002691","regulation of cellular extravasation","5/453","47/25730",0.106382978723404,6.04245925508431,4.63197536550742,0.00138111427950515,0.0116955273462874,0.00783723152316928,"Plcb1/Gcnt1/Ptger3/Cxcl12/Gp1ba",5
"GO:0071542","dopaminergic neuron differentiation","5/453","47/25730",0.106382978723404,6.04245925508431,4.63197536550742,0.00138111427950515,0.0116955273462874,0.00783723152316928,"Shh/Nr4a2/Cxcl12/Sfrp2/Wnt3a",5
"GO:0070875","positive regulation of glycogen metabolic process","4/453","28/25730",0.142857142857143,8.11415957111321,5.04216378197032,0.00138868581573574,0.0116955273462874,0.00783723152316928,"Irs1/Irs2/Igf1/Igf2",4
"GO:2000050","regulation of non-canonical Wnt signaling pathway","4/453","28/25730",0.142857142857143,8.11415957111321,5.04216378197032,0.00138868581573574,0.0116955273462874,0.00783723152316928,"Gpc3/Nkd1/Dact1/Dab2",4
"GO:0051494","negative regulation of cytoskeleton organization","10/453","180/25730",0.0555555555555556,3.15550649987736,3.88497230689105,0.00138910277572197,0.0116955273462874,0.00783723152316928,"Kank4/Plekhh2/Kank1/Fhod3/Scin/Dlc1/Shank1/Arhgap6/Slit2/Avil",10
"GO:0001936","regulation of endothelial cell proliferation","9/453","150/25730",0.06,3.40794701986755,3.959497535482,0.00140142096003298,0.0117525104272073,0.0078754161714412,"Col4a3/Bmp4/Pgf/Cxcl12/Atoh8/Ptprm/Igf1/Igf2/Il10",9
"GO:0009582","detection of abiotic stimulus","9/453","150/25730",0.06,3.40794701986755,3.959497535482,0.00140142096003298,0.0117525104272073,0.0078754161714412,"Kcnk2/Ptprq/Cds2/Cxcl12/Slc24a4/Myc/Igf1/Ephb1/Atp2b2",9
"GO:0007189","adenylate cyclase-activating G protein-coupled receptor signaling pathway","10/453","181/25730",0.0552486187845304,3.13807276230898,3.86431575385239,0.0014478161872233,0.0120631539307508,0.00808357994091944,"Ptger3/Adm/Adgrf5/Pthlh/Adgrl3/Calcrl/Adcy1/Aplp1/Adgrf3/Pde3a",10
"GO:0033157","regulation of intracellular protein transport","10/453","181/25730",0.0552486187845304,3.13807276230898,3.86431575385239,0.0014478161872233,0.0120631539307508,0.00808357994091944,"Wipf1/Ptpn14/Bmp4/Camk4/Shh/Rapgef3/Akap5/Il6/Peg12/Epm2a",10
"GO:0050795","regulation of behavior","8/453","122/25730",0.0655737704918033,3.72453226215033,4.03814426167109,0.00145534810516947,0.0120631539307508,0.00808357994091944,"Ptger3/Reln/Slc24a4/Penk/Nrxn1/Il6/Nr4a3/Qrfp",8
"GO:0006940","regulation of smooth muscle contraction","6/453","70/25730",0.0857142857142857,4.86849574266793,4.3387098472535,0.0014598441258959,0.0120631539307508,0.00808357994091944,"Ptger3/Kcnma1/Abat/Atp1a2/Calcrl/Gucy1a1",6
"GO:0050982","detection of mechanical stimulus","6/453","70/25730",0.0857142857142857,4.86849574266793,4.3387098472535,0.0014598441258959,0.0120631539307508,0.00808357994091944,"Kcnk2/Ptprq/Cxcl12/Myc/Igf1/Atp2b2",6
"GO:0031016","pancreas development","7/453","95/25730",0.0736842105263158,4.18519809457418,4.16369950909432,0.00146136403108625,0.0120631539307508,0.00808357994091944,"Bmp4/Igf1r/Shh/Igf1/Igf2/Il6/Acvr2b",7
"GO:0043266","regulation of potassium ion transport","7/453","95/25730",0.0736842105263158,4.18519809457418,4.16369950909432,0.00146136403108625,0.0120631539307508,0.00808357994091944,"Ptger3/Akap7/Fhl1/Rapgef3/Akap5/Wnk2/Kcnip3",7
"GO:0061053","somite development","7/453","95/25730",0.0736842105263158,4.18519809457418,4.16369950909432,0.00146136403108625,0.0120631539307508,0.00808357994091944,"Axin2/Nkx3-1/Shh/Sfrp2/Wnt3a/Lef1/Tbx6",7
"GO:0005996","monosaccharide metabolic process","14/453","314/25730",0.0445859872611465,2.53244470690795,3.65757993988835,0.00146409943811237,0.0120631539307508,0.00808357994091944,"Irs1/Pdk4/Irs2/Rora/Aldh1a1/Myc/Rorc/Errfi1/Ppara/Igf1/Igf2/Il6/Atp1a2/Ppargc1a",14
"GO:0009581","detection of external stimulus","9/453","151/25730",0.0596026490066225,3.38537783430551,3.93551581796862,0.00146760111227063,0.0120685256513906,0.00808717955785719,"Kcnk2/Ptprq/Cds2/Cxcl12/Slc24a4/Myc/Igf1/Ephb1/Atp2b2",9
"GO:0051017","actin filament bundle assembly","10/453","182/25730",0.0549450549450549,3.12083060427431,3.84380203439865,0.00150853049692564,0.0123810594079072,0.00829660999533155,"Kank4/Rhoc/Fhod3/Dpysl3/Dlc1/Shank1/Arhgap6/Rapgef3/Baiap2l2/Gas7",10
"GO:0060323","head morphogenesis","5/453","48/25730",0.104166666666667,5.91657468727005,4.56422062358699,0.00151972514788717,0.0124488123816289,0.00834201160277676,"Twist2/Crispld2/Tiparp/Lef1/Pdgfra",5
"GO:0014015","positive regulation of gliogenesis","7/453","96/25730",0.0729166666666667,4.14160228108904,4.12834915295169,0.00155289877285228,0.0126471659673642,0.0084749293352424,"Shh/Myc/Igf1/Il6/Plag1/Ntf3/Il34",7
"GO:0046323","D-glucose import","7/453","96/25730",0.0729166666666667,4.14160228108904,4.12834915295169,0.00155289877285228,0.0126471659673642,0.0084749293352424,"Irs1/Gpc3/Irs2/Klf15/Myc/Erbb4/Igf1",7
"GO:0060395","SMAD protein signal transduction","7/453","96/25730",0.0729166666666667,4.14160228108904,4.12834915295169,0.00155289877285228,0.0126471659673642,0.0084749293352424,"Bmp4/Tgfbr3/Dab2/Atoh8/Gdf7/Magi2/Smad9",7
"GO:0010594","regulation of endothelial cell migration","10/453","183/25730",0.0546448087431694,3.10377688512527,3.82342926702053,0.00157129580498093,0.0127724332708143,0.00855887158345002,"Bmp4/Tgfbr3/Shh/Ccbe1/Atoh8/Ptprm/Igf1/Fgf1/Igf2/Slit2",10
"GO:0031630","regulation of synaptic vesicle fusion to presynaptic active zone membrane","4/453","29/25730",0.137931034482759,7.83436096521276,4.92969092438197,0.00158869653823608,0.0128372877888276,0.00860233092119037,"Cplx2/Syt1/Grik5/Syt7",4
"GO:0090330","regulation of platelet aggregation","4/453","29/25730",0.137931034482759,7.83436096521276,4.92969092438197,0.00158869653823608,0.0128372877888276,0.00860233092119037,"Pdpn/Ubash3b/Il6/Mfsd2b",4
"GO:1901632","regulation of synaptic vesicle membrane organization","4/453","29/25730",0.137931034482759,7.83436096521276,4.92969092438197,0.00158869653823608,0.0128372877888276,0.00860233092119037,"Cplx2/Syt1/Grik5/Syt7",4
"GO:1903039","positive regulation of leukocyte cell-cell adhesion","13/453","282/25730",0.0460992907801418,2.61839901053653,3.65831519249097,0.00159139931266458,0.0128372877888276,0.00860233092119037,"Smarca2/Gcnt1/Shh/Slc7a1/Zbtb16/Cd59a/Igf1/Igf2/Lef1/Il6/Nr4a3/Vnn1/Gp1ba",13
"GO:0048565","digestive tract development","9/453","153/25730",0.0588235294117647,3.34112452928191,3.88815186358792,0.00160749688739715,0.0129424891979599,0.00867282691299321,"Pdgfa/Hmgcs2/Shh/Npr2/Dact1/Sfrp2/Prdm1/Pdgfra/Acvr2b",9
"GO:0055017","cardiac muscle tissue growth","8/453","124/25730",0.0645161290322581,3.6644591611479,3.98150101116177,0.00161427263073663,0.0129723806284054,0.00869285731042836,"Kcnk2/Tgfbr3/Ccnd2/Heg1/Ppara/Erbb4/Igf1/Fgf1",8
"GO:0090257","regulation of muscle system process","13/453","283/25730",0.0459363957597173,2.60914671721308,3.64391599753102,0.00164205839205127,0.0131009849450978,0.00877903570794347,"Ptger3/Kcnma1/Ehd3/Npr3/Errfi1/Ppara/Abat/Igf1/Fbxo32/Atp1a2/Calcrl/Nr4a3/Gucy1a1",13
"GO:0110053","regulation of actin filament organization","13/453","283/25730",0.0459363957597173,2.60914671721308,3.64391599753102,0.00164205839205127,0.0131009849450978,0.00877903570794347,"Kank4/Plekhh2/Kank1/Rhoc/Fhod3/Scin/Dlc1/Shank1/Arhgap6/Rapgef3/Baiap2l2/Slit2/Avil",13
"GO:0008361","regulation of cell size","11/453","216/25730",0.0509259259259259,2.89254762488758,3.73923024028845,0.00164304758309212,0.0131009849450978,0.00877903570794347,"Kcnma1/Plxna4/Cxcl12/Olfm1/Rapgef3/Epha7/Wnt3a/Slit2/Ntrk3/Opcml/Atp2b2",11
"GO:0060041","retina development in camera-type eye","11/453","216/25730",0.0509259259259259,2.89254762488758,3.73923024028845,0.00164304758309212,0.0131009849450978,0.00877903570794347,"Rorb/Sdk1/Sdk2/Lamc3/Dio3/Mertk/Lama1/Prdm1/Ptprm/Pdgfra/Acvr2b",11
"GO:0005977","glycogen metabolic process","7/453","97/25730",0.0721649484536082,4.09890535035616,4.09347601874073,0.00164883706628975,0.0131009849450978,0.00877903570794347,"Irs1/Irs2/Pgf/Igf1/Ppp1r3a/Igf2/Epm2a",7
"GO:0016101","diterpenoid metabolic process","7/453","97/25730",0.0721649484536082,4.09890535035616,4.09347601874073,0.00164883706628975,0.0131009849450978,0.00877903570794347,"Cyp26b1/Ces1d/Aldh1a1/Cyp2s1/Adh1/Adh7/Rdh12",7
"GO:0070873","regulation of glycogen metabolic process","5/453","49/25730",0.102040816326531,5.79582826508087,4.49835253301693,0.00166829924588655,0.013230800199119,0.00886602556063503,"Irs1/Irs2/Igf1/Ppp1r3a/Igf2",5
"GO:0061045","negative regulation of wound healing","6/453","72/25730",0.0833333333333333,4.73325974981604,4.24659501947251,0.00168915819245306,0.0133687609537239,0.00895847375411415,"Pdgfa/Ubash3b/Thbd/Pdgfra/Gp1ba/Tafa5",6
"GO:0021510","spinal cord development","8/453","125/25730",0.064,3.63514348785872,3.9536177233291,0.00169872428585762,0.0133687609537239,0.00895847375411415,"Sox6/Shh/Dab1/Reln/Gdf7/Wnt3a/Vit/Lonrf2",8
"GO:0061572","actin filament bundle organization","10/453","185/25730",0.0540540540540541,3.07022254042122,3.78309923779311,0.00170318331147033,0.0133687609537239,0.00895847375411415,"Kank4/Rhoc/Fhod3/Dpysl3/Dlc1/Shank1/Arhgap6/Rapgef3/Baiap2l2/Gas7",10
"GO:0010572","positive regulation of platelet activation","3/453","14/25730",0.214285714285714,12.1712393566698,5.59707925690227,0.00170779213127855,0.0133687609537239,0.00895847375411415,"Pdpn/Gp1ba/Svep1",3
"GO:0031223","auditory behavior","3/453","14/25730",0.214285714285714,12.1712393566698,5.59707925690227,0.00170779213127855,0.0133687609537239,0.00895847375411415,"Slc1a3/Nrxn1/Foxp2",3
"GO:0060736","prostate gland growth","3/453","14/25730",0.214285714285714,12.1712393566698,5.59707925690227,0.00170779213127855,0.0133687609537239,0.00895847375411415,"Shh/Igf1/Plag1",3
"GO:0072178","nephric duct morphogenesis","3/453","14/25730",0.214285714285714,12.1712393566698,5.59707925690227,0.00170779213127855,0.0133687609537239,0.00895847375411415,"Bmp4/Gpc3/Epha7",3
"GO:0006006","glucose metabolic process","12/453","251/25730",0.047808764940239,2.7154956333606,3.6562263862588,0.00175597215325153,0.0136599642949261,0.00915361057332273,"Irs1/Pdk4/Irs2/Rora/Myc/Rorc/Errfi1/Ppara/Igf1/Igf2/Il6/Ppargc1a",12
"GO:0032869","cellular response to insulin stimulus","12/453","251/25730",0.047808764940239,2.7154956333606,3.6562263862588,0.00175597215325153,0.0136599642949261,0.00915361057332273,"Irs1/Plcb1/Pdk4/Hmgcs2/Kank1/Igf1r/Vwa2/Irs2/Errfi1/Igf1/Igf2/Cpeb1",12
"GO:0001838","embryonic epithelial tube formation","9/453","155/25730",0.0580645161290323,3.29801324503311,3.84156641289665,0.00175789387030335,0.0136599642949261,0.00915361057332273,"Bmp4/Smarca1/Cecr2/Adm/Shh/Dlc1/Wnt6/Sfrp2/Gdf7",9
"GO:0051783","regulation of nuclear division","9/453","155/25730",0.0580645161290323,3.29801324503311,3.84156641289665,0.00175789387030335,0.0136599642949261,0.00915361057332273,"Plcb1/Bmp4/Igf1r/Npr2/Igf1/Igf2/Ereg/L3mbtl1/Pde3a",9
"GO:0045787","positive regulation of cell cycle","15/453","357/25730",0.0420168067226891,2.38651752091565,3.53159871855011,0.00180283143061142,0.0138512307209763,0.00928177916454409,"Plcb1/Ccnd2/Igf1r/Slc6a4/Nkx3-1/Cdc14b/Npr2/Stox1/Myc/Igf1/Igf2/Lef1/Ereg/Nr4a3/Il10",15
"GO:0021533","cell differentiation in hindbrain","4/453","30/25730",0.133333333333333,7.57321559970567,4.82247220516142,0.00180788802760162,0.0138512307209763,0.00928177916454409,"Rora/Grid2/Foxp2/Atp2b2",4
"GO:0033688","regulation of osteoblast proliferation","4/453","30/25730",0.133333333333333,7.57321559970567,4.82247220516142,0.00180788802760162,0.0138512307209763,0.00928177916454409,"Igf1r/Axin2/Mn1/Npr3",4
"GO:1901381","positive regulation of potassium ion transmembrane transport","4/453","30/25730",0.133333333333333,7.57321559970567,4.82247220516142,0.00180788802760162,0.0138512307209763,0.00928177916454409,"Akap7/Fhl1/Rapgef3/Wnk2",4
"GO:0010907","positive regulation of glucose metabolic process","6/453","73/25730",0.0821917808219178,4.66842057516103,4.20180026240633,0.00181358093180764,0.0138512307209763,0.00928177916454409,"Irs1/Irs2/Ppara/Igf1/Igf2/Ppargc1a",6
"GO:0042733","embryonic digit morphogenesis","6/453","73/25730",0.0821917808219178,4.66842057516103,4.20180026240633,0.00181358093180764,0.0138512307209763,0.00928177916454409,"Bmp4/Lrp4/Frem2/Shh/Sfrp2/Zbtb16",6
"GO:0045600","positive regulation of fat cell differentiation","6/453","73/25730",0.0821917808219178,4.66842057516103,4.20180026240633,0.00181358093180764,0.0138512307209763,0.00928177916454409,"Axin2/Cbx4/Dact1/Sfrp2/Zbtb16/Igf1",6
"GO:0050432","catecholamine secretion","6/453","73/25730",0.0821917808219178,4.66842057516103,4.20180026240633,0.00181358093180764,0.0138512307209763,0.00928177916454409,"Tgm2/Ptger3/Cxcl12/Syt1/Abat/Syt7",6
"GO:0071385","cellular response to glucocorticoid stimulus","6/453","73/25730",0.0821917808219178,4.66842057516103,4.20180026240633,0.00181358093180764,0.0138512307209763,0.00928177916454409,"Bmp4/Hmgcs2/Axin2/Zfp36l2/Errfi1/Fbxo32",6
"GO:0006836","neurotransmitter transport","12/453","252/25730",0.0476190476190476,2.70471985703774,3.6405618520654,0.0018152144156179,0.0138512307209763,0.00928177916454409,"Cplx2/Slc6a4/Unc13c/Syt1/Dgki/Reln/Tspoap1/Grik5/Brsk1/Nrxn1/Atp1a2/Syt7",12
"GO:0072583","clathrin-dependent endocytosis","5/453","50/25730",0.1,5.67991169977925,4.43427825139734,0.00182725769811549,0.0139180509919408,0.00932655576319454,"Dab2/Gas7/Neu3/Magi2/Sh3gl2",5
"GO:0071466","cellular response to xenobiotic stimulus","11/453","219/25730",0.0502283105022831,2.85292368482063,3.68649491329434,0.00183181876150126,0.0139187106472567,0.00932699780152964,"Gstm1/Cyp26b1/Rora/Cyp2d22/Nkx3-1/Cyp2s1/Myc/Rorc/Mylk/Akap5/Gsta3",11
"GO:0003231","cardiac ventricle development","9/453","156/25730",0.0576923076923077,3.27687213448803,3.81855808406821,0.00183720407362845,0.0139187106472567,0.00932699780152964,"Kcnk2/Bmp4/Tgfbr3/Heg1/Slit3/Sfrp2/Prdm1/Robo2/Slit2",9
"GO:0106106","cold-induced thermogenesis","9/453","156/25730",0.0576923076923077,3.27687213448803,3.81855808406821,0.00183720407362845,0.0139187106472567,0.00932699780152964,"Plcl2/Igf1r/Ces1d/Aldh1a1/Npr3/Nova1/Acvr2b/Ppargc1a/Zfp423",9
"GO:0001570","vasculogenesis","7/453","99/25730",0.0707070707070707,4.0160991816621,4.0251144265304,0.00185449705447984,0.0139996346269556,0.00938122536612748,"Tgfbr3/Adm/Heg1/Shh/Npr2/Tiparp/Fgf1",7
"GO:0044042","glucan metabolic process","7/453","99/25730",0.0707070707070707,4.0160991816621,4.0251144265304,0.00185449705447984,0.0139996346269556,0.00938122536612748,"Irs1/Irs2/Pgf/Igf1/Ppp1r3a/Igf2/Epm2a",7
"GO:0001667","ameboidal-type cell migration","13/453","287/25730",0.0452961672473868,2.5727823030359,3.58693241274718,0.0018582459738048,0.0140029745534935,0.00938346346764888,"Irs1/Pmp22/Amotl2/Bmp4/Gpc3/Tgfbr3/Kank1/Irs2/Gab2/Shh/Cxcl12/Erbb4/Acvr2b",13
"GO:0006720","isoprenoid metabolic process","8/453","127/25730",0.062992125984252,3.57789713371921,3.89869989414425,0.00187809099003954,0.0141023321681161,0.00945004350344644,"Cyp26b1/Hmgcs2/Ces1d/Aldh1a1/Cyp2s1/Adh1/Adh7/Rdh12",8
"GO:0060840","artery development","8/453","127/25730",0.062992125984252,3.57789713371921,3.89869989414425,0.00187809099003954,0.0141023321681161,0.00945004350344644,"Bmp4/Nkx3-1/Shh/Adgrf5/Mylk/Prdm1/Robo2/Acvr2b",8
"GO:0098739","import across plasma membrane","11/453","220/25730",0.05,2.83995584988962,3.66911482758885,0.00189853479283286,0.014230610349818,0.00953600335626899,"Scnn1g/Irs2/Slc1a3/Slc7a1/Rapgef3/Slc24a4/Akap5/Slc43a1/Wnk2/Atp1a2/Slc7a11",11
"GO:0071695","anatomical structure maturation","14/453","323/25730",0.043343653250774,2.46188123210246,3.5394391327558,0.00190302511568035,0.0142390660157355,0.00954166954040215,"Plcb1/Pmp22/Kcnma1/Nr4a2/Npr2/Slc24a4/Pgr/Akap5/Zbtb16/Igf1/Ereg/Slc26a3/Pde3a/Tbx6",14
"GO:0051148","negative regulation of muscle cell differentiation","6/453","74/25730",0.0810810810810811,4.60533381063182,4.15781017818376,0.00194482530034163,0.0145261642803294,0.00973405552719024,"Ccnd2/Sox6/Shh/Ppara/Igf2/Ereg",6
"GO:0050810","regulation of steroid biosynthetic process","7/453","100/25730",0.07,3.97593818984548,3.99160349172291,0.00196450978374982,0.0146473572784867,0.00981526756299018,"Igf1r/Gpr146/Dab2/Igf1/Fgf1/Igf2/Ppargc1a",7
"GO:0010657","muscle cell apoptotic process","8/453","128/25730",0.0625,3.54994481236203,3.87165463427748,0.00197320377529084,0.0146863233538782,0.00984137892550939,"Igf1r/Lifr/Sfrp2/Rapgef3/Erbb4/Igf1/Fbxo32/Nr4a3",8
"GO:0003012","muscle system process","18/453","473/25730",0.0380549682875264,2.1614885961105,3.41312684487002,0.0019888381127824,0.0147341432749463,0.00987342329441505,"Bmp4/Cacna2d1/Ptger3/Kcnma1/Apbb1/Ehd3/Klf15/Npr3/Mylk/Errfi1/Ppara/Abat/Igf1/Fbxo32/Atp1a2/Calcrl/Nr4a3/Gucy1a1",18
"GO:0071692","protein localization to extracellular region","18/453","473/25730",0.0380549682875264,2.1614885961105,3.41312684487002,0.0019888381127824,0.0147341432749463,0.00987342329441505,"Irs1/Plcb1/Camk2n1/Nbl1/Mafa/Irs2/Ptger3/Pim3/Brsk2/Apbb1/Akap5/Abat/Igf1/Nrxn1/Il6/Syt7/Acvr2b/Gnao1",18
"GO:0009914","hormone transport","17/453","435/25730",0.0390804597701149,2.21973560681028,3.43471557077249,0.00199176282500506,0.0147341432749463,0.00987342329441505,"Irs1/Plcb1/Slco4a1/Camk2n1/Mafa/Irs2/Ptger3/Nkx3-1/Pim3/Brsk2/Dab2/Abat/Nrxn1/Il6/Syt7/Acvr2b/Gnao1",17
"GO:0030195","negative regulation of blood coagulation","5/453","51/25730",0.0980392156862745,5.56854088213652,4.3719112812728,0.00199702437776132,0.0147341432749463,0.00987342329441505,"Pdgfa/Ubash3b/Thbd/Pdgfra/Gp1ba",5
"GO:0030901","midbrain development","5/453","51/25730",0.0980392156862745,5.56854088213652,4.3719112812728,0.00199702437776132,0.0147341432749463,0.00987342329441505,"Shh/Sfrp2/Gdf7/Wnt3a/Smad9",5
"GO:0008286","insulin receptor signaling pathway","9/453","158/25730",0.0569620253164557,3.23539274038058,3.77309571184016,0.0020044035483929,0.0147628678738155,0.00989267179215972,"Irs1/Plcb1/Pdk4/Kank1/Igf1r/Vwa2/Irs2/Igf1/Igf2",9
"GO:0050790","regulation of catalytic activity","13/453","290/25730",0.0448275862068966,2.54616731369415,3.54482437782053,0.00203537503226624,0.0149649535792492,0.0100280904367503,"Tgm2/Rgs16/Lats2/Cdc14b/Heg1/Rapgef3/Reln/Errfi1/Akap5/Fgf1/Angptl4/Ereg/Pde3a",13
"GO:0001889","liver development","10/453","190/25730",0.0526315789473684,2.98942721041013,3.68461569757759,0.00207243523779971,0.0152110281318575,0.0101929862284193,"Bmp4/Tgfbr3/Hmgcs2/Hgf/Errfi1/Dbp/Wnt3a/Fgf1/Il6/Il10",10
"GO:0001655","urogenital system development","6/453","75/25730",0.08,4.5439293598234,4.11459855373061,0.00208312778358233,0.0152366945828518,0.0102101854459376,"Bmp4/Igf1r/Nkx3-1/Shh/Igf1/Plag1",6
"GO:0060350","endochondral bone morphogenesis","6/453","75/25730",0.08,4.5439293598234,4.11459855373061,0.00208312778358233,0.0152366945828518,0.0102101854459376,"Bmp4/Axin2/Csgalnact1/Npr2/Pthlh/Col27a1",6
"GO:0019318","hexose metabolic process","13/453","291/25730",0.0446735395189003,2.53741759783953,3.53090566711486,0.00209742150052032,0.0153147931977647,0.0102625197194243,"Irs1/Pdk4/Irs2/Rora/Aldh1a1/Myc/Rorc/Errfi1/Ppara/Igf1/Igf2/Il6/Ppargc1a",13
"GO:0038130","ERBB4 signaling pathway","3/453","15/25730",0.2,11.3598233995585,5.37282267929914,0.00210700321744846,0.0153318876733578,0.0102739748132412,"Nrg2/Erbb4/Ereg",3
"GO:2001046","positive regulation of integrin-mediated signaling pathway","3/453","15/25730",0.2,11.3598233995585,5.37282267929914,0.00210700321744846,0.0153318876733578,0.0102739748132412,"Lama2/Lama1/Dab2",3
"GO:0050670","regulation of lymphocyte proliferation","12/453","257/25730",0.0466926070038911,2.65209884814595,3.5633651852557,0.0021365807303857,0.0155125941973326,0.0103950671611281,"Bmp4/Irs2/Shh/Slc7a1/Prdm1/Cd59a/Wnt3a/Igf1/Igf2/Il6/Crtam/Il10",12
"GO:0007159","leukocyte cell-cell adhesion","17/453","438/25730",0.0388127853881279,2.20453193827048,3.40378075769011,0.00213916293063571,0.0155125941973326,0.0103950671611281,"Smarca2/Bmp4/Gcnt1/Shh/Slc7a1/Cxcl12/Ppara/Zbtb16/Cd59a/Igf1/Igf2/Lef1/Il6/Nr4a3/Vnn1/Gp1ba/Crtam",17
"GO:0001841","neural tube formation","8/453","130/25730",0.0615384615384615,3.49533027678723,3.81836569740215,0.00217479200258304,0.0156869689593973,0.0105119165636078,"Bmp4/Smarca1/Cecr2/Adm/Shh/Dlc1/Sfrp2/Gdf7",8
"GO:0016202","regulation of striated muscle tissue development","5/453","52/25730",0.0961538461538462,5.46145355748005,4.31117092117595,0.00217802544229649,0.0156869689593973,0.0105119165636078,"Bmp4/Shh/Wnt3a/Igf2/Lef1",5
"GO:0048806","genitalia development","5/453","52/25730",0.0961538461538462,5.46145355748005,4.31117092117595,0.00217802544229649,0.0156869689593973,0.0105119165636078,"Nkx3-1/Mertk/Shh/Npr2/Pdgfra",5
"GO:1900047","negative regulation of hemostasis","5/453","52/25730",0.0961538461538462,5.46145355748005,4.31117092117595,0.00217802544229649,0.0156869689593973,0.0105119165636078,"Pdgfa/Ubash3b/Thbd/Pdgfra/Gp1ba",5
"GO:0032946","positive regulation of mononuclear cell proliferation","9/453","160/25730",0.05625,3.19495033112583,3.72835377416009,0.00218352658479056,0.0156873550650656,0.0105121752949523,"Irs2/Shh/Slc7a1/St6gal1/Cd59a/Wnt3a/Igf1/Igf2/Il6",9
"GO:0001764","neuron migration","11/453","224/25730",0.0491071428571429,2.78924235257017,3.60055783609951,0.00218548748250029,0.0156873550650656,0.0105121752949523,"Mdga2/Dab1/Nr4a2/Cxcl12/Apbb1/Reln/Erbb4/Adgrl3/Ntrk3/Kirrel3/Tnn",11
"GO:0070482","response to oxygen levels","17/453","439/25730",0.0387243735763098,2.19951022542704,3.39352461838197,0.00219028271896403,0.0156951731215104,0.0105174142137804,"Acaa2/Kcnk2/Slc6a4/Kcnma1/Rora/Dio3/Nkx3-1/Nr4a2/Pgf/Plod1/Myc/Ppara/Abat/Penk/Angptl4/Gucy1a1/Cpeb1",17
"GO:0042490","mechanoreceptor differentiation","7/453","102/25730",0.0686274509803922,3.89797861749556,3.92586801865781,0.0021996416977965,0.0157090768805534,0.010526731192437,"Bmp4/Kcnma1/Cecr2/Ptprq/Ntf3/Ntrk3/Atp2b2",7
"GO:0060021","roof of mouth development","7/453","102/25730",0.0686274509803922,3.89797861749556,3.92586801865781,0.0021996416977965,0.0157090768805534,0.010526731192437,"Tgfbr3/Shh/Tiparp/Wnt3a/Lef1/Pdgfra/Acvr2b",7
"GO:0048738","cardiac muscle tissue development","13/453","293/25730",0.0443686006825939,2.52009734119898,3.50324132172789,0.00222619148289492,0.015783711712996,0.0105767443679208,"Kcnk2/Bmp4/Tgfbr3/Ccnd2/Sox6/Fhod3/Heg1/Ppara/Erbb4/Wnt3a/Igf1/Fgf1/Pdgfra",13
"GO:0007015","actin filament organization","18/453","478/25730",0.0376569037656904,2.13887888276206,3.36466157546068,0.00222713073739172,0.015783711712996,0.0105767443679208,"Kank4/Plekhh2/Kank1/Rhoc/Fhod3/Pakap/Scin/Dpysl3/Dlc1/Shank1/Arhgap6/Rapgef3/Wipf3/Baiap2l2/Arhgap25/Gas7/Slit2/Avil",18
"GO:0042446","hormone biosynthetic process","6/453","76/25730",0.0789473684210526,4.4841408156152,4.07214037323795,0.00222872717930852,0.015783711712996,0.0105767443679208,"Igf1r/Dio3/Dab2/Igf1/Igf2/Ppargc1a",6
"GO:0045744","negative regulation of G protein-coupled receptor signaling pathway","6/453","76/25730",0.0789473684210526,4.4841408156152,4.07214037323795,0.00222872717930852,0.015783711712996,0.0105767443679208,"Ptger3/Adm/Slit3/Slit2/Aplp1/Pde3a",6
"GO:0051898","negative regulation of phosphatidylinositol 3-kinase/protein kinase B signal transduction","6/453","76/25730",0.0789473684210526,4.4841408156152,4.07214037323795,0.00222872717930852,0.015783711712996,0.0105767443679208,"Igf1r/Ppara/Epha7/Pkhd1/Magi2/Obscn",6
"GO:0044843","cell cycle G1/S phase transition","12/453","259/25730",0.0463320463320463,2.63161932036104,3.53299899291635,0.00227751063632349,0.0160766000277407,0.0107730102963497,"Plcb1/Smarca2/Pdpn/Lats2/Ccnd2/Dact1/Fhl1/Stox1/Apbb1/Ccno/Mn1/Myc",12
"GO:0045445","myoblast differentiation","8/453","131/25730",0.0610687022900763,3.4686483662774,3.79211213717114,0.00228147263675848,0.0160766000277407,0.0107730102963497,"Plcb1/Smarca2/Bmp4/Shh/Id3/Wnt3a/Igf1/Cxcl14",8
"GO:0060079","excitatory postsynaptic potential","8/453","131/25730",0.0610687022900763,3.4686483662774,3.79211213717114,0.00228147263675848,0.0160766000277407,0.0107730102963497,"Grid2/Shank1/Dgki/Reln/Erbb4/Grik5/Nrxn1/Glrb",8
"GO:0051146","striated muscle cell differentiation","15/453","366/25730",0.040983606557377,2.32783266384395,3.42509647270394,0.0022890243784704,0.0161030203369139,0.010790714678014,"Pmp22/Cyp26b1/Bmp4/Ccnd2/Sox6/Fhod3/Shh/Cxcl12/Myc/Ppara/Wnt3a/Igf1/Igf2/Pdgfra/Dner",15
"GO:0021697","cerebellar cortex formation","4/453","32/25730",0.125,7.09988962472406,4.6221612648573,0.00230747995023185,0.0161257055927919,0.0108059161817354,"Rora/Grid2/Foxp2/Atp2b2",4
"GO:0060071","Wnt signaling pathway, planar cell polarity pathway","4/453","32/25730",0.125,7.09988962472406,4.6221612648573,0.00230747995023185,0.0161257055927919,0.0108059161817354,"Gpc3/Nkd1/Dact1/Dab2",4
"GO:0060795","cell fate commitment involved in formation of primary germ layer","4/453","32/25730",0.125,7.09988962472406,4.6221612648573,0.00230747995023185,0.0161257055927919,0.0108059161817354,"Bmp4/Sfrp2/Wnt3a/Tbx6",4
"GO:0099637","neurotransmitter receptor transport","4/453","32/25730",0.125,7.09988962472406,4.6221612648573,0.00230747995023185,0.0161257055927919,0.0108059161817354,"Mylk/Akap5/Mapk10/Lrrc7",4
"GO:0061008","hepaticobiliary system development","10/453","193/25730",0.0518134715025907,2.94295942993743,3.62706416777939,0.00232327066121758,0.0162093101322182,0.0108619400028485,"Bmp4/Tgfbr3/Hmgcs2/Hgf/Errfi1/Dbp/Wnt3a/Fgf1/Il6/Il10",10
"GO:0009743","response to carbohydrate","13/453","295/25730",0.0440677966101695,2.50301193549594,3.47580462390763,0.00236139272556152,0.016448187817028,0.0110220131373162,"Plcb1/Hmgcs2/Camk2n1/Mafa/Igf1r/Irs2/Pim3/Brsk2/Ppara/Igf1/Nrxn1/Calcrl/Acvr2b",13
"GO:0050819","negative regulation of coagulation","5/453","53/25730",0.0943396226415094,5.35840726394269,4.25198177372641,0.00237068887388803,0.0164554582751366,0.0110268851077533,"Pdgfa/Ubash3b/Thbd/Pdgfra/Gp1ba",5
"GO:0060412","ventricular septum morphogenesis","5/453","53/25730",0.0943396226415094,5.35840726394269,4.25198177372641,0.00237068887388803,0.0164554582751366,0.0110268851077533,"Bmp4/Tgfbr3/Slit3/Robo2/Slit2",5
"GO:0090101","negative regulation of transmembrane receptor protein serine/threonine kinase signaling pathway","9/453","162/25730",0.0555555555555556,3.15550649987736,3.68431076916029,0.0023751673893369,0.0164554582751366,0.0110268851077533,"Bmp4/Spry1/Tgfbr3/Nbl1/Sfrp2/Ppara/Peg10/Rasl11b/Magi2",9
"GO:0001707","mesoderm formation","6/453","77/25730",0.0779220779220779,4.42590522060721,4.03041174841605,0.00238186444454752,0.0164554582751366,0.0110268851077533,"Bmp4/Sfrp2/Wnt3a/Lef1/Nr4a3/Tbx6",6
"GO:0001756","somitogenesis","6/453","77/25730",0.0779220779220779,4.42590522060721,4.03041174841605,0.00238186444454752,0.0164554582751366,0.0110268851077533,"Axin2/Nkx3-1/Sfrp2/Wnt3a/Lef1/Tbx6",6
"GO:0001704","formation of primary germ layer","8/453","132/25730",0.0606060606060606,3.44237072713894,3.76611280919948,0.00239221639440224,0.0164732299679569,0.0110387940082301,"Bmp4/Dab2/Sfrp2/Atoh8/Wnt3a/Lef1/Nr4a3/Tbx6",8
"GO:0043255","regulation of carbohydrate biosynthetic process","8/453","132/25730",0.0606060606060606,3.44237072713894,3.76611280919948,0.00239221639440224,0.0164732299679569,0.0110387940082301,"Irs1/Irs2/Ppara/Igf1/Ppp1r3a/Igf2/Il6/Ppargc1a",8
"GO:0001508","action potential","10/453","194/25730",0.0515463917525773,2.92778953596869,3.60812719456346,0.00241210053961531,0.0165028203316169,0.0110586226593026,"Kcnk2/Pmp22/Cacna2d1/Trpc4/Kcnma1/Akap7/Npr2/Atp1a2/Ntrk3/Fgf12",10
"GO:0007254","JNK cascade","10/453","194/25730",0.0515463917525773,2.92778953596869,3.60812719456346,0.00241210053961531,0.0165028203316169,0.0110586226593026,"Rassf2/Mturn/Plcb1/Igf1r/Gadd45b/Dact1/Dab2/Mapk10/Ephb1/Fgf12",10
"GO:0007269","neurotransmitter secretion","10/453","194/25730",0.0515463917525773,2.92778953596869,3.60812719456346,0.00241210053961531,0.0165028203316169,0.0110586226593026,"Cplx2/Unc13c/Syt1/Dgki/Reln/Tspoap1/Grik5/Brsk1/Nrxn1/Syt7",10
"GO:0099643","signal release from synapse","10/453","194/25730",0.0515463917525773,2.92778953596869,3.60812719456346,0.00241210053961531,0.0165028203316169,0.0110586226593026,"Cplx2/Unc13c/Syt1/Dgki/Reln/Tspoap1/Grik5/Brsk1/Nrxn1/Syt7",10
"GO:0008406","gonad development","13/453","297/25730",0.0437710437710438,2.48615663626701,3.44859190487258,0.00250326388023459,0.0170739097239763,0.011441312524909,"Bmp4/Ago4/Nkx3-1/Npr2/Slit3/Ccno/Sfrp2/Pgr/Tiparp/Pdgfra/Ereg/Nup210l/Wnt2b",13
"GO:0006865","amino acid transport","10/453","195/25730",0.0512820512820513,2.91277523065603,3.58931111755209,0.00250363587688058,0.0170739097239763,0.011441312524909,"Kcnk2/Trpc4/Slc6a4/Slc1a3/Slc7a1/Myc/Slc43a1/Abat/Epm2a/Slc7a11",10
"GO:0061035","regulation of cartilage development","6/453","78/25730",0.0769230769230769,4.36916284598404,3.98938985366177,0.00254278254102654,0.0172442400227885,0.0115554517122818,"Bmp4/Sox6/Axin2/Scin/Pthlh/Zbtb16",6
"GO:0006182","cGMP biosynthetic process","3/453","16/25730",0.1875,10.6498344370861,5.1688368470978,0.00255957062462249,0.0172442400227885,0.0115554517122818,"Npr2/Npr3/Gucy1a1",3
"GO:0010544","negative regulation of platelet activation","3/453","16/25730",0.1875,10.6498344370861,5.1688368470978,0.00255957062462249,0.0172442400227885,0.0115554517122818,"Pdgfa/Ubash3b/Pdgfra",3
"GO:0048103","somatic stem cell division","3/453","16/25730",0.1875,10.6498344370861,5.1688368470978,0.00255957062462249,0.0172442400227885,0.0115554517122818,"Lbh/Zfp36l2/Wnt3a",3
"GO:0060979","vasculogenesis involved in coronary vascular morphogenesis","3/453","16/25730",0.1875,10.6498344370861,5.1688368470978,0.00255957062462249,0.0172442400227885,0.0115554517122818,"Tgfbr3/Shh/Fgf1",3
"GO:0170043","non-proteinogenic amino acid biosynthetic process","3/453","16/25730",0.1875,10.6498344370861,5.1688368470978,0.00255957062462249,0.0172442400227885,0.0115554517122818,"Slc1a3/Aldh1a1/Abat",3
"GO:2000052","positive regulation of non-canonical Wnt signaling pathway","3/453","16/25730",0.1875,10.6498344370861,5.1688368470978,0.00255957062462249,0.0172442400227885,0.0115554517122818,"Gpc3/Nkd1/Dab2",3
"GO:0042572","retinol metabolic process","5/453","54/25730",0.0925925925925926,5.2591774997956,4.19427330390013,0.00257544402514945,0.0172442400227885,0.0115554517122818,"Ces1d/Aldh1a1/Adh1/Adh7/Rdh12",5
"GO:0071870","cellular response to catecholamine stimulus","5/453","54/25730",0.0925925925925926,5.2591774997956,4.19427330390013,0.00257544402514945,0.0172442400227885,0.0115554517122818,"Tgm2/Nr4a3/Aplp1/Gm527/Gnao1",5
"GO:0031623","receptor internalization","9/453","164/25730",0.0548780487804878,3.11702471329349,3.64094610063394,0.00257993402623151,0.0172442400227885,0.0115554517122818,"Ptger3/Adm/Dab2/Akap5/Wnt3a/Magi2/Calcrl/Sh3gl2/Ntf3",9
"GO:0014059","regulation of dopamine secretion","4/453","33/25730",0.121212121212121,6.88474145427788,4.52835988872445,0.00258968988299728,0.0172442400227885,0.0115554517122818,"Cxcl12/Syt1/Abat/Syt7",4
"GO:0048333","mesodermal cell differentiation","4/453","33/25730",0.121212121212121,6.88474145427788,4.52835988872445,0.00258968988299728,0.0172442400227885,0.0115554517122818,"Bmp4/Sfrp2/Wnt3a/Tbx6",4
"GO:0060252","positive regulation of glial cell proliferation","4/453","33/25730",0.121212121212121,6.88474145427788,4.52835988872445,0.00258968988299728,0.0172442400227885,0.0115554517122818,"Myc/Igf1/Il6/Plag1",4
"GO:0060669","embryonic placenta morphogenesis","4/453","33/25730",0.121212121212121,6.88474145427788,4.52835988872445,0.00258968988299728,0.0172442400227885,0.0115554517122818,"Adm/Igf2/Lef1/Il10",4
"GO:0101023","vascular endothelial cell proliferation","4/453","33/25730",0.121212121212121,6.88474145427788,4.52835988872445,0.00258968988299728,0.0172442400227885,0.0115554517122818,"Col4a3/Enpep/Igf1/Igf2",4
"GO:0002064","epithelial cell development","12/453","264/25730",0.0454545454545455,2.5817780453542,3.45831803645944,0.00266330036972173,0.017706557403095,0.0118652529071632,"Plcb1/Amotl2/Bmp4/Kcnma1/Heg1/Rapgef3/Pgr/Prdm1/Palld/Pkhd1/Magi2/Nup210l",12
"GO:1990778","protein localization to cell periphery","16/453","410/25730",0.0390243902439024,2.21655090723093,3.32420772873972,0.00270515192169577,0.017956611894015,0.0120328156754526,"Tspan5/Adam22/Dab2/Olfm1/Ehd3/Mylk/Errfi1/Akap5/Erbb4/Wnt3a/Mapk10/Lrrc7/Magi2/Kcnip3/Ttc7b/Epm2a",16
"GO:0046824","positive regulation of nucleocytoplasmic transport","6/453","79/25730",0.0759493670886076,4.31385698717411,3.94905286573513,0.00271172627928977,0.0179720826178282,0.0120431826850593,"Wipf1/Camk4/Shh/Rapgef3/Akap5/Il6",6
"GO:0048762","mesenchymal cell differentiation","12/453","265/25730",0.0452830188679245,2.57203548669249,3.44358837023375,0.00274649178324456,0.0181681319915911,0.0121745563535275,"Bmp4/Pdpn/Spry1/Tgfbr3/Axin2/Shh/Dab2/Olfm1/Sfrp2/Erbb4/Lef1/Il6",12
"GO:0060419","heart growth","8/453","135/25730",0.0592592592592593,3.36587359986919,3.68959456345742,0.00274988727428805,0.0181681319915911,0.0121745563535275,"Kcnk2/Tgfbr3/Ccnd2/Heg1/Ppara/Erbb4/Igf1/Fgf1",8
"GO:0007617","mating behavior","5/453","55/25730",0.0909090909090909,5.16355609070841,4.13797944152628,0.00279272117083042,0.018393738971177,0.0123257367218774,"Slc6a4/Tgm4/Shh/Pgr/Abat",5
"GO:0071868","cellular response to monoamine stimulus","5/453","55/25730",0.0909090909090909,5.16355609070841,4.13797944152628,0.00279272117083042,0.018393738971177,0.0123257367218774,"Tgm2/Nr4a3/Aplp1/Gm527/Gnao1",5
"GO:0045137","development of primary sexual characteristics","13/453","301/25730",0.0431893687707641,2.45311800987144,3.39482414693736,0.0028079955341879,0.0184656228063443,0.0123739064402919,"Bmp4/Ago4/Nkx3-1/Npr2/Slit3/Ccno/Sfrp2/Pgr/Tiparp/Pdgfra/Ereg/Nup210l/Wnt2b",13
"GO:0031399","regulation of protein modification process","17/453","450/25730",0.0377777777777778,2.14574441991661,3.28248887718045,0.00282338486019324,0.018538038578168,0.0124224326121273,"Lats2/Minar1/Cnksr3/Fry/Cdc14b/Heg1/Sfrp2/Klf15/Reln/Errfi1/Epha7/Erbb4/Fgf1/Ereg/Epm2a/Fbxo2/Il34",17
"GO:0009791","post-embryonic development","8/453","136/25730",0.0588235294117647,3.34112452928191,3.66456708938175,0.00287794989024604,0.0188225693149993,0.0126130980856864,"Bmp4/Sox6/Heg1/Nr4a2/Tiparp/Prdm1/Foxp2/Acvr2b",8
"GO:0030522","intracellular receptor signaling pathway","17/453","451/25730",0.0376940133037694,2.14098667175715,3.27255299063044,0.00288780261386792,0.0188225693149993,0.0126130980856864,"Lbh/Cyp26b1/Rorb/Lats2/Crebrf/Rora/Nkx3-1/Nr4a2/Dab2/Mn1/Pgr/Rorc/Errfi1/Ppara/Igf1/Nr4a3/Pde3a",17
"GO:0032272","negative regulation of protein polymerization","6/453","80/25730",0.075,4.25993377483444,3.90937990757858,0.0028889421616882,0.0188225693149993,0.0126130980856864,"Kank4/Kank1/Fhod3/Scin/Slit2/Avil",6
"GO:0045123","cellular extravasation","6/453","80/25730",0.075,4.25993377483444,3.90937990757858,0.0028889421616882,0.0188225693149993,0.0126130980856864,"Plcb1/Gcnt1/Ptger3/Itga1/Cxcl12/Gp1ba",6
"GO:2000107","negative regulation of leukocyte apoptotic process","6/453","80/25730",0.075,4.25993377483444,3.90937990757858,0.0028889421616882,0.0188225693149993,0.0126130980856864,"Bmp4/Irs2/Mertk/Cxcl12/Rorc/St6gal1",6
"GO:0007588","excretion","4/453","34/25730",0.117647058823529,6.68224905856382,4.4383827587971,0.00289469669393659,0.0188237780832711,0.0126139080873669,"Ptger3/Kcnma1/Atp6v0a4/Corin",4
"GO:0021915","neural tube development","10/453","199/25730",0.050251256281407,2.85422698481369,3.51522649372157,0.0028980173105768,0.0188237780832711,0.0126139080873669,"Bmp4/Smarca1/Cecr2/Adm/Shh/Dlc1/Dact1/Sfrp2/Gdf7/Wnt3a",10
"GO:0050768","negative regulation of neurogenesis","9/453","167/25730",0.0538922155688623,3.06103025736606,3.57712802192459,0.00291305798765896,0.0188924970562568,0.012659957015763,"Bmp4/Lrp4/Dab1/Dpysl5/Epha7/Wnt3a/Slit2/Ntrk3/Opcml",9
"GO:0030072","peptide hormone secretion","14/453","339/25730",0.0412979351032448,2.34568624769645,3.33888568966202,0.00295156258705513,0.0191129473336062,0.0128076818520853,"Irs1/Plcb1/Camk2n1/Mafa/Irs2/Ptger3/Pim3/Brsk2/Abat/Nrxn1/Il6/Syt7/Acvr2b/Gnao1",14
"GO:1905475","regulation of protein localization to membrane","10/453","200/25730",0.05,2.83995584988962,3.49699316004687,0.00300397445288254,0.0194226439816146,0.0130152111289214,"Gpc3/Lrp4/Slc5a3/Dab2/Olfm1/Akap5/Wnt3a/Magi2/Epm2a/Slc7a11",10
"GO:0034767","positive regulation of monoatomic ion transmembrane transport","8/453","137/25730",0.0583941605839416,3.31673675899518,3.63977187697617,0.00301061420628514,0.0194347198216739,0.0130233032099006,"Bmp4/Akap7/Fhl1/Ehd3/Rapgef3/Reln/Akap5/Wnk2",8
"GO:0035094","response to nicotine","5/453","56/25730",0.0892857142857143,5.07134973194576,4.08303822286662,0.00302295106599445,0.0194347198216739,0.0130233032099006,"Ppara/Abat/Penk/Igf2/Atp1a2",5
"GO:0015833","peptide transport","15/453","377/25730",0.0397877984084881,2.2599118168883,3.29908827600545,0.00302633027239297,0.0194347198216739,0.0130233032099006,"Irs1/Plcb1/Camk2n1/Mafa/Irs2/Ptger3/Pim3/Brsk2/Abat/Nrxn1/Il6/Syt7/Acvr2b/Slc7a11/Gnao1",15
"GO:0045667","regulation of osteoblast differentiation","9/453","168/25730",0.0535714285714286,3.04280983916746,3.55617362686572,0.0030313437270518,0.0194347198216739,0.0130233032099006,"Rassf2/Bmp4/Rorb/Axin2/Twist2/Id3/Sfrp2/Igf1/Acvr2b",9
"GO:0072175","epithelial tube formation","9/453","168/25730",0.0535714285714286,3.04280983916746,3.55617362686572,0.0030313437270518,0.0194347198216739,0.0130233032099006,"Bmp4/Smarca1/Cecr2/Adm/Shh/Dlc1/Wnt6/Sfrp2/Gdf7",9
"GO:0045637","regulation of myeloid cell differentiation","11/453","234/25730",0.047008547008547,2.67004396143469,3.43556047118029,0.00305907759328335,0.0194347198216739,0.0130233032099006,"Rassf2/Mturn/Ubash3b/Scin/Twist2/Lmo2/Myc/Zbtb16/Lef1/L3mbtl1/Il34",11
"GO:0050866","negative regulation of cell activation","11/453","234/25730",0.047008547008547,2.67004396143469,3.43556047118029,0.00305907759328335,0.0194347198216739,0.0130233032099006,"Bmp4/Pdgfa/Ubash3b/Mertk/Shh/Adgrf5/Prdm1/Pdgfra/Crtam/Il10/Milr1",11
"GO:0001905","activation of membrane attack complex","3/453","17/25730",0.176470588235294,10.0233735878457,4.98212723581081,0.00306773906982055,0.0194347198216739,0.0130233032099006,"C1rb/C1s2/Cd59a",3
"GO:0003128","heart field specification","3/453","17/25730",0.176470588235294,10.0233735878457,4.98212723581081,0.00306773906982055,0.0194347198216739,0.0130233032099006,"Bmp4/Axin2/Robo2",3
"GO:0035112","genitalia morphogenesis","3/453","17/25730",0.176470588235294,10.0233735878457,4.98212723581081,0.00306773906982055,0.0194347198216739,0.0130233032099006,"Nkx3-1/Shh/Npr2",3
"GO:0048841","regulation of axon extension involved in axon guidance","3/453","17/25730",0.176470588235294,10.0233735878457,4.98212723581081,0.00306773906982055,0.0194347198216739,0.0130233032099006,"Plxna4/Cxcl12/Wnt3a",3
"GO:0070572","positive regulation of neuron projection regeneration","3/453","17/25730",0.176470588235294,10.0233735878457,4.98212723581081,0.00306773906982055,0.0194347198216739,0.0130233032099006,"Igf1r/Hgf/Ntrk3",3
"GO:0060976","coronary vasculature development","6/453","81/25730",0.0740740740740741,4.20734199983648,3.87035099594647,0.00307467822444427,0.0194347198216739,0.0130233032099006,"Bmp4/Gpc3/Tgfbr3/Shh/Prdm1/Fgf1",6
"GO:0061180","mammary gland epithelium development","6/453","81/25730",0.0740740740740741,4.20734199983648,3.87035099594647,0.00307467822444427,0.0194347198216739,0.0130233032099006,"Lbh/Pgr/Pthlh/Erbb4/Slit2/Etv4",6
"GO:1904705","regulation of vascular associated smooth muscle cell proliferation","6/453","81/25730",0.0740740740740741,4.20734199983648,3.87035099594647,0.00307467822444427,0.0194347198216739,0.0130233032099006,"Igf1/Calcrl/Nr4a3/Ppargc1a/Il10/Tafa5",6
"GO:0034284","response to monosaccharide","12/453","269/25730",0.0446096654275093,2.53378960584948,3.38533765697697,0.00310064315765462,0.0195696330442136,0.0131137092368607,"Plcb1/Hmgcs2/Camk2n1/Mafa/Igf1r/Irs2/Pim3/Brsk2/Ppara/Igf1/Nrxn1/Acvr2b",12
"GO:0003007","heart morphogenesis","13/453","305/25730",0.0426229508196721,2.42094597039771,3.34191033898941,0.00314239501937845,0.0197845802152126,0.0132577464140218,"Bmp4/Spry1/Tgfbr3/Axin2/Heg1/Shh/Dlc1/Slit3/Olfm1/Sfrp2/Wnt3a/Robo2/Slit2",13
"GO:0061041","regulation of wound healing","8/453","138/25730",0.0579710144927536,3.29270243465464,3.61520485947282,0.00314799106837962,0.0197845802152126,0.0132577464140218,"Pdgfa/Kank1/Ubash3b/Thbd/Mylk/Pdgfra/Gp1ba/Tafa5",8
"GO:0031644","regulation of nervous system process","9/453","169/25730",0.0532544378698225,3.02480504721972,3.5353745978036,0.00315338645697013,0.0197845802152126,0.0132577464140218,"Hgf/Shank1/Reln/Abat/Erbb4/Igf1/Nrxn1/Il6/Fgf12",9
"GO:0048593","camera-type eye morphogenesis","9/453","169/25730",0.0532544378698225,3.02480504721972,3.5353745978036,0.00315338645697013,0.0197845802152126,0.0132577464140218,"Bmp4/Rorb/Sdk1/Sdk2/Dio3/Aldh1a1/Prdm1/Ptprm/Ephb1",9
"GO:0031099","regeneration","11/453","235/25730",0.0468085106382979,2.6586820722371,3.41953744608187,0.00315998900145451,0.0197966766585205,0.0132658523013413,"Igf1r/Adm/Adh1/Hgf/Lifr/Cxcl12/Erbb4/Igf1/Il6/Ntrk3/Il10",11
"GO:0002092","positive regulation of receptor internalization","4/453","35/25730",0.114285714285714,6.49132765689057,4.35195964359212,0.00322337498263307,0.0200271644587196,0.0134203033320594,"Dab2/Wnt3a/Magi2/Ntf3",4
"GO:0008209","androgen metabolic process","4/453","35/25730",0.114285714285714,6.49132765689057,4.35195964359212,0.00322337498263307,0.0200271644587196,0.0134203033320594,"Adm/Shh/Tiparp/Chst10",4
"GO:0010996","response to auditory stimulus","4/453","35/25730",0.114285714285714,6.49132765689057,4.35195964359212,0.00322337498263307,0.0200271644587196,0.0134203033320594,"Slc1a3/Nrxn1/Atp1a2/Foxp2",4
"GO:0035116","embryonic hindlimb morphogenesis","4/453","35/25730",0.114285714285714,6.49132765689057,4.35195964359212,0.00322337498263307,0.0200271644587196,0.0134203033320594,"Bmp4/Gpc3/Shh/Zbtb16",4
"GO:0040036","regulation of fibroblast growth factor receptor signaling pathway","4/453","35/25730",0.114285714285714,6.49132765689057,4.35195964359212,0.00322337498263307,0.0200271644587196,0.0134203033320594,"Spry1/Spry4/Nrxn1/Hhip",4
"GO:0048592","eye morphogenesis","10/453","202/25730",0.0495049504950495,2.81183747513824,3.46086228020723,0.00322515375698862,0.0200271644587196,0.0134203033320594,"Bmp4/Rorb/Sdk1/Sdk2/Dio3/Aldh1a1/Prdm1/Ptprm/Dzank1/Ephb1",10
"GO:0006066","alcohol metabolic process","15/453","380/25730",0.0394736842105263,2.2420704078076,3.26547844684681,0.00325827903590191,0.0202032382387183,0.0135382912549766,"Plcb1/Pmp22/Hmgcs2/Kcnma1/Slc5a3/Ces1d/Aldh1a1/Adh1/Gpr146/Adh7/Abca5/Dab2/Errfi1/Rdh12/Fgf1",15
"GO:0015872","dopamine transport","5/453","57/25730",0.087719298245614,4.98237868401688,4.02939146681143,0.00326656451119105,0.0202250010305469,0.0135528746109127,"Tgm2/Cxcl12/Syt1/Abat/Syt7",5
"GO:0051251","positive regulation of lymphocyte activation","14/453","343/25730",0.0408163265306122,2.31833130603235,3.29051385707632,0.00327700600151917,0.0202600298050127,0.0135763475683376,"Smarca2/Irs2/Shh/Slc7a1/Prdm1/Zbtb16/Cd59a/Wnt3a/Igf1/Igf2/Lef1/Il6/Vnn1/Il10",14
"GO:0002696","positive regulation of leukocyte activation","15/453","381/25730",0.0393700787401575,2.23618570857451,3.25434492009696,0.00333876804695977,0.0206117823307211,0.0138120586997139,"Smarca2/Irs2/Shh/Slc7a1/Prdm1/Zbtb16/Cd59a/Wnt3a/Igf1/Igf2/Lef1/Il6/Nr4a3/Vnn1/Il10",15
"GO:0009953","dorsal/ventral pattern formation","7/453","110/25730",0.0636363636363636,3.61448926349589,3.67867510136254,0.00336409667291442,0.0207077753049311,0.0138763840730986,"Bmp4/Lrp4/Nbl1/Axin2/Shh/Wnt3a/Hhip",7
"GO:0015844","monoamine transport","7/453","110/25730",0.0636363636363636,3.61448926349589,3.67867510136254,0.00336409667291442,0.0207077753049311,0.0138763840730986,"Tgm2/Slc6a4/Ptger3/Cxcl12/Syt1/Abat/Syt7",7
"GO:0008306","associative learning","8/453","140/25730",0.0571428571428571,3.24566382844529,3.56673964368937,0.0034373306364294,0.0211278595722475,0.014157884647183,"Slc6a4/Shank1/Apbb1/Rapgef3/Reln/Brsk1/Atp1a2/Slc7a11",8
"GO:0051145","smooth muscle cell differentiation","6/453","83/25730",0.072289156626506,4.10596026490066,3.79414955839113,0.0034727097527642,0.0213143852216759,0.0142828764202171,"Smarca2/Bmp4/Adm/Shh/Ereg/Ntf3",6
"GO:0032970","regulation of actin filament-based process","16/453","421/25730",0.0380047505938242,2.15863627545055,3.20884298604686,0.00349954399148989,0.0214480011634728,0.014372413132846,"Kank4/Plekhh2/Pdpn/Kank1/Rhoc/Ptger3/Fhod3/Scin/Dlc1/Shank1/Arhgap6/Rapgef3/Baiap2l2/Atp1a2/Slit2/Avil",16
"GO:0021587","cerebellum morphogenesis","5/453","58/25730",0.0862068965517241,4.89647560325797,3.97698448180489,0.00352399192508805,0.0214735335291337,0.01438952249911,"Rora/Grid2/Dab1/Foxp2/Atp2b2",5
"GO:0032881","regulation of polysaccharide metabolic process","5/453","58/25730",0.0862068965517241,4.89647560325797,3.97698448180489,0.00352399192508805,0.0214735335291337,0.01438952249911,"Irs1/Irs2/Igf1/Ppp1r3a/Igf2",5
"GO:0071548","response to dexamethasone","5/453","58/25730",0.0862068965517241,4.89647560325797,3.97698448180489,0.00352399192508805,0.0214735335291337,0.01438952249911,"Bmp4/Axin2/Errfi1/Fbxo32/Pappa",5
"GO:0071869","response to catecholamine","5/453","58/25730",0.0862068965517241,4.89647560325797,3.97698448180489,0.00352399192508805,0.0214735335291337,0.01438952249911,"Tgm2/Nr4a3/Aplp1/Gm527/Gnao1",5
"GO:0033687","osteoblast proliferation","4/453","36/25730",0.111111111111111,6.31101299975472,4.26884656449771,0.00357658502188572,0.0217314742721464,0.0145623698844732,"Igf1r/Axin2/Mn1/Npr3",4
"GO:1904994","regulation of leukocyte adhesion to vascular endothelial cell","4/453","36/25730",0.111111111111111,6.31101299975472,4.26884656449771,0.00357658502188572,0.0217314742721464,0.0145623698844732,"Gcnt1/Cxcl12/Il6/Gp1ba",4
"GO:1901890","positive regulation of cell junction assembly","8/453","141/25730",0.0567375886524823,3.22264493604496,3.54283380392096,0.00358951975784525,0.0217511344770683,0.0145755442863794,"Il1rap/Grid2/Nrxn1/Adgrl3/Slit2/Ntrk3/Ephb1/Opcml",8
"GO:0009150","purine ribonucleotide metabolic process","15/453","384/25730",0.0390625,2.21871550772627,3.22115055939385,0.00359009279798601,0.0217511344770683,0.0145755442863794,"Ptger3/Rora/Npr2/Npr3/Myc/Ppara/Slc25a25/Igf1/Pde7b/Atp1a2/Adcy1/Gucy1a1/Ppargc1a/Papss2/Atp2b2",15
"GO:0021702","cerebellar Purkinje cell differentiation","3/453","18/25730",0.166666666666667,9.46651949963208,4.81028741272565,0.00363358412958967,0.0218893723880686,0.014668178203749,"Rora/Foxp2/Atp2b2",3
"GO:0035729","cellular response to hepatocyte growth factor stimulus","3/453","18/25730",0.166666666666667,9.46651949963208,4.81028741272565,0.00363358412958967,0.0218893723880686,0.014668178203749,"Hgf/Il6/Il10",3
"GO:0072176","nephric duct development","3/453","18/25730",0.166666666666667,9.46651949963208,4.81028741272565,0.00363358412958967,0.0218893723880686,0.014668178203749,"Bmp4/Gpc3/Epha7",3
"GO:0106072","negative regulation of adenylate cyclase-activating G protein-coupled receptor signaling pathway","3/453","18/25730",0.166666666666667,9.46651949963208,4.81028741272565,0.00363358412958967,0.0218893723880686,0.014668178203749,"Ptger3/Aplp1/Pde3a",3
"GO:0021954","central nervous system neuron development","7/453","112/25730",0.0625,3.54994481236203,3.62047015850236,0.00371751691225334,0.022363187675274,0.0149856842037007,"Plxna4/Nr4a2/Cdh11/Robo2/Slit2/Ntf3/Ephb1",7
"GO:0002790","peptide secretion","14/453","348/25730",0.0402298850574713,2.28502194818705,3.23098571458108,0.00372451116740404,0.0223734819772427,0.0149925824670717,"Irs1/Plcb1/Camk2n1/Mafa/Irs2/Ptger3/Pim3/Brsk2/Abat/Nrxn1/Il6/Syt7/Acvr2b/Gnao1",14
"GO:0010639","negative regulation of organelle organization","15/453","386/25730",0.038860103626943,2.20721957245308,3.19919071459242,0.00376610440579461,0.0225912920092637,0.0151385380617597,"Acaa2/Kank4/Plekhh2/Bmp4/Kank1/Fhod3/Scin/Hgf/Dlc1/Shank1/Arhgap6/Igf1/Slit2/Avil/Ppargc1a",15
"GO:0032965","regulation of collagen biosynthetic process","5/453","59/25730",0.0847457627118644,4.81348449133835,3.92576580010837,0.00379566292498994,0.0227042831741983,0.0152142540079882,"Bmp4/Rapgef3/Klf15/Errfi1/Il6",5
"GO:0071825","protein-lipid complex organization","5/453","59/25730",0.0847457627118644,4.81348449133835,3.92576580010837,0.00379566292498994,0.0227042831741983,0.0152142540079882,"Ces1d/Lipg/Abca5/Angptl4/Sh3gl2",5
"GO:0046879","hormone secretion","16/453","425/25730",0.0376470588235294,2.13831969874042,3.16776777052581,0.00383228424227566,0.0228910067221966,0.0153393783938463,"Irs1/Plcb1/Camk2n1/Mafa/Irs2/Ptger3/Nkx3-1/Pim3/Brsk2/Dab2/Abat/Nrxn1/Il6/Syt7/Acvr2b/Gnao1",16
"GO:0045927","positive regulation of growth","13/453","313/25730",0.0415335463258786,2.35906875709681,3.23853983522066,0.00390861846065494,0.0233140833533432,0.0156228841659388,"Plcb1/Tgfbr3/Ccnd2/Igf1r/Dio3/Cxcl12/Syt1/Sfrp2/Erbb4/Wnt3a/Igf1/Igf2/Ntrk3",13
"GO:0009306","protein secretion","17/453","465/25730",0.0365591397849462,2.07652685798381,3.13609698411193,0.00392566222133726,0.0233828122466432,0.0156689397419872,"Irs1/Plcb1/Camk2n1/Mafa/Irs2/Ptger3/Pim3/Brsk2/Apbb1/Akap5/Abat/Igf1/Nrxn1/Il6/Syt7/Acvr2b/Gnao1",17
"GO:0010810","regulation of cell-substrate adhesion","11/453","242/25730",0.0454545454545455,2.5817780453542,3.3096581421679,0.00394361082185183,0.0234567300990765,0.0157184724655714,"Pdpn/Kank1/Spry4/Fbln2/Egfl6/Dlc1/Arhgap6/Dab2/St6gal1/Pkhd1/Vit",11
"GO:0050708","regulation of protein secretion","14/453","351/25730",0.0398860398860399,2.2654918460658,3.19575477755436,0.0040161066993542,0.023854434602756,0.0159849762478171,"Irs1/Plcb1/Camk2n1/Irs2/Ptger3/Pim3/Brsk2/Apbb1/Abat/Igf1/Nrxn1/Il6/Syt7/Gnao1",14
"GO:0050771","negative regulation of axonogenesis","5/453","60/25730",0.0833333333333333,4.73325974981604,3.87568693643501,0.00408200591563096,0.0241350174525075,0.0161729962224471,"Lrp4/Dab1/Epha7/Wnt3a/Slit2",5
"GO:0051155","positive regulation of striated muscle cell differentiation","5/453","60/25730",0.0833333333333333,4.73325974981604,3.87568693643501,0.00408200591563096,0.0241350174525075,0.0161729962224471,"Cyp26b1/Bmp4/Shh/Wnt3a/Igf1",5
"GO:0071867","response to monoamine","5/453","60/25730",0.0833333333333333,4.73325974981604,3.87568693643501,0.00408200591563096,0.0241350174525075,0.0161729962224471,"Tgm2/Nr4a3/Aplp1/Gm527/Gnao1",5
"GO:0034308","primary alcohol metabolic process","7/453","114/25730",0.0614035087719298,3.48766507881182,3.56357963469411,0.00409845871198823,0.0241350174525075,0.0161729962224471,"Kcnma1/Ces1d/Aldh1a1/Adh1/Adh7/Dab2/Rdh12",7
"GO:0090263","positive regulation of canonical Wnt signaling pathway","7/453","114/25730",0.0614035087719298,3.48766507881182,3.56357963469411,0.00409845871198823,0.0241350174525075,0.0161729962224471,"Gpc3/Kank1/Dact1/Sfrp2/Wnt3a/Wnk2/Peg12",7
"GO:0090288","negative regulation of cellular response to growth factor stimulus","7/453","114/25730",0.0614035087719298,3.48766507881182,3.56357963469411,0.00409845871198823,0.0241350174525075,0.0161729962224471,"Bmp4/Spry1/Nbl1/Spry4/Sfrp2/Cd59a/Slit2",7
"GO:0035051","cardiocyte differentiation","10/453","209/25730",0.0478468899521531,2.71766110037285,3.33779430958609,0.00410323791400363,0.0241350174525075,0.0161729962224471,"Bmp4/Spry1/Tgfbr3/Ccnd2/Sox6/Fhod3/Ppara/Wnt3a/Igf1/Pdgfra",10
"GO:0035592","establishment of protein localization to extracellular region","17/453","468/25730",0.0363247863247863,2.06321578838135,3.10747947295378,0.00418393170431872,0.0245755211758527,0.0164681799764118,"Irs1/Plcb1/Camk2n1/Mafa/Irs2/Ptger3/Pim3/Brsk2/Apbb1/Akap5/Abat/Igf1/Nrxn1/Il6/Syt7/Acvr2b/Gnao1",17
"GO:0034112","positive regulation of homotypic cell-cell adhesion","3/453","19/25730",0.157894736842105,8.96828163123039,4.65135815991827,0.00425901875689884,0.0249129066788212,0.0166942636938053,"Pdpn/Il6/Mfsd2b",3
"GO:0045906","negative regulation of vasoconstriction","3/453","19/25730",0.157894736842105,8.96828163123039,4.65135815991827,0.00425901875689884,0.0249129066788212,0.0166942636938053,"Itga9/Adm/Svep1",3
"GO:2000369","regulation of clathrin-dependent endocytosis","3/453","19/25730",0.157894736842105,8.96828163123039,4.65135815991827,0.00425901875689884,0.0249129066788212,0.0166942636938053,"Dab2/Neu3/Sh3gl2",3
"GO:0051961","negative regulation of nervous system development","9/453","177/25730",0.0508474576271186,2.88809069480301,3.37432048015625,0.0042749687505869,0.024971714012049,0.0167336707826966,"Bmp4/Lrp4/Dab1/Dpysl5/Epha7/Wnt3a/Slit2/Ntrk3/Opcml",9
"GO:0042698","ovulation cycle","6/453","87/25730",0.0689655172413793,3.91718048260638,3.64868439833979,0.00438206161159853,0.025444646380818,0.0170505851345766,"Igf1r/Npr2/Slit3/Pgr/Pdgfra/Ereg",6
"GO:0071277","cellular response to calcium ion","6/453","87/25730",0.0689655172413793,3.91718048260638,3.64868439833979,0.00438206161159853,0.025444646380818,0.0170505851345766,"Syt1/Mylk/Akap5/Nrxn1/Cpne7/Adcy1",6
"GO:0002448","mast cell mediated immunity","5/453","61/25730",0.0819672131147541,4.65566532768791,3.82670216835433,0.00438344768659544,0.025444646380818,0.0170505851345766,"Cplx2/Spon2/Gab2/Nr4a3/Milr1",5
"GO:0050433","regulation of catecholamine secretion","5/453","61/25730",0.0819672131147541,4.65566532768791,3.82670216835433,0.00438344768659544,0.025444646380818,0.0170505851345766,"Ptger3/Cxcl12/Syt1/Abat/Syt7",5
"GO:0071322","cellular response to carbohydrate stimulus","10/453","211/25730",0.0473933649289099,2.69190127951623,3.30356009018719,0.00438597210342317,0.025444646380818,0.0170505851345766,"Plcb1/Camk2n1/Igf1r/Irs2/Pim3/Brsk2/Ppara/Igf1/Nrxn1/Calcrl",10
"GO:0045621","positive regulation of lymphocyte differentiation","8/453","146/25730",0.0547945205479452,3.11228038344068,3.42642760869982,0.00443026419633928,0.0256664416846742,0.017199211279906,"Smarca2/Shh/Prdm1/Zbtb16/Lef1/Il6/Vnn1/Il10",8
"GO:0045913","positive regulation of carbohydrate metabolic process","7/453","116/25730",0.0603448275862069,3.42753292228058,3.50794851565266,0.00450824994456655,0.0260825662776494,0.0174780584563581,"Irs1/Irs2/Myc/Ppara/Igf1/Igf2/Ppargc1a",7
"GO:0046883","regulation of hormone secretion","14/453","356/25730",0.0393258426966292,2.23367314036263,3.13782291911458,0.00454317441321054,0.0262487634924238,0.0175894280433914,"Irs1/Plcb1/Camk2n1/Irs2/Ptger3/Nkx3-1/Pim3/Brsk2/Dab2/Abat/Nrxn1/Il6/Syt7/Gnao1",14
"GO:0043542","endothelial cell migration","11/453","247/25730",0.0445344129554656,2.5295153318855,3.23351458722802,0.00459281254478961,0.0264994020806322,0.0177573822182028,"Bmp4/Tgfbr3/Shh/Ccbe1/Cxcl12/Atoh8/Ptprm/Igf1/Fgf1/Igf2/Slit2",11
"GO:0090276","regulation of peptide hormone secretion","12/453","283/25730",0.0424028268551237,2.40844312358131,3.18942230359152,0.00464189390758627,0.026746150610378,0.0179227296453313,"Irs1/Plcb1/Camk2n1/Irs2/Ptger3/Pim3/Brsk2/Abat/Nrxn1/Il6/Syt7/Gnao1",12
"GO:0007519","skeletal muscle tissue development","10/453","213/25730",0.0469483568075117,2.66662521116397,3.26972126897744,0.00468384361084903,0.0269367376645848,0.0180504429860736,"Pmp22/Cyp26b1/Shh/Maff/Myc/Wnt3a/Igf2/Foxp2/Ephb1/Dner",10
"GO:0009948","anterior/posterior axis specification","5/453","62/25730",0.0806451612903226,4.58057395143488,3.77876833618152,0.00470041301868433,0.0269367376645848,0.0180504429860736,"Bmp4/Gpc3/Tcf7l1/Shh/Tbx6",5
"GO:0021545","cranial nerve development","5/453","62/25730",0.0806451612903226,4.58057395143488,3.77876833618152,0.00470041301868433,0.0269367376645848,0.0180504429860736,"Slc1a3/Plxna4/Npr2/Slc24a4/Ephb1",5
"GO:0022602","ovulation cycle process","5/453","62/25730",0.0806451612903226,4.58057395143488,3.77876833618152,0.00470041301868433,0.0269367376645848,0.0180504429860736,"Npr2/Slit3/Pgr/Pdgfra/Ereg",5
"GO:0032231","regulation of actin filament bundle assembly","7/453","117/25730",0.0598290598290598,3.3982377690987,3.48058893061471,0.00472438256326556,0.0270010258507823,0.0180935228220242,"Kank4/Rhoc/Fhod3/Dlc1/Shank1/Arhgap6/Rapgef3",7
"GO:0060349","bone morphogenesis","7/453","117/25730",0.0598290598290598,3.3982377690987,3.48058893061471,0.00472438256326556,0.0270010258507823,0.0180935228220242,"Cyp26b1/Bmp4/Axin2/Csgalnact1/Npr2/Pthlh/Col27a1",7
"GO:0099072","regulation of postsynaptic membrane neurotransmitter receptor levels","9/453","180/25730",0.05,2.83995584988962,3.31624030042595,0.00476776868531446,0.0271298771492096,0.0181798667232384,"Grid2/Adam22/Olfm1/Mylk/Akap5/Erbb4/Mapk10/Lrrc7/Magi2",9
"GO:0001556","oocyte maturation","4/453","39/25730",0.102564102564103,5.82555046131205,4.03725750620251,0.00479177050947079,0.0271298771492096,0.0181798667232384,"Plcb1/Npr2/Ereg/Pde3a",4
"GO:0001958","endochondral ossification","4/453","39/25730",0.102564102564103,5.82555046131205,4.03725750620251,0.00479177050947079,0.0271298771492096,0.0181798667232384,"Bmp4/Csgalnact1/Npr2/Pthlh",4
"GO:0002063","chondrocyte development","4/453","39/25730",0.102564102564103,5.82555046131205,4.03725750620251,0.00479177050947079,0.0271298771492096,0.0181798667232384,"Axin2/Sfrp2/Pthlh/Col27a1",4
"GO:0031629","synaptic vesicle fusion to presynaptic active zone membrane","4/453","39/25730",0.102564102564103,5.82555046131205,4.03725750620251,0.00479177050947079,0.0271298771492096,0.0181798667232384,"Cplx2/Syt1/Grik5/Syt7",4
"GO:0036075","replacement ossification","4/453","39/25730",0.102564102564103,5.82555046131205,4.03725750620251,0.00479177050947079,0.0271298771492096,0.0181798667232384,"Bmp4/Csgalnact1/Npr2/Pthlh",4
"GO:0044342","type B pancreatic cell proliferation","4/453","39/25730",0.102564102564103,5.82555046131205,4.03725750620251,0.00479177050947079,0.0271298771492096,0.0181798667232384,"Irs2/Errfi1/Igf1/Nr4a3",4
"GO:0030217","T cell differentiation","14/453","359/25730",0.0389972144846797,2.21500734810333,3.10352412983642,0.00488541393605867,0.0275733665443466,0.0184770511908428,"Smarca2/Cyp26b1/Bmp4/Il12rb2/Zfp36l2/Rora/Shh/Rorc/Prdm1/Zbtb16/Lef1/Il6/Vnn1/Crtam",14
"GO:0045995","regulation of embryonic development","6/453","89/25730",0.0674157303370786,3.82915395490736,3.57916644715265,0.00489743773413372,0.0275733665443466,0.0184770511908428,"Plcb1/Lama2/Lama1/Sfrp2/Wnt3a/Wnt2b",6
"GO:0055021","regulation of cardiac muscle tissue growth","6/453","89/25730",0.0674157303370786,3.82915395490736,3.57916644715265,0.00489743773413372,0.0275733665443466,0.0184770511908428,"Kcnk2/Tgfbr3/Ccnd2/Ppara/Erbb4/Igf1",6
"GO:0002076","osteoblast development","3/453","20/25730",0.15,8.51986754966887,4.50372579494872,0.00494579959981726,0.0275733665443466,0.0184770511908428,"Shh/Pthlh/Tnn",3
"GO:0003184","pulmonary valve morphogenesis","3/453","20/25730",0.15,8.51986754966887,4.50372579494872,0.00494579959981726,0.0275733665443466,0.0184770511908428,"Bmp4/Robo2/Slit2",3
"GO:0021694","cerebellar Purkinje cell layer formation","3/453","20/25730",0.15,8.51986754966887,4.50372579494872,0.00494579959981726,0.0275733665443466,0.0184770511908428,"Rora/Foxp2/Atp2b2",3
"GO:0035728","response to hepatocyte growth factor","3/453","20/25730",0.15,8.51986754966887,4.50372579494872,0.00494579959981726,0.0275733665443466,0.0184770511908428,"Hgf/Il6/Il10",3
"GO:0048635","negative regulation of muscle organ development","3/453","20/25730",0.15,8.51986754966887,4.50372579494872,0.00494579959981726,0.0275733665443466,0.0184770511908428,"Bmp4/Lef1/Il6",3
"GO:0060841","venous blood vessel development","3/453","20/25730",0.15,8.51986754966887,4.50372579494872,0.00494579959981726,0.0275733665443466,0.0184770511908428,"Heg1/Ccbe1/Acvr2b",3
"GO:0071071","regulation of phospholipid biosynthetic process","3/453","20/25730",0.15,8.51986754966887,4.50372579494872,0.00494579959981726,0.0275733665443466,0.0184770511908428,"Pdgfa/Adgrf5/Erbb4",3
"GO:0005976","polysaccharide metabolic process","7/453","118/25730",0.0593220338983051,3.36943914393684,3.45352501602393,0.00494823106817082,0.0275733665443466,0.0184770511908428,"Irs1/Irs2/Pgf/Igf1/Ppp1r3a/Igf2/Epm2a",7
"GO:0071774","response to fibroblast growth factor","7/453","118/25730",0.0593220338983051,3.36943914393684,3.45352501602393,0.00494823106817082,0.0275733665443466,0.0184770511908428,"Spry1/Spry4/Zfp36l2/Npr2/Fgf1/Nrxn1/Hhip",7
"GO:0032371","regulation of sterol transport","5/453","63/25730",0.0793650793650794,4.50786642839623,3.73184466033795,0.00503332429951399,0.027900691634086,0.0186963933748825,"Lipg/Shh/Abca5/Osbpl6/Abca8a",5
"GO:0032374","regulation of cholesterol transport","5/453","63/25730",0.0793650793650794,4.50786642839623,3.73184466033795,0.00503332429951399,0.027900691634086,0.0186963933748825,"Lipg/Shh/Abca5/Osbpl6/Abca8a",5
"GO:0060324","face development","5/453","63/25730",0.0793650793650794,4.50786642839623,3.73184466033795,0.00503332429951399,0.027900691634086,0.0186963933748825,"Twist2/Crispld2/Tiparp/Lef1/Pdgfra",5
"GO:1900024","regulation of substrate adhesion-dependent cell spreading","5/453","63/25730",0.0793650793650794,4.50786642839623,3.73184466033795,0.00503332429951399,0.027900691634086,0.0186963933748825,"Pdpn/Kank1/Spry4/Dab2/St6gal1",5
"GO:0048469","cell maturation","11/453","251/25730",0.0438247011952191,2.48920433058055,3.17393298013424,0.0051709803044571,0.0286262765874194,0.0191826114906314,"Plcb1/Pmp22/Kcnma1/Nr4a2/Npr2/Pgr/Akap5/Ereg/Slc26a3/Pde3a/Tbx6",11
"GO:0051928","positive regulation of calcium ion transport","7/453","119/25730",0.0588235294117647,3.34112452928191,3.4267507636738,0.0051799646005777,0.0286385771324368,0.0191908541475299,"Bmp4/Trpc4/Cxcl12/Rapgef3/Mylk/Akap5/Atp2b2",7
"GO:0050863","regulation of T cell activation","15/453","400/25730",0.0375,2.12996688741722,3.04912976954526,0.00520594717391893,0.0287447018012342,0.0192619688202641,"Smarca2/Cyp26b1/Bmp4/Shh/Slc7a1/Rorc/Prdm1/Zbtb16/Cd59a/Igf1/Igf2/Lef1/Il6/Vnn1/Crtam",15
"GO:0030513","positive regulation of BMP signaling pathway","4/453","40/25730",0.1,5.67991169977925,3.96536704263526,0.00525138623823394,0.0288826243102867,0.0193543913852067,"Bmp4/Gpc3/Tgfbr3/Zfp423",4
"GO:0043268","positive regulation of potassium ion transport","4/453","40/25730",0.1,5.67991169977925,3.96536704263526,0.00525138623823394,0.0288826243102867,0.0193543913852067,"Akap7/Fhl1/Rapgef3/Wnk2",4
"GO:0099500","vesicle fusion to plasma membrane","4/453","40/25730",0.1,5.67991169977925,3.96536704263526,0.00525138623823394,0.0288826243102867,0.0193543913852067,"Cplx2/Syt1/Grik5/Syt7",4
"GO:0002791","regulation of peptide secretion","12/453","288/25730",0.0416666666666667,2.36662987490802,3.12226183364971,0.00532156222333091,0.0292236633211017,0.019582923336529,"Irs1/Plcb1/Camk2n1/Irs2/Ptger3/Pim3/Brsk2/Abat/Nrxn1/Il6/Syt7/Gnao1",12
"GO:0062013","positive regulation of small molecule metabolic process","10/453","217/25730",0.0460829493087558,2.61747082939136,3.20319479213816,0.00532719435274865,0.0292236633211017,0.019582923336529,"Irs1/Irs2/Gpr146/Dab2/Myc/Ppara/Igf1/Fgf1/Igf2/Ppargc1a",10
"GO:0060443","mammary gland morphogenesis","5/453","64/25730",0.078125,4.43743101545254,3.6858925744067,0.00538260114860287,0.0294894125023715,0.0197610031955244,"Bmp4/Pgr/Pthlh/Slit2/Etv4",5
"GO:0120161","regulation of cold-induced thermogenesis","8/453","151/25730",0.0529801324503311,3.0092247416049,3.3149196067474,0.00541478673497039,0.0295781611967548,0.0198204741406701,"Plcl2/Igf1r/Aldh1a1/Npr3/Nova1/Acvr2b/Ppargc1a/Zfp423",8
"GO:0019395","fatty acid oxidation","7/453","120/25730",0.0583333333333333,3.31328182487123,3.40026033822702,0.00541975279543842,0.0295781611967548,0.0198204741406701,"Acaa2/Irs1/Pdk4/Irs2/Adh7/Ppara/Ppargc1a",7
"GO:0061387","regulation of extent of cell growth","7/453","120/25730",0.0583333333333333,3.31328182487123,3.40026033822702,0.00541975279543842,0.0295781611967548,0.0198204741406701,"Plxna4/Cxcl12/Olfm1/Epha7/Wnt3a/Slit2/Ntrk3",7
"GO:0051937","catecholamine transport","6/453","91/25730",0.0659340659340659,3.74499672512918,3.51163829079155,0.00545599483664317,0.0297376295150371,0.0199273346604213,"Tgm2/Ptger3/Cxcl12/Syt1/Abat/Syt7",6
"GO:1905952","regulation of lipid localization","9/453","184/25730",0.0489130434782609,2.77821767923985,3.24063539821142,0.00549225107366734,0.0298967651632149,0.0200339722562673,"Irs2/Nkx3-1/Lipg/Shh/Abca5/Osbpl6/Dab2/Ppara/Abca8a",9
"GO:0090087","regulation of peptide transport","12/453","290/25730",0.0413793103448276,2.35030828956383,3.09578769388334,0.00561465428937275,0.0305238265924179,0.0204541692644401,"Irs1/Plcb1/Camk2n1/Irs2/Ptger3/Pim3/Brsk2/Abat/Nrxn1/Il6/Syt7/Gnao1",12
"GO:0032368","regulation of lipid transport","8/453","152/25730",0.0526315789473684,2.98942721041013,3.29317148624853,0.00563025985189559,0.0305302822954902,0.0204584952634416,"Irs2/Nkx3-1/Lipg/Shh/Abca5/Osbpl6/Dab2/Abca8a",8
"GO:0051592","response to calcium ion","8/453","152/25730",0.0526315789473684,2.98942721041013,3.29317148624853,0.00563025985189559,0.0305302822954902,0.0204584952634416,"Kcnma1/Syt1/Mylk/Akap5/Penk/Nrxn1/Cpne7/Adcy1",8
"GO:0070374","positive regulation of ERK1 and ERK2 cascade","10/453","219/25730",0.045662100456621,2.59356698620057,3.17049031039338,0.0056737886831728,0.030726975796978,0.0205903005651284,"Mturn/Bmp4/Pdgfa/Cxcl12/Erbb4/Igf1/Fgf1/Nrxn1/Il6/Pdgfra",10
"GO:0046827","positive regulation of protein export from nucleus","3/453","21/25730",0.142857142857143,8.11415957111321,4.36604741407624,0.00569553312728687,0.0307660494822193,0.0206164840375475,"Wipf1/Camk4/Rapgef3",3
"GO:0099151","regulation of postsynaptic density assembly","3/453","21/25730",0.142857142857143,8.11415957111321,4.36604741407624,0.00569553312728687,0.0307660494822193,0.0206164840375475,"Il1rap/Grid2/Nrxn1",3
"GO:0032232","negative regulation of actin filament bundle assembly","4/453","41/25730",0.0975609756097561,5.54137726807732,3.89586322183462,0.00573958379579492,0.0308954001534892,0.0207031625710078,"Kank4/Dlc1/Shank1/Arhgap6",4
"GO:0034110","regulation of homotypic cell-cell adhesion","4/453","41/25730",0.0975609756097561,5.54137726807732,3.89586322183462,0.00573958379579492,0.0308954001534892,0.0207031625710078,"Pdpn/Ubash3b/Il6/Mfsd2b",4
"GO:0001933","negative regulation of protein phosphorylation","5/453","65/25730",0.0769230769230769,4.36916284598404,3.64087557231152,0.00574866005217226,0.0308954001534892,0.0207031625710078,"Lats2/Cnksr3/Heg1/Sfrp2/Errfi1",5
"GO:0046622","positive regulation of organ growth","5/453","65/25730",0.0769230769230769,4.36916284598404,3.64087557231152,0.00574866005217226,0.0308954001534892,0.0207031625710078,"Tgfbr3/Ccnd2/Erbb4/Igf1/Igf2",5
"GO:0045666","positive regulation of neuron differentiation","7/453","122/25730",0.0573770491803279,3.25896572938154,3.34810845301357,0.00592417373509613,0.0317983216326136,0.0213082147819614,"Bmp4/Nbl1/Shh/Dab1/Cxcl12/Gdf7/Il6",7
"GO:0009259","ribonucleotide metabolic process","15/453","406/25730",0.0369458128078818,2.09848954425342,2.98669298681319,0.00594614323272652,0.0318758437855656,0.0213601627653973,"Ptger3/Rora/Npr2/Npr3/Myc/Ppara/Slc25a25/Igf1/Pde7b/Atp1a2/Adcy1/Gucy1a1/Ppargc1a/Papss2/Atp2b2",15
"GO:0046631","alpha-beta T cell activation","10/453","221/25730",0.0452488687782805,2.57009579175532,3.13814755236489,0.00603774968759167,0.0323142836337921,0.0216539635062955,"Il12rb2/Rora/Shh/Myc/Rorc/Prdm1/Zbtb16/Lef1/Il6/Crtam",10
"GO:0030098","lymphocyte differentiation","17/453","486/25730",0.0349794238683128,1.98680038881167,2.94012741118763,0.00604319070554034,0.0323142836337921,0.0216539635062955,"Smarca2/Cyp26b1/Bmp4/Plcl2/Il12rb2/Zfp36l2/Rora/Mertk/Shh/Rorc/Prdm1/Zbtb16/Lef1/Il6/Vnn1/Crtam/Il10",17
"GO:0060042","retina morphogenesis in camera-type eye","6/453","93/25730",0.0645161290322581,3.6644591611479,3.44599569800724,0.0060597687187016,0.0323620687562437,0.0216859845564738,"Rorb/Sdk1/Sdk2/Dio3/Prdm1/Ptprm",6
"GO:0019228","neuronal action potential","5/453","66/25730",0.0757575757575758,4.30296340892367,3.59675906822697,0.00613191400785926,0.0326649758783446,0.0218889641379524,"Kcnk2/Pmp22/Kcnma1/Npr2/Fgf12",5
"GO:0021515","cell differentiation in spinal cord","5/453","66/25730",0.0757575757575758,4.30296340892367,3.59675906822697,0.00613191400785926,0.0326649758783446,0.0218889641379524,"Sox6/Shh/Gdf7/Wnt3a/Lonrf2",5
"GO:0071549","cellular response to dexamethasone stimulus","4/453","42/25730",0.0952380952380952,5.40943971407548,3.82860620167877,0.00625711675631498,0.0332900621394396,0.0223078375760714,"Bmp4/Axin2/Errfi1/Fbxo32",4
"GO:1902806","regulation of cell cycle G1/S phase transition","9/453","188/25730",0.0478723404255319,2.71910666478794,3.16702935366521,0.00629908027061167,0.0334712734580181,0.0224292681893536,"Plcb1/Smarca2/Pdpn/Ccnd2/Dact1/Fhl1/Stox1/Apbb1/Mn1",9
"GO:0046530","photoreceptor cell differentiation","6/453","94/25730",0.0638297872340425,3.62547555305058,3.41385101772306,0.00637924667232759,0.0338547740066508,0.0226862538300952,"Rorb/Sdk2/Dio3/Shh/Prdm1/Dzank1",6
"GO:0001708","cell fate specification","7/453","124/25730",0.0564516129032258,3.20640176600442,3.2970258994666,0.00646285801420713,0.0341194324714838,0.0228636027945368,"Sox6/Shh/Sfrp2/Wnt3a/Flvcr2/Ntrk3/Tbx6",7
"GO:0006887","exocytosis","15/453","410/25730",0.0365853658536585,2.07801647552899,2.94566440118728,0.00648513168092844,0.0341194324714838,0.0228636027945368,"Cplx2/Gab2/Brsk2/Scrn1/Unc13c/Syt1/Reln/Wipf3/Grik5/Brsk1/Nrxn1/Syt7/Nr4a3/Gnao1/Milr1",15
"GO:1903532","positive regulation of secretion by cell","15/453","410/25730",0.0365853658536585,2.07801647552899,2.94566440118728,0.00648513168092844,0.0341194324714838,0.0228636027945368,"Irs1/Plcb1/Camk2n1/Irs2/Gab2/Slc6a4/Ptger3/Nkx3-1/Dab2/Cxcl12/Apbb1/Syt1/Abat/Igf1/Syt7",15
"GO:0045652","regulation of megakaryocyte differentiation","3/453","22/25730",0.136363636363636,7.74533413606261,4.23719501589676,0.00650968156716857,0.0341194324714838,0.0228636027945368,"Mturn/Scin/L3mbtl1",3
"GO:0048643","positive regulation of skeletal muscle tissue development","3/453","22/25730",0.136363636363636,7.74533413606261,4.23719501589676,0.00650968156716857,0.0341194324714838,0.0228636027945368,"Shh/Wnt3a/Igf2",3
"GO:0050910","detection of mechanical stimulus involved in sensory perception of sound","3/453","22/25730",0.136363636363636,7.74533413606261,4.23719501589676,0.00650968156716857,0.0341194324714838,0.0228636027945368,"Ptprq/Myc/Atp2b2",3
"GO:0060019","radial glial cell differentiation","3/453","22/25730",0.136363636363636,7.74533413606261,4.23719501589676,0.00650968156716857,0.0341194324714838,0.0228636027945368,"Lamc3/Reln/Lef1",3
"GO:0060438","trachea development","3/453","22/25730",0.136363636363636,7.74533413606261,4.23719501589676,0.00650968156716857,0.0341194324714838,0.0228636027945368,"Bmp4/Shh/Lef1",3
"GO:0098969","neurotransmitter receptor transport to postsynaptic membrane","3/453","22/25730",0.136363636363636,7.74533413606261,4.23719501589676,0.00650968156716857,0.0341194324714838,0.0228636027945368,"Mylk/Mapk10/Lrrc7",3
"GO:1903236","regulation of leukocyte tethering or rolling","3/453","22/25730",0.136363636363636,7.74533413606261,4.23719501589676,0.00650968156716857,0.0341194324714838,0.0228636027945368,"Gcnt1/Cxcl12/Gp1ba",3
"GO:0010712","regulation of collagen metabolic process","5/453","67/25730",0.0746268656716418,4.23874007446213,3.55351026798353,0.00653277217951417,0.0341981337209425,0.0229163408964546,"Bmp4/Rapgef3/Klf15/Errfi1/Il6",5
"GO:2001234","negative regulation of apoptotic signaling pathway","11/453","260/25730",0.0423076923076923,2.40303956529122,3.04396679015136,0.00668251987720073,0.0349388539258581,0.023412701220186,"Acaa2/Bmp4/Hgf/Nr4a2/Unc5b/Dab2/Cxcl12/Sfrp2/Igf1/Meis3/Il10",11
"GO:0048499","synaptic vesicle membrane organization","4/453","43/25730",0.0930232558139535,5.28363879049233,3.76346748177732,0.00680471815495644,0.0354156316869371,0.0237321923887361,"Cplx2/Syt1/Grik5/Syt7",4
"GO:0060603","mammary gland duct morphogenesis","4/453","43/25730",0.0930232558139535,5.28363879049233,3.76346748177732,0.00680471815495644,0.0354156316869371,0.0237321923887361,"Pgr/Pthlh/Slit2/Etv4",4
"GO:1905332","positive regulation of morphogenesis of an epithelium","4/453","43/25730",0.0930232558139535,5.28363879049233,3.76346748177732,0.00680471815495644,0.0354156316869371,0.0237321923887361,"Bmp4/Stox1/Pdgfra/Wnt2b",4
"GO:0050671","positive regulation of lymphocyte proliferation","8/453","157/25730",0.0509554140127389,2.89422252218051,3.18704190015664,0.0068071603761905,0.0354156316869371,0.0237321923887361,"Irs2/Shh/Slc7a1/Cd59a/Wnt3a/Igf1/Igf2/Il6",8
"GO:0006631","fatty acid metabolic process","17/453","493/25730",0.0344827586206897,1.95859024130319,2.87697037262319,0.00692697264983066,0.0359947597202857,0.0241202689879799,"Acaa2/Irs1/Pdk4/Gstm1/Fads1/Pdpn/Irs2/Pm20d1/Cyp2d22/Ces1d/Lipg/Cyp2s1/Adh7/Ppara/Dagla/Angptl4/Ppargc1a",17
"GO:0006611","protein export from nucleus","5/453","68/25730",0.0735294117647059,4.17640566160239,3.51109805086796,0.00695163956222912,0.0360786685613239,0.0241764967231291,"Wipf1/Ptpn14/Camk4/Rapgef3/Peg12",5
"GO:0003300","cardiac muscle hypertrophy","7/453","126/25730",0.0555555555555556,3.15550649987736,3.2469716024328,0.0070371728885366,0.0364332850647341,0.0244141270203252,"Bmp4/Klf15/Errfi1/Ppara/Igf1/Fbxo32/Nr4a3",7
"GO:0055006","cardiac cell development","7/453","126/25730",0.0555555555555556,3.15550649987736,3.2469716024328,0.0070371728885366,0.0364332850647341,0.0244141270203252,"Bmp4/Spry1/Tgfbr3/Fhod3/Ppara/Igf1/Pdgfra",7
"GO:0060420","regulation of heart growth","6/453","96/25730",0.0625,3.54994481236203,3.35085779939629,0.00705464869226201,0.0364346795264995,0.0244150614561468,"Kcnk2/Tgfbr3/Ccnd2/Ppara/Erbb4/Igf1",6
"GO:0097581","lamellipodium organization","6/453","96/25730",0.0625,3.54994481236203,3.35085779939629,0.00705464869226201,0.0364346795264995,0.0244150614561468,"Pmp22/Pdpn/Kank1/Ablim1/Slit2/Avil",6
"GO:0046632","alpha-beta T cell differentiation","8/453","158/25730",0.0506329113924051,2.87590465811608,3.16631958827678,0.00706330740700638,0.0364349657352887,0.0244152532460917,"Il12rb2/Rora/Shh/Rorc/Prdm1/Zbtb16/Lef1/Il6",8
"GO:0019693","ribose phosphate metabolic process","15/453","415/25730",0.036144578313253,2.05298013245033,2.89502987528064,0.00721337114099512,0.0371637795402851,0.0249036350315314,"Ptger3/Rora/Npr2/Npr3/Myc/Ppara/Slc25a25/Igf1/Pde7b/Atp1a2/Adcy1/Gucy1a1/Ppargc1a/Papss2/Atp2b2",15
"GO:0010562","positive regulation of phosphorus metabolic process","10/453","227/25730",0.0440528634361234,2.50216374439615,3.0432130613493,0.00723958741205669,0.0372083163714322,0.0249334793854175,"Irs1/Adgrf5/Reln/Myc/Ppara/Erbb4/Igf1/Fgf1/Ereg/Il34",10
"GO:0045937","positive regulation of phosphate metabolic process","10/453","227/25730",0.0440528634361234,2.50216374439615,3.0432130613493,0.00723958741205669,0.0372083163714322,0.0249334793854175,"Irs1/Adgrf5/Reln/Myc/Ppara/Erbb4/Igf1/Fgf1/Ereg/Il34",10
"GO:0055078","sodium ion homeostasis","4/453","44/25730",0.0909090909090909,5.16355609070841,3.70032874295564,0.00738309988136792,0.0376139702907841,0.0252053101109685,"Scnn1g/Slc1a3/Atp1a2/Corin",4
"GO:0042551","neuron maturation","5/453","69/25730",0.072463768115942,4.1158780433183,3.46949286083893,0.00738891665772092,0.0376139702907841,0.0252053101109685,"Pmp22/Kcnma1/Nr4a2/Akap5/Tbx6",5
"GO:0007620","copulation","3/453","23/25730",0.130434782608696,7.40858047797293,4.1162131143152,0.0073895686616133,0.0376139702907841,0.0252053101109685,"Tgm4/Shh/Abat",3
"GO:0008228","opsonization","3/453","23/25730",0.130434782608696,7.40858047797293,4.1162131143152,0.0073895686616133,0.0376139702907841,0.0252053101109685,"Spon2/C1rb/C1s2",3
"GO:0021535","cell migration in hindbrain","3/453","23/25730",0.130434782608696,7.40858047797293,4.1162131143152,0.0073895686616133,0.0376139702907841,0.0252053101109685,"Dab1/Lef1/Ephb1",3
"GO:0042481","regulation of odontogenesis","3/453","23/25730",0.130434782608696,7.40858047797293,4.1162131143152,0.0073895686616133,0.0376139702907841,0.0252053101109685,"Bmp4/Apcdd1/Shh",3
"GO:0072578","neurotransmitter-gated ion channel clustering","3/453","23/25730",0.130434782608696,7.40858047797293,4.1162131143152,0.0073895686616133,0.0376139702907841,0.0252053101109685,"Reln/Glrb/Slc7a11",3
"GO:1903540","establishment of protein localization to postsynaptic membrane","3/453","23/25730",0.130434782608696,7.40858047797293,4.1162131143152,0.0073895686616133,0.0376139702907841,0.0252053101109685,"Mylk/Mapk10/Lrrc7",3
"GO:0060538","skeletal muscle organ development","10/453","228/25730",0.043859649122807,2.49118934200844,3.02768635817598,0.00745669307700617,0.0379100782486448,0.0254037335383947,"Pmp22/Cyp26b1/Shh/Maff/Myc/Wnt3a/Igf2/Foxp2/Ephb1/Dner",10
"GO:0051047","positive regulation of secretion","16/453","457/25730",0.0350109409190372,1.98859052946319,2.85459129635889,0.00754041834579127,0.0382897742139401,0.0256581697087634,"Irs1/Plcb1/Camk2n1/Irs2/Gab2/Slc6a4/Ptger3/Nkx3-1/Dab2/Cxcl12/Apbb1/Syt1/Npr3/Abat/Igf1/Syt7",16
"GO:0035914","skeletal muscle cell differentiation","6/453","98/25730",0.0612244897959184,3.47749695904852,3.28952136181113,0.00778032067196222,0.0394606683182755,0.0264427917196472,"Cyp26b1/Shh/Maff/Myc/Wnt3a/Ephb1",6
"GO:0042886","amide transport","15/453","419/25730",0.035799522673031,2.03338127677061,2.85503040969229,0.00784190242988055,0.0395048411930033,0.0264723921845117,"Irs1/Plcb1/Camk2n1/Mafa/Irs2/Ptger3/Pim3/Brsk2/Abat/Nrxn1/Il6/Syt7/Acvr2b/Slc7a11/Gnao1",15
"GO:0001754","eye photoreceptor cell differentiation","5/453","70/25730",0.0714285714285714,4.05707978555661,3.42866660628315,0.00784499916016901,0.0395048411930033,0.0264723921845117,"Rorb/Sdk2/Dio3/Prdm1/Dzank1",5
"GO:0030166","proteoglycan biosynthetic process","5/453","70/25730",0.0714285714285714,4.05707978555661,3.42866660628315,0.00784499916016901,0.0395048411930033,0.0264723921845117,"Hs3st3a1/Hs3st3b1/Csgalnact1/Igf1/Chst10",5
"GO:0031100","animal organ regeneration","5/453","70/25730",0.0714285714285714,4.05707978555661,3.42866660628315,0.00784499916016901,0.0395048411930033,0.0264723921845117,"Adh1/Lifr/Cxcl12/Il6/Il10",5
"GO:0042058","regulation of epidermal growth factor receptor signaling pathway","5/453","70/25730",0.0714285714285714,4.05707978555661,3.42866660628315,0.00784499916016901,0.0395048411930033,0.0264723921845117,"Itga1/Afap1l2/Errfi1/Neu3/Sh3gl2",5
"GO:0048008","platelet-derived growth factor receptor signaling pathway","5/453","70/25730",0.0714285714285714,4.05707978555661,3.42866660628315,0.00784499916016901,0.0395048411930033,0.0264723921845117,"Pdgfa/Npr2/Tiparp/Pdgfra/Nr4a3",5
"GO:0006814","sodium ion transport","11/453","266/25730",0.0413533834586466,2.34883566532225,2.96029053534985,0.00786867065613481,0.0395769836445736,0.0265207352030747,"Scnn1g/Slc6a4/Cnksr3/Slc5a3/Slc24a4/Wnk2/Il6/Atp1a2/Slc9b1/Nalcn/Fgf12",11
"GO:0016051","carbohydrate biosynthetic process","10/453","230/25730",0.0434782608695652,2.46952682599098,2.99687850322303,0.00790596577643814,0.039717396279022,0.0266148264135321,"Irs1/Irs2/Ppara/Igf1/Chst10/Ppp1r3a/Igf2/Il6/Epm2a/Ppargc1a",10
"GO:1904064","positive regulation of cation transmembrane transport","7/453","129/25730",0.0542635658914729,3.08212262778719,3.17373370854721,0.00796844465680197,0.0399838425610857,0.0267933734032653,"Bmp4/Akap7/Fhl1/Ehd3/Rapgef3/Akap5/Wnk2",7
"GO:0099560","synaptic membrane adhesion","4/453","45/25730",0.0888888888888889,5.04881039980378,3.63908082890696,0.00799295213427559,0.040059351820896,0.0268439725369131,"Mdga2/Il1rap/Nrxn1/Magi2",4
"GO:0000082","G1/S transition of mitotic cell cycle","10/453","231/25730",0.0432900432900433,2.45883623367067,2.98159565772055,0.00813828108700308,0.0406691129206314,0.0272525765075554,"Plcb1/Smarca2/Pdpn/Lats2/Ccnd2/Dact1/Fhl1/Stox1/Ccno/Myc",10
"GO:0002090","regulation of receptor internalization","6/453","99/25730",0.0606060606060606,3.44237072713894,3.25944906205803,0.00816263187309013,0.0406691129206314,0.0272525765075554,"Dab2/Akap5/Wnt3a/Magi2/Sh3gl2/Ntf3",6
"GO:0045685","regulation of glial cell differentiation","6/453","99/25730",0.0606060606060606,3.44237072713894,3.25944906205803,0.00816263187309013,0.0406691129206314,0.0272525765075554,"Bmp4/Shh/Dab1/Ntf3/Ntrk3/Il34",6
"GO:0051492","regulation of stress fiber assembly","6/453","99/25730",0.0606060606060606,3.44237072713894,3.25944906205803,0.00816263187309013,0.0406691129206314,0.0272525765075554,"Kank4/Rhoc/Fhod3/Dlc1/Arhgap6/Rapgef3",6
"GO:1903035","negative regulation of response to wounding","6/453","99/25730",0.0606060606060606,3.44237072713894,3.25944906205803,0.00816263187309013,0.0406691129206314,0.0272525765075554,"Pdgfa/Ubash3b/Thbd/Pdgfra/Gp1ba/Tafa5",6
"GO:0008154","actin polymerization or depolymerization","9/453","196/25730",0.0459183673469388,2.60812271928639,3.02541939394847,0.00818340048437989,0.0406768791682498,0.0272577807090292,"Kank4/Plekhh2/Kank1/Fhod3/Scin/Baiap2l2/Gas7/Slit2/Avil",9
"GO:0031214","biomineral tissue development","9/453","196/25730",0.0459183673469388,2.60812271928639,3.02541939394847,0.00818340048437989,0.0406768791682498,0.0272577807090292,"Bmp4/Gpc3/Axin2/Wnt6/Pthlh/Ppara/Igf1/Acvr2b/Atp2b2",9
"GO:0014897","striated muscle hypertrophy","7/453","130/25730",0.0538461538461538,3.05841399218883,3.14979441877569,0.00829816472655428,0.0410996408745481,0.0275410754484016,"Bmp4/Klf15/Errfi1/Ppara/Igf1/Fbxo32/Nr4a3",7
"GO:0034440","lipid oxidation","7/453","130/25730",0.0538461538461538,3.05841399218883,3.14979441877569,0.00829816472655428,0.0410996408745481,0.0275410754484016,"Acaa2/Irs1/Pdk4/Irs2/Adh7/Ppara/Ppargc1a",7
"GO:0009612","response to mechanical stimulus","11/453","268/25730",0.041044776119403,2.33130704095417,2.93289934978562,0.00829845458769127,0.0410996408745481,0.0275410754484016,"Kcnk2/Etv1/Slc1a3/Ptprq/Cxcl12/Myc/Igf1/Nrxn1/Atp1a2/Foxp2/Atp2b2",11
"GO:0048599","oocyte development","5/453","71/25730",0.0704225352112676,3.99993781674595,3.38859256752979,0.00832027765258762,0.0410996408745481,0.0275410754484016,"Plcb1/Npr2/Igf1/Ereg/Pde3a",5
"GO:0060038","cardiac muscle cell proliferation","5/453","71/25730",0.0704225352112676,3.99993781674595,3.38859256752979,0.00832027765258762,0.0410996408745481,0.0275410754484016,"Kcnk2/Tgfbr3/Ccnd2/Erbb4/Fgf1",5
"GO:0003177","pulmonary valve development","3/453","24/25730",0.125,7.09988962472406,4.00228615183638,0.00833638524468403,0.0410996408745481,0.0275410754484016,"Bmp4/Robo2/Slit2",3
"GO:0021889","olfactory bulb interneuron differentiation","3/453","24/25730",0.125,7.09988962472406,4.00228615183638,0.00833638524468403,0.0410996408745481,0.0275410754484016,"Erbb4/Robo2/Slit2",3
"GO:0010565","regulation of ketone metabolic process","8/453","163/25730",0.049079754601227,2.78768672381804,3.06508922676892,0.00845467597312997,0.0415377642067348,0.0278346640903143,"Irs1/Pdk4/Irs2/Kcnma1/Dab2/Ppara/Angptl4/Ppargc1a",8
"GO:0043467","regulation of generation of precursor metabolites and energy","8/453","163/25730",0.049079754601227,2.78768672381804,3.06508922676892,0.00845467597312997,0.0415377642067348,0.0278346640903143,"Irs1/Irs2/Myc/Ppara/Igf1/Ppp1r3a/Igf2/Ppargc1a",8
"GO:0046328","regulation of JNK cascade","8/453","163/25730",0.049079754601227,2.78768672381804,3.06508922676892,0.00845467597312997,0.0415377642067348,0.0278346640903143,"Rassf2/Mturn/Plcb1/Igf1r/Gadd45b/Dact1/Dab2/Ephb1",8
"GO:0033144","negative regulation of intracellular steroid hormone receptor signaling pathway","4/453","46/25730",0.0869565217391304,4.93905365198196,3.57962284985805,0.00863494293439702,0.0422903511234822,0.0283389763571511,"Lbh/Crebrf/Dab2/Igf1",4
"GO:0038179","neurotrophin signaling pathway","4/453","46/25730",0.0869565217391304,4.93905365198196,3.57962284985805,0.00863494293439702,0.0422903511234822,0.0283389763571511,"Spry1/Magi2/Ntf3/Ntrk3",4
"GO:0015837","amine transport","7/453","131/25730",0.0534351145038168,3.03506732049273,3.12608453736082,0.00863781669936532,0.0422903511234822,0.0283389763571511,"Ptger3/Cxcl12/Syt1/Slc43a1/Abat/Syt7/Flvcr2",7
"GO:0008064","regulation of actin polymerization or depolymerization","8/453","164/25730",0.0487804878048781,2.77068863403866,3.04530307891881,0.00875594479091964,0.0428191988331924,0.028693359859389,"Kank4/Plekhh2/Kank1/Fhod3/Scin/Baiap2l2/Slit2/Avil",8
"GO:0030193","regulation of blood coagulation","5/453","72/25730",0.0694444444444444,3.9443831248467,3.34924531142228,0.00881513731379169,0.0429598464026557,0.028787608500978,"Pdgfa/Ubash3b/Thbd/Pdgfra/Gp1ba",5
"GO:0032964","collagen biosynthetic process","5/453","72/25730",0.0694444444444444,3.9443831248467,3.34924531142228,0.00881513731379169,0.0429598464026557,0.028787608500978,"Bmp4/Rapgef3/Klf15/Errfi1/Il6",5
"GO:0042326","negative regulation of phosphorylation","5/453","72/25730",0.0694444444444444,3.9443831248467,3.34924531142228,0.00881513731379169,0.0429598464026557,0.028787608500978,"Lats2/Cnksr3/Heg1/Sfrp2/Errfi1",5
"GO:0003279","cardiac septum development","7/453","132/25730",0.053030303030303,3.01207438624657,3.1025998776124,0.00898757031644326,0.0435496113159464,0.0291828129268108,"Bmp4/Tgfbr3/Heg1/Slit3/Prdm1/Robo2/Slit2",7
"GO:0014896","muscle hypertrophy","7/453","132/25730",0.053030303030303,3.01207438624657,3.1025998776124,0.00898757031644326,0.0435496113159464,0.0291828129268108,"Bmp4/Klf15/Errfi1/Ppara/Igf1/Fbxo32/Nr4a3",7
"GO:0021549","cerebellum development","7/453","132/25730",0.053030303030303,3.01207438624657,3.1025998776124,0.00898757031644326,0.0435496113159464,0.0291828129268108,"Igf1r/Rora/Grid2/Dab1/Abat/Foxp2/Atp2b2",7
"GO:0033555","multicellular organismal response to stress","7/453","132/25730",0.053030303030303,3.01207438624657,3.1025998776124,0.00898757031644326,0.0435496113159464,0.0291828129268108,"Hmgcs2/Nr4a2/Reln/Penk/Atp1a2/Kcnip3/Tmem45b",7
"GO:2000177","regulation of neural precursor cell proliferation","7/453","132/25730",0.053030303030303,3.01207438624657,3.1025998776124,0.00898757031644326,0.0435496113159464,0.0291828129268108,"Smarca1/Slc6a4/Shh/Wnt3a/Igf1/Ntrk3/Zfp423",7
"GO:0099175","regulation of postsynapse organization","9/453","200/25730",0.045,2.55596026490066,2.95723530756933,0.00927289296857525,0.0445971951916461,0.029884804135134,"Il1rap/Lrp4/Grid2/Dact1/Reln/Epha7/Erbb4/Nrxn1/Pcdh7",9
"GO:0001569","branching involved in blood vessel morphogenesis","4/453","47/25730",0.0851063829787234,4.83396740406745,3.52186139132262,0.00930971769299163,0.0445971951916461,0.029884804135134,"Shh/Cxcl12/Sfrp2/Lef1",4
"GO:0031338","regulation of vesicle fusion","4/453","47/25730",0.0851063829787234,4.83396740406745,3.52186139132262,0.00930971769299163,0.0445971951916461,0.029884804135134,"Cplx2/Syt1/Grik5/Syt7",4
"GO:0035137","hindlimb morphogenesis","4/453","47/25730",0.0851063829787234,4.83396740406745,3.52186139132262,0.00930971769299163,0.0445971951916461,0.029884804135134,"Bmp4/Gpc3/Shh/Zbtb16",4
"GO:0014911","positive regulation of smooth muscle cell migration","5/453","73/25730",0.0684931506849315,3.89035047930086,3.31060061231924,0.0093299576359964,0.0445971951916461,0.029884804135134,"Rapgef3/Myc/Pgr/Igf1/Nr4a3",5
"GO:0016079","synaptic vesicle exocytosis","7/453","133/25730",0.0526315789473684,2.98942721041013,3.0793363613238,0.00934759484493762,0.0445971951916461,0.029884804135134,"Cplx2/Unc13c/Syt1/Reln/Grik5/Brsk1/Syt7",7
"GO:0048675","axon extension","7/453","133/25730",0.0526315789473684,2.98942721041013,3.0793363613238,0.00934759484493762,0.0445971951916461,0.029884804135134,"Plxna4/Slit3/Cxcl12/Olfm1/Wnt3a/Slit2/Ntrk3",7
"GO:0021692","cerebellar Purkinje cell layer morphogenesis","3/453","25/25730",0.12,6.8158940397351,3.89471314165471,0.00935119464703228,0.0445971951916461,0.029884804135134,"Rora/Foxp2/Atp2b2",3
"GO:0048148","behavioral response to cocaine","3/453","25/25730",0.12,6.8158940397351,3.89471314165471,0.00935119464703228,0.0445971951916461,0.029884804135134,"Sdk1/Slc6a4/Homer2",3
"GO:0071625","vocalization behavior","3/453","25/25730",0.12,6.8158940397351,3.89471314165471,0.00935119464703228,0.0445971951916461,0.029884804135134,"Shank1/Nrxn1/Foxp2",3
"GO:0110096","cellular response to aldehyde","3/453","25/25730",0.12,6.8158940397351,3.89471314165471,0.00935119464703228,0.0445971951916461,0.029884804135134,"Scnn1g/Aldh1a1/Rdh12",3
"GO:1900452","regulation of long-term synaptic depression","3/453","25/25730",0.12,6.8158940397351,3.89471314165471,0.00935119464703228,0.0445971951916461,0.029884804135134,"Grid2/Dgki/Penk",3
"GO:1905874","regulation of postsynaptic density organization","3/453","25/25730",0.12,6.8158940397351,3.89471314165471,0.00935119464703228,0.0445971951916461,0.029884804135134,"Il1rap/Grid2/Nrxn1",3
"GO:2001044","regulation of integrin-mediated signaling pathway","3/453","25/25730",0.12,6.8158940397351,3.89471314165471,0.00935119464703228,0.0445971951916461,0.029884804135134,"Lama2/Lama1/Dab2",3
"GO:0031400","negative regulation of protein modification process","8/453","166/25730",0.0481927710843374,2.73730684326711,3.00617293312969,0.00938247060448889,0.0446836670489239,0.0299427493603179,"Lats2/Minar1/Cnksr3/Fry/Heg1/Sfrp2/Klf15/Errfi1",8
"GO:0051591","response to cAMP","6/453","102/25730",0.0588235294117647,3.34112452928191,3.17150232293501,0.00939042825821541,0.0446836670489239,0.0299427493603179,"Hmgcs2/Akap7/Thbd/Rapgef3/Penk/Slc26a3",6
"GO:0071326","cellular response to monosaccharide stimulus","9/453","201/25730",0.0447761194029851,2.54324404467728,2.94044815880009,0.00956163799259968,0.0454472916932207,0.0304544580637353,"Plcb1/Camk2n1/Igf1r/Irs2/Pim3/Brsk2/Ppara/Igf1/Nrxn1",9
"GO:0030832","regulation of actin filament length","8/453","167/25730",0.0479041916167665,2.72091578432539,2.98682469773626,0.00970797564181366,0.0460911175370862,0.0308858889902403,"Kank4/Plekhh2/Kank1/Fhod3/Scin/Baiap2l2/Slit2/Avil",8
"GO:0030516","regulation of axon extension","6/453","103/25730",0.058252427184466,3.30868642705587,3.14291378547072,0.00982746119829361,0.0465540248039971,0.0311960854710933,"Plxna4/Cxcl12/Olfm1/Wnt3a/Slit2/Ntrk3",6
"GO:0046209","nitric oxide metabolic process","6/453","103/25730",0.058252427184466,3.30868642705587,3.14291378547072,0.00982746119829361,0.0465540248039971,0.0311960854710933,"Rora/Ppara/Igf1/Il6/Cpeb1/Il10",6
"GO:1900046","regulation of hemostasis","5/453","74/25730",0.0675675675675676,3.83777817552652,3.27263537895932,0.00986511215307283,0.0466801675623055,0.0312806143659916,"Pdgfa/Ubash3b/Thbd/Pdgfra/Gp1ba",5
"GO:0008207","C21-steroid hormone metabolic process","4/453","48/25730",0.0833333333333333,4.73325974981604,3.46570981367086,0.0100178988334557,0.0471922153055447,0.0316237401264522,"Kcnma1/Cyp2d22/Dab2/Ppargc1a",4
"GO:0021696","cerebellar cortex morphogenesis","4/453","48/25730",0.0833333333333333,4.73325974981604,3.46570981367086,0.0100178988334557,0.0471922153055447,0.0316237401264522,"Rora/Grid2/Foxp2/Atp2b2",4
"GO:0032228","regulation of synaptic transmission, GABAergic","4/453","48/25730",0.0833333333333333,4.73325974981604,3.46570981367086,0.0100178988334557,0.0471922153055447,0.0316237401264522,"Kcnk2/Plcl2/Erbb4/Nalcn",4
"GO:1904707","positive regulation of vascular associated smooth muscle cell proliferation","4/453","48/25730",0.0833333333333333,4.73325974981604,3.46570981367086,0.0100178988334557,0.0471922153055447,0.0316237401264522,"Igf1/Calcrl/Nr4a3/Ppargc1a",4
"GO:0030041","actin filament polymerization","8/453","168/25730",0.0476190476190476,2.70471985703774,2.96761826801391,0.0100418072375518,0.0472522818344797,0.0316639910087013,"Kank4/Kank1/Fhod3/Scin/Baiap2l2/Gas7/Slit2/Avil",8
"GO:0043954","cellular component maintenance","6/453","104/25730",0.0576923076923077,3.27687213448803,3.1146746702366,0.0102787798455631,0.0483136877313649,0.0323752444227328,"Igf1r/Kifc3/Plxna4/Shank1/Erbb4/Adgrl3",6
"GO:0009994","oocyte differentiation","5/453","75/25730",0.0666666666666667,3.78660779985283,3.23532758668199,0.010420968179465,0.0484560988413908,0.0324706748216963,"Plcb1/Npr2/Igf1/Ereg/Pde3a",5
"GO:0048662","negative regulation of smooth muscle cell proliferation","5/453","75/25730",0.0666666666666667,3.78660779985283,3.23532758668199,0.010420968179465,0.0484560988413908,0.0324706748216963,"Ogn/Npr3/Ppargc1a/Il10/Tafa5",5
"GO:0038128","ERBB2 signaling pathway","3/453","26/25730",0.115384615384615,6.55374426897606,3.79288771566352,0.0104349379323137,0.0484560988413908,0.0324706748216963,"Nrg2/Erbb4/Ereg",3
"GO:0043586","tongue development","3/453","26/25730",0.115384615384615,6.55374426897606,3.79288771566352,0.0104349379323137,0.0484560988413908,0.0324706748216963,"Cyp26b1/Shh/Lef1",3
"GO:0045844","positive regulation of striated muscle tissue development","3/453","26/25730",0.115384615384615,6.55374426897606,3.79288771566352,0.0104349379323137,0.0484560988413908,0.0324706748216963,"Shh/Wnt3a/Igf2",3
"GO:0048636","positive regulation of muscle organ development","3/453","26/25730",0.115384615384615,6.55374426897606,3.79288771566352,0.0104349379323137,0.0484560988413908,0.0324706748216963,"Shh/Wnt3a/Igf2",3
"GO:0050872","white fat cell differentiation","3/453","26/25730",0.115384615384615,6.55374426897606,3.79288771566352,0.0104349379323137,0.0484560988413908,0.0324706748216963,"Npr2/Pdgfra/Zfp423",3
"GO:0098877","neurotransmitter receptor transport to plasma membrane","3/453","26/25730",0.115384615384615,6.55374426897606,3.79288771566352,0.0104349379323137,0.0484560988413908,0.0324706748216963,"Mylk/Mapk10/Lrrc7",3
"GO:0106070","regulation of adenylate cyclase-activating G protein-coupled receptor signaling pathway","3/453","26/25730",0.115384615384615,6.55374426897606,3.79288771566352,0.0104349379323137,0.0484560988413908,0.0324706748216963,"Ptger3/Aplp1/Pde3a",3
"GO:1901863","positive regulation of muscle tissue development","3/453","26/25730",0.115384615384615,6.55374426897606,3.79288771566352,0.0104349379323137,0.0484560988413908,0.0324706748216963,"Shh/Wnt3a/Igf2",3
"GO:1904889","regulation of excitatory synapse assembly","3/453","26/25730",0.115384615384615,6.55374426897606,3.79288771566352,0.0104349379323137,0.0484560988413908,0.0324706748216963,"Il1rap/Grid2/Nrxn1",3
"GO:0018958","phenol-containing compound metabolic process","7/453","136/25730",0.0514705882352941,2.92348396312167,3.01083344352097,0.0104909779277006,0.048662969905599,0.0326093001591984,"Slco4a1/Cyp2d22/Dio3/Nr4a2/Abat/Slc7a11/Atp2b2",7
"GO:0006163","purine nucleotide metabolic process","16/453","475/25730",0.0336842105263158,1.91323341466248,2.68938329126069,0.0106464494572279,0.0493170583741999,0.0330476081220016,"Ptger3/Rora/Slc1a3/Npr2/Npr3/Myc/Ppara/Slc25a25/Igf1/Pde7b/Atp1a2/Adcy1/Gucy1a1/Ppargc1a/Papss2/Atp2b2",16
"GO:0009152","purine ribonucleotide biosynthetic process","8/453","170/25730",0.0470588235294118,2.67289962342553,2.92962281833302,0.0107349443655305,0.0493170583741999,0.0330476081220016,"Ptger3/Npr2/Npr3/Myc/Ppara/Adcy1/Gucy1a1/Papss2",8
"GO:0055007","cardiac muscle cell differentiation","8/453","170/25730",0.0470588235294118,2.67289962342553,2.92962281833302,0.0107349443655305,0.0493170583741999,0.0330476081220016,"Bmp4/Ccnd2/Sox6/Fhod3/Ppara/Wnt3a/Igf1/Pdgfra",8
"GO:0001938","positive regulation of endothelial cell proliferation","6/453","105/25730",0.0571428571428571,3.24566382844529,3.08677693541557,0.0107446223141254,0.0493170583741999,0.0330476081220016,"Bmp4/Pgf/Cxcl12/Igf1/Igf2/Il10",6
"GO:0003407","neural retina development","6/453","105/25730",0.0571428571428571,3.24566382844529,3.08677693541557,0.0107446223141254,0.0493170583741999,0.0330476081220016,"Rorb/Sdk1/Sdk2/Dio3/Prdm1/Ptprm",6
"GO:0021766","hippocampus development","6/453","105/25730",0.0571428571428571,3.24566382844529,3.08677693541557,0.0107446223141254,0.0493170583741999,0.0330476081220016,"Dab1/Reln/Wnt3a/Lef1/Nr4a3/Kirrel3",6
"GO:0034446","substrate adhesion-dependent cell spreading","6/453","105/25730",0.0571428571428571,3.24566382844529,3.08677693541557,0.0107446223141254,0.0493170583741999,0.0330476081220016,"Pdpn/Kank1/Spry4/Mertk/Dab2/St6gal1",6
"GO:2001057","reactive nitrogen species metabolic process","6/453","105/25730",0.0571428571428571,3.24566382844529,3.08677693541557,0.0107446223141254,0.0493170583741999,0.0330476081220016,"Rora/Ppara/Igf1/Il6/Cpeb1/Il10",6
"GO:0007628","adult walking behavior","4/453","49/25730",0.0816326530612245,4.63666261206469,3.41108763043527,0.0107600854634618,0.0493170583741999,0.0330476081220016,"Pmp22/Kcnma1/Dab1/Glrb",4
"GO:0045840","positive regulation of mitotic nuclear division","4/453","49/25730",0.0816326530612245,4.63666261206469,3.41108763043527,0.0107600854634618,0.0493170583741999,0.0330476081220016,"Igf1r/Igf1/Igf2/Ereg",4
"GO:0055023","positive regulation of cardiac muscle tissue growth","4/453","49/25730",0.0816326530612245,4.63666261206469,3.41108763043527,0.0107600854634618,0.0493170583741999,0.0330476081220016,"Tgfbr3/Ccnd2/Erbb4/Igf1",4
