"ID","Description","GeneRatio","BgRatio","RichFactor","FoldEnrichment","zScore","pvalue","p.adjust","qvalue","geneID","Count"
"GO:0007059","chromosome segregation","105/1138","438/25730",0.23972602739726,5.42016756145124,20.0710392944097,1.69272159514741e-47,8.89355926090451e-44,6.77445000500049e-44,"Mki67/Nusap1/Ncapd2/Nuf2/Kif23/Aspm/Racgap1/Knstrn/Dlgap5/Ncapg/Aurkb/Kif4/Prc1/Ube2c/Cdc20/Kif11/Gpsm2/Brip1/Kif22/Ncaph/Plk1/Incenp/Ccnb2/Kif14/Tubb5/Tacc3/Fam83d/Diaph3/Ndc80/Smc2/Kif15/Ran/Birc5/Cdca8/Chek2/Smc4/Ncapg2/Actl6a/Pttg1/Ska1/Nek6/Sgo2a/Cenpf/Cit/Cenpi/Mis18a/Mad2l1/Ttk/Nek2/Spc25/Bub3/Cenpn/Spag5/Kif18b/Cenpe/Top2a/Pinx1/Cenpk/Spc24/Aurka/Spdl1/Nup43/Tpx2/Espl1/Mad1l1/Trip13/Kifc1/Cdc6/Haspin/Cdca2/Kif18a/Tubg1/Cenpm/Knl1/Chtf18/Aaas/Rcc1/Ccne2/Zwilch/Sgo1/Gen1/Ccnb1ip1/Cenph/Hjurp/Bub1b/Ect2/Bub1/Rad18/Cdk1/Dsn1/Cenps/Kif2c/Cdt1/Pmf1/Ccne1/Fbxo5/Ccnb1/Ppp2r2c/Kifc5b/Fancd2/Uhrf1/Misp/Brca1/Kntc1/Cenpw",105
"GO:0000280","nuclear division","104/1138","467/25730",0.222698072805139,5.03516820147296,18.9305521465851,7.30587830156999e-44,1.91925422982244e-40,1.46194470013521e-40,"Mki67/Chek1/Nusap1/Ncapd2/Nuf2/Kif23/Aspm/Racgap1/Camk2b/Knstrn/Gja1/Ncapg/Aurkb/Kif4/Prc1/Ube2c/Cdc20/Kif11/Brip1/Kif22/Ncaph/Plk1/Incenp/Ccnb2/Msx2/Kif14/Ndc80/Mastl/Smc2/Kif15/Cks2/Ran/Birc5/Cdca8/Chek2/Smc4/Ncapg2/Pttg1/Ska1/Sgo2a/Cit/Cenpi/Mad2l1/Fanca/Lif/Ttk/Nek2/Spc25/Bub3/Spag5/Kif18b/Cenpe/Top2a/Pinx1/Cenpk/Fgfr3/Tnf/Spc24/Aurka/Spdl1/Tpx2/Ranbp1/Espl1/Mad1l1/Trip13/Kifc1/Haspin/Cdca2/Kif18a/Tubg1/Hspa2/Knl1/Chtf18/Aaas/Mybl1/Rcc1/Ccne2/Zwilch/Rad51ap1/Sgo1/Gen1/Ankle1/Ccnb1ip1/Bub1b/Btc/Bub1/Cdc25b/Cdk1/Cenps/Kif2c/Cdt1/Il1a/Rad51/Ccne1/Fbxo5/Ccnb1/Kifc5b/Fancd2/Uhrf1/Rad54b/Misp/Cdkn1c/Kntc1/Fignl1",104
"GO:0098813","nuclear chromosome segregation","86/1138","326/25730",0.263803680981595,5.96455950057684,19.405468290532,1.65993839139325e-42,2.90710543612671e-39,2.21441605757092e-39,"Nusap1/Ncapd2/Nuf2/Kif23/Aspm/Racgap1/Knstrn/Ncapg/Aurkb/Kif4/Prc1/Ube2c/Cdc20/Kif11/Brip1/Kif22/Ncaph/Plk1/Incenp/Ccnb2/Kif14/Tacc3/Fam83d/Ndc80/Smc2/Kif15/Ran/Birc5/Cdca8/Chek2/Smc4/Ncapg2/Actl6a/Pttg1/Ska1/Nek6/Cenpf/Cit/Cenpi/Mad2l1/Ttk/Nek2/Spc25/Bub3/Spag5/Kif18b/Cenpe/Top2a/Pinx1/Cenpk/Spc24/Aurka/Spdl1/Tpx2/Espl1/Mad1l1/Trip13/Kifc1/Cdc6/Haspin/Kif18a/Tubg1/Knl1/Aaas/Rcc1/Ccne2/Zwilch/Sgo1/Gen1/Ccnb1ip1/Bub1b/Ect2/Bub1/Cdk1/Dsn1/Kif2c/Cdt1/Pmf1/Ccne1/Fbxo5/Ccnb1/Kifc5b/Fancd2/Uhrf1/Misp/Kntc1",86
"GO:0000070","mitotic sister chromatid segregation","66/1138","189/25730",0.349206349206349,7.89550032080788,20.4674338761466,2.85877024926063e-41,3.75499472240384e-38,2.8602748651813e-38,"Nusap1/Ncapd2/Nuf2/Kif23/Racgap1/Knstrn/Ncapg/Aurkb/Kif4/Prc1/Ube2c/Cdc20/Kif11/Kif22/Ncaph/Plk1/Incenp/Kif14/Ndc80/Smc2/Kif15/Ran/Birc5/Cdca8/Chek2/Smc4/Ncapg2/Ska1/Cit/Cenpi/Mad2l1/Ttk/Nek2/Spc25/Bub3/Spag5/Kif18b/Cenpe/Pinx1/Cenpk/Spc24/Spdl1/Tpx2/Espl1/Mad1l1/Trip13/Kifc1/Haspin/Kif18a/Tubg1/Knl1/Aaas/Rcc1/Zwilch/Gen1/Bub1b/Bub1/Cdk1/Kif2c/Cdt1/Fbxo5/Ccnb1/Kifc5b/Uhrf1/Misp/Kntc1",66
"GO:0000819","sister chromatid segregation","71/1138","229/25730",0.310043668122271,7.01003829594554,19.6517863671845,2.33775067935292e-40,2.45650841386405e-37,1.87118485955785e-37,"Nusap1/Ncapd2/Nuf2/Kif23/Racgap1/Knstrn/Ncapg/Aurkb/Kif4/Prc1/Ube2c/Cdc20/Kif11/Kif22/Ncaph/Plk1/Incenp/Kif14/Tacc3/Ndc80/Smc2/Kif15/Ran/Birc5/Cdca8/Chek2/Smc4/Ncapg2/Actl6a/Ska1/Nek6/Cit/Cenpi/Mad2l1/Ttk/Nek2/Spc25/Bub3/Spag5/Kif18b/Cenpe/Top2a/Pinx1/Cenpk/Spc24/Spdl1/Tpx2/Espl1/Mad1l1/Trip13/Kifc1/Cdc6/Haspin/Kif18a/Tubg1/Knl1/Aaas/Rcc1/Zwilch/Gen1/Bub1b/Bub1/Cdk1/Kif2c/Cdt1/Fbxo5/Ccnb1/Kifc5b/Uhrf1/Misp/Kntc1",71
"GO:0140014","mitotic nuclear division","76/1138","281/25730",0.270462633451957,6.11511736267035,18.5463760451065,1.76409450550579e-38,1.54475875532124e-35,1.17668198419878e-35,"Mki67/Chek1/Nusap1/Ncapd2/Nuf2/Kif23/Racgap1/Knstrn/Ncapg/Aurkb/Kif4/Prc1/Ube2c/Cdc20/Kif11/Kif22/Ncaph/Plk1/Incenp/Kif14/Ndc80/Smc2/Kif15/Ran/Birc5/Cdca8/Chek2/Smc4/Ncapg2/Ska1/Cit/Cenpi/Mad2l1/Ttk/Nek2/Spc25/Bub3/Spag5/Kif18b/Cenpe/Pinx1/Cenpk/Fgfr3/Tnf/Spc24/Aurka/Spdl1/Tpx2/Ranbp1/Espl1/Mad1l1/Trip13/Kifc1/Haspin/Cdca2/Kif18a/Tubg1/Knl1/Aaas/Rcc1/Zwilch/Gen1/Bub1b/Btc/Bub1/Cdk1/Kif2c/Cdt1/Il1a/Fbxo5/Ccnb1/Kifc5b/Uhrf1/Misp/Cdkn1c/Kntc1",76
"GO:0044772","mitotic cell cycle phase transition","91/1138","453/25730",0.200883002207506,4.54193290579887,16.3610934941945,1.14117418762589e-34,8.56532740255203e-32,6.52442746068215e-32,"Chek1/Anxa1/Nuf2/Ccna2/Iqgap3/Camk2b/Gpnmb/Abcg2/Aurkb/Foxm1/Ube2c/Cdc20/Plk1/Incenp/Ccnb2/Ak1/Kif14/Cdc25c/Rrm2/Tacc3/E2f7/Myb/Ndc80/Mastl/Cks2/Adamts1/Birc5/Tfdp1/Cdk4/Cdca8/Rrm1/Chek2/Rbl1/Pole/Cdc7/Actl6a/E2f3/Ska1/Nek6/Cenpf/Ezh2/Id4/Cit/Rnaseh2b/Lmnb1/Tcf19/Mad2l1/Psme2/Ttk/Spc25/Bub3/Cenpe/Pinx1/Cdkn2c/Spc24/Spdl1/Mad1l1/Trip13/Bard1/Cdc6/Clspn/Haspin/Pkmyt1/Hspa2/Knl1/Dtl/Tjp3/Rcc1/Ccne2/Cks1b/Zwilch/Inip/Gen1/E2f1/Bub1b/Bub1/Cdc25b/Cdk1/Muc1/Skp2/Hacd1/Ccnf/Miip/Ccne1/Fbxo5/Ccnb1/Brca1/Blm/Cdkn1c/Kntc1/Fbxl15",91
"GO:0090068","positive regulation of cell cycle process","67/1138","277/25730",0.24187725631769,5.46880650707746,16.0859830206827,7.92384518513129e-31,5.20398532533498e-28,3.96400781498279e-28,"Chek1/Anxa1/Nusap1/Ncapd2/Kif23/Racgap1/Camk2b/Gja1/Ncapg/Aurkb/Ube2c/Cdc20/Gpsm2/Ncaph/E2f8/Incenp/Kif20b/Plcg2/Msx2/Kif14/Cdc25c/Rrm2/Fam83d/E2f7/Ndc80/Smc2/Adamts1/Birc5/Tfdp1/Cdk4/Cdca8/Gipc1/Rrm1/Chek2/Smc4/Ncapg2/Fen1/Cdc7/Ska1/Sgo2a/Ezh2/Cit/Lmnb1/Mad2l1/Spag5/Cenpe/Tnf/Sox15/Ranbp1/Mad1l1/Cdc6/Hspa2/Knl1/Dtl/Ccne2/Rad51ap1/Gen1/Ect2/Btc/Bub1/Cdc25b/Rad18/Cdk1/Il1a/Ccne1/Fbxo5/Ccnb1",67
"GO:0045787","positive regulation of cell cycle","74/1138","357/25730",0.207282913165266,4.68663388026564,15.0891184476209,2.86286478413093e-29,1.67127684175821e-26,1.27305402447553e-26,"Chek1/Smoc2/Anxa1/Nusap1/Ncapd2/Kif23/Racgap1/Camk2b/Gja1/Ncapg/Aurkb/Ube2c/Cdc20/Gpsm2/Ncaph/E2f8/Incenp/Kif20b/Plcg2/Msx2/Kif14/Cdc25c/Rrm2/Fam83d/E2f7/Nupr1/Ndc80/Smc2/Adamts1/Birc5/Tfdp1/Cdk4/Cdca8/Gipc1/Rrm1/Chek2/Smc4/Ncapg2/Fen1/Cdc7/Ska1/Sgo2a/Ezh2/Cit/Lmnb1/Mad2l1/Lgmn/Psmd10/Spag5/Cenpe/Tnf/Aurka/Sox15/Ranbp1/Mad1l1/Bard1/Cdc6/Hspa2/Knl1/Dtl/Ccne2/Rad51ap1/Gen1/Ect2/Btc/Bub1/Cdc25b/Rad18/Cdk1/Il1a/Ccne1/Fbxo5/Ccnb1/Brca1",74
"GO:1901987","regulation of cell cycle phase transition","83/1138","458/25730",0.181222707423581,4.09741675044704,14.3879272964538,2.16833914064539e-28,1.13924538449509e-25,8.67792148708819e-26,"Chek1/Anxa1/Nuf2/Gpnmb/Aurkb/Tcim/Ube2c/Cdc20/Plk1/Incenp/Plcg2/Ak1/Kif14/Cdc25c/Rrm2/Fam83d/E2f7/Ndc80/Adamts1/Birc5/Tfdp1/Cdk4/Cdca8/Rrm1/Chek2/H2ax/Rbl1/Cdc7/Actl6a/Ska1/Nek6/Cenpf/Ezh2/Rnaseh2b/Lmnb1/Mad2l1/Psme2/Ttk/Spc25/Bub3/Cenpe/Pinx1/Lyn/Cdkn2c/Spc24/Spdl1/Dtx3l/Mad1l1/Trip13/Bard1/Cdc6/Clspn/Haspin/Pkmyt1/Hspa2/Knl1/Dtl/Parp9/Tjp3/Ccne2/Zwilch/Inip/Gen1/Timeless/E2f1/Dna2/Bub1b/Bub1/Cdc25b/Cdk1/Muc1/Cdt1/Hacd1/Miip/Rad51/Ccne1/Fbxo5/Ccnb1/Fancd2/Brca1/Blm/Cdkn1c/Kntc1",83
"GO:1901990","regulation of mitotic cell cycle phase transition","70/1138","346/25730",0.202312138728324,4.57424545648486,14.3988581426544,4.52458804489654e-27,2.16110778071695e-24,1.64617069346379e-24,"Chek1/Anxa1/Nuf2/Gpnmb/Aurkb/Ube2c/Cdc20/Plk1/Incenp/Ak1/Kif14/Cdc25c/Rrm2/E2f7/Ndc80/Adamts1/Birc5/Tfdp1/Cdk4/Cdca8/Rrm1/Rbl1/Cdc7/Actl6a/Ska1/Nek6/Cenpf/Ezh2/Rnaseh2b/Lmnb1/Mad2l1/Psme2/Ttk/Spc25/Bub3/Cenpe/Pinx1/Cdkn2c/Spc24/Spdl1/Mad1l1/Trip13/Bard1/Cdc6/Clspn/Haspin/Pkmyt1/Hspa2/Knl1/Dtl/Tjp3/Ccne2/Zwilch/Inip/Gen1/E2f1/Bub1b/Bub1/Cdc25b/Cdk1/Muc1/Hacd1/Miip/Ccne1/Fbxo5/Ccnb1/Brca1/Blm/Cdkn1c/Kntc1",70
"GO:0051983","regulation of chromosome segregation","44/1138","135/25730",0.325925925925926,7.36913363275402,15.9608250705605,1.79124669667954e-26,7.84267512029527e-24,5.9739648603295e-24,"Ncapd2/Nuf2/Ncapg/Aurkb/Ube2c/Cdc20/Ncaph/Plk1/Incenp/Tacc3/Ndc80/Smc2/Birc5/Cdca8/Smc4/Ncapg2/Actl6a/Ska1/Nek6/Cit/Mad2l1/Ttk/Spc25/Bub3/Cenpe/Spc24/Spdl1/Mad1l1/Trip13/Cdc6/Haspin/Knl1/Chtf18/Zwilch/Gen1/Bub1b/Bub1/Rad18/Cdk1/Kif2c/Fbxo5/Ccnb1/Ppp2r2c/Kntc1",44
"GO:0051304","chromosome separation","36/1138","87/25730",0.413793103448276,9.35579661838676,16.7937904639834,4.27921578763475e-26,1.72946151909484e-23,1.31737477122164e-23,"Ncapd2/Nuf2/Ncapg/Aurkb/Ube2c/Cdc20/Ncaph/Plk1/Incenp/Ndc80/Smc2/Birc5/Cdca8/Smc4/Ncapg2/Ska1/Mad2l1/Ttk/Spc25/Bub3/Cenpe/Top2a/Spc24/Spdl1/Espl1/Mad1l1/Trip13/Haspin/Knl1/Zwilch/Gen1/Bub1b/Bub1/Fbxo5/Ccnb1/Kntc1",36
"GO:1905818","regulation of chromosome separation","34/1138","77/25730",0.441558441558442,9.98356652135211,16.9828560890004,7.27067235582805e-26,2.72857946839433e-23,2.07842829299686e-23,"Ncapd2/Nuf2/Ncapg/Aurkb/Ube2c/Cdc20/Ncaph/Plk1/Incenp/Ndc80/Smc2/Birc5/Cdca8/Smc4/Ncapg2/Ska1/Mad2l1/Ttk/Spc25/Bub3/Cenpe/Spc24/Spdl1/Mad1l1/Trip13/Haspin/Knl1/Zwilch/Gen1/Bub1b/Bub1/Fbxo5/Ccnb1/Kntc1",34
"GO:0010948","negative regulation of cell cycle process","63/1138","312/25730",0.201923076923077,4.565448830607,13.6303333359572,1.98801160265201e-24,6.96334197355578e-22,5.30415446546172e-22,"Chek1/Nuf2/Gpnmb/Aurkb/Cdc20/E2f8/Plk1/Incenp/E2f7/Ndc80/Birc5/Cdca8/Chek2/H2ax/Rbl1/Ska1/Ezh2/Rnaseh2b/Mad2l1/Lif/Ttk/Nek2/Spc25/Bub3/Cenpe/Pinx1/Lyn/Fgfr3/Spc24/Spdl1/Dtx3l/Mad1l1/Trip13/Kifc1/Bard1/Cdc6/Clspn/Haspin/Pkmyt1/Knl1/Dtl/Chtf18/Parp9/Zwilch/Inip/Gen1/Timeless/E2f1/Dna2/Bub1b/Bub1/Cdk1/Muc1/Cdt1/Ccnf/Miip/Rad51/Fbxo5/Ccnb1/Fancd2/Brca1/Blm/Kntc1",63
"GO:1903046","meiotic cell cycle process","56/1138","251/25730",0.223107569721116,5.04442686197215,13.8512292397774,4.38704599953137e-24,1.44059623009612e-21,1.09733874277752e-21,"Ncapd2/Nuf2/Aspm/Camk2b/Gja1/Cdc20/Brip1/Ncaph/Plk1/Incenp/Ccnb2/Msx2/Cdc25c/Ndc80/Mastl/Smc2/Cks2/Birc5/Smc4/Pttg1/Ska1/Sgo2a/Fanca/Lif/Ttk/Cenpe/Top2a/Aurka/Espl1/Mcm7/Mcm6/Trip13/Haspin/Mcm2/Pkmyt1/Kif18a/Tubg1/Hspa2/Knl1/Chtf18/Mybl1/Ccne2/Rad51ap1/Sgo1/Ankle1/Ccnb1ip1/Cdc25b/Mcm5/Cenps/Rad51/Ccne1/Fbxo5/Fancd2/Rad54b/Mcm3/Fignl1",56
"GO:0051985","negative regulation of chromosome segregation","28/1138","57/25730",0.491228070175439,11.1065889680264,16.4319604252957,3.81392155508099e-23,1.17872610884679e-20,8.97865619344763e-21,"Nuf2/Aurkb/Cdc20/Plk1/Incenp/Ndc80/Birc5/Cdca8/Ska1/Mad2l1/Ttk/Spc25/Bub3/Cenpe/Spc24/Spdl1/Mad1l1/Trip13/Haspin/Knl1/Chtf18/Zwilch/Gen1/Bub1b/Bub1/Fbxo5/Ccnb1/Kntc1",28
"GO:0033046","negative regulation of sister chromatid segregation","27/1138","53/25730",0.509433962264151,11.5182213084856,16.4889787391277,6.49524951926307e-23,1.60537608318787e-20,1.22285574264827e-20,"Nuf2/Aurkb/Cdc20/Plk1/Incenp/Ndc80/Birc5/Cdca8/Ska1/Mad2l1/Ttk/Spc25/Bub3/Cenpe/Spc24/Spdl1/Mad1l1/Trip13/Haspin/Knl1/Zwilch/Gen1/Bub1b/Bub1/Fbxo5/Ccnb1/Kntc1",27
"GO:0033048","negative regulation of mitotic sister chromatid segregation","27/1138","53/25730",0.509433962264151,11.5182213084856,16.4889787391277,6.49524951926307e-23,1.60537608318787e-20,1.22285574264827e-20,"Nuf2/Aurkb/Cdc20/Plk1/Incenp/Ndc80/Birc5/Cdca8/Ska1/Mad2l1/Ttk/Spc25/Bub3/Cenpe/Spc24/Spdl1/Mad1l1/Trip13/Haspin/Knl1/Zwilch/Gen1/Bub1b/Bub1/Fbxo5/Ccnb1/Kntc1",27
"GO:0045841","negative regulation of mitotic metaphase/anaphase transition","27/1138","53/25730",0.509433962264151,11.5182213084856,16.4889787391277,6.49524951926307e-23,1.60537608318787e-20,1.22285574264827e-20,"Nuf2/Aurkb/Cdc20/Plk1/Incenp/Ndc80/Birc5/Cdca8/Ska1/Mad2l1/Ttk/Spc25/Bub3/Cenpe/Spc24/Spdl1/Mad1l1/Trip13/Haspin/Knl1/Zwilch/Gen1/Bub1b/Bub1/Fbxo5/Ccnb1/Kntc1",27
"GO:2000816","negative regulation of mitotic sister chromatid separation","27/1138","53/25730",0.509433962264151,11.5182213084856,16.4889787391277,6.49524951926307e-23,1.60537608318787e-20,1.22285574264827e-20,"Nuf2/Aurkb/Cdc20/Plk1/Incenp/Ndc80/Birc5/Cdca8/Ska1/Mad2l1/Ttk/Spc25/Bub3/Cenpe/Spc24/Spdl1/Mad1l1/Trip13/Haspin/Knl1/Zwilch/Gen1/Bub1b/Bub1/Fbxo5/Ccnb1/Kntc1",27
"GO:0045839","negative regulation of mitotic nuclear division","29/1138","63/25730",0.46031746031746,10.4077049683377,16.0824447486074,6.72216860109121e-23,1.60537608318787e-20,1.22285574264827e-20,"Chek1/Nuf2/Aurkb/Cdc20/Plk1/Incenp/Ndc80/Birc5/Cdca8/Ska1/Mad2l1/Ttk/Spc25/Bub3/Cenpe/Fgfr3/Spc24/Spdl1/Mad1l1/Trip13/Haspin/Knl1/Zwilch/Gen1/Bub1b/Bub1/Fbxo5/Ccnb1/Kntc1",29
"GO:0051783","regulation of nuclear division","43/1138","155/25730",0.27741935483871,6.27240773286468,14.1629158789214,9.19843474713163e-23,2.10124244180129e-20,1.60056974410043e-20,"Mki67/Chek1/Nusap1/Nuf2/Camk2b/Gja1/Aurkb/Ube2c/Cdc20/Plk1/Incenp/Msx2/Ndc80/Birc5/Cdca8/Ska1/Mad2l1/Lif/Ttk/Spc25/Bub3/Cenpe/Fgfr3/Tnf/Spc24/Spdl1/Mad1l1/Trip13/Haspin/Cdca2/Tubg1/Knl1/Rcc1/Zwilch/Rad51ap1/Gen1/Bub1b/Btc/Bub1/Il1a/Fbxo5/Ccnb1/Kntc1",43
"GO:1901988","negative regulation of cell cycle phase transition","56/1138","268/25730",0.208955223880597,4.72444456102615,13.1846411403536,1.31875128826787e-22,2.85498068234051e-20,2.17471130852857e-20,"Chek1/Nuf2/Gpnmb/Aurkb/Cdc20/Plk1/Incenp/E2f7/Ndc80/Birc5/Cdca8/Chek2/H2ax/Rbl1/Ska1/Ezh2/Rnaseh2b/Mad2l1/Ttk/Spc25/Bub3/Cenpe/Pinx1/Lyn/Spc24/Spdl1/Dtx3l/Mad1l1/Trip13/Bard1/Cdc6/Clspn/Haspin/Pkmyt1/Knl1/Dtl/Parp9/Zwilch/Inip/Gen1/Timeless/E2f1/Dna2/Bub1b/Bub1/Cdk1/Muc1/Cdt1/Miip/Rad51/Fbxo5/Ccnb1/Fancd2/Brca1/Blm/Kntc1",56
"GO:0045786","negative regulation of cell cycle","68/1138","388/25730",0.175257731958763,3.96254959868099,12.6487237881174,1.36525836484424e-22,2.85498068234051e-20,2.17471130852857e-20,"Chek1/Nuf2/Gpnmb/Aurkb/Cdc20/E2f8/Plk1/Incenp/E2f7/Nupr1/Ndc80/Birc5/Cdca8/Chek2/H2ax/Rbl1/Ska1/Ezh2/Rnaseh2b/Mad2l1/Lif/Ttk/Nek2/Spc25/Bub3/Cenpe/Pinx1/Lyn/Fgfr3/Tnf/Spc24/Spdl1/Dtx3l/Mad1l1/Trip13/Kifc1/Bard1/Cdc6/Clspn/Haspin/Pkmyt1/Knl1/Dtl/Chtf18/Parp9/Zwilch/Inip/Gen1/Timeless/E2f1/Dna2/Bub1b/Ptgs2/Bub1/Cdk1/Muc1/Cdt1/Ccnf/Miip/Rad51/Fbxo5/Ccnb1/Fancd2/Gmnn/Brca1/Blm/Cdkn1c/Kntc1",68
"GO:0000075","cell cycle checkpoint signaling","48/1138","197/25730",0.243654822335025,5.50899699356784,13.666200738059,1.41281876172161e-22,2.85498068234051e-20,2.17471130852857e-20,"Chek1/Nuf2/Aurkb/Cdc20/Plk1/Incenp/Ndc80/Birc5/Cdca8/Chek2/H2ax/Ska1/Rnaseh2b/Mad2l1/Ttk/Spc25/Bub3/Cenpe/Lyn/Spc24/Spdl1/Dtx3l/Mad1l1/Trip13/Bard1/Cdc6/Clspn/Haspin/Knl1/Dtl/Parp9/Zwilch/Inip/Gen1/Timeless/E2f1/Dna2/Bub1b/Bub1/Cdk1/Muc1/Cdt1/Rad51/Ccnb1/Fancd2/Brca1/Blm/Kntc1",48
"GO:0033047","regulation of mitotic sister chromatid segregation","28/1138","60/25730",0.466666666666667,10.5512595196251,15.9334196948224,2.3158221242654e-22,4.24583568313892e-20,3.23416089341337e-20,"Nuf2/Aurkb/Cdc20/Plk1/Incenp/Ndc80/Birc5/Cdca8/Ska1/Mad2l1/Ttk/Spc25/Bub3/Cenpe/Spc24/Spdl1/Mad1l1/Trip13/Haspin/Knl1/Zwilch/Gen1/Bub1b/Bub1/Cdk1/Fbxo5/Ccnb1/Kntc1",28
"GO:1902100","negative regulation of metaphase/anaphase transition of cell cycle","27/1138","55/25730",0.490909090909091,11.0993768972679,16.1289597425877,2.34353320919354e-22,4.24583568313892e-20,3.23416089341337e-20,"Nuf2/Aurkb/Cdc20/Plk1/Incenp/Ndc80/Birc5/Cdca8/Ska1/Mad2l1/Ttk/Spc25/Bub3/Cenpe/Spc24/Spdl1/Mad1l1/Trip13/Haspin/Knl1/Zwilch/Gen1/Bub1b/Bub1/Fbxo5/Ccnb1/Kntc1",27
"GO:1905819","negative regulation of chromosome separation","27/1138","55/25730",0.490909090909091,11.0993768972679,16.1289597425877,2.34353320919354e-22,4.24583568313892e-20,3.23416089341337e-20,"Nuf2/Aurkb/Cdc20/Plk1/Incenp/Ndc80/Birc5/Cdca8/Ska1/Mad2l1/Ttk/Spc25/Bub3/Cenpe/Spc24/Spdl1/Mad1l1/Trip13/Haspin/Knl1/Zwilch/Gen1/Bub1b/Bub1/Fbxo5/Ccnb1/Kntc1",27
"GO:0007088","regulation of mitotic nuclear division","38/1138","122/25730",0.311475409836066,7.04240974963266,14.3908987172355,3.00541058747348e-22,5.26347574219522e-20,4.00932317669269e-20,"Mki67/Chek1/Nusap1/Nuf2/Aurkb/Ube2c/Cdc20/Plk1/Incenp/Ndc80/Birc5/Cdca8/Ska1/Mad2l1/Ttk/Spc25/Bub3/Cenpe/Fgfr3/Tnf/Spc24/Spdl1/Mad1l1/Trip13/Haspin/Cdca2/Tubg1/Knl1/Rcc1/Zwilch/Gen1/Bub1b/Btc/Bub1/Il1a/Fbxo5/Ccnb1/Kntc1",38
"GO:0051310","metaphase chromosome alignment","35/1138","102/25730",0.343137254901961,7.75827905854785,14.711755821263,3.51916192340563e-22,5.9644118534107e-20,4.54324401792468e-20,"Nuf2/Racgap1/Knstrn/Aurkb/Kif22/Incenp/Kif14/Fam83d/Ndc80/Birc5/Cdca8/Ska1/Cenpf/Ttk/Nek2/Spc25/Bub3/Spag5/Cenpe/Pinx1/Spc24/Spdl1/Mad1l1/Kifc1/Kif18a/Knl1/Sgo1/Ect2/Cdk1/Dsn1/Kif2c/Cdt1/Pmf1/Ccnb1/Kifc5b",35
"GO:0007094","mitotic spindle assembly checkpoint signaling","26/1138","51/25730",0.509803921568627,11.5265860298425,16.1871070178683,3.99297213785425e-22,6.17031635655477e-20,4.70008670839686e-20,"Nuf2/Aurkb/Cdc20/Plk1/Incenp/Ndc80/Birc5/Cdca8/Ska1/Mad2l1/Ttk/Spc25/Bub3/Cenpe/Spc24/Spdl1/Mad1l1/Trip13/Haspin/Knl1/Zwilch/Gen1/Bub1b/Bub1/Ccnb1/Kntc1",26
"GO:0071173","spindle assembly checkpoint signaling","26/1138","51/25730",0.509803921568627,11.5265860298425,16.1871070178683,3.99297213785425e-22,6.17031635655477e-20,4.70008670839686e-20,"Nuf2/Aurkb/Cdc20/Plk1/Incenp/Ndc80/Birc5/Cdca8/Ska1/Mad2l1/Ttk/Spc25/Bub3/Cenpe/Spc24/Spdl1/Mad1l1/Trip13/Haspin/Knl1/Zwilch/Gen1/Bub1b/Bub1/Ccnb1/Kntc1",26
"GO:0071174","mitotic spindle checkpoint signaling","26/1138","51/25730",0.509803921568627,11.5265860298425,16.1871070178683,3.99297213785425e-22,6.17031635655477e-20,4.70008670839686e-20,"Nuf2/Aurkb/Cdc20/Plk1/Incenp/Ndc80/Birc5/Cdca8/Ska1/Mad2l1/Ttk/Spc25/Bub3/Cenpe/Spc24/Spdl1/Mad1l1/Trip13/Haspin/Knl1/Zwilch/Gen1/Bub1b/Bub1/Ccnb1/Kntc1",26
"GO:0051784","negative regulation of nuclear division","30/1138","72/25730",0.416666666666667,9.42076742823667,15.391898119492,4.4607696256192e-22,6.69625246085807e-20,5.1007055989787e-20,"Chek1/Nuf2/Aurkb/Cdc20/Plk1/Incenp/Ndc80/Birc5/Cdca8/Ska1/Mad2l1/Lif/Ttk/Spc25/Bub3/Cenpe/Fgfr3/Spc24/Spdl1/Mad1l1/Trip13/Haspin/Knl1/Zwilch/Gen1/Bub1b/Bub1/Fbxo5/Ccnb1/Kntc1",30
"GO:0010965","regulation of mitotic sister chromatid separation","28/1138","62/25730",0.451612903225806,10.2108963093146,15.6202284831721,7.16900823529628e-22,1.04627692411796e-19,7.96975710836154e-20,"Nuf2/Aurkb/Ube2c/Cdc20/Plk1/Incenp/Ndc80/Birc5/Cdca8/Ska1/Mad2l1/Ttk/Spc25/Bub3/Cenpe/Spc24/Spdl1/Mad1l1/Trip13/Haspin/Knl1/Zwilch/Gen1/Bub1b/Bub1/Fbxo5/Ccnb1/Kntc1",28
"GO:0031577","spindle checkpoint signaling","26/1138","52/25730",0.5,11.304920913884,16.001157392186,7.65345806094875e-22,1.08679104465472e-19,8.2783634559679e-20,"Nuf2/Aurkb/Cdc20/Plk1/Incenp/Ndc80/Birc5/Cdca8/Ska1/Mad2l1/Ttk/Spc25/Bub3/Cenpe/Spc24/Spdl1/Mad1l1/Trip13/Haspin/Knl1/Zwilch/Gen1/Bub1b/Bub1/Ccnb1/Kntc1",26
"GO:0051306","mitotic sister chromatid separation","28/1138","65/25730",0.430769230769231,9.73962417196161,15.1762495984811,3.54700074206096e-21,4.90419523652323e-19,3.73565008900714e-19,"Nuf2/Aurkb/Ube2c/Cdc20/Plk1/Incenp/Ndc80/Birc5/Cdca8/Ska1/Mad2l1/Ttk/Spc25/Bub3/Cenpe/Spc24/Spdl1/Mad1l1/Trip13/Haspin/Knl1/Zwilch/Gen1/Bub1b/Bub1/Fbxo5/Ccnb1/Kntc1",28
"GO:0007091","metaphase/anaphase transition of mitotic cell cycle","33/1138","96/25730",0.34375,7.77213312829525,14.300083486273,5.10183904089789e-21,6.87309290278911e-19,5.23540945573382e-19,"Nuf2/Aurkb/Ube2c/Cdc20/Plk1/Incenp/Tacc3/Ndc80/Birc5/Cdca8/Actl6a/Ska1/Nek6/Cit/Mad2l1/Ttk/Spc25/Bub3/Cenpe/Spc24/Spdl1/Mad1l1/Trip13/Cdc6/Haspin/Knl1/Zwilch/Gen1/Bub1b/Bub1/Fbxo5/Ccnb1/Kntc1",33
"GO:0008608","attachment of spindle microtubules to kinetochore","25/1138","51/25730",0.490196078431373,11.0832557979255,15.5053822983863,8.84472560723945e-21,1.1617547085109e-18,8.84938072598011e-19,"Nuf2/Racgap1/Knstrn/Aurkb/Incenp/Ndc80/Birc5/Cdca8/Ska1/Nek2/Spc25/Bub3/Spag5/Cenpe/Spc24/Mad1l1/Knl1/Sgo1/Ect2/Cdk1/Dsn1/Kif2c/Cdt1/Pmf1/Ccnb1",25
"GO:0044784","metaphase/anaphase transition of cell cycle","33/1138","99/25730",0.333333333333333,7.53661394258934,14.0175888448894,1.53882388235902e-20,1.97194650680836e-18,1.50208174601514e-18,"Nuf2/Aurkb/Ube2c/Cdc20/Plk1/Incenp/Tacc3/Ndc80/Birc5/Cdca8/Actl6a/Ska1/Nek6/Cit/Mad2l1/Ttk/Spc25/Bub3/Cenpe/Spc24/Spdl1/Mad1l1/Trip13/Cdc6/Haspin/Knl1/Zwilch/Gen1/Bub1b/Bub1/Fbxo5/Ccnb1/Kntc1",33
"GO:0033045","regulation of sister chromatid segregation","34/1138","107/25730",0.317757009345794,7.18443572097301,13.7899483630808,2.31061197298597e-20,2.83770608491163e-18,2.16155280885421e-18,"Nuf2/Aurkb/Ube2c/Cdc20/Plk1/Incenp/Tacc3/Ndc80/Birc5/Cdca8/Actl6a/Ska1/Nek6/Cit/Mad2l1/Ttk/Spc25/Bub3/Cenpe/Spc24/Spdl1/Mad1l1/Trip13/Cdc6/Haspin/Knl1/Zwilch/Gen1/Bub1b/Bub1/Cdk1/Fbxo5/Ccnb1/Kntc1",34
"GO:1901991","negative regulation of mitotic cell cycle phase transition","44/1138","185/25730",0.237837837837838,5.37747589417185,12.8541195075188,2.32244692902931e-20,2.83770608491163e-18,2.16155280885421e-18,"Chek1/Nuf2/Gpnmb/Aurkb/Cdc20/Plk1/Incenp/E2f7/Ndc80/Birc5/Cdca8/Rbl1/Ska1/Ezh2/Mad2l1/Ttk/Spc25/Bub3/Cenpe/Pinx1/Spc24/Spdl1/Mad1l1/Trip13/Bard1/Cdc6/Clspn/Haspin/Pkmyt1/Knl1/Dtl/Zwilch/Inip/Gen1/Bub1b/Bub1/Cdk1/Muc1/Miip/Fbxo5/Ccnb1/Brca1/Blm/Kntc1",44
"GO:1902850","microtubule cytoskeleton organization involved in mitosis","41/1138","166/25730",0.246987951807229,5.58435852372584,12.7468793052672,1.03036696569032e-19,1.23035182675839e-17,9.3719024008483e-18,"Nusap1/Nuf2/Kif23/Racgap1/Dlgap5/Gja1/Aurkb/Kif4/Prc1/Cdc20/Kif11/Gpsm2/Plk1/Incenp/Arhgef2/Tacc3/Cenpa/Ndc80/Kif15/Birc5/Cdca8/Chek2/Mad2l1/Nek2/Spc25/Cenpe/Sapcd2/Aurka/Spdl1/Tpx2/Kifc1/Tubg1/Aaas/Rcc1/Cenph/Cdk1/Ccnb1/Kifc5b/Wdr62/Uhrf1/Misp",41
"GO:0030071","regulation of mitotic metaphase/anaphase transition","31/1138","91/25730",0.340659340659341,7.70225380945943,13.7776987497743,1.0736725730139e-19,1.25357237747e-17,9.54877923414932e-18,"Nuf2/Aurkb/Ube2c/Cdc20/Plk1/Incenp/Ndc80/Birc5/Cdca8/Actl6a/Ska1/Nek6/Mad2l1/Ttk/Spc25/Bub3/Cenpe/Spc24/Spdl1/Mad1l1/Trip13/Cdc6/Haspin/Knl1/Zwilch/Gen1/Bub1b/Bub1/Fbxo5/Ccnb1/Kntc1",31
"GO:0140013","meiotic nuclear division","47/1138","220/25730",0.213636363636364,4.83028439047771,12.273623336492,1.34858602431005e-19,1.54031977646195e-17,1.17330070124183e-17,"Nuf2/Aspm/Camk2b/Gja1/Cdc20/Brip1/Ncaph/Plk1/Incenp/Ccnb2/Msx2/Ndc80/Mastl/Smc2/Cks2/Birc5/Smc4/Pttg1/Ska1/Sgo2a/Fanca/Lif/Ttk/Cenpe/Top2a/Aurka/Espl1/Trip13/Haspin/Kif18a/Hspa2/Knl1/Chtf18/Mybl1/Ccne2/Rad51ap1/Sgo1/Ankle1/Ccnb1ip1/Cdc25b/Cenps/Rad51/Ccne1/Fbxo5/Fancd2/Rad54b/Fignl1",47
"GO:0045930","negative regulation of mitotic cell cycle","49/1138","239/25730",0.205020920502092,4.6354905839357,12.146585109645,1.42702026618405e-19,1.59522648479383e-17,1.2151245357294e-17,"Chek1/Nuf2/Gpnmb/Aurkb/Cdc20/Plk1/Incenp/E2f7/Ndc80/Birc5/Cdca8/Chek2/Rbl1/Ska1/Ezh2/Mad2l1/Ttk/Spc25/Bub3/Cenpe/Pinx1/Fgfr3/Tnf/Spc24/Spdl1/Mad1l1/Trip13/Bard1/Cdc6/Clspn/Haspin/Pkmyt1/Knl1/Dtl/Zwilch/Inip/Gen1/Bub1b/Bub1/Cdk1/Muc1/Miip/Fbxo5/Ccnb1/Fancd2/Brca1/Blm/Cdkn1c/Kntc1",49
"GO:0007093","mitotic cell cycle checkpoint signaling","38/1138","143/25730",0.265734265734266,6.00820971646982,12.9189286616897,1.46845784366435e-19,1.6073494813776e-17,1.22435893017804e-17,"Chek1/Nuf2/Aurkb/Cdc20/Plk1/Incenp/Ndc80/Birc5/Cdca8/Chek2/Ska1/Mad2l1/Ttk/Spc25/Bub3/Cenpe/Spc24/Spdl1/Mad1l1/Trip13/Bard1/Cdc6/Clspn/Haspin/Knl1/Dtl/Zwilch/Inip/Gen1/Bub1b/Bub1/Cdk1/Muc1/Ccnb1/Fancd2/Brca1/Blm/Kntc1",38
"GO:0051321","meiotic cell cycle","61/1138","364/25730",0.167582417582418,3.78901195465343,11.52817957821,2.21134828506262e-19,2.37110691626918e-17,1.80613236945394e-17,"Mki67/Ncapd2/Nuf2/Aspm/Camk2b/Gja1/Cdc20/Brip1/Ncaph/Plk1/Incenp/Ccnb2/Msx2/Cdc25c/Ndc80/Mastl/Smc2/Cks2/Birc5/H2ax/Smc4/Pttg1/Ska1/Sgo2a/Fanca/Lif/Ttk/Nek2/Bub3/Exo1/Cenpe/Top2a/Aurka/Espl1/Mcm7/Mcm6/Trip13/Haspin/Mcm2/Pkmyt1/Kif18a/Tubg1/Hspa2/Knl1/Chtf18/Mybl1/Ccne2/Rad51ap1/Sgo1/Ankle1/Ccnb1ip1/Cdc25b/Mcm5/Cenps/Rad51/Ccne1/Fbxo5/Fancd2/Rad54b/Mcm3/Fignl1",61
"GO:1902099","regulation of metaphase/anaphase transition of cell cycle","31/1138","94/25730",0.329787234042553,7.45643719851924,13.490168857334,3.1893504375341e-19,3.35136943976084e-17,2.55282323442203e-17,"Nuf2/Aurkb/Ube2c/Cdc20/Plk1/Incenp/Ndc80/Birc5/Cdca8/Actl6a/Ska1/Nek6/Mad2l1/Ttk/Spc25/Bub3/Cenpe/Spc24/Spdl1/Mad1l1/Trip13/Cdc6/Haspin/Knl1/Zwilch/Gen1/Bub1b/Bub1/Fbxo5/Ccnb1/Kntc1",31
"GO:0006261","DNA-templated DNA replication","39/1138","155/25730",0.251612903225806,5.68892794376098,12.5955531883208,3.99623488747989e-19,4.11690550957242e-17,3.13595150509773e-17,"E2f8/Cdc45/E2f7/Rrm1/Pole/Cdc7/Rfc3/Dynll1/Exo1/Mms22l/Wdhd1/Mcm7/Mcm6/Bard1/Cdc6/Mcm2/Fam111a/Pole2/Ccne2/Gen1/Timeless/Dna2/Cdk1/Mcm5/Cenps/Prim1/Lig1/Mcm10/Cdt1/Pola2/Traip/Rad51/Pold1/Ccne1/Fbxo5/Gmnn/Mcm3/Brca1/Blm",39
"GO:0050000","chromosome localization","35/1138","124/25730",0.282258064516129,6.38181019332162,12.9227221991041,4.76760218808089e-19,4.81711190311096e-17,3.66931650183878e-17,"Nuf2/Racgap1/Knstrn/Aurkb/Kif22/Incenp/Kif14/Fam83d/Ndc80/Birc5/Cdca8/Ska1/Cenpf/Ttk/Nek2/Spc25/Bub3/Spag5/Cenpe/Pinx1/Spc24/Spdl1/Mad1l1/Kifc1/Kif18a/Knl1/Sgo1/Ect2/Cdk1/Dsn1/Kif2c/Cdt1/Pmf1/Ccnb1/Kifc5b",35
"GO:0033044","regulation of chromosome organization","47/1138","242/25730",0.194214876033058,4.39116762770701,11.4018341885343,7.81703852234826e-18,7.749192527626e-16,5.90275679482981e-16,"Ncapd2/Nuf2/Ncapg/Aurkb/Ube2c/Cdc20/Ncaph/Plk1/Incenp/Tacc3/Ndc80/Smc2/Birc5/Cdca8/Smc4/Ncapg2/Fen1/Actl6a/Ska1/Nek6/Sgo2a/Cit/Mad2l1/Ttk/Nek2/Spc25/Bub3/Cenpe/Pinx1/Wdhd1/Spc24/Spdl1/Mad1l1/Trip13/Cdc6/Haspin/Knl1/Zwilch/Gen1/Bub1b/Bub1/Cdk1/Pif1/Wrap53/Fbxo5/Ccnb1/Kntc1",47
"GO:0006260","DNA replication","50/1138","275/25730",0.181818181818182,4.11088033232146,11.1570341113543,1.25307071909268e-17,1.21919139965054e-15,9.28689059257378e-16,"Ccna2/Pclaf/E2f8/Cdc45/E2f7/Rrm1/Pole/Dscc1/Fen1/Cdc7/Actl6a/Rfc3/Dynll1/Exo1/Mms22l/Cacybp/Wdhd1/Mcm7/Mcm6/Bard1/Cdc6/Mcm2/Fam111a/Pole2/Dtl/Chaf1b/Chtf18/Chaf1a/Ccne2/Gen1/Timeless/Dna2/Cdk1/Mcm5/Cenps/Prim1/Lig1/Mcm10/Cdt1/Grwd1/Pola2/Traip/Rad51/Pold1/Ccne1/Fbxo5/Gmnn/Mcm3/Brca1/Blm",50
"GO:0000086","G2/M transition of mitotic cell cycle","36/1138","146/25730",0.246575342465753,5.57502949177841,11.9253672442006,1.88299466194878e-17,1.7987734461598e-15,1.37017142674244e-15,"Chek1/Ccna2/Aurkb/Foxm1/Cdc20/Plk1/Kif14/Cdc25c/Mastl/Birc5/Cdk4/Rrm1/Chek2/Cdc7/Cenpf/Cit/Rnaseh2b/Lmnb1/Pinx1/Bard1/Cdc6/Clspn/Pkmyt1/Hspa2/Dtl/Inip/Cdc25b/Cdk1/Skp2/Hacd1/Miip/Fbxo5/Ccnb1/Brca1/Blm/Fbxl15",36
"GO:0044839","cell cycle G2/M phase transition","38/1138","164/25730",0.231707317073171,5.23886578936088,11.7145566622158,2.33188527333381e-17,2.18780807608854e-15,1.66650898669458e-15,"Chek1/Ccna2/Aurkb/Foxm1/Cdc20/Plk1/Ccnb2/Kif14/Cdc25c/Ndc80/Mastl/Birc5/Cdk4/Rrm1/Chek2/Cdc7/Cenpf/Cit/Rnaseh2b/Lmnb1/Pinx1/Bard1/Cdc6/Clspn/Pkmyt1/Hspa2/Dtl/Inip/Cdc25b/Cdk1/Skp2/Hacd1/Miip/Fbxo5/Ccnb1/Brca1/Blm/Fbxl15",38
"GO:0007051","spindle organization","42/1138","207/25730",0.202898550724638,4.58750413896742,11.1480108498867,8.51757259717414e-17,7.85110989921982e-15,5.98038984569827e-15,"Nuf2/Kif23/Aspm/Racgap1/Knstrn/Dlgap5/Aurkb/Kif4/Prc1/Cdc20/Kif11/Gpsm2/Plk1/Incenp/Ccnb2/Tubb5/Tacc3/Ndc80/Kif15/Birc5/Cdca8/Chek2/Ska1/Nek2/Spc25/Spag5/Cenpe/Aurka/Tpx2/Ranbp1/Espl1/Kifc1/Tubg1/Aaas/Rcc1/Cenph/Fbxo5/Ccnb1/Kifc5b/Wdr62/Uhrf1/Misp",42
"GO:2001251","negative regulation of chromosome organization","29/1138","97/25730",0.298969072164948,6.75964343304405,12.2255218404249,9.12984081019447e-17,8.27037648564858e-15,6.29975585487466e-15,"Nuf2/Aurkb/Cdc20/Plk1/Incenp/Ndc80/Birc5/Cdca8/Ska1/Mad2l1/Ttk/Spc25/Bub3/Cenpe/Pinx1/Spc24/Spdl1/Mad1l1/Trip13/Haspin/Knl1/Zwilch/Gen1/Bub1b/Bub1/Pif1/Fbxo5/Ccnb1/Kntc1",29
"GO:0071459","protein localization to chromosome, centromeric region","19/1138","37/25730",0.513513513513513,11.610459316962,13.8935522135001,1.3275275342785e-16,1.18217451950835e-14,9.00492361342885e-15,"H2ac4/H4c6/Aurkb/H4c2/Cenpa/H4c12/H4c16/H4c11/Mis18a/Ttk/Bub3/H4c9/Spdl1/Haspin/Knl1/Zwilch/Bub1b/Cdk1/Kntc1",19
"GO:0006310","DNA recombination","55/1138","348/25730",0.158045977011494,3.57339454174494,10.397255993817,1.93165161722723e-16,1.69148293281864e-14,1.28844551731542e-14,"Chek1/H1f5/Bcl11b/Brip1/Plk1/H1f1/Cdc45/Parpbp/Psmd14/H2ax/Nsd2/Cdc7/Actl6a/Hells/H1f3/Ezh2/Exo1/Mms22l/Top2a/Tfrc/Bcl6/Mrgbp/C1qbp/Mcm7/Mcm6/Trip13/Bard1/Mcm2/Hrob/Chtf18/Inip/Rad51ap1/Gen1/Timeless/Ankle1/Ccnb1ip1/Rad18/Mcm5/Cenps/Skp2/Lig1/Xrcc2/Exosc6/Pif1/Wrap53/Rad51/Ung/Fancd2/Rad54b/Mcm3/Cgas/Brca1/Blm/Fignl1/Radx",55
"GO:0007052","mitotic spindle organization","33/1138","133/25730",0.24812030075188,5.60996075425823,11.4660590445003,3.35862581196369e-16,2.89282295345201e-14,2.20353672771112e-14,"Nuf2/Kif23/Racgap1/Dlgap5/Aurkb/Kif4/Prc1/Cdc20/Kif11/Gpsm2/Plk1/Incenp/Tacc3/Ndc80/Kif15/Birc5/Cdca8/Chek2/Nek2/Spc25/Cenpe/Aurka/Tpx2/Kifc1/Tubg1/Aaas/Rcc1/Cenph/Ccnb1/Kifc5b/Wdr62/Uhrf1/Misp",33
"GO:0065004","protein-DNA complex assembly","40/1138","200/25730",0.2,4.5219683655536,10.7562453683833,7.76518464508853e-16,6.58036776214437e-14,5.01243328024221e-14,"H3c2/H3c3/H3c7/H1f5/H4c6/Padi4/H3c4/Dlgap5/H4c2/H1f1/Cdc45/Taf9/Cenpa/Mis18bp1/H4c12/H4c16/H4c11/Asf1b/H1f3/Cenpi/Mis18a/H3c13/Cenpn/H4c9/Cenpe/Cenpk/Polr1e/Atad2/Mcm2/Chaf1b/Chaf1a/Cenph/Hjurp/Ikzf1/Cdt1/Grwd1/Rad51/Gmnn/Kntc1/Cenpw",40
"GO:0010639","negative regulation of organelle organization","57/1138","386/25730",0.147668393782383,3.33875902638025,9.95926316715324,1.22569147624131e-15,1.02202007542719e-13,7.78498653011075e-14,"Vill/Chek1/Nuf2/Ckmt1/Cib1/Map3k1/Tacstd2/Aurkb/Cdc20/Bak1/Plk1/Incenp/Ckap2/Ccdc88c/Arhgef2/Sptbn2/Diaph3/Nupr1/Ndc80/Birc5/Cdca8/Capza1/Togaram2/Ska1/Tlr2/Slc35f6/Mad2l1/Lif/Ttk/Psmd10/Spc25/Bub3/Cenpe/Pinx1/Tfrc/Capg/Fgfr3/Spc24/Spdl1/Tpx2/Mad1l1/Trip13/Kifc1/Haspin/Knl1/Zwilch/Gen1/Dbn1/Bub1b/Bok/Bub1/Sgk1/Pif1/Ccnf/Fbxo5/Ccnb1/Kntc1",57
"GO:0051984","positive regulation of chromosome segregation","17/1138","31/25730",0.548387096774194,12.3989455184534,13.6607037154282,1.24494261186411e-15,1.02202007542719e-13,7.78498653011075e-14,"Ncapd2/Ncapg/Aurkb/Ncaph/Incenp/Smc2/Birc5/Cdca8/Smc4/Ncapg2/Ska1/Cenpe/Mad1l1/Cdc6/Rad18/Cdk1/Ccnb1",17
"GO:0071824","protein-DNA complex organization","41/1138","219/25730",0.187214611872146,4.2328927622762,10.3355900321371,3.74387931704894e-15,3.02620645104233e-13,2.30513832605993e-13,"H3c2/H3c3/H3c7/H1f5/H4c6/Padi4/H3c4/Dlgap5/H4c2/H1f1/Cdc45/Taf9/Cenpa/Mis18bp1/H4c12/H4c16/H4c11/Asf1b/H2ac25/H1f3/Cenpi/Mis18a/H3c13/Cenpn/H4c9/Cenpe/Cenpk/Polr1e/Atad2/Mcm2/Chaf1b/Chaf1a/Cenph/Hjurp/Ikzf1/Cdt1/Grwd1/Rad51/Gmnn/Kntc1/Cenpw",41
"GO:0051225","spindle assembly","31/1138","137/25730",0.226277372262774,5.1160955960643,10.3913218722338,4.07423715062082e-14,3.24333969535785e-12,2.47053423391712e-12,"Kif23/Aspm/Racgap1/Aurkb/Kif4/Prc1/Cdc20/Kif11/Gpsm2/Plk1/Incenp/Ccnb2/Tubb5/Ndc80/Kif15/Birc5/Cdca8/Chek2/Ska1/Nek2/Spag5/Cenpe/Aurka/Tpx2/Kifc1/Aaas/Rcc1/Fbxo5/Kifc5b/Uhrf1/Misp",31
"GO:0007080","mitotic metaphase chromosome alignment","21/1138","62/25730",0.338709677419355,7.65817223198594,11.2912107629264,9.87300184208433e-14,7.7422017430315e-12,5.89743173662288e-12,"Nuf2/Aurkb/Kif22/Incenp/Kif14/Ndc80/Birc5/Cdca8/Ska1/Ttk/Cenpe/Pinx1/Spdl1/Mad1l1/Kifc1/Kif18a/Cdk1/Kif2c/Cdt1/Ccnb1/Kifc5b",21
"GO:0140694","membraneless organelle assembly","59/1138","459/25730",0.128540305010893,2.90627596478935,8.86475139072881,2.02166037010042e-13,1.56202993889818e-11,1.18983788345539e-11,"Krt19/Kif23/Aspm/Sh3pxd2b/Racgap1/Dlgap5/Csrp2/Aurkb/Kif4/Prc1/Cdc20/Kif11/Gpsm2/Plk1/Incenp/Ccnb2/Arhgef2/Tubb5/Cenpa/Diaph3/Caprin1/Ndc80/Kif15/Birc5/Cdca8/Nebl/Chek2/Ska1/Epha4/Bop1/Nek2/Bicd1/Hif1a/Spag5/Cenpe/Cenpk/Tnf/Aurka/Tpx2/C1qbp/Kifc1/Mrto4/Casq2/Aaas/Rcc1/Rpf2/Liat1/Cenph/Fbxo5/Kifc5b/Wdr62/Noct/Uhrf1/Misp/Mybpc1/Pla2g4c/Kntc1/Cenpw/Rnf213",59
"GO:1901989","positive regulation of cell cycle phase transition","28/1138","120/25730",0.233333333333333,5.27562975981254,10.0988421606423,3.06788118384347e-13,2.32556673718551e-11,1.77144325822517e-11,"Chek1/Anxa1/Ube2c/Cdc20/Plcg2/Cdc25c/Rrm2/Fam83d/Adamts1/Birc5/Tfdp1/Cdk4/Rrm1/Chek2/Cdc7/Ska1/Ezh2/Lmnb1/Cenpe/Mad1l1/Hspa2/Dtl/Ccne2/Cdc25b/Cdk1/Ccne1/Fbxo5/Ccnb1",28
"GO:0061982","meiosis I cell cycle process","31/1138","147/25730",0.210884353741497,4.76806188204632,9.85568053950366,3.09839496770053e-13,2.32556673718551e-11,1.77144325822517e-11,"Cdc20/Brip1/Plk1/Ccnb2/Cdc25c/Ndc80/Cks2/Birc5/Pttg1/Cenpe/Top2a/Aurka/Espl1/Trip13/Haspin/Pkmyt1/Hspa2/Knl1/Chtf18/Mybl1/Ccne2/Rad51ap1/Ankle1/Ccnb1ip1/Cdc25b/Cenps/Rad51/Ccne1/Fbxo5/Fancd2/Rad54b",31
"GO:0010389","regulation of G2/M transition of mitotic cell cycle","27/1138","113/25730",0.238938053097345,5.40235158716581,10.0889384126108,4.40160963956091e-13,3.25719113327507e-11,2.48108522603567e-11,"Chek1/Aurkb/Plk1/Kif14/Cdc25c/Cdk4/Rrm1/Cdc7/Cenpf/Rnaseh2b/Lmnb1/Pinx1/Bard1/Cdc6/Clspn/Pkmyt1/Hspa2/Dtl/Inip/Cdc25b/Cdk1/Hacd1/Miip/Fbxo5/Ccnb1/Brca1/Blm",27
"GO:1905820","positive regulation of chromosome separation","15/1138","32/25730",0.46875,10.5983633567663,11.6871380177633,1.2341760760194e-12,9.00605708806376e-11,6.86014245763998e-11,"Ncapd2/Ncapg/Aurkb/Ube2c/Cdc20/Ncaph/Incenp/Smc2/Birc5/Cdca8/Smc4/Ncapg2/Ska1/Cenpe/Mad1l1",15
"GO:0032102","negative regulation of response to external stimulus","56/1138","442/25730",0.126696832579186,2.86459534469459,8.5059759076776,1.51295939020099e-12,1.08891625152274e-10,8.29455169653087e-11,"Plau/Mif/Il33/Slc39a8/Slc12a2/Plat/Cd276/Mdk/Reg3g/Tspan8/Aurkb/Cd200r1/Pbk/Sema3f/Mfhas1/Anxa2/Gpx2/Mdga1/Cd44/Sfn/Tyro3/Padi2/C1qtnf12/Cd24a/Epha4/Hc/Pglyrp1/Ttll12/Htra1/Tnf/Rnf26rt/Ddx39a/Plaur/C1qbp/Arg1/Lgals9/Adamts18/Susd4/Isg15/Dbn1/Enpp3/Ifi202b/Stat2/Smpdl3b/Ltf/Oas1g/Oas1a/Clec2d/Il22ra1/Nod2/Nectin4/Irgm1/Dhx58/Usp18/Krt1/Cxcl13",56
"GO:0044843","cell cycle G1/S phase transition","40/1138","259/25730",0.154440154440154,3.49186746374796,8.67036704772667,5.32303569893249e-12,3.77935534624207e-10,2.87883097117231e-10,"Anxa1/Ccna2/Iqgap3/Camk2b/Gpnmb/Abcg2/Tcim/Ccnb2/Plcg2/Ak1/Kif14/Rrm2/Fam83d/E2f7/Myb/Adamts1/Tfdp1/Cdk4/Rrm1/Rbl1/Pole/Actl6a/E2f3/Ezh2/Id4/Tcf19/Psme2/Cdkn2c/Haspin/Tjp3/Rcc1/Ccne2/E2f1/Cdk1/Muc1/Skp2/Hacd1/Ccnf/Ccne1/Ccnb1",40
"GO:0045132","meiotic chromosome segregation","25/1138","107/25730",0.233644859813084,5.28267332424486,9.54943129200939,5.50754630345873e-12,3.85821977044962e-10,2.93890400642107e-10,"Nuf2/Aspm/Brip1/Ncaph/Plk1/Ccnb2/Ndc80/Smc2/Smc4/Pttg1/Ska1/Ttk/Cenpe/Top2a/Aurka/Espl1/Trip13/Haspin/Knl1/Ccne2/Sgo1/Ccnb1ip1/Ccne1/Fbxo5/Fancd2",25
"GO:1901992","positive regulation of mitotic cell cycle phase transition","24/1138","100/25730",0.24,5.42636203866432,9.54021778585527,7.88588493775599e-12,5.45163677144341e-10,4.15265021237511e-10,"Chek1/Anxa1/Ube2c/Cdc20/Cdc25c/Rrm2/Adamts1/Birc5/Tfdp1/Cdk4/Rrm1/Cdc7/Ska1/Lmnb1/Cenpe/Mad1l1/Hspa2/Dtl/Ccne2/Cdc25b/Cdk1/Ccne1/Fbxo5/Ccnb1",24
"GO:1902749","regulation of cell cycle G2/M phase transition","27/1138","127/25730",0.21259842519685,4.80681676653336,9.25132770957368,8.51365696539594e-12,5.80918879171302e-10,4.42500666882233e-10,"Chek1/Aurkb/Plk1/Kif14/Cdc25c/Cdk4/Rrm1/Cdc7/Cenpf/Rnaseh2b/Lmnb1/Pinx1/Bard1/Cdc6/Clspn/Pkmyt1/Hspa2/Dtl/Inip/Cdc25b/Cdk1/Hacd1/Miip/Fbxo5/Ccnb1/Brca1/Blm",27
"GO:0051988","regulation of attachment of spindle microtubules to kinetochore","12/1138","21/25730",0.571428571428571,12.9199096158674,11.7550823792803,1.07500578689844e-11,7.24112872354413e-10,5.51575168932238e-10,"Racgap1/Knstrn/Aurkb/Incenp/Birc5/Cdca8/Nek2/Spag5/Cenpe/Ect2/Cdk1/Ccnb1",12
"GO:0000082","G1/S transition of mitotic cell cycle","37/1138","231/25730",0.16017316017316,3.6214898165689,8.60950633450665,1.10819219900652e-11,7.37017951086109e-10,5.61405295219559e-10,"Anxa1/Ccna2/Iqgap3/Camk2b/Gpnmb/Abcg2/Ccnb2/Ak1/Kif14/Rrm2/E2f7/Myb/Adamts1/Tfdp1/Cdk4/Rrm1/Rbl1/Pole/Actl6a/E2f3/Ezh2/Id4/Tcf19/Psme2/Cdkn2c/Haspin/Tjp3/Rcc1/Ccne2/E2f1/Cdk1/Muc1/Skp2/Hacd1/Ccnf/Ccne1/Ccnb1",37
"GO:0090307","mitotic spindle assembly","21/1138","77/25730",0.272727272727273,6.16632049848219,9.76659741171155,1.13740886461517e-11,7.46993271836012e-10,5.69003750429852e-10,"Kif23/Racgap1/Aurkb/Kif4/Prc1/Cdc20/Kif11/Plk1/Incenp/Kif15/Birc5/Cdca8/Chek2/Nek2/Tpx2/Kifc1/Aaas/Rcc1/Kifc5b/Uhrf1/Misp",21
"GO:0007127","meiosis I","28/1138","138/25730",0.202898550724638,4.58750413896742,9.09003383780595,1.15632514710239e-11,7.50041027515549e-10,5.71325303350654e-10,"Brip1/Plk1/Ccnb2/Ndc80/Cks2/Birc5/Pttg1/Cenpe/Top2a/Aurka/Espl1/Trip13/Haspin/Hspa2/Knl1/Chtf18/Mybl1/Ccne2/Rad51ap1/Ankle1/Ccnb1ip1/Cdc25b/Cenps/Rad51/Ccne1/Fbxo5/Fancd2/Rad54b",28
"GO:0000725","recombinational repair","33/1138","190/25730",0.173684210526316,3.92697252798076,8.71105307223763,1.53464778968622e-11,9.83297498416021e-10,7.49002682463028e-10,"Chek1/Plk1/Cdc45/Parpbp/Psmd14/H2ax/Cdc7/Actl6a/Hells/Mms22l/Mrgbp/C1qbp/Mcm7/Mcm6/Mcm2/Hrob/Inip/Rad51ap1/Gen1/Timeless/Ankle1/Mcm5/Skp2/Xrcc2/Wrap53/Rad51/Rad54b/Mcm3/Cgas/Brca1/Blm/Fignl1/Radx",33
"GO:0044786","cell cycle DNA replication","16/1138","44/25730",0.363636363636364,8.22176066464291,10.3135184540243,2.50033754930168e-11,1.58274379325675e-09,1.20561615249778e-09,"E2f8/Cdc45/E2f7/Cdc7/Mcm7/Mcm6/Mcm2/Dna2/Cdk1/Mcm5/Lig1/Cdt1/Rad51/Fbxo5/Gmnn/Mcm3",16
"GO:0000724","double-strand break repair via homologous recombination","32/1138","185/25730",0.172972972972973,3.91089155939771,8.547608001164,3.47983282758274e-11,2.17023823280785e-09,1.653125590755e-09,"Chek1/Plk1/Cdc45/Parpbp/Psmd14/H2ax/Cdc7/Actl6a/Hells/Mms22l/Mrgbp/C1qbp/Mcm7/Mcm6/Mcm2/Inip/Rad51ap1/Gen1/Timeless/Ankle1/Mcm5/Skp2/Xrcc2/Wrap53/Rad51/Rad54b/Mcm3/Cgas/Brca1/Blm/Fignl1/Radx",32
"GO:0006302","double-strand break repair","44/1138","323/25730",0.136222910216718,3.07997845331824,8.09224574429141,3.51104396247939e-11,2.17023823280785e-09,1.653125590755e-09,"Chek1/Foxm1/Brip1/Plk1/Cdc45/Fh1/Parpbp/Psmd14/Chek2/H2ax/Nsd2/Cdc7/Actl6a/Hells/Mms22l/Cdca5/Dtx3l/Mrgbp/C1qbp/Mcm7/Mcm6/Trip13/Mcm2/Parp9/Inip/Rad51ap1/Gen1/Timeless/Ankle1/Dna2/Mcm5/Skp2/Lig1/Xrcc2/Wrap53/Rad51/Fancd2/Rad54b/Mcm3/Cgas/Brca1/Blm/Fignl1/Radx",44
"GO:0045931","positive regulation of mitotic cell cycle","27/1138","135/25730",0.2,4.5219683655536,8.82592896113285,3.81431082043747e-11,2.33027779657889e-09,1.77503179183638e-09,"Chek1/Smoc2/Anxa1/Ube2c/Cdc20/Cdc25c/Rrm2/Adamts1/Birc5/Tfdp1/Cdk4/Rrm1/Cdc7/Ska1/Lmnb1/Lgmn/Cenpe/Aurka/Mad1l1/Hspa2/Dtl/Ccne2/Cdc25b/Cdk1/Ccne1/Fbxo5/Ccnb1",27
"GO:0009615","response to virus","53/1138","443/25730",0.119638826185102,2.70501493650498,7.7869440844849,5.371605260629e-11,3.2439556367063e-09,2.4710034120885e-09,"Il33/Apobec1/Mst1r/Ifngr2/Ifitm3/Clu/Gbp2b/Pmaip1/Ifit3b/Ifitm2/Slfn9/Hif1a/Htra1/Slfn8/Mlkl/Ifit1bl1/Tnf/Rnf26rt/Dtx3l/C1qbp/Lgals9/Rigi/Ap1s1/Parp9/Rsad2/Isg15/Ddit4/Oasl1/Bcl3/Ifit1/Zbp1/Ifit3/Skp2/Stat2/Trim13/Oas1g/Oas1a/Irgm1/Lcn2/Cgas/Stat1/Dhx58/Mx2/Tgtp1/Oas2/Ifnk/Mx1/Cxcl9/Usp18/Ifitm1/Trim30a/Bst2/Gbp2",53
"GO:0006270","DNA replication initiation","14/1138","34/25730",0.411764705882353,9.30993487025742,10.4301361164546,6.15077008542677e-11,3.67228932145821e-09,2.79727606038189e-09,"Cdc45/Mcm7/Mcm6/Cdc6/Mcm2/Ccne2/Mcm5/Prim1/Mcm10/Cdt1/Pola2/Ccne1/Gmnn/Mcm3",14
"GO:1901976","regulation of cell cycle checkpoint","16/1138","48/25730",0.333333333333333,7.53661394258934,9.75089979106379,1.14471556662292e-10,6.75768043487281e-09,5.1474968471914e-09,"Aurkb/Incenp/Ndc80/Birc5/Cdca8/Chek2/Ska1/Rnaseh2b/Mad2l1/Mad1l1/Bard1/Knl1/Gen1/Rad51/Ccnb1/Brca1",16
"GO:0051231","spindle elongation","9/1138","12/25730",0.75,16.957381370826,11.8937638397186,1.22485829649022e-10,7.07187416457101e-09,5.38682619231442e-09,"Kif23/Racgap1/Aurkb/Kif4/Prc1/Kif11/Incenp/Birc5/Cdca8",9
"GO:0090232","positive regulation of spindle checkpoint","9/1138","12/25730",0.75,16.957381370826,11.8937638397186,1.22485829649022e-10,7.07187416457101e-09,5.38682619231442e-09,"Aurkb/Incenp/Ndc80/Birc5/Cdca8/Mad2l1/Mad1l1/Knl1/Gen1",9
"GO:0051383","kinetochore organization","11/1138","20/25730",0.55,12.4354130052724,11.005289548457,1.40518762650387e-10,8.02484324962101e-09,6.11272695190814e-09,"Nuf2/Dlgap5/Cenpa/Ndc80/Smc2/Smc4/Cenpe/Cenpk/Cenph/Kntc1/Cenpw",11
"GO:0051315","attachment of mitotic spindle microtubules to kinetochore","12/1138","25/25730",0.48,10.8527240773286,10.6023754742766,1.61324245919277e-10,9.11395255978369e-09,6.94232917923138e-09,"Nuf2/Aurkb/Incenp/Ndc80/Birc5/Cdca8/Ska1/Cenpe/Mad1l1/Cdk1/Kif2c/Cdt1",12
"GO:0006334","nucleosome assembly","21/1138","88/25730",0.238636363636364,5.39553043617191,8.88510039129434,1.78101957903098e-10,9.95476262577531e-09,7.58279556492251e-09,"H3c2/H3c3/H3c7/H1f5/H4c6/Padi4/H3c4/H4c2/H1f1/H4c12/H4c16/H4c11/Asf1b/H1f3/H3c13/H4c9/Atad2/Mcm2/Chaf1b/Chaf1a/Grwd1",21
"GO:0000910","cytokinesis","31/1138","186/25730",0.166666666666667,3.76830697129467,8.1510193695122,1.85447542414855e-10,1.02562251352384e-08,7.81242721619147e-09,"Nusap1/Iqgap3/Kif23/Racgap1/Aurkb/Kif4/Prc1/E2f8/Plk1/Incenp/Septin9/Kif20b/Myo19/Ckap2/Kif20a/Kif14/E2f7/Cenpa/Birc5/Cdca8/Gipc1/Cit/Aurka/Cdc6/Anln/Mitd1/Septin11/Ect2/Cdc25b/Septin3/Cep55",31
"GO:0034502","protein localization to chromosome","25/1138","125/25730",0.2,4.5219683655536,8.49109552351674,2.00816392806911e-10,1.09905138313282e-08,8.37175356855125e-09,"H2ac4/H4c6/Aurkb/H4c2/Plk1/Cenpa/H4c12/H4c16/H2ax/H4c11/Ezh2/Mis18a/Ttk/Bub3/Mms22l/H4c9/Pinx1/Spdl1/Haspin/Knl1/Zwilch/Bub1b/Cdk1/Skp2/Kntc1",25
"GO:0050792","regulation of viral process","28/1138","158/25730",0.177215189873418,4.00680741251585,8.15525353645905,3.2541561666587e-10,1.7626120102706e-08,1.34262634244562e-08,"Map3k1/Kpna2/Trim12a/Ifitm3/Hacd3/Tyro3/Ifitm2/Top2a/Tnf/Stom/Fam111a/Slpi/Rsad2/Isg15/Tmprss2/Oasl1/Ifit1/Trim13/Ltf/Oas1g/Oas1a/Cd74/Stat1/Mx2/Oas2/Ifitm1/Trim30a/Bst2",28
"GO:0034508","centromere complex assembly","12/1138","27/25730",0.444444444444444,10.0488185901191,10.1196971347518,4.96700868694702e-10,2.66292486134894e-08,2.02841751103894e-08,"Dlgap5/Cenpa/Mis18bp1/Cenpi/Mis18a/Cenpn/Cenpe/Cenpk/Cenph/Hjurp/Kntc1/Cenpw",12
"GO:0051607","defense response to virus","44/1138","351/25730",0.125356125356125,2.83428216644385,7.44334430498357,5.32894850265192e-10,2.82811064979123e-08,2.15424372217784e-08,"Il33/Apobec1/Ifngr2/Ifitm3/Gbp2b/Pmaip1/Ifit3b/Ifitm2/Slfn9/Htra1/Slfn8/Mlkl/Ifit1bl1/Tnf/Rnf26rt/Dtx3l/C1qbp/Rigi/Parp9/Rsad2/Isg15/Ddit4/Oasl1/Ifit1/Zbp1/Ifit3/Skp2/Stat2/Trim13/Oas1g/Oas1a/Irgm1/Cgas/Stat1/Dhx58/Mx2/Oas2/Ifnk/Cxcl9/Usp18/Ifitm1/Trim30a/Bst2/Gbp2",44
"GO:0000022","mitotic spindle elongation","8/1138","10/25730",0.8,18.0878734622144,11.6262108960488,5.9429998024589e-10,3.1224520962119e-08,2.37845107883671e-08,"Kif23/Racgap1/Aurkb/Kif4/Prc1/Incenp/Birc5/Cdca8",8
"GO:0051302","regulation of cell division","30/1138","187/25730",0.160427807486631,3.62724735204834,7.75660139508785,9.37986853501823e-10,4.86171261526031e-08,3.70328999723914e-08,"Cib1/Kif23/Aspm/Ptn/Racgap1/Mdk/Aurkb/Prc1/E2f8/Plk1/Incenp/Kif20b/Myo19/Zbtb18/Kif20a/Kif14/E2f7/Birc5/Sfn/Cdca8/Gipc1/Cit/Kif18b/Aurka/Cdc6/Ect2/Btc/Cdc25b/Il1a/Blm",30
"GO:0031348","negative regulation of defense response","40/1138","306/25730",0.130718954248366,2.9555348794468,7.40269743753369,9.43842190248481e-10,4.86171261526031e-08,3.70328999723914e-08,"Cck/Il33/Slc39a8/Cd276/Mdk/Reg3g/Aurkb/Cd200r1/Pbk/Mfhas1/Gpx2/Cd44/Sfn/Tyro3/C1qtnf12/Cd24a/Pglyrp1/Ttll12/Htra1/Rnf26rt/Ddx39a/C1qbp/Arg1/Lgals9/Susd4/Isg15/Enpp3/Ifi202b/Stat2/Smpdl3b/Oas1g/Oas1a/Clec2d/Il22ra1/Nod2/Nectin4/Irgm1/Dhx58/Usp18/Krt1",40
"GO:0034728","nucleosome organization","22/1138","106/25730",0.207547169811321,4.69260868123487,8.19498976706861,1.16182412253782e-09,5.92643100952785e-08,4.51431304434214e-08,"H3c2/H3c3/H3c7/H1f5/H4c6/Padi4/H3c4/H4c2/H1f1/H4c12/H4c16/H4c11/Asf1b/H2ac25/H1f3/H3c13/H4c9/Atad2/Mcm2/Chaf1b/Chaf1a/Grwd1",22
"GO:0050727","regulation of inflammatory response","49/1138","430/25730",0.113953488372093,2.57647034781542,7.09161962280047,1.51334750064716e-09,7.64531516192325e-08,5.82363076666043e-08,"Il33/Slc39a8/Anxa1/Adam8/Duoxa1/Cd276/Mdk/Reg3g/Cd200r1/Pbk/Mfhas1/Plcg2/Gpx2/Cd200r4/Cd44/Gbp2b/Nupr1/Lacc1/Tyro3/C1qtnf12/Tlr2/Cd24a/Pglyrp1/Fanca/Il1rl2/Lyn/Tnf/Bcl6/Ctsc/Ifi35/Casp12/Nlrp10/Lgals9/Tradd/Ptgs2/Zbp1/Enpp3/Smpdl3b/Ctss/Il17rb/Alox15/Tnfrsf11a/Il22ra1/Nod2/Fancd2/Irgm1/Usp18/Krt1/Gbp2",49
"GO:0090266","regulation of mitotic cell cycle spindle assembly checkpoint","11/1138","24/25730",0.458333333333333,10.3628441710603,9.87146986397139,1.77329520264879e-09,8.78952169312902e-08,6.69520194684282e-08,"Aurkb/Incenp/Ndc80/Birc5/Cdca8/Ska1/Mad2l1/Mad1l1/Knl1/Gen1/Ccnb1",11
"GO:1903504","regulation of mitotic spindle checkpoint","11/1138","24/25730",0.458333333333333,10.3628441710603,9.87146986397139,1.77329520264879e-09,8.78952169312902e-08,6.69520194684282e-08,"Aurkb/Incenp/Ndc80/Birc5/Cdca8/Ska1/Mad2l1/Mad1l1/Knl1/Gen1/Ccnb1",11
"GO:0090267","positive regulation of mitotic cell cycle spindle assembly checkpoint","8/1138","11/25730",0.727272727272727,16.4435213292858,11.0204999017699,2.09408685610305e-09,1.02825535906219e-07,7.83248226945775e-08,"Aurkb/Incenp/Ndc80/Birc5/Cdca8/Mad2l1/Mad1l1/Gen1",8
"GO:0010971","positive regulation of G2/M transition of mitotic cell cycle","12/1138","30/25730",0.4,9.04393673110721,9.48305722211541,2.18463644913762e-09,1.06278517627491e-07,8.09550465850023e-08,"Chek1/Cdc25c/Cdk4/Rrm1/Cdc7/Lmnb1/Hspa2/Dtl/Cdc25b/Cdk1/Fbxo5/Ccnb1",12
"GO:0032465","regulation of cytokinesis","20/1138","92/25730",0.217391304347826,4.91518300603652,8.09262783501637,2.79759484947152e-09,1.34849204946086e-07,1.02718064873884e-07,"Kif23/Racgap1/Aurkb/Prc1/E2f8/Plk1/Incenp/Kif20b/Myo19/Kif20a/Kif14/E2f7/Birc5/Cdca8/Gipc1/Cit/Aurka/Cdc6/Ect2/Cdc25b",20
"GO:0090231","regulation of spindle checkpoint","11/1138","25/25730",0.44,9.94833040421793,9.62917037651647,3.03984381150769e-09,1.45193994415104e-07,1.10597953792845e-07,"Aurkb/Incenp/Ndc80/Birc5/Cdca8/Ska1/Mad2l1/Mad1l1/Knl1/Gen1/Ccnb1",11
"GO:0000018","regulation of DNA recombination","25/1138","144/25730",0.173611111111111,3.92531976176528,7.5724960020687,4.43393107719603e-09,2.09872737653945e-07,1.5986539550023e-07,"Chek1/H1f5/Plk1/H1f1/Parpbp/H2ax/Nsd2/Actl6a/H1f3/Tfrc/Bcl6/Mrgbp/C1qbp/Rad51ap1/Timeless/Ankle1/Rad18/Skp2/Exosc6/Wrap53/Rad51/Cgas/Blm/Fignl1/Radx",25
"GO:1903900","regulation of viral life cycle","23/1138","124/25730",0.185483870967742,4.19376098418278,7.66881114093294,4.91564128996551e-09,2.30596244084632e-07,1.75651016771136e-07,"Kpna2/Trim12a/Ifitm3/Hacd3/Tyro3/Ifitm2/Top2a/Tnf/Fam111a/Slpi/Rsad2/Isg15/Tmprss2/Oasl1/Ltf/Oas1g/Oas1a/Cd74/Mx2/Oas2/Ifitm1/Trim30a/Bst2",23
"GO:1901978","positive regulation of cell cycle checkpoint","9/1138","16/25730",0.5625,12.7180360281195,10.0859232710737,5.42243111343161e-09,2.52119053716546e-07,1.92045487594476e-07,"Aurkb/Incenp/Ndc80/Birc5/Cdca8/Mad2l1/Mad1l1/Knl1/Gen1",9
"GO:0045071","negative regulation of viral genome replication","15/1138","53/25730",0.283018867924528,6.39901183804755,8.46380664552516,5.68744708478023e-09,2.62121464766976e-07,1.99664578174833e-07,"Ifitm3/Ifitm2/Tnf/Fam111a/Slpi/Rsad2/Isg15/Oasl1/Ltf/Oas1g/Oas1a/Mx2/Oas2/Ifitm1/Bst2",15
"GO:0051255","spindle midzone assembly","8/1138","12/25730",0.666666666666667,15.0732278851787,10.4894183474787,6.03728890901112e-09,2.75825355895169e-07,2.10103180156158e-07,"Kif23/Racgap1/Aurkb/Kif4/Prc1/Incenp/Birc5/Cdca8",8
"GO:0033260","nuclear DNA replication","13/1138","39/25730",0.333333333333333,7.53661394258934,8.78780263076276,6.42898884449333e-09,2.91188856801448e-07,2.21805949063191e-07,"Cdc45/Cdc7/Mcm7/Mcm6/Mcm2/Dna2/Cdk1/Mcm5/Lig1/Cdt1/Rad51/Gmnn/Mcm3",13
"GO:1902751","positive regulation of cell cycle G2/M phase transition","12/1138","33/25730",0.363636363636364,8.22176066464291,8.92985708773358,7.92299815828814e-09,3.55790019860221e-07,2.71014295976712e-07,"Chek1/Cdc25c/Cdk4/Rrm1/Cdc7/Lmnb1/Hspa2/Dtl/Cdc25b/Cdk1/Fbxo5/Ccnb1",12
"GO:0045005","DNA-templated DNA replication maintenance of fidelity","16/1138","63/25730",0.253968253968254,5.74218205149664,8.10674666007396,9.94763920731809e-09,4.42922850807197e-07,3.37385586674606e-07,"Pole/Dynll1/Exo1/Mms22l/Bard1/Fam111a/Gen1/Timeless/Dna2/Cdk1/Cenps/Traip/Rad51/Pold1/Brca1/Blm",16
"GO:0007143","female meiotic nuclear division","14/1138","48/25730",0.291666666666667,6.59453719976567,8.34557036585278,1.19271428772673e-08,5.26598392245061e-07,4.01123372130652e-07,"Ncaph/Plk1/Ccnb2/Ndc80/Mastl/Ska1/Sgo2a/Ttk/Cenpe/Top2a/Aurka/Trip13/Cdc25b/Fbxo5",14
"GO:0061640","cytoskeleton-dependent cytokinesis","22/1138","120/25730",0.183333333333333,4.14513766842414,7.4286714872848,1.32076087121533e-08,5.78273134780445e-07,4.4048533617199e-07,"Nusap1/Iqgap3/Kif23/Racgap1/Aurkb/Kif4/Plk1/Incenp/Septin9/Kif20b/Ckap2/Kif20a/Cenpa/Birc5/Cdca8/Cit/Anln/Mitd1/Septin11/Ect2/Septin3/Cep55",22
"GO:0048525","negative regulation of viral process","18/1138","82/25730",0.219512195121951,4.96313601097347,7.73223082553651,1.4655097757954e-08,6.36346145622235e-07,4.84721023712407e-07,"Ifitm3/Ifitm2/Tnf/Fam111a/Slpi/Rsad2/Isg15/Oasl1/Ifit1/Trim13/Ltf/Oas1g/Oas1a/Stat1/Mx2/Oas2/Ifitm1/Bst2",18
"GO:0042770","signal transduction in response to DNA damage","29/1138","202/25730",0.143564356435644,3.24596739111521,6.89376373518565,2.35497869812109e-08,1.01418508851871e-06,7.72530544456979e-07,"Chek1/Mif/Pla2r1/Sox4/Foxm1/Plk1/Cd44/E2f7/Pmaip1/Chek2/H2ax/Rnaseh2b/Psmd10/Lyn/Dtx3l/Bard1/Clspn/Dtl/Parp9/E2f1/Bcl3/Cdk1/Muc1/Eef1e1/Rad51/Fancd2/Cd74/Brca1/Blm",29
"GO:0000281","mitotic cytokinesis","19/1138","94/25730",0.202127659574468,4.57007441199566,7.45936267483783,2.46155596435631e-08,1.05146463713236e-06,8.00927323618544e-07,"Nusap1/Iqgap3/Kif23/Racgap1/Aurkb/Kif4/Plk1/Incenp/Kif20b/Ckap2/Kif20a/Cenpa/Birc5/Cdca8/Cit/Anln/Mitd1/Ect2/Cep55",19
"GO:0030261","chromosome condensation","13/1138","44/25730",0.295454545454545,6.68018054002237,8.11196182511641,3.34358369963586e-08,1.41055261331464e-06,1.07445375670111e-06,"Nusap1/Ncapd2/H1f5/Ncapg/Ncaph/H1f1/Smc2/Smc4/Ncapg2/H1f3/Top2a/Cdk1/Ccnb1",13
"GO:0042742","defense response to bacterium","46/1138","430/25730",0.106976744186047,2.41872726529611,6.3820255978287,3.38066987824145e-08,1.41055261331464e-06,1.07445375670111e-06,"Krt6a/Sprr2a3/Ivl/Il33/S100a14/Wfdc18/Reg3g/Wfdc2/Slc15a2/Gsdmc2/Gbp2b/Sfn/Gsdmc3/Tlr2/Lpo/Pglyrp1/Naip6/Cxcl5/Tnf/Nlrp10/Stab1/Slpi/Gsdmc4/Lgals9/Hp/Isg15/Bcl3/Mpeg1/Pcyox1l/Colec12/Ltf/Oas1g/Oas1a/Il22ra1/Nod2/Syk/Irgm1/Lcn2/Wfdc17/Oas2/Mmp7/Dmbt1/Naip2/Rnf213/Cxcl13/Gbp2",46
"GO:0061644","protein localization to CENP-A containing chromatin","8/1138","14/25730",0.571428571428571,12.9199096158674,9.59667817704118,3.38274893942985e-08,1.41055261331464e-06,1.07445375670111e-06,"H2ac4/H4c6/H4c2/Cenpa/H4c12/H4c16/H4c11/H4c9",8
"GO:0050777","negative regulation of immune response","31/1138","233/25730",0.133047210300429,3.00817638051849,6.62400928776366,4.75697230658301e-08,1.96796318888088e-06,1.49904755156474e-06,"Lgals3/Il33/Anxa1/Aurkb/Gpx2/Clu/Sfn/Tyro3/Pglyrp1/Ttll12/Bcl6/Ddx39a/Arg1/Lgals9/Susd4/Isg15/Enpp3/Ifi202b/Stat2/Smpdl3b/Alox15/Oas1g/Oas1a/Clec2d/Nod2/Nectin4/Irgm1/Il4ra/Dhx58/Usp18/Lilrb4a",31
"GO:0050767","regulation of neurogenesis","49/1138","483/25730",0.101449275362319,2.29375206948371,6.17455114449159,6.48790335576988e-08,2.66308158056367e-06,2.02853688804581e-06,"Fn1/Tenm4/Il33/Bhlhe41/Aspm/Ptn/Grip1/Mdk/Camk2b/Cip2a/Ephb2/Sema3f/Anxa2/Ntrk2/Arhgef2/Trp73/Myb/Caprin1/Crabp2/Kalrn/Igdcc4/Tspo/Lpar3/Lrp8/Wnt7b/Ezh2/Id4/Cit/Thy1/Tlr2/Cd24a/Epha4/Lif/Hes6/Hif1a/Sema4d/Lyn/Lingo1/Fgfr3/Nos1/Tnf/E2f1/Dbn1/Sgk1/Xrcc2/Ntm/Wdr62/Neurl1a/Aspa",49
"GO:0009263","deoxyribonucleotide biosynthetic process","9/1138","20/25730",0.45,10.1744288224956,8.82934840977948,6.77941070794066e-08,2.71900945492521e-06,2.07113857063804e-06,"Rrm2/Dck/Dut/Rrm1/Nme1/Tyms/Shmt2/Dhfr/Cmpk2",9
"GO:0009265","2'-deoxyribonucleotide biosynthetic process","9/1138","20/25730",0.45,10.1744288224956,8.82934840977948,6.77941070794066e-08,2.71900945492521e-06,2.07113857063804e-06,"Rrm2/Dck/Dut/Rrm1/Nme1/Tyms/Shmt2/Dhfr/Cmpk2",9
"GO:0046385","deoxyribose phosphate biosynthetic process","9/1138","20/25730",0.45,10.1744288224956,8.82934840977948,6.77941070794066e-08,2.71900945492521e-06,2.07113857063804e-06,"Rrm2/Dck/Dut/Rrm1/Nme1/Tyms/Shmt2/Dhfr/Cmpk2",9
"GO:0031570","DNA integrity checkpoint signaling","22/1138","132/25730",0.166666666666667,3.76830697129467,6.85936406723305,7.90410471567489e-08,3.13939059174427e-06,2.39135356115876e-06,"Chek1/Plk1/Chek2/H2ax/Rnaseh2b/Lyn/Dtx3l/Bard1/Cdc6/Clspn/Dtl/Parp9/Timeless/E2f1/Dna2/Cdk1/Muc1/Cdt1/Rad51/Fancd2/Brca1/Blm",22
"GO:0032467","positive regulation of cytokinesis","13/1138","47/25730",0.276595744680851,6.25378603746775,7.75504093379085,8.00682031392715e-08,3.13939059174427e-06,2.39135356115876e-06,"Kif23/Racgap1/Aurkb/Incenp/Kif20b/Kif14/Birc5/Cdca8/Gipc1/Cit/Cdc6/Ect2/Cdc25b",13
"GO:0042092","type 2 immune response","13/1138","47/25730",0.276595744680851,6.25378603746775,7.75504093379085,8.00682031392715e-08,3.13939059174427e-06,2.39135356115876e-06,"Il33/Anxa1/Ecm1/Gsdmc2/Myb/Bcl6/Arg1/Rsad2/Bcl3/Nod2/Cd74/Il4ra/Lilrb4a",13
"GO:0060759","regulation of response to cytokine stimulus","26/1138","179/25730",0.145251396648045,3.28411110347468,6.59668048062013,9.73350243610075e-08,3.78813494809432e-06,2.88551861692437e-06,"Ccdc3/Adam10/Ecm1/Il1rn/Il1r2/Taf9/Padi2/Tlr2/Cd24a/Hif1a/Ttll12/Naip6/Arg1/Rigi/Parp9/Isg15/Zbp1/Stat2/Traip/Oas1g/Oas1a/Syk/Irgm1/Cd74/Usp18/Naip2",26
"GO:1901970","positive regulation of mitotic sister chromatid separation","9/1138","21/25730",0.428571428571429,9.68993221190058,8.56976875774898,1.13973152678105e-07,4.40305106007914e-06,3.35391583964516e-06,"Aurkb/Ube2c/Cdc20/Incenp/Birc5/Cdca8/Ska1/Cenpe/Mad1l1",9
"GO:0034501","protein localization to kinetochore","8/1138","16/25730",0.5,11.304920913884,8.86962980848557,1.33907609335831e-07,5.09819260471344e-06,3.88342281231753e-06,"Aurkb/Ttk/Bub3/Spdl1/Knl1/Zwilch/Cdk1/Kntc1",8
"GO:1903083","protein localization to condensed chromosome","8/1138","16/25730",0.5,11.304920913884,8.86962980848557,1.33907609335831e-07,5.09819260471344e-06,3.88342281231753e-06,"Aurkb/Ttk/Bub3/Spdl1/Knl1/Zwilch/Cdk1/Kntc1",8
"GO:0045069","regulation of viral genome replication","17/1138","85/25730",0.2,4.5219683655536,6.99647394888504,1.56426737145204e-07,5.91270558964677e-06,4.50385804336286e-06,"Ifitm3/Hacd3/Ifitm2/Top2a/Tnf/Fam111a/Slpi/Rsad2/Isg15/Oasl1/Ltf/Oas1g/Oas1a/Mx2/Oas2/Ifitm1/Bst2",17
"GO:0031297","replication fork processing","14/1138","59/25730",0.23728813559322,5.36504721336868,7.22069859936191,2.08640954042287e-07,7.82999694670127e-06,5.96430757344945e-06,"Dynll1/Exo1/Mms22l/Bard1/Fam111a/Gen1/Timeless/Dna2/Cdk1/Cenps/Traip/Rad51/Brca1/Blm",14
"GO:0000727","double-strand break repair via break-induced replication","7/1138","12/25730",0.583333333333333,13.1890743995313,9.08507285523887,2.11778301273794e-07,7.83579714713039e-06,5.96872573345416e-06,"Cdc45/Cdc7/Mcm7/Mcm6/Mcm2/Mcm5/Mcm3",7
"GO:0046166","glyceraldehyde-3-phosphate biosynthetic process","7/1138","12/25730",0.583333333333333,13.1890743995313,9.08507285523887,2.11778301273794e-07,7.83579714713039e-06,5.96872573345416e-06,"Gapdh/Eno1/Pgam1/Tpi1/Tkt/Pgk1/Slc25a10",7
"GO:0044771","meiotic cell cycle phase transition","8/1138","17/25730",0.470588235294118,10.6399255660085,8.5527824573435,2.43097747744462e-07,8.93171724929651e-06,6.80351591405553e-06,"Cdc20/Ccnb2/Cdc25c/Ndc80/Ttk/Pkmyt1/Knl1/Cdc25b",8
"GO:0008544","epidermis development","43/1138","421/25730",0.102137767220903,2.309318761506,5.82686029381327,3.41630968889474e-07,1.24647854898979e-05,9.49474374062704e-06,"Krt6a/Krt4/Slc4a7/Ivl/Anxa1/Slitrk6/Igfbp5/Reg3g/Wnt10a/Zfp750/Bcl11b/Grhl3/Mafb/Krt6b/Cers3/Msx2/Myo7a/Krt75/Trps1/Tfdp1/Sfn/Fam3c/Tmprss13/Ezh2/Foxq1/Fgfr3/Tnf/Tprn/Celsr1/Krt16/Strc/Tradd/Clic6/Ptgs2/Gm5478/Csta1/Sox21/Il1a/Krt78/Fst/Sprr1a/Krt1/Krt36",43
"GO:0035456","response to interferon-beta","16/1138","80/25730",0.2,4.5219683655536,6.78691513954418,3.60706950899574e-07,1.30700297932853e-05,9.95577370105394e-06,"Ifitm3/Gbp2b/Ifitm2/Xaf1/Ifit1/Ifi202b/Ifit3/Oas1g/Oas1a/Irgm1/Stat1/Tgtp1/Gm12185/Ifitm1/Bst2/Gbp2",16
"GO:0002832","negative regulation of response to biotic stimulus","23/1138","157/25730",0.146496815286624,3.31226982190232,6.25148448157973,4.50250745129406e-07,1.62028590062322e-05,1.23421292933093e-05,"Aurkb/Sfn/Tyro3/Ttll12/Htra1/Rnf26rt/Ddx39a/C1qbp/Arg1/Lgals9/Susd4/Isg15/Ifi202b/Stat2/Smpdl3b/Ltf/Oas1g/Oas1a/Clec2d/Nectin4/Irgm1/Dhx58/Usp18",23
"GO:0051781","positive regulation of cell division","17/1138","93/25730",0.182795698924731,4.13298183948448,6.51105568322231,6.0530252551678e-07,2.16344181569059e-05,1.64794858719284e-05,"Kif23/Ptn/Racgap1/Mdk/Aurkb/Incenp/Kif20b/Kif14/Birc5/Cdca8/Gipc1/Cit/Cdc6/Ect2/Btc/Cdc25b/Il1a",17
"GO:0009394","2'-deoxyribonucleotide metabolic process","12/1138","47/25730",0.25531914893617,5.77272557304715,7.04495423315158,6.57354908524141e-07,2.31794811368177e-05,1.76563995917258e-05,"Urah/Rrm2/Dck/Gda/Dut/Rrm1/Nme1/Tyms/Shmt2/Dhfr/Dctpp1/Cmpk2",12
"GO:0051294","establishment of spindle orientation","12/1138","47/25730",0.25531914893617,5.77272557304715,7.04495423315158,6.57354908524141e-07,2.31794811368177e-05,1.76563995917258e-05,"Gja1/Gpsm2/Plk1/Arhgef2/Cenpa/Ndc80/Ska1/Mad2l1/Spag5/Sapcd2/Spdl1/Misp",12
"GO:0061620","glycolytic process through glucose-6-phosphate","9/1138","25/25730",0.36,8.13954305799648,7.68276018099625,6.7481647071914e-07,2.36365715810557e-05,1.80045769942047e-05,"Gpr87/Pkm/Gapdh/Eno1/Pgam1/Tpi1/Pfkl/Pgk1/Gale",9
"GO:0002833","positive regulation of response to biotic stimulus","46/1138","478/25730",0.096234309623431,2.17584251899023,5.58214197226754,7.36397986239412e-07,2.56227484748468e-05,1.95174983874677e-05,"Mif/S100a14/Adam8/Tnip3/Reg3g/Slc15a2/Aurkb/Mfhas1/Plcg2/Inava/Gbp2b/Lacc1/Tyro3/Tlr2/Cd24a/Lyn/Tnf/Ddx39a/Ifi35/Tlr1/C1qbp/Nlrp10/Arg1/Slc15a3/Lgals9/Rigi/Parp9/Rsad2/Oasl1/Zbp1/Enpp3/Ifi202b/Ulbp1/Ly96/Smpdl3b/Ltf/Oas1g/Oas1a/Nod2/Syk/Irgm1/Cd74/Cgas/Dhx58/Trim30a/Gbp2",46
"GO:0051445","regulation of meiotic cell cycle","14/1138","65/25730",0.215384615384615,4.8698120859808,6.71988096518822,7.46921542587544e-07,2.56491881356533e-05,1.95376381487296e-05,"Aspm/Camk2b/Gja1/Cdc20/Msx2/Cdc25c/Lif/Ttk/Trip13/Pkmyt1/Knl1/Rad51ap1/Cdc25b/Fbxo5",14
"GO:0051653","spindle localization","14/1138","65/25730",0.215384615384615,4.8698120859808,6.71988096518822,7.46921542587544e-07,2.56491881356533e-05,1.95376381487296e-05,"Nusap1/Aspm/Gja1/Gpsm2/Plk1/Arhgef2/Cenpa/Ndc80/Ska1/Mad2l1/Spag5/Sapcd2/Spdl1/Misp",14
"GO:0008630","intrinsic apoptotic signaling pathway in response to DNA damage","19/1138","116/25730",0.163793103448276,3.70333616144476,6.27734510630336,7.88318438546842e-07,2.68949680267864e-05,2.04865803373554e-05,"Mif/Bak1/Cd44/Clu/Trp73/Nupr1/Pmaip1/Sfn/Chek2/Tnf/Knl1/E2f1/Ddit4/Bcl3/Bok/Muc1/Ddias/Cd74/Brca1",19
"GO:0051053","negative regulation of DNA metabolic process","21/1138","139/25730",0.151079136690647,3.41587538405128,6.1436145441733,8.40706607174554e-07,2.84010418735281e-05,2.16337950440073e-05,"Chek1/H1f5/Gja1/Plk1/H1f1/Parpbp/H1f3/Dynll1/Pinx1/Bcl6/C1qbp/Timeless/Ankle1/Rad18/Cdt1/Pif1/Fbxo5/Gmnn/Cgas/Blm/Radx",21
"GO:0007144","female meiosis I","7/1138","14/25730",0.5,11.304920913884,8.29645633543752,8.48679781907862e-07,2.84010418735281e-05,2.16337950440073e-05,"Ccnb2/Ndc80/Cenpe/Aurka/Trip13/Cdc25b/Fbxo5",7
"GO:0060623","regulation of chromosome condensation","7/1138","14/25730",0.5,11.304920913884,8.29645633543752,8.48679781907862e-07,2.84010418735281e-05,2.16337950440073e-05,"Ncapd2/Ncapg/Ncaph/Smc2/Smc4/Ncapg2/Ccnb1",7
"GO:0010569","regulation of double-strand break repair via homologous recombination","16/1138","85/25730",0.188235294117647,4.25597022640339,6.46806231713439,8.5529670702539e-07,2.8441322143743e-05,2.16644775490375e-05,"Chek1/Plk1/Parpbp/H2ax/Actl6a/Mrgbp/C1qbp/Rad51ap1/Timeless/Skp2/Wrap53/Rad51/Cgas/Blm/Fignl1/Radx",16
"GO:0000212","meiotic spindle organization","9/1138","26/25730",0.346153846153846,7.826483709612,7.49150433796417,9.91561767683477e-07,3.27651919962829e-05,2.49580790515232e-05,"Aspm/Ccnb2/Ndc80/Ska1/Cenpe/Aurka/Espl1/Tubg1/Fbxo5",9
"GO:0090594","inflammatory response to wounding","10/1138","33/25730",0.303030303030303,6.85146722053576,7.23546077742049,1.00477194795775e-06,3.29941988410627e-05,2.51325193824696e-05,"Il33/Mdk/Reg3g/Abcg2/Cd44/Cd24a/Hif1a/Tnf/Timp1/Il1a",10
"GO:0002440","production of molecular mediator of immune response","30/1138","254/25730",0.118110236220472,2.6704537591852,5.75534491521784,1.04975704809636e-06,3.42572890105483e-05,2.60946472498357e-05,"Ivl/Mif/Il33/Ephb2/Plcg2/Inava/Il13ra1/Lacc1/Nsd2/Panx1/Ezh2/Tlr2/Exo1/Tfrc/Tnf/Bcl6/Arg1/Rigi/Rsad2/Sectm1b/Exosc6/Ung/Nod2/Syk/Cd74/Il4ra/Cgas/Mmp7/Lilrb4a/Bst2",30
"GO:0001666","response to hypoxia","36/1138","337/25730",0.106824925816024,2.41529467596335,5.6258801561969,1.06185602482671e-06,3.4438219471849e-05,2.62324665782401e-05,"Itga2/Plau/P2rx2/Adam8/Ccna2/Plat/Fam162a/Sox4/Abcg2/Aldh3a1/Cd38/Slc29a1/Slc8a1/Eno1/Tacc3/Myb/Pdlim1/Slc2a1/Pgk1/Cd24a/Epha4/Lif/Hif1a/Aqp3/Tfrc/Nos1/E2f1/Ddit4/Ptgs2/Stc2/Ryr2/Clca1/Ccnb1/Car9/Lcn2/Ak4",36
"GO:0009262","deoxyribonucleotide metabolic process","12/1138","49/25730",0.244897959183673,5.53710412108604,6.83843116863091,1.06957489433026e-06,3.44757453669398e-05,2.62610510057711e-05,"Urah/Rrm2/Dck/Gda/Dut/Rrm1/Nme1/Tyms/Shmt2/Dhfr/Dctpp1/Cmpk2",12
"GO:0010212","response to ionizing radiation","22/1138","153/25730",0.143790849673203,3.25108836739148,6.00757383112864,1.09900507843727e-06,3.52083700128621e-05,2.68191098088478e-05,"Apobec1/Bak1/Pmaip1/Rrm1/Chek2/H2ax/Tnf/Bard1/Inip/Rad51ap1/Ect2/Xrcc2/Cyp2r1/Ddias/Rad51/Fancd2/Cxcl2/Lcn2/Rad54b/Brca1/Blm/Fignl1",22
"GO:0002221","pattern recognition receptor signaling pathway","35/1138","324/25730",0.108024691358025,2.4424211850984,5.6205926351689,1.15250274208631e-06,3.66984812540695e-05,2.79541653933789e-05,"S100a14/Tnip3/Reg3g/Slc15a2/Aurkb/Mfhas1/Plcg2/Inava/Lacc1/Tyro3/Tlr2/Lyn/Tnf/Ddx39a/Ifi35/Tlr1/C1qbp/Slc15a3/Rigi/Rsad2/Oasl1/Enpp3/Ifi202b/Ly96/Smpdl3b/Ltf/Oas1g/Oas1a/Nod2/Syk/Irgm1/Cgas/Dhx58/Trim30a/Gbp2",35
"GO:0009123","nucleoside monophosphate metabolic process","16/1138","87/25730",0.183908045977011,4.15813183039412,6.34733067827048,1.18497868968496e-06,3.75052893711132e-05,2.85687316308321e-05,"Slc29a1/Urah/Ak1/Dck/Gda/Dut/Ak6/Nme1/Gmpr/Tyms/Umps/Shmt2/Dhfr/Cmpk2/Ak4/Prps2",16
"GO:0002218","activation of innate immune response","38/1138","369/25730",0.102981029810298,2.3283847952715,5.52891039439742,1.32828332159404e-06,4.1225120953547e-05,3.14022218390772e-05,"S100a14/Tnip3/Reg3g/Slc15a2/Aurkb/Mfhas1/Plcg2/Inava/Gbp2b/Lacc1/Tyro3/Tlr2/Lyn/Tnf/Ddx39a/Ifi35/Tlr1/C1qbp/Nlrp10/Slc15a3/Rigi/Rsad2/Oasl1/Zbp1/Enpp3/Ifi202b/Ly96/Smpdl3b/Ltf/Oas1g/Oas1a/Nod2/Syk/Irgm1/Cgas/Dhx58/Trim30a/Gbp2",38
"GO:0031055","chromatin remodeling at centromere","6/1138","10/25730",0.6,13.5659050966608,8.54956370531206,1.33119451817055e-06,4.1225120953547e-05,3.14022218390772e-05,"Cenpa/Mis18bp1/Cenpi/Mis18a/Cenpn/Hjurp",6
"GO:0034080","CENP-A containing chromatin assembly","6/1138","10/25730",0.6,13.5659050966608,8.54956370531206,1.33119451817055e-06,4.1225120953547e-05,3.14022218390772e-05,"Cenpa/Mis18bp1/Cenpi/Mis18a/Cenpn/Hjurp",6
"GO:0045089","positive regulation of innate immune response","43/1138","443/25730",0.0970654627539503,2.19463475980592,5.45599564955109,1.34088377025137e-06,4.1225120953547e-05,3.14022218390772e-05,"S100a14/Adam8/Tnip3/Reg3g/Slc15a2/Aurkb/Mfhas1/Plcg2/Inava/Gbp2b/Lacc1/Tyro3/Tlr2/Lyn/Tnf/Ddx39a/Ifi35/Tlr1/C1qbp/Nlrp10/Slc15a3/Lgals9/Rigi/Parp9/Rsad2/Oasl1/Zbp1/Enpp3/Ifi202b/Ulbp1/Ly96/Smpdl3b/Ltf/Oas1g/Oas1a/Nod2/Syk/Irgm1/Cd74/Cgas/Dhx58/Trim30a/Gbp2",43
"GO:0045824","negative regulation of innate immune response","19/1138","120/25730",0.158333333333333,3.57989162272994,6.09358615060607,1.34173880530197e-06,4.1225120953547e-05,3.14022218390772e-05,"Aurkb/Sfn/Tyro3/Ttll12/Ddx39a/Arg1/Lgals9/Susd4/Isg15/Ifi202b/Stat2/Smpdl3b/Oas1g/Oas1a/Clec2d/Nectin4/Irgm1/Dhx58/Usp18",19
"GO:0040001","establishment of mitotic spindle localization","11/1138","42/25730",0.261904761904762,5.92162524060591,6.86678894720909,1.46037367414761e-06,4.46093214184392e-05,3.3980053299322e-05,"Nusap1/Gja1/Gpsm2/Plk1/Arhgef2/Cenpa/Ndc80/Mad2l1/Sapcd2/Spdl1/Misp",11
"GO:0090235","regulation of metaphase plate congression","7/1138","15/25730",0.466666666666667,10.5512595196251,7.9597361176667,1.53031769838069e-06,4.64756600421511e-05,3.54016908381101e-05,"Aurkb/Incenp/Birc5/Cdca8/Spag5/Mad1l1/Cdk1",7
"GO:0051785","positive regulation of nuclear division","14/1138","69/25730",0.202898550724638,4.58750413896742,6.41897711394761,1.60531463373852e-06,4.84731211819666e-05,3.69232077282145e-05,"Nusap1/Camk2b/Gja1/Ube2c/Cdc20/Msx2/Ska1/Cenpe/Tnf/Mad1l1/Rad51ap1/Btc/Il1a/Fbxo5",14
"GO:0001959","regulation of cytokine-mediated signaling pathway","23/1138","169/25730",0.136094674556213,3.07707906531754,5.82764542851266,1.67728823237523e-06,5.0356984987997e-05,3.83581946435527e-05,"Ccdc3/Adam10/Ecm1/Il1rn/Il1r2/Padi2/Cd24a/Hif1a/Ttll12/Naip6/Arg1/Parp9/Isg15/Zbp1/Stat2/Traip/Oas1g/Oas1a/Syk/Irgm1/Cd74/Usp18/Naip2",23
"GO:0051293","establishment of spindle localization","13/1138","60/25730",0.216666666666667,4.89879906268307,6.50398009224525,1.72303320700468e-06,5.1436457213651e-05,3.91804560588025e-05,"Nusap1/Gja1/Gpsm2/Plk1/Arhgef2/Cenpa/Ndc80/Ska1/Mad2l1/Spag5/Sapcd2/Spdl1/Misp",13
"GO:0043588","skin development","37/1138","361/25730",0.102493074792244,2.31735220949423,5.42237426553528,2.04009436783687e-06,6.05573774498018e-05,4.61280926941171e-05,"Itga2/Krt6a/Krt4/Ivl/Anxa1/Igfbp5/Reg3g/Wnt10a/Zfp750/Bcl11b/Grhl3/Mafb/Krt6b/Cers3/Msx2/Krt75/Trps1/Sfn/Tmprss13/Ezh2/Foxq1/Tnf/Celsr1/Krt16/Tradd/Ptgs2/Gm5478/Csta1/Sox21/Dact2/Il1a/Krt78/Fst/Sprr1a/Krt1/Krt36/Atp8a2",37
"GO:1903557","positive regulation of tumor necrosis factor superfamily cytokine production","19/1138","124/25730",0.153225806451613,3.46441124780316,5.91750745487589,2.22777168829441e-06,6.57568115185327e-05,5.00886337013326e-05,"Mif/Il33/Adam8/Adam10/Ephb2/Plcg2/Arhgef2/Clu/Tlr2/Tlr1/Lgals9/Rigi/Ly96/Il1a/Oas1g/Oas1a/Nod2/Syk/Oas2",19
"GO:0002758","innate immune response-activating signaling pathway","35/1138","334/25730",0.104790419161677,2.36929480231102,5.41842658298287,2.31716828315102e-06,6.8013419886455e-05,5.18075496179957e-05,"S100a14/Tnip3/Reg3g/Slc15a2/Aurkb/Mfhas1/Plcg2/Inava/Lacc1/Tyro3/Tlr2/Lyn/Tnf/Ddx39a/Ifi35/Tlr1/C1qbp/Slc15a3/Rigi/Rsad2/Oasl1/Enpp3/Ifi202b/Ly96/Smpdl3b/Ltf/Oas1g/Oas1a/Nod2/Syk/Irgm1/Cgas/Dhx58/Trim30a/Gbp2",35
"GO:0042116","macrophage activation","19/1138","125/25730",0.152,3.43669595782074,5.8746178250726,2.51958219785505e-06,7.35438048196134e-05,5.60201843055256e-05,"Il33/Ifngr2/Mfhas1/Plcg2/Pla2g4a/Clu/Tlr2/Tnf/Ctsc/Ifi35/Tlr1/Lgals9/Ulbp1/Epsti1/Cd1d1/Syk/Irgm1/Il4ra/Itgam",19
"GO:0051382","kinetochore assembly","7/1138","16/25730",0.4375,9.89180579964851,7.65333634589745,2.61641443430446e-06,7.4900732080445e-05,5.70537902690385e-05,"Dlgap5/Cenpa/Cenpe/Cenpk/Cenph/Kntc1/Cenpw",7
"GO:0090306","meiotic spindle assembly","7/1138","16/25730",0.4375,9.89180579964851,7.65333634589745,2.61641443430446e-06,7.4900732080445e-05,5.70537902690385e-05,"Aspm/Ccnb2/Ndc80/Ska1/Cenpe/Aurka/Fbxo5",7
"GO:0061621","canonical glycolysis","8/1138","22/25730",0.363636363636364,8.22176066464291,7.28963772591216,2.62309377670382e-06,7.4900732080445e-05,5.70537902690385e-05,"Gpr87/Pkm/Gapdh/Eno1/Pgam1/Tpi1/Pfkl/Pgk1",8
"GO:0061718","glucose catabolic process to pyruvate","8/1138","22/25730",0.363636363636364,8.22176066464291,7.28963772591216,2.62309377670382e-06,7.4900732080445e-05,5.70537902690385e-05,"Gpr87/Pkm/Gapdh/Eno1/Pgam1/Tpi1/Pfkl/Pgk1",8
"GO:2000241","regulation of reproductive process","27/1138","226/25730",0.119469026548673,2.7011757935829,5.52566973055587,2.87444185381491e-06,8.16341486483433e-05,6.21828047123998e-05,"Cib1/Plat/Aspm/Bnc1/Camk2b/Gja1/Cdc20/Msx2/Cdc25c/P2ry1/Nupr1/Inhbb/Arhgdib/Lif/Ttk/Insl6/Aurka/C1qbp/Trip13/Pkmyt1/Knl1/Rad51ap1/Timp1/Cdc25b/Clxn/Il1a/Fbxo5",27
"GO:0072527","pyrimidine-containing compound metabolic process","13/1138","63/25730",0.206349206349206,4.66552291684102,6.26620094733547,3.08655532082831e-06,8.71868906216771e-05,6.64124693253493e-05,"Slc4a7/Dck/Dut/Rrm1/Nme1/Tyms/Umps/Shmt2/Enpp3/Cdk1/Dhfr/Dctpp1/Cmpk2",13
"GO:0050769","positive regulation of neurogenesis","34/1138","324/25730",0.104938271604938,2.37263772266701,5.34867177110335,3.11745292558762e-06,8.75887575991302e-05,6.67185816103807e-05,"Fn1/Tenm4/Il33/Aspm/Ptn/Grip1/Mdk/Camk2b/Cip2a/Ephb2/Ntrk2/Trp73/Myb/Caprin1/Crabp2/Kalrn/Tspo/Lpar3/Lrp8/Id4/Tlr2/Epha4/Lif/Hif1a/Sema4d/Lyn/Tnf/E2f1/Dbn1/Sgk1/Xrcc2/Wdr62/Neurl1a/Aspa",34
"GO:1902806","regulation of cell cycle G1/S phase transition","24/1138","188/25730",0.127659574468085,2.88636278652358,5.584217869218,3.17634995621769e-06,8.87688439891901e-05,6.76174833904796e-05,"Anxa1/Gpnmb/Tcim/Plcg2/Ak1/Kif14/Rrm2/Fam83d/E2f7/Adamts1/Tfdp1/Rrm1/Rbl1/Actl6a/Ezh2/Psme2/Cdkn2c/Haspin/Tjp3/Ccne2/E2f1/Muc1/Hacd1/Ccne1",24
"GO:0002700","regulation of production of molecular mediator of immune response","26/1138","216/25730",0.12037037037037,2.72155503482393,5.4656796079302,3.79559575703709e-06,0.000105513545542184,8.03723479156503e-05,"Ivl/Mif/Il33/Ephb2/Plcg2/Inava/Il13ra1/Lacc1/Nsd2/Panx1/Tlr2/Tfrc/Tnf/Bcl6/Arg1/Rigi/Rsad2/Sectm1b/Exosc6/Nod2/Syk/Cd74/Il4ra/Cgas/Lilrb4a/Bst2",26
"GO:0006220","pyrimidine nucleotide metabolic process","11/1138","46/25730",0.239130434782609,5.40670130664018,6.43497492555771,3.86899106343806e-06,0.000106987784459492,8.14953131478753e-05,"Slc4a7/Dck/Dut/Nme1/Tyms/Umps/Shmt2/Enpp3/Dhfr/Dctpp1/Cmpk2",11
"GO:0043085","positive regulation of catalytic activity","22/1138","165/25730",0.133333333333333,3.01464557703573,5.58474551106014,3.94484246418331e-06,0.000108514148203241,8.26579831844858e-05,"Cib1/Nedd9/Cdc20/Arhgap11a/Plk1/Kif14/Rgs10/Coro1c/Dscc1/Ezh2/Thy1/Rfc3/Psmd10/Cenpe/Fgfr3/Tnf/Tpx2/Tlr1/Lgals9/Chtf18/Ect2/Rgs1",22
"GO:0000132","establishment of mitotic spindle orientation","10/1138","38/25730",0.263157894736842,5.94995837572842,6.56870938408568,4.19435192743153e-06,0.000114776692847527,8.74283225224489e-05,"Gja1/Gpsm2/Plk1/Arhgef2/Cenpa/Ndc80/Mad2l1/Sapcd2/Spdl1/Misp",10
"GO:0051299","centrosome separation","7/1138","17/25730",0.411764705882353,9.30993487025742,7.37278153169738,4.27773611489647e-06,0.000115851678080753,8.82471660815865e-05,"Chek1/Kif11/Plk1/Kif15/Nek2/Aurka/Ranbp1",7
"GO:1902969","mitotic DNA replication","7/1138","17/25730",0.411764705882353,9.30993487025742,7.37278153169738,4.27773611489647e-06,0.000115851678080753,8.82471660815865e-05,"Cdc45/Mcm6/Mcm2/Cdk1/Lig1/Rad51/Mcm3",7
"GO:0035825","homologous recombination","13/1138","65/25730",0.2,4.5219683655536,6.11585463423873,4.46032692652253e-06,0.00012017721883051,9.15420403489266e-05,"Brip1/Top2a/Trip13/Bard1/Chtf18/Rad51ap1/Ankle1/Ccnb1ip1/Cenps/Rad51/Fancd2/Rad54b/Brca1",13
"GO:0010972","negative regulation of G2/M transition of mitotic cell cycle","14/1138","75/25730",0.186666666666667,4.22050380785003,6.00833443949809,4.54647672429194e-06,0.000121677734587663,9.26850213175517e-05,"Chek1/Aurkb/Plk1/Pinx1/Bard1/Cdc6/Clspn/Pkmyt1/Dtl/Inip/Cdk1/Miip/Brca1/Blm",14
"GO:0071706","tumor necrosis factor superfamily cytokine production","25/1138","205/25730",0.121951219512195,2.75729778387415,5.43406809015643,4.5854951367258e-06,0.000121677734587663,9.26850213175517e-05,"Mif/Il33/Adam8/Adam10/Gpnmb/Ephb2/Plcg2/Arhgef2/Clu/Tspo/Tlr2/Cd24a/Tlr1/Lgals9/Rigi/Bcl3/Ly96/Ltf/Il1a/Oas1g/Oas1a/Nod2/Syk/Oas2/Trim30a",25
"GO:1903555","regulation of tumor necrosis factor superfamily cytokine production","25/1138","205/25730",0.121951219512195,2.75729778387415,5.43406809015643,4.5854951367258e-06,0.000121677734587663,9.26850213175517e-05,"Mif/Il33/Adam8/Adam10/Gpnmb/Ephb2/Plcg2/Arhgef2/Clu/Tspo/Tlr2/Cd24a/Tlr1/Lgals9/Rigi/Bcl3/Ly96/Ltf/Il1a/Oas1g/Oas1a/Nod2/Syk/Oas2/Trim30a",25
"GO:0042060","wound healing","40/1138","419/25730",0.0954653937947494,2.15845745372487,5.14301874523816,4.6543375173065e-06,0.000122338295155095,9.3188187081456e-05,"Krt6a/Plau/Fn1/Smoc2/Anxa1/Slc12a2/Anxa8/Map3k1/Plat/Bnc1/Myof/Reg3g/Duox1/Abcg2/Tspan8/Grhl3/Ephb2/Anxa2/Pla2g4a/Cd44/Msx2/P2ry1/Tyro3/Nbeal2/Hif1a/Rap2b/Lyn/Prrg4/Tnf/Plaur/F3/Adamts18/Celsr1/Fbln1/Timp1/Alox15/Lrg1/Il1a/Syk/Lilrb4a",40
"GO:0036293","response to decreased oxygen levels","37/1138","374/25730",0.0989304812834225,2.23680253376315,5.18300294102169,4.65695832337629e-06,0.000122338295155095,9.3188187081456e-05,"Itga2/Plau/Dram1/P2rx2/Adam8/Ccna2/Plat/Fam162a/Sox4/Abcg2/Aldh3a1/Cd38/Slc29a1/Slc8a1/Eno1/Tacc3/Myb/Pdlim1/Slc2a1/Pgk1/Cd24a/Epha4/Lif/Hif1a/Aqp3/Tfrc/Nos1/E2f1/Ddit4/Ptgs2/Stc2/Ryr2/Clca1/Ccnb1/Car9/Lcn2/Ak4",37
"GO:0002237","response to molecule of bacterial origin","43/1138","465/25730",0.0924731182795699,2.09080257762156,5.10620962755463,4.68220853402969e-06,0.000122389669839761,9.32273204837962e-05,"Mif/Slc12a2/S100a14/Tnip3/Gjb6/Reg3g/Ephb2/Plcg2/Inava/Gbp2b/Cdk4/Tspo/Tlr2/Cd24a/Cxcl5/Lyn/Nos1/Tnf/Efnb2/Tlr1/Slpi/Lgals9/E2f1/Ptgs2/Fmo1/Ly96/Ltf/Il1a/Tnfrsf11a/Cxcl15/Epsti1/Nod2/Cxcl2/Noct/Cmpk2/Irgm1/Lcn2/Stat1/Cxcl9/Lilrb4a/Cxcl13/Trim30a/Gbp2",43
"GO:0045910","negative regulation of DNA recombination","12/1138","56/25730",0.214285714285714,4.84496610595029,6.19619989831036,4.86343014591758e-06,0.000126497336567579,9.63562345741462e-05,"H1f5/Plk1/H1f1/Parpbp/H1f3/Bcl6/C1qbp/Ankle1/Rad18/Cgas/Blm/Radx",12
"GO:0051347","positive regulation of transferase activity","15/1138","86/25730",0.174418604651163,3.94357706298279,5.881896945095,5.04827358555441e-06,0.000130658272997551,9.95257255497945e-05,"Cib1/Nedd9/Cdc20/Plk1/Kif14/Dscc1/Ezh2/Rfc3/Psmd10/Cenpe/Tnf/Tpx2/Tlr1/Chtf18/Ect2",15
"GO:0016032","viral process","32/1138","303/25730",0.105610561056106,2.38783808082038,5.22755020050505,5.26660339764092e-06,0.000135640854172575,0.000103321084199333,"Map3k1/Kpna2/Trim12a/Ifitm3/Hacd3/Tyro3/Ifitm2/Tmeff1/Bicd1/Top2a/Tnf/Stom/Fam111a/Slpi/Jpt2/Rsad2/Isg15/Tmprss2/Oasl1/Ifit1/Trim13/Ltf/Oas1g/Oas1a/Nectin4/Cd74/Stat1/Mx2/Oas2/Ifitm1/Trim30a/Bst2",32
"GO:0007056","spindle assembly involved in female meiosis","6/1138","12/25730",0.5,11.304920913884,7.680727362999,5.4252470729302e-06,0.00013837013651056,0.000105400047885951,"Ccnb2/Ndc80/Ska1/Cenpe/Aurka/Fbxo5",6
"GO:0051987","positive regulation of attachment of spindle microtubules to kinetochore","6/1138","12/25730",0.5,11.304920913884,7.680727362999,5.4252470729302e-06,0.00013837013651056,0.000105400047885951,"Aurkb/Incenp/Birc5/Cdca8/Cenpe/Ccnb1",6
"GO:0001818","negative regulation of cytokine production","34/1138","333/25730",0.102102102102102,2.30851237881115,5.17004594065646,5.68048762080383e-06,0.000144180106085523,0.000109825649297209,"Fn1/Il33/Anxa1/Cd276/Reg3g/Gpnmb/Ephb2/Cd200r1/Il1r2/Inhbb/Tspo/Homer3/Ezh2/Tlr2/Cd24a/Pglyrp1/Xaf1/Tnf/Bcl6/C1qbp/Arg1/Lgals9/Fbln1/Bcl3/Ltf/Traip/Oas1g/Oas1a/Il22ra1/Nod2/Irgm1/Dhx58/Trim30a/Bst2",34
"GO:0015698","inorganic anion transport","23/1138","182/25730",0.126373626373626,2.85728770350914,5.4090635399809,6.00260791821943e-06,0.00015162356731887,0.000115495522798939,"Slc4a7/Ttyh3/Slc12a2/Racgap1/Slc6a2/Abcg2/Clic1/Clcn5/Ttyh2/Clca2/Slc1a4/Tspo/Slc25a10/Clca3a2/Clca3a1/Clic6/Slc6a14/P2ry6/Ano4/Gabrp/Stc2/Slc5a5/Clca1",23
"GO:0042771","intrinsic apoptotic signaling pathway in response to DNA damage by p53 class mediator","11/1138","48/25730",0.229166666666667,5.18142208553017,6.23757622803626,6.04218237039748e-06,0.000151892948201284,0.000115700717059941,"Mif/Cd44/Trp73/Nupr1/Pmaip1/Chek2/Knl1/Ddit4/Bcl3/Muc1/Cd74",11
"GO:0002685","regulation of leukocyte migration","28/1138","249/25730",0.112449799196787,2.54247217340363,5.26131660934561,6.16558041773254e-06,0.000154256950070318,0.000117501437334432,"Lgals3/Itga2/Mif/Il33/Anxa1/S100a14/Adam8/Ptn/Mdk/Adam10/Nedd9/Ecm1/Cd200r1/Padi2/Thy1/Tlr2/Hc/Lgmn/Ccl20/Dapk2/Lyn/C1qbp/Lgals9/Fut4/Il1a/Nod2/Cd74/Cxcl13",28
"GO:0140888","interferon-mediated signaling pathway","18/1138","121/25730",0.148760330578512,3.36344754462665,5.60567612649255,6.27256529531971e-06,0.000155469360543218,0.000118424961189533,"Ifngr2/Ifitm3/Ifitm2/Ttll12/Arg1/Parp9/Isg15/Oasl1/Zbp1/Stat2/Oas1g/Oas1a/Irgm1/Stat1/Oas2/Ifnk/Usp18/Ifitm1",18
"GO:1902750","negative regulation of cell cycle G2/M phase transition","14/1138","77/25730",0.181818181818182,4.11088033232146,5.88091966240214,6.27322124765174e-06,0.000155469360543218,0.000118424961189533,"Chek1/Aurkb/Plk1/Pinx1/Bard1/Cdc6/Clspn/Pkmyt1/Dtl/Inip/Cdk1/Miip/Brca1/Blm",14
"GO:0031507","heterochromatin formation","23/1138","183/25730",0.12568306010929,2.8416741095009,5.37841157715095,6.58302468218056e-06,0.000162381275493787,0.000123689942385226,"H2ac10/H2ac4/H2ac7/H2ac15/H2ac8/H2ac22/H2ac6/H2ac13/H2az1/H2ac11/Mis18bp1/H2ax/H2ac12/H2ac25/Hells/Ezh2/Lmnb1/Mis18a/H2ac20/Wdhd1/Bcl6/Uhrf1/Brca1",23
"GO:0019079","viral genome replication","17/1138","110/25730",0.154545454545455,3.49424828247324,5.63938988665123,6.67856898131127e-06,0.000163968230971072,0.000124898766684434,"Ifitm3/Hacd3/Ifitm2/Top2a/Tnf/Fam111a/Slpi/Rsad2/Isg15/Oasl1/Ltf/Oas1g/Oas1a/Mx2/Oas2/Ifitm1/Bst2",17
"GO:0009132","nucleoside diphosphate metabolic process","21/1138","158/25730",0.132911392405063,3.00510555938689,5.43837431559392,6.82641211105607e-06,0.000166818461541807,0.00012706985971229,"Gpr87/Slc29a1/Pkm/Gapdh/Ak1/Eno1/Pgam1/Tpi1/Rrm2/Nupr1/Ran/Pfkl/Rrm1/Pgk1/Gale/Nme1/Hif1a/Umps/Ddit4/Cmpk2/Ak4",21
"GO:0006007","glucose catabolic process","9/1138","32/25730",0.28125,6.35901801405975,6.52523569300432,7.00269949098306e-06,0.00016891371728734,0.000128665869237767,"Gpr87/Pkm/Gapdh/Eno1/Pgam1/Tpi1/Pfkl/Pgk1/Ldha",9
"GO:0061615","glycolytic process through fructose-6-phosphate","9/1138","32/25730",0.28125,6.35901801405975,6.52523569300432,7.00269949098306e-06,0.00016891371728734,0.000128665869237767,"Gpr87/Pkm/Gapdh/Eno1/Pgam1/Tpi1/Pfkl/Pgk1/Gale",9
"GO:1903706","regulation of hemopoiesis","42/1138","457/25730",0.0919037199124726,2.0779285706045,5.00155839692637,7.00860113601829e-06,0.00016891371728734,0.000128665869237767,"Anxa1/Cib1/Adam8/Ptn/Mdk/Sox4/Nedd9/Tcim/Tfe3/Mafb/Cd44/Myb/Coro1c/Actl6a/Cd24a/Nme1/Pglyrp1/Fanca/Lif/Hif1a/Il1rl2/Lyn/Fgfr3/Tnf/Bcl6/Lgals9/Isg15/Ikzf1/Ltf/Tnfrsf11a/Clec2d/Cd1d1/Fancd2/Syk/Irgm1/Cd74/Il4ra/H2-Aa/Stat1/Csf3/Itgam/Lilrb4a",42
"GO:0032760","positive regulation of tumor necrosis factor production","18/1138","122/25730",0.147540983606557,3.33587830245758,5.5632420605866,7.05807427550755e-06,0.000169329325312861,0.000128982448428165,"Mif/Il33/Adam10/Ephb2/Plcg2/Arhgef2/Clu/Tlr2/Tlr1/Lgals9/Rigi/Ly96/Il1a/Oas1g/Oas1a/Nod2/Syk/Oas2",18
"GO:0048146","positive regulation of fibroblast proliferation","14/1138","78/25730",0.179487179487179,4.05817673831734,5.81882003806189,7.33724731781329e-06,0.00017522680639905,0.000133474709580508,"Fn1/Mif/Ccna2/Anxa2/Myb/Cdk4/Rnaseh2b/Lif/Cdc6/Fbln1/E2f1/Btc/Ccnb1/Cd74",14
"GO:0009913","epidermal cell differentiation","30/1138","280/25730",0.107142857142857,2.42248305297514,5.14834785389578,7.71754668871761e-06,0.000183475069242183,0.000139757620912143,"Krt6a/Krt4/Slc4a7/Ivl/Anxa1/Slitrk6/Reg3g/Bcl11b/Mafb/Krt6b/Cers3/Msx2/Myo7a/Krt75/Sfn/Fam3c/Ezh2/Fgfr3/Tprn/Krt16/Strc/Clic6/Ptgs2/Gm5478/Csta1/Il1a/Krt78/Sprr1a/Krt1/Krt36",30
"GO:0050900","leukocyte migration","39/1138","414/25730",0.0942028985507246,2.12991263594916,4.98578046838619,8.33015057781542e-06,0.000197146897008298,0.000150171799416094,"Lgals3/Itga2/Mif/Il33/Anxa1/Slc12a2/S100a14/Adam8/Ptn/Mdk/Adam10/Nedd9/Ecm1/Cd200r1/Coro1c/Padi2/Ggt5/Thy1/Tlr2/Cd24a/Hc/Lgmn/Cxcl5/Ccl20/Dapk2/Lyn/Tnf/C1qbp/Lgals9/Fut4/Il1a/Cxcl15/Nod2/Cxcl2/Syk/Cd74/Cxcl9/Itgam/Cxcl13",39
"GO:0006820","monoatomic anion transport","22/1138","173/25730",0.127167630057803,2.87524000121905,5.32366394581441,8.57791306887702e-06,0.000202100247820089,0.000153944892555442,"Slc4a7/Ttyh3/Slc12a2/Slc6a2/Abcg2/Clic1/Clcn5/Lrrc8d/Ttyh2/Clca2/Slc1a4/Tspo/Panx1/Clca3a2/Clca3a1/Clic6/Slc6a14/P2ry6/Ano4/Gabrp/Slc5a5/Clca1",22
"GO:0000077","DNA damage checkpoint signaling","18/1138","124/25730",0.145161290322581,3.28207381370826,5.47968153336163,8.89928946312414e-06,0.000208736012675242,0.000158999523208637,"Chek1/Plk1/Chek2/H2ax/Rnaseh2b/Lyn/Dtx3l/Bard1/Clspn/Dtl/Parp9/E2f1/Cdk1/Muc1/Rad51/Fancd2/Brca1/Blm",18
"GO:0006221","pyrimidine nucleotide biosynthetic process","9/1138","33/25730",0.272727272727273,6.16632049848219,6.38826262226395,9.25192231961753e-06,0.000216042666076758,0.000164565186709641,"Slc4a7/Dck/Dut/Nme1/Tyms/Umps/Shmt2/Dhfr/Cmpk2",9
"GO:0072331","signal transduction by p53 class mediator","22/1138","174/25730",0.126436781609195,2.85871563339596,5.29208481114826,9.4161833285607e-06,0.000218905430125035,0.000166745826805719,"Mif/Pla2r1/Sox4/Foxm1/Cd44/Trp73/E2f7/Nupr1/Pmaip1/Chek2/Bop1/Psmd10/Knl1/Rpf2/E2f1/Ddit4/Bcl3/Bok/Muc1/Eef1e1/E2f2/Cd74",22
"GO:0009221","pyrimidine deoxyribonucleotide biosynthetic process","6/1138","13/25730",0.461538461538462,10.435311612816,7.31987106008513,9.69724144774086e-06,0.000223461870905397,0.000170216583491739,"Dut/Nme1/Tyms/Shmt2/Dhfr/Cmpk2",6
"GO:1903490","positive regulation of mitotic cytokinesis","6/1138","13/25730",0.461538461538462,10.435311612816,7.31987106008513,9.69724144774086e-06,0.000223461870905397,0.000170216583491739,"Aurkb/Incenp/Kif20b/Birc5/Cdca8/Ect2",6
"GO:2000045","regulation of G1/S transition of mitotic cell cycle","21/1138","162/25730",0.12962962962963,2.93090542211808,5.30341716557516,1.011735745892e-05,0.000232124873751816,0.000176815412819186,"Anxa1/Gpnmb/Ak1/Kif14/Rrm2/E2f7/Adamts1/Tfdp1/Rrm1/Rbl1/Actl6a/Ezh2/Psme2/Cdkn2c/Haspin/Tjp3/Ccne2/E2f1/Muc1/Hacd1/Ccne1",21
"GO:0001960","negative regulation of cytokine-mediated signaling pathway","15/1138","91/25730",0.164835164835165,3.72689700457715,5.60563155601476,1.03367802089176e-05,0.000236128013989797,0.000179864706427025,"Ccdc3/Ecm1/Il1rn/Il1r2/Padi2/Ttll12/Naip6/Arg1/Isg15/Stat2/Traip/Oas1g/Oas1a/Usp18/Naip2",15
"GO:0072593","reactive oxygen species metabolic process","28/1138","256/25730",0.109375,2.47295144991213,5.09501541274182,1.04277161434685e-05,0.0002371741152285,0.000180661548313818,"Plau/Sh3pxd2a/Duoxa1/Sh3pxd2b/Pxdn/Pla2r1/Duox1/Abcg2/Foxm1/Plcg2/G6pdx/Inava/Pmaip1/Dmd/Ndufc2/Tspo/Hif1a/Cycs/Tnf/Ddit4/Coq7/Dhfr/Syk/Mmp3/Lcn2/Brca1/Itgam/Trim30a",28
"GO:0032640","tumor necrosis factor production","24/1138","202/25730",0.118811881188119,2.68631784092293,5.17597754256742,1.10381899660622e-05,0.000248904077603824,0.00018959655862195,"Mif/Il33/Adam10/Gpnmb/Ephb2/Plcg2/Arhgef2/Clu/Tspo/Tlr2/Cd24a/Tlr1/Lgals9/Rigi/Bcl3/Ly96/Ltf/Il1a/Oas1g/Oas1a/Nod2/Syk/Oas2/Trim30a",24
"GO:0032680","regulation of tumor necrosis factor production","24/1138","202/25730",0.118811881188119,2.68631784092293,5.17597754256742,1.10381899660622e-05,0.000248904077603824,0.00018959655862195,"Mif/Il33/Adam10/Gpnmb/Ephb2/Plcg2/Arhgef2/Clu/Tspo/Tlr2/Cd24a/Tlr1/Lgals9/Rigi/Bcl3/Ly96/Ltf/Il1a/Oas1g/Oas1a/Nod2/Syk/Oas2/Trim30a",24
"GO:0050729","positive regulation of inflammatory response","22/1138","176/25730",0.125,2.826230228471,5.22959522274796,1.13186547144647e-05,0.000254137657563238,0.000193583109421479,"Il33/Adam8/Mdk/Reg3g/Plcg2/Gbp2b/Nupr1/Tlr2/Cd24a/Tnf/Ctsc/Ifi35/Casp12/Nlrp10/Tradd/Ptgs2/Zbp1/Ctss/Il17rb/Tnfrsf11a/Il22ra1/Gbp2",22
"GO:0040029","epigenetic regulation of gene expression","33/1138","330/25730",0.1,2.2609841827768,4.95947162765308,1.19783432893574e-05,0.000267805172945888,0.000203994003073401,"H2ac10/Chek1/H3c2/H3c3/H3c7/H2ac4/H2ac7/H2ac15/Apobec1/H3c4/H2ac8/H2ac22/H2ac6/H2ac13/H2az1/H2ac11/Mis18bp1/Padi2/H2ax/H2ac12/H2ac25/Hells/Ezh2/Lmnb1/Mis18a/H2ac20/H3c13/Wdhd1/Atad2/Bcl6/Uhrf1/Brca1/Cdkn1c",33
"GO:0002828","regulation of type 2 immune response","9/1138","34/25730",0.264705882352941,5.98495813087977,6.25682302589362,1.20904543085321e-05,0.000269166300580625,0.000205030808568417,"Il33/Anxa1/Ecm1/Bcl6/Arg1/Rsad2/Nod2/Cd74/Il4ra",9
"GO:0046942","carboxylic acid transport","37/1138","391/25730",0.0946291560102302,2.13955024968649,4.88441754971702,1.27296793620219e-05,0.000282201415055119,0.000214959986384221,"Mif/Cck/Ttyh3/Anxa1/Abcc5/Slc12a2/Slc43a2/Slc27a3/Pla2r1/Slc16a14/Abcd3/Gja1/Abcg2/Il1rn/Ntrk2/Lrrc8d/Pla2g4a/Ttyh2/Got2/Slc16a3/Slc1a4/Crabp2/Slc2a1/Gipc1/Slco3a1/Lyn/Slc25a10/Tnf/Arg1/Slc16a12/Ptgs2/Slc6a14/Il1a/Tnfrsf11a/Syk/Fabp5/Pla2g4f",37
"GO:0031346","positive regulation of cell projection organization","42/1138","469/25730",0.0895522388059701,2.02476195472549,4.8180333830777,1.31528195262907e-05,0.000290356780635006,0.000221172135510647,"Itga2/Fn1/Ptn/Grip1/Mdk/Adam10/Camk2b/Nedd9/Ephb2/Dzip1/Ntrk2/Septin9/Gm14137/Caprin1/Coro1c/Dmd/Adamts1/Gpc2/Crabp2/Kalrn/Ehd1/Lpar3/Lrp8/Ezh2/Tlr2/Cd24a/Epha4/Nme1/Lif/Dynll1/Sema4d/Cxcl5/Lyn/Anln/Pcp4/Cdc42ep2/Dbn1/Sgk1/Ntm/Lcn2/Neurl1a/Atp8a2",42
"GO:0072528","pyrimidine-containing compound biosynthetic process","10/1138","43/25730",0.232558139534884,5.25810275064372,6.01145127562809,1.39098502715593e-05,0.00030578390513294,0.000232923368123623,"Slc4a7/Dck/Dut/Nme1/Tyms/Umps/Shmt2/Cdk1/Dhfr/Cmpk2",10
"GO:0015849","organic acid transport","37/1138","393/25730",0.094147582697201,2.12866195325042,4.85029578911954,1.42543890419887e-05,0.000312052333444203,0.00023769818920018,"Mif/Cck/Ttyh3/Anxa1/Abcc5/Slc12a2/Slc43a2/Slc27a3/Pla2r1/Slc16a14/Abcd3/Gja1/Abcg2/Il1rn/Ntrk2/Lrrc8d/Pla2g4a/Ttyh2/Got2/Slc16a3/Slc1a4/Crabp2/Slc2a1/Gipc1/Slco3a1/Lyn/Slc25a10/Tnf/Arg1/Slc16a12/Ptgs2/Slc6a14/Il1a/Tnfrsf11a/Syk/Fabp5/Pla2g4f",37
"GO:0002702","positive regulation of production of molecular mediator of immune response","20/1138","153/25730",0.130718954248366,2.9555348794468,5.21881785619873,1.4399756658919e-05,0.000313926645169959,0.00023912590005333,"Mif/Il33/Ephb2/Plcg2/Inava/Il13ra1/Lacc1/Nsd2/Panx1/Tlr2/Tfrc/Tnf/Rigi/Rsad2/Sectm1b/Exosc6/Nod2/Syk/Cd74/Il4ra",20
"GO:0071897","DNA biosynthetic process","21/1138","166/25730",0.126506024096386,2.86028119507909,5.17254044263957,1.47784460529302e-05,0.000320851056041716,0.000244400399709616,"Chek1/Smoc2/Ccna2/Pclaf/Gja1/Tfdp1/Rrm1/Pole/Dscc1/Rfc3/Pinx1/Tnf/Hrob/Pole2/Dtl/Chtf18/Cdk1/Lig1/Pif1/Wrap53/Pold1",21
"GO:0046184","aldehyde biosynthetic process","8/1138","27/25730",0.296296296296296,6.69921239341274,6.37368323318344,1.49469547408975e-05,0.000323174074932821,0.00024616990220876,"Gapdh/Dkk3/Eno1/Pgam1/Tpi1/Tkt/Pgk1/Slc25a10",8
"GO:0009130","pyrimidine nucleoside monophosphate biosynthetic process","7/1138","20/25730",0.35,7.91344463971881,6.65340727110197,1.51703515680067e-05,0.000325326641380846,0.000247809566752144,"Dck/Dut/Nme1/Tyms/Umps/Shmt2/Dhfr",7
"GO:0019682","glyceraldehyde-3-phosphate metabolic process","7/1138","20/25730",0.35,7.91344463971881,6.65340727110197,1.51703515680067e-05,0.000325326641380846,0.000247809566752144,"Gapdh/Eno1/Pgam1/Tpi1/Tkt/Pgk1/Slc25a10",7
"GO:0050790","regulation of catalytic activity","30/1138","290/25730",0.103448275862069,2.33894915459669,4.93276232380284,1.53479952535157e-05,0.000327798240089315,0.000249692246272429,"Cib1/Nedd9/Ecm1/Cdc20/Arhgap11a/Plk1/Ntrk2/Kif14/Rgs10/Coro1c/Dscc1/Ezh2/Thy1/Rfc3/Epha4/Psmd10/Rap2b/Cenpe/Lyn/Fgfr3/Tnf/Tpx2/Tlr1/Lgals9/Chtf18/Timp1/Popdc1/Ect2/Rgs1/Fbxo5",30
"GO:0048144","fibroblast proliferation","20/1138","154/25730",0.12987012987013,2.93634309451533,5.18456136597408,1.58719879941017e-05,0.000336817667816881,0.000256562573485822,"Fn1/Mif/Ccna2/Anxa2/E2f8/Myb/Nupr1/Pmaip1/Cks2/Cdk4/Rnaseh2b/Lif/Cdc6/Cks1b/Fbln1/E2f1/Btc/Cdk1/Ccnb1/Cd74",20
"GO:0007292","female gamete generation","23/1138","193/25730",0.119170984455959,2.69443710900862,5.08282116688535,1.58985119182692e-05,0.000336817667816881,0.000256562573485822,"Aspm/Ptn/Bnc1/Mdk/Ncaph/Plk1/Ccnb2/Pla2g4a/Ndc80/Mastl/Adamts1/Inhbb/Ska1/Sgo2a/Ttk/Cenpe/Top2a/Aurka/Trip13/Hrob/Cdc25b/Fbxo5/Ccnb1",23
"GO:0006271","DNA strand elongation involved in DNA replication","6/1138","14/25730",0.428571428571429,9.68993221190058,6.99623449383385,1.63336626971157e-05,0.000343268255242583,0.000261476149787089,"Pole/Rfc3/Mcm7/Dna2/Lig1/Mcm3",6
"GO:0009157","deoxyribonucleoside monophosphate biosynthetic process","6/1138","14/25730",0.428571428571429,9.68993221190058,6.99623449383385,1.63336626971157e-05,0.000343268255242583,0.000261476149787089,"Dck/Dut/Nme1/Tyms/Shmt2/Dhfr",6
"GO:0019058","viral life cycle","27/1138","249/25730",0.108433734939759,2.45166959578207,4.95159231217562,1.74149801467407e-05,0.000364535082434166,0.000277675632283113,"Kpna2/Trim12a/Ifitm3/Hacd3/Tyro3/Ifitm2/Tmeff1/Bicd1/Top2a/Tnf/Fam111a/Slpi/Jpt2/Rsad2/Isg15/Tmprss2/Oasl1/Ltf/Oas1g/Oas1a/Nectin4/Cd74/Mx2/Oas2/Ifitm1/Trim30a/Bst2",27
"GO:0060761","negative regulation of response to cytokine stimulus","15/1138","95/25730",0.157894736842105,3.56997502543705,5.39833341437608,1.76415077370566e-05,0.000367811435121013,0.00028017131335125,"Ccdc3/Ecm1/Il1rn/Il1r2/Padi2/Ttll12/Naip6/Arg1/Isg15/Stat2/Traip/Oas1g/Oas1a/Usp18/Naip2",15
"GO:0035455","response to interferon-alpha","9/1138","36/25730",0.25,5.652460456942,6.00902125933846,2.00375016835152e-05,0.000416114758281379,0.000316965181613167,"Ifitm3/Ifitm2/Ifit1bl1/Ifit1/Oas1g/Oas1a/Tgtp1/Ifitm1/Bst2",9
"GO:0002697","regulation of immune effector process","43/1138","494/25730",0.0870445344129555,1.96806315504863,4.67350342725822,2.07510860017962e-05,0.000427553748444851,0.000325678550996198,"Lgals3/Ivl/Mif/Il33/Anxa1/Ephb2/Plcg2/Clu/Inava/Il13ra1/Lacc1/Nsd2/Panx1/Tlr2/Cd24a/Pglyrp1/Cxcl5/Lyn/Tfrc/Tnf/Bcl6/C1qbp/Arg1/Lgals9/Rigi/Susd4/Rsad2/Sectm1b/Enpp3/Ulbp1/Exosc6/Clec2d/Nod2/Nectin4/Cd1d1/Syk/Cd74/Il4ra/Cgas/Dhx58/Itgam/Lilrb4a/Bst2",43
"GO:0015711","organic anion transport","43/1138","494/25730",0.0870445344129555,1.96806315504863,4.67350342725822,2.07510860017962e-05,0.000427553748444851,0.000325678550996198,"Slc4a7/Mif/Cck/Ttyh3/Slc39a8/Anxa1/Abcc5/Slc12a2/Slc43a2/Slc27a3/Pla2r1/Slc16a14/Abcd3/Gja1/Abcg2/Il1rn/Ntrk2/Lrrc8d/Pla2g4a/Slc39a6/Ttyh2/Got2/Slc16a3/Slc1a4/Crabp2/Slc2a1/Gipc1/Slc39a4/Panx1/Slco3a1/Lyn/Slc25a10/Tnf/Arg1/Slc16a12/Ptgs2/Slc6a14/Il1a/Tnfrsf11a/Slco5a1/Syk/Fabp5/Pla2g4f",43
"GO:0034340","response to type I interferon","16/1138","108/25730",0.148148148148148,3.34960619670637,5.26363907947657,2.13285903977285e-05,0.000437735991990882,0.000333434624556595,"Ifitm3/Ifitm2/Ttll12/Shmt2/Isg15/Oasl1/Zbp1/Stat2/Oas1g/Oas1a/Stat1/Mx2/Oas2/Ifnk/Usp18/Ifitm1",16
"GO:0009314","response to radiation","42/1138","479/25730",0.0876826722338205,1.98249135024271,4.66920412763428,2.17206423476342e-05,0.000442660735756114,0.000337185926981898,"Ivl/Cck/Apobec1/Reep6/Pclaf/Abcg2/Aurkb/Bak1/Gpsm2/Pbk/Pmaip1/Rrm1/Chek2/H2ax/H2ac25/Hif1a/Tnf/Bard1/Ppp1r1b/Dtl/Inip/Rad51ap1/Timp1/Bcl3/Ect2/Rad18/Sgk1/Xrcc2/Cyp2r1/Ddias/Frmpd1/Rad51/Pold1/Fancd2/Cxcl2/Mmp3/Lcn2/Rad54b/Brca1/Blm/Fignl1/Atp8a2",42
"GO:0030595","leukocyte chemotaxis","26/1138","238/25730",0.109243697478992,2.46998272068054,4.90099673063676,2.17370517367867e-05,0.000442660735756114,0.000337185926981898,"Lgals3/Mif/Anxa1/Slc12a2/S100a14/Adam8/Ptn/Mdk/Adam10/Nedd9/Coro1c/Padi2/Hc/Lgmn/Cxcl5/Dapk2/Lyn/C1qbp/Cxcl15/Nod2/Cxcl2/Syk/Cd74/Cxcl9/Itgam/Cxcl13",26
"GO:0097193","intrinsic apoptotic signaling pathway","33/1138","340/25730",0.0970588235294118,2.19448464798925,4.76951632817532,2.2088658522057e-05,0.000448084215733155,0.000341317129448732,"Mif/Bak1/Cd44/Clu/Trp73/Eno1/Nupr1/Pmaip1/Sfn/Chek2/Hells/Hif1a/Cycs/Dapk2/Tnf/Plaur/Casp12/Cpe/Knl1/Melk/E2f1/Ddit4/Ptgs2/Bcl3/Bok/Bub1/Muc1/Siah1b/E2f2/Ddias/Cd74/Brca1/Fignl1",33
"GO:0098656","monoatomic anion transmembrane transport","19/1138","145/25730",0.131034482758621,2.96266892915581,5.09828368254726,2.25935942680452e-05,0.000456564401093499,0.000347776702053069,"Slc4a7/Ttyh3/Slc12a2/Slc6a2/Abcg2/Clic1/Clcn5/Lrrc8d/Ttyh2/Clca2/Slc1a4/Panx1/Clca3a2/Clca3a1/Clic6/Ano4/Gabrp/Slc5a5/Clca1",19
"GO:0007076","mitotic chromosome condensation","6/1138","15/25730",0.4,9.04393673110721,6.70357805640833,2.62025593629389e-05,0.000525451324018629,0.000400249621124523,"Nusap1/Ncapd2/Ncapg/Ncaph/Smc2/Smc4",6
"GO:1902412","regulation of mitotic cytokinesis","6/1138","15/25730",0.4,9.04393673110721,6.70357805640833,2.62025593629389e-05,0.000525451324018629,0.000400249621124523,"Aurkb/Incenp/Kif20b/Birc5/Cdca8/Ect2",6
"GO:0034755","iron ion transmembrane transport","8/1138","29/25730",0.275862068965517,6.23719774559118,6.07027854449697,2.67060069907536e-05,0.000533510877298172,0.000406388787587933,"Slc39a8/Abcc5/Slc40a1/Steap4/Hif1a/Tfrc/Nos1/Lcn2",8
"GO:2001252","positive regulation of chromosome organization","16/1138","110/25730",0.145454545454545,3.28870426585717,5.17466355739544,2.69312294084268e-05,0.000535972270120737,0.000408263693025673,"Ncapd2/Ncapg/Aurkb/Ncaph/Smc2/Smc4/Ncapg2/Fen1/Actl6a/Ska1/Sgo2a/Nek2/Mad1l1/Bub1/Cdk1/Wrap53",16
"GO:0050867","positive regulation of cell activation","37/1138","406/25730",0.0911330049261084,2.06050282666851,4.63334196095893,2.90016489445467e-05,0.0005749987303949,0.000437991139174445,"Mif/Il33/Anxa1/Adam8/Vtcn1/Cd276/Mdk/Sox4/Cd38/Ephb2/Pla2g4a/Myb/Sh3kbp1/Nsd2/Actl6a/Thy1/Cd24a/Il1rl2/Tfrc/Tnf/Efnb2/Bcl6/Ctsc/Sox15/Lgals9/Ulbp1/Ikzf1/Exosc6/Il1a/Nod2/Cd1d1/Syk/Irgm1/Cd74/Il4ra/H2-Aa/Blm",37
"GO:0030216","keratinocyte differentiation","22/1138","187/25730",0.117647058823529,2.65998139150212,4.90087618400549,2.94659005607786e-05,0.000582006923106507,0.000443329457586388,"Krt6a/Krt4/Ivl/Anxa1/Reg3g/Bcl11b/Mafb/Krt6b/Cers3/Msx2/Krt75/Sfn/Ezh2/Krt16/Ptgs2/Gm5478/Csta1/Il1a/Krt78/Sprr1a/Krt1/Krt36",22
"GO:0051962","positive regulation of nervous system development","36/1138","392/25730",0.0918367346938776,2.07641404540727,4.61978626135131,3.14557007118272e-05,0.000618982215505394,0.000471494477060387,"Fn1/Tenm4/Il33/Slitrk6/Aspm/Ptn/Grip1/Mdk/Camk2b/Cip2a/Ephb2/Thbs2/Ntrk2/Trp73/Myb/Caprin1/Crabp2/Kalrn/Tspo/Lpar3/Lrp8/Id4/Tlr2/Epha4/Lif/Hif1a/Sema4d/Lyn/Tnf/E2f1/Dbn1/Sgk1/Xrcc2/Wdr62/Neurl1a/Aspa",36
"GO:1902423","regulation of attachment of mitotic spindle microtubules to kinetochore","5/1138","10/25730",0.5,11.304920913884,7.01124010994367,3.50944984060054e-05,0.000684490617886185,0.000521393891211363,"Aurkb/Incenp/Birc5/Cdca8/Cdk1",5
"GO:0030330","DNA damage response, signal transduction by p53 class mediator","13/1138","78/25730",0.166666666666667,3.76830697129467,5.26728225816632,3.51755741966635e-05,0.000684490617886185,0.000521393891211363,"Mif/Pla2r1/Sox4/Foxm1/Cd44/E2f7/Pmaip1/Chek2/Psmd10/Bcl3/Muc1/Eef1e1/Cd74",13
"GO:0045109","intermediate filament organization","13/1138","78/25730",0.166666666666667,3.76830697129467,5.26728225816632,3.51755741966635e-05,0.000684490617886185,0.000521393891211363,"Krt19/Krt13/Krt6a/Krt4/Krt15/Krt6b/Krt75/Krt32/Krt16/Gm5478/Krt78/Krt1/Krt36",13
"GO:2000779","regulation of double-strand break repair","19/1138","150/25730",0.126666666666667,2.86391329818395,4.92500556690138,3.64706428767355e-05,0.000707072906547485,0.000538595394124484,"Chek1/Foxm1/Plk1/Fh1/Parpbp/H2ax/Nsd2/Actl6a/Mrgbp/C1qbp/Rad51ap1/Timeless/Skp2/Wrap53/Rad51/Cgas/Blm/Fignl1/Radx",19
"GO:0072332","intrinsic apoptotic signaling pathway by p53 class mediator","14/1138","90/25730",0.155555555555556,3.51708650654169,5.14571874998994,3.95652991321885e-05,0.000764250300148965,0.00058214886726231,"Mif/Cd44/Trp73/Nupr1/Pmaip1/Chek2/Knl1/E2f1/Ddit4/Bcl3/Bok/Muc1/E2f2/Cd74",14
"GO:0002696","positive regulation of leukocyte activation","35/1138","381/25730",0.0918635170603675,2.07701959047738,4.55607992996235,4.00453126092582e-05,0.000770688910069752,0.000587053319993829,"Mif/Il33/Anxa1/Adam8/Vtcn1/Cd276/Mdk/Sox4/Cd38/Ephb2/Pla2g4a/Sh3kbp1/Nsd2/Actl6a/Thy1/Cd24a/Il1rl2/Tfrc/Tnf/Efnb2/Bcl6/Ctsc/Lgals9/Ulbp1/Ikzf1/Exosc6/Il1a/Nod2/Cd1d1/Syk/Irgm1/Cd74/Il4ra/H2-Aa/Blm",35
"GO:0007131","reciprocal meiotic recombination","11/1138","58/25730",0.189655172413793,4.28807345009393,5.39276275339253,4.06154149716665e-05,0.000775975964585948,0.000591080603721631,"Brip1/Top2a/Trip13/Chtf18/Rad51ap1/Ankle1/Ccnb1ip1/Cenps/Rad51/Fancd2/Rad54b",11
"GO:0140527","reciprocal homologous recombination","11/1138","58/25730",0.189655172413793,4.28807345009393,5.39276275339253,4.06154149716665e-05,0.000775975964585948,0.000591080603721631,"Brip1/Top2a/Trip13/Chtf18/Rad51ap1/Ankle1/Ccnb1ip1/Cenps/Rad51/Fancd2/Rad54b",11
"GO:0008637","apoptotic mitochondrial changes","17/1138","126/25730",0.134920634920635,3.05053421485759,4.96345447626633,4.11500150675604e-05,0.00078051328218398,0.0005945367937939,"Eya2/Cck/Ckmt1/Map3k1/Fam162a/Bak1/Ggct/Trp73/Pmaip1/Gclm/Sfn/Cd24a/Slc35f6/Psmd10/Plaur/Tnfsf10/Bok",17
"GO:0015908","fatty acid transport","17/1138","126/25730",0.134920634920635,3.05053421485759,4.96345447626633,4.11500150675604e-05,0.00078051328218398,0.0005945367937939,"Mif/Anxa1/Slc27a3/Pla2r1/Abcd3/Pla2g4a/Got2/Crabp2/Slc2a1/Slco3a1/Lyn/Ptgs2/Il1a/Tnfrsf11a/Syk/Fabp5/Pla2g4f",17
"GO:0034341","response to type II interferon","19/1138","152/25730",0.125,2.826230228471,4.85768880025362,4.38717113992962e-05,0.000829143783064396,0.000631579881636214,"Ifngr2/Ifitm3/Gapdh/Gbp2b/Ifitm2/Tlr2/Capg/Tnf/Arg1/Parp9/Cdc42ep2/Epsti1/Irgm1/Cd74/Stat1/Tgtp1/Ifitm1/Bst2/Gbp2",19
"GO:0015718","monocarboxylic acid transport","22/1138","192/25730",0.114583333333333,2.59071104276509,4.7592018906037,4.42248519648781e-05,0.000832822122664766,0.000634381766347733,"Mif/Anxa1/Slc27a3/Pla2r1/Slc16a14/Abcd3/Abcg2/Pla2g4a/Got2/Slc16a3/Crabp2/Slc2a1/Slco3a1/Lyn/Tnf/Slc16a12/Ptgs2/Il1a/Tnfrsf11a/Syk/Fabp5/Pla2g4f",22
"GO:0032496","response to lipopolysaccharide","39/1138","446/25730",0.0874439461883408,1.97709379211424,4.47781814652619,4.4752833269558e-05,0.000839754949993778,0.000639662677033307,"Mif/Slc12a2/S100a14/Tnip3/Gjb6/Reg3g/Ephb2/Plcg2/Gbp2b/Cdk4/Tspo/Cxcl5/Lyn/Nos1/Tnf/Efnb2/Slpi/Lgals9/E2f1/Ptgs2/Fmo1/Ly96/Ltf/Il1a/Tnfrsf11a/Cxcl15/Epsti1/Nod2/Cxcl2/Noct/Cmpk2/Irgm1/Lcn2/Stat1/Cxcl9/Lilrb4a/Cxcl13/Trim30a/Gbp2",39
"GO:0045814","negative regulation of gene expression, epigenetic","24/1138","220/25730",0.109090909090909,2.46652819939287,4.69928937298755,4.53696122403227e-05,0.000848298728507671,0.000646170690158108,"H2ac10/Chek1/H2ac4/H2ac7/H2ac15/H2ac8/H2ac22/H2ac6/H2ac13/H2az1/H2ac11/Mis18bp1/H2ax/H2ac12/H2ac25/Hells/Ezh2/Lmnb1/Mis18a/H2ac20/Wdhd1/Bcl6/Uhrf1/Brca1",24
"GO:1990266","neutrophil migration","17/1138","127/25730",0.133858267716535,3.02651426040989,4.92483580927613,4.55818637141753e-05,0.000849245077852047,0.000646891548493075,"Lgals3/Adam8/Mdk/Tlr2/Cxcl5/Dapk2/C1qbp/Fut4/Il1a/Cxcl15/Nod2/Cxcl2/Syk/Cd74/Cxcl9/Itgam/Cxcl13",17
"GO:0022409","positive regulation of cell-cell adhesion","32/1138","338/25730",0.0946745562130177,2.14057674109046,4.5406713166083,4.74453245882643e-05,0.000880840054370109,0.000670958244688789,"Anxa1/Adam8/Vtcn1/Cd276/Mdk/Sox4/Cd44/Kif26b/Actl6a/Thy1/Cd24a/Ptpru/Il1rl2/Tfrc/Tnf/Efnb2/Bcl6/Plaur/Lgals9/Mex3b/Ikzf1/Fut4/Alox15/Il1a/Cd1d1/Syk/Irgm1/Cd74/Il4ra/H2-Aa/Blm/Cxcl13",32
"GO:0071168","protein localization to chromatin","11/1138","59/25730",0.186440677966102,4.21539423907539,5.31893277291043,4.7945955797927e-05,0.00088700018226165,0.000675650570584576,"H2ac4/H4c6/H4c2/Plk1/Cenpa/H4c12/H4c16/H4c11/Ezh2/Mms22l/H4c9",11
"GO:0009595","detection of biotic stimulus","9/1138","40/25730",0.225,5.0872144112478,5.56494689010427,4.96303456868319e-05,0.000911740686149002,0.000694496040858795,"Srpx/Tspo/Tlr2/Pglyrp1/Naip6/Tlr1/Ly96/Nod2/Naip2",9
"GO:0040020","regulation of meiotic nuclear division","9/1138","40/25730",0.225,5.0872144112478,5.56494689010427,4.96303456868319e-05,0.000911740686149002,0.000694496040858795,"Camk2b/Gja1/Cdc20/Msx2/Lif/Trip13/Knl1/Rad51ap1/Fbxo5",9
"GO:0051054","positive regulation of DNA metabolic process","30/1138","309/25730",0.0970873786407767,2.19513027454058,4.54656947408544,5.09565785665436e-05,0.000932842730970802,0.00071057000443792,"Eya2/Smoc2/Ccna2/Aurkb/Foxm1/E2f8/E2f7/Fh1/H2ax/Dscc1/Nsd2/Cdc7/Actl6a/Rfc3/Nek2/Cacybp/Tfrc/Tnf/Mrgbp/Chtf18/Rad51ap1/Timeless/Dna2/Cdk1/Skp2/Cdt1/Exosc6/Wrap53/Brca1/Blm",30
"GO:0098661","inorganic anion transmembrane transport","18/1138","141/25730",0.127659574468085,2.88636278652358,4.8316312201277,5.22099489581985e-05,0.000949320311859523,0.000723121396367661,"Ttyh3/Slc12a2/Racgap1/Slc6a2/Abcg2/Clic1/Clcn5/Ttyh2/Clca2/Slc1a4/Slc25a10/Clca3a2/Clca3a1/Clic6/Ano4/Gabrp/Slc5a5/Clca1",18
"GO:0035458","cellular response to interferon-beta","12/1138","70/25730",0.171428571428571,3.87597288476023,5.18311852922343,5.24001914910964e-05,0.000949320311859523,0.000723121396367661,"Gbp2b/Ifitm2/Ifit1/Ifi202b/Ifit3/Oas1g/Oas1a/Irgm1/Stat1/Tgtp1/Gm12185/Gbp2",12
"GO:0009185","ribonucleoside diphosphate metabolic process","19/1138","154/25730",0.123376623376623,2.78952593978956,4.7914582271711,5.25794082130037e-05,0.000949320311859523,0.000723121396367661,"Gpr87/Slc29a1/Pkm/Gapdh/Ak1/Eno1/Pgam1/Tpi1/Rrm2/Nupr1/Ran/Pfkl/Rrm1/Pgk1/Gale/Hif1a/Umps/Ddit4/Ak4",19
"GO:0051338","regulation of transferase activity","19/1138","154/25730",0.123376623376623,2.78952593978956,4.7914582271711,5.25794082130037e-05,0.000949320311859523,0.000723121396367661,"Cib1/Nedd9/Cdc20/Plk1/Kif14/Dscc1/Ezh2/Thy1/Rfc3/Psmd10/Rap2b/Cenpe/Lyn/Tnf/Tpx2/Tlr1/Chtf18/Ect2/Fbxo5",19
"GO:0019320","hexose catabolic process","10/1138","50/25730",0.2,4.5219683655536,5.36239254613063,5.62587128206216e-05,0.00101227149712173,0.000771072913280473,"Gpr87/Pkm/Gapdh/Eno1/Pgam1/Tpi1/Pfkl/Pgk1/Ldha/Gale",10
"GO:0009219","pyrimidine deoxyribonucleotide metabolic process","7/1138","24/25730",0.291666666666667,6.59453719976567,5.89845396990083,5.79792076328362e-05,0.00103572564079425,0.000788938530302677,"Dut/Nme1/Tyms/Shmt2/Dhfr/Dctpp1/Cmpk2",7
"GO:0043032","positive regulation of macrophage activation","8/1138","32/25730",0.25,5.652460456942,5.66491863887783,5.81536094469556e-05,0.00103572564079425,0.000788938530302677,"Il33/Pla2g4a/Ctsc/Lgals9/Ulbp1/Cd1d1/Irgm1/Il4ra",8
"GO:0046597","host-mediated suppression of symbiont invasion","8/1138","32/25730",0.25,5.652460456942,5.66491863887783,5.81536094469556e-05,0.00103572564079425,0.000788938530302677,"Ly6e/Trim59/Ifitm3/Ifitm2/Tmeff1/Cd74/Ifitm1/Trim30a",8
"GO:1902165","regulation of intrinsic apoptotic signaling pathway in response to DNA damage by p53 class mediator","6/1138","17/25730",0.352941176470588,7.97994417450636,6.19278060605125,6.00323427956958e-05,0.0010655740846236,0.000811674848183626,"Mif/Cd44/Trp73/Knl1/Muc1/Cd74",6
"GO:0062207","regulation of pattern recognition receptor signaling pathway","22/1138","196/25730",0.112244897959184,2.5378393888311,4.64906104132413,6.04676825737341e-05,0.00106968755637171,0.000814808184105395,"Slc15a2/Aurkb/Mfhas1/Plcg2/Tyro3/Lyn/Ifi35/Tlr1/C1qbp/Slc15a3/Rsad2/Oasl1/Enpp3/Ifi202b/Smpdl3b/Ltf/Nod2/Irgm1/Cgas/Dhx58/Trim30a/Gbp2",22
"GO:0032481","positive regulation of type I interferon production","15/1138","106/25730",0.141509433962264,3.19950591902378,4.88135355111033,6.58734023152478e-05,0.00116092843875583,0.000884308681936506,"Kpna2/Gapdh/Plcg2/Tlr2/Xaf1/Rigi/Isg15/Tradd/Oas1g/Oas1a/Syk/Cgas/Stat1/Dhx58/Oas2",15
"GO:0007062","sister chromatid cohesion","11/1138","61/25730",0.180327868852459,4.07718459189259,5.17606416145084,6.60673017106955e-05,0.00116092843875583,0.000884308681936506,"Cdc20/Kif22/Dscc1/Fen1/Pttg1/Sgo2a/Cdca5/Haspin/Sgo1/Bub1b/Bub1",11
"GO:0031424","keratinization","13/1138","83/25730",0.156626506024096,3.54130052724077,4.98841350473586,6.87993371191487e-05,0.00120490572408002,0.000917807297287731,"Krt6a/Krt4/Ivl/Krt6b/Cers3/Krt75/Sfn/Krt16/Gm5478/Il1a/Krt78/Sprr1a/Krt1",13
"GO:0070482","response to oxygen levels","38/1138","439/25730",0.0865603644646925,1.95711614910065,4.35110499033272,6.91276401336553e-05,0.00120663329322998,0.000919123230593312,"Itga2/Plau/Dram1/P2rx2/Adam8/Ccna2/Plat/Fam162a/Sox4/Abcg2/Aldh3a1/Cd38/Slc29a1/Slc8a1/Eno1/Tacc3/Myb/Pdlim1/Slc2a1/Mir711/Pgk1/Cd24a/Epha4/Lif/Hif1a/Aqp3/Tfrc/Nos1/E2f1/Ddit4/Ptgs2/Stc2/Ryr2/Clca1/Ccnb1/Car9/Lcn2/Ak4",38
"GO:0050728","negative regulation of inflammatory response","21/1138","185/25730",0.113513513513514,2.56652258585475,4.59997245367212,7.48818547376277e-05,0.00130274590990561,0.000992334652187035,"Il33/Slc39a8/Cd276/Mdk/Reg3g/Cd200r1/Pbk/Mfhas1/Gpx2/Cd44/Tyro3/C1qtnf12/Cd24a/Pglyrp1/Lgals9/Enpp3/Smpdl3b/Il22ra1/Nod2/Irgm1/Krt1",21
"GO:0051235","maintenance of location","24/1138","228/25730",0.105263157894737,2.37998335029137,4.50235576437524,8.01491553053433e-05,0.00138978106262137,0.00105863153889496,"Gsto1/Aspm/Ltbp1/Mdfi/Gja1/Gpsm2/Slc8a1/Plcg2/Calml3/Tacc3/Dmd/Tspo/Thy1/Plch1/Gpr39/Lyn/Rangap1/Bard1/Lgals9/Casq2/Dbn1/P2ry6/Ryr2/Cxcl9",24
"GO:0016045","detection of bacterium","6/1138","18/25730",0.333333333333333,7.53661394258934,5.96769773928189,8.66823639293778e-05,0.00149812217133208,0.0011411577135024,"Tlr2/Pglyrp1/Naip6/Tlr1/Nod2/Naip2",6
"GO:0002573","myeloid leukocyte differentiation","28/1138","288/25730",0.0972222222222222,2.19817906658856,4.39873710728671,8.72858048374585e-05,0.00150360530693773,0.00114533435717694,"Sh3pxd2a/Il33/Adam8/Nedd9/Abcg2/Tfe3/Mafb/Anxa2/Diaph3/Coro1c/Fam3c/Tlr2/Nme1/Lif/Fasn/Lyn/Tfrc/Fgfr3/Tnf/Ikzf1/Ltf/Tnfrsf11a/Epsti1/Clec2d/Pir/Cd74/Csf3/Itgam",28
"GO:0007019","microtubule depolymerization","11/1138","63/25730",0.174603174603175,3.94775016040394,5.03917047217647,8.97615693655737e-05,0.00153777442250665,0.00117136184047648,"Cib1/Aurkb/Ckap2/Ccdc88c/Arhgef2/Diaph3/Kif18b/Tpx2/Kif18a/Sgk1/Kif2c",11
"GO:0006821","chloride transport","17/1138","134/25730",0.126865671641791,2.86841276919445,4.66471198996193,9.02907643412225e-05,0.00153777442250665,0.00117136184047648,"Ttyh3/Slc12a2/Slc6a2/Clic1/Clcn5/Ttyh2/Clca2/Slc1a4/Tspo/Clca3a2/Clca3a1/Clic6/Slc6a14/P2ry6/Ano4/Gabrp/Clca1",17
"GO:0032479","regulation of type I interferon production","18/1138","147/25730",0.122448979591837,2.76855206054302,4.62579561371936,9.04401021230593e-05,0.00153777442250665,0.00117136184047648,"Kpna2/Gapdh/Plcg2/Tlr2/Xaf1/Rnf26rt/Rigi/Isg15/Tradd/Traip/Oas1g/Oas1a/Syk/Irgm1/Cgas/Stat1/Dhx58/Oas2",18
"GO:0032606","type I interferon production","18/1138","147/25730",0.122448979591837,2.76855206054302,4.62579561371936,9.04401021230593e-05,0.00153777442250665,0.00117136184047648,"Kpna2/Gapdh/Plcg2/Tlr2/Xaf1/Rnf26rt/Rigi/Isg15/Tradd/Traip/Oas1g/Oas1a/Syk/Irgm1/Cgas/Stat1/Dhx58/Oas2",18
"GO:0070192","chromosome organization involved in meiotic cell cycle","12/1138","74/25730",0.162162162162162,3.66646083693535,4.94131175768757,9.18788920828032e-05,0.00155221344642234,0.00118236041177603,"Ncapd2/Brip1/Ncaph/Smc2/Smc4/Trip13/Haspin/Ccne2/Ccnb1ip1/Rad51/Ccne1/Fancd2",12
"GO:0045104","intermediate filament cytoskeleton organization","14/1138","97/25730",0.144329896907216,3.26327614009023,4.80407028720558,9.18801640345159e-05,0.00155221344642234,0.00118236041177603,"Krt19/Krt13/Krt6a/Krt4/Krt15/Krt6b/Krt75/Krt32/Krt16/Gm5478/Krt78/Krt1/Krt36/Atp8a2",14
"GO:0016053","organic acid biosynthetic process","33/1138","366/25730",0.0901639344262295,2.0385922959463,4.30489364726798,9.40984500618179e-05,0.00158444253749489,0.00120691012913581,"Gsto1/Mif/Anxa1/Fads2b/Reg3g/Abcd3/Hacd3/Pla2g4a/Psph/Got2/Fmo6/Mgst3/Sardh/Ldha/Ggt5/Acsm1/Nme1/Psat1/Fasn/Osbpl3/Shmt2/Dhrs9/E2f1/Ptgs2/Pycr2/Fmo1/Hacd1/Alox15/Syk/Cd74/Brca1/Fabp5/Pla2g4f",33
"GO:0006953","acute-phase response","10/1138","53/25730",0.188679245283019,4.2660078920317,5.11998493985745,9.46926069229909e-05,0.00158444253749489,0.00120691012913581,"Fn1/Reg3g/Il1rn/Tfrc/Tnf/Hp/Ptgs2/Il1a/Tnfrsf11a/Lcn2",10
"GO:0046365","monosaccharide catabolic process","10/1138","53/25730",0.188679245283019,4.2660078920317,5.11998493985745,9.46926069229909e-05,0.00158444253749489,0.00120691012913581,"Gpr87/Pkm/Gapdh/Eno1/Pgam1/Tpi1/Pfkl/Pgk1/Ldha/Gale",10
"GO:2001233","regulation of apoptotic signaling pathway","38/1138","446/25730",0.0852017937219731,1.92639907949593,4.24549479545461,9.62496051118645e-05,0.00160538230240551,0.00122286047998432,"Lgals3/Eya2/Mif/Ckmt1/Camk2b/Srpx/Bak1/Cd44/Clu/Trp73/Eno1/Nupr1/Pmaip1/Trps1/Gclm/Inhbb/Hells/Slc35f6/Tnfrsf23/Hif1a/Psmd10/Dapk2/Tnf/Plaur/Ctsc/Tnfsf10/Cpe/Knl1/Ptgs2/Bok/Bub1/Muc1/Eef1e1/Siah1b/Ddias/Cd74/Brca1/Fignl1",38
"GO:0014013","regulation of gliogenesis","18/1138","148/25730",0.121621621621622,2.74984562770152,4.5924983243942,9.87806675379979e-05,0.0016423848963438,0.0012510462957344,"Tenm4/Il33/Ptn/Mdk/Trp73/Myb/Tspo/Ezh2/Id4/Tlr2/Lif/Lyn/Lingo1/Fgfr3/Tnf/E2f1/Ntm/Aspa",18
"GO:0007100","mitotic centrosome separation","5/1138","12/25730",0.416666666666667,9.42076742823667,6.27638187075912,0.000102395371813778,0.00169711445902079,0.00129273519387675,"Chek1/Kif11/Nek2/Aurka/Ranbp1",5
"GO:0045103","intermediate filament-based process","14/1138","98/25730",0.142857142857143,3.22997740396686,4.75781895838558,0.000102892569108933,0.00169999232106394,0.00129492733449905,"Krt19/Krt13/Krt6a/Krt4/Krt15/Krt6b/Krt75/Krt32/Krt16/Gm5478/Krt78/Krt1/Krt36/Atp8a2",14
"GO:0006959","humoral immune response","29/1138","307/25730",0.0944625407166124,2.1357831042517,4.30662296895752,0.000109527220846805,0.00180393736153328,0.00137410491225723,"Lgals3/Krt6a/Ivl/Wfdc18/Reg3g/Wfdc2/Tfe3/Gapdh/Clu/Hc/Pglyrp1/Exo1/Cxcl5/Ccl20/Tnf/C1qbp/Slpi/Susd4/Bcl3/Ltf/Cxcl15/Nod2/Wfdc17/Ifnk/Cxcl9/Mmp7/Krt1/Dmbt1/Cxcl13",29
"GO:1902105","regulation of leukocyte differentiation","33/1138","369/25730",0.0894308943089431,2.02201837484104,4.25377348192915,0.000109880071559495,0.00180409342491746,0.00137422378970132,"Anxa1/Adam8/Mdk/Sox4/Nedd9/Tfe3/Mafb/Cd44/Coro1c/Actl6a/Cd24a/Nme1/Pglyrp1/Fanca/Lif/Il1rl2/Lyn/Fgfr3/Tnf/Bcl6/Lgals9/Ikzf1/Ltf/Tnfrsf11a/Clec2d/Cd1d1/Fancd2/Syk/Cd74/Il4ra/H2-Aa/Itgam/Lilrb4a",33
"GO:0030198","extracellular matrix organization","30/1138","323/25730",0.0928792569659443,2.09998530908062,4.2795402144624,0.000113832272640656,0.00185737503246586,0.00141480974364097,"Lgals3/Mmp15/Fn1/Smoc2/Slc39a8/Ccdc80/Has3/Sh3pxd2b/Pxdn/Col7a1/Adamts9/Anxa2/P4ha3/Adamtsl3/Serpinh1/Adamts1/Qsox1/Tnf/P4ha1/Itga8/Vwa1/Adamts18/Fbln1/Bcl3/Ctss/Spock2/Hmcn1/Mmp3/Sulf2/Mmp7",30
"GO:0071219","cellular response to molecule of bacterial origin","30/1138","323/25730",0.0928792569659443,2.09998530908062,4.2795402144624,0.000113832272640656,0.00185737503246586,0.00141480974364097,"Mif/Slc12a2/Tnip3/Ephb2/Plcg2/Gbp2b/Cdk4/Tspo/Tlr2/Cxcl5/Lyn/Tnf/Efnb2/Tlr1/Ly96/Ltf/Il1a/Cxcl15/Epsti1/Nod2/Cxcl2/Cmpk2/Irgm1/Lcn2/Stat1/Cxcl9/Lilrb4a/Cxcl13/Trim30a/Gbp2",30
"GO:0002220","innate immune response activating cell surface receptor signaling pathway","14/1138","99/25730",0.141414141414141,3.19735136958336,4.71215958554417,0.000115032457809295,0.0018711471620125,0.00142530032455904,"S100a14/Tnip3/Mfhas1/Plcg2/Tlr2/Lyn/Ifi35/Tlr1/Ly96/Ltf/Oas1g/Oas1a/Nod2/Syk",14
"GO:0090329","regulation of DNA-templated DNA replication","8/1138","35/25730",0.228571428571429,5.16796384634697,5.30785822000766,0.000115649940244128,0.00187538514210694,0.00142852850165099,"E2f8/E2f7/Cdc7/Dynll1/Timeless/Cdt1/Fbxo5/Gmnn",8
"GO:0045229","external encapsulating structure organization","30/1138","324/25730",0.0925925925925926,2.09350387294148,4.26098831484113,0.000120267999104336,0.00194427097628978,0.00148100059139979,"Lgals3/Mmp15/Fn1/Smoc2/Slc39a8/Ccdc80/Has3/Sh3pxd2b/Pxdn/Col7a1/Adamts9/Anxa2/P4ha3/Adamtsl3/Serpinh1/Adamts1/Qsox1/Tnf/P4ha1/Itga8/Vwa1/Adamts18/Fbln1/Bcl3/Ctss/Spock2/Hmcn1/Mmp3/Sulf2/Mmp7",30
"GO:0140367","antibacterial innate immune response","6/1138","19/25730",0.315789473684211,7.13995005087411,5.75927496918748,0.00012195782749738,0.0019655411830406,0.00149720264819193,"Il33/Slc15a2/Cxcl5/Mpeg1/Nod2/Irgm1",6
"GO:0032755","positive regulation of interleukin-6 production","15/1138","112/25730",0.133928571428571,3.02810381621893,4.62713576520722,0.000124621524113905,0.00200232870854574,0.00152522464085326,"Il33/Plcg2/Arhgef2/Inava/Tlr2/Il1rl2/Tnf/Tlr1/Nlrp10/Lgals9/Rigi/Il1a/Nod2/Syk/Cd74",15
"GO:0043062","extracellular structure organization","30/1138","325/25730",0.0923076923076923,2.0870623225632,4.24250325030868,0.000127028125331437,0.00202578144710761,0.00154308918756699,"Lgals3/Mmp15/Fn1/Smoc2/Slc39a8/Ccdc80/Has3/Sh3pxd2b/Pxdn/Col7a1/Adamts9/Anxa2/P4ha3/Adamtsl3/Serpinh1/Adamts1/Qsox1/Tnf/P4ha1/Itga8/Vwa1/Adamts18/Fbln1/Bcl3/Ctss/Spock2/Hmcn1/Mmp3/Sulf2/Mmp7",30
"GO:0002752","cell surface pattern recognition receptor signaling pathway","13/1138","88/25730",0.147727272727273,3.34009027001118,4.73024525154881,0.000127358129154168,0.00202578144710761,0.00154308918756699,"S100a14/Tnip3/Mfhas1/Tlr2/Lyn/Ifi35/Tlr1/Ly96/Ltf/Oas1g/Oas1a/Nod2/Syk",13
"GO:0006979","response to oxidative stress","37/1138","436/25730",0.0848623853211009,1.91872510923719,4.16203504759843,0.000128147552278327,0.00202578144710761,0.00154308918756699,"Idh1/Anxa1/Plekha1/Pxdn/Pla2r1/Atrn/Duox1/Abcg2/Cd38/Bak1/Slc8a1/Gpx2/G6pdx/Myb/Atox1/Gclm/Chek2/Ezh2/Lpo/Hif1a/Areg/Cpe/Aaas/Psmb5/Ptgs2/Ect2/Pycr2/Coq7/Cdk1/Lig1/Dhfr/Tmigd1/Stc2/Ddias/Fancd2/Mmp3/Lcn2",37
"GO:0060337","type I interferon-mediated signaling pathway","14/1138","100/25730",0.14,3.16537785588752,4.66707787419689,0.000128394598760341,0.00202578144710761,0.00154308918756699,"Ifitm3/Ifitm2/Ttll12/Isg15/Oasl1/Zbp1/Stat2/Oas1g/Oas1a/Stat1/Oas2/Ifnk/Usp18/Ifitm1",14
"GO:0071357","cellular response to type I interferon","14/1138","100/25730",0.14,3.16537785588752,4.66707787419689,0.000128394598760341,0.00202578144710761,0.00154308918756699,"Ifitm3/Ifitm2/Ttll12/Isg15/Oasl1/Zbp1/Stat2/Oas1g/Oas1a/Stat1/Oas2/Ifnk/Usp18/Ifitm1",14
"GO:0150076","neuroinflammatory response","14/1138","100/25730",0.14,3.16537785588752,4.66707787419689,0.000128394598760341,0.00202578144710761,0.00154308918756699,"Il33/Ifngr2/Cd200r1/Plcg2/Cd200r4/Clu/Nupr1/Tlr2/Lyn/Tnf/Ctsc/Tlr1/Ptgs2/Itgam",14
"GO:0009129","pyrimidine nucleoside monophosphate metabolic process","7/1138","27/25730",0.259259259259259,5.86181084423615,5.43717975779136,0.000132427775704771,0.00208136184309524,0.0015854261870551,"Dck/Dut/Nme1/Tyms/Umps/Shmt2/Dhfr",7
"GO:0072524","pyridine-containing compound metabolic process","23/1138","221/25730",0.104072398190045,2.35306046171341,4.34562536218969,0.00013270959601007,0.00208136184309524,0.0015854261870551,"Gpr87/Idh1/Reg3g/Pkm/Pgd/Gapdh/G6pdx/Eno1/Got2/Pgam1/Tpi1/Nupr1/Ran/Pfkl/Tkt/Pgk1/Gale/Hif1a/Me1/E2f1/Ddit4/Noct/Prps2",23
"GO:0048145","regulation of fibroblast proliferation","16/1138","126/25730",0.126984126984127,2.87109102574832,4.52910029979541,0.000142284643185146,0.00222489141456774,0.00169475630761255,"Fn1/Mif/Ccna2/Anxa2/Myb/Nupr1/Pmaip1/Cdk4/Rnaseh2b/Lif/Cdc6/Fbln1/E2f1/Btc/Ccnb1/Cd74",16
"GO:0097530","granulocyte migration","19/1138","166/25730",0.114457831325301,2.58787346221441,4.41510655637681,0.000144935647727395,0.00225298763903671,0.00171615791549648,"Lgals3/Anxa1/S100a14/Adam8/Mdk/Tlr2/Cxcl5/Dapk2/C1qbp/Fut4/Il1a/Cxcl15/Nod2/Cxcl2/Syk/Cd74/Cxcl9/Itgam/Cxcl13",19
"GO:0051251","positive regulation of lymphocyte activation","31/1138","343/25730",0.0903790087463557,2.04345509230556,4.1850513472115,0.000144939060143587,0.00225298763903671,0.00171615791549648,"Mif/Anxa1/Adam8/Vtcn1/Cd276/Mdk/Sox4/Cd38/Ephb2/Sh3kbp1/Nsd2/Actl6a/Thy1/Cd24a/Il1rl2/Tfrc/Efnb2/Bcl6/Lgals9/Ulbp1/Ikzf1/Exosc6/Il1a/Nod2/Cd1d1/Syk/Irgm1/Cd74/Il4ra/H2-Aa/Blm",31
"GO:0097529","myeloid leukocyte migration","25/1138","252/25730",0.0992063492063492,2.24303986386587,4.26568046177647,0.000148728074237182,0.00230506578773497,0.00175582716425948,"Lgals3/Mif/Anxa1/S100a14/Adam8/Mdk/Cd200r1/Coro1c/Tlr2/Hc/Lgmn/Cxcl5/Dapk2/Lyn/C1qbp/Fut4/Il1a/Cxcl15/Nod2/Cxcl2/Syk/Cd74/Cxcl9/Itgam/Cxcl13",25
"GO:0046434","organophosphate catabolic process","27/1138","282/25730",0.0957446808510638,2.16477208989268,4.23081797803608,0.000149203684720053,0.00230563576329165,0.00175626132911964,"Gpr87/Idh1/Slc29a1/Pkm/Gapdh/Urah/Plcg2/Pla2g4a/Eno1/Pgam1/Tpi1/Nupr1/Ran/Pfkl/Gda/Dut/Pgk1/Gale/Nme1/Hif1a/Ddit4/Enpp3/Smpdl3b/Dctpp1/Gdpd1/Pla2g4f/Pla2g4c",27
"GO:0010721","negative regulation of cell development","29/1138","313/25730",0.0926517571884984,2.09484157509672,4.19224798377846,0.000153202000993365,0.0023604789243963,0.00179803675806999,"Anxa1/Ptn/Mdk/Ephb2/Mafb/Sema3f/Cd44/Arhgef2/Igdcc4/Tspo/Wnt7b/Id4/Cit/Thy1/Cd24a/Nme1/Pglyrp1/Lyn/Lingo1/Fgfr3/Bcl6/Ltf/Il1a/Ntm/Clec2d/Irgm1/Cd74/Il4ra/Lilrb4a",29
"GO:0071479","cellular response to ionizing radiation","12/1138","78/25730",0.153846153846154,3.478437204272,4.71574447827074,0.000154615242150378,0.00237528795981896,0.00180931717653351,"Chek2/H2ax/Tnf/Bard1/Rad51ap1/Ect2/Ddias/Rad51/Lcn2/Brca1/Blm/Fignl1",12
"GO:0002246","wound healing involved in inflammatory response","5/1138","13/25730",0.384615384615385,8.69609301068001,5.97059332180199,0.000160331703292552,0.00243463228063314,0.00185452125317397,"Abcg2/Cd44/Hif1a/Timp1/Il1a",5
"GO:0051307","meiotic chromosome separation","5/1138","13/25730",0.384615384615385,8.69609301068001,5.97059332180199,0.000160331703292552,0.00243463228063314,0.00185452125317397,"Ncaph/Ttk/Top2a/Espl1/Knl1",5
"GO:0071415","cellular response to purine-containing compound","5/1138","13/25730",0.384615384615385,8.69609301068001,5.97059332180199,0.000160331703292552,0.00243463228063314,0.00185452125317397,"Slc8a1/P2ry1/Casq2/P2ry6/Ryr2",5
"GO:0072697","protein localization to cell cortex","5/1138","13/25730",0.384615384615385,8.69609301068001,5.97059332180199,0.000160331703292552,0.00243463228063314,0.00185452125317397,"Gpsm2/Plk1/Sapcd2/Mex3b/Misp",5
"GO:0098543","detection of other organism","6/1138","20/25730",0.3,6.7829525483304,5.56543670176321,0.000167723888609968,0.00253954268229618,0.00193443417107569,"Tlr2/Pglyrp1/Naip6/Tlr1/Nod2/Naip2",6
"GO:0007064","mitotic sister chromatid cohesion","7/1138","28/25730",0.25,5.652460456942,5.29863380656854,0.000169864893715954,0.00256456940110236,0.00195349765852407,"Cdc20/Dscc1/Pttg1/Cdca5/Haspin/Sgo1/Bub1",7
"GO:0009636","response to toxic substance","24/1138","240/25730",0.1,2.2609841827768,4.22197834631452,0.000177165818539129,0.00266713240860912,0.00203162250666798,"Cyp2f2/Gsto1/Slc39a8/Pxdn/Duox1/Abcg2/Bak1/Gpx2/Nupr1/Mgst3/Inhbb/Htr1d/Lancl1/Lpo/Hif1a/Lyn/Hp/Ptgs2/Cdk1/Slc6a14/Dhfr/Rad51/Ccnb1/Lcn2",24
"GO:0040013","negative regulation of locomotion","32/1138","363/25730",0.0881542699724518,1.99315410051949,4.09940718108904,0.0001802698888124,0.00270610855948672,0.00206131163087142,"Mif/Il33/Igfbp5/Tacstd2/Ptn/Nedd9/Gja1/Il1rn/Srgap1/Cd200r1/Sema3f/Dsg3/Coro1c/Padi2/Thy1/Epha4/Hc/Arhgdib/Sap30/Ptpru/Rap2b/Tnf/Ldlrad4/Krt16/Fbln1/Dbn1/Timp1/Miip/Cd74/Ifitm1/Cxcl13/Bst2",32
"GO:0001836","release of cytochrome c from mitochondria","11/1138","68/25730",0.161764705882353,3.65747441331541,4.72023865627854,0.000182680880179107,0.00273448816085763,0.00208292909413995,"Cck/Fam162a/Bak1/Ggct/Trp73/Pmaip1/Sfn/Psmd10/Plaur/Tnfsf10/Bok",11
"GO:0010976","positive regulation of neuron projection development","24/1138","241/25730",0.0995850622406639,2.25160250566984,4.19937062516653,0.000188693016193246,0.00281645769056623,0.00214536736712536,"Ptn/Mdk/Adam10/Camk2b/Ephb2/Ntrk2/Caprin1/Dmd/Adamts1/Gpc2/Kalrn/Ehd1/Lrp8/Ezh2/Tlr2/Cd24a/Nme1/Lif/Cxcl5/Lyn/Pcp4/Dbn1/Ntm/Atp8a2",24
"GO:2001242","regulation of intrinsic apoptotic signaling pathway","21/1138","198/25730",0.106060606060606,2.39801352718752,4.24802643211308,0.000196422597870604,0.00291575476557959,0.00222100447152718,"Mif/Cd44/Clu/Trp73/Eno1/Nupr1/Pmaip1/Hells/Hif1a/Dapk2/Plaur/Cpe/Knl1/Ptgs2/Bok/Bub1/Muc1/Siah1b/Ddias/Cd74/Fignl1",21
"GO:0010562","positive regulation of phosphorus metabolic process","23/1138","227/25730",0.101321585903084,2.29086503100733,4.20226841189776,0.000197520000405991,0.00291575476557959,0.00222100447152718,"Mif/Cib1/Nedd9/Arhgef2/Kif14/P2ry1/Eno1/Ndufc2/Ezh2/Plcd1/Hif1a/Psmd10/Sema4d/Areg/Cenpe/Lyn/Fgfr3/Tnf/Rab38/Tpx2/Tlr1/Ect2/P2ry6",23
"GO:0045937","positive regulation of phosphate metabolic process","23/1138","227/25730",0.101321585903084,2.29086503100733,4.20226841189776,0.000197520000405991,0.00291575476557959,0.00222100447152718,"Mif/Cib1/Nedd9/Arhgef2/Kif14/P2ry1/Eno1/Ndufc2/Ezh2/Plcd1/Hif1a/Psmd10/Sema4d/Areg/Cenpe/Lyn/Fgfr3/Tnf/Rab38/Tpx2/Tlr1/Ect2/P2ry6",23
"GO:0022411","cellular component disassembly","38/1138","462/25730",0.0822510822510823,1.85968395985971,4.01106811168463,0.000197565416167936,0.00291575476557959,0.00222100447152718,"Vill/Chek1/Cck/Cib1/Sh3pxd2b/Nedd9/Aurkb/Plk1/Ckap2/Ccdc88c/Arhgef2/Sptbn2/Diaph3/Capza1/H2ac25/Cd24a/Epha4/Nme1/Kif18b/Top2a/Capg/Tnf/Aurka/Atad2/Tpx2/Kif18a/Hspa2/Ddit4/Mical2/Bok/Cdk1/Sgk1/Kif2c/Ctss/Pif1/Grwd1/Irgm1/Itgam",38
"GO:0043516","regulation of DNA damage response, signal transduction by p53 class mediator","8/1138","38/25730",0.210526315789474,4.75996670058274,4.98956287613893,0.000213614734639659,0.00313801270899617,0.00239030399286828,"Mif/Pla2r1/Sox4/Cd44/Pmaip1/Psmd10/Eef1e1/Cd74",8
"GO:0002687","positive regulation of leukocyte migration","19/1138","171/25730",0.111111111111111,2.51220464752978,4.26797978852065,0.000213819670692925,0.00313801270899617,0.00239030399286828,"Lgals3/Itga2/S100a14/Adam8/Ptn/Mdk/Adam10/Nedd9/Thy1/Tlr2/Lgmn/Ccl20/Dapk2/C1qbp/Lgals9/Fut4/Il1a/Cd74/Cxcl13",19
"GO:0043254","regulation of protein-containing complex assembly","38/1138","464/25730",0.0818965517241379,1.85166808072238,3.98241738025795,0.000215387994162027,0.00314386879682058,0.00239476472372165,"Lgals3/Vill/Cck/Map3k1/Cotl1/Bak1/Plcg2/Gm14137/Arhgef2/Clu/Kif14/Sptbn2/Capza1/Gda/Dut/Ska1/Tlr2/Cd24a/Xaf1/Tfrc/Capg/Tnf/Cdc42ep2/Isg15/Dbn1/Hjurp/Ifi202b/Sgk1/Ikzf1/Dnajc15/Alox15/Syk/Irgm1/Mmp3/Csf3/Cxcl13/Trim30a/Gbp2",38
"GO:0098581","detection of external biotic stimulus","7/1138","29/25730",0.241379310344828,5.45754802739228,5.16660998231789,0.000215415448583063,0.00314386879682058,0.00239476472372165,"Tlr2/Pglyrp1/Naip6/Tlr1/Ly96/Nod2/Naip2",7
"GO:0019220","regulation of phosphate metabolic process","35/1138","415/25730",0.0843373493975904,1.90685413005272,4.00643570090987,0.000216717284689213,0.00315410696331614,0.00240256339521326,"Mif/Idh1/Cib1/Nedd9/Arhgef2/Kif14/P2ry1/Eno1/Nupr1/Lacc1/Ndufc2/Tspo/Pgk1/Ezh2/Plcd1/Thy1/Hif1a/Psmd10/Me1/Sema4d/Areg/Rap2b/Cenpe/Lyn/Fgfr3/Tnf/Rab38/Tpx2/Tlr1/Bard1/Ddit4/Ect2/P2ry6/Stat2/Cdkn1c",35
"GO:0051651","maintenance of location in cell","22/1138","214/25730",0.102803738317757,2.32437626266774,4.1850209605424,0.0002191599569872,0.00318014721805235,0.00242239891872559,"Gsto1/Aspm/Mdfi/Gja1/Gpsm2/Slc8a1/Plcg2/Calml3/Tacc3/Dmd/Tspo/Thy1/Plch1/Gpr39/Lyn/Rangap1/Bard1/Casq2/Dbn1/P2ry6/Ryr2/Cxcl9",22
"GO:0031589","cell-substrate adhesion","33/1138","383/25730",0.0861618798955614,1.94810647602179,4.0214148472783,0.00021971706131576,0.00318014721805235,0.00242239891872559,"Col8a1/Itga2/Plau/Fn1/Smoc2/Ccdc80/Lypd3/Cib1/Adam8/Tacstd2/Ptn/Otoa/Mdk/Nedd9/Anxa2/Kif14/Coro1c/Dmd/Tyro3/Thy1/Col16a1/Bcl6/C1qbp/Itga8/Fbln1/Strc/Dbn1/Popdc1/Hacd1/Alox15/Spock2/Itgam/Msln",33
"GO:0071216","cellular response to biotic stimulus","31/1138","352/25730",0.0880681818181818,1.99120766096821,4.02803230225545,0.000229638886552733,0.00329890267910453,0.00251285797005899,"Mif/Slc12a2/Tnip3/Ephb2/Plcg2/Gbp2b/Cdk4/Tspo/Tlr2/Cxcl5/Lyn/Tnf/Efnb2/Tlr1/Ly96/Ltf/Il1a/Cxcl15/Epsti1/Nod2/Cxcl2/Syk/Cmpk2/Irgm1/Lcn2/Stat1/Cxcl9/Lilrb4a/Cxcl13/Trim30a/Gbp2",31
"GO:0051250","negative regulation of lymphocyte activation","20/1138","186/25730",0.10752688172043,2.43116578793204,4.21393298480972,0.000229805553968835,0.00329890267910453,0.00251285797005899,"Dapl1/Lgals3/Anxa1/Vtcn1/Cd276/Mdk/Gpnmb/Cd44/Tyro3/Cd24a/Pglyrp1/Lyn/Bcl6/Mad1l1/Arg1/Lgals9/Cd74/Il4ra/H2-Aa/Lilrb4a",20
"GO:1903034","regulation of response to wounding","20/1138","186/25730",0.10752688172043,2.43116578793204,4.21393298480972,0.000229805553968835,0.00329890267910453,0.00251285797005899,"Plau/Smoc2/Il33/Anxa1/Slc12a2/Plat/Ptn/Mdk/Reg3g/Duox1/Tspan8/Ephb2/Anxa2/Cd24a/Epha4/Hif1a/Tnf/Plaur/F3/Adamts18",20
"GO:0002695","negative regulation of leukocyte activation","22/1138","215/25730",0.102325581395349,2.31356521028324,4.16062659434333,0.000234165859724228,0.00335233631332723,0.00255355972657827,"Dapl1/Lgals3/Fn1/Anxa1/Vtcn1/Cd276/Mdk/Gpnmb/Cd44/Tyro3/Cd24a/Pglyrp1/Lyn/Bcl6/Mad1l1/Arg1/Lgals9/Enpp3/Cd74/Il4ra/H2-Aa/Lilrb4a",22
"GO:0044818","mitotic G2/M transition checkpoint","10/1138","59/25730",0.169491525423729,3.83217658097763,4.68501083075994,0.000240002093595447,0.00341269472922934,0.00259953626520745,"Chek1/Plk1/Bard1/Cdc6/Clspn/Dtl/Inip/Cdk1/Brca1/Blm",10
"GO:0001660","fever generation","5/1138","14/25730",0.357142857142857,8.07494350991715,5.69601265223018,0.000240330614734461,0.00341269472922934,0.00259953626520745,"Il1rn/Tnf/Ptgs2/Il1a/Tnfrsf11a",5
"GO:1901993","regulation of meiotic cell cycle phase transition","5/1138","14/25730",0.357142857142857,8.07494350991715,5.69601265223018,0.000240330614734461,0.00341269472922934,0.00259953626520745,"Cdc25c/Ttk/Pkmyt1/Knl1/Cdc25b",5
"GO:0051174","regulation of phosphorus metabolic process","35/1138","418/25730",0.0837320574162679,1.89316857409541,3.96044515562901,0.0002483298859972,0.00351677957150752,0.0026788203335547,"Mif/Idh1/Cib1/Nedd9/Arhgef2/Kif14/P2ry1/Eno1/Nupr1/Lacc1/Ndufc2/Tspo/Pgk1/Ezh2/Plcd1/Thy1/Hif1a/Psmd10/Me1/Sema4d/Areg/Rap2b/Cenpe/Lyn/Fgfr3/Tnf/Rab38/Tpx2/Tlr1/Bard1/Ddit4/Ect2/P2ry6/Stat2/Cdkn1c",35
"GO:0030593","neutrophil chemotaxis","13/1138","94/25730",0.138297872340426,3.12689301873387,4.44395958358974,0.000250271649294479,0.00353319105908361,0.0026913213805293,"Lgals3/Mdk/Cxcl5/Dapk2/C1qbp/Cxcl15/Nod2/Cxcl2/Syk/Cd74/Cxcl9/Itgam/Cxcl13",13
"GO:0140895","cell surface toll-like receptor signaling pathway","12/1138","82/25730",0.146341463414634,3.30875734064898,4.50447439316239,0.00025083370099699,0.00353319105908361,0.0026913213805293,"S100a14/Tnip3/Mfhas1/Tlr2/Lyn/Ifi35/Tlr1/Ly96/Ltf/Oas1g/Oas1a/Nod2",12
"GO:0006282","regulation of DNA repair","23/1138","231/25730",0.0995670995670996,2.25119637246175,4.10918365058545,0.000254961893473545,0.00358173740189841,0.00272830036303523,"Eya2/Chek1/Foxm1/Plk1/Taf9/Fh1/Parpbp/H2ax/Nsd2/Actl6a/Mrgbp/C1qbp/Bard1/Rad51ap1/Timeless/Skp2/Wrap53/Rad51/Cgas/Brca1/Blm/Fignl1/Radx",23
"GO:0036297","interstrand cross-link repair","8/1138","39/25730",0.205128205128205,4.63791627236267,4.89080286361525,0.000258412154318369,0.00361089749677848,0.00275051234803594,"Brip1/Neil3/Fanca/Hrob/Rad51ap1/Cenps/Rad51/Fancd2",8
"GO:1902229","regulation of intrinsic apoptotic signaling pathway in response to DNA damage","8/1138","39/25730",0.205128205128205,4.63791627236267,4.89080286361525,0.000258412154318369,0.00361089749677848,0.00275051234803594,"Mif/Cd44/Clu/Trp73/Knl1/Muc1/Ddias/Cd74",8
"GO:0045840","positive regulation of mitotic nuclear division","9/1138","49/25730",0.183673469387755,4.15282809081453,4.75201743450408,0.000260885962515373,0.00363579535028055,0.00276947767550872,"Nusap1/Ube2c/Cdc20/Ska1/Cenpe/Tnf/Mad1l1/Btc/Il1a",9
"GO:0002367","cytokine production involved in immune response","16/1138","133/25730",0.120300751879699,2.71998097176157,4.27799810647377,0.000267533459560651,0.00368929342921695,0.00281022852120347,"Mif/Plcg2/Inava/Lacc1/Panx1/Tlr2/Tnf/Bcl6/Arg1/Rigi/Rsad2/Sectm1b/Nod2/Syk/Cd74/Bst2",16
"GO:0002718","regulation of cytokine production involved in immune response","16/1138","133/25730",0.120300751879699,2.71998097176157,4.27799810647377,0.000267533459560651,0.00368929342921695,0.00281022852120347,"Mif/Plcg2/Inava/Lacc1/Panx1/Tlr2/Tnf/Bcl6/Arg1/Rigi/Rsad2/Sectm1b/Nod2/Syk/Cd74/Bst2",16
"GO:0046031","ADP metabolic process","16/1138","133/25730",0.120300751879699,2.71998097176157,4.27799810647377,0.000267533459560651,0.00368929342921695,0.00281022852120347,"Gpr87/Slc29a1/Pkm/Gapdh/Ak1/Eno1/Pgam1/Tpi1/Nupr1/Ran/Pfkl/Pgk1/Gale/Hif1a/Ddit4/Ak4",16
"GO:0051261","protein depolymerization","16/1138","133/25730",0.120300751879699,2.71998097176157,4.27799810647377,0.000267533459560651,0.00368929342921695,0.00281022852120347,"Vill/Cib1/Aurkb/Ckap2/Ccdc88c/Arhgef2/Sptbn2/Diaph3/Capza1/Kif18b/Capg/Tpx2/Kif18a/Mical2/Sgk1/Kif2c",16
"GO:0006518","peptide metabolic process","10/1138","60/25730",0.166666666666667,3.76830697129467,4.61809217172982,0.000276725507486332,0.00380606234642196,0.00289917437162589,"Anpep/Dmd/Gclm/Ggt5/Lancl1/Cpe/Thop1/Nod2/Mmp7/Ggt6",10
"GO:0050866","negative regulation of cell activation","23/1138","234/25730",0.0982905982905983,2.22233488050711,4.04061775505301,0.000307233702552232,0.00421463674467214,0.00321039586946156,"Dapl1/Lgals3/Fn1/Anxa1/Vtcn1/Cd276/Mdk/Gpnmb/Cd44/Tyro3/Cd24a/Pglyrp1/Lyn/Bcl6/Mad1l1/Arg1/Lgals9/Adamts18/Enpp3/Cd74/Il4ra/H2-Aa/Lilrb4a",23
"GO:0014015","positive regulation of gliogenesis","13/1138","96/25730",0.135416666666667,3.06174941417692,4.35360442447861,0.000309168615433302,0.00423013517053794,0.00322220141413765,"Tenm4/Il33/Ptn/Mdk/Trp73/Myb/Tspo/Tlr2/Lif/Lyn/Tnf/E2f1/Aspa",13
"GO:0043903","regulation of biological process involved in symbiotic interaction","8/1138","40/25730",0.2,4.5219683655536,4.79533612158837,0.000310607606476253,0.00423878536214606,0.00322879048481945,"Trim12a/Cxcl5/Arg1/Tmprss2/Ltf/Cd74/Trim30a/Bst2",8
"GO:0046496","nicotinamide nucleotide metabolic process","21/1138","205/25730",0.102439024390244,2.31613013845428,4.0698513669666,0.000316485682475401,0.00430781289048123,0.00328137050660342,"Gpr87/Idh1/Pkm/Pgd/Gapdh/G6pdx/Eno1/Got2/Pgam1/Tpi1/Nupr1/Ran/Pfkl/Tkt/Pgk1/Gale/Hif1a/Me1/Ddit4/Noct/Prps2",21
"GO:0035821","modulation of process of another organism","15/1138","122/25730",0.122950819672131,2.77989858538131,4.23909356208926,0.000324304582179957,0.0044028327513527,0.00335374954834271,"Ly6e/Trim59/Ifitm3/Ifitm2/Tmeff1/Fasn/Cxcl5/Stom/Slpi/Arg1/Ltf/Nod2/Cd74/Ifitm1/Trim30a",15
"GO:0031099","regeneration","23/1138","235/25730",0.0978723404255319,2.21287813633474,4.01799368494647,0.000326637731838989,0.00442307897701559,0.0033691716127288,"Plau/Anxa1/Ccna2/Ptn/Mdk/Gja1/Abcg2/Bak1/Nrep/Dmd/Tspo/Ezh2/Thy1/Epha4/Klf5/Lif/Ptpru/Cxcl5/Aurka/Sox15/Dhfr/Ccnb1/Sulf2",23
"GO:0071675","regulation of mononuclear cell migration","17/1138","149/25730",0.114093959731544,2.57964638303393,4.15987147014701,0.000329725294099942,0.00445341052750924,0.00339227592522792,"Lgals3/Mif/S100a14/Adam8/Mdk/Adam10/Nedd9/Ecm1/Cd200r1/Padi2/Hc/Lgmn/Ccl20/Lyn/C1qbp/Lgals9/Cxcl13",17
"GO:0071222","cellular response to lipopolysaccharide","28/1138","312/25730",0.0897435897435897,2.02908836915867,3.93409586568129,0.000333105323396176,0.00448752658749617,0.00341826299474294,"Mif/Slc12a2/Tnip3/Ephb2/Plcg2/Gbp2b/Cdk4/Tspo/Cxcl5/Lyn/Tnf/Efnb2/Ly96/Ltf/Il1a/Cxcl15/Epsti1/Nod2/Cxcl2/Cmpk2/Irgm1/Lcn2/Stat1/Cxcl9/Lilrb4a/Cxcl13/Trim30a/Gbp2",28
"GO:0002699","positive regulation of immune effector process","29/1138","328/25730",0.0884146341463415,1.99904089330876,3.91716522917668,0.000337334226475989,0.00452131129057359,0.00344399766128279,"Mif/Il33/Anxa1/Ephb2/Plcg2/Inava/Il13ra1/Lacc1/Nsd2/Panx1/Tlr2/Cd24a/Tfrc/Tnf/Arg1/Rigi/Rsad2/Sectm1b/Enpp3/Ulbp1/Exosc6/Nod2/Cd1d1/Syk/Cd74/Il4ra/Dhx58/Itgam/Lilrb4a",29
"GO:0030336","negative regulation of cell migration","29/1138","328/25730",0.0884146341463415,1.99904089330876,3.91716522917668,0.000337334226475989,0.00452131129057359,0.00344399766128279,"Mif/Il33/Igfbp5/Tacstd2/Ptn/Nedd9/Gja1/Il1rn/Srgap1/Cd200r1/Dsg3/Coro1c/Padi2/Thy1/Epha4/Hc/Arhgdib/Sap30/Ptpru/Rap2b/Tnf/Ldlrad4/Krt16/Timp1/Miip/Cd74/Ifitm1/Cxcl13/Bst2",29
"GO:2000146","negative regulation of cell motility","30/1138","344/25730",0.0872093023255814,1.9717885314914,3.90336813377764,0.000339352256568687,0.00453678563870707,0.00345578486533855,"Mif/Il33/Igfbp5/Tacstd2/Ptn/Nedd9/Gja1/Il1rn/Srgap1/Cd200r1/Dsg3/Coro1c/Padi2/Thy1/Epha4/Hc/Arhgdib/Sap30/Ptpru/Rap2b/Tnf/Ldlrad4/Krt16/Fbln1/Timp1/Miip/Cd74/Ifitm1/Cxcl13/Bst2",30
"GO:0031392","regulation of prostaglandin biosynthetic process","5/1138","15/25730",0.333333333333333,7.53661394258934,5.44741999514997,0.000347394642420222,0.00458595842029107,0.0034932410221679,"Anxa1/Pla2g4a/Ptgs2/Cd74/Fabp5",5
"GO:0051782","negative regulation of cell division","5/1138","15/25730",0.333333333333333,7.53661394258934,5.44741999514997,0.000347394642420222,0.00458595842029107,0.0034932410221679,"Aspm/Aurkb/E2f8/E2f7/Blm",5
"GO:0070106","interleukin-27-mediated signaling pathway","5/1138","15/25730",0.333333333333333,7.53661394258934,5.44741999514997,0.000347394642420222,0.00458595842029107,0.0034932410221679,"Oasl1/Oas1g/Oas1a/Stat1/Oas2",5
"GO:0072160","nephron tubule epithelial cell differentiation","5/1138","15/25730",0.333333333333333,7.53661394258934,5.44741999514997,0.000347394642420222,0.00458595842029107,0.0034932410221679,"Prom1/Cd24a/Lif/Mtss1/Stat1",5
"GO:0110025","DNA strand resection involved in replication fork processing","5/1138","15/25730",0.333333333333333,7.53661394258934,5.44741999514997,0.000347394642420222,0.00458595842029107,0.0034932410221679,"Dynll1/Exo1/Bard1/Cdk1/Brca1",5
"GO:1903039","positive regulation of leukocyte cell-cell adhesion","26/1138","282/25730",0.0921985815602837,2.08459534582258,3.93959086744878,0.00035396815923956,0.00466102433244273,0.00355042063429312,"Anxa1/Adam8/Vtcn1/Cd276/Mdk/Sox4/Cd44/Actl6a/Thy1/Cd24a/Il1rl2/Tfrc/Tnf/Efnb2/Bcl6/Lgals9/Ikzf1/Fut4/Il1a/Cd1d1/Syk/Irgm1/Cd74/Il4ra/H2-Aa/Blm",26
"GO:0046394","carboxylic acid biosynthetic process","31/1138","361/25730",0.0858725761772853,1.94156536471138,3.8755920900535,0.000355958044647708,0.00467550891644764,0.00356145390986996,"Gsto1/Mif/Anxa1/Fads2b/Reg3g/Abcd3/Hacd3/Pla2g4a/Psph/Got2/Mgst3/Sardh/Ldha/Ggt5/Acsm1/Nme1/Psat1/Fasn/Osbpl3/Shmt2/Dhrs9/E2f1/Ptgs2/Pycr2/Hacd1/Alox15/Syk/Cd74/Brca1/Fabp5/Pla2g4f",31
"GO:0009124","nucleoside monophosphate biosynthetic process","9/1138","51/25730",0.176470588235294,3.98997208725318,4.59778678667487,0.000356927218090603,0.00467654764051877,0.00356224513238082,"Dck/Dut/Nme1/Gmpr/Tyms/Umps/Shmt2/Dhfr/Prps2",9
"GO:1902808","positive regulation of cell cycle G1/S phase transition","10/1138","62/25730",0.161290322580645,3.64674868189807,4.48846863111183,0.000364356312553766,0.00476201011481962,0.00362734406999063,"Anxa1/Plcg2/Rrm2/Fam83d/Adamts1/Tfdp1/Rrm1/Ezh2/Ccne2/Ccne1",10
"GO:0005996","monosaccharide metabolic process","28/1138","314/25730",0.089171974522293,2.0161642394188,3.89727265079374,0.000369278587641902,0.0048141163138323,0.00366703468539066,"Gsto1/Gpr87/Ppp1r3b/Man2b1/Cbr2/Pkm/Pgd/Gapdh/G6pdx/Igfbp4/Eno1/Pgam1/Tpi1/Pmaip1/Pfkl/C1qtnf12/Pgk1/Ldha/Uxs1/Gale/Hif1a/Pgm2/Gnpda1/Slc25a10/Tnf/Oas1g/Oas1a/Fabp5",28
"GO:0019884","antigen processing and presentation of exogenous antigen","8/1138","41/25730",0.195121951219512,4.41167645419864,4.7029658656095,0.000371091950342992,0.0048141163138323,0.00366703468539066,"Psme2/Lgmn/Mpeg1/Ctss/Cd1d1/Cd74/H2-Aa/Ctse",8
"GO:0071312","cellular response to alkaloid","8/1138","41/25730",0.195121951219512,4.41167645419864,4.7029658656095,0.000371091950342992,0.0048141163138323,0.00366703468539066,"Ccna2/Slc8a1/Ppp1r1b/Cpe/Casq2/Rad51/Ryr2/Blm",8
"GO:0019730","antimicrobial humoral response","20/1138","193/25730",0.103626943005181,2.34298879044228,4.02857787678152,0.000374319333989779,0.00484402409059679,0.0036898161986755,"Lgals3/Krt6a/Ivl/Wfdc18/Reg3g/Wfdc2/Gapdh/Pglyrp1/Cxcl5/Ccl20/Slpi/Bcl3/Ltf/Cxcl15/Nod2/Wfdc17/Cxcl9/Mmp7/Dmbt1/Cxcl13",20
"GO:0010811","positive regulation of cell-substrate adhesion","17/1138","151/25730",0.112582781456954,2.5454788812719,4.09727795467531,0.00038588226577611,0.00498138924910979,0.00379445072929205,"Col8a1/Fn1/Smoc2/Ccdc80/Cib1/Ptn/Mdk/Nedd9/Dmd/Thy1/Col16a1/C1qbp/Fbln1/Dbn1/Hacd1/Alox15/Spock2",17
"GO:0006935","chemotaxis","38/1138","479/25730",0.0793319415448852,1.79368265021959,3.77190731045272,0.000402033924158812,0.0051771721508098,0.00394358353883335,"Lgals3/Itga2/Fn1/Smoc2/Mif/Anxa1/Slc12a2/S100a14/Adam8/Ptn/Mdk/Adam10/Nedd9/Sema3f/Coro1c/Padi2/Wnt7b/Hc/Lgmn/Sema4d/Cxcl5/Ccl20/Dapk2/Lyn/Efnb2/C1qbp/F3/Lgals9/S100a4/Clxn/Cxcl15/Nod2/Cxcl2/Syk/Cd74/Cxcl9/Itgam/Cxcl13",38
"GO:0051446","positive regulation of meiotic cell cycle","7/1138","32/25730",0.21875,4.94590289982425,4.80460158475134,0.000413711680053028,0.00531006881886683,0.0040448143067601,"Camk2b/Gja1/Msx2/Cdc25c/Rad51ap1/Cdc25b/Fbxo5",7
"GO:0032506","cytokinetic process","9/1138","52/25730",0.173076923076923,3.913241854806,4.52359041178562,0.000414895724460189,0.00531006881886683,0.0040448143067601,"Iqgap3/Racgap1/Aurkb/Kif20b/Kif20a/Anln/Mitd1/Ect2/Cep55",9
"GO:0071674","mononuclear cell migration","22/1138","224/25730",0.0982142857142857,2.22060946522722,3.94698271322793,0.000415386045784977,0.00531006881886683,0.0040448143067601,"Lgals3/Mif/Anxa1/Slc12a2/S100a14/Adam8/Mdk/Adam10/Nedd9/Ecm1/Cd200r1/Coro1c/Padi2/Ggt5/Hc/Lgmn/Ccl20/Lyn/C1qbp/Lgals9/Fut4/Cxcl13",22
"GO:1903035","negative regulation of response to wounding","13/1138","99/25730",0.131313131313131,2.96896912889883,4.22240015084179,0.000419463599779303,0.00534917901271956,0.00407460553490268,"Plau/Il33/Slc12a2/Plat/Mdk/Reg3g/Tspan8/Anxa2/Cd24a/Epha4/Tnf/Plaur/Adamts18",13
"GO:0070661","leukocyte proliferation","32/1138","381/25730",0.083989501312336,1.89898933986503,3.80296451877325,0.000425126663078578,0.00540826994628293,0.0041196166000376,"Lgals3/Mif/Il33/Anxa1/Vtcn1/Cd276/Gpnmb/Gja1/Cd38/Ephb2/Cd44/Clu/Hells/Cd24a/Lmo1/Lyn/Tfrc/Bcl6/Mad1l1/Arg1/Lgals9/Enpp3/Il1a/Cd1d1/Syk/Irgm1/Cd74/H2-Aa/Blm/Itgam/Lilrb4a/Psmb10",32
"GO:0060326","cell chemotaxis","29/1138","333/25730",0.0870870870870871,1.9690252642801,3.82870289583094,0.000432381826894023,0.00548728047947149,0.00417980093020868,"Lgals3/Smoc2/Mif/Anxa1/Slc12a2/S100a14/Adam8/Ptn/Mdk/Adam10/Nedd9/Coro1c/Padi2/Hc/Lgmn/Cxcl5/Ccl20/Dapk2/Lyn/C1qbp/Clxn/Cxcl15/Nod2/Cxcl2/Syk/Cd74/Cxcl9/Itgam/Cxcl13",29
"GO:0042330","taxis","38/1138","481/25730",0.079002079002079,1.78622451030184,3.74440386751894,0.000435580873083209,0.00551455881247995,0.00420057952939089,"Lgals3/Itga2/Fn1/Smoc2/Mif/Anxa1/Slc12a2/S100a14/Adam8/Ptn/Mdk/Adam10/Nedd9/Sema3f/Coro1c/Padi2/Wnt7b/Hc/Lgmn/Sema4d/Cxcl5/Ccl20/Dapk2/Lyn/Efnb2/C1qbp/F3/Lgals9/S100a4/Clxn/Cxcl15/Nod2/Cxcl2/Syk/Cd74/Cxcl9/Itgam/Cxcl13",38
"GO:0070228","regulation of lymphocyte apoptotic process","12/1138","87/25730",0.137931034482759,3.11859887279559,4.25803872112791,0.000438702451935832,0.00552761706353158,0.00421052633092522,"Lgals3/Mif/Adam8/Aurkb/Bcl11b/Cd44/Cd24a/Hif1a/Lyn/Bcl3/Cd74/Blm",12
"GO:0070663","regulation of leukocyte proliferation","26/1138","286/25730",0.0909090909090909,2.05544016616073,3.86108711440814,0.000439190829411468,0.00552761706353158,0.00421052633092522,"Lgals3/Mif/Il33/Anxa1/Vtcn1/Cd276/Gpnmb/Cd38/Ephb2/Cd44/Cd24a/Lmo1/Lyn/Tfrc/Bcl6/Mad1l1/Arg1/Lgals9/Enpp3/Il1a/Cd1d1/Syk/Irgm1/Cd74/H2-Aa/Blm",26
"GO:0045143","homologous chromosome segregation","11/1138","75/25730",0.146666666666667,3.31611013473931,4.32105195910788,0.000440476998360058,0.00552761706353158,0.00421052633092522,"Brip1/Plk1/Pttg1/Espl1/Trip13/Haspin/Knl1/Ccne2/Ccnb1ip1/Ccne1/Fancd2",11
"GO:0061081","positive regulation of myeloid leukocyte cytokine production involved in immune response","8/1138","42/25730",0.19047619047619,4.30663653862248,4.61351161980289,0.000440820622310569,0.00552761706353158,0.00421052633092522,"Mif/Plcg2/Panx1/Tlr2/Rigi/Nod2/Syk/Cd74",8
"GO:0071887","leukocyte apoptotic process","17/1138","153/25730",0.111111111111111,2.51220464752978,4.03568389380386,0.000450114896768915,0.00563072301815209,0.00428906475567773,"Lgals3/Mif/Anxa1/Adam8/Aurkb/Bcl11b/Bak1/Cd44/Chek2/Cd24a/Hif1a/Lyn/Bcl3/Nod2/Cd74/Blm/Itgam",17
"GO:1901796","regulation of signal transduction by p53 class mediator","13/1138","100/25730",0.13,2.93927943760984,4.17976388303105,0.000462956668897079,0.00577761125507186,0.00440095325702387,"Mif/Pla2r1/Sox4/Cd44/Trp73/Pmaip1/Bop1/Psmd10/Knl1/Rpf2/Muc1/Eef1e1/Cd74",13
"GO:0050863","regulation of T cell activation","33/1138","400/25730",0.0825,1.86531195079086,3.75206852995192,0.000478275524977455,0.00593175304339666,0.00451836697273137,"Dapl1/Lgals3/Anxa1/Adam8/Vtcn1/Cd276/Mdk/Sox4/Gpnmb/Cd44/Actl6a/Thy1/Cd24a/Fanca/Il1rl2/Lmo1/Tfrc/Efnb2/Bcl6/Mad1l1/Arg1/Lgals9/Ikzf1/Il1a/Cd1d1/Fancd2/Syk/Irgm1/Cd74/Il4ra/H2-Aa/Cgas/Blm",33
"GO:0009135","purine nucleoside diphosphate metabolic process","16/1138","140/25730",0.114285714285714,2.58398192317349,4.04263708185388,0.000478694954396685,0.00593175304339666,0.00451836697273137,"Gpr87/Slc29a1/Pkm/Gapdh/Ak1/Eno1/Pgam1/Tpi1/Nupr1/Ran/Pfkl/Pgk1/Gale/Hif1a/Ddit4/Ak4",16
"GO:0009179","purine ribonucleoside diphosphate metabolic process","16/1138","140/25730",0.114285714285714,2.58398192317349,4.04263708185388,0.000478694954396685,0.00593175304339666,0.00451836697273137,"Gpr87/Slc29a1/Pkm/Gapdh/Ak1/Eno1/Pgam1/Tpi1/Nupr1/Ran/Pfkl/Pgk1/Gale/Hif1a/Ddit4/Ak4",16
"GO:0032309","icosanoid secretion","9/1138","53/25730",0.169811320754717,3.83940710282853,4.4512205987239,0.000480391816683706,0.00593877318789692,0.00452371439512434,"Mif/Anxa1/Pla2r1/Pla2g4a/Ptgs2/Il1a/Tnfrsf11a/Syk/Pla2g4f",9
"GO:0007156","homophilic cell adhesion via plasma membrane adhesion molecules","18/1138","168/25730",0.107142857142857,2.42248305297514,3.97914702459221,0.000482900802260902,0.00595577656121779,0.00453666629650593,"Dsc3/Celsr2/Dsg3/Dsc2/Pcdhb7/Igsf9/Pcdhb17/Cdhr1/Cdh24/Pcdhb5/Celsr1/Dsg1c/Pcdhb19/Pcdhb11/Nectin4/Hmcn1/Pcdhb16/Pcdhb13",18
"GO:0010881","regulation of cardiac muscle contraction by regulation of the release of sequestered calcium ion","5/1138","16/25730",0.3125,7.0655755711775,5.22074942072122,0.000486958458829358,0.00596099390240282,0.00454064047781851,"Gsto1/Slc8a1/Dmd/Casq2/Ryr2",5
"GO:0046073","dTMP metabolic process","5/1138","16/25730",0.3125,7.0655755711775,5.22074942072122,0.000486958458829358,0.00596099390240282,0.00454064047781851,"Dut/Nme1/Tyms/Shmt2/Dhfr",5
"GO:0050670","regulation of lymphocyte proliferation","24/1138","257/25730",0.0933852140077821,2.11142491776822,3.85205343183903,0.000487764754547144,0.00596099390240282,0.00454064047781851,"Lgals3/Mif/Anxa1/Vtcn1/Cd276/Gpnmb/Cd38/Ephb2/Cd44/Cd24a/Lmo1/Lyn/Tfrc/Bcl6/Mad1l1/Arg1/Lgals9/Il1a/Cd1d1/Syk/Irgm1/Cd74/H2-Aa/Blm",24
"GO:2000242","negative regulation of reproductive process","12/1138","88/25730",0.136363636363636,3.08316024924109,4.21088835908062,0.000487862081848727,0.00596099390240282,0.00454064047781851,"Plat/Gja1/Arhgdib/Lif/Ttk/Insl6/Trip13/Pkmyt1/Knl1/Timp1/Il1a/Fbxo5",12
"GO:0046651","lymphocyte proliferation","29/1138","336/25730",0.0863095238095238,1.95144468156331,3.77635908241187,0.000500124475072582,0.00609664499311217,0.00464396935944794,"Lgals3/Mif/Anxa1/Vtcn1/Cd276/Gpnmb/Gja1/Cd38/Ephb2/Cd44/Hells/Cd24a/Lmo1/Lyn/Tfrc/Bcl6/Mad1l1/Arg1/Lgals9/Il1a/Cd1d1/Syk/Irgm1/Cd74/H2-Aa/Blm/Itgam/Lilrb4a/Psmb10",29
"GO:0070227","lymphocyte apoptotic process","14/1138","114/25730",0.12280701754386,2.7766472420066,4.08962638294752,0.000512788634757766,0.00623655436809561,0.00475054188437872,"Lgals3/Mif/Adam8/Aurkb/Bcl11b/Bak1/Cd44/Chek2/Cd24a/Hif1a/Lyn/Bcl3/Cd74/Blm",14
"GO:0042098","T cell proliferation","23/1138","243/25730",0.0946502057613169,2.14002618122907,3.84099960041872,0.000524682486997902,0.00636647063899995,0.00484950240808563,"Lgals3/Anxa1/Vtcn1/Cd276/Gpnmb/Gja1/Cd44/Cd24a/Lmo1/Tfrc/Bcl6/Mad1l1/Arg1/Lgals9/Il1a/Cd1d1/Syk/Irgm1/H2-Aa/Blm/Itgam/Lilrb4a/Psmb10",23
"GO:0002753","cytoplasmic pattern recognition receptor signaling pathway","22/1138","228/25730",0.0964912280701754,2.18165140443376,3.85527478364946,0.000529178595128754,0.00640623119540662,0.00487978903390619,"Slc15a2/Aurkb/Plcg2/Inava/Lacc1/Tnf/Ddx39a/C1qbp/Slc15a3/Rigi/Rsad2/Oasl1/Enpp3/Ifi202b/Oas1g/Oas1a/Nod2/Irgm1/Cgas/Dhx58/Trim30a/Gbp2",22
"GO:0046456","icosanoid biosynthetic process","10/1138","65/25730",0.153846153846154,3.478437204272,4.30377564139024,0.00053824556134333,0.006501016504133,0.00495198941131843,"Mif/Anxa1/Pla2g4a/Mgst3/Ggt5/Ptgs2/Syk/Cd74/Fabp5/Pla2g4f",10
"GO:0071478","cellular response to radiation","19/1138","184/25730",0.103260869565217,2.33471192786735,3.90859487869339,0.000541639331098592,0.0065270023981468,0.00497178352688761,"Aurkb/Bak1/Pbk/Chek2/H2ax/H2ac25/Tnf/Bard1/Rad51ap1/Timp1/Ect2/Ddias/Rad51/Pold1/Mmp3/Lcn2/Brca1/Blm/Fignl1",19
"GO:0000041","transition metal ion transport","14/1138","115/25730",0.121739130434783,2.75250248338045,4.05178172759529,0.000560548859711123,0.00672402673269918,0.00512186196736768,"Slc39a8/Abcc5/Slc40a1/Slc39a6/Atox1/Slc39a4/Myo1b/Steap4/Hif1a/Tfrc/Nos1/Ltf/Ryr2/Lcn2",14
"GO:2000243","positive regulation of reproductive process","14/1138","115/25730",0.121739130434783,2.75250248338045,4.05178172759529,0.000560548859711123,0.00672402673269918,0.00512186196736768,"Cib1/Bnc1/Camk2b/Gja1/Msx2/Cdc25c/P2ry1/Inhbb/Aurka/C1qbp/Knl1/Rad51ap1/Cdc25b/Fbxo5",14
"GO:0002698","negative regulation of immune effector process","17/1138","156/25730",0.108974358974359,2.46389301969267,3.9450995638853,0.000563669608808238,0.00674605950951819,0.00513864489315172,"Lgals3/Il33/Anxa1/Clu/Pglyrp1/Tnf/Bcl6/Arg1/Lgals9/Susd4/Enpp3/Clec2d/Nod2/Nectin4/Il4ra/Lilrb4a/Bst2",17
"GO:2001234","negative regulation of apoptotic signaling pathway","24/1138","260/25730",0.0923076923076923,2.0870623225632,3.78976520742004,0.000576086335407225,0.00687899455961264,0.00523990489765136,"Lgals3/Eya2/Mif/Ckmt1/Bak1/Cd44/Clu/Eno1/Gclm/Hells/Slc35f6/Tnfrsf23/Hif1a/Psmd10/Tnf/Plaur/Cpe/Ptgs2/Bok/Muc1/Ddias/Cd74/Brca1/Fignl1",24
"GO:0007159","leukocyte cell-cell adhesion","35/1138","438/25730",0.0799086757990868,1.80672252048375,3.66315511419173,0.000586624790200331,0.0069889493145409,0.00532366022757288,"Dapl1/Lgals3/Slc39a8/Anxa1/Adam8/Vtcn1/Cd276/Mdk/Sox4/Gpnmb/Cd44/Actl6a/Thy1/Cd24a/Sema4d/Il1rl2/Tfrc/Tnf/Efnb2/Bcl6/Mad1l1/Arg1/Lgals9/Ikzf1/Fut4/Lrg1/Il1a/Cd1d1/Syk/Irgm1/Cd74/Il4ra/H2-Aa/Blm/Itgam",35
"GO:0071621","granulocyte chemotaxis","15/1138","129/25730",0.116279069767442,2.62905137532186,3.99012802677129,0.000591470534718089,0.00702544163665515,0.00535145735631256,"Lgals3/Anxa1/S100a14/Mdk/Cxcl5/Dapk2/C1qbp/Cxcl15/Nod2/Cxcl2/Syk/Cd74/Cxcl9/Itgam/Cxcl13",15
"GO:0006575","modified amino acid metabolic process","20/1138","200/25730",0.1,2.2609841827768,3.85110082425899,0.000592362132668107,0.00702544163665515,0.00535145735631256,"Gsto1/Idh1/Serinc2/Ckmt1/Duoxa1/Duox1/G6pdx/Bbox1/Gclm/Sardh/Ggt5/Lpcat4/Tyms/Shmt2/Aaas/Pcyox1l/Chac2/Dhfr/Slc5a5/Ggt6",20
"GO:0032722","positive regulation of chemokine production","12/1138","90/25730",0.133333333333333,3.01464557703573,4.1185710119198,0.00060017646923463,0.00709353361967891,0.00540332474946792,"Mif/Il33/Tlr2/Hc/Tnf/Lgals9/Oas1g/Oas1a/Nod2/Syk/Cd74/Il4ra",12
"GO:0002274","myeloid leukocyte activation","26/1138","292/25730",0.089041095890411,2.01320509425332,3.74569980485349,0.000600803665922557,0.00709353361967891,0.00540332474946792,"Fn1/Il33/Anxa1/Adam10/Ifngr2/Mfhas1/Plcg2/Pla2g4a/Clu/Tlr2/Cxcl5/Lyn/Tnf/Ctsc/Ifi35/Tlr1/Lgals9/Enpp3/Ulbp1/Epsti1/Cd1d1/Syk/Irgm1/Il4ra/Itgam/Lilrb4a",26
"GO:0007098","centrosome cycle","16/1138","143/25730",0.111888111888112,2.52977251219782,3.94612507713195,0.000605798941747252,0.00713016506743471,0.00543122785374287,"Chek1/Pclaf/Kif11/Plk1/Ndc80/Kif15/Nek2/Aurka/Ranbp1/Kifc1/Sgo1/Gen1/Xrcc2/Ccnf/Wdr62/Brca1",16
"GO:0031023","microtubule organizing center organization","17/1138","157/25730",0.10828025477707,2.44819943357998,3.9153718997247,0.000606620438740639,0.00713016506743471,0.00543122785374287,"Chek1/Pclaf/Kif11/Dzip1/Plk1/Ndc80/Kif15/Nek2/Aurka/Ranbp1/Kifc1/Sgo1/Gen1/Xrcc2/Ccnf/Wdr62/Brca1",17
"GO:0006275","regulation of DNA replication","14/1138","116/25730",0.120689655172414,2.72877401369614,4.01434022507216,0.000612033323078274,0.00716315014923527,0.00545635342844399,"Ccna2/E2f8/E2f7/Dscc1/Cdc7/Actl6a/Dynll1/Cacybp/Timeless/Dna2/Cdk1/Cdt1/Fbxo5/Gmnn",14
"GO:0048714","positive regulation of oligodendrocyte differentiation","7/1138","34/25730",0.205882352941176,4.65496743512871,4.58749778966924,0.000612153486297418,0.00716315014923527,0.00545635342844399,"Tenm4/Il33/Ptn/Mdk/Trp73/Tlr2/Aspa",7
"GO:0070664","negative regulation of leukocyte proliferation","13/1138","103/25730",0.12621359223301,2.85366935690276,4.05497011657013,0.000617040652477496,0.00720429241803725,0.00548769253969459,"Il33/Vtcn1/Cd276/Gpnmb/Cd44/Cd24a/Lyn/Bcl6/Mad1l1/Arg1/Lgals9/Enpp3/H2-Aa",13
"GO:0010644","cell communication by electrical coupling","6/1138","25/25730",0.24,5.42636203866432,4.76314488771592,0.000633970458435452,0.00736920528455723,0.00561331085927245,"Gjb6/Gja1/Slc8a1/Gjb2/Casq2/Dbn1",6
"GO:0070242","thymocyte apoptotic process","6/1138","25/25730",0.24,5.42636203866432,4.76314488771592,0.000633970458435452,0.00736920528455723,0.00561331085927245,"Adam8/Bcl11b/Bak1/Chek2/Hif1a/Blm",6
"GO:1904375","regulation of protein localization to cell periphery","18/1138","172/25730",0.104651162790698,2.36614623778968,3.86708430826293,0.000639683960953081,0.00741920426235649,0.00565139635074617,"Lgals3/Cib1/Grip1/Adam10/Camk2b/Ephb2/Gpsm2/Plk1/Neto2/Sfn/Kalrn/Lyn/Sapcd2/Tnf/Rab38/Lypd1/Kif2c/Misp",18
"GO:0032944","regulation of mononuclear cell proliferation","24/1138","262/25730",0.0916030534351145,2.07113054910852,3.74870521397287,0.000642445462858456,0.00743482040056901,0.00566329155990691,"Lgals3/Mif/Anxa1/Vtcn1/Cd276/Gpnmb/Cd38/Ephb2/Cd44/Cd24a/Lmo1/Lyn/Tfrc/Bcl6/Mad1l1/Arg1/Lgals9/Il1a/Cd1d1/Syk/Irgm1/Cd74/H2-Aa/Blm",24
"GO:0001776","leukocyte homeostasis","16/1138","144/25730",0.111111111111111,2.51220464752978,3.91449980867007,0.000654123607168686,0.00755333061992149,0.00575356380440797,"Mif/Anxa1/Slc40a1/Bak1/Ccnb2/Cd44/Pmaip1/Cd24a/Hif1a/Cxcl5/Lmo1/Lyn/Chst3/Cd74/Itgam/Lilrb4a",16
"GO:0002371","dendritic cell cytokine production","5/1138","17/25730",0.294117647058824,6.6499534787553,5.01277968040513,0.000664844340510052,0.00757720643175665,0.00577175061678095,"Plcg2/Tlr2/Rigi/Nod2/Bst2",5
"GO:0002730","regulation of dendritic cell cytokine production","5/1138","17/25730",0.294117647058824,6.6499534787553,5.01277968040513,0.000664844340510052,0.00757720643175665,0.00577175061678095,"Plcg2/Tlr2/Rigi/Nod2/Bst2",5
"GO:0010755","regulation of plasminogen activation","5/1138","17/25730",0.294117647058824,6.6499534787553,5.01277968040513,0.000664844340510052,0.00757720643175665,0.00577175061678095,"Plau/Plat/Anxa2/Eno1/Plaur",5
"GO:0034134","toll-like receptor 2 signaling pathway","5/1138","17/25730",0.294117647058824,6.6499534787553,5.01277968040513,0.000664844340510052,0.00757720643175665,0.00577175061678095,"Mfhas1/Tlr2/Lyn/Tlr1/Nod2",5
"GO:0045842","positive regulation of mitotic metaphase/anaphase transition","5/1138","17/25730",0.294117647058824,6.6499534787553,5.01277968040513,0.000664844340510052,0.00757720643175665,0.00577175061678095,"Ube2c/Cdc20/Ska1/Cenpe/Mad1l1",5
"GO:2001279","regulation of unsaturated fatty acid biosynthetic process","5/1138","17/25730",0.294117647058824,6.6499534787553,5.01277968040513,0.000664844340510052,0.00757720643175665,0.00577175061678095,"Anxa1/Pla2g4a/Ptgs2/Cd74/Fabp5",5
"GO:0007596","blood coagulation","20/1138","202/25730",0.099009900990099,2.23859820076911,3.80174858847284,0.000672004560170232,0.00764223367778008,0.0058212835219121,"Plau/Fn1/Anxa8/Plat/Tspan8/Ephb2/Anxa2/Pla2g4a/P2ry1/Tyro3/Nbeal2/Rap2b/Lyn/Prrg4/Plaur/F3/Adamts18/Fbln1/Syk/Lilrb4a",20
"GO:0032635","interleukin-6 production","18/1138","173/25730",0.104046242774566,2.3524690919065,3.83955703682214,0.000685108087226864,0.00775766786700418,0.00590921267612644,"Il33/Cd200r1/Plcg2/Arhgef2/Inava/Tlr2/Cd24a/Il1rl2/Tnf/Tlr1/Nlrp10/Lgals9/Rigi/Il1a/Nod2/Syk/Cd74/Trim30a",18
"GO:0032675","regulation of interleukin-6 production","18/1138","173/25730",0.104046242774566,2.3524690919065,3.83955703682214,0.000685108087226864,0.00775766786700418,0.00590921267612644,"Il33/Cd200r1/Plcg2/Arhgef2/Inava/Tlr2/Cd24a/Il1rl2/Tnf/Tlr1/Nlrp10/Lgals9/Rigi/Il1a/Nod2/Syk/Cd74/Trim30a",18
"GO:0045860","positive regulation of protein kinase activity","10/1138","67/25730",0.149253731343284,3.37460325787582,4.18658977202056,0.000688564487667544,0.0077704821620015,0.00591897365013718,"Cib1/Nedd9/Kif14/Ezh2/Psmd10/Cenpe/Tnf/Tpx2/Tlr1/Ect2",10
"GO:0050878","regulation of body fluid levels","32/1138","392/25730",0.0816326530612245,1.84570137369535,3.62960665932734,0.000691190879132167,0.0077704821620015,0.00591897365013718,"Plau/Fn1/Cck/Anxa8/Plat/Gja1/Tspan8/Slc29a1/Ephb2/Anxa2/Celsr2/Pla2g4a/P2ry1/Trp73/Tyro3/Kalrn/Nbeal2/Nme1/Hif1a/Rap2b/Lyn/Prrg4/Aqp3/Plaur/F3/Adamts18/Fbln1/Btc/Syk/Oas2/Neurl1a/Lilrb4a",32
"GO:0044093","positive regulation of molecular function","25/1138","279/25730",0.0896057347670251,2.02597148994337,3.70655653106255,0.000691637667634978,0.0077704821620015,0.00591897365013718,"Cib1/Nedd9/Cdc20/Arhgap11a/Plk1/Arhgef2/Clu/Kif14/Rgs10/Coro1c/Dscc1/Ezh2/Thy1/Rfc3/Psmd10/Cenpe/Fgfr3/Tnf/Tpx2/Tlr1/Lgals9/Chtf18/Ect2/Rgs1/Ctss",25
"GO:0044774","mitotic DNA integrity checkpoint signaling","11/1138","79/25730",0.139240506329114,3.1482058241196,4.11360838390855,0.000692155624632034,0.0077704821620015,0.00591897365013718,"Chek1/Plk1/Chek2/Cdc6/Clspn/Dtl/Cdk1/Muc1/Fancd2/Brca1/Blm",11
"GO:0032943","mononuclear cell proliferation","29/1138","343/25730",0.0845481049562682,1.91161927989875,3.65628911451708,0.000695676596933719,0.00777795181955837,0.00592466347804398,"Lgals3/Mif/Anxa1/Vtcn1/Cd276/Gpnmb/Gja1/Cd38/Ephb2/Cd44/Hells/Cd24a/Lmo1/Lyn/Tfrc/Bcl6/Mad1l1/Arg1/Lgals9/Il1a/Cd1d1/Syk/Irgm1/Cd74/H2-Aa/Blm/Itgam/Lilrb4a/Psmb10",29
"GO:0002688","regulation of leukocyte chemotaxis","15/1138","131/25730",0.114503816793893,2.58891318638565,3.92202155659822,0.000695781757745039,0.00777795181955837,0.00592466347804398,"Mif/S100a14/Ptn/Mdk/Adam10/Nedd9/Padi2/Hc/Lgmn/Dapk2/Lyn/C1qbp/Nod2/Cd74/Cxcl13",15
"GO:0007162","negative regulation of cell adhesion","28/1138","327/25730",0.0856269113149847,1.93601092103212,3.66435842944081,0.000700989241367216,0.00781952754595191,0.00595633276495285,"Dapl1/Lgals3/Anxa1/Adam8/Vtcn1/Tacstd2/Cd276/Mdk/Adam10/Gpnmb/Il1rn/Ephb2/Cd44/Coro1c/Cd24a/Epha4/Sema4d/Bcl6/Mad1l1/Arg1/Lgals9/Adamts18/Fbln1/Muc1/Dact2/Cd74/Il4ra/H2-Aa",28
"GO:0030282","bone mineralization","16/1138","145/25730",0.110344827586207,2.49487909823647,3.88313973931307,0.000705701869912081,0.00783881104549276,0.00597102149639642,"Cd276/Ptn/Gpnmb/Gja1/Ecm1/Slc8a1/Tent5a/Ltbp3/Hif1a/Mtss1/Fgfr3/Isg15/Ptgs2/Alox15/Ltf/Fbxl15",16
"GO:0042327","positive regulation of phosphorylation","16/1138","145/25730",0.110344827586207,2.49487909823647,3.88313973931307,0.000705701869912081,0.00783881104549276,0.00597102149639642,"Mif/Cib1/Nedd9/Arhgef2/Kif14/Ezh2/Psmd10/Sema4d/Areg/Cenpe/Lyn/Fgfr3/Tnf/Tpx2/Tlr1/Ect2",16
"GO:0032733","positive regulation of interleukin-10 production","8/1138","45/25730",0.177777777777778,4.01952743604765,4.36105045589292,0.000716006239564195,0.00793649110267992,0.00604542687724422,"Plcg2/Inava/Tlr2/Lgals9/Isg15/Bcl3/Nod2/Syk",8
"GO:0032602","chemokine production","14/1138","118/25730",0.11864406779661,2.68252360668434,3.94063384294839,0.000727102335757774,0.00802562115981375,0.00611331950586257,"Mif/Il33/Tlr2/Cd24a/Hc/Cxcl5/Tnf/Lgals9/Oas1g/Oas1a/Nod2/Syk/Cd74/Il4ra",14
"GO:0032642","regulation of chemokine production","14/1138","118/25730",0.11864406779661,2.68252360668434,3.94063384294839,0.000727102335757774,0.00802562115981375,0.00611331950586257,"Mif/Il33/Tlr2/Cd24a/Hc/Cxcl5/Tnf/Lgals9/Oas1g/Oas1a/Nod2/Syk/Cd74/Il4ra",14
"GO:0002720","positive regulation of cytokine production involved in immune response","12/1138","92/25730",0.130434782608696,2.94910980362191,4.02878236495565,0.000733417444610355,0.00807601633559006,0.00615170679139971,"Mif/Plcg2/Inava/Lacc1/Panx1/Tlr2/Rigi/Rsad2/Sectm1b/Nod2/Syk/Cd74",12
"GO:0001516","prostaglandin biosynthetic process","7/1138","35/25730",0.2,4.5219683655536,4.48518975424778,0.000736279372810742,0.00807601633559006,0.00615170679139971,"Mif/Anxa1/Pla2g4a/Ptgs2/Cd74/Fabp5/Pla2g4f",7
"GO:0046457","prostanoid biosynthetic process","7/1138","35/25730",0.2,4.5219683655536,4.48518975424778,0.000736279372810742,0.00807601633559006,0.00615170679139971,"Mif/Anxa1/Pla2g4a/Ptgs2/Cd74/Fabp5/Pla2g4f",7
"GO:0034446","substrate adhesion-dependent cell spreading","13/1138","105/25730",0.123809523809524,2.79931375010461,3.9742508036363,0.000742145449406701,0.00812340039829752,0.00618780043562342,"Fn1/Cib1/Tacstd2/Mdk/Nedd9/Kif14/Coro1c/Tyro3/C1qbp/Itga8/Fbln1/Dbn1/Popdc1",13
"GO:0045637","regulation of myeloid cell differentiation","22/1138","234/25730",0.094017094017094,2.12571162483289,3.72121457949582,0.000750535790988738,0.00818272831251298,0.00623299201494087,"Cib1/Adam8/Nedd9/Tfe3/Mafb/Myb/Coro1c/Nme1/Lif/Hif1a/Lyn/Fgfr3/Tnf/Isg15/Ikzf1/Ltf/Tnfrsf11a/Clec2d/Cd74/Stat1/Csf3/Itgam",22
"GO:0007015","actin filament organization","37/1138","478/25730",0.0774058577405858,1.75013420005736,3.56115341582431,0.000750680442830464,0.00818272831251298,0.00623299201494087,"Gdpd2/Vill/Iqgap3/Map3k1/Tacstd2/Sh3pxd2b/Cotl1/Gja1/Myo19/Gm14137/Arhgef2/Myo7a/Sptbn2/Dsg3/Diaph3/Coro6/Coro1c/Pdlim1/Sh3kbp1/Capza1/Nebl/Rhov/Tpm2/Myo1b/Trpv3/Cit/Tlr2/Gas2l3/Mtss1/Capg/Tagln2/Cdc42ep2/Dbn1/Mical2/Aif1l/Alox15/Csf3",37
"GO:0098742","cell-cell adhesion via plasma-membrane adhesion molecules","25/1138","281/25730",0.0889679715302491,2.0115517640363,3.66768112532887,0.000766761690713421,0.00834071619670458,0.00635333539956941,"Tenm4/Dsc3/Il1rn/Celsr2/Mdga1/Dsg3/Lrfn4/Dsc2/Cd24a/Pcdhb7/Igsf9/Elfn1/Pcdhb17/Cdhr1/Cdh24/Lgals9/Pcdhb5/Celsr1/Dsg1c/Pcdhb19/Pcdhb11/Nectin4/Hmcn1/Pcdhb16/Pcdhb13",25
"GO:0051279","regulation of release of sequestered calcium ion into cytosol","11/1138","80/25730",0.1375,3.1088532513181,4.06380937388064,0.000770967997468247,0.00836914433615324,0.00637498983552474,"Gsto1/Slc8a1/Calml3/Dmd/Thy1/Gpr39/Lyn/Casq2/P2ry6/Ryr2/Cxcl9",11
"GO:1902476","chloride transmembrane transport","14/1138","119/25730",0.117647058823529,2.65998139150212,3.90435313932198,0.000791175178167536,0.00849169093677316,0.00646833669417017,"Ttyh3/Slc12a2/Slc6a2/Clic1/Clcn5/Ttyh2/Clca2/Slc1a4/Clca3a2/Clca3a1/Clic6/Ano4/Gabrp/Clca1",14
"GO:0002523","leukocyte migration involved in inflammatory response","6/1138","26/25730",0.230769230769231,5.217655806408,4.62853031133084,0.000793570660440735,0.00849169093677316,0.00646833669417017,"Adam8/Ptn/Mdk/Cd24a/Hc/Itgam",6
"GO:0006857","oligopeptide transport","6/1138","26/25730",0.230769230769231,5.217655806408,4.62853031133084,0.000793570660440735,0.00849169093677316,0.00646833669417017,"Abcc5/Gja1/Abcg2/Slc15a2/Slco3a1/Slc15a3",6
"GO:0032303","regulation of icosanoid secretion","6/1138","26/25730",0.230769230769231,5.217655806408,4.62853031133084,0.000793570660440735,0.00849169093677316,0.00646833669417017,"Mif/Pla2r1/Pla2g4a/Il1a/Tnfrsf11a/Syk",6
"GO:0051447","negative regulation of meiotic cell cycle","6/1138","26/25730",0.230769230769231,5.217655806408,4.62853031133084,0.000793570660440735,0.00849169093677316,0.00646833669417017,"Lif/Ttk/Trip13/Pkmyt1/Knl1/Fbxo5",6
"GO:1902230","negative regulation of intrinsic apoptotic signaling pathway in response to DNA damage","6/1138","26/25730",0.230769230769231,5.217655806408,4.62853031133084,0.000793570660440735,0.00849169093677316,0.00646833669417017,"Mif/Cd44/Clu/Muc1/Ddias/Cd74",6
"GO:1902993","positive regulation of amyloid precursor protein catabolic process","6/1138","26/25730",0.230769230769231,5.217655806408,4.62853031133084,0.000793570660440735,0.00849169093677316,0.00646833669417017,"Clu/Efna3/Epha4/Lyn/Tnf/Gsap",6
"GO:0050817","coagulation","20/1138","205/25730",0.0975609756097561,2.20583822709932,3.72879718616915,0.000808755049752252,0.00863658339715108,0.00657870496182726,"Plau/Fn1/Anxa8/Plat/Tspan8/Ephb2/Anxa2/Pla2g4a/P2ry1/Tyro3/Nbeal2/Rap2b/Lyn/Prrg4/Plaur/F3/Adamts18/Fbln1/Syk/Lilrb4a",20
"GO:1902622","regulation of neutrophil migration","9/1138","57/25730",0.157894736842105,3.56997502543705,4.17843528074404,0.000832781305510074,0.00882982383058053,0.00672590110870257,"Adam8/Mdk/Tlr2/Dapk2/C1qbp/Fut4/Il1a/Nod2/Cd74",9
"GO:0009126","purine nucleoside monophosphate metabolic process","8/1138","46/25730",0.173913043478261,3.93214640482922,4.28172623470277,0.00083357301483973,0.00882982383058053,0.00672590110870257,"Slc29a1/Urah/Ak1/Dck/Gda/Gmpr/Ak4/Prps2",8
"GO:1902624","positive regulation of neutrophil migration","8/1138","46/25730",0.173913043478261,3.93214640482922,4.28172623470277,0.00083357301483973,0.00882982383058053,0.00672590110870257,"Adam8/Mdk/Tlr2/Dapk2/C1qbp/Fut4/Il1a/Cd74",8
"GO:1905168","positive regulation of double-strand break repair via homologous recombination","8/1138","46/25730",0.173913043478261,3.93214640482922,4.28172623470277,0.00083357301483973,0.00882982383058053,0.00672590110870257,"H2ax/Actl6a/Mrgbp/Rad51ap1/Timeless/Skp2/Wrap53/Blm",8
"GO:0045911","positive regulation of DNA recombination","11/1138","81/25730",0.135802469135802,3.07047234698084,4.01478584775747,0.000857081762728614,0.00905445461979544,0.00689700808696377,"H2ax/Nsd2/Actl6a/Tfrc/Mrgbp/Rad51ap1/Timeless/Skp2/Exosc6/Wrap53/Blm",11
"GO:0007599","hemostasis","20/1138","206/25730",0.0970873786407767,2.19513027454058,3.70476060208838,0.000859368799490019,0.00905445461979544,0.00689700808696377,"Plau/Fn1/Anxa8/Plat/Tspan8/Ephb2/Anxa2/Pla2g4a/P2ry1/Tyro3/Nbeal2/Rap2b/Lyn/Prrg4/Plaur/F3/Adamts18/Fbln1/Syk/Lilrb4a",20
"GO:2000106","regulation of leukocyte apoptotic process","14/1138","120/25730",0.116666666666667,2.63781487990627,3.86844392280819,0.000859949154030819,0.00905445461979544,0.00689700808696377,"Lgals3/Mif/Anxa1/Adam8/Aurkb/Bcl11b/Cd44/Cd24a/Hif1a/Lyn/Bcl3/Nod2/Cd74/Blm",14
"GO:2000377","regulation of reactive oxygen species metabolic process","17/1138","162/25730",0.104938271604938,2.37263772266701,3.7700813189094,0.000866009230515002,0.00910002499425164,0.00693172019877482,"Plau/Duoxa1/Foxm1/Plcg2/G6pdx/Ndufc2/Tspo/Hif1a/Tnf/Coq7/Dhfr/Syk/Mmp3/Lcn2/Brca1/Itgam/Trim30a",17
"GO:0006826","iron ion transport","10/1138","69/25730",0.144927536231884,3.27678867069102,4.07376655310767,0.000871893320189717,0.00912535359417684,0.00695101363674,"Slc39a8/Abcc5/Slc40a1/Myo1b/Steap4/Hif1a/Tfrc/Nos1/Ltf/Lcn2",10
"GO:0071715","icosanoid transport","10/1138","69/25730",0.144927536231884,3.27678867069102,4.07376655310767,0.000871893320189717,0.00912535359417684,0.00695101363674,"Mif/Anxa1/Pla2r1/Pla2g4a/Slco3a1/Ptgs2/Il1a/Tnfrsf11a/Syk/Pla2g4f",10
"GO:0050868","negative regulation of T cell activation","16/1138","148/25730",0.108108108108108,2.44430722462357,3.79060781362001,0.000881739889635875,0.00921006238597791,0.00701553847524453,"Dapl1/Lgals3/Anxa1/Vtcn1/Cd276/Mdk/Gpnmb/Cd44/Cd24a/Bcl6/Mad1l1/Arg1/Lgals9/Cd74/Il4ra/H2-Aa",16
"GO:0000076","DNA replication checkpoint signaling","5/1138","18/25730",0.277777777777778,6.28051161882445,4.82092066728778,0.000887214331502619,0.00921230058836909,0.00701724337086115,"Cdc6/Clspn/Timeless/Dna2/Cdt1",5
"GO:0002830","positive regulation of type 2 immune response","5/1138","18/25730",0.277777777777778,6.28051161882445,4.82092066728778,0.000887214331502619,0.00921230058836909,0.00701724337086115,"Il33/Rsad2/Nod2/Cd74/Il4ra",5
"GO:1902101","positive regulation of metaphase/anaphase transition of cell cycle","5/1138","18/25730",0.277777777777778,6.28051161882445,4.82092066728778,0.000887214331502619,0.00921230058836909,0.00701724337086115,"Ube2c/Cdc20/Ska1/Cenpe/Mad1l1",5
"GO:1903038","negative regulation of leukocyte cell-cell adhesion","17/1138","163/25730",0.104294478527607,2.35808166301875,3.74166982269549,0.000927902585278099,0.00961577945374977,0.00732458347187238,"Dapl1/Lgals3/Anxa1/Adam8/Vtcn1/Cd276/Mdk/Gpnmb/Cd44/Cd24a/Bcl6/Mad1l1/Arg1/Lgals9/Cd74/Il4ra/H2-Aa",17
"GO:0048713","regulation of oligodendrocyte differentiation","9/1138","58/25730",0.155172413793103,3.50842373189504,4.11406079468906,0.000947638038103794,0.00978656023812052,0.00745467153353519,"Tenm4/Il33/Ptn/Mdk/Trp73/Id4/Tlr2/Lingo1/Aspa",9
"GO:0002761","regulation of myeloid leukocyte differentiation","16/1138","149/25730",0.10738255033557,2.42790247814959,3.76026612335748,0.000948147660527415,0.00978656023812052,0.00745467153353519,"Adam8/Nedd9/Tfe3/Mafb/Coro1c/Nme1/Lif/Lyn/Fgfr3/Tnf/Ikzf1/Ltf/Tnfrsf11a/Clec2d/Cd74/Itgam",16
"GO:0002224","toll-like receptor signaling pathway","11/1138","82/25730",0.134146341463415,3.03302756226156,3.96651498776671,0.000951007518771544,0.00978656023812052,0.00745467153353519,"Tnip3/Reg3g/Mfhas1/Plcg2/Tyro3/Tlr2/Ddx39a/Tlr1/Ly96/Smpdl3b/Trim30a",11
"GO:0048709","oligodendrocyte differentiation","15/1138","135/25730",0.111111111111111,2.51220464752978,3.7895317074192,0.000951833323502014,0.00978656023812052,0.00745467153353519,"Tenm4/Il33/Ptn/Mdk/Ntrk2/Clu/Trp73/Id4/Tlr2/Lyn/Lingo1/Fgfr3/Cdkn2c/Bok/Aspa",15
"GO:0061043","regulation of vascular wound healing","4/1138","11/25730",0.363636363636364,8.22176066464291,5.15344985112818,0.00097835455639408,0.0100269752311603,0.00763780174080332,"Smoc2/Slc12a2/Hif1a/Tnf",4
"GO:2000278","regulation of DNA biosynthetic process","12/1138","95/25730",0.126315789473684,2.85598002034964,3.898558881351,0.000979032792840741,0.0100269752311603,0.00763780174080332,"Chek1/Smoc2/Ccna2/Gja1/Tfdp1/Dscc1/Rfc3/Pinx1/Tnf/Chtf18/Pif1/Wrap53",12
"GO:0031639","plasminogen activation","6/1138","27/25730",0.222222222222222,5.02440929505956,4.50067628239927,0.000982468627508156,0.0100425878772915,0.00764969428995701,"Plau/Plat/Anxa2/Eno1/Pgk1/Plaur",6
"GO:0050870","positive regulation of T cell activation","23/1138","255/25730",0.0901960784313725,2.03931906681829,3.58795963075524,0.00101592694729631,0.0103644275361064,0.00789484773351165,"Anxa1/Adam8/Vtcn1/Cd276/Mdk/Sox4/Actl6a/Thy1/Cd24a/Il1rl2/Tfrc/Efnb2/Bcl6/Lgals9/Ikzf1/Il1a/Cd1d1/Syk/Irgm1/Cd74/Il4ra/H2-Aa/Blm",23
"GO:0050773","regulation of dendrite development","16/1138","150/25730",0.106666666666667,2.41171646162859,3.73016890816826,0.00101875039989939,0.0103730903121539,0.00790144639008055,"Ptn/Grip1/Camk2b/Lzts1/Cdc20/Ephb2/Ntrk2/Caprin1/Kalrn/Lrp8/Ezh2/Cit/Epha4/Sema4d/Dbn1/Sgk1",16
"GO:0000731","DNA synthesis involved in DNA repair","7/1138","37/25730",0.189189189189189,4.27753764309125,4.29167475372203,0.0010437835302548,0.0105869472354416,0.00806434664098507,"Pclaf/Rrm1/Pole/Hrob/Pole2/Dtl/Pold1",7
"GO:0022616","DNA strand elongation","7/1138","37/25730",0.189189189189189,4.27753764309125,4.29167475372203,0.0010437835302548,0.0105869472354416,0.00806434664098507,"Pole/Actl6a/Rfc3/Mcm7/Dna2/Lig1/Mcm3",7
"GO:0050920","regulation of chemotaxis","21/1138","225/25730",0.0933333333333333,2.11025190392501,3.59820399291998,0.00107331255187408,0.0108617609954572,0.00827367926286306,"Itga2/Fn1/Smoc2/Mif/S100a14/Ptn/Mdk/Adam10/Nedd9/Sema3f/Padi2/Hc/Lgmn/Dapk2/Lyn/Efnb2/C1qbp/F3/Nod2/Cd74/Cxcl13",21
"GO:0010332","response to gamma radiation","9/1138","59/25730",0.152542372881356,3.44895892287987,4.05108888860945,0.0010750125081153,0.0108617609954572,0.00827367926286306,"Apobec1/Bak1/Chek2/H2ax/Xrcc2/Ddias/Rad51/Fancd2/Cxcl2",9
"GO:0051494","negative regulation of cytoskeleton organization","18/1138","180/25730",0.1,2.2609841827768,3.65204481962444,0.00108767396071982,0.0109685969090632,0.00835505889212395,"Vill/Cib1/Map3k1/Tacstd2/Ckap2/Ccdc88c/Arhgef2/Sptbn2/Diaph3/Capza1/Togaram2/Tlr2/Capg/Tpx2/Kifc1/Dbn1/Sgk1/Ccnf",18
"GO:0033674","positive regulation of kinase activity","10/1138","71/25730",0.140845070422535,3.18448476447437,3.96500729347782,0.00109348351786485,0.0110060582430305,0.00838359414180716,"Cib1/Nedd9/Kif14/Ezh2/Psmd10/Cenpe/Tnf/Tpx2/Tlr1/Ect2",10
"GO:0002377","immunoglobulin production","14/1138","123/25730",0.113821138211382,2.57347793161587,3.76287265214727,0.00109722405607619,0.0110225911866621,0.00839618770494448,"Il33/Ephb2/Il13ra1/Nsd2/Ezh2/Exo1/Tfrc/Tnf/Bcl6/Exosc6/Ung/Il4ra/Cgas/Lilrb4a",14
"GO:0044403","biological process involved in symbiotic interaction","20/1138","211/25730",0.0947867298578199,2.14311296945668,3.58661048124734,0.00115532519945107,0.0115629410691626,0.00880778593652075,"Fn1/Kpna2/Trim12a/Gapdh/Gpx2/Gbp2b/Tyro3/Tmeff1/Pglyrp1/Cxcl5/Arg1/Jpt2/Tmprss2/Pcyox1l/Ltf/Nectin4/Cd74/Trim30a/Bst2/Gbp2",20
"GO:0009176","pyrimidine deoxyribonucleoside monophosphate metabolic process","5/1138","19/25730",0.263157894736842,5.94995837572842,4.64306242487983,0.0011605202257902,0.0115629410691626,0.00880778593652075,"Dut/Nme1/Tyms/Shmt2/Dhfr",5
"GO:0060707","trophoblast giant cell differentiation","5/1138","19/25730",0.263157894736842,5.94995837572842,4.64306242487983,0.0011605202257902,0.0115629410691626,0.00880778593652075,"Mdfi/E2f8/E2f7/Lif/Sox15",5
"GO:0070206","protein trimerization","5/1138","19/25730",0.263157894736842,5.94995837572842,4.64306242487983,0.0011605202257902,0.0115629410691626,0.00880778593652075,"Mif/Pxdn/Steap4/Mlkl/Cd74",5
"GO:0031214","biomineral tissue development","19/1138","196/25730",0.0969387755102041,2.19177038126323,3.60285559725859,0.00116421694434469,0.0115629410691626,0.00880778593652075,"Cd276/Ptn/Gpnmb/Gja1/Ecm1/Slc8a1/Msx2/Tent5a/Ltbp3/Hif1a/Mtss1/Fgfr3/Isg15/Ptgs2/Hacd1/Alox15/Ltf/Fbxo5/Fbxl15",19
"GO:0042129","regulation of T cell proliferation","19/1138","196/25730",0.0969387755102041,2.19177038126323,3.60285559725859,0.00116421694434469,0.0115629410691626,0.00880778593652075,"Lgals3/Anxa1/Vtcn1/Cd276/Gpnmb/Cd44/Cd24a/Lmo1/Tfrc/Bcl6/Mad1l1/Arg1/Lgals9/Il1a/Cd1d1/Syk/Irgm1/H2-Aa/Blm",19
"GO:0061041","regulation of wound healing","15/1138","138/25730",0.108695652173913,2.45759150301826,3.69325179035138,0.001192518997417,0.0118216883253376,0.00900488029429877,"Plau/Smoc2/Anxa1/Slc12a2/Plat/Reg3g/Duox1/Tspan8/Ephb2/Anxa2/Hif1a/Tnf/Plaur/F3/Adamts18",15
"GO:0010880","regulation of release of sequestered calcium ion into cytosol by sarcoplasmic reticulum","6/1138","28/25730",0.214285714285714,4.84496610595029,4.37898775984209,0.0012040878276333,0.011891498959371,0.00905805682758568,"Gsto1/Slc8a1/Calml3/Dmd/Casq2/Ryr2",6
"GO:0035872","nucleotide-binding domain, leucine rich repeat containing receptor signaling pathway","6/1138","28/25730",0.214285714285714,4.84496610595029,4.37898775984209,0.0012040878276333,0.011891498959371,0.00905805682758568,"Slc15a2/Inava/Lacc1/Slc15a3/Nod2/Irgm1",6
"GO:0061082","myeloid leukocyte cytokine production","9/1138","60/25730",0.15,3.3914762741652,3.98946286489135,0.00121588668469688,0.0119854946367681,0.00912965572275604,"Mif/Plcg2/Panx1/Tlr2/Bcl6/Rigi/Nod2/Syk/Cd74",9
"GO:1902410","mitotic cytokinetic process","7/1138","38/25730",0.184210526315789,4.1649708630099,4.19998962216556,0.00123124100023241,0.012114120253223,0.00922763312218338,"Iqgap3/Aurkb/Kif20b/Kif20a/Mitd1/Ect2/Cep55",7
"GO:0051336","regulation of hydrolase activity","13/1138","111/25730",0.117117117117117,2.6479994933422,3.74302851647973,0.00125206548717143,0.0122730449059677,0.00934869006721479,"Ecm1/Arhgap11a/Ntrk2/Rgs10/Coro1c/Ezh2/Thy1/Epha4/Fgfr3/Timp1/Popdc1/Ect2/Rgs1",13
"GO:0051851","host-mediated perturbation of symbiont process","13/1138","111/25730",0.117117117117117,2.6479994933422,3.74302851647973,0.00125206548717143,0.0122730449059677,0.00934869006721479,"Ly6e/Trim59/Ifitm3/Ifitm2/Tmeff1/Fasn/Stom/Slpi/Ltf/Nod2/Cd74/Ifitm1/Trim30a",13
"GO:0019318","hexose metabolic process","25/1138","291/25730",0.0859106529209622,1.94242627386323,3.47799955067294,0.0012585338309546,0.0123134762529525,0.00937948765125826,"Gpr87/Ppp1r3b/Man2b1/Cbr2/Pkm/Gapdh/G6pdx/Igfbp4/Eno1/Pgam1/Tpi1/Pmaip1/Pfkl/C1qtnf12/Pgk1/Ldha/Gale/Hif1a/Pgm2/Gnpda1/Slc25a10/Tnf/Oas1g/Oas1a/Fabp5",25
"GO:0006163","purine nucleotide metabolic process","36/1138","475/25730",0.0757894736842105,1.71358801220979,3.37680765296702,0.0012730078435959,0.0124319390525146,0.00946972377490042,"Slc4a7/Gpr87/Idh1/Slc29a1/Pkm/Pgd/Gapdh/Urah/Ak1/G6pdx/Eno1/Got2/Pgam1/Tpi1/Nupr1/Lacc1/Ran/Pfkl/Ndufc2/Dck/Tspo/Gda/Tkt/Pgk1/Gale/Nme1/Hif1a/Gmpr/Me1/Ddit4/Enpp3/Oas1a/Noct/Ak4/Fignl1/Prps2",36
"GO:0033628","regulation of cell adhesion mediated by integrin","8/1138","49/25730",0.163265306122449,3.6914027473907,4.05654618979513,0.00128172109298587,0.0124938082050979,0.00951685108003569,"Plau/Cib1/Cd24a/Lif/Lyn/Muc1/Syk/Cxcl13",8
"GO:0006081","aldehyde metabolic process","11/1138","85/25730",0.129411764705882,2.92597953065233,3.82600415838113,0.00128509679010334,0.0125035158059314,0.00952424560618499,"Idh1/Aldh3a1/Gapdh/Dkk3/Akr1b8/Eno1/Pgam1/Tpi1/Tkt/Pgk1/Slc25a10",11
"GO:0002260","lymphocyte homeostasis","12/1138","98/25730",0.122448979591837,2.76855206054302,3.77333443270555,0.00128948768025117,0.0125230467135669,0.00953912279465895,"Mif/Slc40a1/Bak1/Ccnb2/Cd44/Pmaip1/Cd24a/Hif1a/Lmo1/Lyn/Chst3/Cd74",12
"GO:0070507","regulation of microtubule cytoskeleton organization","17/1138","168/25730",0.101190476190476,2.28790066114319,3.60267637146171,0.00129693603829203,0.0125721438103069,0.00957652130042009,"Cib1/Aurkb/Gpsm2/Plk1/Ckap2/Ccdc88c/Arhgef2/Tacc3/Diaph3/Gda/Ska1/Bicd1/Spag5/Tpx2/Kif18a/Rcc1/Sgk1",17
"GO:0009410","response to xenobiotic stimulus","37/1138","493/25730",0.0750507099391481,1.69688468078583,3.36086581268898,0.00130694219822151,0.0126458090413551,0.00963263397816843,"Cyp2f2/Itga2/Gsto1/Ugt2b34/Apobec1/Mdk/Abcd3/Slc6a2/Abcg2/Aldh3a1/Cd38/Bak1/Trp73/Fmo6/Dmd/Gclm/Cdk4/Tspo/Chek2/Lrp8/Cyp2b10/Gpr39/Lpo/Lyn/Tfrc/Nos1/Mcm7/E2f1/Fmo1/Cyp2r1/Rad51/Ccnb1/Car9/Lcn2/Rad54b/Blm/Mmp7",37
"GO:0048872","homeostasis of number of cells","34/1138","443/25730",0.0767494356659142,1.73529260077678,3.35814205811066,0.00138811334431426,0.0134065211599763,0.0102120877226835,"Mif/Anxa1/Fstl1/Slc40a1/Racgap1/Sox4/Bak1/Mafb/Mfhas1/Ccnb2/Zbtb18/Cd44/G6pdx/Myb/Diaph3/Fh1/Pmaip1/Ncapg2/Ezh2/Cd24a/Hif1a/Cxcl5/Lmo1/Lyn/Bcl6/Chst3/Isg15/Ikzf1/Epsti1/Nod2/Cd74/Stat1/Itgam/Lilrb4a",34
"GO:0032890","regulation of organic acid transport","12/1138","99/25730",0.121212121212121,2.7405868882143,3.73264071613941,0.00140949100169557,0.0134321653739837,0.0102316215719123,"Mif/Cck/Slc12a2/Slc43a2/Pla2r1/Il1rn/Pla2g4a/Tnf/Arg1/Il1a/Tnfrsf11a/Syk",12
"GO:0045685","regulation of glial cell differentiation","12/1138","99/25730",0.121212121212121,2.7405868882143,3.73264071613941,0.00140949100169557,0.0134321653739837,0.0102316215719123,"Tenm4/Il33/Ptn/Mdk/Trp73/Id4/Tlr2/Epha4/Lif/Lingo1/Fgfr3/Aspa",12
"GO:0014009","glial cell proliferation","11/1138","86/25730",0.127906976744186,2.89195651285405,3.78053402207594,0.00141582235758589,0.0134321653739837,0.0102316215719123,"Il33/Ptn/Sox4/Clu/Myb/Tspo/Areg/Lyn/Tnf/E2f1/Ntm",11
"GO:0031394","positive regulation of prostaglandin biosynthetic process","4/1138","12/25730",0.333333333333333,7.53661394258934,4.87203637851925,0.00141633414868423,0.0134321653739837,0.0102316215719123,"Anxa1/Pla2g4a/Ptgs2/Cd74",4
"GO:0034135","regulation of toll-like receptor 2 signaling pathway","4/1138","12/25730",0.333333333333333,7.53661394258934,4.87203637851925,0.00141633414868423,0.0134321653739837,0.0102316215719123,"Mfhas1/Lyn/Tlr1/Nod2",4
"GO:0046940","nucleoside monophosphate phosphorylation","4/1138","12/25730",0.333333333333333,7.53661394258934,4.87203637851925,0.00141633414868423,0.0134321653739837,0.0102316215719123,"Ak1/Ak6/Cmpk2/Ak4",4
"GO:0051798","positive regulation of hair follicle development","4/1138","12/25730",0.333333333333333,7.53661394258934,4.87203637851925,0.00141633414868423,0.0134321653739837,0.0102316215719123,"Msx2/Tnf/Tradd/Fst",4
"GO:0070601","centromeric sister chromatid cohesion","4/1138","12/25730",0.333333333333333,7.53661394258934,4.87203637851925,0.00141633414868423,0.0134321653739837,0.0102316215719123,"Sgo2a/Sgo1/Bub1b/Bub1",4
"GO:0106015","negative regulation of inflammatory response to wounding","4/1138","12/25730",0.333333333333333,7.53661394258934,4.87203637851925,0.00141633414868423,0.0134321653739837,0.0102316215719123,"Il33/Mdk/Reg3g/Cd24a",4
"GO:1902166","negative regulation of intrinsic apoptotic signaling pathway in response to DNA damage by p53 class mediator","4/1138","12/25730",0.333333333333333,7.53661394258934,4.87203637851925,0.00141633414868423,0.0134321653739837,0.0102316215719123,"Mif/Cd44/Muc1/Cd74",4
"GO:0031109","microtubule polymerization or depolymerization","16/1138","155/25730",0.103225806451613,2.33391915641476,3.58321771736711,0.00144224857412182,0.0136532865016866,0.0104000551518467,"Cib1/Aurkb/Ckap2/Ccdc88c/Arhgef2/Diaph3/Gda/Ska1/Kif18b/Tpx2/Kif18a/Tubg1/Cdk1/Sgk1/Kif2c/Fbxo5",16
"GO:0043043","peptide biosynthetic process","6/1138","29/25730",0.206896551724138,4.67789830919338,4.26294142013882,0.00146200236129858,0.0137905931889816,0.0105046451434512,"Dmd/Gclm/Ggt5/Nod2/Mmp7/Ggt6",6
"GO:0060339","negative regulation of type I interferon-mediated signaling pathway","6/1138","29/25730",0.206896551724138,4.67789830919338,4.26294142013882,0.00146200236129858,0.0137905931889816,0.0105046451434512,"Ttll12/Isg15/Stat2/Oas1g/Oas1a/Usp18",6
"GO:2001243","negative regulation of intrinsic apoptotic signaling pathway","13/1138","113/25730",0.115044247787611,2.60113224567243,3.66933996460605,0.00147626635922499,0.013900185396717,0.0105881243119665,"Mif/Cd44/Clu/Eno1/Hells/Hif1a/Plaur/Cpe/Ptgs2/Muc1/Ddias/Cd74/Fignl1",13
"GO:0031334","positive regulation of protein-containing complex assembly","21/1138","231/25730",0.0909090909090909,2.05544016616073,3.46628041002528,0.00149252584816951,0.0140281409772497,0.0106855913280114,"Lgals3/Cck/Map3k1/Bak1/Plcg2/Gm14137/Clu/Gda/Ska1/Cd24a/Tfrc/Tnf/Cdc42ep2/Isg15/Ikzf1/Alox15/Syk/Mmp3/Csf3/Cxcl13/Gbp2",21
"GO:0048524","positive regulation of viral process","9/1138","62/25730",0.145161290322581,3.28207381370826,3.8700375282196,0.00154227262990833,0.0144476346233915,0.0110051302943391,"Map3k1/Kpna2/Hacd3/Tyro3/Top2a/Stom/Tmprss2/Cd74/Trim30a",9
"GO:0098773","skin epidermis development","16/1138","156/25730",0.102564102564103,2.31895813618133,3.55450917371296,0.00154265759872909,0.0144476346233915,0.0110051302943391,"Igfbp5/Wnt10a/Zfp750/Grhl3/Msx2/Trps1/Sfn/Tmprss13/Foxq1/Tnf/Celsr1/Krt16/Tradd/Sox21/Fst/Krt1",16
"GO:0140374","antiviral innate immune response","11/1138","87/25730",0.126436781609195,2.85871563339596,3.73571573184226,0.00155724760708787,0.0145324670117934,0.0110697492795141,"Ifit3b/Tnf/Rigi/Oasl1/Zbp1/Ifit3/Oas1g/Oas1a/Dhx58/Oas2/Usp18",11
"GO:1903036","positive regulation of response to wounding","11/1138","87/25730",0.126436781609195,2.85871563339596,3.73571573184226,0.00155724760708787,0.0145324670117934,0.0110697492795141,"Plau/Smoc2/Anxa1/Plat/Ptn/Mdk/Reg3g/Duox1/Cd24a/Hif1a/F3",11
"GO:0045582","positive regulation of T cell differentiation","14/1138","128/25730",0.109375,2.47295144991213,3.59370256736069,0.00161391315855043,0.0149814482950953,0.0114117497281174,"Anxa1/Adam8/Mdk/Sox4/Actl6a/Il1rl2/Bcl6/Lgals9/Ikzf1/Cd1d1/Syk/Cd74/Il4ra/H2-Aa",14
"GO:0046032","ADP catabolic process","14/1138","128/25730",0.109375,2.47295144991213,3.59370256736069,0.00161391315855043,0.0149814482950953,0.0114117497281174,"Gpr87/Slc29a1/Pkm/Gapdh/Eno1/Pgam1/Tpi1/Nupr1/Ran/Pfkl/Pgk1/Gale/Hif1a/Ddit4",14
"GO:1903707","negative regulation of hemopoiesis","14/1138","128/25730",0.109375,2.47295144991213,3.59370256736069,0.00161391315855043,0.0149814482950953,0.0114117497281174,"Anxa1/Mdk/Mafb/Cd44/Nme1/Pglyrp1/Lyn/Bcl6/Ltf/Clec2d/Irgm1/Cd74/Il4ra/Lilrb4a",14
"GO:1903037","regulation of leukocyte cell-cell adhesion","31/1138","396/25730",0.0782828282828283,1.76996236530507,3.32162704007726,0.0016224255966687,0.0150339049116356,0.0114517072654496,"Dapl1/Lgals3/Anxa1/Adam8/Vtcn1/Cd276/Mdk/Sox4/Gpnmb/Cd44/Actl6a/Thy1/Cd24a/Il1rl2/Tfrc/Tnf/Efnb2/Bcl6/Mad1l1/Arg1/Lgals9/Ikzf1/Fut4/Il1a/Cd1d1/Syk/Irgm1/Cd74/Il4ra/H2-Aa/Blm",31
"GO:0006090","pyruvate metabolic process","16/1138","157/25730",0.101910828025478,2.30418770219292,3.52601980274886,0.00164887458142282,0.0152520898781611,0.0116179042968302,"Gpr87/Pkm/Gapdh/Eno1/Pgam1/Tpi1/Slc16a3/Nupr1/Ran/Pfkl/Pgk1/Ldha/Gale/Hif1a/Me1/Ddit4",16
"GO:0044773","mitotic DNA damage checkpoint signaling","10/1138","75/25730",0.133333333333333,3.01464557703573,3.75862446564448,0.00167487541999512,0.0154423505402604,0.0117628306761906,"Chek1/Plk1/Chek2/Clspn/Dtl/Cdk1/Muc1/Fancd2/Brca1/Blm",10
"GO:0030010","establishment of cell polarity","17/1138","172/25730",0.0988372093023256,2.23469366902358,3.49498785775506,0.00167532162313446,0.0154423505402604,0.0117628306761906,"Gja1/Gpsm2/Plk1/Kif20b/Arhgef2/Ust/Cenpa/Diaph3/Kif26b/Ndc80/Rhov/Ska1/Mad2l1/Spag5/Sapcd2/Spdl1/Misp",17
"GO:0010573","vascular endothelial growth factor production","7/1138","40/25730",0.175,3.9567223198594,4.02572535307247,0.00168447391411244,0.0154995200433393,0.0118063781389169,"Hc/Hif1a/Tnf/Ptgs2/Il1a/Brca1/Sulf2",7
"GO:0002819","regulation of adaptive immune response","23/1138","265/25730",0.0867924528301887,1.96236363033458,3.38747390160051,0.0016892114848803,0.0155159390586733,0.0118188849199759,"Mif/Il33/Anxa1/Ephb2/Pla2g4a/Cd44/Nsd2/Cd24a/Tfrc/Tnf/Bcl6/Nlrp10/Arg1/Susd4/Rsad2/Sectm1b/Ulbp1/Exosc6/Alox15/Nod2/Cd1d1/Cd74/Il4ra",23
"GO:1901292","nucleoside phosphate catabolic process","20/1138","218/25730",0.0917431192660551,2.07429741539156,3.42662188272135,0.00171328523782958,0.0157095997199941,0.0119664011651108,"Gpr87/Slc29a1/Pkm/Gapdh/Urah/Eno1/Pgam1/Tpi1/Nupr1/Ran/Pfkl/Gda/Dut/Pgk1/Gale/Nme1/Hif1a/Ddit4/Enpp3/Dctpp1",20
"GO:0001934","positive regulation of protein phosphorylation","13/1138","115/25730",0.11304347826087,2.55589516313899,3.59722605351189,0.00173279288562183,0.0158332066453167,0.0120605557000169,"Cib1/Nedd9/Arhgef2/Kif14/Ezh2/Psmd10/Sema4d/Cenpe/Fgfr3/Tnf/Tpx2/Tlr1/Ect2",13
"GO:0046330","positive regulation of JNK cascade","13/1138","115/25730",0.11304347826087,2.55589516313899,3.59722605351189,0.00173279288562183,0.0158332066453167,0.0120605557000169,"Map3k1/Mfhas1/Ccdc88c/Wnt7b/Epha4/Lmnb1/Naip6/Tnf/Sh3rf2/Il1a/Tnfrsf11a/Nod2/Naip2",13
"GO:0006301","postreplication repair","6/1138","30/25730",0.2,4.5219683655536,4.15207486849886,0.00175992261594341,0.015942471420977,0.012143785455203,"Pclaf/Pole2/Dtl/Rad18/Pold1/Brca1",6
"GO:0010575","positive regulation of vascular endothelial growth factor production","6/1138","30/25730",0.2,4.5219683655536,4.15207486849886,0.00175992261594341,0.015942471420977,0.012143785455203,"Hc/Hif1a/Ptgs2/Il1a/Brca1/Sulf2",6
"GO:0030325","adrenal gland development","6/1138","30/25730",0.2,4.5219683655536,4.15207486849886,0.00175992261594341,0.015942471420977,0.012143785455203,"Stra6/Ly6e/Mdk/Dkk3/Tspo/Cdkn1c",6
"GO:0044346","fibroblast apoptotic process","6/1138","30/25730",0.2,4.5219683655536,4.15207486849886,0.00175992261594341,0.015942471420977,0.012143785455203,"Bak1/Nupr1/Pmaip1/Casp12/Xrcc2/Ddias",6
"GO:0090382","phagosome maturation","6/1138","30/25730",0.2,4.5219683655536,4.15207486849886,0.00175992261594341,0.015942471420977,0.012143785455203,"Slc4a7/Srpx/Myo7a/Rab32/Rab38/Mreg",6
"GO:0006006","glucose metabolic process","22/1138","251/25730",0.0876494023904383,1.9817391243462,3.36223008328718,0.00186045377021592,0.0168028966079984,0.0127991931768497,"Gpr87/Ppp1r3b/Cbr2/Pkm/Gapdh/G6pdx/Igfbp4/Eno1/Pgam1/Tpi1/Pmaip1/Pfkl/C1qtnf12/Pgk1/Ldha/Hif1a/Pgm2/Slc25a10/Tnf/Oas1g/Oas1a/Fabp5",22
"GO:0010821","regulation of mitochondrion organization","14/1138","130/25730",0.107692307692308,2.4349060429904,3.52826192066149,0.001870727783606,0.0168028966079984,0.0127991931768497,"Ckmt1/Fam162a/Bak1/Myo19/Pmaip1/Slc35f6/Psmd10/Tfrc/Aurka/Plaur/Tnfsf10/Bok/Stat2/Irgm1",14
"GO:0002637","regulation of immunoglobulin production","11/1138","89/25730",0.123595505617978,2.79447483264549,3.64796409536561,0.00187479690486364,0.0168028966079984,0.0127991931768497,"Il33/Ephb2/Il13ra1/Nsd2/Tfrc/Tnf/Bcl6/Exosc6/Il4ra/Cgas/Lilrb4a",11
"GO:0002281","macrophage activation involved in immune response","5/1138","21/25730",0.238095238095238,5.3832956732781,4.32268392904061,0.00188688789469338,0.0168028966079984,0.0127991931768497,"Il33/Plcg2/Tnf/Ifi35/Syk",5
"GO:0010882","regulation of cardiac muscle contraction by calcium ion signaling","5/1138","21/25730",0.238095238095238,5.3832956732781,4.32268392904061,0.00188688789469338,0.0168028966079984,0.0127991931768497,"Gsto1/Slc8a1/Dmd/Casq2/Ryr2",5
"GO:0019886","antigen processing and presentation of exogenous peptide antigen via MHC class II","5/1138","21/25730",0.238095238095238,5.3832956732781,4.32268392904061,0.00188688789469338,0.0168028966079984,0.0127991931768497,"Lgmn/Ctss/Cd74/H2-Aa/Ctse",5
"GO:0032305","positive regulation of icosanoid secretion","5/1138","21/25730",0.238095238095238,5.3832956732781,4.32268392904061,0.00188688789469338,0.0168028966079984,0.0127991931768497,"Mif/Pla2r1/Pla2g4a/Il1a/Tnfrsf11a",5
"GO:0032310","prostaglandin secretion","5/1138","21/25730",0.238095238095238,5.3832956732781,4.32268392904061,0.00188688789469338,0.0168028966079984,0.0127991931768497,"Mif/Pla2g4a/Ptgs2/Il1a/Tnfrsf11a",5
"GO:0045064","T-helper 2 cell differentiation","5/1138","21/25730",0.238095238095238,5.3832956732781,4.32268392904061,0.00188688789469338,0.0168028966079984,0.0127991931768497,"Anxa1/Myb/Bcl6/Bcl3/Il4ra",5
"GO:0045836","positive regulation of meiotic nuclear division","5/1138","21/25730",0.238095238095238,5.3832956732781,4.32268392904061,0.00188688789469338,0.0168028966079984,0.0127991931768497,"Camk2b/Gja1/Msx2/Rad51ap1/Fbxo5",5
"GO:0001774","microglial cell activation","8/1138","52/25730",0.153846153846154,3.478437204272,3.84843941293853,0.00190322196881018,0.0169196755061399,0.012888146630005,"Il33/Ifngr2/Clu/Tlr2/Tnf/Ctsc/Tlr1/Itgam",8
"GO:0032886","regulation of microtubule-based process","24/1138","284/25730",0.0845070422535211,1.91069085868462,3.31975508867352,0.00193906491964907,0.0172092011618855,0.013108685676575,"Cib1/Aurkb/Gpsm2/Plk1/Ckap2/Ccdc88c/Arhgef2/Tacc3/Diaph3/Gda/Ska1/Memo1/Bicd1/Spag5/Tpx2/Kifc1/Kif18a/Rcc1/Gen1/Sgk1/Clxn/Ccnf/Dnah11/Wdr62",24
"GO:0007095","mitotic G2 DNA damage checkpoint signaling","7/1138","41/25730",0.170731707317073,3.86021689742381,3.94278373620962,0.0019548760831238,0.0172617718519198,0.0131487301065853,"Chek1/Plk1/Clspn/Dtl/Cdk1/Brca1/Blm",7
"GO:0032689","negative regulation of type II interferon production","7/1138","41/25730",0.170731707317073,3.86021689742381,3.94278373620962,0.0019548760831238,0.0172617718519198,0.0131487301065853,"Il33/Cd276/Pglyrp1/C1qbp/Lgals9/Nod2/Irgm1",7
"GO:0008611","ether lipid biosynthetic process","4/1138","13/25730",0.307692307692308,6.956874408544,4.62131558351885,0.0019745574577472,0.0172617718519198,0.0131487301065853,"Agps/Pla2g4a/Fasn/Pla2g4c",4
"GO:0009133","nucleoside diphosphate biosynthetic process","4/1138","13/25730",0.307692307692308,6.956874408544,4.62131558351885,0.0019745574577472,0.0172617718519198,0.0131487301065853,"Ak1/Umps/Cmpk2/Ak4",4
"GO:0032610","interleukin-1 alpha production","4/1138","13/25730",0.307692307692308,6.956874408544,4.62131558351885,0.0019745574577472,0.0172617718519198,0.0131487301065853,"Il1r2/Panx1/Ccl20/Nlrp10",4
"GO:0032650","regulation of interleukin-1 alpha production","4/1138","13/25730",0.307692307692308,6.956874408544,4.62131558351885,0.0019745574577472,0.0172617718519198,0.0131487301065853,"Il1r2/Panx1/Ccl20/Nlrp10",4
"GO:0045835","negative regulation of meiotic nuclear division","4/1138","13/25730",0.307692307692308,6.956874408544,4.62131558351885,0.0019745574577472,0.0172617718519198,0.0131487301065853,"Lif/Trip13/Knl1/Fbxo5",4
"GO:0046504","glycerol ether biosynthetic process","4/1138","13/25730",0.307692307692308,6.956874408544,4.62131558351885,0.0019745574577472,0.0172617718519198,0.0131487301065853,"Agps/Pla2g4a/Fasn/Pla2g4c",4
"GO:0072182","regulation of nephron tubule epithelial cell differentiation","4/1138","13/25730",0.307692307692308,6.956874408544,4.62131558351885,0.0019745574577472,0.0172617718519198,0.0131487301065853,"Prom1/Cd24a/Lif/Stat1",4
"GO:0009137","purine nucleoside diphosphate catabolic process","14/1138","131/25730",0.106870229007634,2.41631897395994,3.49599562423276,0.0020113196157603,0.0175248312789463,0.0133491091544395,"Gpr87/Slc29a1/Pkm/Gapdh/Eno1/Pgam1/Tpi1/Nupr1/Ran/Pfkl/Pgk1/Gale/Hif1a/Ddit4",14
"GO:0009181","purine ribonucleoside diphosphate catabolic process","14/1138","131/25730",0.106870229007634,2.41631897395994,3.49599562423276,0.0020113196157603,0.0175248312789463,0.0133491091544395,"Gpr87/Slc29a1/Pkm/Gapdh/Eno1/Pgam1/Tpi1/Nupr1/Ran/Pfkl/Pgk1/Gale/Hif1a/Ddit4",14
"GO:0009620","response to fungus","10/1138","77/25730",0.12987012987013,2.93634309451533,3.66053237708247,0.002047589482871,0.0178113164619276,0.0135673321956702,"Cotl1/Bak1/Gapdh/Plcg2/Tlr2/Nlrp10/Arg1/Zbp1/Ltf/Syk",10
"GO:0015732","prostaglandin transport","6/1138","31/25730",0.193548387096774,4.37609841827768,4.04597777325586,0.00210168003926392,0.0182214965780407,0.0138797768095908,"Mif/Pla2g4a/Slco3a1/Ptgs2/Il1a/Tnfrsf11a",6
"GO:0043276","anoikis","6/1138","31/25730",0.193548387096774,4.37609841827768,4.04597777325586,0.00210168003926392,0.0182214965780407,0.0138797768095908,"Ntrk2/Tfdp1/Chek2/Dapk2/Clca3a2/E2f1",6
"GO:0006816","calcium ion transport","35/1138","472/25730",0.0741525423728814,1.67657725417771,3.19135099902168,0.00212315901590497,0.0183773928658397,0.013998526972116,"Lgals3/Gsto1/P2rx2/Slc35g1/Camk2b/Gja1/Bak1/Slc8a1/Plcg2/G6pdx/Calml3/Myb/Dmd/Tspo/Homer3/Lpar3/Ncs1/Panx1/Orai2/Trpv3/Thy1/Plch1/Gpr39/Lyn/Nos1/Casq2/Cacna1g/Slc24a5/Ptgs2/P2ry6/Stc2/Ryr2/Clca1/Trpm3/Cxcl9",35
"GO:0048814","regulation of dendrite morphogenesis","12/1138","104/25730",0.115384615384615,2.608827903204,3.53648245767038,0.00215604375408353,0.0186313386249258,0.0141919639075928,"Grip1/Camk2b/Lzts1/Ephb2/Caprin1/Kalrn/Lrp8/Cit/Epha4/Sema4d/Dbn1/Sgk1",12
"GO:1902107","positive regulation of leukocyte differentiation","20/1138","223/25730",0.0896860986547085,2.02778850473256,3.31598193492293,0.00223932944046024,0.0192876014429149,0.0146918559665743,"Anxa1/Adam8/Mdk/Sox4/Nedd9/Coro1c/Actl6a/Lif/Il1rl2/Tnf/Bcl6/Lgals9/Ikzf1/Tnfrsf11a/Cd1d1/Syk/Cd74/Il4ra/H2-Aa/Itgam",20
"GO:1903708","positive regulation of hemopoiesis","20/1138","223/25730",0.0896860986547085,2.02778850473256,3.31598193492293,0.00223932944046024,0.0192876014429149,0.0146918559665743,"Anxa1/Adam8/Mdk/Sox4/Nedd9/Coro1c/Actl6a/Lif/Il1rl2/Tnf/Bcl6/Lgals9/Ikzf1/Tnfrsf11a/Cd1d1/Syk/Cd74/Il4ra/H2-Aa/Itgam",20
"GO:0030500","regulation of bone mineralization","11/1138","91/25730",0.120879120879121,2.73305780335657,3.56261475757486,0.00224316317668706,0.0192890005406118,0.0146929216948302,"Cd276/Ptn/Gja1/Ecm1/Slc8a1/Tent5a/Ltbp3/Hif1a/Fgfr3/Isg15/Ltf",11
"GO:0032984","protein-containing complex disassembly","23/1138","271/25730",0.0848708487084871,1.91891646508732,3.27133987661679,0.00225312444077889,0.0193429996925691,0.0147340542205733,"Vill/Cib1/Aurkb/Ckap2/Ccdc88c/Arhgef2/Sptbn2/Diaph3/Capza1/H2ac25/Kif18b/Capg/Tnf/Atad2/Tpx2/Kif18a/Ddit4/Mical2/Sgk1/Kif2c/Pif1/Grwd1/Irgm1",23
"GO:0042325","regulation of phosphorylation","21/1138","239/25730",0.0878661087866109,1.98663882168673,3.29647186353698,0.00226260536531874,0.0193927056923077,0.014771916543216,"Mif/Cib1/Nedd9/Arhgef2/Kif14/Ezh2/Thy1/Psmd10/Sema4d/Areg/Rap2b/Cenpe/Lyn/Fgfr3/Tnf/Tpx2/Tlr1/Bard1/Ect2/Stat2/Cdkn1c",21
"GO:0006690","icosanoid metabolic process","16/1138","162/25730",0.0987654320987654,2.23307079780425,3.38674735724296,0.00227642749663164,0.0194477236866709,0.0148138251471005,"Cyp2f2/Mif/Anxa1/Pla2g4a/Mgst3/Ggt5/Cyp2b10/Tlr2/Ces2f/Ptgs2/Alox15/Syk/Cd74/Fabp5/Pla2g4f/Alox12e",16
"GO:0009154","purine ribonucleotide catabolic process","16/1138","162/25730",0.0987654320987654,2.23307079780425,3.38674735724296,0.00227642749663164,0.0194477236866709,0.0148138251471005,"Gpr87/Slc29a1/Pkm/Gapdh/Urah/Eno1/Pgam1/Tpi1/Nupr1/Ran/Pfkl/Gda/Pgk1/Gale/Hif1a/Ddit4",16
"GO:0008156","negative regulation of DNA replication","5/1138","22/25730",0.227272727272727,5.13860041540182,4.17749896757075,0.00235383974943975,0.0200045639471093,0.015237984518444,"Dynll1/Timeless/Cdt1/Fbxo5/Gmnn",5
"GO:0009147","pyrimidine nucleoside triphosphate metabolic process","5/1138","22/25730",0.227272727272727,5.13860041540182,4.17749896757075,0.00235383974943975,0.0200045639471093,0.015237984518444,"Dut/Nme1/Tyms/Dctpp1/Cmpk2",5
"GO:2000001","regulation of DNA damage checkpoint","5/1138","22/25730",0.227272727272727,5.13860041540182,4.17749896757075,0.00235383974943975,0.0200045639471093,0.015237984518444,"Chek2/Rnaseh2b/Bard1/Rad51/Brca1",5
"GO:0071346","cellular response to type II interferon","13/1138","119/25730",0.109243697478992,2.46998272068054,3.45746746296029,0.00235683766335375,0.0200045639471093,0.015237984518444,"Ifngr2/Gapdh/Gbp2b/Tlr2/Capg/Tnf/Arg1/Parp9/Cdc42ep2/Epsti1/Irgm1/Stat1/Gbp2",13
"GO:0051924","regulation of calcium ion transport","23/1138","272/25730",0.0845588235294118,1.91186162514215,3.2522723701621,0.00236113480049767,0.0200087132932496,0.0152411451808016,"Lgals3/Gsto1/Gja1/Bak1/Slc8a1/G6pdx/Calml3/Dmd/Tspo/Homer3/Lpar3/Trpv3/Thy1/Gpr39/Lyn/Nos1/Casq2/Cacna1g/Ptgs2/P2ry6/Stc2/Ryr2/Cxcl9",23
"GO:0030162","regulation of proteolysis","31/1138","406/25730",0.0763546798029557,1.7263672331547,3.17350194248307,0.00238172100950929,0.0201506637422895,0.015349272443689,"Plau/Il33/Adam8/Plat/Ecm1/Cdc20/Bak1/Pbk/Anxa2/Plk1/Il1r2/Clu/Eno1/Taf9/Nupr1/Gipc1/Psmd14/Cstb/Epha4/Psme2/Psmd10/Dlgap1/Tnf/Aurka/Plaur/Ctsc/Sh3rf2/Timp1/Csta1/Gsap/Serpinb10",31
"GO:0061844","antimicrobial humoral immune response mediated by antimicrobial peptide","15/1138","148/25730",0.101351351351351,2.2915380230846,3.38966255823292,0.00239451245860061,0.0202263158480508,0.0154068985743773,"Lgals3/Krt6a/Ivl/Reg3g/Gapdh/Pglyrp1/Cxcl5/Ccl20/Ltf/Cxcl15/Nod2/Cxcl9/Mmp7/Dmbt1/Cxcl13",15
"GO:0006636","unsaturated fatty acid biosynthetic process","9/1138","66/25730",0.136363636363636,3.08316024924109,3.64517290696958,0.00240484901088526,0.0202485203576781,0.0154238123134037,"Mif/Anxa1/Fads2b/Pla2g4a/Ptgs2/Alox15/Cd74/Fabp5/Pla2g4f",9
"GO:0043030","regulation of macrophage activation","9/1138","66/25730",0.136363636363636,3.08316024924109,3.64517290696958,0.00240484901088526,0.0202485203576781,0.0154238123134037,"Il33/Mfhas1/Pla2g4a/Ctsc/Lgals9/Ulbp1/Cd1d1/Irgm1/Il4ra",9
"GO:1902904","negative regulation of supramolecular fiber organization","17/1138","178/25730",0.0955056179775281,2.15936691613515,3.3389053984078,0.0024143745781897,0.0202961984540939,0.0154601299305722,"Vill/Cib1/Map3k1/Tacstd2/Ckap2/Ccdc88c/Arhgef2/Clu/Sptbn2/Diaph3/Capza1/Togaram2/Tlr2/Capg/Tpx2/Dbn1/Sgk1",17
"GO:0071456","cellular response to hypoxia","16/1138","163/25730",0.098159509202454,2.21937097695882,3.359506067563,0.00242320571827556,0.020337895916645,0.0154918919470046,"Adam8/Ccna2/Fam162a/Slc29a1/Eno1/Pgk1/Epha4/Hif1a/Aqp3/E2f1/Ptgs2/Stc2/Clca1/Ccnb1/Lcn2/Ak4",16
"GO:0033627","cell adhesion mediated by integrin","10/1138","79/25730",0.126582278481013,2.86200529465418,3.56556178415105,0.00248436854628247,0.0208089406040952,0.0158506986510068,"Itga2/Plau/Cib1/Cd24a/Lif/Col16a1/Lyn/Muc1/Syk/Cxcl13",10
"GO:0014808","release of sequestered calcium ion into cytosol by sarcoplasmic reticulum","6/1138","32/25730",0.1875,4.2393453427065,3.94428453062485,0.00249121119908182,0.0208089406040952,0.0158506986510068,"Gsto1/Slc8a1/Calml3/Dmd/Casq2/Ryr2",6
"GO:0060706","cell differentiation involved in embryonic placenta development","6/1138","32/25730",0.1875,4.2393453427065,3.94428453062485,0.00249121119908182,0.0208089406040952,0.0158506986510068,"Krt19/Mdfi/E2f8/E2f7/Lif/Sox15",6
"GO:0045859","regulation of protein kinase activity","13/1138","120/25730",0.108333333333333,2.44939953134154,3.42341547724862,0.00253870262243038,0.0211719739337289,0.0161272303600339,"Cib1/Nedd9/Kif14/Ezh2/Thy1/Psmd10/Rap2b/Cenpe/Lyn/Tnf/Tpx2/Tlr1/Ect2",13
"GO:0009167","purine ribonucleoside monophosphate metabolic process","7/1138","43/25730",0.162790697674419,3.68067192545061,3.784485628806,0.00259541246810583,0.0216106134824533,0.0164613532467068,"Slc29a1/Urah/Ak1/Gda/Gmpr/Ak4/Prps2",7
"GO:0051048","negative regulation of secretion","20/1138","226/25730",0.0884955752212389,2.00087095820956,3.25097640045952,0.00261593929694692,0.0217470649780999,0.0165652918171089,"Tbc1d1/Anxa1/Pla2r1/Gja1/Vsnl1/Il1rn/P2ry1/Inhbb/Pfkl/Kalrn/Tspo/Gpr39/Hc/Lif/Nos1/Tnf/Lgals9/Ucn2/Rsad2/Cd74",20
"GO:0010810","regulation of cell-substrate adhesion","21/1138","242/25730",0.0867768595041322,1.96201106769888,3.23448790670784,0.00262725879180615,0.0218066630207733,0.0166106891601347,"Col8a1/Plau/Fn1/Smoc2/Ccdc80/Cib1/Tacstd2/Ptn/Mdk/Nedd9/Coro1c/Dmd/Thy1/Col16a1/Bcl6/C1qbp/Fbln1/Dbn1/Hacd1/Alox15/Spock2",21
"GO:0009166","nucleotide catabolic process","18/1138","195/25730",0.0923076923076923,2.0870623225632,3.27785303260722,0.00265816231435075,0.0219046500254366,0.0166853283506721,"Gpr87/Slc29a1/Pkm/Gapdh/Urah/Eno1/Pgam1/Tpi1/Nupr1/Ran/Pfkl/Gda/Dut/Pgk1/Gale/Hif1a/Ddit4/Dctpp1",18
"GO:0043123","positive regulation of canonical NF-kappaB signal transduction","18/1138","195/25730",0.0923076923076923,2.0870623225632,3.27785303260722,0.00265816231435075,0.0219046500254366,0.0166853283506721,"Trim12a/Gapdh/Plcg2/Inava/Slco3a1/Tlr2/Tfrc/Tnf/Tnfsf10/S100a4/Tradd/Trim13/Ltf/Il1a/Tnfrsf11a/Nod2/Cd74/Trim30a",18
"GO:0032490","detection of molecule of bacterial origin","4/1138","14/25730",0.285714285714286,6.45995480793372,4.39579081062651,0.0026682481949523,0.0219046500254366,0.0166853283506721,"Tlr2/Tlr1/Ly96/Nod2",4
"GO:0032959","inositol trisphosphate biosynthetic process","4/1138","14/25730",0.285714285714286,6.45995480793372,4.39579081062651,0.0026682481949523,0.0219046500254366,0.0166853283506721,"Plcg2/P2ry1/Plcd1/P2ry6",4
"GO:0106014","regulation of inflammatory response to wounding","4/1138","14/25730",0.285714285714286,6.45995480793372,4.39579081062651,0.0026682481949523,0.0219046500254366,0.0166853283506721,"Il33/Mdk/Reg3g/Cd24a",4
"GO:1901503","ether biosynthetic process","4/1138","14/25730",0.285714285714286,6.45995480793372,4.39579081062651,0.0026682481949523,0.0219046500254366,0.0166853283506721,"Agps/Pla2g4a/Fasn/Pla2g4c",4
"GO:2001280","positive regulation of unsaturated fatty acid biosynthetic process","4/1138","14/25730",0.285714285714286,6.45995480793372,4.39579081062651,0.0026682481949523,0.0219046500254366,0.0166853283506721,"Anxa1/Pla2g4a/Ptgs2/Cd74",4
"GO:0051259","protein complex oligomerization","26/1138","325/25730",0.08,1.80878734622144,3.15647306868508,0.00276011901718215,0.0226235028335023,0.0172328967950185,"Mif/Pxdn/Kcns3/Lrrc8d/Trp73/Rrm2/Basp1/Shkbp1/Ehd1/Rrm1/Steap4/Nme1/Me1/Mlkl/Shmt2/Vwa1/Isg15/Ect2/Bok/Ifi202b/Kctd14/Oas1g/Oas1a/Cd74/Blm/Krt1",26
"GO:0033630","positive regulation of cell adhesion mediated by integrin","5/1138","23/25730",0.217391304347826,4.91518300603652,4.04087992561889,0.00289940602424531,0.0237262780688904,0.0180729087047305,"Cib1/Cd24a/Lif/Syk/Cxcl13",5
"GO:0042246","tissue regeneration","11/1138","94/25730",0.117021276595745,2.64583255431328,3.43882521984038,0.0029036918154352,0.0237262780688904,0.0180729087047305,"Plau/Anxa1/Ptn/Mdk/Gja1/Abcg2/Dmd/Ezh2/Klf5/Sox15/Ccnb1",11
"GO:0072574","hepatocyte proliferation","6/1138","33/25730",0.181818181818182,4.11088033232146,3.84666815679433,0.00293254129121577,0.0238495990069951,0.0181668453959079,"Plau/Mki67/Ptn/Mdk/Tnf/Sulf2",6
"GO:0072575","epithelial cell proliferation involved in liver morphogenesis","6/1138","33/25730",0.181818181818182,4.11088033232146,3.84666815679433,0.00293254129121577,0.0238495990069951,0.0181668453959079,"Plau/Mki67/Ptn/Mdk/Tnf/Sulf2",6
"GO:0006835","dicarboxylic acid transport","13/1138","122/25730",0.10655737704918,2.4092454406638,3.35632789642437,0.00293694148411226,0.0238495990069951,0.0181668453959079,"Cck/Ttyh3/Abcc5/Slc12a2/Gja1/Il1rn/Ntrk2/Lrrc8d/Ttyh2/Slc1a4/Gipc1/Slc25a10/Tnf",13
"GO:1902106","negative regulation of leukocyte differentiation","13/1138","122/25730",0.10655737704918,2.4092454406638,3.35632789642437,0.00293694148411226,0.0238495990069951,0.0181668453959079,"Anxa1/Mdk/Mafb/Cd44/Nme1/Pglyrp1/Lyn/Bcl6/Ltf/Clec2d/Cd74/Il4ra/Lilrb4a",13
"GO:0006692","prostanoid metabolic process","9/1138","68/25730",0.132352941176471,2.99247906543988,3.53906576085585,0.00296029527758746,0.023965163926725,0.0182548741308694,"Mif/Anxa1/Pla2g4a/Mgst3/Ces2f/Ptgs2/Cd74/Fabp5/Pla2g4f",9
"GO:0050775","positive regulation of dendrite morphogenesis","9/1138","68/25730",0.132352941176471,2.99247906543988,3.53906576085585,0.00296029527758746,0.023965163926725,0.0182548741308694,"Grip1/Camk2b/Ephb2/Caprin1/Kalrn/Lrp8/Epha4/Dbn1/Sgk1",9
"GO:0031114","regulation of microtubule depolymerization","7/1138","44/25730",0.159090909090909,3.59702029078128,3.70884856730055,0.00297062260015321,0.0240117709864692,0.0182903759121984,"Cib1/Aurkb/Ckap2/Ccdc88c/Arhgef2/Diaph3/Tpx2",7
"GO:0051402","neuron apoptotic process","30/1138","395/25730",0.0759493670886076,1.71720317679251,3.09005320688245,0.00299721495863227,0.0241895044434009,0.018425760001164,"Cntfr/Adam8/Mdk/Fam162a/Gapdh/Ntrk2/G6pdx/Clu/Kif14/Trp73/Myb/Nupr1/Pmaip1/Gclm/Birc5/Tyro3/Cit/Epha4/Lgmn/Hif1a/Fgfr3/Nos1/Tnf/Casp12/Cpe/Pcp4/Bok/Xrcc2/Siah1b/Lcn2",30
"GO:0009134","nucleoside diphosphate catabolic process","14/1138","137/25730",0.102189781021898,2.31049478531936,3.30842003260525,0.00305052868655367,0.0245443762927305,0.018696074903324,"Gpr87/Slc29a1/Pkm/Gapdh/Eno1/Pgam1/Tpi1/Nupr1/Ran/Pfkl/Pgk1/Gale/Hif1a/Ddit4",14
"GO:0009191","ribonucleoside diphosphate catabolic process","14/1138","137/25730",0.102189781021898,2.31049478531936,3.30842003260525,0.00305052868655367,0.0245443762927305,0.018696074903324,"Gpr87/Slc29a1/Pkm/Gapdh/Eno1/Pgam1/Tpi1/Nupr1/Ran/Pfkl/Pgk1/Gale/Hif1a/Ddit4",14
"GO:0002269","leukocyte activation involved in inflammatory response","8/1138","56/25730",0.142857142857143,3.22997740396686,3.59363005627299,0.0030760219187386,0.0246739223832865,0.0187947534512562,"Il33/Ifngr2/Clu/Tlr2/Tnf/Ctsc/Tlr1/Itgam",8
"GO:1902692","regulation of neuroblast proliferation","8/1138","56/25730",0.142857142857143,3.22997740396686,3.59363005627299,0.0030760219187386,0.0246739223832865,0.0187947534512562,"Aspm/Ptn/Cip2a/Id4/Cd24a/Hif1a/Fgfr3/Wdr62",8
"GO:1901136","carbohydrate derivative catabolic process","23/1138","278/25730",0.0827338129496403,1.87059842459951,3.1395324557518,0.00310564363666256,0.0248735543704651,0.0189468182069818,"Gpr87/Slc29a1/Pkm/Gapdh/Urah/Cd44/Eno1/Pgam1/Tpi1/Nupr1/Ran/Pfkl/Gda/Dut/Pgk1/Gale/Manba/Pglyrp1/Hif1a/Gnpda1/Ddit4/Hmmr/Dctpp1",23
"GO:0002526","acute inflammatory response","13/1138","123/25730",0.105691056910569,2.38965807935759,3.32327913698808,0.00315436263469834,0.0251596479985681,0.0191647429909154,"Fn1/Adam8/Reg3g/Il1rn/Nupr1/Tfrc/Tnf/F3/Hp/Ptgs2/Il1a/Tnfrsf11a/Lcn2",13
"GO:0006096","glycolytic process","13/1138","123/25730",0.105691056910569,2.38965807935759,3.32327913698808,0.00315436263469834,0.0251596479985681,0.0191647429909154,"Gpr87/Pkm/Gapdh/Eno1/Pgam1/Tpi1/Nupr1/Ran/Pfkl/Pgk1/Gale/Hif1a/Ddit4",13
"GO:0043242","negative regulation of protein-containing complex disassembly","11/1138","95/25730",0.115789473684211,2.61798168532051,3.3986340370093,0.00315573049696543,0.0251596479985681,0.0191647429909154,"Vill/Cib1/Ckap2/Ccdc88c/Arhgef2/Sptbn2/Diaph3/Capza1/Capg/Tnf/Tpx2",11
"GO:0043270","positive regulation of monoatomic ion transport","19/1138","215/25730",0.0883720930232558,1.99807904524462,3.16134607280451,0.00335045133607409,0.0266716232117171,0.0203164529182675,"Lgals3/Gsto1/Bak1/G6pdx/P2ry1/Tspo/Lpar3/Trpv3/Thy1/Fxyd4/Gpr39/Nos1/Sgk1/P2ry6/Ctss/Kcne5/Lcn2/Fxyd6/Cxcl9",19
"GO:0006468","protein phosphorylation","29/1138","381/25730",0.0761154855643045,1.72095908925268,3.04984910758416,0.00337472749874499,0.0268242334015222,0.0204326999764766,"Chek1/Cib1/Nedd9/Ephb2/Plk1/Ntrk2/Arhgef2/Kif14/Chek2/Pask/Nek6/Ezh2/Thy1/Psmd10/Sema4d/Rap2b/Cenpe/Dapk2/Lyn/Fgfr3/Tnf/Tpx2/Tlr1/Haspin/Melk/Ect2/Cdk1/Stat2/Syk",29
"GO:0001783","B cell apoptotic process","7/1138","45/25730",0.155555555555556,3.51708650654169,3.63538384378579,0.0033859466665775,0.0268322229052763,0.020438785784437,"Mif/Aurkb/Bak1/Cd44/Cd24a/Lyn/Cd74",7
"GO:0002701","negative regulation of production of molecular mediator of immune response","7/1138","45/25730",0.155555555555556,3.51708650654169,3.63538384378579,0.0033859466665775,0.0268322229052763,0.020438785784437,"Il33/Tnf/Bcl6/Arg1/Nod2/Lilrb4a/Bst2",7
"GO:0032945","negative regulation of mononuclear cell proliferation","11/1138","96/25730",0.114583333333333,2.59071104276509,3.35895651829917,0.00342503674447151,0.0269760436054096,0.0205483376650907,"Vtcn1/Cd276/Gpnmb/Cd44/Cd24a/Lyn/Bcl6/Mad1l1/Arg1/Lgals9/H2-Aa",11
"GO:0050871","positive regulation of B cell activation","11/1138","96/25730",0.114583333333333,2.59071104276509,3.35895651829917,0.00342503674447151,0.0269760436054096,0.0205483376650907,"Mif/Cd38/Ephb2/Sh3kbp1/Nsd2/Tfrc/Bcl6/Exosc6/Nod2/Syk/Cd74",11
"GO:0002478","antigen processing and presentation of exogenous peptide antigen","6/1138","34/25730",0.176470588235294,3.98997208725318,3.75283517155705,0.00342976724941256,0.0269760436054096,0.0205483376650907,"Lgmn/Mpeg1/Ctss/Cd74/H2-Aa/Ctse",6
"GO:0002902","regulation of B cell apoptotic process","6/1138","34/25730",0.176470588235294,3.98997208725318,3.75283517155705,0.00342976724941256,0.0269760436054096,0.0205483376650907,"Mif/Aurkb/Cd44/Cd24a/Lyn/Cd74",6
"GO:1903514","release of sequestered calcium ion into cytosol by endoplasmic reticulum","6/1138","34/25730",0.176470588235294,3.98997208725318,3.75283517155705,0.00342976724941256,0.0269760436054096,0.0205483376650907,"Gsto1/Slc8a1/Calml3/Dmd/Casq2/Ryr2",6
"GO:0070269","pyroptotic inflammatory response","8/1138","57/25730",0.140350877192982,3.17331113372183,3.53351290471501,0.00344226528416366,0.0270176752880457,0.0205800495752909,"Gsdmc2/Gbp2b/Gsdmc3/Naip6/Gsdmc4/Zbp1/Naip2/Gbp2",8
"GO:0072676","lymphocyte migration","12/1138","110/25730",0.109090909090909,2.46652819939287,3.31575824037227,0.00344907440482462,0.0270176752880457,0.0205800495752909,"Slc12a2/Adam8/Adam10/Nedd9/Ecm1/Cd200r1/Padi2/Ggt5/Ccl20/Lgals9/Fut4/Cxcl13",12
"GO:0048593","camera-type eye morphogenesis","16/1138","169/25730",0.0946745562130177,2.14057674109046,3.20010775808745,0.0034784672002029,0.0270176752880457,0.0205800495752909,"Col8a1/Slc4a7/Stra6/Ptn/Sox4/Bak1/Ephb2/Adamts9/Ntrk2/Prom1/Thy1/Hif1a/Fgfr3/Ikzf1/Lctl/Atp8a2",16
"GO:0031640","killing of cells of another organism","14/1138","139/25730",0.100719424460432,2.27725025603419,3.24807036874636,0.00348172438019848,0.0270176752880457,0.0205800495752909,"Lgals3/Gapdh/Gbp2b/Sfn/Hc/Pglyrp1/Cxcl5/Ccl20/Arg1/Pcyox1l/Ltf/Cxcl9/Cxcl13/Gbp2",14
"GO:0039531","regulation of cytoplasmic pattern recognition receptor signaling pathway","14/1138","139/25730",0.100719424460432,2.27725025603419,3.24807036874636,0.00348172438019848,0.0270176752880457,0.0205800495752909,"Slc15a2/Aurkb/Plcg2/C1qbp/Slc15a3/Rsad2/Oasl1/Enpp3/Ifi202b/Irgm1/Cgas/Dhx58/Trim30a/Gbp2",14
"GO:0141061","disruption of cell in another organism","14/1138","139/25730",0.100719424460432,2.27725025603419,3.24807036874636,0.00348172438019848,0.0270176752880457,0.0205800495752909,"Lgals3/Gapdh/Gbp2b/Sfn/Hc/Pglyrp1/Cxcl5/Ccl20/Arg1/Pcyox1l/Ltf/Cxcl9/Cxcl13/Gbp2",14
"GO:0009070","serine family amino acid biosynthetic process","4/1138","15/25730",0.266666666666667,6.02929115407147,4.1912619338916,0.0035121949413276,0.0270176752880457,0.0205800495752909,"Psph/Sardh/Psat1/Shmt2",4
"GO:0019321","pentose metabolic process","4/1138","15/25730",0.266666666666667,6.02929115407147,4.1912619338916,0.0035121949413276,0.0270176752880457,0.0205800495752909,"Cbr2/Pgd/G6pdx/Uxs1",4
"GO:0019370","leukotriene biosynthetic process","4/1138","15/25730",0.266666666666667,6.02929115407147,4.1912619338916,0.0035121949413276,0.0270176752880457,0.0205800495752909,"Pla2g4a/Mgst3/Ggt5/Syk",4
"GO:0031915","positive regulation of synaptic plasticity","4/1138","15/25730",0.266666666666667,6.02929115407147,4.1912619338916,0.0035121949413276,0.0270176752880457,0.0205800495752909,"Cdc20/Ephb2/Dbn1/Ptgs2",4
"GO:0032308","positive regulation of prostaglandin secretion","4/1138","15/25730",0.266666666666667,6.02929115407147,4.1912619338916,0.0035121949413276,0.0270176752880457,0.0205800495752909,"Mif/Pla2g4a/Il1a/Tnfrsf11a",4
"GO:0035999","tetrahydrofolate interconversion","4/1138","15/25730",0.266666666666667,6.02929115407147,4.1912619338916,0.0035121949413276,0.0270176752880457,0.0205800495752909,"Sardh/Tyms/Shmt2/Dhfr",4
"GO:0070207","protein homotrimerization","4/1138","15/25730",0.266666666666667,6.02929115407147,4.1912619338916,0.0035121949413276,0.0270176752880457,0.0205800495752909,"Mif/Pxdn/Steap4/Mlkl",4
"GO:1901029","negative regulation of mitochondrial outer membrane permeabilization involved in apoptotic signaling pathway","4/1138","15/25730",0.266666666666667,6.02929115407147,4.1912619338916,0.0035121949413276,0.0270176752880457,0.0205800495752909,"Ckmt1/Bak1/Slc35f6/Bok",4
"GO:2000105","positive regulation of DNA-templated DNA replication","4/1138","15/25730",0.266666666666667,6.02929115407147,4.1912619338916,0.0035121949413276,0.0270176752880457,0.0205800495752909,"E2f8/E2f7/Cdc7/Cdt1",4
"GO:0070431","nucleotide-binding oligomerization domain containing 2 signaling pathway","5/1138","24/25730",0.208333333333333,4.71038371411834,3.91194602286555,0.00353072116808827,0.0271204810192044,0.0206583593122062,"Inava/Lacc1/Slc15a3/Nod2/Irgm1",5
"GO:0140115","export across plasma membrane","10/1138","83/25730",0.120481927710843,2.72407732864675,3.38425563495565,0.00358093036269918,0.027465997263681,0.0209215478124968,"Abcc5/Slc40a1/Slc35g1/Gja1/Abcg2/Kcne4/Slc8a1/Fxyd4/Kcne5/Fxyd6",10
"GO:0010770","positive regulation of cell morphogenesis","9/1138","70/25730",0.128571428571429,2.90697966357017,3.4367854027688,0.00361230922305219,0.0275858614213898,0.0210128513862369,"Grip1/Camk2b/Ephb2/Caprin1/Kalrn/Lrp8/Epha4/Dbn1/Sgk1",9
"GO:0060760","positive regulation of response to cytokine stimulus","9/1138","70/25730",0.128571428571429,2.90697966357017,3.4367854027688,0.00361230922305219,0.0275858614213898,0.0210128513862369,"Adam10/Taf9/Tlr2/Hif1a/Rigi/Parp9/Zbp1/Irgm1/Cd74",9
"GO:0072348","sulfur compound transport","9/1138","70/25730",0.128571428571429,2.90697966357017,3.4367854027688,0.00361230922305219,0.0275858614213898,0.0210128513862369,"Abcc5/Slc43a2/Racgap1/Gja1/Abcg2/Lrrc8d/Slc1a4/Slc25a10/Slc35f3",9
"GO:0051146","striated muscle cell differentiation","28/1138","366/25730",0.0765027322404372,1.72971467534837,3.02461715004659,0.00365960598996948,0.0279064874764871,0.0212570803970116,"Krt19/Bhlhe41/P2rx2/Igfbp5/Barx2/Abcg2/Csrp2/Slc8a1/Atp11a/G6pdx/Dmd/Popdc3/Ehd1/Nebl/Ezh2/Klf5/Cacybp/Efnb2/Rbm24/Casq2/Popdc1/Cdk1/Hacd1/Ccnb1/Il4ra/Fdps/Cxcl9/Mybpc1",28
"GO:0045619","regulation of lymphocyte differentiation","20/1138","233/25730",0.0858369098712446,1.94075895517322,3.10311191639716,0.00370559306210415,0.0282162115192684,0.0214930050680701,"Anxa1/Adam8/Mdk/Sox4/Cd44/Actl6a/Cd24a/Pglyrp1/Fanca/Il1rl2/Bcl6/Lgals9/Ikzf1/Cd1d1/Fancd2/Syk/Cd74/Il4ra/H2-Aa/Lilrb4a",20
"GO:0070167","regulation of biomineral tissue development","12/1138","111/25730",0.108108108108108,2.44430722462357,3.28039125628613,0.00371537851605531,0.0282497810757664,0.0215185758519952,"Cd276/Ptn/Gja1/Ecm1/Slc8a1/Tent5a/Ltbp3/Hif1a/Fgfr3/Isg15/Ltf/Fbxo5",12
"GO:0045687","positive regulation of glial cell differentiation","8/1138","58/25730",0.137931034482759,3.11859887279559,3.47470981533733,0.00384140564353325,0.029123730521102,0.0221842853447458,"Tenm4/Il33/Ptn/Mdk/Trp73/Tlr2/Lif/Aspa",8
"GO:0070229","negative regulation of lymphocyte apoptotic process","8/1138","58/25730",0.137931034482759,3.11859887279559,3.47470981533733,0.00384140564353325,0.029123730521102,0.0221842853447458,"Mif/Aurkb/Bcl11b/Cd44/Hif1a/Bcl3/Cd74/Blm",8
"GO:0009261","ribonucleotide catabolic process","16/1138","171/25730",0.0935672514619883,2.11554075581455,3.14845309255261,0.00390469772873051,0.0295609248800433,0.0225173073936499,"Gpr87/Slc29a1/Pkm/Gapdh/Urah/Eno1/Pgam1/Tpi1/Nupr1/Ran/Pfkl/Gda/Pgk1/Gale/Hif1a/Ddit4",16
"GO:0051642","centrosome localization","6/1138","35/25730",0.171428571428571,3.87597288476023,3.66252128848791,0.00398704060319225,0.0300543921508925,0.0228931939490099,"Aspm/Dlgap5/Gpsm2/Mad2l1/Aurka/Misp",6
"GO:0061003","positive regulation of dendritic spine morphogenesis","6/1138","35/25730",0.171428571428571,3.87597288476023,3.66252128848791,0.00398704060319225,0.0300543921508925,0.0228931939490099,"Camk2b/Ephb2/Caprin1/Kalrn/Lrp8/Dbn1",6
"GO:0071634","regulation of transforming growth factor beta production","6/1138","35/25730",0.171428571428571,3.87597288476023,3.66252128848791,0.00398704060319225,0.0300543921508925,0.0228931939490099,"Fn1/Myb/Cd24a/Hif1a/Fbln1/Ptgs2",6
"GO:0050671","positive regulation of lymphocyte proliferation","15/1138","157/25730",0.0955414012738854,2.16017597080586,3.13666770577302,0.00420582400439418,0.0316581652135917,0.0241148286302317,"Mif/Anxa1/Vtcn1/Cd276/Cd38/Ephb2/Cd24a/Tfrc/Bcl6/Il1a/Cd1d1/Syk/Irgm1/Cd74/Blm",15
"GO:0002082","regulation of oxidative phosphorylation","5/1138","25/25730",0.2,4.5219683655536,3.78993978995581,0.00425490884550148,0.0317712760434216,0.0242009880225771,"Nupr1/Tnf/Shmt2/Dnajc15/Ak4",5
"GO:0002495","antigen processing and presentation of peptide antigen via MHC class II","5/1138","25/25730",0.2,4.5219683655536,3.78993978995581,0.00425490884550148,0.0317712760434216,0.0242009880225771,"Lgmn/Ctss/Cd74/H2-Aa/Ctse",5
"GO:1903902","positive regulation of viral life cycle","5/1138","25/25730",0.2,4.5219683655536,3.78993978995581,0.00425490884550148,0.0317712760434216,0.0242009880225771,"Kpna2/Tyro3/Tmprss2/Cd74/Trim30a",5
"GO:2000345","regulation of hepatocyte proliferation","5/1138","25/25730",0.2,4.5219683655536,3.78993978995581,0.00425490884550148,0.0317712760434216,0.0242009880225771,"Plau/Ptn/Mdk/Tnf/Sulf2",5
"GO:0043087","regulation of GTPase activity","10/1138","85/25730",0.117647058823529,2.65998139150212,3.29759252663048,0.00425713329550225,0.0317712760434216,0.0242009880225771,"Arhgap11a/Ntrk2/Rgs10/Coro1c/Ezh2/Thy1/Epha4/Popdc1/Ect2/Rgs1",10
"GO:1901880","negative regulation of protein depolymerization","10/1138","85/25730",0.117647058823529,2.65998139150212,3.29759252663048,0.00425713329550225,0.0317712760434216,0.0242009880225771,"Vill/Cib1/Ckap2/Ccdc88c/Arhgef2/Sptbn2/Diaph3/Capza1/Capg/Tpx2",10
"GO:0070169","positive regulation of biomineral tissue development","8/1138","59/25730",0.135593220338983,3.0657412647821,3.41716694645896,0.00427534966477528,0.0318619675726657,0.0242700700641666,"Cd276/Ptn/Slc8a1/Tent5a/Fgfr3/Isg15/Ltf/Fbxo5",8
"GO:0007249","canonical NF-kappaB signal transduction","25/1138","319/25730",0.0783699059561129,1.77193117772477,2.98434278334489,0.00428931025456049,0.0319044720896594,0.024302446834469,"Slc39a8/Adam8/Tnip3/Trim12a/Trim59/Gapdh/Plcg2/Inava/Slco3a1/Tlr2/Tfrc/Tnf/Tnfsf10/S100a4/Tradd/Bcl3/Trim13/Ltf/Il1a/Tnfrsf11a/Nod2/Irgm1/Cd74/Stat1/Trim30a",25
"GO:0043523","regulation of neuron apoptotic process","26/1138","336/25730",0.0773809523809524,1.74957109381538,2.97510686947359,0.00429319790015021,0.0319044720896594,0.024302446834469,"Cntfr/Adam8/Mdk/Ntrk2/G6pdx/Clu/Kif14/Trp73/Myb/Nupr1/Pmaip1/Gclm/Birc5/Tyro3/Epha4/Lgmn/Hif1a/Fgfr3/Nos1/Tnf/Casp12/Cpe/Pcp4/Bok/Xrcc2/Lcn2",26
"GO:0016310","phosphorylation","33/1138","458/25730",0.0720524017467249,1.62909340680425,2.92222549596259,0.00433706111753611,0.0321277428505576,0.0244725178446136,"Chek1/Mif/Cib1/Nedd9/Ephb2/Plk1/Ntrk2/Arhgef2/Kif14/Chek2/Pask/Nek6/Ezh2/Thy1/Psmd10/Sema4d/Areg/Rap2b/Cenpe/Dapk2/Lyn/Fgfr3/Tnf/Tpx2/Tlr1/Bard1/Haspin/Melk/Ect2/Cdk1/Stat2/Syk/Cdkn1c",33
"GO:0001562","response to protozoan","7/1138","47/25730",0.148936170212766,3.36742325094417,3.49452072995521,0.00434770178278387,0.0321277428505576,0.0244725178446136,"Vtcn1/Gbp2b/Arg1/Bcl3/Il4ra/Tgtp1/Gbp2",7
"GO:0006284","base-excision repair","7/1138","47/25730",0.148936170212766,3.36742325094417,3.49452072995521,0.00434770178278387,0.0321277428505576,0.0244725178446136,"Neil3/Pole/Fen1/Dna2/Lig1/Pold1/Ung",7
"GO:1902991","regulation of amyloid precursor protein catabolic process","7/1138","47/25730",0.148936170212766,3.36742325094417,3.49452072995521,0.00434770178278387,0.0321277428505576,0.0244725178446136,"Ntrk2/Clu/Efna3/Epha4/Lyn/Tnf/Gsap",7
"GO:0002703","regulation of leukocyte mediated immunity","25/1138","320/25730",0.078125,1.76639389279438,2.96763409050804,0.00446341612120845,0.0329365004225129,0.0250885690313934,"Plcg2/Nsd2/Tlr2/Cd24a/Cxcl5/Lyn/Tfrc/Tnf/Bcl6/Arg1/Lgals9/Rigi/Susd4/Rsad2/Sectm1b/Ulbp1/Exosc6/Clec2d/Nod2/Nectin4/Cd1d1/Syk/Il4ra/Itgam/Bst2",25
"GO:0022408","negative regulation of cell-cell adhesion","19/1138","221/25730",0.085972850678733,1.94383255532847,3.03130776942652,0.00451943920034095,0.0330797628339143,0.0251976956493383,"Dapl1/Lgals3/Anxa1/Adam8/Vtcn1/Cd276/Mdk/Gpnmb/Il1rn/Cd44/Cd24a/Bcl6/Mad1l1/Arg1/Lgals9/Adamts18/Cd74/Il4ra/H2-Aa",19
"GO:0009120","deoxyribonucleoside metabolic process","4/1138","16/25730",0.25,5.652460456942,4.0044559581331,0.00452060710216034,0.0330797628339143,0.0251976956493383,"Urah/Dck/Gda/Cdk1",4
"GO:0032486","Rap protein signal transduction","4/1138","16/25730",0.25,5.652460456942,4.0044559581331,0.00452060710216034,0.0330797628339143,0.0251976956493383,"Kif14/Sgsm3/Rap2b/Cxcl13",4
"GO:0042939","tripeptide transport","4/1138","16/25730",0.25,5.652460456942,4.0044559581331,0.00452060710216034,0.0330797628339143,0.0251976956493383,"Abcc5/Gja1/Abcg2/Slc15a2",4
"GO:0045605","negative regulation of epidermal cell differentiation","4/1138","16/25730",0.25,5.652460456942,4.0044559581331,0.00452060710216034,0.0330797628339143,0.0251976956493383,"Reg3g/Msx2/Ezh2/Fgfr3",4
"GO:0045683","negative regulation of epidermis development","4/1138","16/25730",0.25,5.652460456942,4.0044559581331,0.00452060710216034,0.0330797628339143,0.0251976956493383,"Reg3g/Msx2/Ezh2/Fgfr3",4
"GO:0022604","regulation of cell morphogenesis","23/1138","287/25730",0.0801393728222996,1.81193854368873,2.97553872820028,0.00458669793683805,0.0334438161039409,0.0254750042728714,"Fn1/Palmd/Anxa1/Prag1/Ptn/Grip1/Camk2b/Ephb2/Gm14137/Cd44/P2ry1/Caprin1/Coro1c/Sh3kbp1/Kalrn/Lrp8/Rhov/Epha4/Sema4d/Cdc42ep2/Dbn1/Popdc1/Sgk1",23
"GO:0043122","regulation of canonical NF-kappaB signal transduction","23/1138","287/25730",0.0801393728222996,1.81193854368873,2.97553872820028,0.00458669793683805,0.0334438161039409,0.0254750042728714,"Slc39a8/Tnip3/Trim12a/Trim59/Gapdh/Plcg2/Inava/Slco3a1/Tlr2/Tfrc/Tnf/Tnfsf10/S100a4/Tradd/Trim13/Ltf/Il1a/Tnfrsf11a/Nod2/Irgm1/Cd74/Stat1/Trim30a",23
"GO:0050482","arachidonate secretion","6/1138","36/25730",0.166666666666667,3.76830697129467,3.57548776541743,0.00460855022064202,0.0334438161039409,0.0254750042728714,"Mif/Anxa1/Pla2r1/Pla2g4a/Syk/Pla2g4f",6
"GO:0061842","microtubule organizing center localization","6/1138","36/25730",0.166666666666667,3.76830697129467,3.57548776541743,0.00460855022064202,0.0334438161039409,0.0254750042728714,"Aspm/Dlgap5/Gpsm2/Mad2l1/Aurka/Misp",6
"GO:0072576","liver morphogenesis","6/1138","36/25730",0.166666666666667,3.76830697129467,3.57548776541743,0.00460855022064202,0.0334438161039409,0.0254750042728714,"Plau/Mki67/Ptn/Mdk/Tnf/Sulf2",6
"GO:1903963","arachidonate transport","6/1138","36/25730",0.166666666666667,3.76830697129467,3.57548776541743,0.00460855022064202,0.0334438161039409,0.0254750042728714,"Mif/Anxa1/Pla2r1/Pla2g4a/Syk/Pla2g4f",6
"GO:0015800","acidic amino acid transport","10/1138","86/25730",0.116279069767442,2.62905137532186,3.25519329132117,0.00463098999785968,0.0335140791305162,0.0255285254050493,"Cck/Ttyh3/Slc12a2/Gja1/Il1rn/Ntrk2/Ttyh2/Slc1a4/Gipc1/Tnf",10
"GO:0034103","regulation of tissue remodeling","10/1138","86/25730",0.116279069767442,2.62905137532186,3.25519329132117,0.00463098999785968,0.0335140791305162,0.0255285254050493,"Adam8/Mdk/Gpnmb/Gja1/Cd38/Ltbp3/Cd24a/Fgfr3/Tnfrsf11a/Syk",10
"GO:0034113","heterotypic cell-cell adhesion","8/1138","60/25730",0.133333333333333,3.01464557703573,3.36083355805288,0.00474603627709503,0.0342342316202835,0.0260770838499625,"Il1rn/Cd200r1/Cd44/Dsc2/Thy1/Tnf/Alox15/Nfasc",8
"GO:0046634","regulation of alpha-beta T cell activation","13/1138","129/25730",0.10077519379845,2.27851119194561,3.13153005289047,0.00475004850612613,0.0342342316202835,0.0260770838499625,"Dapl1/Lgals3/Anxa1/Cd44/Cd24a/Bcl6/Lgals9/Ikzf1/Cd1d1/Syk/Irgm1/Il4ra/Blm",13
"GO:1904064","positive regulation of cation transmembrane transport","13/1138","129/25730",0.10077519379845,2.27851119194561,3.13153005289047,0.00475004850612613,0.0342342316202835,0.0260770838499625,"Gsto1/Bak1/G6pdx/Thy1/Fxyd4/Gpr39/Nos1/P2ry6/Ctss/Kcne5/Lcn2/Fxyd6/Cxcl9",13
"GO:0014911","positive regulation of smooth muscle cell migration","9/1138","73/25730",0.123287671232877,2.78751474588921,3.28998399753584,0.00479555645530751,0.0343267760438497,0.0261475772882248,"Itga2/Plau/Igfbp5/Mdk/S100a11/Adamts1/Tlr2/F3/P2ry6",9
"GO:0034142","toll-like receptor 4 signaling pathway","9/1138","73/25730",0.123287671232877,2.78751474588921,3.28998399753584,0.00479555645530751,0.0343267760438497,0.0261475772882248,"S100a14/Tnip3/Mfhas1/Lyn/Ifi35/Ly96/Ltf/Oas1g/Oas1a",9
"GO:0050688","regulation of defense response to virus","9/1138","73/25730",0.123287671232877,2.78751474588921,3.28998399753584,0.00479555645530751,0.0343267760438497,0.0261475772882248,"Htra1/Rnf26rt/Dtx3l/C1qbp/Rigi/Parp9/Irgm1/Cgas/Stat1",9
"GO:1903409","reactive oxygen species biosynthetic process","9/1138","73/25730",0.123287671232877,2.78751474588921,3.28998399753584,0.00479555645530751,0.0343267760438497,0.0261475772882248,"Duoxa1/Duox1/Abcg2/Plcg2/Inava/Dmd/Ndufc2/Hif1a/Lcn2",9
"GO:2000401","regulation of lymphocyte migration","9/1138","73/25730",0.123287671232877,2.78751474588921,3.28998399753584,0.00479555645530751,0.0343267760438497,0.0261475772882248,"Adam8/Adam10/Nedd9/Ecm1/Cd200r1/Padi2/Ccl20/Lgals9/Cxcl13",9
"GO:0045740","positive regulation of DNA replication","7/1138","48/25730",0.145833333333333,3.29726859988284,3.42691737761424,0.00489961723520151,0.0349288859616672,0.0266062197075429,"E2f8/E2f7/Cdc7/Cacybp/Dna2/Cdk1/Cdt1",7
"GO:0060338","regulation of type I interferon-mediated signaling pathway","7/1138","48/25730",0.145833333333333,3.29726859988284,3.42691737761424,0.00489961723520151,0.0349288859616672,0.0266062197075429,"Ttll12/Isg15/Zbp1/Stat2/Oas1g/Oas1a/Usp18",7
"GO:1900087","positive regulation of G1/S transition of mitotic cell cycle","7/1138","48/25730",0.145833333333333,3.29726859988284,3.42691737761424,0.00489961723520151,0.0349288859616672,0.0266062197075429,"Anxa1/Rrm2/Adamts1/Tfdp1/Rrm1/Ccne2/Ccne1",7
"GO:0019751","polyol metabolic process","12/1138","115/25730",0.104347826086957,2.35928784289753,3.1426703794285,0.00495070775334841,0.0352452825692311,0.0268472270406941,"Myof/Plcg2/Akr1b8/Pla2g4a/P2ry1/Tpi1/Impa1/Plcd1/P2ry6/Coq3/Dhfr/Cyp2r1",12
"GO:0032946","positive regulation of mononuclear cell proliferation","15/1138","160/25730",0.09375,2.11967267135325,3.05612676913467,0.00501329233456835,0.0355943755754353,0.0271131400512502,"Mif/Anxa1/Vtcn1/Cd276/Cd38/Ephb2/Cd24a/Tfrc/Bcl6/Il1a/Cd1d1/Syk/Irgm1/Cd74/Blm",15
"GO:0050921","positive regulation of chemotaxis","15/1138","160/25730",0.09375,2.11967267135325,3.05612676913467,0.00501329233456835,0.0355943755754353,0.0271131400512502,"Itga2/Fn1/Smoc2/S100a14/Ptn/Mdk/Adam10/Nedd9/Hc/Lgmn/Dapk2/C1qbp/F3/Cd74/Cxcl13",15
"GO:0071677","positive regulation of mononuclear cell migration","11/1138","101/25730",0.108910891089109,2.46245802084602,3.16784500533886,0.00506026120863923,0.0358672853738547,0.0273210223772155,"Lgals3/S100a14/Adam8/Mdk/Adam10/Nedd9/Lgmn/Ccl20/C1qbp/Lgals9/Cxcl13",11
"GO:0051209","release of sequestered calcium ion into cytosol","13/1138","130/25730",0.1,2.2609841827768,3.1006089188779,0.00506997303085059,0.0358672853738547,0.0273210223772155,"Gsto1/Slc8a1/Plcg2/Calml3/Dmd/Thy1/Plch1/Gpr39/Lyn/Casq2/P2ry6/Ryr2/Cxcl9",13
"GO:0060333","type II interferon-mediated signaling pathway","5/1138","26/25730",0.192307692307692,4.34804650534,3.67420563578639,0.00507903698480166,0.0358672853738547,0.0273210223772155,"Ifngr2/Arg1/Parp9/Irgm1/Stat1",5
"GO:2000193","positive regulation of fatty acid transport","5/1138","26/25730",0.192307692307692,4.34804650534,3.67420563578639,0.00507903698480166,0.0358672853738547,0.0273210223772155,"Mif/Pla2r1/Pla2g4a/Il1a/Tnfrsf11a",5
"GO:0006195","purine nucleotide catabolic process","16/1138","176/25730",0.0909090909090909,2.05544016616073,3.02235981247099,0.00516024825409804,0.0363918715799075,0.0277206130160095,"Gpr87/Slc29a1/Pkm/Gapdh/Urah/Eno1/Pgam1/Tpi1/Nupr1/Ran/Pfkl/Gda/Pgk1/Gale/Hif1a/Ddit4",16
"GO:0009141","nucleoside triphosphate metabolic process","24/1138","307/25730",0.0781758957654723,1.76754463800141,2.91034912858196,0.00522085906484951,0.0367699645130286,0.0280086160075601,"Gpr87/Pkm/Gapdh/Ak1/Eno1/Pgam1/Tpi1/Nupr1/Ran/Pfkl/Ndufc2/Tspo/Dut/Pgk1/Gale/Nme1/Hif1a/Tyms/Ddit4/Enpp3/Dctpp1/Cmpk2/Ak4/Fignl1",24
"GO:0015909","long-chain fatty acid transport","9/1138","74/25730",0.121621621621622,2.74984562770152,3.24270008189485,0.0052504396464425,0.0369287950500788,0.0281296012622763,"Mif/Anxa1/Pla2r1/Abcd3/Pla2g4a/Slc2a1/Syk/Fabp5/Pla2g4f",9
"GO:0010574","regulation of vascular endothelial growth factor production","6/1138","37/25730",0.162162162162162,3.66646083693535,3.49151829874052,0.00529850506394278,0.0371673506087522,0.0283113150911538,"Hc/Hif1a/Ptgs2/Il1a/Brca1/Sulf2",6
"GO:1902253","regulation of intrinsic apoptotic signaling pathway by p53 class mediator","6/1138","37/25730",0.162162162162162,3.66646083693535,3.49151829874052,0.00529850506394278,0.0371673506087522,0.0283113150911538,"Mif/Cd44/Trp73/Knl1/Muc1/Cd74",6
"GO:0016485","protein processing","22/1138","274/25730",0.0802919708029197,1.81538875989378,2.91897637578403,0.00536181295874161,0.0375612870469713,0.0286113864829974,"Plau/Anpep/Plat/Adam10/Bace2/Rnpep/Mafb/Anxa2/Il1r2/Eno1/Pgk1/Bmp1/Lgmn/Plaur/Casp12/F3/Fam111a/Cpe/Hp/Tmprss2/Ctss/Ctse",22
"GO:0007163","establishment or maintenance of cell polarity","20/1138","241/25730",0.0829875518672199,1.87633542139154,2.94027633351135,0.00538881021068169,0.0376764989596728,0.0286991463235381,"Gja1/Gpsm2/Plk1/Kif20b/Arhgef2/Ust/Cenpa/Diaph3/Kif26b/Ndc80/Pdlim1/Rhov/Wnt7b/Ska1/Mad2l1/Spag5/Sapcd2/Spdl1/Kif2c/Misp",20
"GO:0045621","positive regulation of lymphocyte differentiation","14/1138","146/25730",0.0958904109589041,2.16806702458049,3.04470785576256,0.0053985403559286,0.0376764989596728,0.0286991463235381,"Anxa1/Adam8/Mdk/Sox4/Actl6a/Il1rl2/Bcl6/Lgals9/Ikzf1/Cd1d1/Syk/Cd74/Il4ra/H2-Aa",14
"GO:0043549","regulation of kinase activity","13/1138","131/25730",0.099236641221374,2.24372476153423,3.06996969186729,0.0054069433223436,0.0376764989596728,0.0286991463235381,"Cib1/Nedd9/Kif14/Ezh2/Thy1/Psmd10/Rap2b/Cenpe/Lyn/Tnf/Tpx2/Tlr1/Ect2",13
"GO:0051283","negative regulation of sequestering of calcium ion","13/1138","131/25730",0.099236641221374,2.24372476153423,3.06996969186729,0.0054069433223436,0.0376764989596728,0.0286991463235381,"Gsto1/Slc8a1/Plcg2/Calml3/Dmd/Thy1/Plch1/Gpr39/Lyn/Casq2/P2ry6/Ryr2/Cxcl9",13
"GO:0051961","negative regulation of nervous system development","16/1138","177/25730",0.0903954802259887,2.04382750985474,2.9976441984834,0.00544697088230087,0.0377766611879627,0.0287754424371675,"Ptn/Ephb2/Sema3f/Mdga1/Arhgef2/Igdcc4/Tspo/Wnt7b/Id4/Cit/Thy1/Tlr2/Cd24a/Lingo1/Fgfr3/Ntm",16
"GO:0070665","positive regulation of leukocyte proliferation","16/1138","177/25730",0.0903954802259887,2.04382750985474,2.9976441984834,0.00544697088230087,0.0377766611879627,0.0287754424371675,"Mif/Anxa1/Vtcn1/Cd276/Cd38/Ephb2/Cd24a/Lyn/Tfrc/Bcl6/Il1a/Cd1d1/Syk/Irgm1/Cd74/Blm",16
"GO:1901879","regulation of protein depolymerization","11/1138","102/25730",0.107843137254902,2.43831627554361,3.13099794433358,0.00545121793709179,0.0377766611879627,0.0287754424371675,"Vill/Cib1/Aurkb/Ckap2/Ccdc88c/Arhgef2/Sptbn2/Diaph3/Capza1/Capg/Tpx2",11
"GO:0007405","neuroblast proliferation","10/1138","88/25730",0.113636363636364,2.56930020770091,3.17217457414423,0.00545583890511862,0.0377766611879627,0.0287754424371675,"Aspm/Ptn/Racgap1/Cip2a/Arhgef2/Id4/Cd24a/Hif1a/Fgfr3/Wdr62",10
"GO:0015833","peptide transport","28/1138","377/25730",0.0742705570291777,1.67924554688993,2.85804101012496,0.00546982140730145,0.0377766611879627,0.0287754424371675,"Tbc1d1/Anxa1/Abcc5/Sox4/Gja1/Abcg2/Slc15a2/Vsnl1/Il1rn/Cd38/Birc5/Inhbb/Pfkl/C1qtnf12/Kalrn/Pask/Slco3a1/Gpr39/Lif/Hif1a/Dynll1/Nos1/Gpr27/Tnf/Cpe/Slc15a3/Cd74/Mmp7",28
"GO:0043524","negative regulation of neuron apoptotic process","19/1138","225/25730",0.0844444444444444,1.90927553212263,2.94686173361345,0.00547164810887697,0.0377766611879627,0.0287754424371675,"Cntfr/Adam8/Mdk/Ntrk2/Clu/Kif14/Trp73/Gclm/Birc5/Tyro3/Epha4/Lgmn/Hif1a/Nos1/Cpe/Pcp4/Bok/Xrcc2/Lcn2",19
"GO:0061351","neural precursor cell proliferation","19/1138","225/25730",0.0844444444444444,1.90927553212263,2.94686173361345,0.00547164810887697,0.0377766611879627,0.0287754424371675,"Aspm/Ptn/Racgap1/Mdk/Cip2a/Shcbp1/Arhgef2/Kif14/Tacc3/Rrm1/Wnt7b/Id4/Cd24a/Hif1a/Lyn/Fgfr3/Melk/Dbn1/Wdr62",19
"GO:0030501","positive regulation of bone mineralization","7/1138","49/25730",0.142857142857143,3.22997740396686,3.36107494508619,0.00550259992557079,0.0379404986994081,0.0289002416314686,"Cd276/Ptn/Slc8a1/Tent5a/Fgfr3/Isg15/Ltf",7
"GO:0036294","cellular response to decreased oxygen levels","17/1138","193/25730",0.0880829015544041,1.99154047187594,2.97433458667769,0.00551151190521977,0.037952140956782,0.0289091098346493,"Dram1/Adam8/Ccna2/Fam162a/Slc29a1/Eno1/Pgk1/Epha4/Hif1a/Aqp3/E2f1/Ptgs2/Stc2/Clca1/Ccnb1/Lcn2/Ak4",17
"GO:0009165","nucleotide biosynthetic process","20/1138","242/25730",0.0826446280991736,1.86858196923703,2.92035920356067,0.00563759862679661,0.0387695591429181,0.0295317580312493,"Slc4a7/Ak1/G6pdx/Eno1/Rrm2/Ndufc2/Dck/Dut/Rrm1/Ak6/Nme1/Gmpr/Tyms/Umps/Shmt2/Dhfr/Oas1a/Cmpk2/Ak4/Prps2",20
"GO:0032306","regulation of prostaglandin secretion","4/1138","17/25730",0.235294117647059,5.31996278300424,3.832778754759,0.00570699564420659,0.0390423894722154,0.0297395798235656,"Mif/Pla2g4a/Il1a/Tnfrsf11a",4
"GO:0043518","negative regulation of DNA damage response, signal transduction by p53 class mediator","4/1138","17/25730",0.235294117647059,5.31996278300424,3.832778754759,0.00570699564420659,0.0390423894722154,0.0297395798235656,"Mif/Cd44/Psmd10/Cd74",4
"GO:0098792","xenophagy","4/1138","17/25730",0.235294117647059,5.31996278300424,3.832778754759,0.00570699564420659,0.0390423894722154,0.0297395798235656,"Tlr2/Nod2/Irgm1/Rnf213",4
"GO:1901163","regulation of trophoblast cell migration","4/1138","17/25730",0.235294117647059,5.31996278300424,3.832778754759,0.00570699564420659,0.0390423894722154,0.0297395798235656,"Gja1/Arhgdib/C1qbp/Timp1",4
"GO:0002639","positive regulation of immunoglobulin production","8/1138","62/25730",0.129032258064516,2.91739894551845,3.25160642532736,0.00580553052246935,0.0395619421077224,0.0301353362638112,"Il33/Ephb2/Il13ra1/Nsd2/Tfrc/Tnf/Exosc6/Il4ra",8
"GO:0042987","amyloid precursor protein catabolic process","8/1138","62/25730",0.129032258064516,2.91739894551845,3.25160642532736,0.00580553052246935,0.0395619421077224,0.0301353362638112,"Adam10/Ntrk2/Clu/Efna3/Epha4/Lyn/Tnf/Gsap",8
"GO:0061900","glial cell activation","8/1138","62/25730",0.129032258064516,2.91739894551845,3.25160642532736,0.00580553052246935,0.0395619421077224,0.0301353362638112,"Il33/Ifngr2/Clu/Tlr2/Tnf/Ctsc/Tlr1/Itgam",8
"GO:0002504","antigen processing and presentation of peptide or polysaccharide antigen via MHC class II","5/1138","27/25730",0.185185185185185,4.18700774588297,3.56417280700718,0.00601007524782291,0.0408498516844264,0.031116369704123,"Lgmn/Ctss/Cd74/H2-Aa/Ctse",5
"GO:0035739","CD4-positive, alpha-beta T cell proliferation","5/1138","27/25730",0.185185185185185,4.18700774588297,3.56417280700718,0.00601007524782291,0.0408498516844264,0.031116369704123,"Cd44/Cd24a/Lgals9/Irgm1/Lilrb4a",5
"GO:0090596","sensory organ morphogenesis","26/1138","345/25730",0.0753623188405797,1.70393010875933,2.83162778087708,0.00602872895365298,0.04092369757428,0.0311726199942726,"Col8a1/Krt13/Slc4a7/Stra6/Slitrk6/Ptn/Gjb6/Sox4/Grhl3/Bak1/Ephb2/Adamts9/Mafb/Ntrk2/Myo7a/Prom1/Thy1/Hif1a/Fgfr3/Itga8/Tprn/Celsr1/Strc/Ikzf1/Lctl/Atp8a2",26
"GO:0042063","gliogenesis","30/1138","415/25730",0.072289156626506,1.63444639718805,2.80295210858229,0.00604223141049842,0.0409320168595347,0.0311789570051792,"Fn1/Tenm4/Il33/Ptn/Mdk/Sox4/Ntrk2/Clu/P2ry1/Trp73/Myb/Dmd/Tspo/Lrp8/Ezh2/Id4/Tlr2/Epha4/Lif/Areg/Lyn/Lingo1/Fgfr3/Cdkn2c/Tnf/E2f1/Bok/Ntm/Itgam/Aspa",30
"GO:0030856","regulation of epithelial cell differentiation","16/1138","179/25730",0.0893854748603352,2.02099144829211,2.94869822557356,0.00605920287860079,0.0409320168595347,0.0311789570051792,"Reg3g/Msx2/Trp73/Sfn/Ezh2/Prom1/Cd24a/Lif/Fgfr3/Tnf/Il1a/Fst/Stat1/Cdkn1c/Dmbt1/Krt36",16
"GO:2001235","positive regulation of apoptotic signaling pathway","16/1138","179/25730",0.0893854748603352,2.02099144829211,2.94869822557356,0.00605920287860079,0.0409320168595347,0.0311789570051792,"Camk2b/Srpx/Clu/Trp73/Nupr1/Pmaip1/Trps1/Inhbb/Tnf/Ctsc/Tnfsf10/Knl1/Bok/Bub1/Eef1e1/Siah1b",16
"GO:0007026","negative regulation of microtubule depolymerization","6/1138","38/25730",0.157894736842105,3.56997502543705,3.41041636819218,0.00606111707588847,0.0409320168595347,0.0311789570051792,"Cib1/Ckap2/Ccdc88c/Arhgef2/Diaph3/Tpx2",6
"GO:0019364","pyridine nucleotide catabolic process","13/1138","133/25730",0.0977443609022556,2.20998453955627,3.00951676446909,0.00613455980434485,0.0413217656564459,0.0314758385642633,"Gpr87/Pkm/Gapdh/Eno1/Pgam1/Tpi1/Nupr1/Ran/Pfkl/Pgk1/Gale/Hif1a/Ddit4",13
"GO:0051282","regulation of sequestering of calcium ion","13/1138","133/25730",0.0977443609022556,2.20998453955627,3.00951676446909,0.00613455980434485,0.0413217656564459,0.0314758385642633,"Gsto1/Slc8a1/Plcg2/Calml3/Dmd/Thy1/Plch1/Gpr39/Lyn/Casq2/P2ry6/Ryr2/Cxcl9",13
"GO:1901293","nucleoside phosphate biosynthetic process","25/1138","329/25730",0.0759878419452888,1.71807308721641,2.81985548177356,0.00631317505085232,0.0424704503420974,0.032350820868442,"Slc4a7/Ak1/G6pdx/Eno1/Rrm2/Slc2a1/Ndufc2/Dck/Dut/Rrm1/Ak6/Pgk1/Uxs1/Nme1/Gmpr/Gnpda1/Tyms/Umps/Shmt2/Dhfr/Slc35c1/Oas1a/Cmpk2/Ak4/Prps2",25
"GO:0019216","regulation of lipid metabolic process","29/1138","399/25730",0.0726817042606516,1.64332183710595,2.78595587286881,0.00638394287032519,0.0427695735137712,0.0325786705866925,"Idh1/Anxa1/Ccdc3/Apobec1/Zfp750/Bcl11b/Lactb/Dkk3/Plcg2/Pla2g4a/Tspo/Pgk1/Gpr39/Nme1/Igfbp7/Sec14l2/Tnf/Psapl1/Rab38/Ptgs2/Fmo1/Dnajc15/Il1a/Paqr4/Cd74/Brca1/Fabp5/Fdps/Rnf213",29
"GO:1902903","regulation of supramolecular fiber organization","29/1138","399/25730",0.0726817042606516,1.64332183710595,2.78595587286881,0.00638394287032519,0.0427695735137712,0.0325786705866925,"Vill/Cib1/Map3k1/Tacstd2/Sh3pxd2b/Cotl1/Gja1/Aurkb/Gm14137/Ckap2/Ccdc88c/Arhgef2/Clu/Sptbn2/Diaph3/Capza1/Togaram2/Gda/Ska1/Cit/Tlr2/Mtss1/Capg/Tpx2/Cdc42ep2/Dbn1/Sgk1/Alox15/Csf3",29
"GO:0007140","male meiotic nuclear division","8/1138","63/25730",0.126984126984127,2.87109102574832,3.19862475943798,0.00639834122227335,0.0427695735137712,0.0325786705866925,"Sgo2a/Fanca/Trip13/Kif18a/Hspa2/Chtf18/Mybl1/Fignl1",8
"GO:0046850","regulation of bone remodeling","8/1138","63/25730",0.126984126984127,2.87109102574832,3.19862475943798,0.00639834122227335,0.0427695735137712,0.0325786705866925,"Adam8/Mdk/Gja1/Cd38/Ltbp3/Fgfr3/Tnfrsf11a/Syk",8
"GO:1900024","regulation of substrate adhesion-dependent cell spreading","8/1138","63/25730",0.126984126984127,2.87109102574832,3.19862475943798,0.00639834122227335,0.0427695735137712,0.0325786705866925,"Cib1/Tacstd2/Mdk/Nedd9/Coro1c/C1qbp/Fbln1/Dbn1",8
"GO:0072523","purine-containing compound catabolic process","17/1138","196/25730",0.086734693877551,1.96105770955131,2.90538530121489,0.00641189801188531,0.0428057333601593,0.032606214460226,"Gpr87/Slc29a1/Pkm/Gapdh/Urah/Eno1/Pgam1/Tpi1/Nupr1/Ran/Pfkl/Gda/Pgk1/Gale/Nme1/Hif1a/Ddit4",17
"GO:0001649","osteoblast differentiation","20/1138","245/25730",0.0816326530612245,1.84570137369535,2.86116839224788,0.00644112467502324,0.0428621548288664,0.0326491921261696,"Gdpd2/Igfbp5/Sh3pxd2b/Cd276/Gpnmb/Gja1/Clic1/Msx2/Tent5a/Wnt7b/Erh/Id4/Sema4d/Areg/Tnf/Ltf/Fbxo5/Noct/Ifitm1/Fignl1",20
"GO:0072330","monocarboxylic acid biosynthetic process","20/1138","245/25730",0.0816326530612245,1.84570137369535,2.86116839224788,0.00644112467502324,0.0428621548288664,0.0326491921261696,"Mif/Anxa1/Fads2b/Abcd3/Hacd3/Pla2g4a/Ldha/Acsm1/Nme1/Fasn/Osbpl3/Shmt2/Dhrs9/Ptgs2/Hacd1/Alox15/Cd74/Brca1/Fabp5/Pla2g4f",20
"GO:0050864","regulation of B cell activation","14/1138","149/25730",0.0939597315436242,2.12441466838089,2.96105542977841,0.00644482343258555,0.0428621548288664,0.0326491921261696,"Mif/Cd38/Ephb2/Sh3kbp1/Nsd2/Cd24a/Lyn/Tfrc/Bcl6/Exosc6/Nod2/Syk/Cd74/Lilrb4a",14
"GO:0002532","production of molecular mediator involved in inflammatory response","12/1138","119/25730",0.100840336134454,2.27998404985896,3.0105817865986,0.00649337715439396,0.0431304722745713,0.0328535763404163,"Il33/Reg3g/Ephb2/Il1r2/Ezh2/Hif1a/Lyn/Tnf/Il22ra1/Nod2/Syk/Il4ra",12
"GO:1905039","carboxylic acid transmembrane transport","15/1138","165/25730",0.0909090909090909,2.05544016616073,2.92575766047714,0.00663474584586853,0.0440138316593349,0.0335264536230624,"Ttyh3/Abcc5/Slc43a2/Slc16a14/Abcd3/Lrrc8d/Ttyh2/Slc16a3/Slc1a4/Slc2a1/Slc25a10/Tnf/Arg1/Slc16a12/Slc6a14",15
"GO:0006633","fatty acid biosynthetic process","16/1138","181/25730",0.0883977900552486,1.99866005107342,2.90038513792619,0.00672589683089117,0.044562247098994,0.0339441955944093,"Mif/Anxa1/Fads2b/Abcd3/Hacd3/Pla2g4a/Acsm1/Nme1/Fasn/Ptgs2/Hacd1/Alox15/Cd74/Brca1/Fabp5/Pla2g4f",16
"GO:0045580","regulation of T cell differentiation","17/1138","197/25730",0.0862944162436548,1.95110310188861,2.88267344856122,0.00673721167265997,0.0445809951236215,0.0339584764410092,"Anxa1/Adam8/Mdk/Sox4/Cd44/Actl6a/Fanca/Il1rl2/Bcl6/Lgals9/Ikzf1/Cd1d1/Fancd2/Syk/Cd74/Il4ra/H2-Aa",17
"GO:0051865","protein autoubiquitination","9/1138","77/25730",0.116883116883117,2.64270878506379,3.10543555575256,0.00681729036065984,0.0450541428363607,0.0343188850727954,"Trim17/Dtx3l/Sh3rf2/Rad18/Trim13/Uhrf1/Brca1/Rnf213/Trim30a",9
"GO:0006739","NADP+ metabolic process","7/1138","51/25730",0.137254901960784,3.10331162341914,3.23433734771094,0.00687301488811965,0.0450561594297482,0.0343204211632045,"Idh1/Pgd/G6pdx/Tkt/Me1/Noct/Prps2",7
"GO:0016051","carbohydrate biosynthetic process","19/1138","230/25730",0.0826086956521739,1.86776954229388,2.84370073380148,0.00688700999729421,0.0450561594297482,0.0343204211632045,"Gsto1/Ppp1r3b/Has3/Pgd/Gapdh/G6pdx/P2ry1/Eno1/Pgam1/Tpi1/C1qtnf12/Pask/Pgk1/Plcd1/Hif1a/Pgm2/Gnpda1/Slc25a10/P2ry6",19
"GO:0042886","amide transport","30/1138","419/25730",0.0715990453460621,1.61884309029365,2.74737894215082,0.00688954685080166,0.0450561594297482,0.0343204211632045,"Slc14a1/Tbc1d1/Anxa1/Abcc5/Sox4/Gja1/Abcg2/Slc15a2/Vsnl1/Il1rn/Cd38/Birc5/Inhbb/Pfkl/C1qtnf12/Kalrn/Pask/Slco3a1/Gpr39/Lif/Hif1a/Dynll1/Aqp3/Nos1/Gpr27/Tnf/Cpe/Slc15a3/Cd74/Mmp7",30
"GO:0001556","oocyte maturation","6/1138","39/25730",0.153846153846154,3.478437204272,3.33200295675625,0.00690058430599981,0.0450561594297482,0.0343204211632045,"Bnc1/Aurka/Trip13/Cdc25b/Fbxo5/Ccnb1",6
"GO:0044342","type B pancreatic cell proliferation","6/1138","39/25730",0.153846153846154,3.478437204272,3.33200295675625,0.00690058430599981,0.0450561594297482,0.0343204211632045,"Igfbp5/Igfbp4/Nupr1/Birc5/Cdk4/Tcf19",6
"GO:0045589","regulation of regulatory T cell differentiation","6/1138","39/25730",0.153846153846154,3.478437204272,3.33200295675625,0.00690058430599981,0.0450561594297482,0.0343204211632045,"Mdk/Cd44/Fanca/Bcl6/Lgals9/Fancd2",6
"GO:0070296","sarcoplasmic reticulum calcium ion transport","6/1138","39/25730",0.153846153846154,3.478437204272,3.33200295675625,0.00690058430599981,0.0450561594297482,0.0343204211632045,"Gsto1/Slc8a1/Calml3/Dmd/Casq2/Ryr2",6
"GO:0071604","transforming growth factor beta production","6/1138","39/25730",0.153846153846154,3.478437204272,3.33200295675625,0.00690058430599981,0.0450561594297482,0.0343204211632045,"Fn1/Myb/Cd24a/Hif1a/Fbln1/Ptgs2",6
"GO:2000191","regulation of fatty acid transport","6/1138","39/25730",0.153846153846154,3.478437204272,3.33200295675625,0.00690058430599981,0.0450561594297482,0.0343204211632045,"Mif/Pla2r1/Pla2g4a/Il1a/Tnfrsf11a/Syk",6
"GO:0045670","regulation of osteoclast differentiation","10/1138","91/25730",0.10989010989011,2.48459800305143,3.05186055796489,0.00690335141624425,0.0450561594297482,0.0343204211632045,"Adam8/Nedd9/Tfe3/Mafb/Coro1c/Fgfr3/Tnf/Ltf/Tnfrsf11a/Clec2d",10
"GO:0051208","sequestering of calcium ion","13/1138","135/25730",0.0962962962962963,2.17724402785914,2.9501321651336,0.00693806809797191,0.0452265630108491,0.0344502218995549,"Gsto1/Slc8a1/Plcg2/Calml3/Dmd/Thy1/Plch1/Gpr39/Lyn/Casq2/P2ry6/Ryr2/Cxcl9",13
"GO:0051345","positive regulation of hydrolase activity","8/1138","64/25730",0.125,2.826230228471,3.14667636835364,0.00703589218883458,0.045704326522586,0.0348141465026891,"Arhgap11a/Rgs10/Coro1c/Ezh2/Thy1/Fgfr3/Ect2/Rgs1",8
"GO:0090102","cochlea development","8/1138","64/25730",0.125,2.826230228471,3.14667636835364,0.00703589218883458,0.045704326522586,0.0348141465026891,"Slitrk6/Ccna2/Adam10/Grhl3/Myo7a/Epha4/Fgfr3/Mcm2",8
"GO:0006691","leukotriene metabolic process","5/1138","28/25730",0.178571428571429,4.03747175495857,3.45934171311565,0.00705485512177717,0.045704326522586,0.0348141465026891,"Pla2g4a/Mgst3/Ggt5/Tlr2/Syk",5
"GO:0006740","NADPH regeneration","5/1138","28/25730",0.178571428571429,4.03747175495857,3.45934171311565,0.00705485512177717,0.045704326522586,0.0348141465026891,"Idh1/Pgd/G6pdx/Tkt/Prps2",5
"GO:0090200","positive regulation of release of cytochrome c from mitochondria","5/1138","28/25730",0.178571428571429,4.03747175495857,3.45934171311565,0.00705485512177717,0.045704326522586,0.0348141465026891,"Fam162a/Bak1/Pmaip1/Plaur/Tnfsf10",5
"GO:0016075","rRNA catabolic process","4/1138","18/25730",0.222222222222222,5.02440929505956,3.67414359529367,0.00708407601926487,0.0457807323557412,0.0348723467666797,"Exosc9/Slfn9/Slfn8/Exosc6",4
"GO:0045837","negative regulation of membrane potential","4/1138","18/25730",0.222222222222222,5.02440929505956,3.67414359529367,0.00708407601926487,0.0457807323557412,0.0348723467666797,"Ptn/Il1rn/Pmaip1/Ltf",4
"GO:0051258","protein polymerization","23/1138","298/25730",0.0771812080536913,1.74505490617001,2.78286291223341,0.00715241248372978,0.0461655714858922,0.0351654885078761,"Vill/Map3k1/Cotl1/Ube2c/Gm14137/Sptbn2/Diaph3/Capza1/Gda/Ska1/Tlr2/Mtss1/Capg/Tpx2/Tubg1/Casq2/Cdc42ep2/Dbn1/Cdk1/Sgk1/Alox15/Fbxo5/Csf3",23
"GO:0032637","interleukin-8 production","11/1138","106/25730",0.10377358490566,2.34630434061744,2.98784714199132,0.00725885444058921,0.0467377711162448,0.035601347501445,"Anxa1/Tlr2/Tnf/Tlr1/Nlrp10/F3/Rigi/Bcl3/Nod2/Syk/Cd74",11
"GO:0032677","regulation of interleukin-8 production","11/1138","106/25730",0.10377358490566,2.34630434061744,2.98784714199132,0.00725885444058921,0.0467377711162448,0.035601347501445,"Anxa1/Tlr2/Tnf/Tlr1/Nlrp10/F3/Rigi/Bcl3/Nod2/Syk/Cd74",11
"GO:0030316","osteoclast differentiation","13/1138","136/25730",0.0955882352941176,2.16123488059547,2.9208288073412,0.00736993558119794,0.0473949100901028,0.0361019069506082,"Sh3pxd2a/Adam8/Nedd9/Tfe3/Mafb/Anxa2/Coro1c/Tfrc/Fgfr3/Tnf/Ltf/Tnfrsf11a/Clec2d",13
"GO:0042130","negative regulation of T cell proliferation","9/1138","78/25730",0.115384615384615,2.608827903204,3.06113113858403,0.00741204482277154,0.047549308301394,0.0362195159902029,"Vtcn1/Cd276/Gpnmb/Cd44/Cd24a/Mad1l1/Arg1/Lgals9/H2-Aa",9
"GO:0042982","amyloid precursor protein metabolic process","9/1138","78/25730",0.115384615384615,2.608827903204,3.06113113858403,0.00741204482277154,0.047549308301394,0.0362195159902029,"Adam10/Bace2/Ntrk2/Clu/Efna3/Epha4/Lyn/Tnf/Gsap",9
"GO:0001932","regulation of protein phosphorylation","17/1138","199/25730",0.085427135678392,1.93149402548772,2.83764693335832,0.00742785343422163,0.0475926121260981,0.0362525016134925,"Cib1/Nedd9/Arhgef2/Kif14/Ezh2/Thy1/Psmd10/Sema4d/Rap2b/Cenpe/Lyn/Fgfr3/Tnf/Tpx2/Tlr1/Ect2/Stat2",17
"GO:0071214","cellular response to abiotic stimulus","29/1138","404/25730",0.0717821782178218,1.6229836955576,2.71499929638859,0.0075357190956946,0.0481662629303886,0.0366894660031129,"Itga2/Chek1/Gja1/Aurkb/Bak1/Pbk/Lrrc8d/Slc2a1/Tspo/Chek2/H2ax/H2ac25/Trpv3/Tmem150c/Nos1/Tnf/Bard1/Rad51ap1/Timp1/Ptgs2/Ect2/Ddias/Rad51/Pold1/Mmp3/Lcn2/Brca1/Blm/Fignl1",29
"GO:0104004","cellular response to environmental stimulus","29/1138","404/25730",0.0717821782178218,1.6229836955576,2.71499929638859,0.0075357190956946,0.0481662629303886,0.0366894660031129,"Itga2/Chek1/Gja1/Aurkb/Bak1/Pbk/Lrrc8d/Slc2a1/Tspo/Chek2/H2ax/H2ac25/Trpv3/Tmem150c/Nos1/Tnf/Bard1/Rad51ap1/Timp1/Ptgs2/Ect2/Ddias/Rad51/Pold1/Mmp3/Lcn2/Brca1/Blm/Fignl1",29
"GO:0031111","negative regulation of microtubule polymerization or depolymerization","7/1138","52/25730",0.134615384615385,3.043632553738,3.17328841409145,0.0076460937866789,0.0488123654376803,0.037181618695342,"Cib1/Ckap2/Ccdc88c/Arhgef2/Diaph3/Tpx2/Sgk1",7
"GO:0032613","interleukin-10 production","8/1138","65/25730",0.123076923076923,2.7827497634176,3.09572297949125,0.00772022222132686,0.0490472159018758,0.0373605102596382,"Plcg2/Inava/Tlr2/Lgals9/Isg15/Bcl3/Nod2/Syk",8
"GO:0032653","regulation of interleukin-10 production","8/1138","65/25730",0.123076923076923,2.7827497634176,3.09572297949125,0.00772022222132686,0.0490472159018758,0.0373605102596382,"Plcg2/Inava/Tlr2/Lgals9/Isg15/Bcl3/Nod2/Syk",8
"GO:0039532","negative regulation of cytoplasmic pattern recognition receptor signaling pathway","8/1138","65/25730",0.123076923076923,2.7827497634176,3.09572297949125,0.00772022222132686,0.0490472159018758,0.0373605102596382,"Aurkb/C1qbp/Enpp3/Ifi202b/Irgm1/Cgas/Dhx58/Trim30a",8
"GO:0061001","regulation of dendritic spine morphogenesis","8/1138","65/25730",0.123076923076923,2.7827497634176,3.09572297949125,0.00772022222132686,0.0490472159018758,0.0373605102596382,"Adam10/Camk2b/Ephb2/Caprin1/Kalrn/Lrp8/Epha4/Dbn1",8
"GO:1905475","regulation of protein localization to membrane","17/1138","200/25730",0.085,1.92183655536028,2.81532914264035,0.00779394350157115,0.0494557719290517,0.0376717177637598,"Lgals3/Cib1/Ptn/Grip1/Adam10/Camk2b/Ephb2/Neto2/Dsg3/Gpc2/Sfn/Kalrn/Lyn/Tnf/Lypd1/Dbn1/Kif2c",17
"GO:0034767","positive regulation of monoatomic ion transmembrane transport","13/1138","137/25730",0.0948905109489051,2.14545944351083,2.89177874792122,0.00782277662660418,0.0495191185496125,0.0377199704937845,"Gsto1/Bak1/G6pdx/Thy1/Fxyd4/Gpr39/Nos1/P2ry6/Ctss/Kcne5/Lcn2/Fxyd6/Cxcl9",13
"GO:0072526","pyridine-containing compound catabolic process","13/1138","137/25730",0.0948905109489051,2.14545944351083,2.89177874792122,0.00782277662660418,0.0495191185496125,0.0377199704937845,"Gpr87/Pkm/Gapdh/Eno1/Pgam1/Tpi1/Nupr1/Ran/Pfkl/Pgk1/Gale/Hif1a/Ddit4",13
