"ID","Description","GeneRatio","BgRatio","RichFactor","FoldEnrichment","zScore","pvalue","p.adjust","qvalue","geneID","Count"
"GO:0090068","positive regulation of cell cycle process","34/407","277/25730",0.122743682310469,7.7596927416422,14.3399762529636,2.08168340860226e-20,8.17685242898966e-17,6.2494327171933e-17,"Camk2b/Ncapd2/Ccnd2/Gja1/Chek1/Wnt4/Nusap1/Gpsm2/Kif23/Ccn2/Racgap1/Tbx2/Adamts1/E2f8/Aurkb/Edn1/Msx2/Mad2l1/Ncapg/Kif14/Cdc20/Rrm2/Ska1/Ndc80/Cdc25c/Ube2c/E2f7/Wnt5a/Incenp/Ncaph/Cdc7/Cenpe/Fam83d/Smc2",34
"GO:0045787","positive regulation of cell cycle","35/407","357/25730",0.0980392156862745,6.19790913908561,12.5379912542901,8.26059507358839e-18,1.62238087245276e-14,1.23995879736179e-14,"Smoc2/Camk2b/Ncapd2/Ccnd2/Gja1/Chek1/Wnt4/Nusap1/Gpsm2/Kif23/Ccn2/Racgap1/Tbx2/Adamts1/E2f8/Aurkb/Edn1/Msx2/Mad2l1/Ncapg/Kif14/Cdc20/Rrm2/Ska1/Ndc80/Cdc25c/Ube2c/E2f7/Wnt5a/Incenp/Ncaph/Cdc7/Cenpe/Fam83d/Smc2",35
"GO:0000280","nuclear division","38/407","467/25730",0.0813704496788009,5.14413186790061,11.4577838805679,1.61286817907392e-16,2.11178206913411e-13,1.61400001639257e-13,"Camk2b/Mki67/Ncapd2/Gja1/Chek1/Wnt4/Nusap1/Nuf2/Aspm/Kif23/Racgap1/Knstrn/Fgfr3/Aurkb/Edn1/Msx2/Cdkn1c/Kif4/Mad2l1/Ncapg/Kif14/Kif11/Cdc20/Ska1/Ndc80/Brip1/Ube2c/Plk1/Kif22/Wnt5a/Incenp/Ncaph/Kif15/Cenpe/Smc2/Lif/Ccnb2/Top2a",38
"GO:0140014","mitotic nuclear division","28/407","281/25730",0.099644128113879,6.29936957339093,11.3238233960361,1.16400647417624e-14,1.14305435764107e-11,8.73617490618591e-12,"Mki67/Ncapd2/Chek1/Nusap1/Nuf2/Kif23/Racgap1/Knstrn/Fgfr3/Aurkb/Edn1/Cdkn1c/Kif4/Mad2l1/Ncapg/Kif14/Kif11/Cdc20/Ska1/Ndc80/Ube2c/Plk1/Kif22/Incenp/Ncaph/Kif15/Cenpe/Smc2",28
"GO:0000070","mitotic sister chromatid segregation","23/407","189/25730",0.121693121693122,7.69327769327769,11.7085166457074,4.06999817699478e-14,3.1973905678471e-11,2.44371258963981e-11,"Ncapd2/Nusap1/Nuf2/Kif23/Racgap1/Knstrn/Aurkb/Kif4/Mad2l1/Ncapg/Kif14/Kif11/Cdc20/Ska1/Ndc80/Ube2c/Plk1/Kif22/Incenp/Ncaph/Kif15/Cenpe/Smc2",23
"GO:0051783","regulation of nuclear division","21/407","155/25730",0.135483870967742,8.56511056511057,11.9763474827043,6.16446387081659e-14,4.03566901409459e-11,3.08439490518753e-11,"Camk2b/Mki67/Gja1/Chek1/Wnt4/Nusap1/Nuf2/Fgfr3/Aurkb/Edn1/Msx2/Mad2l1/Cdc20/Ska1/Ndc80/Ube2c/Plk1/Wnt5a/Incenp/Cenpe/Lif",21
"GO:0098813","nuclear chromosome segregation","29/407","326/25730",0.0889570552147239,5.6237470041151,10.6513067327438,7.33761298633367e-14,4.11744911575981e-11,3.14689808075543e-11,"Ncapd2/Nusap1/Nuf2/Aspm/Kif23/Racgap1/Knstrn/Aurkb/Kif4/Mad2l1/Ncapg/Kif14/Cenpf/Kif11/Cdc20/Ska1/Ndc80/Brip1/Ube2c/Plk1/Kif22/Incenp/Ncaph/Kif15/Cenpe/Fam83d/Smc2/Ccnb2/Top2a",29
"GO:0007059","chromosome segregation","33/407","438/25730",0.0753424657534247,4.76305072195483,10.0701658099832,1.5151110584517e-13,7.43919529699787e-11,5.68565360355824e-11,"Mki67/Ncapd2/Nusap1/Nuf2/Gpsm2/Aspm/Kif23/Racgap1/Knstrn/Aurkb/Kif4/Mad2l1/Ncapg/Kif14/Cenpf/Dlgap5/Kif11/Cdc20/Diaph3/Ska1/Ndc80/Brip1/Ube2c/Plk1/Kif22/Incenp/Ncaph/Kif15/Cenpe/Fam83d/Smc2/Ccnb2/Top2a",33
"GO:0000819","sister chromatid segregation","24/407","229/25730",0.104803493449782,6.62553780457711,10.8406235568812,3.16832579642065e-13,1.38279819203781e-10,1.05684972764815e-10,"Ncapd2/Nusap1/Nuf2/Kif23/Racgap1/Knstrn/Aurkb/Kif4/Mad2l1/Ncapg/Kif14/Kif11/Cdc20/Ska1/Ndc80/Ube2c/Plk1/Kif22/Incenp/Ncaph/Kif15/Cenpe/Smc2/Top2a",24
"GO:0051304","chromosome separation","15/407","87/25730",0.172413793103448,10.8997712445988,11.726042128125,7.01913544396133e-12,2.75711640238801e-09,2.10721834591344e-09,"Ncapd2/Nuf2/Aurkb/Mad2l1/Ncapg/Cdc20/Ska1/Ndc80/Ube2c/Plk1/Incenp/Ncaph/Cenpe/Smc2/Top2a",15
"GO:1905818","regulation of chromosome separation","14/407","77/25730",0.181818181818182,11.4943042215769,11.6917901684357,1.67141840547833e-11,5.96848317883533e-09,4.56161272002315e-09,"Ncapd2/Nuf2/Aurkb/Mad2l1/Ncapg/Cdc20/Ska1/Ndc80/Ube2c/Plk1/Incenp/Ncaph/Cenpe/Smc2",14
"GO:1905820","positive regulation of chromosome separation","10/407","32/25730",0.3125,19.7558353808354,13.4590008226393,4.15578329638031e-11,1.36032639901515e-08,1.03967490888392e-08,"Ncapd2/Aurkb/Ncapg/Cdc20/Ska1/Ube2c/Incenp/Ncaph/Cenpe/Smc2",10
"GO:1903046","meiotic cell cycle process","22/407","251/25730",0.0876494023904383,5.54107892753311,9.16549241378043,1.06832913381541e-10,3.22799756740533e-08,2.4671050118555e-08,"Camk2b/Ncapd2/Gja1/Wnt4/Nuf2/Aspm/Edn1/Msx2/Cdc20/Ska1/Ndc80/Brip1/Cdc25c/Plk1/Wnt5a/Incenp/Ncaph/Cenpe/Smc2/Lif/Ccnb2/Top2a",22
"GO:0007088","regulation of mitotic nuclear division","15/407","122/25730",0.122950819672131,7.77278769082048,9.50628055259102,9.93140314690625e-10,2.78646796864627e-07,2.12965126127644e-07,"Mki67/Chek1/Nusap1/Nuf2/Fgfr3/Aurkb/Edn1/Mad2l1/Cdc20/Ska1/Ndc80/Ube2c/Plk1/Incenp/Cenpe",15
"GO:0044772","mitotic cell cycle phase transition","28/407","453/25730",0.0618101545253863,3.90755596053609,7.9152657309108,1.07122962855104e-09,2.80519332063232e-07,2.1439627372825e-07,"Camk2b/Ccnd2/Chek1/Iqgap3/Nuf2/Ccna2/Abcg2/Adamts1/Foxm1/Aurkb/Cdkn1c/Mad2l1/Kif14/Cenpf/Cdc20/Rrm2/Ska1/Ndc80/Cdc25c/Ube2c/Plk1/E2f7/Cdkn2c/Incenp/Cdc7/Cenpe/Ak1/Ccnb2",28
"GO:1902850","microtubule cytoskeleton organization involved in mitosis","17/407","166/25730",0.102409638554217,6.47420147420147,8.97039356212464,1.35056047714657e-09,3.15200317218031e-07,2.40902375577721e-07,"Gja1/Nusap1/Nuf2/Gpsm2/Kif23/Racgap1/Aurkb/Kif4/Mad2l1/Dlgap5/Kif11/Cdc20/Ndc80/Plk1/Incenp/Kif15/Cenpe",17
"GO:0051784","negative regulation of nuclear division","12/407","72/25730",0.166666666666667,10.5364455364455,10.2728858235408,1.36415615903934e-09,3.15200317218031e-07,2.40902375577721e-07,"Chek1/Nuf2/Fgfr3/Aurkb/Mad2l1/Cdc20/Ska1/Ndc80/Plk1/Incenp/Cenpe/Lif",12
"GO:0140013","meiotic nuclear division","19/407","220/25730",0.0863636363636364,5.45979450524905,8.42213192214122,2.59956779944815e-09,5.67283462012908e-07,4.33565342925505e-07,"Camk2b/Gja1/Wnt4/Nuf2/Aspm/Msx2/Cdc20/Ska1/Ndc80/Brip1/Plk1/Wnt5a/Incenp/Ncaph/Cenpe/Smc2/Lif/Ccnb2/Top2a",19
"GO:0045839","negative regulation of mitotic nuclear division","11/407","63/25730",0.174603174603175,11.038181038181,10.1132053077994,3.99399583092982e-09,8.25706085468018e-07,6.31073468687637e-07,"Chek1/Nuf2/Fgfr3/Aurkb/Mad2l1/Cdc20/Ska1/Ndc80/Plk1/Incenp/Cenpe",11
"GO:0051225","spindle assembly","15/407","137/25730",0.109489051094891,6.9217525421905,8.81050944312802,5.04900030151627e-09,9.91623659217796e-07,7.5788151894339e-07,"Gpsm2/Aspm/Kif23/Racgap1/Aurkb/Kif4/Kif11/Cdc20/Ska1/Ndc80/Plk1/Incenp/Kif15/Cenpe/Ccnb2",15
"GO:0007051","spindle organization","18/407","207/25730",0.0869565217391304,5.49727593205854,8.23606807820893,6.14121700785619e-09,1.14870001937424e-06,8.77932376260945e-07,"Nuf2/Gpsm2/Aspm/Kif23/Racgap1/Knstrn/Aurkb/Kif4/Dlgap5/Kif11/Cdc20/Ska1/Ndc80/Plk1/Incenp/Kif15/Cenpe/Ccnb2",18
"GO:0051785","positive regulation of nuclear division","11/407","69/25730",0.159420289855072,10.078339208774,9.57293794319361,1.08656746658878e-08,1.94001682216396e-06,1.48272268646469e-06,"Camk2b/Gja1/Wnt4/Nusap1/Edn1/Msx2/Cdc20/Ska1/Ube2c/Wnt5a/Cenpe",11
"GO:0051231","spindle elongation","6/407","12/25730",0.5,31.6093366093366,13.4455021023612,1.2874916069012e-08,2.19479764904141e-06,1.67744744749333e-06,"Kif23/Racgap1/Aurkb/Kif4/Kif11/Incenp",6
"GO:0007292","female gamete generation","17/407","193/25730",0.0880829015544041,5.56848416952044,8.07638328361704,1.34101689350799e-08,2.19479764904141e-06,1.67744744749333e-06,"Ptn/Wnt4/Bnc1/Aspm/Pla2g4a/Adamts1/Edn1/Mdk/Pde5a/Ska1/Ndc80/Plk1/Inhbb/Ncaph/Cenpe/Ccnb2/Top2a",17
"GO:0051984","positive regulation of chromosome segregation","8/407","31/25730",0.258064516129032,16.3144963144963,10.8162454241481,2.09983291095649e-08,3.19041141972485e-06,2.43837854246309e-06,"Ncapd2/Aurkb/Ncapg/Ska1/Incenp/Ncaph/Cenpe/Smc2",8
"GO:0001764","neuron migration","18/407","224/25730",0.0803571428571429,5.08007195507196,7.77538199095873,2.1117794529747e-08,3.19041141972485e-06,2.43837854246309e-06,"Cck/Dclk1/Camk2b/Ntrk2/Gja1/Lrp12/Mdga1/Aspm/Matn2/Ntrk3/Cpe/Mdga2/Celsr2/Abi3/Mdk/Nexmif/Nr4a2/Chl1",18
"GO:0051321","meiotic cell cycle","23/407","364/25730",0.0631868131868132,3.99458649458649,7.29478741151858,2.26991307129905e-08,3.30230316446765e-06,2.52389554750288e-06,"Camk2b/Mki67/Ncapd2/Gja1/Wnt4/Nuf2/Aspm/Edn1/Msx2/Cdc20/Ska1/Ndc80/Brip1/Cdc25c/Plk1/Wnt5a/Incenp/Ncaph/Cenpe/Smc2/Lif/Ccnb2/Top2a",23
"GO:0007052","mitotic spindle organization","14/407","133/25730",0.105263157894737,6.65459718091297,8.28865453985368,2.73065030199133e-08,3.83071228079355e-06,2.92774987266138e-06,"Nuf2/Gpsm2/Kif23/Racgap1/Aurkb/Kif4/Dlgap5/Kif11/Cdc20/Ndc80/Plk1/Incenp/Kif15/Cenpe",14
"GO:0051983","regulation of chromosome segregation","14/407","135/25730",0.103703703703704,6.55601055601056,8.20546996417246,3.3060773331111e-08,4.47802474636566e-06,3.4224800559103e-06,"Ncapd2/Nuf2/Aurkb/Mad2l1/Ncapg/Cdc20/Ska1/Ndc80/Ube2c/Plk1/Incenp/Ncaph/Cenpe/Smc2",14
"GO:1901990","regulation of mitotic cell cycle phase transition","22/407","346/25730",0.0635838150289017,4.0196844243087,7.16919939257842,4.12149968349241e-08,5.39641691891939e-06,4.12439196397205e-06,"Ccnd2/Chek1/Nuf2/Adamts1/Aurkb/Cdkn1c/Mad2l1/Kif14/Cenpf/Cdc20/Rrm2/Ska1/Ndc80/Cdc25c/Ube2c/Plk1/E2f7/Cdkn2c/Incenp/Cdc7/Cenpe/Ak1",22
"GO:0010965","regulation of mitotic sister chromatid separation","10/407","62/25730",0.161290322580645,10.1965601965602,9.1912870142267,4.53912766724616e-08,5.7515140248203e-06,4.39578679354365e-06,"Nuf2/Aurkb/Mad2l1/Cdc20/Ska1/Ndc80/Ube2c/Plk1/Incenp/Cenpe",10
"GO:0090102","cochlea development","10/407","64/25730",0.15625,9.87791769041769,9.01515269188796,6.21737456237546e-08,7.63182727531588e-06,5.83287903022856e-06,"Slitrk6/Nectin3/Vangl2/Myo7a/Epha4/Tbx2/Ccna2/Ntrk3/Fgfr3/Wnt5a",10
"GO:0051306","mitotic sister chromatid separation","10/407","65/25730",0.153846153846154,9.72594972594973,8.92996652975495,7.24520155050616e-08,8.6239853607237e-06,6.59116900224675e-06,"Nuf2/Aurkb/Mad2l1/Cdc20/Ska1/Ndc80/Ube2c/Plk1/Incenp/Cenpe",10
"GO:0051310","metaphase chromosome alignment","12/407","102/25730",0.117647058823529,7.43749096690273,8.25867624784741,7.83028747106775e-08,9.04628505481004e-06,6.91392565556818e-06,"Nuf2/Racgap1/Knstrn/Aurkb/Kif14/Cenpf/Ska1/Ndc80/Kif22/Incenp/Cenpe/Fam83d",12
"GO:0048839","inner ear development","18/407","247/25730",0.0728744939271255,4.60702881755513,7.22144141215932,9.41764804894654e-08,9.92406163483891e-06,7.58479573977934e-06,"Gjb6/Slitrk6/Nectin3/Vangl2/Myo7a/Epha4/Itga8/Tbx2/Ccna2/Ntrk3/Slc4a7/Fgfr3/Mafb/Tsku/Igfbp7/Diaph3/Wnt5a/Cxcl14",18
"GO:0007094","mitotic spindle assembly checkpoint signaling","9/407","51/25730",0.176470588235294,11.1562364503541,9.20407011236276,9.600670624335e-08,9.92406163483891e-06,7.58479573977934e-06,"Nuf2/Aurkb/Mad2l1/Cdc20/Ska1/Ndc80/Plk1/Incenp/Cenpe",9
"GO:0071173","spindle assembly checkpoint signaling","9/407","51/25730",0.176470588235294,11.1562364503541,9.20407011236276,9.600670624335e-08,9.92406163483891e-06,7.58479573977934e-06,"Nuf2/Aurkb/Mad2l1/Cdc20/Ska1/Ndc80/Plk1/Incenp/Cenpe",9
"GO:0071174","mitotic spindle checkpoint signaling","9/407","51/25730",0.176470588235294,11.1562364503541,9.20407011236276,9.600670624335e-08,9.92406163483891e-06,7.58479573977934e-06,"Nuf2/Aurkb/Mad2l1/Cdc20/Ska1/Ndc80/Plk1/Incenp/Cenpe",9
"GO:0031577","spindle checkpoint signaling","9/407","52/25730",0.173076923076923,10.9416934416934,9.0977190779251,1.14492023733587e-07,1.15314017750136e-05,8.81325915487695e-06,"Nuf2/Aurkb/Mad2l1/Cdc20/Ska1/Ndc80/Plk1/Incenp/Cenpe",9
"GO:0043583","ear development","19/407","281/25730",0.0676156583629893,4.27457221051527,6.99718653245683,1.34730712832471e-07,1.21410639746595e-05,9.27921386422149e-06,"Gjb6/Slitrk6/Nectin3/Vangl2/Myo7a/Epha4/Itga8/Tbx2/Ccna2/Ntrk3/Slc4a7/Fgfr3/Mafb/Tsku/Igfbp7/Edn1/Diaph3/Wnt5a/Cxcl14",19
"GO:0033046","negative regulation of sister chromatid segregation","9/407","53/25730",0.169811320754717,10.7352463956238,8.99422655297233,1.35999698290483e-07,1.21410639746595e-05,9.27921386422149e-06,"Nuf2/Aurkb/Mad2l1/Cdc20/Ska1/Ndc80/Plk1/Incenp/Cenpe",9
"GO:0033048","negative regulation of mitotic sister chromatid segregation","9/407","53/25730",0.169811320754717,10.7352463956238,8.99422655297233,1.35999698290483e-07,1.21410639746595e-05,9.27921386422149e-06,"Nuf2/Aurkb/Mad2l1/Cdc20/Ska1/Ndc80/Plk1/Incenp/Cenpe",9
"GO:0045841","negative regulation of mitotic metaphase/anaphase transition","9/407","53/25730",0.169811320754717,10.7352463956238,8.99422655297233,1.35999698290483e-07,1.21410639746595e-05,9.27921386422149e-06,"Nuf2/Aurkb/Mad2l1/Cdc20/Ska1/Ndc80/Plk1/Incenp/Cenpe",9
"GO:2000816","negative regulation of mitotic sister chromatid separation","9/407","53/25730",0.169811320754717,10.7352463956238,8.99422655297233,1.35999698290483e-07,1.21410639746595e-05,9.27921386422149e-06,"Nuf2/Aurkb/Mad2l1/Cdc20/Ska1/Ndc80/Plk1/Incenp/Cenpe",9
"GO:0090596","sensory organ morphogenesis","21/407","345/25730",0.0608695652173913,3.84809315244098,6.75190361354351,1.74574353766554e-07,1.52384013687783e-05,1.16464574723325e-05,"Adamts9/Col8a1/Gjb6/Ntrk2/Slitrk6/Thy1/Nectin3/Sox4/Ptn/Vangl2/Myo7a/Itga8/Tbx2/Slc4a7/Fgfr3/Mafb/Tsku/Edn1/Krt13/Hif1a/Wnt5a",21
"GO:1902100","negative regulation of metaphase/anaphase transition of cell cycle","9/407","55/25730",0.163636363636364,10.3448737994193,8.79529964478514,1.8976029045309e-07,1.58591153382923e-05,1.2120858866119e-05,"Nuf2/Aurkb/Mad2l1/Cdc20/Ska1/Ndc80/Plk1/Incenp/Cenpe",9
"GO:1905819","negative regulation of chromosome separation","9/407","55/25730",0.163636363636364,10.3448737994193,8.79529964478514,1.8976029045309e-07,1.58591153382923e-05,1.2120858866119e-05,"Nuf2/Aurkb/Mad2l1/Cdc20/Ska1/Ndc80/Plk1/Incenp/Cenpe",9
"GO:0000022","mitotic spindle elongation","5/407","10/25730",0.5,31.6093366093366,12.2735307716479,2.28133272648638e-07,1.86689061450802e-05,1.42683353858315e-05,"Kif23/Racgap1/Aurkb/Kif4/Incenp",5
"GO:0051985","negative regulation of chromosome segregation","9/407","57/25730",0.157894736842105,9.98189577136946,8.60633425088446,2.61103938917209e-07,2.09309443278938e-05,1.59971736582574e-05,"Nuf2/Aurkb/Mad2l1/Cdc20/Ska1/Ndc80/Plk1/Incenp/Cenpe",9
"GO:2000243","positive regulation of reproductive process","12/407","115/25730",0.104347826086957,6.59673111847025,7.62583252806703,2.97167712210703e-07,2.33454954712728e-05,1.78425750573668e-05,"Camk2b/Gja1/Wnt4/Bnc1/P2ry1/Cib1/Msx2/Pde5a/Cfap69/Cdc25c/Wnt5a/Inhbb",12
"GO:0051962","positive regulation of nervous system development","22/407","392/25730",0.0561224489795918,3.54798676227248,6.44473575955134,3.58588410048179e-07,2.76183387190049e-05,2.11082382963345e-05,"Camk2b/Ntrk2/Tenm4/Il33/Slitrk6/Thbs2/Trp73/Grip1/Ptn/Pik3r1/Kalrn/Aspm/Epha4/Fn1/Ntrk3/Lpar3/Mdk/Hif1a/Grid2/Wnt5a/Flrt1/Lif",22
"GO:1901987","regulation of cell cycle phase transition","24/407","458/25730",0.0524017467248908,3.31276890228855,6.33134898102186,3.67060218476687e-07,2.77271641957005e-05,2.11914118035528e-05,"Ccnd2/Chek1/Nuf2/Tbx2/Adamts1/Aurkb/Cdkn1c/Mad2l1/Kif14/Cenpf/Cdc20/Rrm2/Ska1/Ndc80/Cdc25c/Ube2c/Plk1/E2f7/Cdkn2c/Incenp/Cdc7/Cenpe/Fam83d/Ak1",24
"GO:0033047","regulation of mitotic sister chromatid segregation","9/407","60/25730",0.15,9.48280098280098,8.33975033528953,4.11472253120783e-07,3.04955284954422e-05,2.33072267308932e-05,"Nuf2/Aurkb/Mad2l1/Cdc20/Ska1/Ndc80/Plk1/Incenp/Cenpe",9
"GO:1901989","positive regulation of cell cycle phase transition","12/407","120/25730",0.1,6.32186732186732,7.40799972335089,4.73267241156737e-07,3.44258096900678e-05,2.63110754732751e-05,"Ccnd2/Chek1/Tbx2/Adamts1/Cdc20/Rrm2/Ska1/Cdc25c/Ube2c/Cdc7/Cenpe/Fam83d",12
"GO:0036293","response to decreased oxygen levels","21/407","374/25730",0.0561497326203209,3.54971159783994,6.29705620395534,6.57128662416543e-07,4.65449036378792e-05,3.55734980102989e-05,"Acaa2/Itga2/Aldh3a1/Cd38/Plau/Sox4/Dram1/Cbs/Epha4/Ccna2/Abcg2/Slc8a1/Ryr2/Edn1/Hif1a/Vegfd/Ptgs2/Nr4a2/Lif/Hmox1/Mir221",21
"GO:1901970","positive regulation of mitotic sister chromatid separation","6/407","21/25730",0.285714285714286,18.0624780624781,9.91654168559796,6.70099995359325e-07,4.65449036378792e-05,3.55734980102989e-05,"Aurkb/Cdc20/Ska1/Ube2c/Incenp/Cenpe",6
"GO:0050000","chromosome localization","12/407","124/25730",0.0967741935483871,6.11793611793612,7.24245679892866,6.75422481506902e-07,4.65449036378792e-05,3.55734980102989e-05,"Nuf2/Racgap1/Knstrn/Aurkb/Kif14/Cenpf/Ska1/Ndc80/Kif22/Incenp/Cenpe/Fam83d",12
"GO:0051255","spindle midzone assembly","5/407","12/25730",0.416666666666667,26.3411138411138,11.131374840804,6.98473163364669e-07,4.73034928568348e-05,3.615327517089e-05,"Kif23/Racgap1/Aurkb/Kif4/Incenp",5
"GO:2000241","regulation of reproductive process","16/407","226/25730",0.0707964601769911,4.47565828096802,6.65331708033258,7.17736938364203e-07,4.77842490490608e-05,3.6520709156373e-05,"Camk2b/Gja1/Wnt4/Bnc1/P2ry1/Aspm/Cib1/Msx2/Pde5a/Cfap69/Cdc20/Insl6/Cdc25c/Wnt5a/Inhbb/Lif",16
"GO:0051445","regulation of meiotic cell cycle","9/407","65/25730",0.138461538461538,8.75335475335475,7.93463182980219,8.29865691853605e-07,5.43285406266827e-05,4.15224026871312e-05,"Camk2b/Gja1/Wnt4/Aspm/Msx2/Cdc20/Cdc25c/Wnt5a/Lif",9
"GO:0045132","meiotic chromosome segregation","11/407","107/25730",0.102803738317757,6.49911593836827,7.22638103070395,1.07882561495387e-06,6.94692953367017e-05,5.30942304374192e-05,"Nuf2/Aspm/Ska1/Ndc80/Brip1/Plk1/Ncaph/Cenpe/Smc2/Ccnb2/Top2a",11
"GO:0008608","attachment of spindle microtubules to kinetochore","8/407","51/25730",0.156862745098039,9.91665462253698,8.08070142072091,1.28569208928047e-06,8.14548149466727e-05,6.22545643230546e-05,"Nuf2/Racgap1/Knstrn/Aurkb/Ska1/Ndc80/Incenp/Cenpe",8
"GO:0015711","organic anion transport","24/407","494/25730",0.048582995951417,3.07135254503676,5.89329685781168,1.40362307654562e-06,8.75147848360506e-05,6.68860988188489e-05,"Cck/Ntrk2/Abcc5/Gja1/Ttyh3/Slc39a14/Slc43a2/Slco3a1/Ttyh2/Slc1a4/Pla2g4a/Crabp1/Slc27a3/Abcg2/Slc39a8/Slc4a7/Pla2r1/Trpc4/Edn1/Slc6a6/Slc16a14/Fabp5/Slc25a42/Ptgs2",24
"GO:0072348","sulfur compound transport","9/407","70/25730",0.128571428571429,8.12811512811513,7.570882048333,1.57471358718207e-06,9.66480464132998e-05,7.38664991882118e-05,"Abcc5/Gja1/Slc43a2/Racgap1/Slc1a4/Abcg2/Slc6a6/Slc35f3/Slc25a42",9
"GO:0050921","positive regulation of chemotaxis","13/407","160/25730",0.08125,5.1365171990172,6.65396546231108,1.72316011674932e-06,0.000104131891362943,7.95862777808754e-05,"Smoc2/Itga2/Ptn/F3/Fn1/Ntrk3/S100a14/Edn1/Mdk/Hc/Wnt5a/Vegfd/Cxcl14",13
"GO:0030071","regulation of mitotic metaphase/anaphase transition","10/407","91/25730",0.10989010989011,6.94710694710695,7.20488385251975,1.80548856922672e-06,0.000107453925756402,8.21252535794993e-05,"Nuf2/Aurkb/Mad2l1/Cdc20/Ska1/Ndc80/Ube2c/Plk1/Incenp/Cenpe",10
"GO:0051302","regulation of cell division","14/407","187/25730",0.0748663101604278,4.73294879711992,6.49513175372366,1.83731845935068e-06,0.00010771622251238,8.23257226405049e-05,"Ptn/Aspm/Kif23/Cib1/Racgap1/Sfn/E2f8/Aurkb/Mdk/Kif14/Plk1/E2f7/Incenp/Vegfd",14
"GO:0051315","attachment of mitotic spindle microtubules to kinetochore","6/407","25/25730",0.24,15.1724815724816,8.9878989659002,2.07289377616579e-06,0.000119740099305577,9.15153722852142e-05,"Nuf2/Aurkb/Ska1/Ndc80/Incenp/Cenpe",6
"GO:0001666","response to hypoxia","19/407","337/25730",0.056379821958457,3.56425754051867,6.00718028474351,2.11081988742818e-06,0.000120163775620549,9.18391810670506e-05,"Acaa2/Itga2/Aldh3a1/Cd38/Plau/Sox4/Cbs/Epha4/Ccna2/Abcg2/Slc8a1/Ryr2/Edn1/Hif1a/Vegfd/Ptgs2/Nr4a2/Lif/Hmox1",19
"GO:0070482","response to oxygen levels","22/407","439/25730",0.0501138952164009,3.16813396540048,5.80880039073535,2.34561809429678e-06,0.000131622683919968,0.000100597034660668,"Acaa2/Itga2/Aldh3a1/Cd38/Plau/Sox4/Dram1/Cbs/Epha4/Ccna2/Abcg2/Slc8a1/Mir711/Ryr2/Edn1/Hif1a/Vegfd/Ptgs2/Nr4a2/Lif/Hmox1/Mir221",22
"GO:1902099","regulation of metaphase/anaphase transition of cell cycle","10/407","94/25730",0.106382978723404,6.72539076794396,7.0500956522697,2.43530449133564e-06,0.0001347306484784,0.000102972400434236,"Nuf2/Aurkb/Mad2l1/Cdc20/Ska1/Ndc80/Ube2c/Plk1/Incenp/Cenpe",10
"GO:0007076","mitotic chromosome condensation","5/407","15/25730",0.333333333333333,21.0728910728911,9.85855749705521,2.54653480184511e-06,0.000138927620856216,0.000106180076825471,"Ncapd2/Nusap1/Ncapg/Ncaph/Smc2",5
"GO:0040020","regulation of meiotic nuclear division","7/407","40/25730",0.175,11.0632678132678,8.0749167733477,2.79702128395821e-06,0.000150502734292984,0.00011502674407857,"Camk2b/Gja1/Wnt4/Msx2/Cdc20/Wnt5a/Lif",7
"GO:0007091","metaphase/anaphase transition of mitotic cell cycle","10/407","96/25730",0.104166666666667,6.58527846027846,6.9506166659452,2.95430118934242e-06,0.000156817500969419,0.000119853015533493,"Nuf2/Aurkb/Mad2l1/Cdc20/Ska1/Ndc80/Ube2c/Plk1/Incenp/Cenpe",10
"GO:0050767","regulation of neurogenesis","23/407","483/25730",0.0476190476190476,3.01041301041301,5.65464105599078,3.25202097284835e-06,0.000170319178417978,0.000130172123713172,"Camk2b/Ntrk2/Tenm4/Il33/Trp73/Bhlhe41/Thy1/Grip1/Ptn/Kalrn/Aspm/Epha4/Igdcc4/Fn1/Ntrk3/Lpar3/Fgfr3/Wnt7b/Mdk/Hif1a/Lingo1/Wnt5a/Lif",23
"GO:0050807","regulation of synapse organization","21/407","415/25730",0.0506024096385542,3.1990171990172,5.72551806375773,3.42357546916196e-06,0.000176944795300897,0.000135235972826176,"Dclk1/Camk2b/Ntrk2/Slitrk6/Thbs2/Lzts1/Nectin3/Ptn/Pik3r1/Vangl2/Kalrn/Frmpd4/Mdga1/Epha4/Ntrk3/Mdga2/Abi3/Cdc20/Grid2/Wnt5a/Flrt1",21
"GO:0090307","mitotic spindle assembly","9/407","77/25730",0.116883116883117,7.38919557101375,7.1182550442745,3.54363823812398e-06,0.000180771571420143,0.000138160714355839,"Kif23/Racgap1/Aurkb/Kif4/Kif11/Cdc20/Plk1/Incenp/Kif15",9
"GO:0090306","meiotic spindle assembly","5/407","16/25730",0.3125,19.7558353808354,9.51398942693599,3.65598328179772e-06,0.000181979516210077,0.0001390839265278,"Aspm/Ska1/Ndc80/Cenpe/Ccnb2",5
"GO:0031589","cell-substrate adhesion","20/407","383/25730",0.0522193211488251,3.30123619940852,5.752390789182,3.6599749950601e-06,0.000181979516210077,0.0001390839265278,"Smoc2/Itga2/Col8a1/Otoa/Thy1/Plau/Ptn/Wnt4/Pik3r1/Col16a1/Cib1/Ccn2/Itga8/Fn1/Vwa2/Mdk/Nexmif/Kif14/Popdc1/Fbln1",20
"GO:0044784","metaphase/anaphase transition of cell cycle","10/407","99/25730",0.101010101010101,6.38572456754275,6.80659706128751,3.9123425054824e-06,0.000189724461253517,0.000145003259592408,"Nuf2/Aurkb/Mad2l1/Cdc20/Ska1/Ndc80/Ube2c/Plk1/Incenp/Cenpe",10
"GO:0045685","regulation of glial cell differentiation","10/407","99/25730",0.101010101010101,6.38572456754275,6.80659706128751,3.9123425054824e-06,0.000189724461253517,0.000145003259592408,"Tenm4/Il33/Trp73/Ptn/Epha4/Ntrk3/Fgfr3/Mdk/Lingo1/Lif",10
"GO:1901992","positive regulation of mitotic cell cycle phase transition","10/407","100/25730",0.1,6.32186732186732,6.75990854772277,4.28656453444621e-06,0.000205336896235424,0.000156935584752768,"Ccnd2/Chek1/Adamts1/Cdc20/Rrm2/Ska1/Cdc25c/Ube2c/Cdc7/Cenpe",10
"GO:0050803","regulation of synapse structure or activity","21/407","424/25730",0.0495283018867925,3.13111353205693,5.609560596644,4.77107710793668e-06,0.000224263195565758,0.000171400641481816,"Dclk1/Camk2b/Ntrk2/Slitrk6/Thbs2/Lzts1/Nectin3/Ptn/Pik3r1/Vangl2/Kalrn/Frmpd4/Mdga1/Epha4/Ntrk3/Mdga2/Abi3/Cdc20/Grid2/Wnt5a/Flrt1",21
"GO:0140694","membraneless organelle assembly","22/407","459/25730",0.0479302832244009,3.03008891244185,5.5636687975972,4.79585245099891e-06,0.000224263195565758,0.000171400641481816,"Krt19/Gpsm2/Aspm/Epha4/Kif23/Racgap1/Aurkb/Edn1/Csrp2/Kif4/Dlgap5/Kif11/Cdc20/Hif1a/Diaph3/Ska1/Ndc80/Plk1/Incenp/Kif15/Cenpe/Ccnb2",22
"GO:0046942","carboxylic acid transport","20/407","391/25730",0.051150895140665,3.23369172474032,5.64245311152613,4.98364853281136e-06,0.00022857137418583,0.000174693310959906,"Cck/Ntrk2/Abcc5/Gja1/Ttyh3/Slc43a2/Slco3a1/Ttyh2/Slc1a4/Pla2g4a/Crabp1/Slc27a3/Abcg2/Pla2r1/Trpc4/Edn1/Slc6a6/Slc16a14/Fabp5/Ptgs2",20
"GO:1901888","regulation of cell junction assembly","18/407","325/25730",0.0553846153846154,3.5013419013419,5.75315691960435,5.00436308044331e-06,0.00022857137418583,0.000174693310959906,"Dclk1/Ntrk2/Slitrk6/Thbs2/Lzts1/Thy1/Nectin3/Gja1/Wnt4/Pik3r1/Mdga1/Col16a1/Ntrk3/Mdga2/Abi3/Grid2/Wnt5a/Flrt1",18
"GO:0015849","organic acid transport","20/407","393/25730",0.0508905852417303,3.21723527830398,5.61541089254244,5.37603860214696e-06,0.000242725053209578,0.000185510733131556,"Cck/Ntrk2/Abcc5/Gja1/Ttyh3/Slc43a2/Slco3a1/Ttyh2/Slc1a4/Pla2g4a/Crabp1/Slc27a3/Abcg2/Pla2r1/Trpc4/Edn1/Slc6a6/Slc16a14/Fabp5/Ptgs2",20
"GO:0030261","chromosome condensation","7/407","44/25730",0.159090909090909,10.0575161938798,7.62321728936286,5.44452614717098e-06,0.000243023848932814,0.000185739097747986,"Ncapd2/Nusap1/Ncapg/Ncaph/Smc2/H1f1/Top2a",7
"GO:0007080","mitotic metaphase chromosome alignment","8/407","62/25730",0.129032258064516,8.15724815724816,7.15314428865679,5.8663662818138e-06,0.000258911087134434,0.000197881450452193,"Nuf2/Aurkb/Kif14/Ska1/Ndc80/Kif22/Incenp/Cenpe",8
"GO:0051216","cartilage development","15/407","239/25730",0.0627615062761506,3.96769915598367,5.84354600870913,6.99053216446671e-06,0.000305097892689169,0.000233181260035778,"Chst11/Serpinh1/Cbs/Slc39a14/Mboat2/Ccn2/Bmp3/Galnt3/Fgfr3/Edn1/Msx2/Wnt7b/Mdk/Hif1a/Wnt5a",15
"GO:0033045","regulation of sister chromatid segregation","10/407","107/25730",0.0934579439252336,5.90828721669843,6.44997378369892,7.88856007546763e-06,0.00034050839534546,0.00026024492001427,"Nuf2/Aurkb/Mad2l1/Cdc20/Ska1/Ndc80/Ube2c/Plk1/Incenp/Cenpe",10
"GO:0051653","spindle localization","8/407","65/25730",0.123076923076923,7.78075978075978,6.93929712984943,8.40310327012767e-06,0.000358775974402842,0.000274206527762061,"Gja1/Nusap1/Gpsm2/Aspm/Mad2l1/Ska1/Ndc80/Plk1",8
"GO:0051446","positive regulation of meiotic cell cycle","6/407","32/25730",0.1875,11.8535012285012,7.78836447413993,9.65866077738886e-06,0.000407948597135306,0.000311788347901676,"Camk2b/Gja1/Wnt4/Msx2/Cdc25c/Wnt5a",6
"GO:0007143","female meiotic nuclear division","7/407","48/25730",0.145833333333333,9.21938984438984,7.22598170925522,9.9073701050262e-06,0.000414001593324925,0.000316414552514387,"Ska1/Ndc80/Plk1/Ncaph/Cenpe/Ccnb2/Top2a",7
"GO:0045931","positive regulation of mitotic cell cycle","11/407","135/25730",0.0814814814814815,5.15115115115115,6.13068419221448,1.05005778480636e-05,0.00043417126091783,0.000331829894988116,"Smoc2/Ccnd2/Chek1/Adamts1/Cdc20/Rrm2/Ska1/Cdc25c/Ube2c/Cdc7/Cenpe",11
"GO:0090594","inflammatory response to wounding","6/407","33/25730",0.181818181818182,11.4943042215769,7.64751765346716,1.16483529035401e-05,0.000476611772969848,0.000364266474571231,"Il33/Abcg2/Mdk/Reg3g/Hif1a/Hmox1",6
"GO:0051383","kinetochore organization","5/407","20/25730",0.25,15.8046683046683,8.3967983111603,1.23167138442716e-05,0.000498763422477306,0.000381196612955643,"Nuf2/Dlgap5/Ndc80/Cenpe/Smc2",5
"GO:0044839","cell cycle G2/M phase transition","12/407","164/25730",0.0731707317073171,4.62575657697609,5.9052767526064,1.25967159767707e-05,0.000503469649175548,0.000384793503979168,"Chek1/Ccna2/Foxm1/Aurkb/Kif14/Cenpf/Cdc20/Ndc80/Cdc25c/Plk1/Cdc7/Ccnb2",12
"GO:0051963","regulation of synapse assembly","14/407","221/25730",0.0633484162895928,4.00480282833224,5.68743544066812,1.26892808728053e-05,0.000503469649175548,0.000384793503979168,"Dclk1/Ntrk2/Slitrk6/Thbs2/Lzts1/Nectin3/Pik3r1/Mdga1/Ntrk3/Mdga2/Abi3/Grid2/Wnt5a/Flrt1",14
"GO:0042886","amide transport","20/407","419/25730",0.0477326968973747,3.01759776700111,5.27883428559147,1.37324107073416e-05,0.000539409092584379,0.000412261424603561,"Abcc5/Cd38/Mafa/Sox4/Gja1/Pltp/Kalrn/Vsnl1/Slco3a1/Tbc1d1/Abcg2/Slc14a1/Cpe/Edn1/Hif1a/Gpr27/Inhbb/Slc25a42/Dio2/Lif",20
"GO:1903522","regulation of blood circulation","16/407","286/25730",0.0559440559440559,3.53670899125445,5.46905199085213,1.47641292121079e-05,0.000574193064803562,0.000438846237758538,"Gsto1/Kcne4/Cd38/Smtn/Gja1/Pik3r1/Ccn2/Tbx2/Slc8a1/Ryr2/Edn1/Pde5a/Hif1a/Popdc1/Cacna1g/Ptgs2",16
"GO:0045836","positive regulation of meiotic nuclear division","5/407","21/25730",0.238095238095238,15.0520650520651,8.16691973740766,1.59562806720566e-05,0.000608507480386781,0.000465072176563163,"Camk2b/Gja1/Wnt4/Msx2/Wnt5a",5
"GO:0051988","regulation of attachment of spindle microtubules to kinetochore","5/407","21/25730",0.238095238095238,15.0520650520651,8.16691973740766,1.59562806720566e-05,0.000608507480386781,0.000465072176563163,"Racgap1/Knstrn/Aurkb/Incenp/Cenpe",5
"GO:0048593","camera-type eye morphogenesis","12/407","169/25730",0.0710059171597633,4.48889987351526,5.7689133885062,1.70409765860853e-05,0.000643624577212915,0.000491911591331127,"Adamts9/Col8a1/Ntrk2/Thy1/Nectin3/Sox4/Ptn/Tbx2/Slc4a7/Fgfr3/Tsku/Hif1a",12
"GO:0050769","positive regulation of neurogenesis","17/407","324/25730",0.0524691358024691,3.31702915036248,5.32092253759504,1.83934108680561e-05,0.000683663591400615,0.000522512745919861,"Camk2b/Ntrk2/Tenm4/Il33/Trp73/Grip1/Ptn/Kalrn/Aspm/Epha4/Fn1/Ntrk3/Lpar3/Mdk/Hif1a/Wnt5a/Lif",17
"GO:0000281","mitotic cytokinesis","9/407","94/25730",0.0957446808510638,6.05285169114956,6.22194871637202,1.8449170236371e-05,0.000683663591400615,0.000522512745919861,"Iqgap3/Nusap1/Kif23/Racgap1/Ckap2/Aurkb/Kif4/Plk1/Incenp",9
"GO:0090267","positive regulation of mitotic cell cycle spindle assembly checkpoint","4/407","11/25730",0.363636363636364,22.9886084431539,9.24736776450759,1.86436812160289e-05,0.000684414764640763,0.000523086855170827,"Aurkb/Mad2l1/Ndc80/Incenp",4
"GO:0001890","placenta development","13/407","201/25730",0.0646766169154229,4.08876990966543,5.57336858678809,2.0733614303029e-05,0.000754089231317573,0.000576337894661196,"Krt19/Ptn/Vdr/Pla2g4a/Slc8a1/E2f8/Cdkn1c/Wnt7b/Hif1a/E2f7/Ptgs2/Lif/Etnk2",13
"GO:2001251","negative regulation of chromosome organization","9/407","97/25730",0.0927835051546392,5.86565009245422,6.08664682741707,2.37774005624313e-05,0.000856858985405781,0.000654883113510904,"Nuf2/Aurkb/Mad2l1/Cdc20/Ska1/Ndc80/Plk1/Incenp/Cenpe",9
"GO:0031099","regeneration","14/407","235/25730",0.0595744680851064,3.76621883004862,5.40062517916981,2.5202033381716e-05,0.000899941701121641,0.000687810518704824,"Thy1/Plau/Ptn/Gja1/Epha4/Matn2/Nrep/Ccna2/Abcg2/Ntrk3/Mdk/Lif/Hmox1/Chl1",14
"GO:0035050","embryonic heart tube development","9/407","98/25730",0.0918367346938776,5.80579652008223,6.04280040784254,2.58211703363906e-05,0.000913743757489569,0.000698359201511484,"Gja1/Vangl2/Tbx2/Abcg2/Slc8a1/Ryr2/Edn1/Hif1a/Wnt5a",9
"GO:0003205","cardiac chamber development","13/407","206/25730",0.0631067961165049,3.98952792156676,5.46151256069747,2.68451605377099e-05,0.00094092347627722,0.000719132209867786,"Ly6e/Ltbp1/Sox4/Vangl2/Tbx2/Abcg2/Heg1/Cpe/Adamts1/Ryr2/Msx2/Hif1a/Wnt5a",13
"GO:0001654","eye development","21/407","476/25730",0.0441176470588235,2.78905911258852,4.99475464330987,2.70683179275269e-05,0.00094092347627722,0.000719132209867786,"Adamts9/Col8a1/Ntrk2/Slitrk6/Thy1/Nectin3/Sox4/Ptn/Gja1/Bcl11b/Tbx2/Ntrk3/Slc4a7/Fgfr3/Tsku/Cdkn1c/Hif1a/Pbx3/Inhbb/Lif/Abcb5",21
"GO:0007056","spindle assembly involved in female meiosis","4/407","12/25730",0.333333333333333,21.0728910728911,8.8172475792468,2.76162852423611e-05,0.000943276247234733,0.00072093039369532,"Ska1/Ndc80/Cenpe/Ccnb2",4
"GO:0090232","positive regulation of spindle checkpoint","4/407","12/25730",0.333333333333333,21.0728910728911,8.8172475792468,2.76162852423611e-05,0.000943276247234733,0.00072093039369532,"Aurkb/Mad2l1/Ndc80/Incenp",4
"GO:0030278","regulation of ossification","11/407","150/25730",0.0733333333333333,4.63603603603604,5.66206197685041,2.82831129569944e-05,0.000957724721509259,0.000731973122988639,"Ptn/Gja1/Wnt4/Vdr/Bmp3/Slc8a1/Fgfr3/Phospho1/Mdk/Hif1a/Wnt5a",11
"GO:0150063","visual system development","21/407","480/25730",0.04375,2.76581695331695,4.95092890748183,3.05775953353619e-05,0.00102657089296839,0.000784591110179506,"Adamts9/Col8a1/Ntrk2/Slitrk6/Thy1/Nectin3/Sox4/Ptn/Gja1/Bcl11b/Tbx2/Ntrk3/Slc4a7/Fgfr3/Tsku/Cdkn1c/Hif1a/Pbx3/Inhbb/Lif/Abcb5",21
"GO:0090266","regulation of mitotic cell cycle spindle assembly checkpoint","5/407","24/25730",0.208333333333333,13.1705569205569,7.56223034326929,3.20511269084837e-05,0.00105795652518087,0.000808578628421012,"Aurkb/Mad2l1/Ska1/Ndc80/Incenp",5
"GO:1903504","regulation of mitotic spindle checkpoint","5/407","24/25730",0.208333333333333,13.1705569205569,7.56223034326929,3.20511269084837e-05,0.00105795652518087,0.000808578628421012,"Aurkb/Mad2l1/Ska1/Ndc80/Incenp",5
"GO:0033044","regulation of chromosome organization","14/407","242/25730",0.0578512396694215,3.6572786159563,5.26535887404797,3.4810290784604e-05,0.0011394568516827,0.00087086797647097,"Ncapd2/Nuf2/Aurkb/Mad2l1/Ncapg/Cdc20/Ska1/Ndc80/Ube2c/Plk1/Incenp/Ncaph/Cenpe/Smc2",14
"GO:0042490","mechanoreceptor differentiation","9/407","102/25730",0.0882352941176471,5.57811822517705,5.87328144466479,3.55539999548102e-05,0.00115418274233466,0.000882122730501249,"Ntrk2/Slitrk6/Vangl2/Myo7a/Ntrk3/Slc4a7/Fgfr3/Tsku/Diaph3",9
"GO:0008016","regulation of heart contraction","13/407","212/25730",0.0613207547169811,3.87661675397524,5.33184726312536,3.62126945678403e-05,0.00116593003493833,0.000891100991436414,"Gsto1/Kcne4/Smtn/Gja1/Pik3r1/Ccn2/Tbx2/Slc8a1/Ryr2/Edn1/Pde5a/Popdc1/Cacna1g",13
"GO:0048880","sensory system development","21/407","487/25730",0.0431211498973306,2.72606188417277,4.87530106502538,3.77114590566708e-05,0.00120431391198864,0.000920437152157681,"Adamts9/Col8a1/Ntrk2/Slitrk6/Thy1/Nectin3/Sox4/Ptn/Gja1/Bcl11b/Tbx2/Ntrk3/Slc4a7/Fgfr3/Tsku/Cdkn1c/Hif1a/Pbx3/Inhbb/Lif/Abcb5",21
"GO:0090231","regulation of spindle checkpoint","5/407","25/25730",0.2,12.6437346437346,7.38421920172689,3.95456851915632e-05,0.00125270525348758,0.000957421852006268,"Aurkb/Mad2l1/Ska1/Ndc80/Incenp",5
"GO:0000910","cytokinesis","12/407","186/25730",0.0645161290322581,4.07862407862408,5.34219530982354,4.39475247144535e-05,0.00137655399432125,0.00105207739087904,"Iqgap3/Nusap1/Kif23/Racgap1/Ckap2/E2f8/Aurkb/Kif4/Kif14/Plk1/E2f7/Incenp",12
"GO:0051293","establishment of spindle localization","7/407","60/25730",0.116666666666667,7.37551187551188,6.26799772967042,4.41562635652948e-05,0.00137655399432125,0.00105207739087904,"Gja1/Nusap1/Gpsm2/Mad2l1/Ska1/Ndc80/Plk1",7
"GO:0009913","epidermal cell differentiation","15/407","280/25730",0.0535714285714286,3.38671463671464,5.09080778297759,4.47494115073805e-05,0.00138336905102589,0.00105728602570635,"Slitrk6/Myo7a/Vdr/Bcl11b/Krt75/Slc4a7/Fgfr3/Mafb/Sfn/Ivl/Msx2/Reg3g/Krt16/Wnt5a/Ptgs2",15
"GO:0042060","wound healing","19/407","419/25730",0.045346062052506,2.86671787865105,4.88407278225559,4.5079235878644e-05,0.00138336905102589,0.00105728602570635,"Smoc2/Plau/Wnt4/Scnn1g/Vangl2/Bnc1/P2ry1/Pla2g4a/Anxa8/F3/Abcg2/Fn1/Tsku/Msx2/Reg3g/Hif1a/Fbln1/Wnt5a/Hmox1",19
"GO:0008544","epidermis development","19/407","421/25730",0.0451306413301663,2.85309926640093,4.86019080824338,4.80462829319049e-05,0.00146025653892608,0.00111604985770639,"Igfbp5/Slitrk6/Vangl2/Wnt10a/Myo7a/Vdr/Bcl11b/Krt75/Slc4a7/Fgfr3/Mafb/Sfn/Ivl/Msx2/Reg3g/Krt16/Wnt5a/Ptgs2/Sox21",19
"GO:0000212","meiotic spindle organization","5/407","26/25730",0.192307692307692,12.1574371574372,7.21608844798433,4.83282459420546e-05,0.00146025653892608,0.00111604985770639,"Aspm/Ska1/Ndc80/Cenpe/Ccnb2",5
"GO:0040001","establishment of mitotic spindle localization","6/407","42/25730",0.142857142857143,9.03123903123903,6.60378813136261,4.89275175453907e-05,0.00146707854136103,0.00112126380104021,"Gja1/Nusap1/Gpsm2/Mad2l1/Ndc80/Plk1",6
"GO:0060623","regulation of chromosome condensation","4/407","14/25730",0.285714285714286,18.0624780624781,8.09572031189151,5.44611988683123e-05,0.0016206332511722,0.00123862311939734,"Ncapd2/Ncapg/Ncaph/Smc2",4
"GO:0048709","oligodendrocyte differentiation","10/407","135/25730",0.0740740740740741,4.68286468286468,5.43908893489515,5.97799652834387e-05,0.00176553160626577,0.00134936652938953,"Ntrk2/Tenm4/Il33/Trp73/Ptn/Fgfr3/Trpc4/Mdk/Lingo1/Cdkn2c",10
"GO:0008543","fibroblast growth factor receptor signaling pathway","8/407","85/25730",0.0941176470588235,5.94999277352218,5.79513765788137,6.08680041922913e-05,0.0017842501527412,0.00136367280405668,"Smoc2/Wnt4/Ccn2/Tbx2/Fgfr3/Shcbp1/Wnt5a/Flrt1",8
"GO:0050920","regulation of chemotaxis","13/407","225/25730",0.0577777777777778,3.65263445263445,5.06648873895037,6.67535599085244e-05,0.00194228135793099,0.00148445343359931,"Smoc2/Itga2/Ptn/F3/Fn1/Ntrk3/S100a14/Edn1/Mdk/Hc/Wnt5a/Vegfd/Cxcl14",13
"GO:0070167","regulation of biomineral tissue development","9/407","111/25730",0.0810810810810811,5.12583836908161,5.52260133446848,6.92430229962288e-05,0.00199990142889108,0.00152849149833781,"Ptn/Gja1/Wnt4/Wnt6/Vdr/Slc8a1/Fgfr3/Phospho1/Hif1a",9
"GO:0043588","skin development","17/407","361/25730",0.0470914127423823,2.97705663356633,4.79592206797997,7.1148175538398e-05,0.00201452173077836,0.00153966555262619,"Itga2/Igfbp5/Vangl2/Wnt10a/Vdr/Bcl11b/Krt75/Mafb/Sfn/Ivl/Msx2/Reg3g/Krt16/Wnt5a/Ptgs2/Sox21/Dact2",17
"GO:1903036","positive regulation of response to wounding","8/407","87/25730",0.0919540229885057,5.81321133045271,5.70113363611809,7.19072962494306e-05,0.00201452173077836,0.00153966555262619,"Smoc2/Plau/Ptn/F3/Ntrk3/Mdk/Reg3g/Hif1a",8
"GO:0032963","collagen metabolic process","10/407","138/25730",0.072463768115942,4.58106327671545,5.34749645386395,7.19669956360245e-05,0.00201452173077836,0.00153966555262619,"Itga2/Ltbp1/Mmp15/Wnt4/Serpinh1/Ccn2/Abcg2/Fn1/Fgfr3/Hif1a",10
"GO:0044843","cell cycle G1/S phase transition","14/407","259/25730",0.0540540540540541,3.41722557938774,4.95672866643316,7.2553088473665e-05,0.00201452173077836,0.00153966555262619,"Camk2b/Ccnd2/Iqgap3/Tbx2/Ccna2/Abcg2/Adamts1/Kif14/Rrm2/E2f7/Cdkn2c/Fam83d/Ak1/Ccnb2",14
"GO:0031214","biomineral tissue development","12/407","196/25730",0.0612244897959184,3.87053101338816,5.11424975026378,7.29077688067274e-05,0.00201452173077836,0.00153966555262619,"Ptn/Gja1/Wnt4/Wnt6/Vdr/Alpl/Slc8a1/Fgfr3/Phospho1/Msx2/Hif1a/Ptgs2",12
"GO:0031392","regulation of prostaglandin biosynthetic process","4/407","15/25730",0.266666666666667,16.8583128583129,7.78861841835571,7.33392585288457e-05,0.00201452173077836,0.00153966555262619,"Pla2g4a/Edn1/Fabp5/Ptgs2",4
"GO:0051782","negative regulation of cell division","4/407","15/25730",0.266666666666667,16.8583128583129,7.78861841835571,7.33392585288457e-05,0.00201452173077836,0.00153966555262619,"Aspm/E2f8/Aurkb/E2f7",4
"GO:0060485","mesenchyme development","16/407","329/25730",0.0486322188449848,3.0744643510601,4.8009767010708,7.94637712442138e-05,0.00216759509338383,0.00165665698529604,"Bnc2/Sox4/Gja1/Wnt4/Vangl2/Wnt10a/Epha4/Tbx2/Fn1/Edn1/Msx2/Wnt7b/Mdk/Hif1a/Wnt5a/Fam83d",16
"GO:1901890","positive regulation of cell junction assembly","10/407","141/25730",0.0709219858156028,4.48359384529597,5.25849535177462,8.62027420431723e-05,0.00233520255686607,0.00178475659025138,"Ntrk2/Slitrk6/Thbs2/Thy1/Wnt4/Pik3r1/Col16a1/Ntrk3/Grid2/Flrt1",10
"GO:0002687","positive regulation of leukocyte migration","11/407","171/25730",0.064327485380117,4.06669827722459,5.10091698941861,9.32995998846799e-05,0.00250372349902482,0.00191355435181123,"Itga2/Thy1/Ptn/Pik3r1/S100a14/Edn1/Mdk/Wnt5a/Vegfd/Cxcl14/Ccl20",11
"GO:0051294","establishment of spindle orientation","6/407","47/25730",0.127659574468085,8.07046892153275,6.15071142186646,9.36984099685969e-05,0.00250372349902482,0.00191355435181123,"Gja1/Gpsm2/Mad2l1/Ska1/Ndc80/Plk1",6
"GO:1901978","positive regulation of cell cycle checkpoint","4/407","16/25730",0.25,15.8046683046683,7.50974056126713,9.65670169445283e-05,0.00254553837745878,0.00194551276999476,"Aurkb/Mad2l1/Ndc80/Incenp",4
"GO:0007093","mitotic cell cycle checkpoint signaling","10/407","143/25730",0.0699300699300699,4.42088623906806,5.20053527847804,9.6963973137977e-05,0.00254553837745878,0.00194551276999476,"Chek1/Nuf2/Aurkb/Mad2l1/Cdc20/Ska1/Ndc80/Plk1/Incenp/Cenpe",10
"GO:0048592","eye morphogenesis","12/407","202/25730",0.0594059405940594,3.75556474566376,4.98458480838351,9.72074227644647e-05,0.00254553837745878,0.00194551276999476,"Adamts9/Col8a1/Ntrk2/Thy1/Nectin3/Sox4/Ptn/Tbx2/Slc4a7/Fgfr3/Tsku/Hif1a",12
"GO:0030500","regulation of bone mineralization","8/407","91/25730",0.0879120879120879,5.55768555768556,5.52160829988192,9.900365157082e-05,0.00255340632673687,0.00195152611315617,"Ptn/Gja1/Wnt4/Vdr/Slc8a1/Fgfr3/Phospho1/Hif1a",8
"GO:0030325","adrenal gland development","5/407","30/25730",0.166666666666667,10.5364455364455,6.6256986454613,9.93923154157628e-05,0.00255340632673687,0.00195152611315617,"Ly6e/Wnt4/Dkk3/Cdkn1c/Mdk",5
"GO:0060135","maternal process involved in female pregnancy","7/407","68/25730",0.102941176470588,6.50780459603989,5.76552435101299,9.94580366575207e-05,0.00255340632673687,0.00195152611315617,"Ptn/Wnt4/Cbs/Vdr/Pla2g4a/Ptgs2/Lif",7
"GO:0042310","vasoconstriction","9/407","117/25730",0.0769230769230769,4.86297486297486,5.3092804786104,0.000104156202147103,0.00264226066046259,0.00201943600697805,"Cd38/Gja1/Slc8a1/Edn1/Pde5a/Hif1a/Cacna1g/Ptgs2/Htr1d",9
"GO:0044703","multi-organism reproductive process","14/407","268/25730",0.0522388059701493,3.30246800396054,4.80358881031865,0.000104264359055932,0.00264226066046259,0.00201943600697805,"Itga2/Igfbp5/Ptn/Gja1/Wnt4/Kalrn/Cbs/Vdr/Pla2g4a/Abcg2/Edn1/Fbln1/Ptgs2/Lif",14
"GO:0032465","regulation of cytokinesis","8/407","92/25730",0.0869565217391304,5.49727593205854,5.47838383708612,0.000106957096588191,0.00269312484229753,0.00205831065768908,"Kif23/Racgap1/E2f8/Aurkb/Kif14/Plk1/E2f7/Incenp",8
"GO:0030282","bone mineralization","10/407","145/25730",0.0689655172413793,4.35990849783953,5.14363119130491,0.000108841840356538,0.00272312578930242,0.00208123988398824,"Ptn/Gja1/Wnt4/Vdr/Alpl/Slc8a1/Fgfr3/Phospho1/Hif1a/Ptgs2",10
"GO:0000086","G2/M transition of mitotic cell cycle","10/407","146/25730",0.0684931506849315,4.33004611086803,5.11556411844254,0.000115227924748687,0.00285166770978642,0.00217948234224217,"Chek1/Ccna2/Foxm1/Aurkb/Kif14/Cenpf/Cdc20/Cdc25c/Plk1/Cdc7",10
"GO:0051781","positive regulation of cell division","8/407","93/25730",0.0860215053763441,5.43816543816544,5.43578711994618,0.000115431559535652,0.00285166770978642,0.00217948234224217,"Ptn/Kif23/Racgap1/Aurkb/Mdk/Kif14/Incenp/Vegfd",8
"GO:0003007","heart morphogenesis","15/407","305/25730",0.0491803278688525,3.10911507632819,4.69754333951638,0.000116687729543656,0.0028603950621659,0.00218615251294275,"Ly6e/Sox4/Gja1/Vangl2/Tbx2/Abcg2/Heg1/Cpe/Adamts1/Slc8a1/Ryr2/Edn1/Msx2/Hif1a/Wnt5a",15
"GO:0021700","developmental maturation","18/407","413/25730",0.0435835351089588,2.75529326376784,4.55900083540362,0.000117241243637655,0.0028603950621659,0.00218615251294275,"Camk2b/Gja1/Bnc1/Mdga1/Galnt3/Mdga2/Fgfr3/Edn1/Phospho1/Msx2/Cdkn1c/Kif14/Cdc20/Hif1a/Diaph3/Nfasc/Wnt5a/Nr4a2",18
"GO:0045840","positive regulation of mitotic nuclear division","6/407","49/25730",0.122448979591837,7.74106202677631,5.98785780409141,0.000118821949481171,0.00288106554050643,0.00220195061676609,"Nusap1/Edn1/Cdc20/Ska1/Ube2c/Cenpe",6
"GO:0015833","peptide transport","17/407","377/25730",0.0450928381962865,2.85070940243354,4.58928796031538,0.000120249225109841,0.00289778500755495,0.00221472902817738,"Abcc5/Cd38/Mafa/Sox4/Gja1/Kalrn/Vsnl1/Slco3a1/Tbc1d1/Abcg2/Cpe/Edn1/Hif1a/Gpr27/Inhbb/Dio2/Lif",17
"GO:0045930","negative regulation of mitotic cell cycle","13/407","239/25730",0.0543933054393305,3.43867260185252,4.8018666313837,0.000122564788958463,0.00289851500470323,0.00221528695289249,"Chek1/Nuf2/Fgfr3/Aurkb/Cdkn1c/Mad2l1/Cdc20/Ska1/Ndc80/Plk1/E2f7/Incenp/Cenpe",13
"GO:0042063","gliogenesis","18/407","415/25730",0.0433734939759036,2.74201474201474,4.53563386279802,0.000124508108844274,0.00289851500470323,0.00221528695289249,"Ntrk2/Tenm4/Il33/Trp73/Sox4/Ptn/P2ry1/Epha4/Matn2/Fn1/Ntrk3/Vcan/Fgfr3/Trpc4/Mdk/Lingo1/Cdkn2c/Lif",18
"GO:0044771","meiotic cell cycle phase transition","4/407","17/25730",0.235294117647059,14.8749819338055,7.25490270790069,0.000124706984672822,0.00289851500470323,0.00221528695289249,"Cdc20/Ndc80/Cdc25c/Ccnb2",4
"GO:0045842","positive regulation of mitotic metaphase/anaphase transition","4/407","17/25730",0.235294117647059,14.8749819338055,7.25490270790069,0.000124706984672822,0.00289851500470323,0.00221528695289249,"Cdc20/Ska1/Ube2c/Cenpe",4
"GO:0051299","centrosome separation","4/407","17/25730",0.235294117647059,14.8749819338055,7.25490270790069,0.000124706984672822,0.00289851500470323,0.00221528695289249,"Chek1/Kif11/Plk1/Kif15",4
"GO:2001279","regulation of unsaturated fatty acid biosynthetic process","4/407","17/25730",0.235294117647059,14.8749819338055,7.25490270790069,0.000124706984672822,0.00289851500470323,0.00221528695289249,"Pla2g4a/Edn1/Fabp5/Ptgs2",4
"GO:0061640","cytoskeleton-dependent cytokinesis","9/407","120/25730",0.075,4.74140049140049,5.20800165223111,0.000126512960102895,0.00292319357225983,0.00223414837283874,"Iqgap3/Nusap1/Kif23/Racgap1/Ckap2/Aurkb/Kif4/Plk1/Incenp",9
"GO:0009636","response to toxic substance","13/407","240/25730",0.0541666666666667,3.4243447993448,4.78372461442959,0.000127763762468704,0.00293483075425186,0.00224304247805936,"Cyp2f2/Gsto1/Lancl1/Abcg2/Slc39a8/Edn1/Hif1a/Gsto2/Inhbb/Lpo/Ptgs2/Nr4a2/Htr1d",13
"GO:0046697","decidualization","5/407","32/25730",0.15625,9.87791769041769,6.37070538701508,0.000136850472364039,0.00312528288049968,0.00238860187994026,"Ptn/Vdr/Pla2g4a/Ptgs2/Lif",5
"GO:0010810","regulation of cell-substrate adhesion","13/407","242/25730",0.0537190082644628,3.39604442910228,4.74772713769295,0.000138734480293776,0.0031499944427396,0.00240748851717583,"Smoc2/Col8a1/Thy1/Plau/Ptn/Wnt4/Pik3r1/Col16a1/Cib1/Fn1/Mdk/Nexmif/Fbln1",13
"GO:0001822","kidney development","17/407","382/25730",0.0445026178010471,2.81339645213991,4.5269289106949,0.000140738978084333,0.00317714198801874,0.0024282369358531,"Trp73/Sox4/Wnt4/Vangl2/Wnt6/Epha4/Itga8/Adamts1/Vcan/Edn1/Cdkn1c/Wnt7b/Cenpf/Odc1/Wnt5a/Lif/Dact2",17
"GO:0032964","collagen biosynthetic process","7/407","72/25730",0.0972222222222222,6.1462598962599,5.54367349244564,0.000143171417555141,0.0032135847323234,0.00245608952100609,"Itga2/Ltbp1/Wnt4/Serpinh1/Ccn2/Abcg2/Fn1",7
"GO:0030879","mammary gland development","11/407","180/25730",0.0611111111111111,3.86336336336336,4.88729264470589,0.000147028120883746,0.00327066821000365,0.00249971747639898,"Itga2/Igfbp5/Gja1/Wnt4/Iqgap3/Kalrn/Vdr/Tbx2/Msx2/Hif1a/Wnt5a",11
"GO:0044706","multi-multicellular organism process","14/407","277/25730",0.0505415162454874,3.19516759949973,4.6568168778118,0.000147379906611672,0.00327066821000365,0.00249971747639898,"Itga2/Igfbp5/Ptn/Gja1/Wnt4/Kalrn/Cbs/Vdr/Pla2g4a/Abcg2/Edn1/Fbln1/Ptgs2/Lif",14
"GO:0007160","cell-matrix adhesion","13/407","244/25730",0.0532786885245902,3.36820799935554,4.71210542147272,0.000150507208451207,0.00332130513930528,0.00253841844176725,"Itga2/Otoa/Thy1/Plau/Wnt4/Pik3r1/Col16a1/Cib1/Ccn2/Itga8/Fn1/Vwa2/Nexmif",13
"GO:0010811","positive regulation of cell-substrate adhesion","10/407","151/25730",0.0662251655629139,4.18666710057439,4.97891222463417,0.000152118055667901,0.00332376061521709,0.00254029512128822,"Smoc2/Col8a1/Thy1/Ptn/Wnt4/Col16a1/Cib1/Fn1/Mdk/Fbln1",10
"GO:0048661","positive regulation of smooth muscle cell proliferation","9/407","123/25730",0.0731707317073171,4.62575657697609,5.11002387234844,0.000152747471813028,0.00332376061521709,0.00254029512128822,"Itga2/Igfbp5/Gja1/Pik3r1/Adamts1/Edn1/Hif1a/Ptgs2/Hmox1",9
"GO:0043010","camera-type eye development","18/407","422/25730",0.042654028436019,2.69653108515668,4.45492313067672,0.000153156993725635,0.00332376061521709,0.00254029512128822,"Adamts9/Col8a1/Ntrk2/Slitrk6/Thy1/Nectin3/Sox4/Ptn/Gja1/Bcl11b/Tbx2/Ntrk3/Slc4a7/Fgfr3/Tsku/Cdkn1c/Hif1a/Lif",18
"GO:1902101","positive regulation of metaphase/anaphase transition of cell cycle","4/407","18/25730",0.222222222222222,14.048594048594,7.02074377493638,0.000158341399489266,0.00341739020436174,0.00261185466364018,"Cdc20/Ska1/Ube2c/Cenpe",4
"GO:0010639","negative regulation of organelle organization","17/407","386/25730",0.0440414507772021,2.78424208476022,4.47776123055152,0.000159269593119659,0.00341863913537715,0.00261280920090461,"Acaa2/Chek1/Pik3r1/Nuf2/Cib1/Ckap2/Fgfr3/Aurkb/Mad2l1/Cdc20/Diaph3/Ska1/Ndc80/Plk1/Incenp/Cenpe/Lif",17
"GO:0002685","regulation of leukocyte migration","13/407","249/25730",0.0522088353413655,3.3005733005733,4.62464707350154,0.000183766790970386,0.00391210351000981,0.0029899558394651,"Itga2/Il33/Thy1/Ptn/Pik3r1/S100a14/Edn1/Mdk/Hc/Wnt5a/Vegfd/Cxcl14/Ccl20",13
"GO:0048714","positive regulation of oligodendrocyte differentiation","5/407","34/25730",0.147058823529412,9.29686370862841,6.13722058969805,0.00018425131093478,0.00391210351000981,0.0029899558394651,"Tenm4/Il33/Trp73/Ptn/Mdk",5
"GO:1901991","negative regulation of mitotic cell cycle phase transition","11/407","185/25730",0.0594594594594595,3.75894813732652,4.77449593575281,0.000186897334966083,0.00394695017068158,0.00301658856436485,"Chek1/Nuf2/Aurkb/Mad2l1/Cdc20/Ska1/Ndc80/Plk1/E2f7/Incenp/Cenpe",11
"GO:0042471","ear morphogenesis","10/407","155/25730",0.0645161290322581,4.07862407862408,4.87377830328955,0.0001883771259543,0.00395692700935022,0.00302421369671638,"Gjb6/Slitrk6/Nectin3/Vangl2/Myo7a/Itga8/Tbx2/Mafb/Edn1/Wnt5a",10
"GO:0050878","regulation of body fluid levels","17/407","392/25730",0.0433673469387755,2.74162613448328,4.40517211269296,0.000191061719432785,0.00399197039325521,0.00305099677392107,"Cck/Trp73/Plau/Gja1/Scnn1g/Kalrn/P2ry1/Vdr/Pla2g4a/Anxa8/F3/Fn1/Heg1/Celsr2/Edn1/Hif1a/Fbln1",17
"GO:1903034","regulation of response to wounding","11/407","186/25730",0.0591397849462366,3.73873873873874,4.7524078521016,0.000195882751610471,0.0040710447001372,0.00311143195540553,"Smoc2/Il33/Plau/Ptn/Wnt4/Epha4/F3/Ntrk3/Mdk/Reg3g/Hif1a",11
"GO:0003206","cardiac chamber morphogenesis","10/407","156/25730",0.0641025641025641,4.05247905247905,4.84804610869066,0.000198497744401251,0.00408219445030425,0.00311995352456526,"Ly6e/Sox4/Vangl2/Tbx2/Heg1/Cpe/Adamts1/Ryr2/Msx2/Hif1a",10
"GO:0003231","cardiac ventricle development","10/407","156/25730",0.0641025641025641,4.05247905247905,4.84804610869066,0.000198497744401251,0.00408219445030425,0.00311995352456526,"Ly6e/Ltbp1/Sox4/Vangl2/Abcg2/Heg1/Cpe/Ryr2/Hif1a/Wnt5a",10
"GO:0031102","neuron projection regeneration","7/407","76/25730",0.0921052631578947,5.82277253329885,5.33798206640568,0.000201295670478389,0.00411817392520372,0.00314745204059411,"Thy1/Ptn/Epha4/Matn2/Nrep/Ntrk3/Chl1",7
"GO:0030216","keratinocyte differentiation","11/407","187/25730",0.0588235294117647,3.71874548345137,4.73047209580851,0.000205231490761497,0.00417693935601638,0.00319236548487478,"Vdr/Bcl11b/Krt75/Mafb/Sfn/Ivl/Msx2/Reg3g/Krt16/Wnt5a/Ptgs2",11
"GO:0072001","renal system development","17/407","395/25730",0.0430379746835443,2.72080365751252,4.36938682240608,0.000208938370416706,0.00423046349998361,0.00323327310053415,"Trp73/Sox4/Wnt4/Vangl2/Wnt6/Epha4/Itga8/Adamts1/Vcan/Edn1/Cdkn1c/Wnt7b/Cenpf/Odc1/Wnt5a/Lif/Dact2",17
"GO:0071634","regulation of transforming growth factor beta production","5/407","35/25730",0.142857142857143,9.03123903123903,6.0275850026915,0.000212189709455754,0.00427426245508821,0.00326674791561571,"Fn1/Tsku/Hif1a/Fbln1/Ptgs2",5
"GO:0060047","heart contraction","13/407","255/25730",0.0509803921568627,3.22291275232452,4.52258243610198,0.000231838551837817,0.00464623383479054,0.00355103947283273,"Gsto1/Kcne4/Smtn/Gja1/Pik3r1/Ccn2/Tbx2/Slc8a1/Ryr2/Edn1/Pde5a/Popdc1/Cacna1g",13
"GO:0002062","chondrocyte differentiation","9/407","131/25730",0.0687022900763359,4.34326762571037,4.86347145398075,0.000245703407137002,0.00489910143773678,0.00374430198853717,"Chst11/Serpinh1/Slc39a14/Mboat2/Ccn2/Galnt3/Msx2/Mdk/Hif1a",9
"GO:0033002","muscle cell proliferation","14/407","293/25730",0.0477815699658703,3.02068745754753,4.41012695331085,0.000262642315462743,0.00521039906635178,0.00398222160393271,"Itga2/Tenm4/Igfbp5/Trp73/Ccnd2/Gja1/Pik3r1/Tbx2/Adamts1/Edn1/Hif1a/Ndc80/Ptgs2/Hmox1",14
"GO:0043524","negative regulation of neuron apoptotic process","12/407","225/25730",0.0533333333333333,3.37166257166257,4.52983700787903,0.000265513590756109,0.00524089137934672,0.00400552637310988,"Ntrk2/Trp73/Epha4/Cntfr/Cpe/Mdga2/Mdk/Kif14/Hif1a/Nr4a2/Hmox1/Chl1",12
"GO:0051048","negative regulation of secretion","12/407","226/25730",0.0530973451327434,3.35674371072601,4.51142256141839,0.000276486402115252,0.00543019293754355,0.00415020641490894,"Gja1/Kalrn/P2ry1/Vsnl1/Tbc1d1/Pla2r1/Edn1/Hc/Inhbb/Lif/Hmox1/Ucn2",12
"GO:0022612","gland morphogenesis","10/407","164/25730",0.0609756097560976,3.85479714748007,4.64961363801239,0.000297157276142382,0.00580713323725012,0.0044382956352871,"Igfbp5/Mki67/Plau/Ptn/Wnt4/Vdr/Tbx2/Msx2/Mdk/Wnt5a",10
"GO:0051480","regulation of cytosolic calcium ion concentration","7/407","81/25730",0.0864197530864197,5.4633421300088,5.10056808931987,0.000299271671914544,0.00581902784035351,0.0044473864831944,"Ntrk2/P2ry1/Kcnh1/Slc35g1/Ryr2/Trpc4/Wnt5a",7
"GO:0046888","negative regulation of hormone secretion","8/407","107/25730",0.0747663551401869,4.72662977335875,4.89715928968885,0.000305055787392242,0.00581902784035351,0.0044473864831944,"Gja1/Kalrn/Vsnl1/Tbc1d1/Edn1/Inhbb/Lif/Ucn2",8
"GO:0045687","positive regulation of glial cell differentiation","6/407","58/25730",0.103448275862069,6.5398627467593,5.35468873127424,0.000305173048653977,0.00581902784035351,0.0044473864831944,"Tenm4/Il33/Trp73/Ptn/Mdk/Lif",6
"GO:0045933","positive regulation of muscle contraction","6/407","58/25730",0.103448275862069,6.5398627467593,5.35468873127424,0.000305173048653977,0.00581902784035351,0.0044473864831944,"Gsto1/Itga2/Smtn/Ccn2/Edn1/Ptgs2",6
"GO:0048713","regulation of oligodendrocyte differentiation","6/407","58/25730",0.103448275862069,6.5398627467593,5.35468873127424,0.000305173048653977,0.00581902784035351,0.0044473864831944,"Tenm4/Il33/Trp73/Ptn/Mdk/Lingo1",6
"GO:0000132","establishment of mitotic spindle orientation","5/407","38/25730",0.131578947368421,8.31824647614121,5.7233585581562,0.000315573322746022,0.00598827058814673,0.00457673590883119,"Gja1/Gpsm2/Mad2l1/Ndc80/Plk1",5
"GO:0007411","axon guidance","13/407","264/25730",0.0492424242424242,3.11304072667709,4.37502505381611,0.000323961769149822,0.00611789340971395,0.00467580448185877,"Vangl2/Enah/Kalrn/Bcl11b/Epha4/Matn2/Efna3/Efna4/Edn1/Wnt7b/Nfasc/Wnt5a/Chl1",13
"GO:0070169","positive regulation of biomineral tissue development","6/407","59/25730",0.101694915254237,6.42901761545829,5.29269592713008,0.000335245044354543,0.00624976337677293,0.00477659051092197,"Ptn/Wnt4/Wnt6/Vdr/Slc8a1/Fgfr3",6
"GO:0003015","heart process","13/407","265/25730",0.0490566037735849,3.1012934031802,4.35902012806633,0.000335898705622585,0.00624976337677293,0.00477659051092197,"Gsto1/Kcne4/Smtn/Gja1/Pik3r1/Ccn2/Tbx2/Slc8a1/Ryr2/Edn1/Pde5a/Popdc1/Cacna1g",13
"GO:0097485","neuron projection guidance","13/407","265/25730",0.0490566037735849,3.1012934031802,4.35902012806633,0.000335898705622585,0.00624976337677293,0.00477659051092197,"Vangl2/Enah/Kalrn/Bcl11b/Epha4/Matn2/Efna3/Efna4/Edn1/Wnt7b/Nfasc/Wnt5a/Chl1",13
"GO:0000082","G1/S transition of mitotic cell cycle","12/407","231/25730",0.051948051948052,3.28408692045056,4.42087385504917,0.000337309021353325,0.00624976337677293,0.00477659051092197,"Camk2b/Ccnd2/Iqgap3/Ccna2/Abcg2/Adamts1/Kif14/Rrm2/E2f7/Cdkn2c/Ak1/Ccnb2",12
"GO:0071604","transforming growth factor beta production","5/407","39/25730",0.128205128205128,8.1049581049581,5.62930009080212,0.000357323480491663,0.00658951470127349,0.00503625681424375,"Fn1/Tsku/Hif1a/Fbln1/Ptgs2",5
"GO:0044344","cellular response to fibroblast growth factor stimulus","8/407","110/25730",0.0727272727272727,4.59772168863078,4.79386086141873,0.000368049993136066,0.00675560921980592,0.00516320010046267,"Smoc2/Wnt4/Ccn2/Tbx2/Fgfr3/Shcbp1/Wnt5a/Flrt1",8
"GO:0003018","vascular process in circulatory system","13/407","268/25730",0.0485074626865672,3.06657743224907,4.31145545220738,0.000373983521898018,0.00683259197216473,0.00522203674150868,"Cd38/Gja1/P2ry1/Cbs/Abcg2/Slc8a1/Edn1/Pde5a/Hif1a/Fabp5/Cacna1g/Ptgs2/Htr1d",13
"GO:0010001","glial cell differentiation","14/407","305/25730",0.0459016393442623,2.90184073790631,4.23588991963686,0.000393596253917735,0.00715762076568918,0.00547045085854474,"Ntrk2/Tenm4/Il33/Trp73/Sox4/Ptn/Epha4/Ntrk3/Fgfr3/Trpc4/Mdk/Lingo1/Cdkn2c/Lif",14
"GO:0015695","organic cation transport","9/407","141/25730",0.0638297872340425,4.03523446076638,4.58169551684062,0.000423524594984667,0.00761163541362679,0.00581744672517516,"Ly6e/Slc6a2/P2ry1/Slc43a2/Slc1a4/Slc6a6/Hc/Slc35f3/Slc25a42",9
"GO:0035296","regulation of tube diameter","11/407","204/25730",0.053921568627451,3.40885002649709,4.37909678402651,0.000432201397192302,0.00761163541362679,0.00581744672517516,"Cd38/Gja1/P2ry1/Cbs/Slc8a1/Edn1/Pde5a/Hif1a/Cacna1g/Ptgs2/Htr1d",11
"GO:0097746","blood vessel diameter maintenance","11/407","204/25730",0.053921568627451,3.40885002649709,4.37909678402651,0.000432201397192302,0.00761163541362679,0.00581744672517516,"Cd38/Gja1/P2ry1/Cbs/Slc8a1/Edn1/Pde5a/Hif1a/Cacna1g/Ptgs2/Htr1d",11
"GO:1903531","negative regulation of secretion by cell","11/407","204/25730",0.053921568627451,3.40885002649709,4.37909678402651,0.000432201397192302,0.00761163541362679,0.00581744672517516,"Gja1/Kalrn/P2ry1/Vsnl1/Tbc1d1/Edn1/Hc/Inhbb/Lif/Hmox1/Ucn2",11
"GO:0015800","acidic amino acid transport","7/407","86/25730",0.0813953488372093,5.14570595965945,4.88209153706674,0.000432303201783553,0.00761163541362679,0.00581744672517516,"Cck/Ntrk2/Gja1/Ttyh3/Ttyh2/Slc1a4/Slc6a6",7
"GO:0030010","establishment of cell polarity","10/407","172/25730",0.0581395348837209,3.67550425689961,4.46331478469132,0.000433829143429998,0.00761163541362679,0.00581744672517516,"Gja1/Vangl2/Gpsm2/Ust/Mad2l1/Diaph3/Ska1/Ndc80/Plk1/Wnt5a",10
"GO:1904375","regulation of protein localization to cell periphery","10/407","172/25730",0.0581395348837209,3.67550425689961,4.46331478469132,0.000433829143429998,0.00761163541362679,0.00581744672517516,"Camk2b/Grip1/Pik3r1/Kalrn/Gpsm2/Cib1/Sfn/Neto2/Abi3/Plk1",10
"GO:0032277","negative regulation of gonadotropin secretion","3/407","10/25730",0.3,18.965601965602,7.20372908992533,0.000434064748638595,0.00761163541362679,0.00581744672517516,"Gja1/Inhbb/Ucn2",3
"GO:0061448","connective tissue development","15/407","345/25730",0.0434782608695652,2.74863796602927,4.14545254304391,0.000437172878632642,0.00763206696564008,0.00583306222156864,"Chst11/Serpinh1/Cbs/Slc39a14/Mboat2/Ccn2/Bmp3/Galnt3/Fgfr3/Edn1/Msx2/Wnt7b/Mdk/Hif1a/Wnt5a",15
"GO:0007229","integrin-mediated signaling pathway","8/407","113/25730",0.0707964601769911,4.47565828096802,4.69421783563869,0.00044124807820696,0.00766912589025195,0.00586138574311249,"Itga2/Thy1/Plau/Ptn/Ccn2/Itga8/Fn1/Diaph3",8
"GO:0035150","regulation of tube size","11/407","205/25730",0.0536585365853659,3.39222148978246,4.35959878790471,0.000450370166902803,0.00779318949600973,0.00595620549968372,"Cd38/Gja1/P2ry1/Cbs/Slc8a1/Edn1/Pde5a/Hif1a/Cacna1g/Ptgs2/Htr1d",11
"GO:0001837","epithelial to mesenchymal transition","10/407","173/25730",0.0578034682080925,3.65425856755337,4.44081236478018,0.000454094856826125,0.00782317805970623,0.00597912526162562,"Gja1/Wnt4/Vangl2/Epha4/Edn1/Msx2/Mdk/Hif1a/Wnt5a/Fam83d",10
"GO:0007565","female pregnancy","12/407","239/25730",0.0502092050209205,3.17415932478694,4.28102694272099,0.000458076266805388,0.00785730819219024,0.00600521035591344,"Itga2/Igfbp5/Ptn/Gja1/Wnt4/Cbs/Vdr/Pla2g4a/Abcg2/Fbln1/Ptgs2/Lif",12
"GO:0046879","hormone secretion","17/407","425/25730",0.04,2.52874692874693,4.02882100169693,0.000484478922360226,0.00827405742187378,0.00632372488133348,"Cd38/Mafa/Sox4/Gja1/Kalrn/P2ry1/Vdr/Vsnl1/Tbc1d1/Cpe/Edn1/Hif1a/Gpr27/Inhbb/Dio2/Lif/Ucn2",17
"GO:0046887","positive regulation of hormone secretion","11/407","207/25730",0.0531400966183575,3.35944640292466,4.32096262158365,0.000488631280359929,0.00830884705304676,0.006350314019533,"Cd38/Sox4/Gja1/P2ry1/Vdr/Vsnl1/Edn1/Hif1a/Gpr27/Inhbb/Lif",11
"GO:0010948","negative regulation of cell cycle process","14/407","312/25730",0.0448717948717949,2.83673533673534,4.13813134703345,0.000493141548353395,0.00834582571064202,0.00637857619432711,"Chek1/Nuf2/Fgfr3/E2f8/Aurkb/Mad2l1/Cdc20/Ska1/Ndc80/Plk1/E2f7/Incenp/Cenpe/Lif",14
"GO:0046330","positive regulation of JNK cascade","8/407","115/25730",0.0695652173913043,4.39782074564683,4.62970462904369,0.000496301876631633,0.00834582571064202,0.00637857619432711,"Mfhas1/Epha4/Ccn2/Fzd10/Edn1/Sh3rf2/Wnt7b/Wnt5a",8
"GO:0051965","positive regulation of synapse assembly","7/407","88/25730",0.0795454545454545,5.02875809693992,4.79940787871999,0.000497180044880405,0.00834582571064202,0.00637857619432711,"Ntrk2/Slitrk6/Thbs2/Pik3r1/Ntrk3/Grid2/Flrt1",7
"GO:0045786","negative regulation of cell cycle","16/407","388/25730",0.0412371134020619,2.60695559664632,4.04343416762197,0.000507920019092835,0.00848982908509215,0.00648863558545472,"Chek1/Nuf2/Fgfr3/E2f8/Aurkb/Cdkn1c/Mad2l1/Cdc20/Ska1/Ndc80/Plk1/E2f7/Incenp/Ptgs2/Cenpe/Lif",16
"GO:0060443","mammary gland morphogenesis","6/407","64/25730",0.09375,5.92675061425061,5.00290840838291,0.000522076648304629,0.00868947912940925,0.00664122480358966,"Igfbp5/Wnt4/Vdr/Tbx2/Msx2/Wnt5a",6
"GO:0071774","response to fibroblast growth factor","8/407","118/25730",0.0677966101694915,4.28601174363886,4.53564910871957,0.000589199809201197,0.00976530316684516,0.00746345927533562,"Smoc2/Wnt4/Ccn2/Tbx2/Fgfr3/Shcbp1/Wnt5a/Flrt1",8
"GO:0014013","regulation of gliogenesis","9/407","148/25730",0.0608108108108108,3.84437877681121,4.39948782832082,0.000602352453708347,0.00994134637885037,0.00759800618299958,"Tenm4/Il33/Trp73/Ptn/Ntrk3/Fgfr3/Mdk/Lingo1/Lif",9
"GO:0045778","positive regulation of ossification","6/407","66/25730",0.0909090909090909,5.74715211078847,4.89546582254091,0.00061615609888925,0.0101266157173095,0.00773960446611822,"Ptn/Wnt4/Vdr/Slc8a1/Fgfr3/Wnt5a",6
"GO:0006939","smooth muscle contraction","8/407","119/25730",0.0672268907563025,4.24999483823013,4.50499138125135,0.000623113030182564,0.0101982832606546,0.00779437878105558,"Itga2/Cd38/Tbx2/Slc8a1/Edn1/Cacna1g/Ptgs2/Htr1d",8
"GO:0009914","hormone transport","17/407","435/25730",0.0390804597701149,2.4706148154424,3.92172651138892,0.000628501283614812,0.0102228313944201,0.0078131405126182,"Cd38/Mafa/Sox4/Gja1/Kalrn/P2ry1/Vdr/Vsnl1/Tbc1d1/Cpe/Edn1/Hif1a/Gpr27/Inhbb/Dio2/Lif/Ucn2",17
"GO:0001893","maternal placenta development","5/407","44/25730",0.113636363636364,7.18394013848559,5.20468507822728,0.000631780248694953,0.0102228313944201,0.0078131405126182,"Ptn/Vdr/Pla2g4a/Ptgs2/Lif",5
"GO:0007416","synapse assembly","14/407","320/25730",0.04375,2.76581695331695,4.02966941748322,0.000632420577607963,0.0102228313944201,0.0078131405126182,"Dclk1/Ntrk2/Slitrk6/Thbs2/Lzts1/Nectin3/Pik3r1/Mdga1/Ntrk3/Mdga2/Abi3/Grid2/Wnt5a/Flrt1",14
"GO:0050773","regulation of dendrite development","9/407","150/25730",0.06,3.79312039312039,4.34946755695347,0.000663478269710372,0.0106809124730424,0.00816324428478853,"Camk2b/Ntrk2/Lzts1/Grip1/Ptn/Kalrn/Epha4/Cdc20/Wnt5a",9
"GO:0010712","regulation of collagen metabolic process","6/407","67/25730",0.0895522388059701,5.66137372107521,4.84338166560467,0.000667866338894502,0.0107076693027657,0.00818369408604563,"Itga2/Ltbp1/Wnt4/Ccn2/Fn1/Fgfr3",6
"GO:0030198","extracellular matrix organization","14/407","323/25730",0.043343653250774,2.74012825096416,3.98985309873352,0.000692619160036962,0.0110146075328955,0.00841828188546949,"Smoc2/Adamts9/Mmp15/Has3/Serpinh1/Col7a1/Matn2/Ccn2/Itga8/Fn1/Slc39a8/Adamts1/Fbln1/Adamtsl3",14
"GO:0071695","anatomical structure maturation","14/407","323/25730",0.043343653250774,2.74012825096416,3.98985309873352,0.000692619160036962,0.0110146075328955,0.00841828188546949,"Gja1/Bnc1/Galnt3/Fgfr3/Edn1/Phospho1/Msx2/Cdkn1c/Kif14/Hif1a/Diaph3/Nfasc/Wnt5a/Nr4a2",14
"GO:0001892","embryonic placenta development","8/407","121/25730",0.0661157024793388,4.17974698966434,4.44467510440053,0.000695666368791775,0.0110184576476375,0.00842122446432149,"Krt19/Slc8a1/E2f8/Cdkn1c/Wnt7b/Hif1a/E2f7/Lif",8
"GO:0006857","oligopeptide transport","4/407","26/25730",0.153846153846154,9.72594972594973,5.64352047218532,0.000699989102566492,0.0110423983730168,0.00843952196372705,"Abcc5/Gja1/Slco3a1/Abcg2",4
"GO:0045229","external encapsulating structure organization","14/407","324/25730",0.0432098765432099,2.7316710650044,3.97668177633485,0.000713733940102847,0.0112141876668959,0.00857081767230872,"Smoc2/Adamts9/Mmp15/Has3/Serpinh1/Col7a1/Matn2/Ccn2/Itga8/Fn1/Slc39a8/Adamts1/Fbln1/Adamtsl3",14
"GO:0007613","memory","10/407","184/25730",0.0543478260869565,3.43579745753659,4.20377739970253,0.000733812467809118,0.0114352275969146,0.00873975482538334,"Cck/Ntrk2/Ccnd2/Ptn/Kalrn/Itga8/Abcg2/Mdk/Pde5a/Ptgs2",10
"GO:0043062","extracellular structure organization","14/407","325/25730",0.0430769230769231,2.72326592326592,3.96356022558812,0.00073539105859339,0.0114352275969146,0.00873975482538334,"Smoc2/Adamts9/Mmp15/Has3/Serpinh1/Col7a1/Matn2/Ccn2/Itga8/Fn1/Slc39a8/Adamts1/Fbln1/Adamtsl3",14
"GO:0055074","calcium ion homeostasis","15/407","363/25730",0.0413223140495868,2.61234186854022,3.92217502885198,0.000737484357271927,0.0114352275969146,0.00873975482538334,"Gsto1/Ntrk2/Thy1/P2ry1/Vdr/Kcnh1/Slc35g1/Alpl/Slc8a1/Ryr2/Fgfr3/Trpc4/Edn1/Hc/Wnt5a",15
"GO:0060113","inner ear receptor cell differentiation","7/407","94/25730",0.074468085106383,4.70777353756077,4.56565484457666,0.000739446998374825,0.0114352275969146,0.00873975482538334,"Slitrk6/Vangl2/Myo7a/Slc4a7/Fgfr3/Tsku/Diaph3",7
"GO:0016055","Wnt signaling pathway","18/407","482/25730",0.037344398340249,2.36086331522016,3.82362784752694,0.000744255696505906,0.0114644563759812,0.00876209389653186,"Sox4/Wnt4/Vangl2/Wnt10a/Wnt6/Dkk3/Aspm/Abcg2/Cpe/Fgfr3/Fzd10/Tsku/Celsr2/Edn1/Wnt7b/Mdk/Wnt5a/Mir221",18
"GO:0014824","artery smooth muscle contraction","3/407","12/25730",0.25,15.8046683046683,6.50312031768961,0.000777258103481957,0.0116975855573836,0.00894027066396669,"Cd38/Edn1/Cacna1g",3
"GO:0031394","positive regulation of prostaglandin biosynthetic process","3/407","12/25730",0.25,15.8046683046683,6.50312031768961,0.000777258103481957,0.0116975855573836,0.00894027066396669,"Pla2g4a/Edn1/Ptgs2",3
"GO:0051987","positive regulation of attachment of spindle microtubules to kinetochore","3/407","12/25730",0.25,15.8046683046683,6.50312031768961,0.000777258103481957,0.0116975855573836,0.00894027066396669,"Aurkb/Incenp/Cenpe",3
"GO:0071421","manganese ion transmembrane transport","3/407","12/25730",0.25,15.8046683046683,6.50312031768961,0.000777258103481957,0.0116975855573836,0.00894027066396669,"Slc39a14/Slc39a8/Ryr2",3
"GO:0071635","negative regulation of transforming growth factor beta production","3/407","12/25730",0.25,15.8046683046683,6.50312031768961,0.000777258103481957,0.0116975855573836,0.00894027066396669,"Fn1/Tsku/Fbln1",3
"GO:0106015","negative regulation of inflammatory response to wounding","3/407","12/25730",0.25,15.8046683046683,6.50312031768961,0.000777258103481957,0.0116975855573836,0.00894027066396669,"Il33/Mdk/Reg3g",3
"GO:0050790","regulation of catalytic activity","13/407","290/25730",0.0448275862068966,2.8339405235957,3.98177552758341,0.000782446379883369,0.0117307228251217,0.00896559692819353,"Ntrk2/Thy1/Epha4/Cib1/Rgs10/Heg1/Arhgap11a/Fgfr3/Kif14/Cdc20/Popdc1/Plk1/Cenpe",13
"GO:0035270","endocrine system development","9/407","154/25730",0.0584415584415584,3.69459778550688,4.25195909577355,0.000800954257579981,0.011913369390537,0.00910519066936744,"Ly6e/Sox4/Wnt4/Dkk3/Edn1/Cdkn1c/Mdk/Wnt5a/Inhbb",9
"GO:0016053","organic acid biosynthetic process","15/407","366/25730",0.040983606557377,2.59092923027349,3.88627574675028,0.000801584029938098,0.011913369390537,0.00910519066936744,"Gsto1/Psph/Sardh/Fmo6/Cbs/Fmo1/Pla2g4a/Fads2b/Lipg/Edn1/Reg3g/Fabp5/Dhrs9/Ptgs2/Acsm1",15
"GO:0099173","postsynapse organization","14/407","328/25730",0.0426829268292683,2.69835800323605,3.92449055967194,0.000803727822935923,0.011913369390537,0.00910519066936744,"Dclk1/Camk2b/Lzts1/Nectin3/Ptn/Enah/Kalrn/Frmpd4/Epha4/Insyn1/Ntrk3/Abi3/Grid2/Wnt5a",14
"GO:0002088","lens development in camera-type eye","7/407","96/25730",0.0729166666666667,4.60969492219492,4.49209575916738,0.00083820476088522,0.0123777003787863,0.00946007114382527,"Adamts9/Slitrk6/Nectin3/Gja1/Ntrk3/Fgfr3/Cdkn1c",7
"GO:0040029","epigenetic regulation of gene expression","14/407","330/25730",0.0424242424242424,2.68200431836796,3.8986863605287,0.00085220429705955,0.0125372976735952,0.00958204870969382,"H2ac10/H3c2/Chek1/H3c7/H3c3/H2ac4/H2ac7/H2ac15/H2ac11/Cdkn1c/H2ac22/H2ac8/H2ac13/Mis18bp1",14
"GO:0032467","positive regulation of cytokinesis","5/407","47/25730",0.106382978723404,6.72539076794396,4.98060691332587,0.00085844797529059,0.0125820285333636,0.00961623576405641,"Kif23/Racgap1/Aurkb/Kif14/Incenp",5
"GO:0048678","response to axon injury","7/407","97/25730",0.0721649484536082,4.56217229413106,4.4560714972929,0.000891337034989097,0.0130155088231865,0.00994753756129487,"Ptn/Epha4/Matn2/Nrep/Ntrk3/Fgfr3/Chl1",7
"GO:0015908","fatty acid transport","8/407","126/25730",0.0634920634920635,4.01388401388401,4.29941115421234,0.000907131802774191,0.0131970878566556,0.0100863154055049,"Slco3a1/Pla2g4a/Crabp1/Slc27a3/Pla2r1/Edn1/Fabp5/Ptgs2",8
"GO:0036342","post-anal tail morphogenesis","4/407","28/25730",0.142857142857143,9.03123903123903,5.39050171460038,0.000935076692981379,0.0134993667993933,0.0103173421888385,"Chst11/Vangl2/Fgfr3/Wnt5a",4
"GO:0050927","positive regulation of positive chemotaxis","4/407","28/25730",0.142857142857143,9.03123903123903,5.39050171460038,0.000935076692981379,0.0134993667993933,0.0103173421888385,"Itga2/F3/Ntrk3/Vegfd",4
"GO:0001889","liver development","10/407","190/25730",0.0526315789473684,3.32729859045648,4.08196748576734,0.000938219739367204,0.0134993667993933,0.0103173421888385,"Itga2/Mki67/Plau/Ptn/Wnt4/Foxm1/E2f8/Mdk/E2f7/Hmox1",10
"GO:1901976","regulation of cell cycle checkpoint","5/407","48/25730",0.104166666666667,6.58527846027846,4.91023309018692,0.00094598046561269,0.0135613549960826,0.0103647187396365,"Aurkb/Mad2l1/Ska1/Ndc80/Incenp",5
"GO:0016358","dendrite development","14/407","334/25730",0.0419161676646707,2.64988450617193,3.84764680378661,0.000956587075218093,0.0136635419325697,0.0104428185206584,"Dclk1/Camk2b/Ntrk2/Lzts1/Grip1/Ptn/Kalrn/Epha4/Matn2/Celsr2/Abi3/Cdc20/Wnt5a/Flrt1",14
"GO:0061351","neural precursor cell proliferation","11/407","225/25730",0.0488888888888889,3.09069069069069,3.9931852768077,0.000972234685995824,0.0138367313282304,0.0105751843038142,"Ptn/Aspm/Racgap1/Ntrk3/Fgfr3/Wnt7b/Mdk/Kif14/Shcbp1/Hif1a/Wnt5a",11
"GO:0003143","embryonic heart tube morphogenesis","6/407","72/25730",0.0833333333333333,5.26822276822277,4.59783102622662,0.000978728908180925,0.0138788705824356,0.0106073906370207,"Gja1/Vangl2/Tbx2/Ryr2/Hif1a/Wnt5a",6
"GO:0002246","wound healing involved in inflammatory response","3/407","13/25730",0.230769230769231,14.5889245889246,6.21294762983297,0.000998617847477414,0.0140091818031832,0.0107069853421263,"Abcg2/Hif1a/Hmox1",3
"GO:0071415","cellular response to purine-containing compound","3/407","13/25730",0.230769230769231,14.5889245889246,6.21294762983297,0.000998617847477414,0.0140091818031832,0.0107069853421263,"P2ry1/Slc8a1/Ryr2",3
"GO:0072697","protein localization to cell cortex","3/407","13/25730",0.230769230769231,14.5889245889246,6.21294762983297,0.000998617847477414,0.0140091818031832,0.0107069853421263,"Gpsm2/Plk1/Mex3b",3
"GO:0043523","regulation of neuron apoptotic process","14/407","336/25730",0.0416666666666667,2.63411138411138,3.82240602720099,0.00101268936979573,0.0141508209278557,0.0108152377763545,"Ntrk2/Trp73/Epha4/Cntfr/Cpe/Mdga2/Fgfr3/Mdk/Kif14/Hif1a/Grid2/Nr4a2/Hmox1/Chl1",14
"GO:0015718","monocarboxylic acid transport","10/407","192/25730",0.0520833333333333,3.29263923013923,4.04244363512251,0.00101591942506499,0.0141508209278557,0.0108152377763545,"Slco3a1/Pla2g4a/Crabp1/Slc27a3/Abcg2/Pla2r1/Edn1/Slc16a14/Fabp5/Ptgs2",10
"GO:0030501","positive regulation of bone mineralization","5/407","49/25730",0.102040816326531,6.45088502231359,4.84183713047275,0.00103997575153673,0.0144347164382907,0.0110322144072261,"Ptn/Wnt4/Vdr/Slc8a1/Fgfr3",5
"GO:0014911","positive regulation of smooth muscle cell migration","6/407","73/25730",0.0821917808219178,5.19605533304163,4.55146052188147,0.00105238552177932,0.0145044572966638,0.011085516188789,"Itga2/Igfbp5/Plau/F3/Adamts1/Mdk",6
"GO:0042733","embryonic digit morphogenesis","6/407","73/25730",0.0821917808219178,5.19605533304163,4.55146052188147,0.00105238552177932,0.0145044572966638,0.011085516188789,"Chst11/Gja1/Tbx2/Msx2/Hoxd12/Wnt5a",6
"GO:0061008","hepaticobiliary system development","10/407","193/25730",0.0518134715025907,3.27557892324732,4.0228764934508,0.00105670028099916,0.0145130024607158,0.0110920471159721,"Itga2/Mki67/Plau/Ptn/Wnt4/Foxm1/E2f8/Mdk/E2f7/Hmox1",10
"GO:0033622","integrin activation","4/407","29/25730",0.137931034482759,8.71981699567906,5.27329507873571,0.00107126331577718,0.0145137421084539,0.011092612416473,"Lrp12/Col16a1/Fn1/Kif14",4
"GO:0034755","iron ion transmembrane transport","4/407","29/25730",0.137931034482759,8.71981699567906,5.27329507873571,0.00107126331577718,0.0145137421084539,0.011092612416473,"Abcc5/Slc39a14/Slc39a8/Hif1a",4
"GO:0060444","branching involved in mammary gland duct morphogenesis","4/407","29/25730",0.137931034482759,8.71981699567906,5.27329507873571,0.00107126331577718,0.0145137421084539,0.011092612416473,"Wnt4/Vdr/Msx2/Wnt5a",4
"GO:0006936","muscle contraction","14/407","338/25730",0.0414201183431953,2.61852492621723,3.79734773103727,0.00107153391330235,0.0145137421084539,0.011092612416473,"Gsto1/Itga2/Kcne4/Cd38/Smtn/Ccn2/Tbx2/Slc8a1/Ryr2/Edn1/Pde5a/Cacna1g/Ptgs2/Htr1d",14
"GO:0030072","peptide hormone secretion","14/407","339/25730",0.0412979351032448,2.61080066389801,3.78488620675583,0.00110201708225693,0.0148753371103272,0.0113689734801836,"Cd38/Mafa/Sox4/Gja1/Kalrn/Vsnl1/Tbc1d1/Cpe/Edn1/Hif1a/Gpr27/Inhbb/Dio2/Lif",14
"GO:0042472","inner ear morphogenesis","8/407","130/25730",0.0615384615384615,3.89037989037989,4.18849210432007,0.00111098920386653,0.0148940805214599,0.011383298758496,"Slitrk6/Nectin3/Vangl2/Myo7a/Itga8/Tbx2/Mafb/Wnt5a",8
"GO:0048477","oogenesis","8/407","130/25730",0.0615384615384615,3.89037989037989,4.18849210432007,0.00111098920386653,0.0148940805214599,0.011383298758496,"Ptn/Wnt4/Bnc1/Aspm/Edn1/Mdk/Pde5a/Inhbb",8
"GO:0048762","mesenchymal cell differentiation","12/407","265/25730",0.0452830188679245,2.86273237216633,3.86413810236357,0.00112948251101405,0.0150491961681166,0.0115018510749996,"Gja1/Wnt4/Vangl2/Wnt10a/Epha4/Fn1/Edn1/Msx2/Mdk/Hif1a/Wnt5a/Fam83d",12
"GO:0050918","positive chemotaxis","6/407","74/25730",0.0810810810810811,5.12583836908161,4.50593245609645,0.00113022221731018,0.0150491961681166,0.0115018510749996,"Itga2/F3/Ntrk3/Wnt7b/Wnt5a/Vegfd",6
"GO:0045745","positive regulation of G protein-coupled receptor signaling pathway","5/407","50/25730",0.1,6.32186732186732,4.7753215024261,0.00114072402181939,0.0151073728020511,0.0115463145115901,"Slc39a14/Edn1/Pde5a/Hif1a/Gpr27",5
"GO:0006865","amino acid transport","10/407","195/25730",0.0512820512820513,3.24198324198324,3.98412372959735,0.00114228353416731,0.0151073728020511,0.0115463145115901,"Cck/Ntrk2/Slc6a2/Gja1/Ttyh3/Slc43a2/Ttyh2/Slc1a4/Trpc4/Slc6a6",10
"GO:0002688","regulation of leukocyte chemotaxis","8/407","131/25730",0.0610687022900763,3.86068233396478,4.16145173756126,0.00116726795487333,0.0153860017675921,0.0117592660095328,"Ptn/S100a14/Edn1/Mdk/Hc/Wnt5a/Vegfd/Cxcl14",8
"GO:0046328","regulation of JNK cascade","9/407","163/25730",0.0552147239263804,3.4906015887611,4.04398240998704,0.0011959564594496,0.0157114280024014,0.0120079838843522,"Mfhas1/Cbs/Epha4/Ccn2/Fzd10/Edn1/Sh3rf2/Wnt7b/Wnt5a",9
"GO:0014829","vascular associated smooth muscle contraction","4/407","30/25730",0.133333333333333,8.42915642915643,5.16160360812259,0.00122078193121739,0.0157866580396577,0.0120654809543101,"Cd38/Slc8a1/Edn1/Cacna1g",4
"GO:0050926","regulation of positive chemotaxis","4/407","30/25730",0.133333333333333,8.42915642915643,5.16160360812259,0.00122078193121739,0.0157866580396577,0.0120654809543101,"Itga2/F3/Ntrk3/Vegfd",4
"GO:0090103","cochlea morphogenesis","4/407","30/25730",0.133333333333333,8.42915642915643,5.16160360812259,0.00122078193121739,0.0157866580396577,0.0120654809543101,"Nectin3/Vangl2/Tbx2/Wnt5a",4
"GO:0090382","phagosome maturation","4/407","30/25730",0.133333333333333,8.42915642915643,5.16160360812259,0.00122078193121739,0.0157866580396577,0.0120654809543101,"Myo7a/Srpx/Slc4a7/Mreg",4
"GO:0001704","formation of primary germ layer","8/407","132/25730",0.0606060606060606,3.83143474052565,4.13467697125765,0.00122579702191843,0.0157866580396577,0.0120654809543101,"Itga2/Col8a1/Mmp15/Gja1/Itga8/Fn1/Sox7/Wnt5a",8
"GO:2000177","regulation of neural precursor cell proliferation","8/407","132/25730",0.0606060606060606,3.83143474052565,4.13467697125765,0.00122579702191843,0.0157866580396577,0.0120654809543101,"Ptn/Aspm/Ntrk3/Fgfr3/Mdk/Shcbp1/Hif1a/Wnt5a",8
"GO:0000075","cell cycle checkpoint signaling","10/407","197/25730",0.050761421319797,3.20906970653164,3.94586925705312,0.00123344697412094,0.0158141672205751,0.0120865057651089,"Chek1/Nuf2/Aurkb/Mad2l1/Cdc20/Ska1/Ndc80/Plk1/Incenp/Cenpe",10
"GO:0006828","manganese ion transport","3/407","14/25730",0.214285714285714,13.5468585468585,5.95317146878019,0.0012561151152799,0.0158141672205751,0.0120865057651089,"Slc39a14/Slc39a8/Ryr2",3
"GO:0007144","female meiosis I","3/407","14/25730",0.214285714285714,13.5468585468585,5.95317146878019,0.0012561151152799,0.0158141672205751,0.0120865057651089,"Ndc80/Cenpe/Ccnb2",3
"GO:0014820","tonic smooth muscle contraction","3/407","14/25730",0.214285714285714,13.5468585468585,5.95317146878019,0.0012561151152799,0.0158141672205751,0.0120865057651089,"Cd38/Edn1/Cacna1g",3
"GO:0034635","glutathione transport","3/407","14/25730",0.214285714285714,13.5468585468585,5.95317146878019,0.0012561151152799,0.0158141672205751,0.0120865057651089,"Abcc5/Gja1/Abcg2",3
"GO:0106014","regulation of inflammatory response to wounding","3/407","14/25730",0.214285714285714,13.5468585468585,5.95317146878019,0.0012561151152799,0.0158141672205751,0.0120865057651089,"Il33/Mdk/Reg3g",3
"GO:2001280","positive regulation of unsaturated fatty acid biosynthetic process","3/407","14/25730",0.214285714285714,13.5468585468585,5.95317146878019,0.0012561151152799,0.0158141672205751,0.0120865057651089,"Pla2g4a/Edn1/Ptgs2",3
"GO:0002690","positive regulation of leukocyte chemotaxis","7/407","103/25730",0.0679611650485437,4.2964146847642,4.24974281844891,0.00126833236677676,0.0159169633760356,0.0121650711620896,"Ptn/S100a14/Edn1/Mdk/Wnt5a/Vegfd/Cxcl14",7
"GO:0007589","body fluid secretion","8/407","133/25730",0.0601503759398496,3.8026269605217,4.10816295778895,0.00128664032617094,0.0160952968191065,0.0123013684553789,"Cck/Trp73/Gja1/Kalrn/Vdr/Celsr2/Edn1/Hif1a",8
"GO:1905330","regulation of morphogenesis of an epithelium","6/407","76/25730",0.0789473684210526,4.99094788568473,4.41729484329893,0.00129906013317582,0.0161352247200817,0.0123318846879818,"Gja1/Wnt4/Tbx2/Mdk/Wnt5a/Lif",6
"GO:0010977","negative regulation of neuron projection development","9/407","165/25730",0.0545454545454545,3.44829126647308,3.99975359612873,0.00130215535546484,0.0161352247200817,0.0123318846879818,"Thy1/Cd38/Mylip/Epha4/Cib1/Prag1/Tsku/Rap1gap2/Wnt5a",9
"GO:0043085","positive regulation of catalytic activity","9/407","165/25730",0.0545454545454545,3.44829126647308,3.99975359612873,0.00130215535546484,0.0161352247200817,0.0123318846879818,"Thy1/Cib1/Rgs10/Arhgap11a/Fgfr3/Kif14/Cdc20/Plk1/Cenpe",9
"GO:0035265","organ growth","11/407","234/25730",0.047008547008547,2.97181797181797,3.84140241150843,0.00133320618198429,0.0164164071562203,0.0125467877611588,"Tenm4/Ly6e/Bnc2/Trp73/Ccnd2/Gja1/Tbx2/Abcg2/Heg1/Edn1/Msx2",11
"GO:0048771","tissue remodeling","11/407","234/25730",0.047008547008547,2.97181797181797,3.84140241150843,0.00133320618198429,0.0164164071562203,0.0125467877611588,"Igfbp5/Cd38/Ptn/Gja1/Cbs/Vdr/Abcg2/Fgfr3/Mdk/Hif1a/Lif",11
"GO:1905475","regulation of protein localization to membrane","10/407","200/25730",0.05,3.16093366093366,3.8893954839786,0.00138124385875771,0.0169394525759942,0.0129465427019872,"Camk2b/Grip1/Ptn/Pik3r1/Kalrn/Cib1/Sfn/Neto2/Abi3/Gpc2",10
"GO:0015732","prostaglandin transport","4/407","31/25730",0.129032258064516,8.15724815724816,5.05498522710465,0.00138430862446388,0.0169394525759942,0.0129465427019872,"Slco3a1/Pla2g4a/Edn1/Ptgs2",4
"GO:0002790","peptide secretion","14/407","348/25730",0.0402298850574713,2.54327995707306,3.67470515520839,0.00141064039868009,0.0171961544971575,0.0131427357235216,"Cd38/Mafa/Sox4/Gja1/Kalrn/Vsnl1/Tbc1d1/Cpe/Edn1/Hif1a/Gpr27/Inhbb/Dio2/Lif",14
"GO:0060419","heart growth","8/407","135/25730",0.0592592592592593,3.74629174629175,4.0558984202565,0.00141552994421032,0.0171961544971575,0.0131427357235216,"Tenm4/Trp73/Ccnd2/Gja1/Tbx2/Abcg2/Heg1/Edn1",8
"GO:0034446","substrate adhesion-dependent cell spreading","7/407","105/25730",0.0666666666666667,4.21457821457821,4.18444429028149,0.00141842007563112,0.0171961544971575,0.0131427357235216,"Cib1/Itga8/Fn1/Mdk/Kif14/Popdc1/Fbln1",7
"GO:0031346","positive regulation of cell projection organization","17/407","469/25730",0.0362473347547974,2.2915084109114,3.57856962561271,0.00142440803083499,0.0172156146003688,0.0131576087577049,"Itga2/Camk2b/Ntrk2/Dzip1/Grip1/Ptn/Pik3r1/Kalrn/Epha4/Fn1/Ntrk3/Adamts1/Lpar3/Gpc2/Mdk/Wnt5a/Lif",17
"GO:0048813","dendrite morphogenesis","10/407","201/25730",0.0497512437810945,3.14520762281956,3.87080719083279,0.0014335949184278,0.0172734995079277,0.0132018492326642,"Dclk1/Camk2b/Lzts1/Grip1/Ptn/Kalrn/Epha4/Celsr2/Abi3/Wnt5a",10
"GO:0048562","embryonic organ morphogenesis","14/407","349/25730",0.0401146131805158,2.53599262195251,3.66267647575112,0.00144899942267535,0.0174057178356843,0.0133029015080318,"Gjb6/Slitrk6/Chst11/Nectin3/Gja1/Vangl2/Myo7a/Itga8/Tbx2/Ryr2/Mafb/Edn1/Hif1a/Wnt5a",14
"GO:0050678","regulation of epithelial cell proliferation","16/407","431/25730",0.037122969837587,2.34686489906908,3.57488497844888,0.00152896999172427,0.0183103479496736,0.0139942953029449,"Ccnd2/Plau/Ptn/Gja1/Iqgap3/Bnc1/Vdr/Bcl11b/F3/Fgfr3/Sfn/Cdkn1c/Mdk/Reg3g/Wnt5a/Hmox1",16
"GO:0009070","serine family amino acid biosynthetic process","3/407","15/25730",0.2,12.6437346437346,5.7186793396562,0.00155180907946766,0.0183599580245451,0.0140322114605002,"Psph/Sardh/Cbs",3
"GO:0021681","cerebellar granular layer development","3/407","15/25730",0.2,12.6437346437346,5.7186793396562,0.00155180907946766,0.0183599580245451,0.0140322114605002,"Mdk/Kif14/Grid2",3
"GO:0031915","positive regulation of synaptic plasticity","3/407","15/25730",0.2,12.6437346437346,5.7186793396562,0.00155180907946766,0.0183599580245451,0.0140322114605002,"Cplx2/Cdc20/Ptgs2",3
"GO:2000105","positive regulation of DNA-templated DNA replication","3/407","15/25730",0.2,12.6437346437346,5.7186793396562,0.00155180907946766,0.0183599580245451,0.0140322114605002,"E2f8/E2f7/Cdc7",3
"GO:0021952","central nervous system projection neuron axonogenesis","4/407","32/25730",0.125,7.90233415233415,4.95304629989023,0.00156251693190671,0.018375947630328,0.0140444320510493,"Dclk1/Epha4/Tsku/Nr4a2",4
"GO:0060706","cell differentiation involved in embryonic placenta development","4/407","32/25730",0.125,7.90233415233415,4.95304629989023,0.00156251693190671,0.018375947630328,0.0140444320510493,"Krt19/E2f8/E2f7/Lif",4
"GO:0033627","cell adhesion mediated by integrin","6/407","79/25730",0.0759493670886076,4.80141821913974,4.29000825375857,0.00158762512756832,0.0186154970181742,0.0142275156758047,"Itga2/Plau/Col16a1/Cib1/Nexmif/Lif",6
"GO:0010837","regulation of keratinocyte proliferation","5/407","54/25730",0.0925925925925926,5.85358085358085,4.52633345986872,0.00161715935060681,0.0189053628844749,0.0144490553506599,"Vdr/Bcl11b/Sfn/Mdk/Reg3g",5
"GO:0007163","establishment or maintenance of cell polarity","11/407","241/25730",0.045643153526971,2.88549960749131,3.72828968724787,0.00168444451626766,0.0196335254002949,0.0150055778866012,"Gja1/Vangl2/Gpsm2/Ust/Wnt7b/Mad2l1/Diaph3/Ska1/Ndc80/Plk1/Wnt5a",11
"GO:0030900","forebrain development","17/407","477/25730",0.0356394129979036,2.2530764040198,3.50212249800462,0.00170306194215662,0.0197917967715716,0.0151265420711015,"Dclk1/Ntrk2/Trp73/Wnt4/Mdga1/Aspm/Bcl11b/Fgfr3/Tsku/Wnt7b/Mdk/Kif14/Hif1a/Wnt5a/Inhbb/Kif21b/Nr4a2",17
"GO:0046883","regulation of hormone secretion","14/407","356/25730",0.0393258426966292,2.48612759848715,3.57962647313441,0.00174265410810653,0.0199944323509225,0.0152814130841545,"Cd38/Sox4/Gja1/Kalrn/P2ry1/Vdr/Vsnl1/Tbc1d1/Edn1/Hif1a/Gpr27/Inhbb/Lif/Ucn2",14
"GO:0060070","canonical Wnt signaling pathway","13/407","317/25730",0.0410094637223975,2.59256388593928,3.61700914351408,0.00174316136862611,0.0199944323509225,0.0152814130841545,"Sox4/Wnt4/Wnt10a/Wnt6/Dkk3/Aspm/Abcg2/Fgfr3/Fzd10/Edn1/Wnt7b/Mdk/Wnt5a",13
"GO:0072574","hepatocyte proliferation","4/407","33/25730",0.121212121212121,7.6628694810513,4.85543499628322,0.00175607678545298,0.0199944323509225,0.0152814130841545,"Mki67/Plau/Ptn/Mdk",4
"GO:0072575","epithelial cell proliferation involved in liver morphogenesis","4/407","33/25730",0.121212121212121,7.6628694810513,4.85543499628322,0.00175607678545298,0.0199944323509225,0.0152814130841545,"Mki67/Plau/Ptn/Mdk",4
"GO:0090128","regulation of synapse maturation","4/407","33/25730",0.121212121212121,7.6628694810513,4.85543499628322,0.00175607678545298,0.0199944323509225,0.0152814130841545,"Camk2b/Mdga1/Mdga2/Cdc20",4
"GO:0061383","trabecula morphogenesis","5/407","55/25730",0.0909090909090909,5.74715211078847,4.46797101490591,0.00175613013265485,0.0199944323509225,0.0152814130841545,"Vdr/Heg1/Adamts1/Fgfr3/Msx2",5
"GO:0180064","protein O-linked glycosylation via xylose","5/407","55/25730",0.0909090909090909,5.74715211078847,4.46797101490591,0.00175613013265485,0.0199944323509225,0.0152814130841545,"Chst11/Vangl2/Ust/Galnt3/Chst3",5
"GO:0007369","gastrulation","10/407","207/25730",0.0483091787439614,3.05404218447697,3.76166184206575,0.00178261500601234,0.0202373171780823,0.0154670459298667,"Itga2/Col8a1/Tenm4/Mmp15/Gja1/Vangl2/Itga8/Fn1/Sox7/Wnt5a",10
"GO:0055117","regulation of cardiac muscle contraction","6/407","81/25730",0.0740740740740741,4.68286468286468,4.20866282071586,0.0018054509117489,0.020378767762499,0.015575154265904,"Gsto1/Smtn/Ccn2/Slc8a1/Ryr2/Pde5a",6
"GO:0061180","mammary gland epithelium development","6/407","81/25730",0.0740740740740741,4.68286468286468,4.20866282071586,0.0018054509117489,0.020378767762499,0.015575154265904,"Wnt4/Iqgap3/Vdr/Msx2/Hif1a/Wnt5a",6
"GO:0099068","postsynapse assembly","7/407","110/25730",0.0636363636363636,4.02300647755193,4.0280693424251,0.00185454214361813,0.0208728983957938,0.0159528101149115,"Dclk1/Lzts1/Nectin3/Ntrk3/Abi3/Grid2/Wnt5a",7
"GO:0098661","inorganic anion transmembrane transport","8/407","141/25730",0.0567375886524823,3.58687507623678,3.90489568190662,0.00186467018785863,0.0208862733041623,0.0159630323355855,"Slc6a2/Ttyh3/Vdr/Racgap1/Ttyh2/Slc1a4/Abcg2/Slc5a5",8
"GO:0010881","regulation of cardiac muscle contraction by regulation of the release of sequestered calcium ion","3/407","16/25730",0.1875,11.8535012285012,5.50549169559828,0.00188763417081915,0.0208862733041623,0.0159630323355855,"Gsto1/Slc8a1/Ryr2",3
"GO:0042939","tripeptide transport","3/407","16/25730",0.1875,11.8535012285012,5.50549169559828,0.00188763417081915,0.0208862733041623,0.0159630323355855,"Abcc5/Gja1/Abcg2",3
"GO:0045605","negative regulation of epidermal cell differentiation","3/407","16/25730",0.1875,11.8535012285012,5.50549169559828,0.00188763417081915,0.0208862733041623,0.0159630323355855,"Fgfr3/Msx2/Reg3g",3
"GO:0045683","negative regulation of epidermis development","3/407","16/25730",0.1875,11.8535012285012,5.50549169559828,0.00188763417081915,0.0208862733041623,0.0159630323355855,"Fgfr3/Msx2/Reg3g",3
"GO:0045989","positive regulation of striated muscle contraction","3/407","16/25730",0.1875,11.8535012285012,5.50549169559828,0.00188763417081915,0.0208862733041623,0.0159630323355855,"Gsto1/Smtn/Ccn2",3
"GO:0048546","digestive tract morphogenesis","5/407","56/25730",0.0892857142857143,5.64452439452439,4.41102555602902,0.00190365402414043,0.021004362378718,0.0160532858570328,"Trp73/Vangl2/Fgfr3/Hif1a/Wnt5a",5
"GO:0051336","regulation of hydrolase activity","7/407","111/25730",0.0630630630630631,3.98676317595236,3.99790317159891,0.00195303240222248,0.0214888271034451,0.016423554212409,"Ntrk2/Thy1/Epha4/Rgs10/Arhgap11a/Fgfr3/Popdc1",7
"GO:0060384","innervation","4/407","34/25730",0.117647058823529,7.43749096690273,4.76183573643418,0.00196565351538874,0.0215672821464999,0.0164835161008194,"Slitrk6/Epha4/Fgfr3/Edn1",4
"GO:0032102","negative regulation of response to external stimulus","16/407","442/25730",0.0361990950226244,2.28845875904699,3.46398095888511,0.00197156307419855,0.0215718656140722,0.0164870191690786,"Mfhas1/Il33/Plau/Wnt4/Mdga1/Epha4/Slc39a8/Sfn/Aurkb/Pbk/Mdk/Rnf26rt/Reg3g/Hc/Grid2/Wnt5a",16
"GO:0006937","regulation of muscle contraction","9/407","176/25730",0.0511363636363636,3.23277306231852,3.76810115691126,0.0020302075509976,0.0221518201675516,0.0169302688170911,"Gsto1/Itga2/Smtn/Ccn2/Slc8a1/Ryr2/Edn1/Pde5a/Ptgs2",9
"GO:0003208","cardiac ventricle morphogenesis","6/407","83/25730",0.072289156626506,4.57002457002457,4.1299333786505,0.00204520237127324,0.0221815998186745,0.0169530289106173,"Ly6e/Sox4/Heg1/Cpe/Ryr2/Hif1a",6
"GO:0140115","export across plasma membrane","6/407","83/25730",0.072289156626506,4.57002457002457,4.1299333786505,0.00204520237127324,0.0221815998186745,0.0169530289106173,"Abcc5/Kcne4/Gja1/Slc35g1/Abcg2/Slc8a1",6
"GO:0021954","central nervous system neuron development","7/407","112/25730",0.0625,3.95116707616708,3.96808784959929,0.00205552503411342,0.0221815998186745,0.0169530289106173,"Dclk1/Ntrk2/Epha4/Tsku/Lingo1/Wnt5a/Nr4a2",7
"GO:0150115","cell-substrate junction organization","7/407","112/25730",0.0625,3.95116707616708,3.96808784959929,0.00205552503411342,0.0221815998186745,0.0169530289106173,"Itga2/Thy1/Wnt4/Pik3r1/Col16a1/Col17a1/Fn1",7
"GO:0051961","negative regulation of nervous system development","9/407","177/25730",0.0508474576271186,3.21450880772915,3.7479533634968,0.00210986910989539,0.0227056599004633,0.0173535593407979,"Thy1/Ptn/Mdga1/Igdcc4/Ntrk3/Fgfr3/Wnt7b/Lingo1/Wnt5a",9
"GO:0010389","regulation of G2/M transition of mitotic cell cycle","7/407","113/25730",0.0619469026548673,3.91620099584701,3.93861583055274,0.00216212822931478,0.0232044800129739,0.0177347992810059,"Chek1/Aurkb/Kif14/Cenpf/Cdc25c/Plk1/Cdc7",7
"GO:0001516","prostaglandin biosynthetic process","4/407","35/25730",0.114285714285714,7.22499122499122,4.67196451303413,0.00219190690970267,0.0232697576792219,0.0177846899188393,"Pla2g4a/Edn1/Fabp5/Ptgs2",4
"GO:0046457","prostanoid biosynthetic process","4/407","35/25730",0.114285714285714,7.22499122499122,4.67196451303413,0.00219190690970267,0.0232697576792219,0.0177846899188393,"Pla2g4a/Edn1/Fabp5/Ptgs2",4
"GO:0051642","centrosome localization","4/407","35/25730",0.114285714285714,7.22499122499122,4.67196451303413,0.00219190690970267,0.0232697576792219,0.0177846899188393,"Gpsm2/Aspm/Mad2l1/Dlgap5",4
"GO:1905606","regulation of presynapse assembly","4/407","35/25730",0.114285714285714,7.22499122499122,4.67196451303413,0.00219190690970267,0.0232697576792219,0.0177846899188393,"Mdga1/Ntrk3/Mdga2/Grid2",4
"GO:0098656","monoatomic anion transmembrane transport","8/407","145/25730",0.0551724137931034,3.48792679827163,3.80872809170307,0.00222176782875786,0.0235231914591937,0.0179783851542557,"Slc6a2/Ttyh3/Slc39a14/Ttyh2/Slc1a4/Abcg2/Slc4a7/Slc5a5",8
"GO:0032276","regulation of gonadotropin secretion","3/407","17/25730",0.176470588235294,11.1562364503541,5.31045789301038,0.00226540428213622,0.0239207204844921,0.0182822099961871,"Gja1/Inhbb/Ucn2",3
"GO:0008344","adult locomotory behavior","7/407","114/25730",0.0614035087719298,3.88184835553257,3.9094797976615,0.00227295126388456,0.0239360658566717,0.0182939382096762,"Slitrk6/Ccnd2/Kalrn/Epha4/Pbx3/Nr4a2/Chl1",7
"GO:1901342","regulation of vasculature development","13/407","327/25730",0.0397553516819572,2.51328058667508,3.49141853816217,0.00228593109571202,0.0240083886202054,0.0183492132985384,"Smoc2/Thbs2/Ptn/Wnt4/Efna3/F3/Adamts1/Mdk/Hif1a/Hc/Wnt5a/Lif/Hmox1",13
"GO:0043491","phosphatidylinositol 3-kinase/protein kinase B signal transduction","14/407","367/25730",0.0381471389645777,2.41161151242895,3.4530192023181,0.00230308400539589,0.0241138599603277,0.0184298232947944,"Ntrk2/Mfhas1/Il33/Igfbp5/Sesn3/Pik3r1/Pik3r3/Cib1/Fn1/Ntrk3/Fgfr3/Edn1/Lingo1/Wnt5a",14
"GO:0043087","regulation of GTPase activity","6/407","85/25730",0.0705882352941176,4.46249458014164,4.05366909602803,0.00230825136076457,0.0241138599603277,0.0184298232947944,"Ntrk2/Thy1/Epha4/Rgs10/Arhgap11a/Popdc1",6
"GO:0031960","response to corticosteroid","9/407","180/25730",0.05,3.16093366093366,3.68836010193731,0.00236389954983901,0.0246297014105243,0.018824072361136,"Aldh3a1/Pik3r1/Scnn1g/Alpl/Tbx2/Ntrk3/Cpe/Edn1/Mdk",9
"GO:0032965","regulation of collagen biosynthetic process","5/407","59/25730",0.0847457627118644,5.35751467954858,4.24809824362845,0.00240062373192801,0.0249461640714636,0.0190659395250868,"Itga2/Ltbp1/Wnt4/Ccn2/Fn1",5
"GO:0002040","sprouting angiogenesis","8/407","147/25730",0.054421768707483,3.44047201190058,3.76190517247522,0.0024193708389476,0.0250086543562794,0.019113699813514,"Pik3r3/Cib1/E2f8/Hif1a/E2f7/Vegfd/Ptgs2/Hmox1",8
"GO:0061982","meiosis I cell cycle process","8/407","147/25730",0.054421768707483,3.44047201190058,3.76190517247522,0.0024193708389476,0.0250086543562794,0.019113699813514,"Cdc20/Ndc80/Brip1/Cdc25c/Plk1/Cenpe/Ccnb2/Top2a",8
"GO:0061842","microtubule organizing center localization","4/407","36/25730",0.111111111111111,7.02429702429702,4.58556493162734,0.00243549032782218,0.0250434712243076,0.0191403097683903,"Gpsm2/Aspm/Mad2l1/Dlgap5",4
"GO:0072576","liver morphogenesis","4/407","36/25730",0.111111111111111,7.02429702429702,4.58556493162734,0.00243549032782218,0.0250434712243076,0.0191403097683903,"Mki67/Plau/Ptn/Mdk",4
"GO:0015698","inorganic anion transport","9/407","182/25730",0.0494505494505494,3.12619812619813,3.6493208794737,0.00254633938857299,0.0261149376457303,0.0199592137864784,"Slc6a2/Ttyh3/Vdr/Racgap1/Ttyh2/Slc1a4/Abcg2/Slc4a7/Slc5a5",9
"GO:0045604","regulation of epidermal cell differentiation","5/407","60/25730",0.0833333333333333,5.26822276822277,4.1962451240513,0.00258544514008328,0.0264469492454352,0.0202129647464844,"Vdr/Fgfr3/Sfn/Msx2/Reg3g",5
"GO:0048738","cardiac muscle tissue development","12/407","293/25730",0.0409556313993174,2.58916067789788,3.46832475876559,0.00261167480967136,0.026645866629582,0.0203649940046007,"Tenm4/Ly6e/Trp73/Ccnd2/Gja1/Tbx2/Abcg2/Heg1/Slc8a1/Ryr2/Edn1/Popdc1",12
"GO:0002027","regulation of heart rate","7/407","117/25730",0.0598290598290598,3.78231378231378,3.82401769977641,0.00263184771494268,0.0267129142746637,0.0204162374079057,"Kcne4/Pik3r1/Slc8a1/Ryr2/Edn1/Popdc1/Cacna1g",7
"GO:0060349","bone morphogenesis","7/407","117/25730",0.0598290598290598,3.78231378231378,3.82401769977641,0.00263184771494268,0.0267129142746637,0.0204162374079057,"Serpinh1/Cbs/Alpl/Galnt3/Fgfr3/Phospho1/Msx2",7
"GO:0031507","heterochromatin formation","9/407","183/25730",0.0491803278688525,3.10911507632819,3.63000269596074,0.00264165248086463,0.026743327177413,0.020439481485149,"H2ac10/H2ac4/H2ac7/H2ac15/H2ac11/H2ac22/H2ac8/H2ac13/Mis18bp1",9
"GO:0006874","intracellular calcium ion homeostasis","13/407","333/25730",0.039039039039039,2.46799625178004,3.41827449485062,0.00267346467080055,0.0269958077812456,0.0206324482238483,"Gsto1/Ntrk2/Thy1/P2ry1/Vdr/Kcnh1/Slc35g1/Slc8a1/Ryr2/Trpc4/Edn1/Hc/Wnt5a",13
"GO:0061430","bone trabecula morphogenesis","3/407","18/25730",0.166666666666667,10.5364455364455,5.13104633232374,0.00268681685866561,0.0270610682585603,0.0206823257244651,"Vdr/Fgfr3/Msx2",3
"GO:0042303","molting cycle","8/407","150/25730",0.0533333333333333,3.37166257166257,3.693170347005,0.002741302204139,0.0274689669843317,0.0209940759565103,"Igfbp5/Vangl2/Wnt10a/Tsku/Msx2/Krt16/Wnt5a/Sox21",8
"GO:0042633","hair cycle","8/407","150/25730",0.0533333333333333,3.37166257166257,3.693170347005,0.002741302204139,0.0274689669843317,0.0209940759565103,"Igfbp5/Vangl2/Wnt10a/Tsku/Msx2/Krt16/Wnt5a/Sox21",8
"GO:0006334","nucleosome assembly","6/407","88/25730",0.0681818181818182,4.31036408309136,3.94359429867185,0.00274956428300379,0.0274816501364857,0.0210037694793807,"Padi4/H3c2/H3c7/H3c3/H4c6/H1f1",6
"GO:0045814","negative regulation of gene expression, epigenetic","10/407","220/25730",0.0454545454545455,2.87357605539424,3.53816856048484,0.00277587111855097,0.0276488138979162,0.0211315299702158,"H2ac10/Chek1/H2ac4/H2ac7/H2ac15/H2ac11/H2ac22/H2ac8/H2ac13/Mis18bp1",10
"GO:0035567","non-canonical Wnt signaling pathway","5/407","61/25730",0.0819672131147541,5.18185846054698,4.14553754409856,0.00278036697802366,0.0276488138979162,0.0211315299702158,"Wnt4/Vangl2/Fzd10/Wnt7b/Wnt5a",5
"GO:0044060","regulation of endocrine process","5/407","62/25730",0.0806451612903226,5.0982800982801,4.09593020030193,0.00298570066596152,0.0295411390828637,0.0225778027292119,"Gja1/Vdr/Inhbb/Lif/Ucn2",5
"GO:1902808","positive regulation of cell cycle G1/S phase transition","5/407","62/25730",0.0806451612903226,5.0982800982801,4.09593020030193,0.00298570066596152,0.0295411390828637,0.0225778027292119,"Ccnd2/Tbx2/Adamts1/Rrm2/Fam83d",5
"GO:0060707","trophoblast giant cell differentiation","3/407","19/25730",0.157894736842105,9.98189577136946,4.96519612716371,0.00315345687782618,0.0308142218169876,0.0235507987517549,"E2f8/E2f7/Lif",3
"GO:0070243","regulation of thymocyte apoptotic process","3/407","19/25730",0.157894736842105,9.98189577136946,4.96519612716371,0.00315345687782618,0.0308142218169876,0.0235507987517549,"Bcl11b/Hif1a/Wnt5a",3
"GO:0070365","hepatocyte differentiation","3/407","19/25730",0.157894736842105,9.98189577136946,4.96519612716371,0.00315345687782618,0.0308142218169876,0.0235507987517549,"Itga2/E2f8/E2f7",3
"GO:0071243","cellular response to arsenic-containing substance","3/407","19/25730",0.157894736842105,9.98189577136946,4.96519612716371,0.00315345687782618,0.0308142218169876,0.0235507987517549,"Gsto1/Gsto2/Hmox1",3
"GO:0031345","negative regulation of cell projection organization","10/407","224/25730",0.0446428571428571,2.8222621972622,3.4726800966792,0.00315746457442699,0.0308142218169876,0.0235507987517549,"Thy1/Cd38/Mylip/Epha4/Cib1/Prag1/Tsku/Rap1gap2/Abi3/Wnt5a",10
"GO:1902806","regulation of cell cycle G1/S phase transition","9/407","188/25730",0.0478723404255319,3.02642584557478,3.53535696350826,0.00316143874548014,0.0308142218169876,0.0235507987517549,"Ccnd2/Tbx2/Adamts1/Kif14/Rrm2/E2f7/Cdkn2c/Fam83d/Ak1",9
"GO:0007019","microtubule depolymerization","5/407","63/25730",0.0793650793650794,5.01735501735502,4.04738029034305,0.00320175767743239,0.0311299607845407,0.0237921128088514,"Cib1/Ccn2/Ckap2/Aurkb/Diaph3",5
"GO:0001958","endochondral ossification","4/407","39/25730",0.102564102564103,6.48396648396648,4.34497889644211,0.00327664073181752,0.0314685691799003,0.0240509055903837,"Cbs/Alpl/Galnt3/Phospho1",4
"GO:0002063","chondrocyte development","4/407","39/25730",0.102564102564103,6.48396648396648,4.34497889644211,0.00327664073181752,0.0314685691799003,0.0240509055903837,"Chst11/Serpinh1/Galnt3/Msx2",4
"GO:0032967","positive regulation of collagen biosynthetic process","4/407","39/25730",0.102564102564103,6.48396648396648,4.34497889644211,0.00327664073181752,0.0314685691799003,0.0240509055903837,"Itga2/Ltbp1/Wnt4/Ccn2",4
"GO:0036075","replacement ossification","4/407","39/25730",0.102564102564103,6.48396648396648,4.34497889644211,0.00327664073181752,0.0314685691799003,0.0240509055903837,"Cbs/Alpl/Galnt3/Phospho1",4
"GO:0048710","regulation of astrocyte differentiation","4/407","39/25730",0.102564102564103,6.48396648396648,4.34497889644211,0.00327664073181752,0.0314685691799003,0.0240509055903837,"Epha4/Ntrk3/Fgfr3/Lif",4
"GO:0006835","dicarboxylic acid transport","7/407","122/25730",0.0573770491803279,3.62730092238289,3.68767792590104,0.00332489293108591,0.0318540961787938,0.0243455574825597,"Cck/Ntrk2/Abcc5/Gja1/Ttyh3/Ttyh2/Slc1a4",7
"GO:0006790","sulfur compound metabolic process","12/407","302/25730",0.0397350993377483,2.51200026034463,3.35081396412405,0.00333458473372617,0.0318692185743951,0.0243571152787477,"Gsto1/Acaa2/Fmo6/Cbs/Fmo1/Slc27a3/Them5/Gsto2/Chst3/Slc25a42/Lpo/Acsm1",12
"GO:0098773","skin epidermis development","8/407","156/25730",0.0512820512820513,3.24198324198324,3.56079040844495,0.0034848457815599,0.0332244520144837,0.025392897723579,"Igfbp5/Vangl2/Wnt10a/Sfn/Msx2/Krt16/Wnt5a/Sox21",8
"GO:0099174","regulation of presynapse organization","4/407","40/25730",0.1,6.32186732186732,4.27034602479915,0.00359592113114253,0.0341178217466856,0.0260756853954195,"Mdga1/Ntrk3/Mdga2/Grid2",4
"GO:0140058","neuron projection arborization","4/407","40/25730",0.1,6.32186732186732,4.27034602479915,0.00359592113114253,0.0341178217466856,0.0260756853954195,"Grip1/Ptn/Cpe/Wnt5a",4
"GO:0055017","cardiac muscle tissue growth","7/407","124/25730",0.0564516129032258,3.56879606879607,3.63513614175704,0.003638017949755,0.0344340590521389,0.0263173803239093,"Tenm4/Trp73/Ccnd2/Gja1/Tbx2/Heg1/Edn1",7
"GO:0001947","heart looping","5/407","65/25730",0.0769230769230769,4.86297486297486,3.95329302999115,0.00366728634045336,0.0345446061038388,0.0264018696023551,"Gja1/Vangl2/Tbx2/Hif1a/Wnt5a",5
"GO:0031103","axon regeneration","5/407","65/25730",0.0769230769230769,4.86297486297486,3.95329302999115,0.00366728634045336,0.0345446061038388,0.0264018696023551,"Ptn/Epha4/Nrep/Ntrk3/Chl1",5
"GO:0036294","cellular response to decreased oxygen levels","9/407","193/25730",0.0466321243523316,2.94802103092259,3.44380409485563,0.00375865473546853,0.0353205641170344,0.0269949214443622,"Acaa2/Dram1/Cbs/Epha4/Ccna2/Edn1/Hif1a/Ptgs2/Mir221",9
"GO:0009612","response to mechanical stimulus","11/407","268/25730",0.041044776119403,2.59479628882614,3.32718873598482,0.00381239107035551,0.0356236086772928,0.0272265333764709,"Itga2/Slitrk6/Psph/Ptn/Chek1/P2ry1/Tmem150c/Slc8a1/Ryr2/Edn1/Mdk",11
"GO:1901988","negative regulation of cell cycle phase transition","11/407","268/25730",0.041044776119403,2.59479628882614,3.32718873598482,0.00381239107035551,0.0356236086772928,0.0272265333764709,"Chek1/Nuf2/Aurkb/Mad2l1/Cdc20/Ska1/Ndc80/Plk1/E2f7/Incenp/Cenpe",11
"GO:0019229","regulation of vasoconstriction","6/407","94/25730",0.0638297872340425,4.03523446076638,3.73750790867898,0.00381811080782593,0.0356236086772928,0.0272265333764709,"Cd38/Gja1/Edn1/Pde5a/Hif1a/Ptgs2",6
"GO:0003012","muscle system process","16/407","473/25730",0.0338266384778013,2.13847520401432,3.16821280531906,0.00382808614519394,0.0356320435505256,0.0272329800102098,"Gsto1/Itga2/Igfbp5/Kcne4/Cd38/Smtn/P2ry1/Ccn2/Tbx2/Slc8a1/Ryr2/Edn1/Pde5a/Cacna1g/Ptgs2/Htr1d",16
"GO:0007254","JNK cascade","9/407","194/25730",0.0463917525773196,2.93282504622711,3.42584772722838,0.00388805254559419,0.0361046581538865,0.0275941915143328,"Mfhas1/Cbs/Epha4/Ccn2/Fzd10/Edn1/Sh3rf2/Wnt7b/Wnt5a",9
"GO:0072089","stem cell proliferation","8/407","159/25730",0.050314465408805,3.18081374685148,3.49698977727833,0.00391082630769238,0.0361470583788393,0.0276265973031541,"Mki67/Gja1/Abcg2/Foxm1/Sfn/Fbln1/Wnt5a/Cdkn2c",8
"GO:0006636","unsaturated fatty acid biosynthetic process","5/407","66/25730",0.0757575757575758,4.78929342565706,3.90768107361152,0.00391737898320451,0.0361470583788393,0.0276265973031541,"Pla2g4a/Fads2b/Edn1/Fabp5/Ptgs2",5
"GO:0034284","response to monosaccharide","11/407","269/25730",0.0408921933085502,2.58515020596805,3.31329353904638,0.0039202257814118,0.0361470583788393,0.0276265973031541,"Itga2/Gjb6/Mafa/Sox4/Slc39a14/Vsnl1/Tbc1d1/Cpe/Reg3g/Hif1a/Gpr27",11
"GO:0071312","cellular response to alkaloid","4/407","41/25730",0.0975609756097561,6.16767543596812,4.19821464109805,0.00393567446697544,0.0362045182816851,0.0276705129540588,"Ccna2/Cpe/Slc8a1/Ryr2",4
"GO:1902749","regulation of cell cycle G2/M phase transition","7/407","127/25730",0.0551181102362205,3.48449379945443,3.55832351122287,0.00414912862196766,0.0380789187548808,0.0291030861531032,"Chek1/Aurkb/Kif14/Cenpf/Cdc25c/Plk1/Cdc7",7
"GO:0010882","regulation of cardiac muscle contraction by calcium ion signaling","3/407","21/25730",0.142857142857143,9.03123903123903,4.66767584102707,0.00422821993920326,0.0384154346851324,0.0293602796982521,"Gsto1/Slc8a1/Ryr2",3
"GO:0032305","positive regulation of icosanoid secretion","3/407","21/25730",0.142857142857143,9.03123903123903,4.66767584102707,0.00422821993920326,0.0384154346851324,0.0293602796982521,"Pla2g4a/Pla2r1/Edn1",3
"GO:0032310","prostaglandin secretion","3/407","21/25730",0.142857142857143,9.03123903123903,4.66767584102707,0.00422821993920326,0.0384154346851324,0.0293602796982521,"Pla2g4a/Edn1/Ptgs2",3
"GO:1905809","negative regulation of synapse organization","3/407","21/25730",0.142857142857143,9.03123903123903,4.66767584102707,0.00422821993920326,0.0384154346851324,0.0293602796982521,"Ptn/Mdga1/Wnt5a",3
"GO:0014015","positive regulation of gliogenesis","6/407","96/25730",0.0625,3.95116707616708,3.67258879024144,0.00423469532043339,0.0384154346851324,0.0293602796982521,"Tenm4/Il33/Trp73/Ptn/Mdk/Lif",6
"GO:0001964","startle response","4/407","42/25730",0.0952380952380952,6.02082602082602,4.12843786083306,0.00429649971968929,0.0386262449671967,0.0295213985010304,"Slitrk6/Mdga1/Kcnh1/Grid2",4
"GO:0010714","positive regulation of collagen metabolic process","4/407","42/25730",0.0952380952380952,6.02082602082602,4.12843786083306,0.00429649971968929,0.0386262449671967,0.0295213985010304,"Itga2/Ltbp1/Wnt4/Ccn2",4
"GO:0150117","positive regulation of cell-substrate junction organization","4/407","42/25730",0.0952380952380952,6.02082602082602,4.12843786083306,0.00429649971968929,0.0386262449671967,0.0295213985010304,"Thy1/Wnt4/Pik3r1/Col16a1",4
"GO:0048754","branching morphogenesis of an epithelial tube","9/407","197/25730",0.0456852791878173,2.88816273587847,3.37266102096605,0.00429726808825483,0.0386262449671967,0.0295213985010304,"Wnt4/Vangl2/Wnt6/Vdr/Tbx2/Edn1/Msx2/Mdk/Wnt5a",9
"GO:0006935","chemotaxis","16/407","479/25730",0.0334029227557411,2.11168845824378,3.11359874200674,0.00431631539052459,0.0387088740958461,0.0295845505738431,"Smoc2/Itga2/Ptn/Ackr4/F3/Fn1/Ntrk3/S100a14/Edn1/Wnt7b/Mdk/Hc/Wnt5a/Vegfd/Cxcl14/Ccl20",16
"GO:0097237","cellular response to toxic substance","7/407","128/25730",0.0546875,3.45727119164619,3.53323242965376,0.00433102431493794,0.0387523086767112,0.0296177469037358,"Gsto1/Lancl1/Slc39a8/Edn1/Gsto2/Lpo/Ptgs2",7
"GO:0051384","response to glucocorticoid","8/407","162/25730",0.0493827160493827,3.12190978857646,3.43468667558816,0.00437593690867913,0.0390651822211173,0.0298568709654375,"Aldh3a1/Pik3r1/Alpl/Tbx2/Ntrk3/Cpe/Edn1/Mdk",8
"GO:0051402","neuron apoptotic process","14/407","395/25730",0.0354430379746835,2.24066183559854,3.15023242300785,0.00442653096633367,0.03923716653451,0.0299883157241994,"Ntrk2/Trp73/Epha4/Cntfr/Cpe/Mdga2/Fgfr3/Mdk/Kif14/Hif1a/Grid2/Nr4a2/Hmox1/Chl1",14
"GO:0043616","keratinocyte proliferation","5/407","68/25730",0.0735294117647059,4.64843185431421,3.81914832530266,0.00445376684027937,0.03923716653451,0.0299883157241994,"Vdr/Bcl11b/Sfn/Mdk/Reg3g",5
"GO:0045682","regulation of epidermis development","5/407","68/25730",0.0735294117647059,4.64843185431421,3.81914832530266,0.00445376684027937,0.03923716653451,0.0299883157241994,"Vdr/Fgfr3/Sfn/Msx2/Reg3g",5
"GO:0050775","positive regulation of dendrite morphogenesis","5/407","68/25730",0.0735294117647059,4.64843185431421,3.81914832530266,0.00445376684027937,0.03923716653451,0.0299883157241994,"Camk2b/Grip1/Kalrn/Epha4/Wnt5a",5
"GO:0090303","positive regulation of wound healing","5/407","68/25730",0.0735294117647059,4.64843185431421,3.81914832530266,0.00445376684027937,0.03923716653451,0.0299883157241994,"Smoc2/Plau/F3/Reg3g/Hif1a",5
"GO:0014855","striated muscle cell proliferation","6/407","97/25730",0.0618556701030928,3.91043339496948,3.64078383223081,0.00445513652606707,0.03923716653451,0.0299883157241994,"Tenm4/Trp73/Ccnd2/Gja1/Tbx2/Ndc80",6
"GO:0042330","taxis","16/407","481/25730",0.0332640332640333,2.10290804885399,3.0955714585428,0.00448996156402234,0.039455411685637,0.0301551168741121,"Smoc2/Itga2/Ptn/Ackr4/F3/Fn1/Ntrk3/S100a14/Edn1/Wnt7b/Mdk/Hc/Wnt5a/Vegfd/Cxcl14/Ccl20",16
"GO:0050886","endocrine process","7/407","129/25730",0.0542635658914729,3.43047063977297,3.50838988385217,0.00451888403406284,0.0396209296558009,0.0302816195139737,"Anpep/Gja1/Vdr/Edn1/Inhbb/Lif/Ucn2",7
"GO:0014850","response to muscle activity","4/407","43/25730",0.0930232558139535,5.88080681103937,4.06088072366521,0.00467898460101123,0.0406616183910887,0.031077000656926,"Itga2/Fn1/Ryr2/Hif1a",4
"GO:0060603","mammary gland duct morphogenesis","4/407","43/25730",0.0930232558139535,5.88080681103937,4.06088072366521,0.00467898460101123,0.0406616183910887,0.031077000656926,"Wnt4/Vdr/Msx2/Wnt5a",4
"GO:0072337","modified amino acid transport","4/407","43/25730",0.0930232558139535,5.88080681103937,4.06088072366521,0.00467898460101123,0.0406616183910887,0.031077000656926,"Abcc5/Gja1/Slc1a4/Abcg2",4
"GO:1905332","positive regulation of morphogenesis of an epithelium","4/407","43/25730",0.0930232558139535,5.88080681103937,4.06088072366521,0.00467898460101123,0.0406616183910887,0.031077000656926,"Gja1/Wnt4/Mdk/Lif",4
"GO:0048167","regulation of synaptic plasticity","14/407","398/25730",0.0351758793969849,2.22377242477745,3.11931001786639,0.0047264397658226,0.0408363567158226,0.031210550260887,"Sorcs2/Camk2b/Ntrk2/Lzts1/Cd38/Grip1/Cplx2/Ptn/Epha4/Cdc20/Grid2/Ptgs2/Shisa9/Mir221",14
"GO:0065004","protein-DNA complex assembly","9/407","200/25730",0.045,2.84484029484029,3.32046912921584,0.00473934072654007,0.0408363567158226,0.031210550260887,"Padi4/H3c2/H3c7/H3c3/H4c6/Dlgap5/Cenpe/Mis18bp1/H1f1",9
"GO:0099175","regulation of postsynapse organization","9/407","200/25730",0.045,2.84484029484029,3.32046912921584,0.00473934072654007,0.0408363567158226,0.031210550260887,"Dclk1/Camk2b/Lzts1/Nectin3/Kalrn/Epha4/Abi3/Grid2/Wnt5a",9
"GO:0071715","icosanoid transport","5/407","69/25730",0.072463768115942,4.58106327671545,3.77616386987551,0.00474067684888368,0.0408363567158226,0.031210550260887,"Slco3a1/Pla2g4a/Pla2r1/Edn1/Ptgs2",5
"GO:0032274","gonadotropin secretion","3/407","22/25730",0.136363636363636,8.62072816618271,4.53340736529225,0.00483898491748857,0.0415919753958318,0.0317880570878208,"Gja1/Inhbb/Ucn2",3
"GO:0048511","rhythmic process","13/407","358/25730",0.0363128491620112,2.29565014481216,3.12970202207919,0.00490890869130392,0.0421008588197419,0.0321769882500546,"Ntrk2/Bhlhe41/Spsb4/Prokr2/Ptn/Enox1/Pla2g4a/Abcg2/Ntrk3/Adamts1/Mdk/Bmal2/Top2a",13
"GO:1903035","negative regulation of response to wounding","6/407","99/25730",0.0606060606060606,3.83143474052565,3.5784294466589,0.0049212366113977,0.0421146348792379,0.0321875170638832,"Il33/Plau/Wnt4/Epha4/Mdk/Reg3g",6
"GO:0045165","cell fate commitment","12/407","318/25730",0.0377358490566038,2.38561031013861,3.1520008321475,0.00501378279981304,0.0428133452992731,0.0327215298514114,"Tenm4/Wnt4/Wnt10a/Wnt6/Bcl11b/Tbx2/Abcg2/Ntrk3/Fgfr3/Edn1/Wnt7b/Wnt5a",12
"GO:0010770","positive regulation of cell morphogenesis","5/407","70/25730",0.0714285714285714,4.51561951561952,3.73399421883511,0.00504047158894489,0.0428514879449828,0.0327506816430193,"Camk2b/Grip1/Kalrn/Epha4/Wnt5a",5
"GO:0030166","proteoglycan biosynthetic process","5/407","70/25730",0.0714285714285714,4.51561951561952,3.73399421883511,0.00504047158894489,0.0428514879449828,0.0327506816430193,"Chst11/Vangl2/Ust/Galnt3/Chst3",5
"GO:0048660","regulation of smooth muscle cell proliferation","9/407","202/25730",0.0445544554455446,2.81667355924782,3.28620963795842,0.00505316154612477,0.0428514879449828,0.0327506816430193,"Itga2/Igfbp5/Gja1/Pik3r1/Adamts1/Edn1/Hif1a/Ptgs2/Hmox1",9
"GO:0021955","central nervous system neuron axonogenesis","4/407","44/25730",0.0909090909090909,5.74715211078847,3.99541897265949,0.00508370503624286,0.0428514879449828,0.0327506816430193,"Dclk1/Epha4/Tsku/Nr4a2",4
"GO:0031114","regulation of microtubule depolymerization","4/407","44/25730",0.0909090909090909,5.74715211078847,3.99541897265949,0.00508370503624286,0.0428514879449828,0.0327506816430193,"Cib1/Ckap2/Aurkb/Diaph3",4
"GO:0070570","regulation of neuron projection regeneration","4/407","44/25730",0.0909090909090909,5.74715211078847,3.99541897265949,0.00508370503624286,0.0428514879449828,0.0327506816430193,"Thy1/Ptn/Epha4/Ntrk3",4
"GO:0003279","cardiac septum development","7/407","132/25730",0.053030303030303,3.35250539795994,3.435307815676,0.00511946427755768,0.0430605046729049,0.0329104296621087,"Ltbp1/Sox4/Vangl2/Tbx2/Heg1/Msx2/Wnt5a",7
"GO:0006942","regulation of striated muscle contraction","6/407","100/25730",0.06,3.79312039312039,3.54785966622865,0.00516726377525272,0.0433696839940014,0.0331467302901951,"Gsto1/Smtn/Ccn2/Slc8a1/Ryr2/Pde5a",6
"GO:0007204","positive regulation of cytosolic calcium ion concentration","9/407","203/25730",0.0443349753694581,2.8027983200397,3.26923662067553,0.00521599768231609,0.0436853707806772,0.0333880044663124,"Cd38/Gja1/P2ry1/Ackr4/Slc8a1/Ryr2/Edn1/Hc/Cacna1g",9
"GO:0050768","negative regulation of neurogenesis","8/407","167/25730",0.0479041916167665,3.02843943562506,3.33399889380554,0.0052443261225842,0.0437585558671369,0.0334439386142873,"Thy1/Ptn/Igdcc4/Ntrk3/Fgfr3/Wnt7b/Lingo1/Wnt5a",8
"GO:0046394","carboxylic acid biosynthetic process","13/407","361/25730",0.03601108033241,2.27657271978602,3.09669595410584,0.00525634033765853,0.0437585558671369,0.0334439386142873,"Gsto1/Psph/Sardh/Cbs/Pla2g4a/Fads2b/Lipg/Edn1/Reg3g/Fabp5/Dhrs9/Ptgs2/Acsm1",13
"GO:0045765","regulation of angiogenesis","12/407","320/25730",0.0375,2.37070024570025,3.12799627971608,0.00526415695971936,0.0437585558671369,0.0334439386142873,"Smoc2/Thbs2/Ptn/Efna3/F3/Adamts1/Mdk/Hif1a/Hc/Wnt5a/Lif/Hmox1",12
"GO:0010976","positive regulation of neuron projection development","10/407","241/25730",0.04149377593361,2.62318146135574,3.20959531301966,0.00526929656954067,0.0437585558671369,0.0334439386142873,"Camk2b/Ntrk2/Ptn/Kalrn/Ntrk3/Adamts1/Gpc2/Mdk/Wnt5a/Lif",10
"GO:0098754","detoxification","7/407","133/25730",0.0526315789473684,3.32729859045648,3.41141436077816,0.00533239894152361,0.0439924031264733,0.0336226641967794,"Gsto1/Lancl1/Abcg2/Slc39a8/Gsto2/Lpo/Ptgs2",7
"GO:0048599","oocyte development","5/407","71/25730",0.0704225352112676,4.45201924075164,3.69261134186521,0.00535345435194863,0.0439924031264733,0.0336226641967794,"Wnt4/Bnc1/Edn1/Pde5a/Inhbb",5
"GO:0060038","cardiac muscle cell proliferation","5/407","71/25730",0.0704225352112676,4.45201924075164,3.69261134186521,0.00535345435194863,0.0439924031264733,0.0336226641967794,"Tenm4/Trp73/Ccnd2/Gja1/Tbx2",5
"GO:0060119","inner ear receptor cell development","5/407","71/25730",0.0704225352112676,4.45201924075164,3.69261134186521,0.00535345435194863,0.0439924031264733,0.0336226641967794,"Slitrk6/Vangl2/Myo7a/Slc4a7/Tsku",5
"GO:0061371","determination of heart left/right asymmetry","5/407","71/25730",0.0704225352112676,4.45201924075164,3.69261134186521,0.00535345435194863,0.0439924031264733,0.0336226641967794,"Gja1/Vangl2/Tbx2/Hif1a/Wnt5a",5
"GO:0098742","cell-cell adhesion via plasma-membrane adhesion molecules","11/407","281/25730",0.0391459074733096,2.47475233240358,3.15128709816414,0.00541422917908698,0.0443989399070014,0.0339333735166599,"Tenm4/Dsc3/Nectin3/Pcdh19/Mdga1/Mdga2/Celsr2/Grid2/Pcdhb7/Pcdhb17/Pcdhb19",11
"GO:0090050","positive regulation of cell migration involved in sprouting angiogenesis","3/407","23/25730",0.130434782608696,8.24591389808781,4.40740001617341,0.00550026843668823,0.044913050959896,0.0343263000690383,"Cib1/Ptgs2/Hmox1",3
"GO:0045823","positive regulation of heart contraction","4/407","45/25730",0.0888888888888889,5.61943761943762,3.93193798312141,0.00551122468499742,0.044913050959896,0.0343263000690383,"Smtn/Ccn2/Ryr2/Edn1",4
"GO:0048013","ephrin receptor signaling pathway","4/407","45/25730",0.0888888888888889,5.61943761943762,3.93193798312141,0.00551122468499742,0.044913050959896,0.0343263000690383,"Epha4/Efna3/Ntrk3/Efna4",4
"GO:0050679","positive regulation of epithelial cell proliferation","10/407","243/25730",0.0411522633744856,2.60159149048038,3.18014271771509,0.00557693693159714,0.0453544684623469,0.0346636681462679,"Ccnd2/Ptn/Iqgap3/Bnc1/F3/Fgfr3/Mdk/Reg3g/Wnt5a/Hmox1",10
"GO:0060562","epithelial tube morphogenesis","14/407","407/25730",0.0343980343980344,2.17459809597402,3.02816824039102,0.00572608214049233,0.0464711790244915,0.0355171515108398,"Gja1/Wnt4/Vangl2/Enah/Wnt6/Vdr/Epha4/Tbx2/Ryr2/Edn1/Msx2/Mdk/Hif1a/Wnt5a",14
"GO:0007044","cell-substrate junction assembly","6/407","103/25730",0.058252427184466,3.68264115836931,3.45846505597368,0.00595946261452259,0.0480885157943605,0.0367532551842417,"Itga2/Thy1/Wnt4/Col16a1/Col17a1/Fn1",6
"GO:0060292","long-term synaptic depression","4/407","46/25730",0.0869565217391304,5.49727593205854,3.87033181982034,0.00596209449894439,0.0480885157943605,0.0367532551842417,"Sorcs2/Ntrk2/Cd38/Grid2",4
"GO:0098698","postsynaptic specialization assembly","4/407","46/25730",0.0869565217391304,5.49727593205854,3.87033181982034,0.00596209449894439,0.0480885157943605,0.0367532551842417,"Ntrk3/Abi3/Grid2/Wnt5a",4
"GO:0001952","regulation of cell-matrix adhesion","7/407","136/25730",0.0514705882352941,3.25390229801994,3.34107741259114,0.00601114694207898,0.0482597828328714,0.0368841517417058,"Thy1/Plau/Wnt4/Pik3r1/Col16a1/Cib1/Nexmif",7
"GO:0009791","post-embryonic development","7/407","136/25730",0.0514705882352941,3.25390229801994,3.34107741259114,0.00601114694207898,0.0482597828328714,0.0368841517417058,"Chst11/Trp73/Bcl11b/Heg1/Slc8a1/Nr4a2/Etnk2",7
"GO:0034142","toll-like receptor 4 signaling pathway","5/407","73/25730",0.0684931506849315,4.33004611086803,3.61210046262046,0.00602018675868304,0.0482597828328714,0.0368841517417058,"Mfhas1/Pik3r1/Tril/Tnip3/S100a14",5
"GO:1903532","positive regulation of secretion by cell","14/407","410/25730",0.0341463414634146,2.15868640258884,2.99831369721335,0.00609471929269431,0.0487577543415545,0.0372647431080805,"Cck/Cd38/Sox4/Gja1/P2ry1/Vdr/Vsnl1/Pla2g4a/Edn1/Hif1a/Cacna1g/Gpr27/Inhbb/Lif",14
"GO:0010232","vascular transport","3/407","24/25730",0.125,7.90233415233415,4.28879640487124,0.00621314913878551,0.0494033397108289,0.0377581533002691,"Gja1/Abcg2/Fabp5",3
"GO:0035994","response to muscle stretch","3/407","24/25730",0.125,7.90233415233415,4.28879640487124,0.00621314913878551,0.0494033397108289,0.0377581533002691,"Slc8a1/Ryr2/Edn1",3
"GO:0050650","chondroitin sulfate proteoglycan biosynthetic process","3/407","24/25730",0.125,7.90233415233415,4.28879640487124,0.00621314913878551,0.0494033397108289,0.0377581533002691,"Chst11/Galnt3/Chst3",3
"GO:0043542","endothelial cell migration","10/407","247/25730",0.0404858299595142,2.5594604541973,3.1221132056822,0.00623422431403152,0.0494340423693743,0.0377816188330624,"Smoc2/Ptn/Pik3r3/Cib1/Abcg2/Fn1/Hif1a/Wnt5a/Ptgs2/Hmox1",10
"GO:0048814","regulation of dendrite morphogenesis","6/407","104/25730",0.0576923076923077,3.64723114723115,3.42940836953038,0.00624218050285379,0.0494340423693743,0.0377816188330624,"Camk2b/Lzts1/Grip1/Kalrn/Epha4/Wnt5a",6
"GO:0022604","regulation of cell morphogenesis","11/407","287/25730",0.0383275261324042,2.42301534984462,3.07338844963862,0.00631331007592889,0.0498967444230356,0.0381352543398267,"Camk2b/Grip1/Palmd/Ptn/Kalrn/P2ry1/Epha4/Prag1/Fn1/Popdc1/Wnt5a",11
