"Gene","distance","Z","FC","p_value","p_adj"
"ACTA2",1.91466248502154e-05,4.84916598616987,747175.017636738,0,0
"ACTB",1.02430159433126e-07,1.60206403858555,21.3842283755404,3.75850276670495e-06,0.00241872561407119
"TAGLN",1.00003377788518e-07,1.59156926937941,20.3829587267497,6.3391794512717e-06,0.00241872561407119
"CNN1",9.96977251277841e-08,1.59023171570695,20.2585512360048,6.76504078818848e-06,0.00241872561407119
"LGALS1",9.9689930537342e-08,1.59019755929726,20.2553836424239,6.77625084376551e-06,0.00241872561407119
"TPM2",9.91647674435573e-08,1.58789086660892,20.0425364429501,7.57385497106293e-06,0.00241872561407119
"TPM1",9.86369254667234e-08,1.58556162517857,19.8297363489774,8.46553964924917e-06,0.00241872561407119
"TGFB1I1",9.66836182102161e-08,1.57684631593122,19.0521361296372,1.27195314201286e-05,0.00305839441839122
"PALLD",9.61745341090046e-08,1.57454960825734,18.8520276822684,1.41260856912484e-05,0.00305839441839122
"MYL9",9.54995576548258e-08,1.57148804873916,18.5883399509338,1.62209672103909e-05,0.00305839441839122
"RAMP1",9.50137153545688e-08,1.56927263858591,18.3996892387592,1.79087186381022e-05,0.00305839441839122
"CSRP1",9.48937907514433e-08,1.5687242668714,18.3532710375249,1.83503665103473e-05,0.00305839441839122
"MYH11",9.43399297123772e-08,1.56618377708218,18.1396533395864,2.05281762737024e-05,0.00315818096518499
"MYLK",9.37196789910404e-08,1.56332324863843,17.9019141966969,2.3258705561253e-05,0.00332267222303615
"DES",9.27565690132025e-08,1.55884853119394,17.5358668265434,2.81938637224718e-05,0.00371572301051159
"PDLIM7",9.2490147207033e-08,1.55760353727616,17.4352760472111,2.97257840840927e-05,0.00371572301051159
"TPM4",8.93397478228397e-08,1.5426389794924,16.2677440586584,5.49921661100386e-05,0.00646966660118102
"PPP1CB",8.88333062466083e-08,1.5401904608394,16.0838323994165,6.05991911066374e-05,0.00673324345629305
"TCEAL4",8.71704468807771e-08,1.53206424597625,15.4873256854506,8.30603295571654e-05,0.00874319258496478
"SMTN",8.60522021950147e-08,1.52652298264635,15.0925236297276,0.000102367915674278,0.0102367915674278
"ALDOA",8.50708895146968e-08,1.5216081763992,14.7502653876896,0.000122730250255027,0.0116885952623835
"EMX2",8.45994539861167e-08,1.51922939797071,14.587235910996,0.000133817892553047,0.0120224751966755
"FHL2",8.4420903817597e-08,1.51832544082105,14.5257271232665,0.000138258464761768,0.0120224751966755
"ZYX",8.33153431568879e-08,1.51269075732149,14.1477657790614,0.000168997683165944,0.0140831402638287
"CXCL12",8.26424948136009e-08,1.50922940160949,13.9201759538571,0.000190740000308798,0.014730788898412
"FHL1",8.25596888149974e-08,1.50880171965082,13.8922944966018,0.000193590521113141,0.014730788898412
"LPP",8.24094269341605e-08,1.50802467884702,13.8417714706508,0.000198865650128562,0.014730788898412
"SMOC2",8.14007216042185e-08,1.50277612834743,13.5049940191118,0.00023792940421281,0.0167372403672497
"FXYD6",8.12886153155014e-08,1.50218930653994,13.4678210756606,0.000242689985325121,0.0167372403672497
"EMILIN1",8.07355045118686e-08,1.49928364702211,13.2851668605936,0.000267514220064763,0.0178342813376509
"SLMAP",8.02210037683709e-08,1.49656515900943,13.116382409667,0.000292724729103289,0.0180313580811332
"RSPO3",8.01573634325321e-08,1.49622784192627,13.0955798806277,0.000295993361481103,0.0180313580811332
"PDLIM3",8.01279149211388e-08,1.49607167482322,13.085959442108,0.000297517408338698,0.0180313580811332
"PBX1",7.88779757549135e-08,1.48939648139623,12.68088021093,0.000369413627094,0.0217302133584706
"ISOC1",7.77328724779534e-08,1.48319952164068,12.3153658997779,0.000449244637002817,0.0256711221144467
"SYNPO2",7.7258945522329e-08,1.48061140375629,12.1656533973035,0.000486776098553602,0.0270431165863112
"ANTXR2",7.64150989391686e-08,1.47596861259834,11.9013505120779,0.000560932601075496,0.030320681139216
"ACTG2",7.62344967314465e-08,1.47496913334603,11.8451608267854,0.000578113822661905,0.030427043297995
"PARVA",7.59801512649892e-08,1.47355803329311,11.766253317484,0.000603142576474765,0.0309303885371675
"WT1",7.57071124139123e-08,1.47203862138818,11.6818399061667,0.00063113089527177,0.0315565447635885
"PGR",7.49986997903176e-08,1.46807398689885,11.4642422666401,0.000709481534822186,0.0345762638884457
"ST5",7.48578294958836e-08,1.46728170716374,11.4212160679102,0.00072610154165736,0.0345762638884457
"OLFML3",7.42641344507171e-08,1.46392827736662,11.2407718685323,0.000800198714297598,0.0372185448510511
"COL3A1",7.3824336952762e-08,1.46142898459529,11.1080287882832,0.000859548005463475,0.0390703638847034
"MAOB",7.3580758590312e-08,1.46003916714333,11.0348493469767,0.000894149421062743,0.0390956478822225
"HSPB8",7.34884281585438e-08,1.45951129410181,11.0071732754809,0.000907599528902874,0.0390956478822225
"PTGER3",7.34128557126196e-08,1.45907879858676,10.9845462765468,0.000918747725232229,0.0390956478822225
"FABP3",7.26454127036281e-08,1.4546646016642,10.7560862787282,0.00103936943524412,0.0429687075173072
"BAG2",7.25655289119348e-08,1.45420278551768,10.732443642582,0.00105273333417403,0.0429687075173072
"CD81",7.20861762152892e-08,1.45142223168718,10.5911194155587,0.00113632154605313,0.0450008678075769
"CKB",7.20244395145781e-08,1.45106294545793,10.5729860976005,0.00114752212909321,0.0450008678075769
"RBP1",7.17370254601622e-08,1.44938674397462,10.4887713061853,0.00120102214704456,0.0461931595017139
"TES",7.15266483328746e-08,1.44815609858056,10.427342441225,0.00124163277124615,0.0466051362548363
"CYR61",7.14419457516076e-08,1.44765971964789,10.4026607350247,0.00125833867888058,0.0466051362548363
"TMEM123",7.08490023269401e-08,1.44417044546126,10.2307003467934,0.00138122208561365,0.0502262576586782
"SVIL",7.06340179804798e-08,1.44289902867318,10.1687064340306,0.00142844460890395,0.050397335746364
"OSR2",7.05466597024251e-08,1.44238142563048,10.1435692159087,0.00144805513224468,0.050397335746364
"IGFBP4",7.04872954350691e-08,1.44202936905121,10.1265049863776,0.00146152273664455,0.050397335746364
"HNMT",7.01892968590603e-08,1.4402581799691,10.0410624927229,0.00153088878466644,0.0518945350734388
"PDLIM4",6.99064605933661e-08,1.4385710209848,9.96030218506515,0.00159951798332851,0.0533172661109505
"RPRM",6.96966826742091e-08,1.43731580831918,9.90061338386338,0.00165223691879373,0.0541717022555321
"TCEAL1",6.94111163651637e-08,1.43560179672931,9.81964856771198,0.00172657329849565,0.0556959128546985
"CDC42EP3",6.88659885302537e-08,1.43231267756289,9.66601485606051,0.00187708041288273,0.0595898543772294
"SPARC",6.79595448883116e-08,1.42679278667257,9.41323303195085,0.00215425053743416,0.0673203292948176
"NPTN",6.78014091011372e-08,1.42582321654857,9.36947649608007,0.00220628521884149,0.0674771207767725
"CHRDL2",6.77401657230395e-08,1.42544718712424,9.35255769627718,0.00222674498563349,0.0674771207767725
"COL1A1",6.6639637271029e-08,1.41863888383418,9.05113693566818,0.00262531513524898,0.0775354142392032
"TCEAL3",6.66117738500943e-08,1.41846523798898,9.04356958012498,0.00263620408413291,0.0775354142392032
"AP1S2",6.57837583740277e-08,1.41327582098717,8.82013536927176,0.00297924563161922,0.0863549458440353
"SCARA3",6.55330709338215e-08,1.41169343178467,8.75304026221284,0.0030908633857273,0.0883103824493514
"IGFBP2",6.5281592507465e-08,1.41010072596771,8.68599083861198,0.00320665203746585,0.0903282264074888
"FRMD6-AS2",6.51478553376371e-08,1.40925153399411,8.65043870490651,0.00326982616439931,0.0908285045666474
"MGP",6.50248022089138e-08,1.40846883580478,8.61779117576252,0.0033289528270844,0.0912041870434082
"MIF",6.35350493717533e-08,1.39888888648483,8.22743822194385,0.00412617323065157,0.111518195423015
"ITM2C",6.33637604431341e-08,1.3977748534769,8.18313607958724,0.00422816000939399,0.11275093358384
"HPCAL1",6.28104056241896e-08,1.3941578581893,8.0408337447482,0.00457344821856228,0.120353900488481
"MFAP5",6.2590198264626e-08,1.39271072628861,7.98455176781333,0.00471781744069751,0.120989734603001
"SFRP4",6.24612415020841e-08,1.39186119697034,7.95168396260795,0.0048042653371805,0.120989734603001
"ZCCHC12",6.24090348198649e-08,1.39151683875343,7.9383970813592,0.00483966853323539,0.120989734603001
"CBX6",6.23957188908319e-08,1.3914289658444,7.93500988412553,0.00484873623605018,0.120989734603001
"BNC2",6.23207366004905e-08,1.39093384538077,7.91594999597178,0.00490008425142155,0.120989734603001
"JAZF1",6.21769758863812e-08,1.38998311200161,7.879471285321,0.0049999095677484,0.121949013847522
"FOS",6.20867473301434e-08,1.38938542144155,7.85661917791603,0.00506349851896998,0.122012012505301
"COL1A2",6.19306896054603e-08,1.38834987227609,7.8171729110385,0.00517520870043503,0.122596399390547
"HOXA10",6.18703295610705e-08,1.38794873067431,7.80194249885435,0.00521900989598175,0.122596399390547
"FBXO32",6.17291201902808e-08,1.3870089419639,7.76636970777913,0.00532279181504364,0.122596399390547
"MITF",6.17154414614971e-08,1.38691780633783,7.76292814586517,0.0053329433734888,0.122596399390547
"LGALS3BP",6.15311626789467e-08,1.38568831030778,7.71663803907308,0.00547141920879873,0.124350436563607
"SNCA",6.13072112812047e-08,1.38418978228041,7.66056866308111,0.00564407124281262,0.125879173032306
"EPDR1",6.12810428979893e-08,1.38401436953438,7.65403038123668,0.00566456278645377,0.125879173032306
"ATP1B1",6.04769814680797e-08,1.37859239235399,7.45449279743499,0.00632783065704756,0.139073201253793
"PSD",6.03142240699783e-08,1.37748722045549,7.41442329582764,0.00647030508035049,0.140658806094576
"CLMP",6.02184837332538e-08,1.3768358966381,7.39090327238386,0.00655545597713466,0.140977547895369
"CTXN1",6.00187073838186e-08,1.37547389395366,7.34194559778412,0.00673638911823263,0.143133675245235
"TMEM200B",5.99508610165688e-08,1.37501044076949,7.32535601049986,0.00679884957414865,0.143133675245235
"RPS10",5.92275203881169e-08,1.37004065538053,7.14965339417106,0.00749784756362568,0.156205157575535
"PPP1R14A",5.90413023051766e-08,1.36875264276767,7.10476541940773,0.007687928547369,0.158513990667402
"H1F0",5.88290176169743e-08,1.36727999813261,7.05376649473025,0.00790987575969825,0.161339064352921
"CCDC80",5.87571697159199e-08,1.36678052861529,7.0365474806721,0.00798628368546961,0.161339064352921
"VCL",5.86546414019594e-08,1.36606685113117,7.01201206108643,0.00809646383239164,0.161929276647833
"NCAM1",5.83982998441117e-08,1.36427773119829,6.95085603789597,0.00837791344084091,0.165899276056256
"HSPB6",5.79810182034976e-08,1.36135060765759,6.85187705841723,0.00885481938962483,0.173623909600487
"PPM1K",5.73154895114451e-08,1.35664377659713,6.69548279364645,0.00966574906818225,0.187684447925869
"KCNK6",5.70280377473931e-08,1.35459604258987,6.62849210382945,0.0100360187782188,0.193000361119593
"CHRDL1",5.66696953929589e-08,1.35203063324444,6.54545200922275,0.0105152609258725,0.200290684302333
"REV3L",5.65805287526322e-08,1.35139007806954,6.52487039848577,0.0106376300034389,0.200710000064884
"CRYAB",5.64081994912565e-08,1.35014959541752,6.48518488230246,0.0108777224749659,0.201453360076793
"RGS2",5.63419271505056e-08,1.34967166350316,6.46995532655213,0.0109713290191309,0.201453360076793
"BOK",5.63363717892678e-08,1.34963157795421,6.46867950341838,0.0109792081241852,0.201453360076793
"ASPN",5.62378310009452e-08,1.34891996732146,6.44606990759107,0.0111198054190402,0.202178280346186
"JPH4",5.59923661990312e-08,1.34714259827945,6.38992157828404,0.0114770098760064,0.206792970738854
"CRMP1",5.58394738250312e-08,1.34603208604206,6.35507266969847,0.0117046149181141,0.209010980680608
"TIMP2",5.57477995501954e-08,1.34536494793278,6.33422295889193,0.0118429990541925,0.209610602729071
"CES1",5.53863503484636e-08,1.34272520909304,6.25235147004076,0.0124028549797155,0.217593947012552
"FGF7",5.51185026429672e-08,1.34075933275096,6.19202510357474,0.0128327255082676,0.223177834926394
"FBLN5",5.50405227111566e-08,1.34018542768924,6.17451693085363,0.0129603292618205,0.223453952790009
"ATP2B4",5.4839475205364e-08,1.33870250417162,6.12949177564445,0.0132945082004068,0.227256550434305
"CLDN1",5.42814276406618e-08,1.33456131615641,6.00537883822883,0.0142623314243639,0.241734430921422
"DUSP1",5.41922639685524e-08,1.3338962017772,5.98566595029219,0.0144225962256079,0.242090196967026
"HSPB7",5.40884763392401e-08,1.33312079481773,5.96276071829798,0.0146111450471677,0.242090196967026
"CACNB3",5.40477953889324e-08,1.33281650894245,5.95379468457355,0.014685640028606,0.242090196967026
"RAP2C",5.40033006273784e-08,1.33248346721998,5.94399581568512,0.0147675020149886,0.242090196967026
"MOXD1",5.39335416272619e-08,1.33196084056729,5.92864936875268,0.0148966550463149,0.242222033273413
"HOXA11",5.38490351301374e-08,1.33132693548467,5.91008515549808,0.0150544441181671,0.242813614809146
"KCNH2",5.33094662183415e-08,1.32725887094234,5.79224008059689,0.0160970649609806,0.257553039375689
"STK26",5.30706757812646e-08,1.32544702119388,5.74046564388261,0.0165783968700941,0.262615982829062
"SYT1",5.29281962212673e-08,1.32436254485122,5.70968400808001,0.0168715760671937,0.262615982829062
"JUN",5.29258329362943e-08,1.32434453532255,5.70917413583307,0.0168764771081236,0.262615982829062
"CITED2",5.28958664257944e-08,1.3241161130929,5.70271091802559,0.0169387308924745,0.262615982829062
"ACOT2",5.27964705152942e-08,1.32335764898636,5.68129927947637,0.0171466656647808,0.263794856381244
"CA12",5.26969774885212e-08,1.32259719314367,5.6599070515641,0.0173570428385187,0.2649930204354
"RAB23",5.25399172174278e-08,1.32139417563482,5.62621928230269,0.0176937533727595,0.268087172314538
"CTSL",5.21242779323373e-08,1.31819531896186,5.53755420158488,0.0186125779327922,0.2798883899668
"IGFBP5",5.19896827029493e-08,1.31715466429936,5.50899299691598,0.0189189365320827,0.28237218704601
"KCNG1",5.16909118858923e-08,1.31483620785703,5.44585750910185,0.0196147839421266,0.290589391735209
"MTRNR2L12",5.1454140432858e-08,1.31299053316563,5.39608200966619,0.0201820085467991,0.296794243335281
"SPON2",5.12570314438456e-08,1.3114483644987,5.35481889552782,0.0206650804393612,0.300484930319889
"RSPO1",5.11345268005899e-08,1.31048728227629,5.32925337799345,0.0209703666654946,0.300484930319889
"AC012085.2",5.11244983106159e-08,1.31040851697693,5.32716323942499,0.0209955311966334,0.300484930319889
"LONRF2",5.11092098925677e-08,1.31028841340993,5.32397761516671,0.0210339451223922,0.300484930319889
"VASP",5.0996436638836e-08,1.30940151208046,5.30050865991146,0.0213191977179651,0.301800332685341
"RAI14",5.0953837220589e-08,1.30906604439898,5.2916568933652,0.0214278236206592,0.301800332685341
"PIM1",5.08796824475004e-08,1.30848149522941,5.27626586100434,0.021618063673517,0.302350540888349
"SRP14",5.03976248205548e-08,1.30466326490511,5.17675992462118,0.022890971748068,0.316845096631092
"JUNB",5.03680036096333e-08,1.30442760506295,5.17067643021834,0.0229712695057542,0.316845096631092
"CTGF",5.02241765259274e-08,1.30328162381716,5.14118860241287,0.0233646461927901,0.320063646476576
"RPL17",4.99029028721347e-08,1.3007113952402,5.07562473741186,0.0242645265313112,0.330129612670901
"MTRNR2L8",4.975418008058e-08,1.29951669524469,5.04541662519329,0.0246911691038343,0.333664447349112
"SORBS1",4.96022096617945e-08,1.29829267880307,5.01464200164326,0.0251338258279567,0.337366789637003
"TCEAL2",4.94605473480249e-08,1.29714873218824,4.98603959162784,0.0255526274056307,0.340701698741742
"COL6A3",4.90977122689298e-08,1.29420566773372,4.91315425219656,0.0266529263598675,0.353018892183676
"EGR1",4.88403362458176e-08,1.29210646879396,4.86177859166012,0.0274580156859492,0.361289680078279
"GAS1",4.87072782799698e-08,1.29101743392802,4.83532434371545,0.0278823955629301,0.362698371824795
"THY1",4.86931538991054e-08,1.29090167802003,4.83252040711122,0.0279277746305092,0.362698371824795
"KRT19",4.85191436260644e-08,1.28947316967019,4.79804304879996,0.0284920828324557,0.3676397784833
"MEIS3",4.83512606870132e-08,1.28809071294778,4.76489671020272,0.0290458020870635,0.372382078039275
"DBN1",4.81348696116528e-08,1.28630260773993,4.72234254057297,0.0297731565068186,0.379275879067753
"TCF23",4.78988321750946e-08,1.28434413062946,4.67614249055735,0.0305843530903336,0.387143710004223
"DPP6",4.75588100763458e-08,1.28150798226833,4.60998854774597,0.0317862455411244,0.399826987938671
"MMP2",4.71242480319552e-08,1.27785736146092,4.52612717747684,0.0333810791494435,0.417263489368044
"CLU",4.68019031175178e-08,1.27513038894197,4.46441864252781,0.034607864577764,0.428392222051265
"TMOD1",4.67781496932184e-08,1.27492879113353,4.45988812934033,0.0346997699861524,0.428392222051265
"CD24",4.65243538873941e-08,1.27276919680817,4.41162498368989,0.035694823497413,0.437973294446786
"CTSK",4.644520560268e-08,1.27209360377347,4.396627438921,0.0360100757047636,0.439147264692239
"P3H2",4.62597093352983e-08,1.27050629620402,4.36157842360066,0.0367582316919655,0.445554323538976
"FOSB",4.61137794616406e-08,1.26925364784165,4.33410394625478,0.037356073770897,0.44762571815213
"GPR161",4.61087687945785e-08,1.2692105752633,4.33316212052361,0.0373767474657028,0.44762571815213
"SYTL4",4.59807977921306e-08,1.26810912530493,4.30914284591312,0.0379080575454027,0.448347091191096
"ZFP36L1",4.59421570698864e-08,1.26777601697986,4.30190337048972,0.0380697434361223,0.448347091191096
"FBXL22",4.58847829360717e-08,1.26728096245021,4.29116535216366,0.0383108979131162,0.448347091191096
"COL12A1",4.58077440835601e-08,1.26661537875874,4.27676803295146,0.0386367485978856,0.448347091191096
"AEBP1",4.57946023680338e-08,1.26650174214292,4.27431447371887,0.0386925685063408,0.448347091191096
"AKR1C3",4.5773575506088e-08,1.26631986325613,4.27039022141442,0.0387820233880298,0.448347091191096
"SDC4",4.56539803212021e-08,1.26528399388198,4.24810439770411,0.0392941675179845,0.451123366107642
"KCNMA1",4.56124631892398e-08,1.26492384021834,4.24038156978205,0.0394732945344187,0.451123366107642
"GADD45G",4.55176974175648e-08,1.26410068973737,4.22277999498246,0.03988476292736,0.453235942356364
"TEX15",4.48827809002541e-08,1.25854675046814,4.10579632543177,0.042736461302256,0.482897867822102
"RHOB",4.46714227692209e-08,1.25668265636535,4.06721804880648,0.0437232274268583,0.488873929009983
"GSN",4.46648506281701e-08,1.25662456925487,4.06602138379172,0.0437542166463935,0.488873929009983
"TGM2",4.39322525607276e-08,1.25010228116151,3.93373255320067,0.0473267910205135,0.525853233561261
"SEMA3C",4.36538439846946e-08,1.24759867734311,3.88403263578617,0.0487473374568508,0.538644612782882
"TCEAL7",4.31036617681211e-08,1.2426098259794,3.78674637918334,0.0516599750288454,0.567692033284016
"LTBP1",4.30066376073877e-08,1.24172428003937,3.76971801693907,0.0521884302683041,0.570365358123541
"MAMDC2",4.2608946243877e-08,1.23807618249416,3.70032162856701,0.0544019804264751,0.591325874200817
"SLC2A4",4.25476539105262e-08,1.23751129233704,3.68968357052682,0.0547500021303229,0.59189191492241
"RBPMS2",4.22333735896819e-08,1.23460356198643,3.63537682842017,0.0565637983501564,0.606625063874308
"RND3",4.22067974550488e-08,1.23435681262091,3.63080301119152,0.0567194434722478,0.606625063874308
"COL4A2",4.18585934384825e-08,1.23111126312778,3.57114223494823,0.0587918576610013,0.625445294265971
"ENPP1",4.18003418779517e-08,1.23056600836436,3.56120975300715,0.0591446198166989,0.6258689927693
"NRP2",4.12403466944265e-08,1.22529010759726,3.46643053528461,0.0626263147530109,0.658352799116856
"AXL",4.12017044181983e-08,1.22492374130537,3.45993747589245,0.0628726923156598,0.658352799116856
"SERTM1",4.10190248893609e-08,1.22318768636113,3.42932425015021,0.064048302936033,0.667169822250343
"MMP23B",4.08091348296005e-08,1.22118468137054,3.39431905187888,0.0654213708251185,0.675394044571049
"ADGRE5",4.07952243206734e-08,1.22105161392772,3.39200541997521,0.0655132223233918,0.675394044571049
"C3orf70",4.0466820238864e-08,1.21789853656514,3.33761352646246,0.0677127518519719,0.694489762584328
"MBNL1-AS1",4.02511961201513e-08,1.21581610063393,3.30213989053476,0.0691896937026748,0.706017282680355
"LAMA4",4.01606145841167e-08,1.21493838113385,3.28729430235163,0.0698179857472523,0.70881203804317
"NEURL1",4.00649067167597e-08,1.21400910673816,3.27164488858655,0.0704869157154962,0.711989047631274
"ZFP36",3.96486652491381e-08,1.20994491347733,3.20401860817805,0.0734575664020324,0.738266999015401
"CEBPB",3.95899882378623e-08,1.20936899410375,3.19454221746935,0.0738844532110581,0.738844532110581
"ENAH",3.95366946882232e-08,1.20884526704928,3.18594742303211,0.0742739297798439,0.739044077411382
"FSTL1",3.92577245941823e-08,1.20609365978293,3.14114608400675,0.0763401472303189,0.755843041884345
"ANGPTL1",3.88037504211494e-08,1.2015791638608,3.06891805131806,0.0798025676997129,0.786232194085841
"BAMBI",3.86127712453142e-08,1.19966618795502,3.03878399775994,0.0812967944037628,0.797027396115322
"AKAP13",3.82534509455608e-08,1.19604447129127,2.98249089629582,0.084169644744051,0.821167265795619
"MYC",3.79913160480042e-08,1.19338351825939,2.94175542271557,0.0863168796096261,0.834219666987118
"CA3",3.79781153758435e-08,1.19324909326848,2.93971146076,0.0864261702394401,0.834219666987118
"MT-CO2",3.79380159995453e-08,1.19284050303577,2.93350692098705,0.0867588453666603,0.834219666987118
"RIN2",3.77513655940772e-08,1.19093365866867,2.90471293552105,0.0883209768884633,0.845176812329792
"CPXM1",3.76062336396622e-08,1.18944527005314,2.88242201597916,0.0895512333540132,0.85286888908584
"CYBRD1",3.75449066941325e-08,1.18881482756808,2.87302857316085,0.0900752208313509,0.853793562382473
"DEPTOR",3.71039623649045e-08,1.18425522514177,2.8059405676571,0.0939157514243877,0.885600570104261
"PDE8B",3.70137867994303e-08,1.1833169331266,2.79231831337403,0.0947171085136997,0.885600570104261
"IGFBP3",3.70090603937484e-08,1.18326769900181,2.79160523926516,0.0947592610011559,0.885600570104261
"PTP4A1",3.68823865540882e-08,1.18194610882203,2.77252784776168,0.0958946134357065,0.892042915680991
"RPS17",3.67778199523879e-08,1.18085217184142,2.75682914333481,0.0968400047608073,0.896666710748216
"GPNMB",3.67101498151671e-08,1.18014278246395,2.74669350295559,0.0974557761203067,0.898209918159508
"NME2",3.62406997924715e-08,1.17518981053276,2.67689315219378,0.101814187567747,0.934075115300432
"CRABP2",3.5606835737911e-08,1.16841244890568,2.58407222835268,0.107943640049052,0.985786667114633
"NR4A1",3.55188739406663e-08,1.16746363344733,2.57132080709081,0.108816842042561,0.989244018568736
"PCDH7",3.53412874848178e-08,1.16554179159392,2.54567302212784,0.110596774820675,0.993584127262522
"HSD17B6",3.53113939828652e-08,1.16521745440632,2.54136831776714,0.110898643081947,0.993584127262522
"PLCL1",3.53031680538118e-08,1.16512816299039,2.54018441205524,0.110981823557327,0.993584127262522
"COL4A5",3.52735802518233e-08,1.16480684077117,2.53592830801979,0.111281422253402,0.993584127262522
"ELMSAN1",3.48983732773366e-08,1.16071154446284,2.48226562827381,0.11513629312685,0.999999999882318
"ATF3",3.47441343111722e-08,1.15901689435929,2.46037257205736,0.116751086317248,0.999999999882318
"ADAMTS1",3.47416584561474e-08,1.15898963814405,2.46002193394959,0.116777151403763,0.999999999882318
"WNT2B",3.46026810496884e-08,1.15745693376845,2.44037959933272,0.118247607429542,0.999999999882318
"ZNF503",3.45998047566242e-08,1.15742515595531,2.43997391081549,0.118278192852477,0.999999999882318
"SPON1",3.45696684013003e-08,1.15709206509718,2.43572533784221,0.118599024765889,0.999999999882318
"MATN2",3.45631915619454e-08,1.15702044481434,2.43481272718617,0.118668066260684,0.999999999882318
"GUCY1A2",3.45277184765928e-08,1.15662797861213,2.42981747103321,0.119046759595501,0.999999999882318
"PGM5-AS1",3.4387492446909e-08,1.15507309192087,2.41012130874951,0.120553023856259,0.999999999882318
"ARID5B",3.43096560461177e-08,1.15420761538638,2.39922299409332,0.12139553336578,0.999999999882318
"CSTB",3.41822366679559e-08,1.15278710658915,2.38143559147305,0.122784665967806,0.999999999882318
"KCNE4",3.41530448846889e-08,1.15246101659624,2.37736981498021,0.123104657905468,0.999999999882318
"APOBEC3C",3.37489594054709e-08,1.1479219322799,2.32144639475925,0.127601327251091,0.999999999882318
"SESN1",3.37134070858114e-08,1.14752030426323,2.31655798727656,0.128002990614554,0.999999999882318
"PRSS23",3.36495404970355e-08,1.14679788459823,2.3077893382161,0.128727011746893,0.999999999882318
"GATA2",3.36350589953171e-08,1.14663391210387,2.30580339348339,0.128891622488643,0.999999999882318
"ZNF516",3.36190869652502e-08,1.14645299095567,2.30361403404571,0.129073365628125,0.999999999882318
"BCL6",3.35689311868476e-08,1.14588436903662,2.29674571133793,0.129645374369342,0.999999999882318
"SERPINF1",3.35331079894117e-08,1.14547778257975,2.29184636714067,0.130055128650445,0.999999999882318
"SLC7A8",3.34541012275578e-08,1.14457972750401,2.28105953219062,0.130962379334366,0.999999999882318
"HSD11B2",3.34440964780435e-08,1.14446587321369,2.27969539350909,0.131077615172786,0.999999999882318
"AKAP12",3.33909806594309e-08,1.14386091498423,2.27245993230447,0.131690726506125,0.999999999882318
"ID4",3.31167118193698e-08,1.14072370548843,2.23528191405263,0.134892019496972,0.999999999882318
"QPRT",3.26665730172123e-08,1.13552526036618,2.17492877083848,0.140276010665675,0.999999999882318
"CENPW",3.24431666570743e-08,1.13292196014629,2.14528186471025,0.143008769364644,0.999999999882318
"SOX4",3.23585128977512e-08,1.13193141632517,2.13410112858646,0.144054881506895,0.999999999882318
"CHST11",3.2266142559137e-08,1.13084799295176,2.12193454447613,0.145203034170109,0.999999999882318
"SOD3",3.18393167354513e-08,1.12580622630396,2.06616673452875,0.150599629840587,0.999999999882318
"ALDH1A2",3.17235231531595e-08,1.12442826258419,2.05116554600777,0.152089717538599,0.999999999882318
"SLC40A1",3.17205716731091e-08,1.12439308205126,2.05078389277611,0.152127844777578,0.999999999882318
"ERRFI1",3.15902039673834e-08,1.12283628703361,2.03396158620312,0.153819204389738,0.999999999882318
"DNAJB5",3.07619971144078e-08,1.11281298553325,1.92871003741681,0.16489964239395,0.999999999882318
"C1S",3.05287225451267e-08,1.10994724602466,1.89956933583769,0.168126531974763,0.999999999882318
"RPS29",3.02321137272835e-08,1.10627569270368,1.86283724183912,0.172297698726911,0.999999999882318
"TMEM200A",3.02272878970185e-08,1.10621569667844,1.86224257492804,0.172366197950431,0.999999999882318
"AP001347.1",3.01001859338406e-08,1.10463250948345,1.84661450718866,0.17417766116244,0.999999999882318
"CYP1B1",2.99877786511323e-08,1.10322748434818,1.83284812479459,0.175791509295619,0.999999999882318
"MLLT11",2.98969179753439e-08,1.10208841152066,1.8217581718639,0.177104139204521,0.999999999882318
"AC068672.2",2.9699123192391e-08,1.09959826347139,1.79773279933577,0.179986830224659,0.999999999882318
"INMT",2.93874445340844e-08,1.09564479970708,1.76019803312323,0.184599816661063,0.999999999882318
"GADD45B",2.93154478541948e-08,1.09472635616356,1.75158393417381,0.185677733632392,0.999999999882318
"SNAI2",2.91437263006082e-08,1.09252776445413,1.73112347521976,0.188267482967047,0.999999999882318
"GREM1",2.89252306446286e-08,1.08971388794944,1.70526370160496,0.191601035943574,0.999999999882318
"AC016831.5",2.88985650886339e-08,1.08936920730402,1.70212105804001,0.192010822442325,0.999999999882318
"CMYA5",2.88740491476581e-08,1.08905206740118,1.69923431269904,0.192388142755919,0.999999999882318
"RASD1",2.87857345756939e-08,1.0879076699673,1.6888556054052,0.19375189427328,0.999999999882318
"MFAP4",2.87194088459545e-08,1.08704618909643,1.68108192620642,0.194780751994024,0.999999999882318
"RPL36A",2.86109256274433e-08,1.08563338521559,1.6684058476051,0.19647219413645,0.999999999882318
"AKR1C2",2.84797894828111e-08,1.08391930358727,1.65314685787219,0.19853116753219,0.999999999882318
"STMN1",2.84094906740387e-08,1.08299758563673,1.64499575656531,0.199641406205558,0.999999999882318
"FAM20A",2.83983363175802e-08,1.08285115289284,1.6437042679488,0.199817984562827,0.999999999882318
"FABP5",2.83039068874802e-08,1.0816094794034,1.63279123426877,0.201317415926386,0.999999999882318
"LUM",2.82597532215176e-08,1.08102765055738,1.62770094857241,0.202021334772302,0.999999999882318
"FGFR2",2.81884348616083e-08,1.08008618268003,1.61949574727732,0.203162112753617,0.999999999882318
"MORN5",2.8083528960151e-08,1.07869753854101,1.60746396738909,0.20484865681634,0.999999999882318
"SNTB2",2.78595153678557e-08,1.07571702042393,1.58192176432838,0.208484095902703,0.999999999882318
"POSTN",2.755705915891e-08,1.07165941303726,1.54776001764688,0.213466427796903,0.999999999882318
"IRS2",2.73741924412605e-08,1.06918724305718,1.52728651963854,0.216520147010285,0.999999999882318
"MYZAP",2.7104929066266e-08,1.06552067958582,1.49738830417627,0.221073651669755,0.999999999882318
"PCOLCE",2.70289692394581e-08,1.06448057787417,1.48900739459775,0.222370532051909,0.999999999882318
"FN1",2.70110397479079e-08,1.06423470059214,1.48703260298998,0.222677439609282,0.999999999882318
"TMEM158",2.69502416954428e-08,1.06339987926518,1.48034593424738,0.223720405526197,0.999999999882318
"AC058791.1",2.68013537478951e-08,1.06134851966288,1.46403462622498,0.226289258976879,0.999999999882318
"IGF1",2.66022006965886e-08,1.05858898833755,1.44235783398638,0.229758172463961,0.999999999882318
"PRND",2.63923152912546e-08,1.05566113792694,1.41968785816962,0.233454786912892,0.999999999882318
"PCP4",2.62472813912711e-08,1.05362603910491,1.40412748654377,0.23603371553101,0.999999999882318
"LGALS2",2.62276414635091e-08,1.05334969888469,1.4020269531931,0.236384487266964,0.999999999882318
"ALDH1B1",2.59780498211267e-08,1.04982201921502,1.37546953965854,0.240874359466066,0.999999999882318
"TSPAN15",2.59476774896862e-08,1.04939072335428,1.37225514938487,0.24142479546894,0.999999999882318
"GEM",2.58968748853711e-08,1.04866832462932,1.36688697034662,0.242347466158899,0.999999999882318
"PRPS2",2.58461637649049e-08,1.04794599065471,1.3615389503517,0.243270946064374,0.999999999882318
"PAGE4",2.54518187216306e-08,1.04228624940216,1.32030883424978,0.250536632121525,0.999999999882318
"KMT2D",2.5362715593976e-08,1.04099681230334,1.31108059628299,0.252199100704968,0.999999999882318
"PI15",2.5327102285667e-08,1.04048033428673,1.30740124768474,0.252865713161916,0.999999999882318
"MTRNR2L1",2.52695287043356e-08,1.03964403601106,1.30146403328858,0.253945974181405,0.999999999882318
"DAPP1",2.48741554134363e-08,1.0338555459459,1.2610565824709,0.26145118867513,0.999999999882318
"RBM24",2.48466747377151e-08,1.03345023154767,1.25827172056207,0.261978483984296,0.999999999882318
"WIPF3",2.44003651611242e-08,1.02681212366616,1.21347417461329,0.270645160391335,0.999999999882318
"PCDHB9",2.42931761805589e-08,1.02520207602648,1.20283618926841,0.272755551460339,0.999999999882318
"GADD45A",2.38666717349683e-08,1.01873357796109,1.16097162690822,0.281264124690604,0.999999999882318
"TACR2",2.38615449910002e-08,1.01865521172599,1.16047290927524,0.281367484809181,0.999999999882318
"FILIP1L",2.37553416506557e-08,1.01702849320415,1.15016579575426,0.283514445456128,0.999999999882318
"PTGDS",2.36315338780321e-08,1.01512408495682,1.1382081998929,0.286031262480584,0.999999999882318
"SCRG1",2.34843526878372e-08,1.01284877082192,1.12407444470564,0.289042809163005,0.999999999882318
"TOB1",2.34804684173235e-08,1.0127885542325,1.12370263559537,0.289122575413654,0.999999999882318
"C1R",2.33558754803391e-08,1.01085239717696,1.11180900909556,0.291689047944076,0.999999999882318
"SLIT2",2.32031888808093e-08,1.00846732232141,1.09731985424813,0.294855037503844,0.999999999882318
"THBS1",2.30039770973323e-08,1.00533478409152,1.07855858384838,0.2990202345165,0.999999999882318
"DCN",2.29678681793533e-08,1.00476444725044,1.07517525433162,0.299779397365769,0.999999999882318
"KCNIP4",2.29523521663449e-08,1.00451913261811,1.07372306920341,0.300106004371428,0.999999999882318
"MAFF",2.29140148542296e-08,1.00391238176856,1.07013918566021,0.300914009179409,0.999999999882318
"AK6",2.24147656633583e-08,0.995928852890199,1.02401493840859,0.311568543901735,0.999999999882318
"DDR2",2.23957903368932e-08,0.995622362899467,1.0222819028424,0.311978346251989,0.999999999882318
"GREB1",2.2275568725097e-08,0.993675249826953,1.01133605017616,0.314582975393197,0.999999999882318
"RPS6KA2",2.21487381707297e-08,0.991611118362243,0.999852334325664,0.317346241271419,0.999999999882318
"C1orf61",2.21226084948405e-08,0.991184582490341,0.99749460121772,0.317917501402108,0.999999999882318
"LINC01788",2.19414675402277e-08,0.988215507518327,0.981226412318657,0.321896212177559,0.999999999882318
"AC004943.2",2.19414675358367e-08,0.988215507446095,0.981226411925921,0.321896212274399,0.999999999882318
"GALNT13",2.17234737302662e-08,0.984613845227128,0.96182582272206,0.326727291392181,0.999999999882318
"COL27A1",2.17168478774046e-08,0.984503880093046,0.961239181325673,0.32687486431094,0.999999999882318
"PODN",2.17131808627963e-08,0.984443008342174,0.960914587209439,0.326956555732305,0.999999999882318
"SFRP1",2.13497245598172e-08,0.978364659940794,0.929014386233836,0.335119167220848,0.999999999882318
"NSG1",2.12578930693263e-08,0.976814591073955,0.921039641850129,0.337202144265517,0.999999999882318
"NPAS4",2.121957816133e-08,0.976166124313621,0.917722497827807,0.338073681381657,0.999999999882318
"SPSB1",2.11860576328513e-08,0.975597961075243,0.914825338881102,0.338837347687504,0.999999999882318
"BASP1",2.11665609665802e-08,0.975267136801213,0.913142360599373,0.339282030488094,0.999999999882318
"TLE1",2.11240256373157e-08,0.974544461560827,0.909476031931459,0.34025348108705,0.999999999882318
"LINC01016",2.10446711837567e-08,0.97319282351304,0.902655796419483,0.342070591309876,0.999999999882318
"LEFTY2",2.087789508914e-08,0.970337561116392,0.888405642798204,0.345909729544304,0.999999999882318
"EFEMP1",2.07757274369789e-08,0.96857855630869,0.879731949192712,0.348275106864981,0.999999999882318
"RIPOR2",2.06843868582157e-08,0.966999547859399,0.872013462840331,0.350398499502682,0.999999999882318
"DUSP2",2.05864382054974e-08,0.965299520378904,0.863774367957843,0.352684612627506,0.999999999882318
"DKK3",2.05732229327115e-08,0.965069611060922,0.862665740044355,0.352993776901318,0.999999999882318
"STK33",2.04763237120764e-08,0.963379878159731,0.854558621273125,0.355265916510373,0.999999999882318
"VASN",2.04074329811673e-08,0.962174303420449,0.848818124541163,0.356886899718754,0.999999999882318
"TENT5B",2.03870285649529e-08,0.961816547330182,0.847121587815504,0.357367903961993,0.999999999882318
"SLC25A25",2.0375896460163e-08,0.961621233214949,0.846196718198919,0.357630499053846,0.999999999882318
"EGR4",2.03340809688298e-08,0.960886741420771,0.84272714581655,0.358617968834013,0.999999999882318
"MCAM",2.03003468091576e-08,0.960293236174056,0.839933303242903,0.359415846820855,0.999999999882318
"IER3",2.02454762398574e-08,0.959326021839225,0.835398865188335,0.360716022107883,0.999999999882318
"ARC",2.00340746117773e-08,0.955578059440442,0.818043616814744,0.365752787879303,0.999999999882318
"PAQR7",2.00018974701843e-08,0.955004559779389,0.815417973514749,0.366523257882788,0.999999999882318
"RRAD",1.99400062972782e-08,0.953899190502827,0.810379541990308,0.368008062785315,0.999999999882318
"C2orf40",1.98107738378014e-08,0.951581413632041,0.799909337772978,0.37112047741871,0.999999999882318
"COL4A6",1.96694450408824e-08,0.949031514832328,0.788537043209499,0.374542858374844,0.999999999882318
"MEG3",1.93413055169731e-08,0.943048808531513,0.762446643282171,0.382563934834324,0.999999999882318
"TAF9",1.9138827463063e-08,0.939312785291442,0.746566573420759,0.387565455865958,0.999999999882318
"LINC01579",1.90412495028666e-08,0.93749997731154,0.738973345757936,0.389989950658964,0.999999999882318
"MEST",1.89907257479814e-08,0.936558152449254,0.735056987728089,0.391248916862822,0.999999999882318
"RIOX2",1.89501289795757e-08,0.935799790911215,0.731917661409183,0.392262305163611,0.999999999882318
"METTL15",1.89283691017121e-08,0.935392724328047,0.730237747250909,0.392806136212859,0.999999999882318
"LINC00595",1.86972645678201e-08,0.931043979425441,0.712515035459808,0.398610143351721,0.999999999882318
"PDCD4",1.86586906610544e-08,0.93031355597218,0.70957812058312,0.399583901214175,0.999999999882318
"ZNF703",1.84297562785867e-08,0.925951170597342,0.692272484916472,0.40539249829136,0.999999999882318
"VWA1",1.83669711127421e-08,0.924746515312396,0.687563751241083,0.406994277402598,0.999999999882318
"C10orf95",1.82067928346021e-08,0.921656803901173,0.675623563241079,0.411097820329971,0.999999999882318
"LINC00685",1.81587097197484e-08,0.920724683343098,0.672059707846822,0.412334419567815,0.999999999882318
"CABYR",1.80718763205535e-08,0.919035886508492,0.665647611376283,0.414573175875277,0.999999999882318
"PTN",1.79411204605825e-08,0.916479427781534,0.656050107193778,0.417957877091499,0.999999999882318
"HOMER1",1.78783973954477e-08,0.915247321563433,0.651470956925624,0.419587264542473,0.999999999882318
"CCNG2",1.78459321754417e-08,0.914608103775377,0.649107104697077,0.420432093884711,0.999999999882318
"AHNAK2",1.77707282831637e-08,0.913123478655912,0.643647874577717,0.422392927695623,0.999999999882318
"PNCK",1.77585766868656e-08,0.912883074884337,0.642767924708216,0.422710265294441,0.999999999882318
"ZSWIM6",1.77046039912458e-08,0.911813553921315,0.638866801378654,0.424121442897724,0.999999999882318
"PLTP",1.74790595899497e-08,0.90731311349953,0.622693041284244,0.430048292023827,0.999999999882318
"NRSN2-AS1",1.7250822712311e-08,0.902706988581232,0.606537295329434,0.436094566483884,0.999999999882318
"MDK",1.71297671068249e-08,0.900242269397207,0.598054556152415,0.439321265205178,0.999999999882318
"DUSP14",1.70314026328718e-08,0.898228312308695,0.591205844314618,0.441953204674715,0.999999999882318
"LINC01139",1.69282892263336e-08,0.896106181457014,0.584068826805617,0.444721875523987,0.999999999882318
"HOXD10",1.68480687174397e-08,0.894447372305371,0.578546321807898,0.446882681111318,0.999999999882318
"ODC1",1.68374056715241e-08,0.894226361149149,0.577814236259817,0.447170348110155,0.999999999882318
"TUBA3E",1.68260498810339e-08,0.893990857062695,0.577035099038651,0.447476819695503,0.999999999882318
"PRLHR",1.67656342173513e-08,0.892735575919319,0.572898730610197,0.449109331847982,0.999999999882318
"CCDC71L",1.67331684752828e-08,0.892059388100234,0.570682104190129,0.449987993610283,0.999999999882318
"MAP2K3",1.67182510354981e-08,0.891748307152094,0.569665043821393,0.450392049741133,0.999999999882318
"AMOTL2",1.66051246868241e-08,0.889381299162497,0.56198169330715,0.453462888420848,0.999999999882318
"MANF",1.64773417617922e-08,0.886690614188183,0.553365635732147,0.456945748862323,0.999999999882318
"KLF15",1.64013645728998e-08,0.885082129775017,0.548274252023625,0.459023692375968,0.999999999882318
"PSME4",1.6291041333151e-08,0.882734887386834,0.540923161416523,0.46205039007938,0.999999999882318
"FOXP2",1.6159398586534e-08,0.879915804520405,0.532216424737188,0.465676516245783,0.999999999882318
"MAPK6",1.61437005355472e-08,0.879578298252183,0.531182883493697,0.466109974871926,0.999999999882318
"PTGER2",1.61308179752406e-08,0.879301110385696,0.530335461282902,0.466465858750054,0.999999999882318
"GREM2",1.60096238827192e-08,0.876683921598793,0.52239636295882,0.469821248077823,0.999999999882318
"MYH10",1.59884462766092e-08,0.876224814813653,0.521015220300422,0.47040893894214,0.999999999882318
"KCNQ1OT1",1.59758467546484e-08,0.875951419094446,0.520194383048555,0.470758775499835,0.999999999882318
"PRSS58",1.59699587894064e-08,0.875823592142047,0.519811014069906,0.470922309136335,0.999999999882318
"PKP3",1.59699587760164e-08,0.875823591851306,0.519811013198241,0.470922309508265,0.999999999882318
"AC131097.2",1.59699587751491e-08,0.875823591832474,0.519811013141779,0.470922309532356,0.999999999882318
"SOX11",1.58675381790561e-08,0.873593439035527,0.513164955524589,0.473771971437262,0.999999999882318
"ITPKB",1.58557717086623e-08,0.873336425539578,0.512404169394283,0.474099957561611,0.999999999882318
"HBA1",1.58170807654717e-08,0.87249012752347,0.509906503283094,0.475179332895543,0.999999999882318
"NDC80",1.56904493832797e-08,0.869707575795427,0.501774573981979,0.478721425870715,0.999999999882318
"MSLN",1.56161732706209e-08,0.868066315120234,0.497035174995073,0.48080574535788,0.999999999882318
"ADAM17",1.5493814108862e-08,0.865347640009231,0.4892767384132,0.484250112353896,0.999999999882318
"CLEC11A",1.5465860827138e-08,0.86472391949755,0.487512866356752,0.485038860395845,0.999999999882318
"ATP6V1FNB",1.52652183837769e-08,0.860217852735664,0.474945666944034,0.490720685863606,0.999999999882318
"NFIL3",1.52642076405814e-08,0.860195022565731,0.474882774662181,0.490749398529559,0.999999999882318
"NR4A3",1.52501841996994e-08,0.859878131591014,0.474010612596569,0.491147862281693,0.999999999882318
"ROR2",1.52015963898191e-08,0.858778208292233,0.470994983660299,0.492529785343588,0.999999999882318
"RORB",1.51107061654902e-08,0.856712374789922,0.465379670403518,0.495120450868092,0.999999999882318
"KPNA2",1.5094709968497e-08,0.856347675879706,0.464394889873542,0.495577146419858,0.999999999882318
"OGN",1.50478073131304e-08,0.855276387168901,0.461513415007236,0.496917524812998,0.999999999882318
"TIMP1",1.50284141059816e-08,0.854832580183131,0.460324609532935,0.497472305563131,0.999999999882318
"RUSC1-AS1",1.49432477609248e-08,0.852877632656601,0.455122054048733,0.499912555517522,0.999999999882318
"SLF2",1.49323822286552e-08,0.852627520314315,0.454460438101783,0.500224339181964,0.999999999882318
"LBH",1.49090927329414e-08,0.852090886063679,0.453043932630367,0.500892972638328,0.999999999882318
"NAPG",1.47407967716278e-08,0.848191105693111,0.442873611647018,0.505738736475542,0.999999999882318
"HSPB3",1.46871522093656e-08,0.846939866728418,0.439656074373179,0.507288500326218,0.999999999882318
"CTNNB1",1.45827819605913e-08,0.844493983490378,0.433429683930734,0.510310835465376,0.999999999882318
"ARL4D",1.44048210013104e-08,0.840288022683021,0.422915515525795,0.51548583220302,0.999999999882318
"PRRC2B",1.43930689831125e-08,0.84000867796678,0.422225734871322,0.515828530090261,0.999999999882318
"MEG8",1.4390503255591e-08,0.83994766428173,0.422075215252078,0.515903364394823,0.999999999882318
"CRIP1",1.43342206836711e-08,0.838606852442359,0.418780122187703,0.517546367991716,0.999999999882318
"CLDN11",1.43309423872552e-08,0.838528612338661,0.418588590550006,0.517642151573174,0.999999999882318
"BEX1",1.42889339915229e-08,0.837524649574037,0.416138163733944,0.518870342692271,0.999999999882318
"RBBP6",1.42284382915451e-08,0.836074315648023,0.412621977268794,0.520641684396737,0.999999999882318
"VSIG10L2",1.4145030858678e-08,0.834065830133083,0.407798557265046,0.523088990819476,0.999999999882318
"SIDT2",1.41137607318353e-08,0.833310164400621,0.405997526564633,0.524008025599717,0.999999999882318
"AC027288.3",1.40532955982314e-08,0.831844820631634,0.402526288770872,0.52578745182883,0.999999999882318
"MMP7",1.40199781548086e-08,0.831035032299138,0.400619938870579,0.526769268219971,0.999999999882318
"ID2",1.39956552393254e-08,0.830442795441253,0.399231093284508,0.52748661964507,0.999999999882318
"HSPA8",1.39208026937771e-08,0.828614556228623,0.394972121386995,0.529697353977642,0.999999999882318
"GATA6",1.38831909242301e-08,0.827692660942694,0.392840702385929,0.530809974856817,0.999999999882318
"NNMT",1.38686430976893e-08,0.827335496354244,0.392017839091648,0.531240642460794,0.999999999882318
"CLDN10",1.38175972261692e-08,0.826079670680282,0.389137374812439,0.532753182945354,0.999999999882318
"NUDT4",1.35376610131752e-08,0.819119751196771,0.373529715070355,0.541086529502555,0.999999999882318
"AL139393.2",1.35181237152905e-08,0.818629323493797,0.3724523509217,0.541670551980525,0.999999999882318
"NEFM",1.34682957220516e-08,0.817375724918607,0.369711682161715,0.543161468005123,0.999999999882318
"TIMP3",1.34636246371326e-08,0.817257999655964,0.369455279239374,0.543301337412956,0.999999999882318
"HSPA2",1.3458757831552e-08,0.817135303676291,0.369188227523016,0.543447086487023,0.999999999882318
"LINC01088",1.34401714549762e-08,0.816666369507995,0.368169242943531,0.544003882602623,0.999999999882318
"ASXL1",1.34018190328252e-08,0.815696944245421,0.366071050098805,0.545153710399128,0.999999999882318
"TSKU",1.33914090722258e-08,0.815433395789965,0.365502574256655,0.545466015086715,0.999999999882318
"SPOCK1",1.33830188475682e-08,0.815220850558478,0.365044715339994,0.545717791148653,0.999999999882318
"CTR9",1.32784182553256e-08,0.812561235833958,0.359360695502255,0.548861503369035,0.999999999882318
"LINC00513",1.32667130043554e-08,0.812262475649746,0.358727404243711,0.549213853406163,0.999999999882318
"ZDHHC14",1.31760209945188e-08,0.809939850084277,0.353839606020614,0.551947628394846,0.999999999882318
"DNAJB1",1.31496830550898e-08,0.80926271690975,0.352426418883758,0.552742796588455,0.999999999882318
"PCSK1N",1.30619152812506e-08,0.80699767029121,0.34773756743542,0.555396640748165,0.999999999882318
"DNAJA1",1.29998189450357e-08,0.805387085858295,0.344439138171331,0.557278006284996,0.999999999882318
"EMID1",1.29892492283884e-08,0.805112271212394,0.343879262057139,0.557598551382112,0.999999999882318
"GNA14",1.29591605523159e-08,0.804328888564368,0.34228796333856,0.558511533984692,0.999999999882318
"MASP1",1.29400515806961e-08,0.803830545599336,0.341279263956606,0.559091735666019,0.999999999882318
"ABCD1",1.29031173662194e-08,0.802865512544796,0.339333847792509,0.560213990176566,0.999999999882318
"PMEPA1",1.28978575724232e-08,0.802727886081961,0.339057253813574,0.56037389897045,0.999999999882318
"PCAT19",1.28880954518364e-08,0.802472322810796,0.338544197257482,0.5606707465678,0.999999999882318
"SAMD4A",1.27152720309027e-08,0.797919726821386,0.329525629477745,0.565938548211793,0.999999999882318
"MPRIP-AS1",1.2654164726737e-08,0.796297063505658,0.326365958679711,0.567806819439888,0.999999999882318
"SIK1B",1.25437978869362e-08,0.793348914748445,0.320697801027958,0.571188593595431,0.999999999882318
"LDB2",1.25364566336257e-08,0.793152010202096,0.320322534321481,0.571413878099556,0.999999999882318
"CITED4",1.2451336776009e-08,0.790861567087375,0.315987458661,0.574029072833086,0.999999999882318
"KHDRBS3",1.24048674977159e-08,0.789605370914599,0.313633284311438,0.575459167914829,0.999999999882318
"HIC1",1.24004111021782e-08,0.789484685935867,0.313407981958997,0.575596402191197,0.999999999882318
"C1QTNF4",1.23670993522813e-08,0.788581358012902,0.311726401357917,0.576622723729968,0.999999999882318
"C12orf75",1.2341738676265e-08,0.787892215816534,0.310449224516779,0.577404653998903,0.999999999882318
"CITED1",1.2224990993021e-08,0.784703705161414,0.304603565155508,0.581010688916134,0.999999999882318
"ADGRB2",1.21828612196098e-08,0.783546557486459,0.302507732635307,0.582314552053623,0.999999999882318
"LMCD1",1.21625288603296e-08,0.782986851902933,0.301498845929712,0.582944301267499,0.999999999882318
"CYBA",1.21585404093761e-08,0.782876962613432,0.301301137672887,0.583067871847544,0.999999999882318
"NEDD4L",1.21344477611443e-08,0.78221249440348,0.30010823952344,0.58381457227544,0.999999999882318
"ARID3A",1.21001188261503e-08,0.781263717916035,0.298412600222567,0.584879293374679,0.999999999882318
"BGN",1.19295033016301e-08,0.776513090297618,0.290056505131008,0.590184322739083,0.999999999882318
"GPX3",1.19044248032154e-08,0.775809805011376,0.288838258999939,0.590965964738167,0.999999999882318
"MSANTD3",1.18123374368904e-08,0.773216210986044,0.284386892646938,0.593840202178326,0.999999999882318
"VIM",1.17826899089663e-08,0.772377442962904,0.28296113122888,0.59476692217976,0.999999999882318
"COTL1",1.17815754673119e-08,0.772345877973539,0.282907607159149,0.59480177018501,0.999999999882318
"LAMB1",1.17422955879974e-08,0.771231660609082,0.281024318802421,0.59603062662116,0.999999999882318
"PTPRR",1.17179883666686e-08,0.770540526779716,0.279862050306025,0.596791648085582,0.999999999882318
"RPS28",1.16785172828183e-08,0.76941556116345,0.277979840909002,0.598028367771541,0.999999999882318
"OSGIN2",1.16662443286315e-08,0.769065092426532,0.277395889859965,0.598413144658474,0.999999999882318
"PLAC9",1.16343653300579e-08,0.768153242236449,0.275881945755071,0.599413127118927,0.999999999882318
"GAL3ST3",1.1597576185411e-08,0.76709822707336,0.274139966082976,0.600568071149502,0.999999999882318
"CMC1",1.151335163181e-08,0.764671834541121,0.270172675737042,0.60321596348702,0.999999999882318
"BAG3",1.15101875945247e-08,0.764580381080342,0.270024201342085,0.603315538292679,0.999999999882318
"THBS2",1.1472513569114e-08,0.763489758049462,0.268259460312662,0.604501737812485,0.999999999882318
"WFDC1",1.14619586961127e-08,0.763183644460952,0.267766082460694,0.604834254765579,0.999999999882318
"SEL1L2",1.1379292637219e-08,0.760777597407468,0.263917639871404,0.607441368528298,0.999999999882318
"HERPUD1",1.13630985383113e-08,0.760304469731409,0.263167001434116,0.607952683284404,0.999999999882318
"CCDC171",1.13412531873189e-08,0.759665300345586,0.26215610650155,0.608642735317499,0.999999999882318
"HPGD",1.12716243808004e-08,0.757620838336762,0.258947010798583,0.61084449699302,0.999999999882318
"THBD",1.12296929698694e-08,0.756384304971773,0.257023984128868,0.61217212922689,0.999999999882318
"GPLD1",1.12054439649963e-08,0.755667373099486,0.255915165453667,0.612940483151482,0.999999999882318
"TM4SF18",1.12032251770666e-08,0.755601706031602,0.255813828056453,0.61301080892703,0.999999999882318
"FRZB",1.11950037658899e-08,0.755358286695776,0.255438511316772,0.613271422398936,0.999999999882318
"PDGFRL",1.11813909884262e-08,0.754954896239899,0.254817678384081,0.613703046218035,0.999999999882318
"FBLN1",1.10795611567509e-08,0.751923662767739,0.250197522292668,0.616936030277691,0.999999999882318
"TM4SF1",1.10380538136097e-08,0.750681098565473,0.248326404557062,0.618255980444918,0.999999999882318
"CMSS1",1.10266162979112e-08,0.750337987443772,0.247812044745735,0.618619914897624,0.999999999882318
"C11orf96",1.10063225960239e-08,0.749728435646265,0.246900723295097,0.619265877772746,0.999999999882318
"KRT13",1.09626920937124e-08,0.74841459522756,0.244947109655613,0.620655662950134,0.999999999882318
"RAMP2",1.09085506433242e-08,0.746777871617111,0.242533643389348,0.622382143073931,0.999999999882318
"STC1",1.07326018729042e-08,0.741409376349245,0.234772878828052,0.628007173809113,0.999999999882318
"TNXB",1.07289832173503e-08,0.741298160176634,0.234614591216025,0.628123089747407,0.999999999882318
"ING1",1.0715872101693e-08,0.74089492691685,0.23404153047705,0.62854315327529,0.999999999882318
"SELPLG",1.06653796377526e-08,0.739337989446709,0.231841151042049,0.630161990600324,0.999999999882318
"EPPK1",1.06481141181182e-08,0.738804128323866,0.231091132178705,0.630715948103246,0.999999999882318
"HES6",1.0583409916811e-08,0.736796679174554,0.228291174049548,0.632793802107617,0.999999999882318
"SPOCK3",1.05013619072572e-08,0.734235658084496,0.224765234666771,0.635432791427994,0.999999999882318
"INSR",1.03901155917093e-08,0.730735178214817,0.220028351445966,0.639018316843272,0.999999999882318
"SUPT5H",1.02873833486405e-08,0.727473391920887,0.215698802394045,0.642336941717439,0.999999999882318
"PLBD1",1.02602484072678e-08,0.726607096489332,0.214562409398992,0.643214695955305,0.999999999882318
"TNFAIP8",1.02478970839066e-08,0.726212111596749,0.214046138354325,0.643614398512897,0.999999999882318
"ADIRF",1.01920244267649e-08,0.72442013719264,0.211718495009691,0.645423786811673,0.999999999882318
"GPR37",1.01390293944131e-08,0.72271250488497,0.209522491963894,0.647141927553497,0.999999999882318
"DDAH1",1.00440282644031e-08,0.7196317117843,0.205614500391432,0.650226646382671,0.999999999882318
"IER5L",1.00141330854584e-08,0.718656972698796,0.204392334485427,0.651198597242417,0.999999999882318
"SULF1",9.98842563914234e-09,0.717816739945975,0.203344283578463,0.652034871166391,0.999999999882318
"C2CD4B",9.92549927189569e-09,0.71575202667991,0.20079024523938,0.654083737554788,0.999999999882318
"LMO2",9.85819358580543e-09,0.713530921428392,0.198076325479492,0.656278081699829,0.999999999882318
"BHLHE40",9.82171732233826e-09,0.712321652499907,0.196613234413347,0.657468546564045,0.999999999882318
"UAP1",9.76897735667699e-09,0.710566247816136,0.194507383771986,0.659191341914849,0.999999999882318
"GDF10",9.71619070890536e-09,0.708800977036364,0.192411022512226,0.660917474618437,0.999999999882318
"FAM213A",9.68898432917636e-09,0.707887876445702,0.191334987986528,0.661807833563479,0.999999999882318
"HES1",9.64607820233685e-09,0.706443297613697,0.189644146949351,0.663212956042815,0.999999999882318
"S100A4",9.57171770839192e-09,0.703926350040232,0.186731527606436,0.665650975949021,0.999999999882318
"BICDL2",9.5698043209221e-09,0.703861360669549,0.186656879760585,0.665713756019565,0.999999999882318
"SNX10",9.51690520039911e-09,0.702060097817626,0.184599012289638,0.667450353176494,0.999999999882318
"IFI27",9.4711493648585e-09,0.70049499943234,0.182828231312398,0.668953885459922,0.999999999882318
"BMS1P14",9.43603159223607e-09,0.69928929258378,0.181474938953006,0.670108753472336,0.999999999882318
"ELK3",9.35717438550347e-09,0.696567515555961,0.178454429844355,0.67270485731201,0.999999999882318
"PCDH17",9.33476164722315e-09,0.695790276206422,0.177600569012028,0.673443434321137,0.999999999882318
"ASS1",9.26705214364151e-09,0.693432268907052,0.175033468881018,0.675676606703292,0.999999999882318
"HSP90AA1",9.18128178109378e-09,0.690423574526617,0.171808449838767,0.678509557015534,0.999999999882318
"RHOF",9.18008359739856e-09,0.690381370390232,0.171763609770535,0.678549164708604,0.999999999882318
"CCDC141",9.14876916360631e-09,0.689276658232439,0.170593793298236,0.679584623128541,0.999999999882318
"YPEL2",9.12846120294276e-09,0.688558465362438,0.169837283450567,0.680256459507748,0.999999999882318
"GRASP",8.93145744745351e-09,0.681517979009798,0.162585777938597,0.686786926449207,0.999999999882318
"TNFRSF12A",8.88879804643325e-09,0.679975569904019,0.161036367184213,0.688204145804933,0.999999999882318
"PTP4A3",8.88823235197095e-09,0.679955073023943,0.161015870716211,0.6882229465281,0.999999999882318
"NTNG1",8.87339959027471e-09,0.679417228419785,0.160478909680863,0.688715978620634,0.999999999882318
"EFNB3",8.87113346298909e-09,0.679334988145629,0.160396952547063,0.688791314983814,0.999999999882318
"AL031280.1",8.85750594932121e-09,0.678840043046843,0.159904539082671,0.689244420503987,0.999999999882318
"CBX4",8.82421975488057e-09,0.677628300060547,0.158704966084731,0.690351632165435,0.999999999882318
"ASPG",8.81296394821116e-09,0.677217642452769,0.158300349434875,0.690726188567851,0.999999999882318
"ZNF544",8.75595881441494e-09,0.675130797842523,0.156259095714025,0.692624294186703,0.999999999882318
"AC026691.1",8.75561963391107e-09,0.675118345629646,0.156246989898224,0.692635593706012,0.999999999882318
"EFHD2",8.67037897307775e-09,0.671975488997173,0.153219502323502,0.695477478659419,0.999999999882318
"COL18A1",8.65856911719546e-09,0.671537927461692,0.152802388401885,0.695871552593078,0.999999999882318
"SOCS3",8.65846669191147e-09,0.671534130268966,0.15279877331601,0.695874970702464,0.999999999882318
"FIBIN",8.61844450918851e-09,0.670047382629567,0.151389469077778,0.697211052611345,0.999999999882318
"HEXIM1",8.61597212631957e-09,0.669955340597314,0.151302623001877,0.697293620343192,0.999999999882318
"PEG10",8.6047128686339e-09,0.66953588809942,0.150907440171126,0.69766967998914,0.999999999882318
"BCHE",8.58905718219668e-09,0.668951853174914,0.150358808196383,0.698192703933078,0.999999999882318
"TRIB1",8.5217427362408e-09,0.66643004208195,0.148011249417503,0.700443170275537,0.999999999882318
"KIF1B",8.51310960389136e-09,0.66610535938736,0.147711509448017,0.700731985258084,0.999999999882318
"PVALB",8.50339005082517e-09,0.665739473090085,0.14737441281792,0.701057197406547,0.999999999882318
"CRISPLD2",8.48185736578988e-09,0.664927585602345,0.146628980956033,0.701777867029504,0.999999999882318
"FBN2",8.46368377208517e-09,0.664240949463775,0.14600130695047,0.702386321260834,0.999999999882318
"H2AFX",8.40431111457618e-09,0.661988710831433,0.143960096254059,0.704375453299436,0.999999999882318
"SERPINE2",8.39884303459591e-09,0.66178058642991,0.143772828260964,0.70455874958322,0.999999999882318
"NUFIP2",8.38978612165965e-09,0.661435604327809,0.14346291988407,0.704862385385689,0.999999999882318
"SIPA1L2",8.36469195809418e-09,0.660478052869288,0.142605997446427,0.70570392049726,0.999999999882318
"KLF5",8.20910169162305e-09,0.654484324545237,0.137350156204087,0.710929656750693,0.999999999882318
"AC124798.1",8.19583920979535e-09,0.653968840290698,0.136906713658668,0.711375730595145,0.999999999882318
"FLT1",8.13402799560849e-09,0.651556712736875,0.134849460137787,0.713456006930766,0.999999999882318
"HSPH1",8.09610425458521e-09,0.650068831935485,0.133594958833135,0.714733399271035,0.999999999882318
"HOPX",7.92512628799305e-09,0.643284196008723,0.128011878148557,0.720502363531622,0.999999999882318
"LMO4",7.90840115255432e-09,0.642613670462104,0.127472137397711,0.721067547514337,0.999999999882318
"DUSP6",7.87638138176529e-09,0.641326504806556,0.12644200105714,0.722150000210679,0.999999999882318
"CDKN1C",7.85157763140481e-09,0.640326269743559,0.125646890340666,0.722988892497004,0.999999999882318
"GAD1",7.79009661732943e-09,0.63783503253841,0.123686862926279,0.725069687301549,0.999999999882318
"AC010809.2",7.7900965190459e-09,0.637835028542206,0.123686859805296,0.725069690629535,0.999999999882318
"RNFT2",7.79009649741646e-09,0.637835027662754,0.123686859118455,0.725069691361931,0.999999999882318
"RASSF3",7.77723504923942e-09,0.637311704111052,0.123278782291557,0.725505238270971,0.999999999882318
"CADPS2",7.77588276046183e-09,0.637256636472985,0.123235915123651,0.72555103805769,0.999999999882318
"PARM1",7.77568473061059e-09,0.637248571637778,0.123229638259677,0.725557745083977,0.999999999882318
"CD93",7.75250200793798e-09,0.636303204392435,0.122495930568672,0.72634306058893,0.999999999882318
"IRF2BPL",7.72549093454878e-09,0.63519859989905,0.121643823096501,0.727258424461497,0.999999999882318
"NAMPT",7.68518304709578e-09,0.633543936337807,0.12037777688901,0.728625120727081,0.999999999882318
"HNRNPH1",7.67012363665958e-09,0.632923791797827,0.119906469388594,0.729135953158644,0.999999999882318
"ANKRD28",7.6406199128255e-09,0.631705741760661,0.118985784525613,0.730137101679589,0.999999999882318
"TWIST1",7.60631970101297e-09,0.630284492943732,0.117919882300869,0.731301587467787,0.999999999882318
"NEK10",7.60511656928868e-09,0.630234538899484,0.117882581231105,0.731342444823541,0.999999999882318
"YWHAG",7.57370624453435e-09,0.628927931919126,0.116910844980279,0.732409382707697,0.999999999882318
"SPOCD1",7.56410586322762e-09,0.628527630292119,0.116614641962061,0.732735589340201,0.999999999882318
"SLC41A2",7.55723030467304e-09,0.628240671109829,0.11640273948184,0.732969240237228,0.999999999882318
"NTRK3",7.51888656297248e-09,0.626636155310191,0.115224531739579,0.734272722117533,0.999999999882318
"NTRK2",7.5045279340486e-09,0.626033469663726,0.11478486915551,0.734761035964259,0.999999999882318
"AC090510.1",7.46873786750074e-09,0.624526828193869,0.113692632049458,0.735978664958577,0.999999999882318
"IFIT1",7.43541575772531e-09,0.623118397054757,0.112680405566324,0.737112927113085,0.999999999882318
"BAIAP2",7.42706434571419e-09,0.622764542214039,0.112427423880366,0.737397293426637,0.999999999882318
"EMCN",7.41634380884125e-09,0.622309795978936,0.112103093186682,0.737762381341717,0.999999999882318
"ZNF277",7.37576533797701e-09,0.62058331031068,0.1108797067354,0.739144816468332,0.999999999882318
"SCG2",7.36316464561621e-09,0.620045501675978,0.110501178525556,0.739574271110408,0.999999999882318
"CEMIP",7.35485319459399e-09,0.619690321252466,0.110251854539522,0.739857585024497,0.999999999882318
"TSPAN13",7.33577895110487e-09,0.618873877105537,0.109680736743691,0.740507905574114,0.999999999882318
"DNAJC18",7.29724887169849e-09,0.617218980892136,0.10853159926594,0.741822122090575,0.999999999882318
"GLB1L2",7.2904522731501e-09,0.61692626986304,0.108329522509517,0.742054024483277,0.999999999882318
"CCDC3",7.2843708528435e-09,0.61666415740093,0.108148869084635,0.742261544591302,0.999999999882318
"ECSCR",7.25804008774298e-09,0.615527076334859,0.107368432215513,0.743160261770986,0.999999999882318
"ERICH1",7.25425043518228e-09,0.615363125420635,0.107256340569742,0.743289638394426,0.999999999882318
"GLA",7.23479008371924e-09,0.614520035604185,0.106681657777826,0.743954118053098,0.999999999882318
"CALCRL",7.23115555613192e-09,0.61436235570067,0.10657449778277,0.74407824125852,0.999999999882318
"WISP2",7.20576992694452e-09,0.613259093384415,0.105827532300503,0.744945374288627,0.999999999882318
"PALMD",7.19528931658683e-09,0.612802614018912,0.105519909232761,0.74530346976239,0.999999999882318
"SLIT3",7.18834035825083e-09,0.612499634091876,0.105316192788464,0.74554092812966,0.999999999882318
"OMD",7.18218852893359e-09,0.612231195935068,0.105136009331087,0.745751167345283,0.999999999882318
"NOTCH3",7.17102571249501e-09,0.611743587341588,0.104809450947958,0.746132705749496,0.999999999882318
"ANKRD16",7.16954386199196e-09,0.611678808022493,0.104766138903995,0.746183359197841,0.999999999882318
"SLC15A4",7.13344727858666e-09,0.610097215349714,0.103713860025282,0.747417571226669,0.999999999882318
"KLHL21",7.11965601667003e-09,0.609491096265805,0.103313222775909,0.747889292373827,0.999999999882318
"DNAJB9",7.11851826781307e-09,0.609441046969722,0.103280205700699,0.74792821255168,0.999999999882318
"PDK4",7.0748647503799e-09,0.607515439673322,0.102017381045583,0.749421998925312,0.999999999882318
"NEFH",7.07421682931847e-09,0.607486781012655,0.101998696255007,0.74944417733175,0.999999999882318
"MID1IP1",7.06512131727005e-09,0.607084228602034,0.101736579899499,0.749755539532372,0.999999999882318
"CLCF1",7.06422209099815e-09,0.60704440572953,0.101710684128021,0.749786324520154,0.999999999882318
"LINC00865",7.04517057363066e-09,0.606199652919551,0.101162816326436,0.750438646321517,0.999999999882318
"LUCAT1",6.95813557674178e-09,0.602314906428583,0.0986787545716171,0.753420978309151,0.999999999882318
"AL078604.2",6.91503068404063e-09,0.600375202475296,0.0974599332419344,0.754899372438836,0.999999999882318
"GPRC5A",6.87583157887036e-09,0.598602062227497,0.0963581264109971,0.756244587584172,0.999999999882318
"AC006254.1",6.87181221313911e-09,0.598419750446427,0.0962455042950165,0.756382563999582,0.999999999882318
"ADAMTS5",6.86829627792859e-09,0.598260197015718,0.0961470422363307,0.756503265067868,0.999999999882318
"STRIP2",6.85731995374744e-09,0.597761630873932,0.0958399798196879,0.756880117405207,0.999999999882318
"FOSL1",6.84336046322824e-09,0.597126555044937,0.0954501728583827,0.757359474901599,0.999999999882318
"SOX7",6.83763159223689e-09,0.596865596976118,0.0952904288713849,0.757556226673418,0.999999999882318
"ACSM3",6.83171126139197e-09,0.596595716816091,0.0951254867787925,0.757759570428415,0.999999999882318
"LINC00598",6.82808404383049e-09,0.596430267968537,0.0950245020546783,0.757884161619729,0.999999999882318
"ULBP1",6.82755504256429e-09,0.596406132133065,0.0950097787049534,0.75790233279454,0.999999999882318
"FLT4",6.79563605877581e-09,0.594946786368894,0.0941235092301498,0.758998995952609,0.999999999882318
"SERTM2",6.73547540123579e-09,0.592179861920849,0.0924643657976515,0.761067295025837,0.999999999882318
"BTG1",6.67653066726189e-09,0.589447834055113,0.0908530649344906,0.763095448648661,0.999999999882318
"SKI",6.66973035803546e-09,0.589131291959499,0.0906680843435351,0.763329536708147,0.999999999882318
"C7",6.66086959039391e-09,0.588718415819098,0.0904273384267179,0.763634584701965,0.999999999882318
"CEMIP2",6.63713696975832e-09,0.587610202101227,0.0897841027468301,0.764451803855133,0.999999999882318
"TFAP2C",6.62954964917937e-09,0.587255175552883,0.0895789445887872,0.764713124275396,0.999999999882318
"CFAP43",6.62954963405461e-09,0.58725517484481,0.0895789441800535,0.764713124796346,0.999999999882318
"HRK",6.62954963356612e-09,0.587255174821941,0.0895789441668526,0.764713124813171,0.999999999882318
"BCL2L10",6.62954961161154e-09,0.587255173794127,0.0895789435735487,0.764713125569364,0.999999999882318
"CENPE",6.62954958201212e-09,0.587255172408416,0.0895789427736499,0.764713126588871,0.999999999882318
"C3",6.61650507318036e-09,0.586643961806352,0.0892267729334319,0.765162464606594,0.999999999882318
"SORBS2",6.57117245954044e-09,0.584511646238189,0.0880082969751511,0.766724629482246,0.999999999882318
"ICAM1",6.51565254963268e-09,0.581882566727172,0.0865274133379967,0.768639141164625,0.999999999882318
"S100A10",6.50978265305211e-09,0.581603461606363,0.0863715799262999,0.768841637508979,0.999999999882318
"PITPNC1",6.49050040038952e-09,0.580685067853526,0.0858606651490584,0.769506936590997,0.999999999882318
"EBF3",6.45917308931143e-09,0.579187884334937,0.0850338282977996,0.770588190189766,0.999999999882318
"OTUD1",6.42792916937101e-09,0.57768835257251,0.0842131769682968,0.771667009809241,0.999999999882318
"HSPA1B",6.4229498927777e-09,0.577448787234063,0.0840827591368728,0.771838979836086,0.999999999882318
"HHEX",6.41632355332323e-09,0.577129725792953,0.0839093579702418,0.772067852105483,0.999999999882318
"RARRES1",6.41387210320637e-09,0.577011614315381,0.0838452526275409,0.772152529666453,0.999999999882318
"MT1E",6.40283614243116e-09,0.576479409937388,0.0835569659765458,0.772533765484869,0.999999999882318
"INHBA",6.39019583831823e-09,0.575868851022195,0.0832273798709544,0.772970490591454,0.999999999882318
"AC009093.6",6.34563442819739e-09,0.573707968939232,0.0820706709784449,0.774510669156004,0.999999999882318
"KDELR3",6.33748979181434e-09,0.573311584769181,0.0818601303899617,0.774792268830992,0.999999999882318
"TUBB2B",6.33582297826135e-09,0.573230409211443,0.0818170762356848,0.774849902331874,0.999999999882318
"C15orf48",6.31672621627492e-09,0.572299042817979,0.0813246109112025,0.775510300537206,0.999999999882318
"PAMR1",6.28622444931134e-09,0.570806327795523,0.0805411179099329,0.7765654396609,0.999999999882318
"AC068491.3",6.22432277612139e-09,0.567757384553034,0.0789627196946262,0.778708052868016,0.999999999882318
"LRRC8A",6.20366792465054e-09,0.566734140617976,0.0784395279503438,0.779423358067405,0.999999999882318
"WTAP",6.18594618535743e-09,0.565853827657232,0.0779920187074258,0.780037234601877,0.999999999882318
"TGFBR1",6.17948862031421e-09,0.565532505469098,0.0778292705547046,0.780260957128624,0.999999999882318
"NOTCH1",6.17515898470241e-09,0.565316902627782,0.077720247186296,0.78041096767018,0.999999999882318
"TMEM176A",6.1633487588399e-09,0.564728116526397,0.0774232456281523,0.780820202630726,0.999999999882318
"USP2",6.12393007676279e-09,0.562755777439295,0.0764360671005747,0.782186534383219,0.999999999882318
"ABHD17C",6.09082122190913e-09,0.561090563274719,0.0756118024496785,0.783334674418462,0.999999999882318
"HIST1H4C",6.09073354372766e-09,0.561086142998217,0.0756096255814439,0.783337715526719,0.999999999882318
"AL049651.1",6.01259008115998e-09,0.557124268986596,0.0736819445078605,0.786049423991328,0.999999999882318
"BAZ1A",6.00156140009975e-09,0.556561496017841,0.0734118880497406,0.786432347545785,0.999999999882318
"SOX17",5.99546495237094e-09,0.556250017719388,0.0732628187011094,0.786644042671315,0.999999999882318
"CDC34",5.99117443342257e-09,0.556030641536466,0.07315799846088,0.786793037567595,0.999999999882318
"DPT",5.97919893091175e-09,0.555417601466363,0.072865825965899,0.787208946671236,0.999999999882318
"PAK3",5.97299980761079e-09,0.555099839462814,0.0727148123985337,0.787424266023793,0.999999999882318
"EMP1",5.93908503113354e-09,0.553356277207146,0.0718914052683231,0.788602543650007,0.999999999882318
"EPHA2",5.92148868737127e-09,0.552448216384698,0.0714660360869486,0.789214072048318,0.999999999882318
"ATG9B",5.92104334037992e-09,0.552425203635384,0.0714552867673108,0.789229550946444,0.999999999882318
"EPHX3",5.90741559913766e-09,0.55172027477806,0.0711267454970975,0.789703249709008,0.999999999882318
"NAV2-AS2",5.86359543018123e-09,0.549443895295252,0.070075447829634,0.79122695987721,0.999999999882318
"TACR1",5.83349156166947e-09,0.547871422916563,0.069357756144582,0.792274191178299,0.999999999882318
"TXN",5.83028694924574e-09,0.547703612966861,0.0692815740932604,0.792385692995029,0.999999999882318
"LCP2",5.79665334473137e-09,0.545937505453376,0.0684845402878851,0.793556201943993,0.999999999882318
"S1PR1",5.79307535482906e-09,0.545749097844363,0.0684000220825051,0.793680749744897,0.999999999882318
"COL4A1",5.78000956332754e-09,0.545060222562196,0.0680918290970223,0.794135607210194,0.999999999882318
"IER5",5.73826401230063e-09,0.542850090667903,0.0671118078894705,0.795589357409279,0.999999999882318
"GABPB1-AS1",5.71258437777514e-09,0.541483545441152,0.0665124801355856,0.796483979917903,0.999999999882318
"CYTOR",5.64885276522935e-09,0.538068722241969,0.0650366850365546,0.798705403880166,0.999999999882318
"SLCO2A1",5.64792836806069e-09,0.538018944620762,0.065015401136652,0.798737636632079,0.999999999882318
"DDIT4",5.64696553522156e-09,0.537967089716882,0.0649932359732883,0.798771209959865,0.999999999882318
"TRBC2",5.64516828748788e-09,0.537870275388142,0.0649518720382469,0.7988338797642,0.999999999882318
"IFI44",5.64507439476427e-09,0.537865216824794,0.0649497114445703,0.798837153827386,0.999999999882318
"RDH10",5.60702381428361e-09,0.535809126045836,0.064077076325591,0.800164277805678,0.999999999882318
"FAM107B",5.60531354726446e-09,0.535716424489889,0.0640379924192534,0.800223941894005,0.999999999882318
"LIFR",5.55947518550963e-09,0.533222593322368,0.0629949127426291,0.801823484563802,0.999999999882318
"PLVAP",5.51347489209305e-09,0.530701822622248,0.0619567586264078,0.803429513301838,0.999999999882318
"HTRA3",5.46577665177253e-09,0.528068522168514,0.060889393573896,0.805095700078924,0.999999999882318
"NFKBIE",5.41858538844902e-09,0.525443373263052,0.0598425001562178,0.806745048765004,0.999999999882318
"ANGPT2",5.35144759453426e-09,0.521673998471502,0.0583687563718718,0.809093014688236,0.999999999882318
"FBN1",5.3282727999881e-09,0.5203632782842,0.0578643115577288,0.809903891895511,0.999999999882318
"LINC01480",5.290033853092e-09,0.518189627764997,0.0570367523537347,0.811242303872844,0.999999999882318
"PCF11-AS1",5.28378085443062e-09,0.517832877582298,0.0569019933108217,0.811461219417712,0.999999999882318
"CREM",5.27910535204184e-09,0.517565886604764,0.0568013352009984,0.811624916940583,0.999999999882318
"FAM117A",5.27157865077452e-09,0.517135645707648,0.0566394812960697,0.811888457223734,0.999999999882318
"ABCA6",5.25911407902872e-09,0.516421964491064,0.0563719514811606,0.812324939202833,0.999999999882318
"ALDH1A1",5.25576305254146e-09,0.516229843409538,0.056300135689989,0.812442294757319,0.999999999882318
"VCAN",5.23508314521063e-09,0.515041848576096,0.0558579578286473,0.813166614320392,0.999999999882318
"PMEL",5.23132143621921e-09,0.5148253096647,0.0557777123447769,0.813298386434019,0.999999999882318
"TIE1",5.17600809380482e-09,0.511625440975381,0.054604417682899,0.815236613042923,0.999999999882318
"PROCR",5.17240849702314e-09,0.511416170853966,0.0545284960316969,0.815362785309541,0.999999999882318
"GJA1",5.17081170927104e-09,0.511323297490699,0.0544948339592664,0.815418757092323,0.999999999882318
"CD74",5.15422322109115e-09,0.510356981999943,0.0541457449113883,0.816000284693076,0.999999999882318
"EFNB2",5.14345952332283e-09,0.509728518334424,0.0539198331253735,0.816377672128835,0.999999999882318
"EGR2",5.13661123364888e-09,0.509328066427758,0.0537763449501715,0.816617803094017,0.999999999882318
"TCF15",5.09857501352509e-09,0.507095379396144,0.0529828740785727,0.817951831973565,0.999999999882318
"EHD4",5.08711888982844e-09,0.506420064511281,0.0527450443164384,0.818353731455183,0.999999999882318
"CRIM1",5.08048613510234e-09,0.50602846958481,0.052607592497518,0.818586441124263,0.999999999882318
"MIR181A1HG",5.07985853057883e-09,0.505991392956548,0.0525945958185291,0.818608461406821,0.999999999882318
"DAB2",5.04520604337391e-09,0.503938009422384,0.051879490348674,0.819824508454427,0.999999999882318
"TGFBI",5.0309350540363e-09,0.50308877646194,0.051586410331386,0.820325441214145,0.999999999882318
"KLF4",5.02406626605375e-09,0.502679280374557,0.0514456435664999,0.820566571941674,0.999999999882318
"APOLD1",5.02376854386498e-09,0.502661520030111,0.0514395464909551,0.820577023946228,0.999999999882318
"SKIDA1",4.9936174981991e-09,0.500858105911499,0.0508239520695625,0.821635688405943,0.999999999882318
"FAM43A",4.9500257715606e-09,0.498233872173536,0.049940490843911,0.82316685646,0.999999999882318
"MX1",4.94996371193259e-09,0.49823012179475,0.0499392386205898,0.823169036798226,0.999999999882318
"TNFRSF10D",4.92887957213046e-09,0.496953583333307,0.0495147169450982,0.823909863879029,0.999999999882318
"PRDM1",4.88751709661970e-09,0.494435368658925,0.0486871626274222,0.825363660059317,0.999999999882318
"JUND",4.88694045073529e-09,0.494400130092556,0.0486756747511896,0.825383932085841,0.999999999882318
"TNFAIP2",4.86333564523677e-09,0.492954523147777,0.0482065857756033,0.826213860464719,0.999999999882318
"BCL3",4.7876615139427e-09,0.48827837817921,0.046718056027462,0.828875814605152,0.999999999882318
"SHB",4.78214974071989e-09,0.487935270295762,0.0466105500531877,0.829069776904092,0.999999999882318
"FBLN2",4.7743056823119e-09,0.487446381313819,0.0464577668737045,0.829345831552227,0.999999999882318
"CCRL2",4.75595144507182e-09,0.486299686147833,0.0461012510212278,0.829991851462924,0.999999999882318
"CFD",4.74158962946204e-09,0.485399720577979,0.0458232423042366,0.830497429025483,0.999999999882318
"HES7",4.70065447803452e-09,0.482821435040721,0.0450354540311423,0.831938849460618,0.999999999882318
"CDA",4.69573239098998e-09,0.482510099022007,0.0449411895534554,0.832112205591843,0.999999999882318
"MKNK2",4.6790599968331e-09,0.481453399306163,0.0446226249531847,0.832699468710498,0.999999999882318
"RGMA",4.66009784468015e-09,0.480247567596795,0.0442616864366692,0.833367499019847,0.999999999882318
"GPC3",4.6504882232048e-09,0.479634839419345,0.0440793299624743,0.833706088755838,0.999999999882318
"FAM83D",4.64042174999636e-09,0.478991793756868,0.0438887077612127,0.834060808486518,0.999999999882318
"MX2",4.63482650746323e-09,0.478633842751161,0.0437829329289253,0.834257986776536,0.999999999882318
"GIMAP6",4.60048190564716e-09,0.476428365849401,0.0431364638227844,0.835468530347717,0.999999999882318
"CLSTN2",4.57255050762435e-09,0.474624085504688,0.0426142558619805,0.836453315452164,0.999999999882318
"SRPX",4.56124822321098e-09,0.473891255290234,0.0424038511043941,0.836851876197594,0.999999999882318
"SSH1",4.55064615667578e-09,0.473202382738445,0.0422069550157797,0.837225782716556,0.999999999882318
"DNAJB4",4.53859714802219e-09,0.472417789914698,0.0419837433277975,0.837650763647,0.999999999882318
"GFPT2",4.46998143600566e-09,0.467914743499933,0.0407238965424842,0.840071809783407,0.999999999882318
"G0S2",4.42393288057454e-09,0.464858719154841,0.0398891649738959,0.841697443592867,0.999999999882318
"CADM3",4.41738291433155e-09,0.464421773041366,0.0397711345814228,0.841928729442329,0.999999999882318
"PTPRE",4.39549682801858e-09,0.462957641172375,0.0393780157591698,0.842701647828796,0.999999999882318
"CA2",4.35338931631074e-09,0.460122729325466,0.0386271708693802,0.844189121922303,0.999999999882318
"PHKG1",4.35314444393939e-09,0.460106173200693,0.0386228255374003,0.844197773822079,0.999999999882318
"MARCH3",4.3444252758101e-09,0.459516128356883,0.0384682606444851,0.844505854175787,0.999999999882318
"ZNF592",4.27370230319136e-09,0.454691534888999,0.0372260040468074,0.847005632436365,0.999999999882318
"NPTX2",4.27364083743871e-09,0.454687311554666,0.037224933261928,0.847007805681924,0.999999999882318
"SFN",4.27020263188374e-09,0.454450986623576,0.0371650613665064,0.847129372220845,0.999999999882318
"CPLX1",4.24424174663816e-09,0.452661178620226,0.0367145417593879,0.848047402861853,0.999999999882318
"EGOT",4.23191986180815e-09,0.451808326984247,0.0365016718574111,0.848483202446466,0.999999999882318
"CDH5",4.21959006078118e-09,0.450952752558191,0.0362892846960872,0.848919328374551,0.999999999882318
"LDHA",4.21889222679369e-09,0.450904264024027,0.0362772826760566,0.848944013327709,0.999999999882318
"TENT5C",4.20101839698974e-09,0.449659917710155,0.0359705479216533,0.849576326804753,0.999999999882318
"STK32B",4.17953267715664e-09,0.448157979554131,0.0356035527318339,0.850336544349902,0.999999999882318
"ZBTB43",4.16507116492617e-09,0.447143258146281,0.0353575967897666,0.850848306568789,0.999999999882318
"OTUD4",4.14102573532427e-09,0.445449225917376,0.0349505283613186,0.851699362261633,0.999999999882318
"PNP",4.13260495725149e-09,0.444853938342604,0.0348085290494461,0.851997445282202,0.999999999882318
"KDR",4.12871823341125e-09,0.444578817711074,0.0347430848464335,0.85213503665999,0.999999999882318
"CYB5D2",4.12580802054417e-09,0.444372670912372,0.0346941233372262,0.8522380621557,0.999999999882318
"MGST1",4.07602652217528e-09,0.440826541928867,0.0338619441408726,0.854000783951226,0.999999999882318
"CACNA1A",4.05488300728445e-09,0.439308945388367,0.0335115521253468,0.854749679483642,0.999999999882318
"ICAM5",4.03664479908441e-09,0.437994314717414,0.0332107709953983,0.855395775278779,0.999999999882318
"HLA-DMA",3.99470035301316e-09,0.434951104210755,0.0325241759893917,0.856882041196238,0.999999999882318
"ITPRIP",3.97399735775587e-09,0.433438726486943,0.0321879289868961,0.857615821739551,0.999999999882318
"ZMYND19",3.96551534102128e-09,0.432817116373695,0.0320506731383254,0.857916487184051,0.999999999882318
"CLIC3",3.94899167376904e-09,0.431602824865719,0.0317841295773287,0.858502267387142,0.999999999882318
"ACKR1",3.93771528850522e-09,0.430771594173639,0.0316028689426377,0.858902071045434,0.999999999882318
"NNAT",3.91907966079801e-09,0.429393311625791,0.0313044493514508,0.859562875529276,0.999999999882318
"FDXR",3.90607226664544e-09,0.428427892764552,0.0310969957564292,0.860024165664352,0.999999999882318
"HLA-DPA1",3.88616804096926e-09,0.426945133022325,0.0307808804602147,0.860730135290873,0.999999999882318
"SASH1",3.85882138261051e-09,0.424897091234619,0.0303491994139963,0.861700256974209,0.999999999882318
"SPRY4",3.85242179607493e-09,0.424415983533106,0.0302486188187362,0.861927312250927,0.999999999882318
"DCAKD",3.85103114762972e-09,0.424311345089824,0.0302267844482531,0.86197665352119,0.999999999882318
"MAP1LC3B",3.84986654415711e-09,0.42422368984582,0.0302085052425165,0.86201797495735,0.999999999882318
"FHL5",3.84441055537212e-09,0.423812729643046,0.0301229435871646,0.862211564579454,0.999999999882318
"ANGPTL4",3.8377030506484e-09,0.423306802764991,0.030017921752937,0.862449571882822,0.999999999882318
"CHST2",3.83186968902198e-09,0.422866181244106,0.0299267357965241,0.862656571479452,0.999999999882318
"UPP1",3.81953977171426e-09,0.42193291177281,0.0297344534143088,0.863094135444137,0.999999999882318
"TFF3",3.80446093292959e-09,0.420787987149122,0.0295001445536653,0.863629310181941,0.999999999882318
"SCNN1B",3.80446092653283e-09,0.420787986662581,0.0295001444544632,0.863629310408986,0.999999999882318
"TBX1",3.80446092040737e-09,0.420787986196674,0.0295001443594684,0.863629310626402,0.999999999882318
"BMP2",3.80384112734378e-09,0.420740840992303,0.0294905332761168,0.863651309522314,0.999999999882318
"CCL21",3.79527256698688e-09,0.420088375671678,0.0293578217360608,0.86395545228847,0.999999999882318
"ZMAT3",3.78227805017617e-09,0.419096428940433,0.0291571312116189,0.864416733719505,0.999999999882318
"FNIP2",3.77635792944262e-09,0.418643524040198,0.0290659276327408,0.864626902441212,0.999999999882318
"CCL14",3.77055263184932e-09,0.418198800487448,0.028976631720723,0.864833004155465,0.999999999882318
"TSPAN8",3.76786586730293e-09,0.417992774271762,0.0289353509555019,0.864928393727538,0.999999999882318
"KLF9",3.75143765228563e-09,0.416730227825876,0.0286835798536724,0.865511695783763,0.999999999882318
"ADCY4",3.74193913193416e-09,0.415998038458643,0.0285385119235186,0.865848984769469,0.999999999882318
"CFAP157",3.73743442445392e-09,0.415650227072382,0.0284698415031884,0.866008953831221,0.999999999882318
"NFATC2",3.7352132439663e-09,0.415478593415194,0.0284360119515311,0.866087833373211,0.999999999882318
"ZC3H12A",3.73420506361154e-09,0.415400660508169,0.028420663558957,0.866123636759176,0.999999999882318
"BEX2",3.72475421297092e-09,0.414669209023257,0.0282769866347258,0.866459277013864,0.999999999882318
"EREG",3.69228601188656e-09,0.412143904076611,0.0277861615527255,0.867612545252547,0.999999999882318
"VWF",3.6781382080794e-09,0.411037444394617,0.0275736319646703,0.868115162555195,0.999999999882318
"HMGA1",3.67669732502117e-09,0.410924548431786,0.0275520326691215,0.868166354608206,0.999999999882318
"FAM241A",3.66040456789234e-09,0.409645281943893,0.0273083879400382,0.868745246162837,0.999999999882318
"LINC002481",3.6494429346018e-09,0.408781798977435,0.0271450746708937,0.869134759267256,0.999999999882318
"AC096564.1",3.6459792494787e-09,0.408508482159696,0.0270935723595185,0.869257845229059,0.999999999882318
"FABP4",3.64290340212094e-09,0.40826557905062,0.0270478778916542,0.869367151593928,0.999999999882318
"CSF3",3.64248564427836e-09,0.408232574423205,0.0270416746993255,0.869381997643892,0.999999999882318
"AC023043.1",3.6251616734638e-09,0.406860986386817,0.0267850613921967,0.869997687937477,0.999999999882318
"WFDC2",3.62110975423613e-09,0.406539358062729,0.0267252184050941,0.870141703684189,0.999999999882318
"PDGFB",3.62018061503588e-09,0.406465561654298,0.0267115053370048,0.870174728314868,0.999999999882318
"ICOSLG",3.60414316252903e-09,0.405189179638248,0.0264753648407596,0.87074478719611,0.999999999882318
"SDF2L1",3.6036510129138e-09,0.405149932209348,0.0264681348554829,0.870762281952008,0.999999999882318
"S1PR3",3.5990873794797e-09,0.404785773113673,0.0264011392554857,0.870924511347904,0.999999999882318
"GLIS3",3.59464332216071e-09,0.404430767698056,0.0263359806600308,0.871082495236011,0.999999999882318
"ULBP2",3.59111365856587e-09,0.404148533570475,0.0262842862328222,0.871207976576173,0.999999999882318
"SELE",3.59088695606602e-09,0.40413039801183,0.0262809677495443,0.871216036076438,0.999999999882318
"ECM1",3.58627515998816e-09,0.403761249994292,0.0262135055125134,0.871379992934376,0.999999999882318
"FXYD5",3.58514231595033e-09,0.403670508816379,0.0261969473166686,0.871420268229874,0.999999999882318
"IFITM1",3.58102317873575e-09,0.4033403532479,0.0261367841095444,0.871566716148091,0.999999999882318
"IGFBP6",3.57095362010732e-09,0.402531862278662,0.0259900015629252,0.871924738262683,0.999999999882318
"GMFG",3.56311882549752e-09,0.401901422590778,0.0258760807651629,0.872203321728345,0.999999999882318
"BTNL9",3.55855297644282e-09,0.401533465099786,0.0258098070385626,0.872365677911196,0.999999999882318
"WNT11",3.54794009509982e-09,0.400676586352935,0.025656088399053,0.8727430801596,0.999999999882318
"NDRG1",3.54427772293559e-09,0.400380368360971,0.0256031485832042,0.872873323665867,0.999999999882318
"KAZN",3.54058951401845e-09,0.400081790212068,0.0255498905509403,0.873004489476793,0.999999999882318
"LINC02449",3.51058793499895e-09,0.397642869307383,0.0251187254080931,0.87407158158893,0.999999999882318
"MT1G",3.50943709673009e-09,0.397548951877154,0.0251022593045413,0.87411251902374,0.999999999882318
"ADGRL4",3.50264350437876e-09,0.396993992448071,0.0250051671207101,0.87435418646675,0.999999999882318
"PIEZO1",3.49742182243012e-09,0.396566800568821,0.0249306681289865,0.87453994454432,0.999999999882318
"MYO1G",3.49659389925106e-09,0.39649901602465,0.0249188661582831,0.874569398030207,0.999999999882318
"CD22",3.48661185676875e-09,0.395680650489192,0.0247767929660279,0.874924524290814,0.999999999882318
"DLX3",3.48326392275248e-09,0.395405715677035,0.0247292331885013,0.875043637752697,0.999999999882318
"ADAMTS9",3.46666568173938e-09,0.394039235895157,0.0244941181770278,0.8756342150313,0.999999999882318
"HLA-DQB1",3.45213157377342e-09,0.392837986302972,0.0242891639532039,0.876151405871874,0.999999999882318
"TPD52L1",3.44422076190199e-09,0.392182296032863,0.0241779707133228,0.876432931420644,0.999999999882318
"LY96",3.43701406751311e-09,0.391583820198741,0.0240768964997636,0.876689412840056,0.999999999882318
"ADM",3.43261623618562e-09,0.391218065797,0.0240153207341029,0.876845935070735,0.999999999882318
"FAM167B",3.42476752757676e-09,0.390564293551424,0.0239056237855199,0.877125288665722,0.999999999882318
"MSX1",3.40584725608517e-09,0.388982896926945,0.0236422181610711,0.877798767503876,0.999999999882318
"BIRC3",3.39524272516039e-09,0.388093187319001,0.0234952213646027,0.878176281096733,0.999999999882318
"AL049629.1",3.381708412872e-09,0.386954137807983,0.0233082786977168,0.878658133008095,0.999999999882318
"SNCG",3.37679469608791e-09,0.386539612888515,0.0232405927482355,0.878833083492017,0.999999999882318
"ICAM4",3.34169407792731e-09,0.383563070218556,0.0227599479492087,0.880082995430828,0.999999999882318
"CXCL1",3.33797088896116e-09,0.383245741998894,0.0227092596586109,0.880215593539089,0.999999999882318
"ADA",3.2938311794405e-09,0.379459943299746,0.0221126381401097,0.88178784550021,0.999999999882318
"RGCC",3.28808124489508e-09,0.378963520615349,0.0220355028909193,0.881992692017463,0.999999999882318
"NFKBIZ",3.28746051123424e-09,0.378909883990555,0.0220271838219815,0.88201480667692,0.999999999882318
"MIDN",3.28420905912106e-09,0.378628786421314,0.0219836335404119,0.882130646518229,0.999999999882318
"KLF6",3.2754653539801e-09,0.377871659349473,0.0218667332273892,0.882442171960363,0.999999999882318
"MZB1",3.26977821533936e-09,0.377378255196002,0.021790865423184,0.882644806166442,0.999999999882318
"HS3ST3A1",3.26977820558152e-09,0.377378254348789,0.0217908652931252,0.882644806514123,0.999999999882318
"AP001330.5",3.26977817565747e-09,0.377378251750669,0.021790864894278,0.882644807580345,0.999999999882318
"TMEM107",3.26666005899928e-09,0.377107412132054,0.0217493244241181,0.882755910135974,0.999999999882318
"ADGRF5",3.2633094906938e-09,0.376816129838849,0.0217047313390984,0.882875297817222,0.999999999882318
"RGS16",3.25567318802666e-09,0.376151288579842,0.0216032699399256,0.883147405018849,0.999999999882318
"SBSPON",3.25237494933819e-09,0.375863711747964,0.0215595206785952,0.883264936645468,0.999999999882318
"RNASE1",3.2437675086755e-09,0.375112017984323,0.0214455567362832,0.883571671996341,0.999999999882318
"THAP2",3.22557254393452e-09,0.373517285096025,0.0212056463308427,0.884220126412393,0.999999999882318
"ARAP3",3.19797044206987e-09,0.371082972533732,0.0208442741842299,0.88520399184834,0.999999999882318
"CD248",3.17569459570248e-09,0.369104973519114,0.0205548989657655,0.8859981342731,0.999999999882318
"HSPA1A",3.14935313370349e-09,0.36675025854499,0.0202153193840902,0.88693736515047,0.999999999882318
"B3GNT5",3.14900869915224e-09,0.366719355040433,0.0202108978578832,0.886949647359781,0.999999999882318
"INSIG1",3.13733093623037e-09,0.365669845972157,0.0200612758833498,0.88736608135284,0.999999999882318
"GJA4",3.13594840054016e-09,0.36554536820615,0.0200435988710473,0.887415385224571,0.999999999882318
"PODXL",3.13214506724213e-09,0.365202684290922,0.0199950098962186,0.887551021624678,0.999999999882318
"RAMP3",3.11894939536489e-09,0.364010915589627,0.0198268875446025,0.888021637873645,0.999999999882318
"PHLDA2",3.11780695527334e-09,0.363907528840618,0.0198123654219726,0.888062384219107,0.999999999882318
"SERPINE1",3.11684729518638e-09,0.363820657442017,0.0198001708182158,0.88809661174919,0.999999999882318
"ACKR3",3.10677853680744e-09,0.362907790397618,0.0196724512974255,0.888455739731849,0.999999999882318
"TIAM1",3.07545137859861e-09,0.360050935968193,0.0192777177485594,0.889573248957899,0.999999999882318
"TIFA",3.0631020019228e-09,0.358917752204075,0.0191232104637004,0.890013839049171,0.999999999882318
"SLC25A44",3.06013429533002e-09,0.358644839354529,0.0190861731169714,0.890119723316479,0.999999999882318
"EPHB3",3.05959874553696e-09,0.358595565101918,0.0190794932129913,0.890138831309589,0.999999999882318
"TLNRD1",3.05911755460099e-09,0.358551285808028,0.0190734923233255,0.890155999876091,0.999999999882318
"UBE2D1",3.05787582631302e-09,0.358436993577553,0.0190580111999408,0.890200304137859,0.999999999882318
"FOXF1",3.04821808940702e-09,0.357546680736108,0.0189378188748732,0.890544899189803,0.999999999882318
"SPHK1",3.03936708261904e-09,0.356728570105567,0.0188280003487299,0.890860727686148,0.999999999882318
"PLXNA2",3.03395029651353e-09,0.356226861634044,0.0187609493038005,0.891054022198856,0.999999999882318
"RND1",3.03353193731875e-09,0.356188080207264,0.0187557756696073,0.891068951345931,0.999999999882318
"TMTC1",3.0331124995601e-09,0.35614919410662,0.0187505894135826,0.891083919020321,0.999999999882318
"ETS1",3.03294456336368e-09,0.356133623414017,0.0187485131203401,0.891089911849574,0.999999999882318
"SCGB1D4",3.01530748222662e-09,0.35449414034757,0.0185310956290276,0.891719328400253,0.999999999882318
"AC007952.4",3.00710046805552e-09,0.353728385472608,0.0184303576484702,0.892012236346852,0.999999999882318
"TFPI",3.00036310868739e-09,0.353098390389107,0.0183478643354093,0.892252703397336,0.999999999882318
"GCM1",2.98567538998107e-09,0.351720678848215,0.0181686669211843,0.892776965705538,0.999999999882318
"LSR",2.98157481089391e-09,0.35133498603371,0.018118794858969,0.892923339839098,0.999999999882318
"FGL2",2.96565491430685e-09,0.349833183477418,0.0179258235053721,0.893491650458331,0.999999999882318
"MFNG",2.94173853810223e-09,0.347563738045896,0.0176378654977425,0.894345523190866,0.999999999882318
"CALHM6",2.92709871635806e-09,0.346166584615631,0.0174627495327422,0.894868260873877,0.999999999882318
"NDUFA4L2",2.92300043772926e-09,0.345774370892498,0.0174138840048395,0.89501460449768,0.999999999882318
"ARL4A",2.921042749974e-09,0.345586846502757,0.0173905658206928,0.895084511967574,0.999999999882318
"SLC9A3R2",2.91699967729418e-09,0.345199217892136,0.0173424578894303,0.895228889449899,0.999999999882318
"KITLG",2.91209941859966e-09,0.344728776914869,0.0172842397485276,0.895403881560192,0.999999999882318
"FSCN1",2.91116238250216e-09,0.344638739582533,0.0172731183213229,0.895437344439642,0.999999999882318
"LCP1",2.91042072760128e-09,0.344567457958124,0.0172643183580564,0.895463830113148,0.999999999882318
"HLA-B",2.90812092821438e-09,0.344346319632531,0.0172370447881109,0.89554596033975,0.999999999882318
"CREB5",2.90163846867633e-09,0.343722172084504,0.0171602846321918,0.895777467367884,0.999999999882318
"SSTR2",2.90027947633227e-09,0.343591170392008,0.0171442142398774,0.895826001967506,0.999999999882318
"IRF7",2.89435708381843e-09,0.343019647283848,0.0170742684987725,0.896037516869387,0.999999999882318
"HIST1H2BD",2.87520400452265e-09,0.341164312557587,0.0168490421122299,0.896721608791234,0.999999999882318
"MUM1L1",2.86212525848478e-09,0.339891175323936,0.0166961046893075,0.897188787461468,0.999999999882318
"SPRY2",2.85795642382543e-09,0.339484295777004,0.0166475026169271,0.897337707603144,0.999999999882318
"PECAM1",2.85781835490828e-09,0.339470811337218,0.0166458941619348,0.897342639797011,0.999999999882318
"CLDN4",2.85465108101216e-09,0.339161324501635,0.0166090178570171,0.89745578444633,0.999999999882318
"TCEAL6",2.85465104984144e-09,0.339161321454344,0.0166090174943002,0.897455785559854,0.999999999882318
"ANKRD6",2.84891030396156e-09,0.338599604862034,0.0165422826998817,0.897660867762515,0.999999999882318
"HBA2",2.83213923749353e-09,0.33695291642061,0.0163480925740335,0.898260035856204,0.999999999882318
"SLCO4A1",2.8252710042966e-09,0.336276089798419,0.016268897058337,0.898505429153345,0.999999999882318
"C16orf72",2.81296005521631e-09,0.33505930684321,0.0161274244726598,0.898945308088533,0.999999999882318
"SLC24A2",2.81007666128148e-09,0.33477364701815,0.0160943789377372,0.899048338289768,0.999999999882318
"F2R",2.80557900062625e-09,0.334327548874484,0.0160429005375483,0.899209053296427,0.999999999882318
"KCTD12",2.80323970780373e-09,0.334095280221181,0.0160161585379775,0.899292644932483,0.999999999882318
"MAP3K8",2.77790626141867e-09,0.331569009954559,0.0157279840412991,0.900197974598347,0.999999999882318
"CD200",2.77596782524469e-09,0.331374879509545,0.0157060415759221,0.900267252959392,0.999999999882318
"LACTB",2.76609220512058e-09,0.330384013241091,0.0155944905707201,0.900620212540932,0.999999999882318
"SELP",2.7629289926437e-09,0.330065979906414,0.0155588442667271,0.900733271488938,0.999999999882318
"MIR4435-2HG",2.75133033473678e-09,0.328897107435084,0.0154284877304018,0.901147845761487,0.999999999882318
"FST",2.73059932814445e-09,0.326797139868379,0.0151968593688571,0.901888907381659,0.999999999882318
"RNF122",2.72425083181746e-09,0.326151276106159,0.0151262777549685,0.902115861248992,0.999999999882318
"PRRX2",2.71081932482581e-09,0.324780476292608,0.0149774897970032,0.902596053652732,0.999999999882318
"NRARP",2.70971645523977e-09,0.324667655538709,0.0149653053937966,0.902635484142131,0.999999999882318
"GAL",2.70571343325927e-09,0.324257819137699,0.0149211220277551,0.902778604727253,0.999999999882318
"RCAN1",2.69694987296013e-09,0.323358737492875,0.0148246222376127,0.903091940504704,0.999999999882318
"KCNQ1-AS1",2.69602451410398e-09,0.323263653008888,0.0148144509384091,0.903125027030649,0.999999999882318
"PRR4",2.68620464251903e-09,0.322252859151854,0.0147067285734146,0.903476150289857,0.999999999882318
"HES4",2.67997767072599e-09,0.321610220778795,0.01463862338348,0.903698814171096,0.999999999882318
"MXD1",2.67096043850604e-09,0.320677304106273,0.0145402809233344,0.904021265525639,0.999999999882318
"RNF19B",2.66768135923994e-09,0.320337370304978,0.0145046012734627,0.904138527556814,0.999999999882318
"HIGD1B",2.66479259682322e-09,0.320037596990347,0.0144732049745846,0.904241833333024,0.999999999882318
"TEX45",2.65991055815012e-09,0.319530330836909,0.0144202222236989,0.9044164248578,0.999999999882318
"ATP1B3",2.64570205593628e-09,0.318049358846772,0.0142665760593823,0.904924575746507,0.999999999882318
"SPAG9",2.6428133672975e-09,0.317747416916492,0.0142354393728049,0.905027891172727,0.999999999882318
"NANS",2.6281534304044e-09,0.316210617778107,0.0140779467310526,0.905552236056326,0.999999999882318
"IFI44L",2.62405273172898e-09,0.315779401419081,0.0140340494613266,0.90569891394255,0.999999999882318
"PI16",2.61466468182299e-09,0.31478996246583,0.0139338101097894,0.906034727193509,0.999999999882318
"AC067735.1",2.60864790668956e-09,0.314154200097673,0.0138697558990656,0.906249957812343,0.999999999882318
"ABCB1",2.60798094486968e-09,0.314083646722101,0.0138626645510564,0.906273816632798,0.999999999882318
"AC067863.1",2.59651682897346e-09,0.312868464103689,0.0137410579131752,0.906683928698182,0.999999999882318
"LEPR",2.59459446083682e-09,0.312664236520236,0.013720718670153,0.906752701060081,0.999999999882318
"CBR3",2.57810991349374e-09,0.310907509985026,0.0135469255535812,0.907342461318989,0.999999999882318
"TUBA3D",2.57404620611739e-09,0.310472940678021,0.0135042529316303,0.907487854617305,0.999999999882318
"TCIM",2.57206778299375e-09,0.310261152808044,0.0134835020540787,0.907558640723961,0.999999999882318
"IFI6",2.56923928774284e-09,0.309958118329387,0.0134538628263388,0.907659842881641,0.999999999882318
"ZNF267",2.54172596186994e-09,0.306995133177466,0.0131672577313131,0.908644333997896,0.999999999882318
"MAPKAPK2",2.54170602263275e-09,0.306992975723598,0.013167051144097,0.908645047521481,0.999999999882318
"TMSB15A",2.53839218037699e-09,0.30663420761141,0.0131327394765236,0.908763634054839,0.999999999882318
"PPFIA1",2.53316154950777e-09,0.306067087536158,0.0130786723872312,0.908950817403054,0.999999999882318
"GCNA",2.5248433869972e-09,0.305163097185498,0.0129929203322835,0.909248501561256,0.999999999882318
"CD34",2.48855892539558e-09,0.301189128057297,0.0126221618234625,0.910547171128667,0.999999999882318
"HAS3",2.48538549111531e-09,0.300839161967553,0.0125899905447604,0.910660764016238,0.999999999882318
"SPTBN1",2.46049238650174e-09,0.298080324890059,0.0123390560652585,0.911551874346147,0.999999999882318
"RYBP",2.45410596852505e-09,0.297368604576811,0.0122750850481038,0.911780509970554,0.999999999882318
"DDX21",2.45357142877269e-09,0.297308960590255,0.0122697382485696,0.911799646980938,0.999999999882318
"HLA-E",2.45237868832602e-09,0.297175833572047,0.0122578119147463,0.911842348360554,0.999999999882318
"TRIM25",2.44834921369558e-09,0.296725667296384,0.012217563673953,0.911986609730345,0.999999999882318
"RAB29",2.43138345677259e-09,0.294823150437246,0.0120488279041179,0.912594041603464,0.999999999882318
"ZBTB7A",2.429510660312e-09,0.294612427198694,0.0120302736018458,0.912661097230766,0.999999999882318
"CDC42EP5",2.39121952783957e-09,0.290272560549396,0.0116540475002315,0.914032249958463,0.999999999882318
"AQP1",2.38703944778341e-09,0.289795126040671,0.0116133383375163,0.914181948435167,0.999999999882318
"NPW",2.38429807929068e-09,0.289481619421391,0.011586679239994,0.914280124927701,0.999999999882318
"ICA1",2.38294002716498e-09,0.289326194047226,0.0115734838822188,0.914328761265009,0.999999999882318
"GGT5",2.3806410493166e-09,0.289062905763514,0.0115511632632127,0.914411095994908,0.999999999882318
"SLC16A11",2.3796370970244e-09,0.288947859362115,0.0115414227174361,0.914447051453704,0.999999999882318
"IFIT3",2.37807845161306e-09,0.288769164668241,0.0115263085689364,0.914502872989785,0.999999999882318
"MT2A",2.37756564447605e-09,0.288710350270408,0.0115213380550359,0.914521238825669,0.999999999882318
"RSAD2",2.37678529999332e-09,0.288620830456141,0.0115137764239244,0.914549186415652,0.999999999882318
"TSHZ2",2.36339064920653e-09,0.287080200408434,0.0113843676434654,0.91502892459122,0.999999999882318
"HLA-DRB1",2.36244043382275e-09,0.286970618632097,0.011375215177171,0.915062958354338,0.999999999882318
"UBALD2",2.3420349968224e-09,0.284608056139577,0.0111795583569225,0.915793855190905,0.999999999882318
"H2AFZ",2.33022889878608e-09,0.283232906950079,0.0110671310944484,0.916216767179584,0.999999999882318
"NEAT1",2.3294352552076e-09,0.283140246795711,0.0110595937561336,0.916245197524776,0.999999999882318
"TRIM72",2.32399848687841e-09,0.282504745719681,0.0110080290854638,0.916439959366411,0.999999999882318
"KRT8",2.31849818145339e-09,0.281860494403009,0.0109559844113821,0.916637002406986,0.999999999882318
"SHISA2",2.31725904557013e-09,0.281715169973712,0.0109442765518268,0.916681393940473,0.999999999882318
"SLC7A5",2.30591799480378e-09,0.280381940204645,0.0108374124830471,0.917087694473349,0.999999999882318
"TNC",2.30124958309707e-09,0.279831466256724,0.0107935754608626,0.917254949662624,0.999999999882318
"KANK3",2.28743772350848e-09,0.27819711231831,0.0106644004504877,0.917749808583103,0.999999999882318
"AC087645.2",2.27661527640318e-09,0.276910457789698,0.0105637272124627,0.918137583461753,0.999999999882318
"CD79B",2.27465542463451e-09,0.276676884353235,0.0105455472166455,0.918207808230844,0.999999999882318
"ELN",2.25934913709391e-09,0.274846619508474,0.0104041015304666,0.918756280040362,0.999999999882318
"ERG",2.23347733705617e-09,0.271728190563162,0.0101671911023046,0.919683434732568,0.999999999882318
"FRMD4B",2.22997127155523e-09,0.271303164918467,0.0101352956731028,0.919809088269151,0.999999999882318
"RALGDS",2.22789726679613e-09,0.271051467031175,0.0101164515951486,0.919883419264457,0.999999999882318
"THBS4",2.21480735233548e-09,0.269458155103006,0.00999792327362454,0.920352569496512,0.999999999882318
"ATP1A1",2.21139997319756e-09,0.26904205731537,0.00996718424784628,0.920474696522571,0.999999999882318
"TAF4B",2.19521425950782e-09,0.267057827187888,0.00982181425363008,0.92105484921859,0.999999999882318
"SLC1A5",2.1946574833124e-09,0.266989344005035,0.00981683263614187,0.921074806777726,0.999999999882318
"MAT2A",2.19345994146353e-09,0.266841995518203,0.00980612220813844,0.921117732653918,0.999999999882318
"AL139246.5",2.17779890860832e-09,0.264908524068516,0.00966659310209441,0.921679123336512,0.999999999882318
"FJX1",2.17307487879272e-09,0.264322921990019,0.00962470149692025,0.921848470181782,0.999999999882318
"THSD7A",2.15071257938929e-09,0.261535648763004,0.0094276323295042,0.92265016101684,0.999999999882318
"SPRY4-AS1",2.14678417843759e-09,0.261043393326858,0.00939322355130634,0.922791002751377,0.999999999882318
"GPSM3",2.14235211602588e-09,0.260487079757918,0.00935447873548058,0.92294990475294,0.999999999882318
"TSPAN7",2.11566708906208e-09,0.257116152730439,0.00912289228392977,0.923906703390867,0.999999999882318
"ETS2",2.11024860132097e-09,0.256427139474026,0.00907622239041329,0.924100998182252,0.999999999882318
"SPRY1",2.11012244521654e-09,0.256411079093357,0.00907513722288108,0.924105521910584,0.999999999882318
"PLK2",2.10511392714888e-09,0.255772787689376,0.00903210744896284,0.924285120235704,0.999999999882318
"AC245014.3",2.09233818368559e-09,0.254138601798183,0.0089228100519692,0.924743257659125,0.999999999882318
"KLF2",2.08586940049424e-09,0.25330783127661,0.00886772287776326,0.924975237379583,0.999999999882318
"ADRA2A",2.08532207555884e-09,0.253237436365673,0.00886306976853609,0.924994865519398,0.999999999882318
"IRF2BP2",2.08161256082227e-09,0.252759906288179,0.00883156533499733,0.925127897156584,0.999999999882318
"ALCAM",2.07607447049111e-09,0.252045595882261,0.00878463542552009,0.925326509569439,0.999999999882318
"RGS5",2.07498172372038e-09,0.251904455260858,0.00877539023147639,0.925365699273235,0.999999999882318
"NOTCH4",2.04140846794558e-09,0.247536114129844,0.00849371550562676,0.926569840921995,0.999999999882318
"SYP",2.01818686231744e-09,0.24447778587319,0.008301577678087,0.927402807860489,0.999999999882318
"ITGBL1",2.01762829534592e-09,0.244403843583081,0.00829698311302745,0.92742284483247,0.999999999882318
"MYO19",2.00095298463533e-09,0.242188109070482,0.0081604039087514,0.928021044437694,0.999999999882318
"TPST2",1.99463086906146e-09,0.241343836633123,0.00810891892656658,0.928247850688329,0.999999999882318
"P2RX1",1.99236895553316e-09,0.241041206515377,0.00809053830891378,0.928328998379825,0.999999999882318
"UBN1",1.98549973804354e-09,0.240120303465472,0.00803484595212205,0.928575440810646,0.999999999882318
"RIPK1",1.98306950738403e-09,0.239793834346752,0.00801518885676113,0.928662630251059,0.999999999882318
"IL15RA",1.97987882816342e-09,0.239364677839121,0.00798941737194626,0.928777103621889,0.999999999882318
"PGAM2",1.97177396904155e-09,0.238271824881528,0.00792414007895998,0.929067891760464,0.999999999882318
"MCTP1",1.97044621798039e-09,0.238092417863032,0.00791347177401446,0.929115530045123,0.999999999882318
"SOD2",1.96578689541156e-09,0.237462008699043,0.00787609158655198,0.92928270355253,0.999999999882318
"PGF",1.95760986474417e-09,0.236352488083303,0.00781070393462065,0.929576097711896,0.999999999882318
"NFKB1",1.95750696110988e-09,0.236338499564525,0.00780988280196218,0.929579789984298,0.999999999882318
"LGALSL",1.95336247199538e-09,0.235774570984628,0.00777684720136894,0.929728499137832,0.999999999882318
"STK17B",1.93431682585896e-09,0.2331695655107,0.00762593511287808,0.930411910833237,0.999999999882318
"ATP1B2",1.91203443990727e-09,0.230093243234086,0.00745125296544669,0.931211531018883,0.999999999882318
"CTSV",1.90110928004553e-09,0.228573445681851,0.0073663449165401,0.93160361402005,0.999999999882318
"ENG",1.8903482004606e-09,0.227068993677062,0.00728318770466994,0.931989824721841,0.999999999882318
"LRRC10B",1.88705202451963e-09,0.226606674681879,0.00725781064660199,0.932108126322769,0.999999999882318
"RNF152",1.88671070705044e-09,0.226558761455313,0.00725518539462348,0.932120376483668,0.999999999882318
"LRRC32",1.88107787777797e-09,0.225766944065109,0.00721192893205916,0.932322545616531,0.999999999882318
"MTHFD2",1.87688266713887e-09,0.22517586803821,0.00717979647957771,0.932473119695611,0.999999999882318
"APOE",1.87429173863595e-09,0.22481024726124,0.00715998756989988,0.932566114248706,0.999999999882318
"MARCKSL1",1.86942468710792e-09,0.22412223397367,0.00712285057349646,0.932740806729086,0.999999999882318
"ARL6IP1",1.86913946988685e-09,0.224081866729998,0.00712067727955884,0.932751044096201,0.999999999882318
"SBF2",1.84139766537492e-09,0.220129560813903,0.00691087539935822,0.933746839946817,0.999999999882318
"PTTG1",1.82726115852256e-09,0.218095514621156,0.00680517239778284,0.934254311761882,0.999999999882318
"OGFRL1",1.82622341712299e-09,0.217945656904869,0.00679744498152261,0.934291565620511,0.999999999882318
"CPXM2",1.80138414965339e-09,0.214336282541182,0.00661379242868126,0.935183312765911,0.999999999882318
"ADAMTS4",1.80046971310286e-09,0.214202578318848,0.00660707941470297,0.935216143239197,0.999999999882318
"CFH",1.79797273299591e-09,0.213837180205618,0.00658876607591123,0.935305791396439,0.999999999882318
"CNTD2",1.78927611426698e-09,0.212561080264643,0.00652518178657838,0.935618029292561,0.999999999882318
"TFPI2",1.78881684628086e-09,0.212493538930268,0.00652183247400789,0.935634518835447,0.999999999882318
"EDN1",1.78841291548605e-09,0.212434123123987,0.00651888743069803,0.935649021576433,0.999999999882318
"CD14",1.78006789571514e-09,0.211203989227386,0.00645819303074493,0.935948646137764,0.999999999882318
"AC025171.3",1.76807067164579e-09,0.209426626201894,0.00637143309357197,0.936379417502935,0.999999999882318
"UBE2S",1.76383494024889e-09,0.208796593773003,0.00634094183243695,0.936531509789656,0.999999999882318
"DNAJA4",1.7614781864075e-09,0.208445472088733,0.00632400821249611,0.936616134685913,0.999999999882318
"PFKFB3",1.73221916981196e-09,0.204051772372325,0.00611566330338405,0.937666809140319,0.999999999882318
"PIM3",1.73036867625826e-09,0.203771716624713,0.00610260381199675,0.937733262967855,0.999999999882318
"GLRX",1.72950438010079e-09,0.203640823407627,0.00609650899551391,0.937764301207726,0.999999999882318
"ANXA1",1.726127933735e-09,0.203128929477884,0.0060727282607889,0.937885555634499,0.999999999882318
"GRIN2A",1.72379356438425e-09,0.202774510186341,0.00605631417602175,0.937969387992805,0.999999999882318
"CD3G",1.71031236379932e-09,0.200719462228264,0.00596195586810671,0.938453541098016,0.999999999882318
"MT1A",1.69968891777257e-09,0.199090048251693,0.00588812162206193,0.938835079119277,0.999999999882318
"FBXO48",1.67300768513732e-09,0.194958118707966,0.00570471244967465,0.939793389672841,0.999999999882318
"RASGEF1B",1.67007290880052e-09,0.194500122363733,0.00568471568472686,0.93989880346152,0.999999999882318
"DUSP5",1.6659638765661e-09,0.19385769042831,0.00565677685148553,0.940046396939651,0.999999999882318
"MCOLN3",1.66399478349422e-09,0.193549339132678,0.00564341265129458,0.94011712607463,0.999999999882318
"ARHGDIB",1.63254740661797e-09,0.188581100475553,0.00543212167479065,0.941246768494461,0.999999999882318
"HBEGF",1.63078610522754e-09,0.188300373899636,0.00542040692478145,0.941310040905603,0.999999999882318
"F3",1.62878442488395e-09,0.187981012469595,0.00540710872069958,0.941381949060769,0.999999999882318
"AC015912.3",1.61890496104594e-09,0.186399735150848,0.00534171353936921,0.941736864873664,0.999999999882318
"SAT1",1.616078264759e-09,0.185945751161481,0.0053230759787941,0.94183841494643,0.999999999882318
"LRRC4",1.60925331383382e-09,0.184846757072299,0.00527821055358563,0.942083607637978,0.999999999882318
"CTNNAL1",1.60452226527436e-09,0.18408254275523,0.00524722131979382,0.942253578167655,0.999999999882318
"CXCL2",1.58791788274496e-09,0.181384732689967,0.00513918161711469,0.942850138079325,0.999999999882318
"STX11",1.56130107681806e-09,0.177008271405154,0.00496833881661194,0.943806489671053,0.999999999882318
"UCP2",1.54799835119773e-09,0.174796485829911,0.00488403619760754,0.94428449192369,0.999999999882318
"AC002451.1",1.54042599542522e-09,0.173530034429409,0.00483637050980457,0.944556595744126,0.999999999882318
"HLA-DRA",1.5326041031468e-09,0.172216123743364,0.00478737948422805,0.944837673161534,0.999999999882318
"SOX18",1.52962636182955e-09,0.17171438639882,0.004768794477346,0.944944679233967,0.999999999882318
"CXorf36",1.52689437266132e-09,0.171253305943106,0.00475177507889757,0.945042854999341,0.999999999882318
"ATP2B1-AS1",1.52640944865334e-09,0.17117138952023,0.00474875734046597,0.94506028113873,0.999999999882318
"ARID5A",1.52453105754848e-09,0.170853865030685,0.00473707694227489,0.945127782901849,0.999999999882318
"SLC25A33",1.51722000095262e-09,0.169614735160509,0.0046917515365645,0.945390516390459,0.999999999882318
"KDM6B",1.51567862048573e-09,0.169352825206575,0.00468222345137931,0.945445908906175,0.999999999882318
"ITGA1",1.47994771586752e-09,0.163215262780627,0.0044640662577779,0.946730042078245,0.999999999882318
"SLC16A1-AS1",1.46913084150739e-09,0.161331692176793,0.00439904939450214,0.947118817228733,0.999999999882318
"NEDD9",1.46823508521838e-09,0.1611751689807,0.00439368666606596,0.947151012657376,0.999999999882318
"MED24",1.44085179616912e-09,0.15634951249831,0.00423132623748046,0.948135268999754,0.999999999882318
"DUSP18",1.43633765526296e-09,0.155546319333326,0.00420485456035779,0.948297531502669,0.999999999882318
"GIMAP8",1.43383334855076e-09,0.15509978062137,0.00419020471040282,0.948387550680219,0.999999999882318
"NKX3-1",1.43326459354597e-09,0.15499827191159,0.00418688113415366,0.948407995096038,0.999999999882318
"TBX2",1.43153306049876e-09,0.154689019203194,0.00417677086718614,0.948470236834976,0.999999999882318
"PHLDA1",1.41936731769129e-09,0.152506947503265,0.0041060807732128,0.948907555836034,0.999999999882318
"HLA-DRB5",1.41085609943218e-09,0.15097062064387,0.00405698429572517,0.949213515689409,0.999999999882318
"GPM6A",1.39365798269516e-09,0.147841376711513,0.00395867911543004,0.949831773525477,0.999999999882318
"RHOU",1.37021204999982e-09,0.143520513876217,0.00382660338612249,0.950674683674545,0.999999999882318
"CKS2",1.36763494973682e-09,0.143041645544901,0.00381222274076118,0.950767336985942,0.999999999882318
"PLAT",1.36712379085925e-09,0.142946569973784,0.00380937360716812,0.950785714527277,0.999999999882318
"TGIF1",1.36351775053455e-09,0.142274962353537,0.00378930426403633,0.950915362153251,0.999999999882318
"GBP4",1.35619426182201e-09,0.140906207110528,0.00374870867732563,0.951178666843861,0.999999999882318
"DDIT3",1.3477851420677e-09,0.139326558958426,0.00370236486005974,0.95148101028884,0.999999999882318
"RAB21",1.34359373941655e-09,0.138535987668623,0.00367937310571854,0.951631711564225,0.999999999882318
"MT1M",1.33692639511482e-09,0.137273958763876,0.00364294724330171,0.951871438525197,0.999999999882318
"SIK1",1.33403962730444e-09,0.136725829734176,0.00362723210874935,0.951975234738437,0.999999999882318
"PTPRB",1.33178801597158e-09,0.136297581935657,0.00361499825232249,0.952056193921249,0.999999999882318
"DHCR24",1.32977641626328e-09,0.135914447952172,0.00360408594886508,0.952128523638419,0.999999999882318
"CCL19",1.31038829548893e-09,0.132195544354518,0.00349975704970392,0.952825669187485,0.999999999882318
"PCSK5",1.29932054661174e-09,0.130050987025317,0.00344088769977278,0.953223652387301,0.999999999882318
"WNT2",1.29664053127821e-09,0.129529290193573,0.00342670779409673,0.953320024336799,0.999999999882318
"CCDC68",1.28688034095348e-09,0.127621353986008,0.00337531429971128,0.953671001434297,0.999999999882318
"C9orf24",1.28674698013043e-09,0.12759519696451,0.00337461476090449,0.9536757971608,0.999999999882318
"COL2A1",1.28674688791927e-09,0.12759517887765,0.00337461427723965,0.953675800476763,0.999999999882318
"ZIM2",1.28674686260289e-09,0.12759517391194,0.0033746141444505,0.953675801387154,0.999999999882318
"CYYR1",1.28107435873961e-09,0.126480385203068,0.00334492638171295,0.953879789209914,0.999999999882318
"CDKN1A",1.28096406258359e-09,0.126458666533934,0.0033443504328812,0.9538837555788,0.999999999882318
"CHST8",1.26157761424268e-09,0.122615607085681,0.00324388787785067,0.954580930852487,0.999999999882318
"MIR155HG",1.25937728177034e-09,0.122176170393484,0.00323258233891335,0.954660061394294,0.999999999882318
"PTPRM",1.24692382624036e-09,0.119676324603472,0.0031689671228069,0.955107933331307,0.999999999882318
"IFNGR2",1.23552742787465e-09,0.117369474827484,0.00311130558274715,0.955517802040612,0.999999999882318
"IL1R1",1.23021242834976e-09,0.116287252570895,0.00308459469195792,0.955708958741041,0.999999999882318
"MFSD2A",1.22129132290306e-09,0.114461548233391,0.00304001992089225,0.956029816622576,0.999999999882318
"PTHLH",1.21172715167238e-09,0.112491250132571,0.00299259237685324,0.956373811021909,0.999999999882318
"TCF21",1.20544001939986e-09,0.11118863281872,0.00296161838562035,0.956599944641775,0.999999999882318
"XAF1",1.2043805407763e-09,0.110968537445018,0.00295641465519167,0.956638051984085,0.999999999882318
"AC245140.2",1.19326005782485e-09,0.108648110197145,0.00290207140380989,0.957038039637003,0.999999999882318
"LINC01133",1.19304426760281e-09,0.108602896275578,0.00290102187231215,0.957045801405831,0.999999999882318
"TNFSF10",1.18825939512507e-09,0.107598494662383,0.00287779862034134,0.957217909758102,0.999999999882318
"AL135905.1",1.18744444350458e-09,0.107427074494602,0.00287385257552314,0.95724722316894,0.999999999882318
"PRKCH",1.17954070724407e-09,0.105759215974705,0.00283572265853877,0.957531519686525,0.999999999882318
"MMRN1",1.17429198781624e-09,0.104646218655764,0.00281054201440068,0.9577203185299,0.999999999882318
"SDCBP",1.16405534506725e-09,0.102462960907211,0.00276175497611169,0.958088542075102,0.999999999882318
"SLC16A10",1.16023121882832e-09,0.101643049906024,0.0027436390817906,0.95822610249273,0.999999999882318
"SNHG12",1.14171340827944e-09,0.0976390209931418,0.00265675856498448,0.958892237604757,0.999999999882318
"B4GALT1",1.13883503674792e-09,0.0970115538430065,0.0026433795531041,0.958995782907159,0.999999999882318
"SMAD7",1.12812948951307e-09,0.0946655819535844,0.00259391529692193,0.959380905727279,0.999999999882318
"OAF",1.12809441573632e-09,0.0946578641057621,0.00259375400871414,0.959382167491749,0.999999999882318
"SLFN12",1.12192139200166e-09,0.0932962369072024,0.00256544521246829,0.9596042410245,0.999999999882318
"BCAT1",1.12014049923877e-09,0.0929021960849894,0.00255730710815147,0.959668308937659,0.999999999882318
"LSP1",1.11743470553041e-09,0.0923024623747861,0.00254496724879299,0.959765650814473,0.999999999882318
"RCAN2",1.10793593315948e-09,0.0901869822671467,0.00250188407185423,0.960107377218713,0.999999999882318
"LAMB4",1.10440163118588e-09,0.0893958074064185,0.00248594757236344,0.96023452860864,0.999999999882318
"NOV",1.1012519934094e-09,0.0886888752817422,0.00247178846714355,0.960347842025845,0.999999999882318
"MMP28",1.09518680116841e-09,0.087322559066749,0.00244463648352046,0.960566049581355,0.999999999882318
"RAB39B",1.06695473111571e-09,0.0808743130676551,0.00232022377968583,0.961581794008902,0.999999999882318
"AC100861.2",1.05964009474747e-09,0.0791793347558159,0.00228851968325196,0.961844973087238,0.999999999882318
"CAVIN4",1.0593627978458e-09,0.0791148774238376,0.00228732207590083,0.961854950253423,0.999999999882318
"ITM2A",1.03754791965272e-09,0.0739972288419441,0.00219408886995288,0.962639870025789,0.999999999882318
"ERF",1.03374030885139e-09,0.0730943618950116,0.00217801461051174,0.962776875165794,0.999999999882318
"TNFRSF1B",1.03186027344399e-09,0.0726474926136763,0.00217009962248193,0.962844522851422,0.999999999882318
"DLGAP1-AS2",1.01283277701557e-09,0.0680843161783195,0.00209080428414951,0.963529187743336,0.999999999882318
"ISG15",1.01243474807342e-09,0.0679880634956906,0.00208916129408279,0.963543510276058,0.999999999882318
"HLA-DMB",1.01063323785234e-09,0.0675520023318052,0.00208173306831981,0.963608335329928,0.999999999882318
"C1QTNF1",1.01012308603623e-09,0.0674283950844008,0.00207963194631976,0.963626692537866,0.999999999882318
"NMB",1.0099687010671e-09,0.0673909776217401,0.00207899630224247,0.963632247901642,0.999999999882318
"SEMA5A",1.00850027141552e-09,0.0670348320653142,0.002072955242789,0.963685087725106,0.999999999882318
"RERGL",1.00638070154161e-09,0.0665199622663316,0.00206425091935044,0.963761358393396,0.999999999882318
"TMEM70",1.00333117156545e-09,0.0657775286639484,0.00205175970699843,0.9638710933565,0.999999999882318
"ZC3HAV1",1.0012955376968e-09,0.0652808382922726,0.00204344262339579,0.963944344438164,0.999999999882318
"JADE1",9.81469257160532e-10,0.0603965565115496,0.00196332089070507,0.964657797246768,0.999999999882318
"ALKAL2",9.72080171080691e-10,0.0580533673129431,0.00192593690419399,0.964995675360631,0.999999999882318
"HYAL2",9.70994228601033e-10,0.0577810792326027,0.00192163625381076,0.965034754778154,0.999999999882318
"SCGB1D2",9.62791712353263e-10,0.0557157487169125,0.00188930717095424,0.96532993845705,0.999999999882318
"VEGFC",9.46318140767251e-10,0.0515209518331595,0.00182520738592471,0.965922786641125,0.999999999882318
"HMOX1",9.44735198439479e-10,0.0511145214946669,0.00181910630539356,0.96597975430638,0.999999999882318
"SLFN11",9.41290072907387e-10,0.0502279029202697,0.00180586318139964,0.966103739687321,0.999999999882318
"CLEC14A",9.36560242176483e-10,0.0490060292001788,0.00178776043545604,0.966273961194809,0.999999999882318
"YBX3",9.36354710294184e-10,0.0489528112751133,0.00178697585923216,0.966281358100512,0.999999999882318
"ETV6",9.33217244260198e-10,0.0481391641058613,0.0017750205970727,0.96639427301227,0.999999999882318
"NRN1",9.32596528704316e-10,0.0479779091527325,0.00177266012530443,0.96641661215226,0.999999999882318
"CCL2",9.32004963116462e-10,0.0478241397238807,0.0017704119673752,0.966437902228819,0.999999999882318
"C4orf48",9.03935331211329e-10,0.0404279085509983,0.00166537718073164,0.96744813800476,0.999999999882318
"ARPC5L",9.00707221537918e-10,0.0395644922542819,0.00165350371887665,0.967564322170481,0.999999999882318
"TRAF4",8.92063053473659e-10,0.0372390661536093,0.00162191836614163,0.967875441208908,0.999999999882318
"MT1X",8.88787648677712e-10,0.0363527805527247,0.00161002977534599,0.967993330154079,0.999999999882318
"EZR",8.80851085867272e-10,0.0341933457373644,0.00158140415151988,0.968278987213668,0.999999999882318
"CHSY1",8.78818905398433e-10,0.0336376825317549,0.00157411576514858,0.968352131207793,0.999999999882318
"SYNM",8.78293910744647e-10,0.0334939496864854,0.00157223561551773,0.96837102731198,0.999999999882318
"MSC",8.77571583951523e-10,0.0332960685571712,0.00156965060178121,0.968397026010211,0.999999999882318
"CEBPG",8.77447765759496e-10,0.0332621343249661,0.00156920770323598,0.96840148260005,0.999999999882318
"CCND1",8.75502844594063e-10,0.032728549658837,0.00156225890712511,0.968471486302933,0.999999999882318
"SLC20A1",8.73044953878975e-10,0.0320527493043649,0.00155349943440972,0.968559953707246,0.999999999882318
"PLIN2",8.68787234322559e-10,0.0308781390501056,0.00153838397850622,0.968713203664276,0.999999999882318
"GSK3A",8.66467210211534e-10,0.0302359769943629,0.00153017869577418,0.968796709790673,0.999999999882318
"LTC4S",8.63350415087356e-10,0.0293709064440521,0.00151918999215151,0.968908895149207,0.999999999882318
"CNKSR3",8.61605366102718e-10,0.028885373378326,0.00151305486630802,0.968971706394752,0.999999999882318
"CTSS",8.59875792967043e-10,0.0284032975418987,0.00150698639795543,0.969033960792942,0.999999999882318
"FUT1",8.57909763321906e-10,0.0278542851585516,0.00150010309483005,0.969104726455395,0.999999999882318
"TBX2-AS1",8.34444568566791e-10,0.0212153332383899,0.00141916493114057,0.969949355969401,0.999999999882318
"ADM5",8.29330590965471e-10,0.0197468254233586,0.00140182324411896,0.970133438062273,0.999999999882318
"GIMAP4",8.2853629979185e-10,0.0195180305968327,0.00139913933824142,0.970162029410215,0.999999999882318
"TMSB10",8.26208561257235e-10,0.0188464220175687,0.00139128873329332,0.97024581903284,0.999999999882318
"GAST",8.25897490807073e-10,0.0187565454941272,0.00139024128024187,0.970257016395946,0.999999999882318
"DHX35",8.19070626539069e-10,0.016776596156584,0.0013673528167343,0.970502759236764,0.999999999882318
"OLFM1",8.12640025585931e-10,0.0148983381185788,0.00134596666736756,0.970734240569121,0.999999999882318
"ID3",7.93450524116698e-10,0.00921519347058456,0.00128315047536577,0.971425016618585,0.999999999882318
"NPDC1",7.92723128353461e-10,0.00899741513777296,0.00128079889738341,0.971451201547223,0.999999999882318
"POU2F2",7.91127778090273e-10,0.00851916378355571,0.00127564888548674,0.971508631371897,0.999999999882318
"SERPINB1",7.84033757082212e-10,0.00638227079879062,0.00125287403918995,0.971764005529941,0.999999999882318
"AC116366.1",7.80017174876417e-10,0.00516487497007626,0.00124007004590295,0.971908597773962,0.999999999882318
"SAPCD1-AS1",7.61560310097196e-10,-0.000500674714850334,0.00118207896874154,0.97257303503428,0.999999999882318
"USP43",7.61560286190574e-10,-0.000500682130627079,0.00118207889452676,0.972573035894918,0.999999999882318
"AC008629.1",7.61560264669145e-10,-0.000500688806523021,0.00118207882771648,0.97257303666969,0.999999999882318
"ZNF311",7.61560264072652e-10,-0.000500688991553352,0.00118207882586475,0.972573036691163,0.999999999882318
"CSF1",7.57956824422215e-10,-0.00162078512926047,0.00117091891494535,0.972702760826668,0.999999999882318
"DEPP1",7.44483099302926e-10,-0.00585062554236944,0.00112965953615656,0.973187822453445,0.999999999882318
"DLGAP1",7.41748051708577e-10,-0.00671740510434128,0.00112137460060461,0.973286286910508,0.999999999882318
"DLX5",7.33865987675047e-10,-0.00923107121927248,0.00109766901852006,0.973570051394686,0.999999999882318
"DDTL",7.23001452167341e-10,-0.0127348316310754,0.00106540866759587,0.973961194179872,0.999999999882318
"EDNRB",7.22111107185403e-10,-0.0130239992177086,0.00106278627399019,0.973993248476702,0.999999999882318
"LCN6",7.14723984587802e-10,-0.015435291110751,0.00104115310616884,0.97425920208266,0.999999999882318
"EGFL7",7.10134390854325e-10,-0.0169444103283667,0.0010278245277981,0.974424439581972,0.999999999882318
"CCL7",7.04334917593769e-10,-0.0188635913465911,0.00101110515562347,0.974633237509478,0.999999999882318
"PARD6G-AS1",7.01748013703905e-10,-0.0197241152756129,0.00100369155619341,0.974726374144983,0.999999999882318
"FAM107A",7.00725986460313e-10,-0.0200648529366932,0.00100077012825665,0.974763170419127,0.999999999882318
"AC004540.2",6.90187246440735e-10,-0.0236039663674823,0.000970893841689864,0.97514260213801,0.999999999882318
"RPGR",6.89650531779132e-10,-0.0237854663387079,0.000969384424203585,0.975161925905395,0.999999999882318
"TCHH",6.80353396614357e-10,-0.0269492161360984,0.000943424175792837,0.975496660404992,0.999999999882318
"FYN",6.7229022988972e-10,-0.0297237961961065,0.000921194817957253,0.975786970542196,0.999999999882318
"AVPR1A",6.67205301046607e-10,-0.0314885376045485,0.000907312434528103,0.975970052420304,0.999999999882318
"PCOLCE2",6.60960729618976e-10,-0.0336718877012698,0.000890408301859076,0.976194888736037,0.999999999882318
"PLAUR",6.54510316172606e-10,-0.0359462178975543,0.000873113852775918,0.976427138396591,0.999999999882318
"ACTC1",6.44233102577116e-10,-0.0396106177205073,0.000845909610806522,0.976797177614728,0.999999999882318
"NRXN3",6.39513875397922e-10,-0.0413104273664926,0.000833561850082292,0.976967098806123,0.999999999882318
"RASSF5",6.35452470538906e-10,-0.0427820960801676,0.000823007952100202,0.977113335186937,0.999999999882318
"TRDN",6.32335626083332e-10,-0.0439170838979874,0.000814954173513243,0.977225561913495,0.999999999882318
"NFKBID",6.30517444030275e-10,-0.0445814281376507,0.000810274365060957,0.977291028532813,0.999999999882318
"METRNL",6.296209973205e-10,-0.0449095965607382,0.000807971965868583,0.977323306619491,0.999999999882318
"REL",6.28884267203673e-10,-0.0451796022426476,0.00080608222895364,0.977349833866712,0.999999999882318
"FZD8",6.22389621830243e-10,-0.0475718716089863,0.000789518973087794,0.977583685932092,0.999999999882318
"ANKRD37",6.18559997874979e-10,-0.0489927375500832,0.000779832890496424,0.97772157973428,0.999999999882318
"ATP2A2",6.17983682836816e-10,-0.0492072268760346,0.000778380420062132,0.977742331247718,0.999999999882318
"SFRP2",6.15958537434181e-10,-0.0499623217372155,0.000773287241280911,0.977815251262037,0.999999999882318
"PMAIP1",6.12225303495305e-10,-0.0513599977515739,0.000763942087100569,0.977949675414994,0.999999999882318
"SOCS1",6.11799247874859e-10,-0.0515199807970263,0.000762879182432914,0.977965016622032,0.999999999882318
"GDF15",6.05878094062416e-10,-0.0537535011556235,0.000748183950184381,0.978178223538178,0.999999999882318
"CCDC144NL-AS1",6.04806475412548e-10,-0.0541597637848498,0.00074553965973185,0.978216810189355,0.999999999882318
"IFIT2",6.04200727374931e-10,-0.0543896880146939,0.000744047006964152,0.978238621878058,0.999999999882318
"LRG1",6.0346853198935e-10,-0.0546678770134325,0.00074224476587995,0.9782649866865,0.999999999882318
"EXTL3-AS1",5.92982290496252e-10,-0.05868471051314,0.000716673478433766,0.978642576672464,0.999999999882318
"AK9",5.90776864658621e-10,-0.0595374082064164,0.000711352473084101,0.978721990552847,0.999999999882318
"GLIS2-AS1",5.8845854128276e-10,-0.0604367604115805,0.000705780456364373,0.978805469921549,0.999999999882318
"ZNF331",5.8767633993925e-10,-0.0607409001102474,0.000703905403250634,0.978833635878271,0.999999999882318
"GIMAP7",5.87574766946147e-10,-0.0607804202105796,0.000703662100619467,0.978837293379075,0.999999999882318
"AC020916.1",5.8524680105538e-10,-0.0616878274490906,0.000698097340560111,0.978921120282542,0.999999999882318
"PTGS2",5.84994819188975e-10,-0.0617862354093211,0.000697496329153151,0.978930193822758,0.999999999882318
"CD83",5.8420636232403e-10,-0.0620943955767686,0.000695617423077009,0.978958585149526,0.999999999882318
"TGFB1",5.82795804564027e-10,-0.0626466052637566,0.000692262362056008,0.979009377603091,0.999999999882318
"UBE2QL1",5.78811530986808e-10,-0.0642127144239584,0.000682829437006776,0.979152846863164,0.999999999882318
"TMEM132C",5.78811522313139e-10,-0.0642127178435818,0.000682829416541958,0.979152847175494,0.999999999882318
"LINC02158",5.78811516133195e-10,-0.0642127202800461,0.00068282940196088,0.979152847398028,0.999999999882318
"LIMD2",5.77012058252283e-10,-0.0649231282726476,0.000678590326765539,0.979217644096239,0.999999999882318
"NLRP3",5.74351743466846e-10,-0.0659769490107986,0.000672347468342907,0.979313439651088,0.999999999882318
"RHOH",5.72394671213064e-10,-0.0667549234933044,0.000667773300069706,0.979383912262203,0.999999999882318
"SLC16A3",5.720482077411e-10,-0.0668928916109506,0.000666965154752288,0.979396388152307,0.999999999882318
"CLDN5",5.69894882750965e-10,-0.0677520261129036,0.000661953375566506,0.979473927885114,0.999999999882318
"FOXA3",5.67183428589006e-10,-0.0688378873642419,0.000655669457276141,0.979571565736351,0.999999999882318
"WNK1",5.57416838787662e-10,-0.0727871048827465,0.000633283327528613,0.979923257350631,0.999999999882318
"AIF1",5.57067528880239e-10,-0.0729294686066607,0.000632489871669702,0.979935835955614,0.999999999882318
"ZNF572",5.44172151190419e-10,-0.0782404650562563,0.000603546187892924,0.980400200318272,0.999999999882318
"AL109976.1",5.36861151023446e-10,-0.0813005697148634,0.000587437737896906,0.98066347342181,0.999999999882318
"SPINK9",5.36861116545686e-10,-0.0813005842315837,0.000587437662445232,0.980663474663378,0.999999999882318
"SCRT1",5.36860970504107e-10,-0.081300645721805,0.000587437342845582,0.980663479922436,0.999999999882318
"SIRT1",5.30807165041779e-10,-0.0838622243721084,0.000574263798770658,0.980881482354269,0.999999999882318
"AC007613.1",5.22736721694421e-10,-0.0873171122088993,0.000556934223804905,0.981172107765314,0.999999999882318
"CPVL",5.20065676505468e-10,-0.0884708334514042,0.000551257194405941,0.981268295549524,0.999999999882318
"CFLAR",5.18010718955777e-10,-0.089361973765211,0.000546909389410554,0.981342297408217,0.999999999882318
"OSGIN1",5.08779318156522e-10,-0.0934037179694512,0.000527590278326075,0.981674734868524,0.999999999882318
"UGCG",5.05324133504024e-10,-0.0949329826408178,0.000520448745950963,0.981799162397981,0.999999999882318
"OCIAD2",5.02331031590235e-10,-0.0962651337272786,0.000514301631113664,0.981906949839485,0.999999999882318
"SPESP1",5.0093709784898e-10,-0.0968879059197983,0.000511451288711629,0.981957148226879,0.999999999882318
"UTRN",4.98929427017023e-10,-0.0977875459961026,0.000507359884154386,0.982029448659918,0.999999999882318
"BMP4",4.9836892642379e-10,-0.0980392719373137,0.000506220581615789,0.982049633486998,0.999999999882318
"MEDAG",4.95610612284633e-10,-0.0992816722953181,0.000500632547401397,0.98214896645526,0.999999999882318
"ABCA1",4.9164148544525e-10,-0.101080092646395,0.00049264596587357,0.982291903941353,0.999999999882318
"CD55",4.91384442630968e-10,-0.101196996249898,0.000492130964571763,0.982301160670395,0.999999999882318
"AC074366.1",4.87311506795116e-10,-0.103056544360719,0.000484006528125831,0.982447837188384,0.999999999882318
"STC2",4.86538663905201e-10,-0.103410927336987,0.000482472542652172,0.982475669244183,0.999999999882318
"ZFP3",4.83865397024245e-10,-0.104640545137286,0.000477185256569204,0.982571940609207,0.999999999882318
"TMPRSS2",4.83865371165985e-10,-0.104640557059946,0.000477185205566672,0.982571941540432,0.999999999882318
"HIST1H4B",4.8386536178756e-10,-0.104640561384127,0.000477185187068775,0.982571941878175,0.999999999882318
"FAM84A",4.80226160813113e-10,-0.106324055139522,0.000470034262603386,0.982702999475795,0.999999999882318
"AC083829.2",4.79772831816334e-10,-0.106534545289147,0.000469147265578819,0.982719325127751,0.999999999882318
"VCAM1",4.74826074185235e-10,-0.108842795702846,0.000459522737337446,0.982897472249438,0.999999999882318
"PTX3",4.70666106730128e-10,-0.110800239327588,0.000451506219539287,0.983047285430352,0.999999999882318
"DLL4",4.6479712179885e-10,-0.113587719574016,0.000440316283562345,0.983258646585259,0.999999999882318
"GNG2",4.63861011614299e-10,-0.114035167145834,0.00043854445897733,0.98329235905378,0.999999999882318
"CCL8",4.63274226490645e-10,-0.114316044733319,0.000437435641483298,0.983313491170042,0.999999999882318
"CD48",4.6103205362626e-10,-0.115392181637472,0.000433211651471587,0.983394239503541,0.999999999882318
"SMPDL3B",4.60392615091499e-10,-0.115699919993988,0.000432010780003382,0.983417267909095,0.999999999882318
"LINC02154",4.60392607339411e-10,-0.115699923727049,0.000432010765454991,0.983417268188274,0.999999999882318
"SOX9",4.59808572023676e-10,-0.11598132508806,0.000430915398131638,0.983438301343297,0.999999999882318
"ADAM8",4.55412985643859e-10,-0.11810929710382,0.000422716019407172,0.983596602155564,0.999999999882318
"IL6",4.54713124739017e-10,-0.118449765666046,0.00042141779074171,0.983621806713691,0.999999999882318
"MYCT1",4.52610722177055e-10,-0.119475304382119,0.000417529881762135,0.983697522039339,0.999999999882318
"CORO1A",4.40452948041878e-10,-0.125488755064952,0.000395400240181009,0.984135371504699,0.999999999882318
"HCST",4.40258826304075e-10,-0.125585941940816,0.000395051785855863,0.984142362634298,0.999999999882318
"EPAS1",4.40157447881497e-10,-0.125636711844027,0.000394869869613108,0.984146013692613,0.999999999882318
"CAVIN2",4.39886281860578e-10,-0.125772560926561,0.000394383487709914,0.984155779509593,0.999999999882318
"TSR1",4.37791906516098e-10,-0.126824276086808,0.000390636970700106,0.98423120676221,0.999999999882318
"CYTIP",4.35951341162891e-10,-0.127752173689342,0.000387359242318908,0.984297493367422,0.999999999882318
"MARCKS",4.32764605456665e-10,-0.129366851538079,0.000381716870175564,0.984412261562212,0.999999999882318
"SRGN",4.19617266066572e-10,-0.136140274235492,0.000358876140959203,0.984885757745594,0.999999999882318
"HOTAIRM1",4.12266739899271e-10,-0.140008464984544,0.000346413241572476,0.985150486344345,0.999999999882318
"TNFAIP3",4.09844820354974e-10,-0.141296197547278,0.000342355089163322,0.985237711938206,0.999999999882318
"SLC2A3",4.0270624275691e-10,-0.145130842248396,0.000330532836573074,0.98549480930901,0.999999999882318
"AL731577.1",3.88892448682371e-10,-0.152723048415394,0.00030824561495042,0.985992320256812,0.999999999882318
"RXRG",3.88377247898677e-10,-0.15301074069967,0.000307429434594844,0.986010875586433,0.999999999882318
"VIT",3.88377242911451e-10,-0.153010743486191,0.000307429426699326,0.986010875766051,0.999999999882318
"WNT10B",3.88377228925264e-10,-0.153010751300717,0.000307429404557115,0.986010876269774,0.999999999882318
"FNDC5",3.88377209409886e-10,-0.153010762204577,0.000307429373661376,0.986010876972635,0.999999999882318
"RBP4",3.88377169294383e-10,-0.153010784618382,0.000307429310152586,0.986010878417424,0.999999999882318
"PRSS35",3.88377163764903e-10,-0.153010787707878,0.0003074293013986,0.986010878616572,0.999999999882318
"SEMA3D",3.79197879261003e-10,-0.158193305731271,0.000293068867483933,0.986341478459824,0.999999999882318
"HLA-DPB1",3.79093711609492e-10,-0.158252743978282,0.000292907874481679,0.986345230161145,0.999999999882318
"AC103591.3",3.76460933608335e-10,-0.159759771186912,0.000288853554638969,0.986440052373028,0.999999999882318
"SNTG2",3.71784178964919e-10,-0.162459649051075,0.000281721307863024,0.986608490980788,0.999999999882318
"CD320",3.69677556471358e-10,-0.163685503404379,0.000278537745608636,0.98668436356787,0.999999999882318
"COL13A1",3.6965867194702e-10,-0.163696519983487,0.000278509288817617,0.98668504371767,0.999999999882318
"TNFAIP6",3.66553865278765e-10,-0.16551447962738,0.000273850471749593,0.986796867350261,0.999999999882318
"ACP5",3.66441817917229e-10,-0.165580338020647,0.000273683077344683,0.98680090288594,0.999999999882318
"CAPS",3.61124498144432e-10,-0.168726131414593,0.000265798049167748,0.986992413660194,0.999999999882318
"CTSC",3.60683045876861e-10,-0.168989116287312,0.000265148603154343,0.987008313220339,0.999999999882318
"APOC1",3.59737899029914e-10,-0.169553112549134,0.00026376081394301,0.987042354107425,0.999999999882318
"CTHRC1",3.58730864838391e-10,-0.170155465424663,0.000262286160414756,0.987078623986384,0.999999999882318
"PTPRC",3.54728723663527e-10,-0.17256402808592,0.00025646647285077,0.987222767494409,0.999999999882318
"NTS",3.54044868401674e-10,-0.172977958192774,0.000255478580534959,0.987247397676009,0.999999999882318
"DEGS2",3.53347232767459e-10,-0.173400949980428,0.00025447274552444,0.987272524193102,0.999999999882318
"CSF2RB",3.53347216395936e-10,-0.173400959915401,0.000254472721943635,0.98727252478275,0.999999999882318
"SPNS2",3.53345149960903e-10,-0.173402213924008,0.000254469745552223,0.987272599208891,0.999999999882318
"PDGFRA",3.52216098952399e-10,-0.174088334690241,0.00025284611890732,0.987313263900842,0.999999999882318
"MEOX1",3.51568086548078e-10,-0.174482998404062,0.000251916594689291,0.987336603184381,0.999999999882318
"RUNDC3B",3.51526885183858e-10,-0.174508113059183,0.000251857552361069,0.987338087122887,0.999999999882318
"C6orf141",3.51328238203986e-10,-0.174629236189526,0.000251572984618926,0.987345241738602,0.999999999882318
"HEY1",3.50710197158119e-10,-0.175006464051267,0.000250688651082722,0.987367501565931,0.999999999882318
"AC137630.2",3.49029177739672e-10,-0.176035438678976,0.000248291215596047,0.987428046464944,0.999999999882318
"IL27RA",3.48805183359398e-10,-0.176172875474489,0.000247972629103065,0.987436114025727,0.999999999882318
"TMEM88",3.48345847664939e-10,-0.17645495264913,0.000247319957141968,0.987452657831558,0.999999999882318
"CCL3L1",3.48342291427531e-10,-0.176457137795431,0.000247314907424857,0.987452785915902,0.999999999882318
"ENPP2",3.47463434056583e-10,-0.176997754372689,0.000246068545182139,0.987484439568807,0.999999999882318
"SMAGP",3.4541676420257e-10,-0.178261380664403,0.000243178239151151,0.987558154196856,0.999999999882318
"TUBA4A",3.45216522849123e-10,-0.178385362006378,0.000242896375440425,0.987565366267995,0.999999999882318
"CRHBP",3.44349689930606e-10,-0.178922795796766,0.000241678089433725,0.987596586907046,0.999999999882318
"LINC01588",3.43386491117554e-10,-0.179521364624391,0.000240327959090267,0.987631278369662,0.999999999882318
"STXBP6",3.36378036591134e-10,-0.183921413850833,0.000230617972184419,0.98788370207406,0.999999999882318
"JAM2",3.34830198507194e-10,-0.184903967352733,0.000228500485486265,0.987939450766395,0.999999999882318
"EVI2B",3.34299663310368e-10,-0.185241659774531,0.000227776945562776,0.98795855913746,0.999999999882318
"PHACTR1",3.28618512881472e-10,-0.188887449749278,0.000220100960829839,0.988163178472184,0.999999999882318
"HIST1H2BG",3.19000716957028e-10,-0.195187000831568,0.000207405946949573,0.988509586663769,0.999999999882318
"AC004687.1",3.18279636155101e-10,-0.195665961299567,0.000206469350840542,0.988535558221691,0.999999999882318
"HAVCR2",3.16350571390671e-10,-0.196951973284973,0.000203974150419624,0.988605038452121,0.999999999882318
"CXCL3",3.15440616282352e-10,-0.197560975555958,0.000202802409982374,0.988637812856434,0.999999999882318
"CST7",3.12902055991758e-10,-0.199268100555019,0.000199551372897911,0.988729245821257,0.999999999882318
"DUSP4",3.0991094770806e-10,-0.201295155282996,0.000195754485710104,0.988836978689171,0.999999999882318
"RGS1",3.09152822591839e-10,-0.201811646822883,0.000194797921429622,0.988864284651444,0.999999999882318
"GPR183",3.04036749770409e-10,-0.205326324512944,0.000188403969530133,0.989048554431968,0.999999999882318
"CD68",2.99147503969851e-10,-0.208733808461945,0.000182393204465843,0.989224654944152,0.999999999882318
"C1orf162",2.98235910902953e-10,-0.209374505849326,0.000181283283484554,0.989257488697594,0.999999999882318
"LAPTM5",2.9320534476953e-10,-0.212941242669037,0.000175219183344373,0.989438679923173,0.999999999882318
"CMIP",2.71629938215104e-10,-0.228872359540325,0.000150381064997239,0.990215790241575,0.999999999882318
"AC104590.1",2.70021154580158e-10,-0.23010410025233,0.000148605015152796,0.99027373633773,0.999999999882318
"KCNJ2",2.68964823450384e-10,-0.230916356609855,0.000147444594547251,0.99031178390908,0.999999999882318
"PLK5",2.66535312485134e-10,-0.232795138484892,0.00014479294371774,0.990399291582915,0.999999999882318
"ELAVL3",2.64196214927788e-10,-0.234618196261861,0.000142262707260759,0.990483542798159,0.999999999882318
"NR4A2",2.55303532655946e-10,-0.241680317963794,0.000132846933758109,0.990803846469438,0.999999999882318
"AC013565.1",2.5398452427701e-10,-0.242746055947588,0.000131477790372276,0.99085135568509,0.999999999882318
"HLA-DQA2",2.53364003823322e-10,-0.243249100510129,0.000130836137130765,0.990873706153317,0.999999999882318
"SLC4A4",2.53363991192178e-10,-0.243249110760919,0.000130836124085423,0.990873706608277,0.999999999882318
"LINC00346",2.53363980404347e-10,-0.243249119515771,0.00013083611294384,0.990873706996843,0.999999999882318
"COL8A1",2.48515220392945e-10,-0.24721742811998,0.000125876271724528,0.991048354275781,0.999999999882318
"CYTL1",2.48248090162734e-10,-0.247438012736592,0.000125605807119907,0.991057976040632,0.999999999882318
"CYP27C1",2.44831039828644e-10,-0.250278117480594,0.000122171762896935,0.991181054904768,0.999999999882318
"FYB1",2.44557109806994e-10,-0.250507293176373,0.000121898531270595,0.991190921609617,0.999999999882318
"NFKBIA",2.44414487618245e-10,-0.250626702755849,0.000121756393788836,0.991196058728866,0.999999999882318
"SUGCT",2.43753049646124e-10,-0.251181285041355,0.000121098287704818,0.991219883117266,0.999999999882318
"DLX2",2.43399435264497e-10,-0.251478312495704,0.000120747186169747,0.991232619985804,0.999999999882318
"UACA",2.41320343970777e-10,-0.253232363877461,0.000118693177899248,0.99130750700908,0.999999999882318
"HSPA1L",2.40988785893462e-10,-0.253513306998129,0.000118367248915898,0.991319449443875,0.999999999882318
"AC025164.1",2.39900443532167e-10,-0.254437885542265,0.000117300533748881,0.991358650606813,0.999999999882318
"RNF125",2.35883193349518e-10,-0.257882700391783,0.000113404916614291,0.991503348709489,0.999999999882318
"RBP7",2.34484395767943e-10,-0.25909421728886,0.000112063912383281,0.991553732332955,0.999999999882318
"KCNN1",2.34315357102508e-10,-0.259241051331297,0.000111902397958204,0.991559820979217,0.999999999882318
"FAM69B",2.3198956091717e-10,-0.261270791205361,0.000109691953859478,0.991643594467517,0.999999999882318
"ETV4",2.31865017637827e-10,-0.261379981902619,0.00010957420952179,0.991648080428533,0.999999999882318
"HOXD1",2.29794267599179e-10,-0.263203020297179,0.000107625769060921,0.991722667421913,0.999999999882318
"CEBPD",2.29704371375114e-10,-0.263282487438489,0.000107541578468375,0.99172590542377,0.999999999882318
"TAGAP",2.29503829515496e-10,-0.263459861927097,0.000107353883530566,0.991733128807898,0.999999999882318
"NR5A2",2.27934274753672e-10,-0.264852793269048,0.000105890538633221,0.991789663147716,0.999999999882318
"TGFB2",2.26857282852934e-10,-0.265813447406072,0.000104892234847639,0.99182845571809,0.999999999882318
"HSPA12B",2.26714784316323e-10,-0.265940851501811,0.000104760501844711,0.991833588427134,0.999999999882318
"PTCH2",2.26681866095567e-10,-0.265970292744213,0.000104730082311382,0.991834774121109,0.999999999882318
"CMTM8",2.26200283168446e-10,-0.266401436306967,0.000104285559378068,0.991852120442682,0.999999999882318
"MCHR1",2.22738355810335e-10,-0.269524600754505,0.000101117868289135,0.991976817055007,0.999999999882318
"LPCAT2",2.22500633477988e-10,-0.269740614006436,0.000100902143001236,0.991985379682545,0.999999999882318
"LIF",2.21772045172881e-10,-0.270403925411753,0.00010024240775208,0.992011623037932,0.999999999882318
"SCX",2.19150890197983e-10,-0.272806097898565,9.78868526076488e-05,0.992106035689049,0.999999999882318
"LDLRAD4",2.18160982009949e-10,-0.273719840338843,9.7004536778352e-05,0.992141691700559,0.999999999882318
"IRF8",2.17752934824515e-10,-0.274097546365367,9.66420025574595e-05,0.992156389366304,0.999999999882318
"PDGFA",2.17479349905198e-10,-0.274351134855004,9.63993129697699e-05,0.992166243766602,0.999999999882318
"MPZL2",2.13963477198784e-10,-0.277635089815262,9.33076347786392e-05,0.992292883955993,0.999999999882318
"AFMID",2.11476367830457e-10,-0.279986739971401,9.11510281702948e-05,0.992382468659613,0.999999999882318
"NRGN",2.0976580298081e-10,-0.281618207589849,8.96824087319872e-05,0.992444082590158,0.999999999882318
"PLPP3",2.06822330964755e-10,-0.284452986440598,8.71831875494572e-05,0.992550105498598,0.999999999882318
"CCL23",2.04882149928566e-10,-0.286340863088932,8.55551450581537e-05,0.992619990263024,0.999999999882318
"ITPKC",2.04850371095675e-10,-0.286371915035909,8.55286065646657e-05,0.992621134927942,0.999999999882318
"ARL4C",2.03763841140975e-10,-0.287436133266054,8.46237222536755e-05,0.992660271450548,0.999999999882318
"FOXC1",1.98530347979268e-10,-0.292632690864791,8.03325760955308e-05,0.992848780740623,0.999999999882318
"ELL2",1.96089063385427e-10,-0.295097805957233,7.83690587535991e-05,0.992936715420075,0.999999999882318
"CD52",1.94661791515101e-10,-0.296551461195711,7.72323622350903e-05,0.9929881255637,0.999999999882318
"CLEC7A",1.94469409543363e-10,-0.296748111170903,7.70797819884694e-05,0.992995055139059,0.999999999882318
"RAC2",1.92574665632957e-10,-0.298694026336155,7.5585099900155e-05,0.993063303613739,0.999999999882318
"OTULINL",1.88740357219457e-10,-0.302683625103997,7.26051508091225e-05,0.993201415150854,0.999999999882318
"CXCR4",1.88052410449644e-10,-0.303406916463888,7.20768329637169e-05,0.993226194969973,0.999999999882318
"BCL2A1",1.86643525614022e-10,-0.304895431122919,7.1000882284798e-05,0.993276942973932,0.999999999882318
"CSF2RA",1.84227796213265e-10,-0.307470702530368,6.91748459137207e-05,0.993363957562432,0.999999999882318
"LYZ",1.82580695408553e-10,-0.30924355567238,6.7943450740618e-05,0.993423286189292,0.999999999882318
"KYNU",1.8076363393385e-10,-0.311215633300629,6.65978200193668e-05,0.993488736847425,0.999999999882318
"ALOX5AP",1.78029614976244e-10,-0.31421578710386,6.4598493756651e-05,0.993587216448902,0.999999999882318
"CSTA",1.77308922156468e-10,-0.315013336838221,6.40765419660586e-05,0.993613175883504,0.999999999882318
"ALOX5",1.76503692035457e-10,-0.315907796966628,6.34958695301003e-05,0.993642180368987,0.999999999882318
"MSR1",1.76503615544095e-10,-0.315907882103473,6.34958144957336e-05,0.993642183124215,0.999999999882318
"AREG",1.7588624469776e-10,-0.316596084278695,6.30524025315168e-05,0.993664420901798,0.999999999882318
"TYROBP",1.75139127267977e-10,-0.317431747620083,6.25178809274304e-05,0.993691332174646,0.999999999882318
"NR2F1",1.73702872832138e-10,-0.31904701085932,6.14967109514923e-05,0.993743066277618,0.999999999882318
"TRAF1",1.71487579074694e-10,-0.321561441847683,5.99381349506552e-05,0.993822861546806,0.999999999882318
"IDI1",1.71247344322011e-10,-0.321835819526619,5.9770319447512e-05,0.993831514848406,0.999999999882318
"AHR",1.67588284666954e-10,-0.326057046760055,5.7243370620486e-05,0.993963314963992,0.999999999882318
"HLA-DQA1",1.67420215495006e-10,-0.326252865630759,5.71286129368865e-05,0.99396936885569,0.999999999882318
"ID1",1.66048313012016e-10,-0.327857737254012,5.61961834872428e-05,0.994018785123605,0.999999999882318
"CXCL8",1.63870708669394e-10,-0.330429083223952,5.47319031985358e-05,0.994097223019499,0.999999999882318
"GPAT3",1.57700928528824e-10,-0.337880100781074,5.06881437619162e-05,0.994319460471921,0.999999999882318
"ISG20",1.54456201627181e-10,-0.34190143437448,4.8623765414223e-05,0.994436336749806,0.999999999882318
"PCLAF",1.43142518075891e-10,-0.356525921624851,4.17614137145336e-05,0.994843860784979,0.999999999882318
"CYGB",1.39271947219814e-10,-0.361761660679344,3.95334924110894e-05,0.994983280824517,0.999999999882318
"GIMAP1",1.3908536014588e-10,-0.362017256652971,3.94276348052561e-05,0.994990001794965,0.999999999882318
"PTGER4",1.36634502324166e-10,-0.365402679962189,3.8050349044443e-05,0.995078283093164,0.999999999882318
"FAM84B",1.32522213797887e-10,-0.371204175213522,3.57944135079597e-05,0.995226410208851,0.999999999882318
"SNAI1",1.31281430713596e-10,-0.372985533300983,3.51272772545067e-05,0.995271103997268,0.999999999882318
"STEAP4",1.30032435720146e-10,-0.374793602527752,3.44620637766334e-05,0.995316093598811,0.999999999882318
"AL359220.1",1.29812044902648e-10,-0.375114218616698,3.43453438841892e-05,0.995324032219103,0.999999999882318
"LRRC57",1.2797021493757e-10,-0.377812401173522,3.33776445385354e-05,0.995390376147912,0.999999999882318
"GNLY",1.27580112869809e-10,-0.378388231497779,3.31744590997403e-05,0.995404427885512,0.999999999882318
"CLEC3B",1.2717561801924e-10,-0.378986934169463,3.29644322365177e-05,0.995418998062289,0.999999999882318
"PCDH19",1.26152464560195e-10,-0.380508789641632,3.24361548759494e-05,0.995455852745359,0.999999999882318
"AC093677.2",1.26094824740565e-10,-0.380594844610687,3.24065210990102e-05,0.995457928971131,0.999999999882318
"HES5",1.25351551242285e-10,-0.381707626242452,3.20256027307618e-05,0.99548470219425,0.999999999882318
"AP006623.1",1.25294470979547e-10,-0.381793321377671,3.19964429223194e-05,0.995486758264821,0.999999999882318
"ABCA8",1.24391871695053e-10,-0.383152957303687,3.15371099099532e-05,0.995519270519753,0.999999999882318
"AC096637.2",1.2390803433234e-10,-0.383885341864516,3.12922521658855e-05,0.995536698681641,0.999999999882318
"BAALC",1.2390803026662e-10,-0.383885348029289,3.12922501123375e-05,0.995536698828091,0.999999999882318
"FAM111A-DT",1.23908029670321e-10,-0.383885348933445,3.12922498111541e-05,0.99553669884957,0.999999999882318
"AC234772.3",1.23908009829237e-10,-0.383885379018099,3.12922397896548e-05,0.99553669956426,0.999999999882318
"AC092910.3",1.22948951313375e-10,-0.385344523014003,3.08097052884025e-05,0.995571245532397,0.999999999882318
"AL355075.4",1.22892492840301e-10,-0.385430730478311,3.07814159941288e-05,0.99557327920691,0.999999999882318
"KRT18",1.22796959829953e-10,-0.385576680420486,3.07335774601274e-05,0.995576720374222,0.999999999882318
"MILR1",1.21985372378808e-10,-0.386820595986451,3.03286723311398e-05,0.995605954337584,0.999999999882318
"FOXJ1",1.21795375922355e-10,-0.387112846931222,3.02342699837609e-05,0.995612798147368,0.999999999882318
"FAM227A",1.21435882942475e-10,-0.387666907745402,3.00560535749843e-05,0.995625747345406,0.999999999882318
"ANGPT1",1.21396974163635e-10,-0.387726960994671,3.00367963840365e-05,0.995627148867927,0.999999999882318
"CPM",1.20460780402463e-10,-0.389177012610807,2.95753049485622e-05,0.995660871252369,0.999999999882318
"TONSL",1.17089368691457e-10,-0.394481848366387,2.79429861399742e-05,0.995782312033394,0.999999999882318
"HAS1",1.16855971026177e-10,-0.394854013956825,2.78316980234901e-05,0.995790719196177,0.999999999882318
"CD163",1.15467172553191e-10,-0.397082058334504,2.71740862312729e-05,0.9958407447912,0.999999999882318
"AC023157.3",1.14993629202351e-10,-0.39784711774077,2.69516555470244e-05,0.99585780219266,0.999999999882318
"WNK2",1.14908448479562e-10,-0.397985028283166,2.69117418364793e-05,0.995860870469045,0.999999999882318
"STK10",1.1483348955997e-10,-0.398106463291876,2.68766422916066e-05,0.995863570548119,0.999999999882318
"TUBB4A",1.14128763406195e-10,-0.399251533903699,2.65477738762775e-05,0.995888955339207,0.999999999882318
"BRSK1",1.1355293598878e-10,-0.400191760227294,2.62805604041205e-05,0.995909697099383,0.999999999882318
"IL1R2",1.13533825244912e-10,-0.400223036132698,2.6271715211504e-05,0.995910385483579,0.999999999882318
"STAT4",1.13465044597495e-10,-0.400335637972198,2.62398931844314e-05,0.995912863017234,0.999999999882318
"CCL5",1.13427075349489e-10,-0.400397823558165,2.62223346082877e-05,0.99591423069978,0.999999999882318
"KLRB1",1.13126727170126e-10,-0.400890372356606,2.60836480897887e-05,0.995925049480774,0.999999999882318
"FMNL1",1.12887946603616e-10,-0.401282770891287,2.59736529487538e-05,0.995933650547778,0.999999999882318
"FOXC2",1.1281846838053e-10,-0.401397083715549,2.59416912030405e-05,0.995936153209037,0.999999999882318
"KLHL3",1.12810716497704e-10,-0.401409841736844,2.59381263604292e-05,0.995936432438069,0.999999999882318
"CLNK",1.12783958713291e-10,-0.401453885490647,2.59258231944951e-05,0.995937396274914,0.999999999882318
"TMEM176B",1.12503825537462e-10,-0.401915538358203,2.57971938445102e-05,0.995947486896826,0.999999999882318
"ZNF385D",1.12487077378672e-10,-0.401943170740859,2.57895136907504e-05,0.995948090178974,0.999999999882318
"LTBP2",1.12452995052304e-10,-0.40199941345221,2.57738881898587e-05,0.995949317851783,0.999999999882318
"NCF1",1.12420079972776e-10,-0.402053744112293,2.57588023235761e-05,0.995950503479431,0.999999999882318
"GATA3",1.11920470558493e-10,-0.402880126551026,2.55303601513883e-05,0.995968499813623,0.999999999882318
"FAM189A2",1.1185516271917e-10,-0.40298838756343,2.55005738899604e-05,0.995970852254838,0.999999999882318
"HILPDA",1.11232935785455e-10,-0.404022634696032,2.52176542515761e-05,0.995993265374208,0.999999999882318
"MMP9",1.10942620053957e-10,-0.404506919649113,2.50861908904623e-05,0.996003722783661,0.999999999882318
"IL32",1.10621620262532e-10,-0.40504368056611,2.4941232851596e-05,0.996015285458781,0.999999999882318
"CCL4L2",1.10349513327183e-10,-0.405499752110184,2.48186829290379e-05,0.996025086973877,0.999999999882318
"JAML",1.10343215305391e-10,-0.40551031969658,2.48158500366999e-05,0.996025313833797,0.999999999882318
"IQGAP2",1.10258211577887e-10,-0.405653000871634,2.47776306094873e-05,0.996028375737941,0.999999999882318
"C1QC",1.10214071810096e-10,-0.405727128649138,2.47577960787225e-05,0.996029965688687,0.999999999882318
"AMPD3",1.10208704846773e-10,-0.405736143629559,2.47553849356421e-05,0.996030159011121,0.999999999882318
"CCL4",1.09073127104009e-10,-0.407652277129105,2.42478599716559e-05,0.996071063460992,0.999999999882318
"VSIG4",1.09040956665812e-10,-0.407706813866695,2.42335585710491e-05,0.996072222266945,0.999999999882318
"MS4A6A",1.0873026846973e-10,-0.408234230975768,2.40956589304309e-05,0.996083413514715,0.999999999882318
"LINC02583",1.07548248629036e-10,-0.410252912854122,2.35746129665798e-05,0.996125990861569,0.999999999882318
"TFR2",1.07222224751504e-10,-0.410813115034356,2.3431900514181e-05,0.99613773451725,0.999999999882318
"PIK3R5",1.06552211986435e-10,-0.411969076971727,2.31399718538874e-05,0.996161868946082,0.999999999882318
"C1QB",1.05591749645311e-10,-0.41363727567125,2.27246843125557e-05,0.99619646562144,0.999999999882318
"CCL3",1.05576909302724e-10,-0.413663155282148,2.27182971013817e-05,0.996197000183334,0.999999999882318
"CCL20",1.0515021205106e-10,-0.414408622451975,2.25350326772305e-05,0.996212370185795,0.999999999882318
"ADH1B",1.05112917665121e-10,-0.41447390366612,2.25190501861124e-05,0.99621371356176,0.999999999882318
"C1QA",1.05002677397238e-10,-0.4146669899571,2.24718399215818e-05,0.996217684511404,0.999999999882318
"GPR34",1.04945276156449e-10,-0.414767598615541,2.24472775208538e-05,0.996219752153702,0.999999999882318
"TRAF3IP3",1.04945229373114e-10,-0.414767680633528,2.24472575074085e-05,0.996219753838878,0.999999999882318
"AL442128.2",1.04945182535519e-10,-0.414767762746674,2.24472374707601e-05,0.996219755526008,0.999999999882318
"CXCL5",1.04945179391322e-10,-0.41476776825891,2.24472361257052e-05,0.996219755639265,0.999999999882318
"TYMS",1.04422522332779e-10,-0.415686062771121,2.22242055568067e-05,0.996238582199345,0.999999999882318
"FAM110D",1.00866759172732e-10,-0.422042279310022,2.07364314798872e-05,0.996366663924141,0.999999999882318
"CLEC2B",8.74458016848367e-11,-0.447946827855189,1.55853232309077e-05,0.996850099464705,0.999999999882318
"AC092069.1",8.52086780050433e-11,-0.452598888729146,1.47980858055651e-05,0.996930682885809,0.999999999882318
"MMP11",8.07629241277250e-11,-0.462169677453915,1.32941922833493e-05,0.997090823456559,0.999999999882318
"TACSTD2",7.99368633355251e-11,-0.463998547183045,1.30236312815315e-05,0.997120579018528,0.999999999882318
"CXCR3",7.47028629279013e-11,-0.475985971629584,1.13739778648699e-05,0.997309113204404,0.999999999882318
"BIK",7.38680358201372e-11,-0.477965450603428,1.11211830395996e-05,0.997339184566842,0.999999999882318
"STK4",7.2365823674294e-11,-0.481577150971909,1.06734521089345e-05,0.997393295859346,0.999999999882318
"MNDA",7.22947377962074e-11,-0.481749677776205,1.06524930699595e-05,0.997395856449208,0.999999999882318
"CD1C",6.91438807254104e-11,-0.489549938370042,9.74418202452836e-06,0.997509353739772,0.999999999882318
"IFI30",6.88787356145936e-11,-0.490220415871534,9.66959354309112e-06,0.997518904556693,0.999999999882318
"IL1B",6.88407635481855e-11,-0.49031662112372,9.65893500717792e-06,0.99752027235209,0.999999999882318
"RBM47",6.78333561739824e-11,-0.492886057605052,9.37830810803429e-06,0.997556560271086,0.999999999882318
"GPR132",6.68621973114252e-11,-0.495394805530694,9.11169504556541e-06,0.997591542483704,0.999999999882318
"PLD4",6.68288869345848e-11,-0.495481418103875,9.10261851492995e-06,0.997592742360274,0.999999999882318
"CD86",6.68288808089497e-11,-0.495481434035024,9.10261684621096e-06,0.997592742580926,0.999999999882318
"CLEC10A",6.68288739782373e-11,-0.495481451799894,9.10261498541802e-06,0.997592742826976,0.999999999882318
"ARRDC3",6.64384063172809e-11,-0.496499556565821,8.99655623838189e-06,0.99760680790386,0.999999999882318
"HCK",6.63694755086427e-11,-0.496679829414918,8.97789780785153e-06,0.997609290867881,0.999999999882318
"FCER1G",6.59584998934011e-11,-0.497758050955415,8.86705548749265e-06,0.997624094664895,0.999999999882318
"FCER1A",6.55216963593882e-11,-0.498910488831083,8.75000199569902e-06,0.997639828813057,0.999999999882318
"MS4A2",6.23316191965937e-11,-0.507536722021571,7.91871484160091e-06,0.997754738960991,0.999999999882318
"ITGB2",6.12716552306174e-11,-0.510488449424743,7.65168551293016e-06,0.997792920059183,0.999999999882318
"PADI2",5.98218497861367e-11,-0.514598892130384,7.29386233975525e-06,0.997845143695521,0.999999999882318
"EGR3",5.91514971770523e-11,-0.516528960013644,7.13131088152132e-06,0.997869290559883,0.999999999882318
"SPP1",5.83004905208215e-11,-0.519006890090963,6.92759203222375e-06,0.997899944791557,0.999999999882318
"CCNA1",5.75347542818376e-11,-0.521263698353288,6.74680894099578e-06,0.997927527488067,0.999999999882318
"LY86",5.73160515360156e-11,-0.521913086135964,6.69561410350086e-06,0.997935405411961,0.999999999882318
"CSPG4",5.67536089197906e-11,-0.523593130006629,6.56485068821009e-06,0.997955665241394,0.999999999882318
"ITGAX",5.65908952735089e-11,-0.524081876996127,6.52726155329172e-06,0.99796152637418,0.999999999882318
"RUNX1",5.65145194097326e-11,-0.524311712684993,6.50965487545067e-06,0.997964277520724,0.999999999882318
"PLEK",5.42897561758532e-11,-0.531128721148599,6.00722182019179e-06,0.998044416064214,0.999999999882318
"SAMSN1",5.22434637868729e-11,-0.537617933358656,5.56290717421129e-06,0.998118125898997,0.999999999882318
"LST1",5.17172285357337e-11,-0.539322603969229,5.45140406273436e-06,0.998137081508172,0.999999999882318
"GK",5.1600638204582e-11,-0.539702333321942,5.42685268586987e-06,0.998141281228394,0.999999999882318
"AC020656.1",5.1178868434914e-11,-0.541082309726566,5.33849997817602e-06,0.9981564738697,0.999999999882318
"RNASE6",5.0763178437308e-11,-0.542452152718289,5.25213039762115e-06,0.998171447511146,0.999999999882318
"ERO1B",5.02622938390043e-11,-0.544115824205577,5.1489953072128e-06,0.998189489962924,0.999999999882318
"CDH16",5.00854855651702e-11,-0.54470654787811,5.11283365732506e-06,0.998195858804922,0.999999999882318
"CCR7",4.91542104870614e-11,-0.547848387119713,4.92446818762142e-06,0.998229404430552,0.999999999882318
"PDE4B",4.81678525733489e-11,-0.551233300507407,4.72881644226704e-06,0.998264934208236,0.999999999882318
"SERPINB9",4.77834516204113e-11,-0.552568882773035,4.6536414790543e-06,0.998278780785764,0.999999999882318
"PDE6A",4.76248035150754e-11,-0.553122836565773,4.62279122607313e-06,0.998284495478539,0.999999999882318
"SYNJ2",4.69191446225163e-11,-0.555606504243441,4.48681391786842e-06,0.998309914149217,0.999999999882318
"SGK1",4.64034661934310e-11,-0.55744223627596,4.388728661427e-06,0.998328489499247,0.999999999882318
"SAP30",4.50086615115946e-11,-0.562498360788028,4.12885928720283e-06,0.998378732026476,0.999999999882318
"FCGR2A",3.06582326815373e-11,-0.624472994111472,1.91572037572711e-06,0.998895651915961,0.999999999882318
"TSC22D2",2.78496880510278e-11,-0.639517528775948,1.58080592980854e-06,0.998996819168395,0.999999999882318
"STK17A",2.438604477881e-11,-0.660015691984595,1.21205023569595e-06,0.999121583906453,0.999999999882318
"RNF144B",1.92521591121807e-11,-0.69566132136609,7.55434424017487e-07,0.999306512891285,0.999999999882318
"ADAM15",1.82260922938041e-11,-0.703769562387094,6.77056663553219e-07,0.999343473106602,0.999999999882318
"HSPA6",1.63490056459812e-11,-0.719695159505917,5.44779270876067e-07,0.999411088128464,0.999999999882318
"IL10RA",1.52741930438643e-11,-0.729548888894596,4.75504287043884e-07,0.999449804232117,0.999999999882318
"VSIG1",1.45410993910728e-11,-0.736623525204934,4.30955445075482e-07,0.999476211189569,0.999999999882318
"NOSTRIN",1.3911072706454e-11,-0.742957121256305,3.94420180417133e-07,0.999498905545369,0.999999999882318
"CXCL14",1.23738028298746e-11,-0.759532328911568,3.12064430062252e-07,0.999554279946867,0.999999999882318
"HOXB7",1.19690544417091e-11,-0.764195171866414,2.91983003233874e-07,0.999568859495103,0.999999999882318
"NCOA7",1.14338283307523e-11,-0.770577473887513,2.66453372332533e-07,0.999588139015959,0.999999999882318
"ICAM2",1.09206426460833e-11,-0.776947034704006,2.43071632902853e-07,0.999606624613035,0.999999999882318
"IL10",1.05295626827256e-11,-0.78197912675324,2.25974042605122e-07,0.999620711807819,0.999999999882318
"TNFRSF11B",9.89214369065405e-12,-0.790542248026443,1.99442963575445e-07,0.999643672446153,0.999999999882318
"BATF3",8.48320312772347e-12,-0.811327514696546,1.46675514008118e-07,0.999694424268348,0.999999999882318
"CD53",6.66543827659316e-12,-0.843147782727372,9.05514290763592e-08,0.9997599024606,0.999999999882318
"FBXO2",6.1105883441576e-12,-0.854380779805863,7.61033792065043e-08,0.999779888858261,0.999999999882318
"CTSW",5.27658320747143e-12,-0.873069455135795,5.67470733716168e-08,0.999809930780375,0.999999999882318
"CCK",4.76575143293231e-12,-0.885835446343353,4.62914368044949e-08,0.999828331588502,0.999999999882318
"ARL15",3.66660234261025e-12,-0.917962383038659,2.74009430228445e-08,0.999867924332481,0.999999999882318
"ELF3",3.6226989301382e-12,-0.919413059874521,2.67486810425005e-08,0.999869505789076,0.999999999882318
"RMRP",2.75846728425182e-12,-0.951652453171726,1.55086345250692e-08,0.999900636509069,0.999999999882318
"ANXA3",2.71473268255116e-12,-0.953508759793924,1.50207642280296e-08,0.999902211884895,0.999999999882318
"DNASE1L3",2.13577902309666e-12,-0.980924348066697,9.29716459922692e-09,0.999923066530089,0.999999999882318
"MAP3K7CL",1.65447202518111e-12,-1.0092128860635,5.57900490146448e-09,0.999940403818715,0.999999999882318
"BATF",1.62174798600535e-12,-1.01138786195149,5.36049161493211e-09,0.999941582580119,0.999999999882318
"SYTL3",1.42743196299827e-12,-1.02515433366023,4.15287367792304e-09,0.999948582089775,0.999999999882318
"COX4I2",1.42506005090644e-12,-1.02533225854652,4.13908378440183e-09,0.999948667529058,0.999999999882318
"AL096865.1",1.34016187330596e-12,-1.03187772511149,3.66060107793529e-09,0.999951725669118,0.999999999882318
"AP003354.2",1.34009595467045e-12,-1.03188294645969,3.66024097831066e-09,0.999951728043591,0.999999999882318
"IL1A",1.34009112405597e-12,-1.03188332909659,3.66021459037758e-09,0.999951728217596,0.999999999882318
"CYBB",1.34007562168232e-12,-1.03188455706034,3.66012990705265e-09,0.999951728776011,0.999999999882318
"FMO2",1.33254220730593e-12,-1.03248276283036,3.61909375746738e-09,0.999952000139154,0.999999999882318
"CD3D",8.69961614107154e-13,-1.07651757521716,1.54254579865725e-09,0.999968662878966,0.999999999882318
"MTO1",8.24740941853709e-13,-1.08186530421363,1.38635034628623e-09,0.99997029178495,0.999999999882318
"AP001453.2",5.11966161834624e-13,-1.12806962955557,5.3422031778032e-10,0.999981558329332,0.999999999882318
"NPPC",4.22758695741503e-13,-1.14585448664806,3.64269647299843e-10,0.999984771695435,0.999999999882318
"GPR146",2.18799215380461e-13,-1.20385925174221,9.75729435894217e-11,0.999992118574676,0.999999999882318
"LINC00861",7.92722610746596e-14,-1.28434474476911,1.28079722479417e-11,0.999997144512585,0.999999999882318
"TPPP3",7.66870947753473e-14,-1.28680326649289,1.19862258576846e-11,0.999997237633555,0.999999999882318
"TMEM100",2.82220712992882e-14,-1.35630050985673,1.62336304740962e-12,0.999998983405187,0.999999999882318
"AD000671.3",2.34392647371143e-14,-1.36827287926201,1.11976233433282e-12,0.999999155687947,0.999999999882318
"Z93241.1",2.11571208705793e-14,-1.37475836124167,9.12328035654935e-13,0.999999237893665,0.999999999882318
"CLDN23",2.09795888378318e-14,-1.37528814513409,8.9708135751033e-13,0.999999244288594,0.999999999882318
"AC011498.1",1.52192910667916e-14,-1.39505530094484,4.72092099296242e-13,0.999999451781827,0.999999999882318
"NPY1R",1.08666306164984e-14,-1.41495754853742,2.40673179619132e-13,0.999999608570179,0.999999999882318
"CDH6",5.66532805954399e-15,-1.45112105954112,6.5416606809676e-14,0.999999795927696,0.999999999882318
"PLLP",5.14278024011158e-15,-1.45624500995916,5.39055919639047e-14,0.999999814750531,0.999999999882318
"KCNK15",3.64195782529227e-16,-1.57470474849117,2.70338382510402e-16,0.999999986881206,0.999999999882318
"TPSB2",3.38769753000661e-16,-1.57741970224106,2.3390911266134e-16,0.999999987797084,0.999999999882318
"HPGDS",3.19020661379098e-16,-1.57965425669577,2.07431882446511e-16,0.999999988508471,0.999999999882318
"AL353764.1",3.151933963945e-16,-1.58010123058109,2.02484650381087e-16,0.999999988646334,0.999999999882318
"CBX8",2.98542211366594e-16,-1.58210283566263,1.81655845379875e-16,0.999999989246131,0.999999999882318
"EVI2A",2.9746296969063e-16,-1.58223590886518,1.803448334936e-16,0.999999989285006,0.999999999882318
"HP",2.81738746092889e-16,-1.58422420831445,1.61782313389277e-16,0.999999989851413,0.999999999882318
"FAM19A5",2.78320993335325e-16,-1.58466917230539,1.57880981632807e-16,0.999999989974525,0.999999999882318
"BICDL1",2.72608610406773e-16,-1.58542365240935,1.51466651498767e-16,0.999999990180292,0.999999999882318
"ITGB8",2.6024027662897e-16,-1.58710577261996,1.38034266028594e-16,0.999999990625815,0.999999999882318
"PCDHGA9",2.56745291676309e-16,-1.58759375353878,1.34351606096521e-16,0.999999990751709,0.999999999882318
"LDB3",2.49854156618736e-16,-1.58857316882244,1.27236303724604e-16,0.999999990999936,0.999999999882318
"DDIT4L",2.37474371688875e-16,-1.59039355002486,1.14940049823719e-16,0.999999991445872,0.999999999882318
"PRF1",2.37376059932241e-16,-1.59040833506067,1.14844901710711e-16,0.999999991449413,0.999999999882318
"LRMP",2.34412641361673e-16,-1.59085653270457,1.11995337677928e-16,0.999999991556159,0.999999999882318
"TRGC2",2.32642909309134e-16,-1.59112656008614,1.10310671173881e-16,0.999999991619907,0.999999999882318
"AC024060.1",2.31371199869595e-16,-1.59132170932389,1.09107972124568e-16,0.999999991665716,0.999999999882318
"HDC",2.26152309976816e-16,-1.59213251688838,1.04241329719832e-16,0.999999991853707,0.999999999882318
"VEGFD",2.25528209911642e-16,-1.59223056894337,1.03666785479789e-16,0.999999991876188,0.999999999882318
"CPA3",2.22979838726865e-16,-1.59263341933553,1.01337242040342e-16,0.999999991967983,0.999999999882318
"SERPINA1",2.20089853709303e-16,-1.59309517036112,9.87274522880168e-17,0.999999992072084,0.999999999882318
"GATD3B",2.19035542790269e-16,-1.59326494401731,9.77838366148916e-17,0.999999992110062,0.999999999882318
"SDK2",2.12399993754382e-16,-1.59435014639771,9.19489736123126e-17,0.999999992349083,0.999999999882318
"CXCR6",2.11851976206656e-16,-1.59444109014101,9.14751068813098e-17,0.999999992368823,0.999999999882318
"AC233992.3",2.0884272217636e-16,-1.59494417203336,8.88948450602642e-17,0.99999999247722,0.999999999882318
"AL136987.1",2.05486259099039e-16,-1.59551282849336,8.60604193888422e-17,0.999999992598124,0.999999999882318
"SLA",2.02322470960764e-16,-1.59605632253664,8.34307460787164e-17,0.999999992712088,0.999999999882318
"SEMA3G",2.01774117895319e-16,-1.59615127608532,8.2979115492374e-17,0.99999999273184,0.999999999882318
"SCGB2A1",2.01286479101851e-16,-1.59623590589376,8.25785196124266e-17,0.999999992749406,0.999999999882318
"RYR1",1.97825602495947e-16,-1.59684174344064,7.97632572365473e-17,0.999999992874071,0.999999999882318
"CD300LG",1.97425734529361e-16,-1.59691233730803,7.94411297022071e-17,0.999999992888475,0.999999999882318
"MMP2-AS1",1.97351117298231e-16,-1.59692552428492,7.93810913595368e-17,0.999999992891162,0.999999999882318
"NKG7",1.97209936014853e-16,-1.59695048693947,7.92675565002027e-17,0.999999992896248,0.999999999882318
"BDNF-AS",1.91769774410132e-16,-1.59792447919329,7.4954584525612e-17,0.999999993092209,0.999999999882318
"SCARA5",1.90431268213408e-16,-1.59816781972559,7.39119066940955e-17,0.999999993140424,0.999999999882318
"AL731533.2",1.86043703332148e-16,-1.59897609849446,7.05452599639119e-17,0.99999999329847,0.999999999882318
"FAM131C",1.85677207339679e-16,-1.59904436597529,7.02675930655743e-17,0.999999993311671,0.999999999882318
"AC048382.5",1.84573197515734e-16,-1.59925072470887,6.94344753557316e-17,0.999999993351439,0.999999999882318
"AP001160.1",1.84206920887831e-16,-1.59931942653448,6.91591700424827e-17,0.999999993364633,0.999999999882318
"AC008050.1",1.83603970015038e-16,-1.59943278134716,6.87071638348839e-17,0.999999993386352,0.999999999882318
"AP001922.5",1.81755766886209e-16,-1.59978228208132,6.73308791616199e-17,0.999999993452927,0.999999999882318
"C1QTNF3",1.81530973147845e-16,-1.59982500285188,6.7164433820847e-17,0.999999993461024,0.999999999882318
"ZNF765",1.80414537519921e-16,-1.60003786252287,6.63408367978994e-17,0.999999993501239,0.999999999882318
"LINC01094",1.7757639753877e-16,-1.60058421036143,6.42700102314945e-17,0.999999993603473,0.999999999882318
"LINC02381",1.75385927185196e-16,-1.60101112270548,6.26942010835106e-17,0.999999993682376,0.999999999882318
"KRT86",1.72782113905332e-16,-1.60152469733612,6.08464790905639e-17,0.999999993776169,0.999999999882318
"FCHO1",1.68959409689003e-16,-1.60229107576042,5.81838766032997e-17,0.999999993913868,0.999999999882318
"CTAG2",1.68550270008439e-16,-1.6023739956095,5.79024301883318e-17,0.999999993928605,0.999999999882318
"HOXA-AS3",1.68300947715486e-16,-1.60242461175227,5.77312564559189e-17,0.999999993937586,0.999999999882318
"RIPK3",1.66834737344331e-16,-1.60272360693749,5.67297474768197e-17,0.999999993990401,0.999999999882318
"P2RY8",1.66611434414829e-16,-1.60276934504719,5.65779872235043e-17,0.999999993998445,0.999999999882318
"FAM133A",1.64835625940457e-16,-1.60313499493314,5.53783548361861e-17,0.999999994062412,0.999999999882318
"MMP10",1.64355786673304e-16,-1.60323438742472,5.50564094770002e-17,0.999999994079696,0.999999999882318
"MICB",1.63181030935472e-16,-1.60347879744212,5.42721756223888e-17,0.999999994122012,0.999999999882318
"LINC01186",1.6317661156013e-16,-1.60347971980023,5.42692359931262e-17,0.999999994122171,0.999999999882318
"DEF6",1.63064536786099e-16,-1.6035031179795,5.41947139942161e-17,0.999999994126209,0.999999999882318
"TNFSF8",1.63022542433098e-16,-1.60351188888329,5.41668038312819e-17,0.999999994127721,0.999999999882318
"SPOCK2",1.62522766461041e-16,-1.60361642350921,5.38351960593924e-17,0.999999994145724,0.999999999882318
"RGS4",1.61908521104931e-16,-1.6037452863705,5.3429031057842e-17,0.99999999416785,0.999999999882318
"AC023794.4",1.61827569474694e-16,-1.6037623011052,5.33756171191566e-17,0.999999994170766,0.999999999882318
"GRIN2C",1.61710581221822e-16,-1.60378690330626,5.32984724998115e-17,0.99999999417498,0.999999999882318
"C11orf88",1.60593641421809e-16,-1.60402257806945,5.25647469398365e-17,0.999999994215213,0.999999999882318
"NOX5",1.59599033033051e-16,-1.60423364962685,5.19156622042898e-17,0.99999999425104,0.999999999882318
"NCF2",1.58459586392347e-16,-1.60447687556688,5.11770116155121e-17,0.999999994292085,0.999999999882318
"LY6G6C",1.58223050443305e-16,-1.60452755795027,5.10243396511113e-17,0.999999994300605,0.999999999882318
"LINC01277",1.57876787052131e-16,-1.60460187109002,5.08012554897734e-17,0.999999994313078,0.999999999882318
"FAM180B",1.5675943044985e-16,-1.60484264727569,5.00847188571518e-17,0.999999994353326,0.999999999882318
"CA4",1.56328384028126e-16,-1.60493593335077,4.98096584410216e-17,0.999999994368853,0.999999999882318
"AC027796.3",1.5626625671421e-16,-1.6049493973296,4.9770076053009e-17,0.999999994371091,0.999999999882318
"OASL",1.56236946027073e-16,-1.60495575104664,4.97514071689343e-17,0.999999994372147,0.999999999882318
"DNAAF3",1.55388818218745e-16,-1.60514005351477,4.92127250669347e-17,0.999999994402698,0.999999999882318
"TM4SF1-AS1",1.54255638779395e-16,-1.60538767590702,4.84975705557709e-17,0.999999994443516,0.999999999882318
"AC025423.1",1.53761914488446e-16,-1.6054960620414,4.81876161256755e-17,0.999999994461301,0.999999999882318
"C16orf89",1.52861362002773e-16,-1.60569454389824,4.76248187860352e-17,0.99999999449374,0.999999999882318
"PIP5K1B",1.52060450375303e-16,-1.60587192526899,4.71270691196388e-17,0.99999999452259,0.999999999882318
"LINC01345",1.50603650711413e-16,-1.606196672657,4.62284024563409e-17,0.999999994575065,0.999999999882318
"MYOM2",1.50281348390801e-16,-1.60626889043178,4.60307501642235e-17,0.999999994586675,0.999999999882318
"GZMH",1.50106689897506e-16,-1.60630808245094,4.59238175386216e-17,0.999999994592967,0.999999999882318
"SIT1",1.48187628058752e-16,-1.60674135012832,4.47570835848367e-17,0.999999994662094,0.999999999882318
"EXPH5",1.47909338129476e-16,-1.60680458636847,4.45891377124926e-17,0.999999994672118,0.999999999882318
"MS4A4A",1.4779488806091e-16,-1.60683062320664,4.45201595731686e-17,0.999999994676241,0.999999999882318
"AC010980.2",1.47059307043359e-16,-1.6069983861181,4.40781051800406e-17,0.999999994702737,0.999999999882318
"CCL26",1.46241499388356e-16,-1.6071857653742,4.35892251302321e-17,0.999999994732196,0.999999999882318
"LCK",1.46198569932518e-16,-1.60719562681104,4.3563637495164e-17,0.999999994733742,0.999999999882318
"ZNF385B",1.46037292666893e-16,-1.60723269685529,4.34675770602279e-17,0.999999994739551,0.999999999882318
"CLEC9A",1.44484743308661e-16,-1.60759139651838,4.25482662192861e-17,0.999999994795476,0.999999999882318
"EYA2",1.43590316512998e-16,-1.60779957614063,4.20231101987096e-17,0.999999994827695,0.999999999882318
"IQSEC3",1.42669690665108e-16,-1.6080150404943,4.14859773305467e-17,0.999999994860857,0.999999999882318
"AC135803.1",1.42465616035604e-16,-1.60806296682319,4.13673791845052e-17,0.999999994868208,0.999999999882318
"CBLN3",1.41702388632394e-16,-1.60824274193857,4.09253336381778e-17,0.9999999948957,0.999999999882318
"GRIN3B",1.37784828974736e-16,-1.60917904647121,3.86937382492539e-17,0.999999995036816,0.999999999882318
"CD27",1.37548875732508e-16,-1.60923617942545,3.85613275087932e-17,0.999999995045315,0.999999999882318
"SLC16A14",1.36438429987599e-16,-1.60950621461217,3.79412218815051e-17,0.999999995085315,0.999999999882318
"MESP1",1.35345256513192e-16,-1.60977393213311,3.73356713959071e-17,0.999999995124692,0.999999999882318
"AC019197.1",1.3532505614879e-16,-1.60977889694621,3.73245274828534e-17,0.99999999512542,0.999999999882318
"VSNL1",1.35311365406167e-16,-1.60978226220316,3.73169756714587e-17,0.999999995125913,0.999999999882318
"MATK",1.35168282589022e-16,-1.60981745053257,3.72380969320454e-17,0.999999995131067,0.999999999882318
"CHODL",1.34802868570623e-16,-1.60990746466796,3.70370300936577e-17,0.99999999514423,0.999999999882318
"PBX4",1.33165253315766e-16,-1.61031350380917,3.61426278208627e-17,0.999999995203219,0.999999999882318
"DAB1",1.32892699639288e-16,-1.61038150535652,3.59948306311041e-17,0.999999995213036,0.999999999882318
"S1PR5",1.32203537478147e-16,-1.61055399506058,3.56224707577368e-17,0.999999995237861,0.999999999882318
"ESM1",1.31906517318602e-16,-1.61062857834516,3.54625853794387e-17,0.99999999524856,0.999999999882318
"GJA5",1.31709670702986e-16,-1.6106780884429,3.53568213679812e-17,0.999999995255651,0.999999999882318
"AC127070.1",1.31259045894225e-16,-1.61079167174715,3.51152991595934e-17,0.999999995271883,0.999999999882318
"NALCN",1.28685106408109e-16,-1.61144706109703,3.37516072284975e-17,0.999999995364599,0.999999999882318
"SPINK5",1.27848270472652e-16,-1.61166260894979,3.33140628727013e-17,0.999999995394743,0.999999999882318
"CLDN3",1.27620792337391e-16,-1.61172141468799,3.31956181103908e-17,0.999999995402937,0.999999999882318
"ARHGAP15",1.27455710195019e-16,-1.61176414772168,3.31097941727311e-17,0.999999995408884,0.999999999882318
"AC005537.1",1.27352764825552e-16,-1.61179082057107,3.3056330526822e-17,0.999999995412592,0.999999999882318
"AC011498.4",1.26865232034549e-16,-1.61191739539694,3.28037219977033e-17,0.999999995430153,0.999999999882318
"GALNT3",1.24776343051991e-16,-1.61246457830958,3.17323614722247e-17,0.999999995505398,0.999999999882318
"SMIM25",1.24705691641475e-16,-1.61248322496128,3.16964363709962e-17,0.999999995507943,0.999999999882318
"KLRD1",1.23977774938536e-16,-1.61267587959716,3.13274872465349e-17,0.999999995534163,0.999999999882318
"CD2",1.23115030752165e-16,-1.61290550269523,3.08929970031351e-17,0.99999999556524,0.999999999882318
"LTB",1.22388863052186e-16,-1.61309986784474,3.05296402813814e-17,0.999999995591398,0.999999999882318
"AL035448.1",1.21273067150027e-16,-1.61340049337723,2.99755119837809e-17,0.99999999563159,0.999999999882318
"CBLN1",1.20669967246404e-16,-1.61356399248461,2.96781124600286e-17,0.999999995653315,0.999999999882318
"MS4A7",1.19750837527075e-16,-1.61381454529984,2.92277245314381e-17,0.999999995686423,0.999999999882318
"HOXC9",1.19392498833203e-16,-1.61391268317597,2.90530659708168e-17,0.999999995699331,0.999999999882318
"SCN4B",1.19122236411649e-16,-1.6139868701055,2.89216830947167e-17,0.999999995709066,0.999999999882318
"SLC12A5",1.18829100270398e-16,-1.61406750233221,2.87795172067805e-17,0.999999995719625,0.999999999882318
"CXCL10",1.18242274926205e-16,-1.61422944257434,2.84959696773523e-17,0.999999995740763,0.999999999882318
"CLVS2",1.18093788627771e-16,-1.61427053015651,2.84244452704758e-17,0.999999995746112,0.999999999882318
"SLC18A2",1.18058091701379e-16,-1.61428041456919,2.84072638083884e-17,0.999999995747398,0.999999999882318
"AC008966.1",1.17172478550466e-16,-1.61452647926543,2.79826679976909e-17,0.999999995779299,0.999999999882318
"KCNJ14",1.17160064118807e-16,-1.61452994010968,2.797673878085e-17,0.999999995779746,0.999999999882318
"FCGR3A",1.16798314545909e-16,-1.61463092816126,2.78042406011334e-17,0.999999995792777,0.999999999882318
"AL034548.1",1.16748623951872e-16,-1.61464482141244,2.77805875999384e-17,0.999999995794566,0.999999999882318
"AL445423.1",1.15616433074609e-16,-1.61496278516688,2.7244385689192e-17,0.999999995835349,0.999999999882318
"TXK",1.14424717986173e-16,-1.61530041862814,2.66856378501299e-17,0.999999995878276,0.999999999882318
"GDF3",1.13921862560715e-16,-1.6154438088719,2.64516056910778e-17,0.99999999589639,0.999999999882318
"CDH26",1.13884399017443e-16,-1.61545451380189,2.64342111732868e-17,0.999999995897739,0.999999999882318
"LINC02266",1.13467949749138e-16,-1.61557371879277,2.62412368906799e-17,0.99999999591274,0.999999999882318
"LILRB4",1.13402151297761e-16,-1.61559258799286,2.62108118741261e-17,0.999999995915111,0.999999999882318
"SPINK2",1.13191829682095e-16,-1.61565296672738,2.61136781219746e-17,0.999999995922687,0.999999999882318
"TIGIT",1.12876299572901e-16,-1.61574373264397,2.59682936462421e-17,0.999999995934053,0.999999999882318
"SH2D2A",1.11817469974444e-16,-1.61604994644001,2.54833905137225e-17,0.999999995972193,0.999999999882318
"DIO3",1.11303044448103e-16,-1.61619963404482,2.52494529839978e-17,0.999999995990723,0.999999999882318
"AL355304.1",1.11072787975666e-16,-1.61626683005137,2.51450922030825e-17,0.999999995999017,0.999999999882318
"LMNB1",1.10844735575683e-16,-1.61633350293574,2.50419434147338e-17,0.999999996007232,0.999999999882318
"ENTPD3",1.10446077209051e-16,-1.61645034226169,2.48621382536532e-17,0.999999996021592,0.999999999882318
"BX284668.2",1.09957555715265e-16,-1.61659402236281,2.46426858653622e-17,0.999999996039189,0.999999999882318
"CH25H",1.09897772837953e-16,-1.6166116435232,2.46158971618334e-17,0.999999996041343,0.999999999882318
"AC007292.3",1.09295709088498e-16,-1.6167895719221,2.43469245866777e-17,0.99999999606303,0.999999999882318
"PENK",1.08688332448808e-16,-1.61696994045161,2.40770756746969e-17,0.999999996084908,0.999999999882318
"TMEM71",1.08184288294271e-16,-1.61712029305723,2.38542777215508e-17,0.999999996103065,0.999999999882318
"NIM1K",1.08138777852286e-16,-1.61713389859506,2.38342121391444e-17,0.999999996104704,0.999999999882318
"FCGR1A",1.07933731972074e-16,-1.61719526004915,2.37439119934741e-17,0.99999999611209,0.999999999882318
"LINC02310",1.07633979437548e-16,-1.61728514671409,2.3612212391805e-17,0.999999996122887,0.999999999882318
"AL117335.1",1.07427748189633e-16,-1.61734711630249,2.35218150861139e-17,0.999999996130316,0.999999999882318
"TJP3",1.06355605122769e-16,-1.61767096520481,2.30546563089727e-17,0.999999996168936,0.999999999882318
"CD69",1.05030217440797e-16,-1.61807527527245,2.24836292706685e-17,0.999999996216678,0.999999999882318
"MYO7B",1.04633143046236e-16,-1.6181972709439,2.23139486237643e-17,0.999999996230981,0.999999999882318
"PPP1R2C",1.04490868209486e-16,-1.61824108140426,2.2253307131054e-17,0.999999996236106,0.999999999882318
"AC004895.1",1.04472807727189e-16,-1.61824664646744,2.22456151531204e-17,0.999999996236757,0.999999999882318
"OBSCN",1.04237732430424e-16,-1.61831915813958,2.21456176257008e-17,0.999999996245225,0.999999999882318
"LYVE1",1.04074987562607e-16,-1.61836944241961,2.20765203415253e-17,0.999999996251087,0.999999999882318
"AC012363.2",1.03866598068125e-16,-1.61843393021997,2.19882011552777e-17,0.999999996258593,0.999999999882318
"AC005253.1",1.03650041732037e-16,-1.61850106522391,2.18966082767486e-17,0.999999996266394,0.999999999882318
"OR2A25",1.0345848513913e-16,-1.61856055225792,2.18157484195507e-17,0.999999996273294,0.999999999882318
"FAM95B1",1.03341522479526e-16,-1.61859692182696,2.17664496962952e-17,0.999999996277507,0.999999999882318
"CST6",1.01799529928559e-16,-1.61907979896101,2.11217273230746e-17,0.999999996333052,0.999999999882318
"GPR35",1.01223771533779e-16,-1.61926173853829,2.08834821825508e-17,0.999999996353791,0.999999999882318
"DLL1",1.00929763422705e-16,-1.61935499413162,2.07623447015781e-17,0.999999996364382,0.999999999882318
"SSUH2",1.00491413737928e-16,-1.61949447479233,2.05823897857239e-17,0.999999996380172,0.999999999882318
"TRAC",1.0024424247435e-16,-1.61957335803553,2.04812643545592e-17,0.999999996389075,0.999999999882318
"CERS3-AS1",1.00003931719337e-16,-1.61965021491588,2.03831845347281e-17,0.999999996397732,0.999999999882318
"KLK1",9.97473430510777e-17,-1.61973245621397,2.02787209514639e-17,0.999999996406974,0.999999999882318
"AC116667.1",9.94738903029504e-17,-1.61982030650361,2.01676869980891e-17,0.999999996416824,0.999999999882318
"SGSM1",9.92150144490844e-17,-1.61990366845584,2.00628527833111e-17,0.999999996426149,0.999999999882318
"NTM",9.88554902696497e-17,-1.62001975655027,1.9917713224548e-17,0.9999999964391,0.999999999882318
"SLC14A1",9.85917175273725e-17,-1.62010516198013,1.98115635181064e-17,0.999999996448601,0.999999999882318
"AGTR2",9.84153934514552e-17,-1.6201623643385,1.97407638200945e-17,0.999999996454953,0.999999999882318
"C2CD4A",9.82235756368882e-17,-1.62022469491362,1.96638868224915e-17,0.999999996461862,0.999999999882318
"LAIR2",9.75206246662969e-17,-1.62045402947839,1.93834391599568e-17,0.999999996487183,0.999999999882318
"JCHAIN",9.73112686274267e-17,-1.62052261011979,1.93003042501537e-17,0.999999996494725,0.999999999882318
"DMRTA1",9.729978255701e-17,-1.62052637644499,1.92957483220765e-17,0.999999996495138,0.999999999882318
"CD7",9.6828437892556e-17,-1.62068126823288,1.91092541970159e-17,0.999999996512117,0.999999999882318
"COMP",9.60823854661449e-17,-1.62092778570801,1.88159192353211e-17,0.999999996538991,0.999999999882318
"OR5AU1",9.59891801960318e-17,-1.62095870088835,1.87794319601126e-17,0.999999996542348,0.999999999882318
"SLC25A34",9.59732849500383e-17,-1.6209639757877,1.87732129472033e-17,0.99999999654292,0.999999999882318
"CYFIP2",9.57482032385695e-17,-1.62103875209533,1.86852603058186e-17,0.999999996551028,0.999999999882318
"TAC1",9.51560080306338e-17,-1.62123622656517,1.84548413076293e-17,0.99999999657236,0.999999999882318
"KLK8",9.49591301108087e-17,-1.62130211572942,1.83785541211774e-17,0.999999996579452,0.999999999882318
"FGFBP2",9.48864340782204e-17,-1.62132647510254,1.83504254607421e-17,0.99999999658207,0.999999999882318
"CUBN",9.46899586294633e-17,-1.62139239283772,1.82745099652358e-17,0.999999996589148,0.999999999882318
"AC068831.1",9.4660363568748e-17,-1.62140233236994,1.82630884645491e-17,0.999999996590214,0.999999999882318
"CCDC190",9.44685223808618e-17,-1.62146682836887,1.81891385620398e-17,0.999999996597124,0.999999999882318
"AF121898.1",9.42669642019333e-17,-1.62153471458482,1.8111604617821e-17,0.999999996604384,0.999999999882318
"OXTR",9.32870467112471e-17,-1.62186657619957,1.77370167113342e-17,0.999999996639682,0.999999999882318
"TNFRSF18",9.23801716031045e-17,-1.62217642646748,1.73938377947299e-17,0.999999996672349,0.999999999882318
"CD40LG",9.21936581298231e-17,-1.62224048153267,1.73236731679179e-17,0.999999996679067,0.999999999882318
"AL121929.2",9.17601313527334e-17,-1.62238980800251,1.71611323082297e-17,0.999999996694684,0.999999999882318
"TNF",9.153140685975e-17,-1.62246883979636,1.70756860644366e-17,0.999999996702923,0.999999999882318
"CYSLTR1",9.12589985388248e-17,-1.6225631912656,1.69741987753571e-17,0.999999996712735,0.999999999882318
"ECEL1",9.10229243365878e-17,-1.62264515730914,1.68864926311907e-17,0.999999996721239,0.999999999882318
"SCN7A",9.09463296302042e-17,-1.62267179125842,1.68580850238258e-17,0.999999996723998,0.999999999882318
"AC009119.2",9.09017261842355e-17,-1.62268731005601,1.68415534210503e-17,0.999999996725604,0.999999999882318
"C17orf50",9.05585992237986e-17,-1.62280691660969,1.6714649682949e-17,0.999999996737964,0.999999999882318
"CD6",9.0506846753331e-17,-1.62282499074727,1.66955509502118e-17,0.999999996739829,0.999999999882318
"LINC01127",9.01107208697341e-17,-1.6229636344691,1.65497262484979e-17,0.999999996754098,0.999999999882318
"AL355388.2",8.99747526003813e-17,-1.62301134604436,1.64998200903792e-17,0.999999996758995,0.999999999882318
"TTC25",8.99427485038991e-17,-1.62302258551479,1.64880841777408e-17,0.999999996760148,0.999999999882318
"KLHL30",8.98596489631804e-17,-1.62305178544416,1.64576310441079e-17,0.999999996763141,0.999999999882318
"ANGPTL7",8.96778273296336e-17,-1.62311575722265,1.63910978217401e-17,0.999999996769691,0.999999999882318
"GRAP2",8.95655005233638e-17,-1.62315533473622,1.63500618902633e-17,0.999999996773737,0.999999999882318
"AC107959.2",8.88342117151769e-17,-1.6234140645066,1.60841602827192e-17,0.999999996800079,0.999999999882318
"HAS2-AS1",8.87401510973264e-17,-1.62344747810327,1.6050117427437e-17,0.999999996803467,0.999999999882318
"AC119674.1",8.83501376310504e-17,-1.62358635549041,1.59093467388542e-17,0.999999996817516,0.999999999882318
"HAMP",8.82360313849459e-17,-1.62362708814707,1.58682786976272e-17,0.999999996821626,0.999999999882318
"KLK4",8.7518390630044e-17,-1.62388432557088,1.56112087899329e-17,0.999999996847477,0.999999999882318
"CLPB",8.70603715079405e-17,-1.62404946725869,1.5448236823338e-17,0.999999996863975,0.999999999882318
"LRRIQ3",8.67767583089028e-17,-1.62415210680499,1.53477505204496e-17,0.999999996874191,0.999999999882318
"EDN2",8.666245439132e-17,-1.62419355626327,1.53073444799015e-17,0.999999996878308,0.999999999882318
"IRF4",8.65488699309514e-17,-1.62423479217999,1.52672455218621e-17,0.9999999968824,0.999999999882318
"KL",8.60161786867792e-17,-1.62442881466249,1.50798900925141e-17,0.999999996901588,0.999999999882318
"MARCH1",8.59983793846176e-17,-1.62443531582412,1.50736497839289e-17,0.999999996902229,0.999999999882318
"SELL",8.59021656529452e-17,-1.62447047807878,1.50399402925829e-17,0.999999996905695,0.999999999882318
"AJAP1",8.50604983288558e-17,-1.62477954979439,1.47466621953687e-17,0.999999996936013,0.999999999882318
"ANPEP",8.3654723028873e-17,-1.62530178028286,1.42632606205935e-17,0.999999996986651,0.999999999882318
"KLRC1",8.35922616460876e-17,-1.62532516148814,1.42419690461388e-17,0.999999996988901,0.999999999882318
"SULT1C4",8.34987289263229e-17,-1.62536020220907,1.42101157423759e-17,0.99999999699227,0.999999999882318
"FMO3",8.33322710749212e-17,-1.62542264823703,1.41535154174898e-17,0.999999996998266,0.999999999882318
"ENPP3",8.32749402232795e-17,-1.62544418092541,1.41340474740943e-17,0.999999997000331,0.999999999882318
"CLEC2D",8.28431755896956e-17,-1.62560676330502,1.39878627646788e-17,0.999999997015884,0.999999999882318
"PLD5",8.27496924730213e-17,-1.62564206216898,1.39563117959827e-17,0.999999997019251,0.999999999882318
"AC023034.1",8.26236827085981e-17,-1.62568969815517,1.39138393105237e-17,0.99999999702379,0.999999999882318
"AC010547.1",8.25155440208711e-17,-1.62573062891159,1.38774420055031e-17,0.999999997027685,0.999999999882318
"PCDHB11",8.24959603583463e-17,-1.62573804638819,1.38708556369822e-17,0.999999997028391,0.999999999882318
"MIAT",8.23152240674276e-17,-1.62580657450238,1.38101442810746e-17,0.999999997034901,0.999999999882318
"ZNF799",8.2170848233981e-17,-1.62586141069067,1.37617424801403e-17,0.999999997040102,0.999999999882318
"PLCG2",8.1864211707359e-17,-1.62597815588549,1.36592248743635e-17,0.999999997051147,0.999999999882318
"PNMA3",8.16654997872663e-17,-1.62605401535629,1.35929943067846e-17,0.999999997058305,0.999999999882318
"IL1RN",8.12828000021917e-17,-1.62620056890078,1.3465894193344e-17,0.99999999707209,0.999999999882318
"LINC01198",8.1119878067015e-17,-1.62626314234483,1.34119666504351e-17,0.999999997077959,0.999999999882318
"OVOL1-AS1",8.0739583824799e-17,-1.62640963044729,1.32865094105019e-17,0.999999997091658,0.999999999882318
"ITK",7.98111464833728e-17,-1.62676981047115,1.29826989162723e-17,0.999999997125101,0.999999999882318
"KCNJ15",7.95883355708697e-17,-1.6268567927809,1.29103118043527e-17,0.999999997133127,0.999999999882318
"RHEX",7.94534074268018e-17,-1.62690957037477,1.28665745456157e-17,0.999999997137987,0.999999999882318
"CFAP46",7.91875312269475e-17,-1.62701379837144,1.27806073776051e-17,0.999999997147565,0.999999999882318
"AC009779.3",7.85001251575407e-17,-1.62728469751846,1.25596803001866e-17,0.999999997172326,0.999999999882318
"EFNA1",7.81747394993566e-17,-1.6274136519774,1.24557754975931e-17,0.999999997184047,0.999999999882318
"XIRP1",7.79331691846597e-17,-1.62750969308082,1.23789144397766e-17,0.999999997192748,0.999999999882318
"IL7R",7.70579695692249e-17,-1.62785983891235,1.21024419817129e-17,0.999999997224274,0.999999999882318
"TSPAN33",7.59709642216429e-17,-1.62829959427587,1.17634080864009e-17,0.999999997263429,0.999999999882318
"PTPN6",7.53234626345838e-17,-1.62856416556362,1.15637432189526e-17,0.999999997286753,0.999999999882318
"SMIM36",7.4602932067315e-17,-1.62886092335946,1.13435680218497e-17,0.999999997312708,0.999999999882318
"LY6H",7.44204456967943e-17,-1.62893647960667,1.12881408495548e-17,0.999999997319281,0.999999999882318
"C5orf58",7.44165045371518e-17,-1.62893811318088,1.12869452859774e-17,0.999999997319423,0.999999999882318
"AL121944.1",7.39516838821208e-17,-1.62913130939074,1.11463845252903e-17,0.999999997336167,0.999999999882318
"TRDC",7.38327406340495e-17,-1.62918091697471,1.11105578633987e-17,0.999999997340451,0.999999999882318
"AC009283.1",7.32961317504326e-17,-1.62940559204151,1.09496439299096e-17,0.99999999735978,0.999999999882318
"NCBP2-AS1",7.30988834120779e-17,-1.62948854019697,1.08907897206867e-17,0.999999997366885,0.999999999882318
"UCN",7.28605756345281e-17,-1.62958901624109,1.08198959056146e-17,0.99999999737547,0.999999999882318
"OXT",7.23945058897783e-17,-1.62978635484804,1.06819146374265e-17,0.999999997392258,0.999999999882318
"PROK2",7.23116902104791e-17,-1.62982153594392,1.06574894681435e-17,0.999999997395241,0.999999999882318
"AC005224.3",7.21647220010503e-17,-1.62988405658337,1.06142123594968e-17,0.999999997400535,0.999999999882318
"EOMES",7.18565256647278e-17,-1.63001552621281,1.0523744997385e-17,0.999999997411637,0.999999999882318
"ERICH2",7.18548045309004e-17,-1.63001626179232,1.05232408662315e-17,0.999999997411699,0.999999999882318
"AL132780.1",7.17404225253665e-17,-1.63006518100981,1.04897647090607e-17,0.999999997415819,0.999999999882318
"SH2D1A",7.1366468956234e-17,-1.63022559161211,1.03806919956299e-17,0.999999997429289,0.999999999882318
"XCL2",7.07588877471255e-17,-1.63048779184283,1.02046915416814e-17,0.999999997451175,0.999999999882318
"C16orf54",7.01042729982913e-17,-1.63077250033665,1.00167507285555e-17,0.999999997474755,0.999999999882318
"SLC38A4",6.99318197133563e-17,-1.63084789118201,9.96752985213957e-18,0.999999997480967,0.999999999882318
"TRAPPC3L",6.99080781589007e-17,-1.63085828292042,9.9607631332463e-18,0.999999997481822,0.999999999882318
"AP000759.1",6.98003123084811e-17,-1.63090549111106,9.93007704453347e-18,0.999999997485704,0.999999999882318
"AC083862.2",6.92907389218361e-17,-1.6311295825034,9.78561830734305e-18,0.99999999750406,0.999999999882318
"LAX1",6.92231363071546e-17,-1.63115941973361,9.76653319767649e-18,0.999999997506495,0.999999999882318
"PCK1",6.88647235638529e-17,-1.63131803620203,9.66565975851565e-18,0.999999997519405,0.999999999882318
"SCIN",6.88633710629542e-17,-1.63131863611971,9.66528009576647e-18,0.999999997519454,0.999999999882318
"OVOL1",6.85572313203157e-17,-1.63145469367452,9.57953496891437e-18,0.999999997530482,0.999999999882318
"HMMR",6.84670207805652e-17,-1.63149488718023,9.55434123094596e-18,0.999999997533731,0.999999999882318
"TRBC1",6.84492456971977e-17,-1.63150281236527,9.5493809693532e-18,0.999999997534371,0.999999999882318
"C12orf50",6.84339059299672e-17,-1.63150965318798,9.54510133512826e-18,0.999999997534924,0.999999999882318
"MKX-AS1",6.84200917574421e-17,-1.63151581481324,9.54124814667363e-18,0.999999997535421,0.999999999882318
"FAM166B",6.7792418380689e-17,-1.63179693353041,9.36699180557352e-18,0.999999997558031,0.999999999882318
"BMPR1B",6.74091260746246e-17,-1.63196972085247,9.26137095980087e-18,0.999999997571838,0.999999999882318
"LINC01752",6.72713633349895e-17,-1.63203203378237,9.22355506830353e-18,0.9999999975768,0.999999999882318
"CCDC134",6.69773869458853e-17,-1.63216537912644,9.14311719325099e-18,0.99999999758739,0.999999999882318
"RASAL3",6.68472739552999e-17,-1.63222456068496,9.10762811684373e-18,0.999999997592076,0.999999999882318
"CD8A",6.66114900647201e-17,-1.63233206334457,9.04349252385813e-18,0.99999999760057,0.999999999882318
"FBXO15",6.65235059878498e-17,-1.63237226377147,9.0196180286406e-18,0.999999997603739,0.999999999882318
"POU2F3",6.60587925973233e-17,-1.63258536796195,8.8940414584313e-18,0.999999997620479,0.999999999882318
"LINC01569",6.60451539442728e-17,-1.6325916420209,8.89036926829053e-18,0.99999999762097,0.999999999882318
"LINC01871",6.54858576656175e-17,-1.63284991010279,8.74043255849123e-18,0.999999997641116,0.999999999882318
"AC079834.2",6.54072679014796e-17,-1.63288635508323,8.71946631089934e-18,0.999999997643947,0.999999999882318
"SSTR1",6.51579581081664e-17,-1.63300222305018,8.65312183769739e-18,0.999999997652928,0.999999999882318
"RIMBP2",6.47934916425747e-17,-1.63317230977384,8.55658866266842e-18,0.999999997666056,0.999999999882318
"NFIA-AS2",6.44858886698663e-17,-1.63331651166469,8.47553779351609e-18,0.999999997677136,0.999999999882318
"SLAMF1",6.40397512689438e-17,-1.63352672923296,8.35866960988565e-18,0.999999997693207,0.999999999882318
"KRT17",6.39130994216085e-17,-1.63358664011867,8.32564030899877e-18,0.999999997697769,0.999999999882318
"ADAMTS8",6.38147578283851e-17,-1.63363323083008,8.30003908361413e-18,0.999999997701311,0.999999999882318
"C19orf33",6.36759761990127e-17,-1.63369908744056,8.26397719313406e-18,0.999999997706311,0.999999999882318
"CYP4B1",6.36759202844931e-17,-1.63369911399917,8.26396267977632e-18,0.999999997706313,0.999999999882318
"AC243829.1",6.33658177754211e-17,-1.63384672277674,8.18366747807935e-18,0.999999997717483,0.999999999882318
"TMEM102",6.2858711680415e-17,-1.63408947103229,8.05320654591011e-18,0.999999997735749,0.999999999882318
"AGT",6.28139268414838e-17,-1.63411099138631,8.04173532518547e-18,0.999999997737363,0.999999999882318
"KRT81",6.25627508958013e-17,-1.63423193744687,7.97755045160463e-18,0.99999999774641,0.999999999882318
"AL122125.1",6.24870597383395e-17,-1.63426846740066,7.95825894831431e-18,0.999999997749137,0.999999999882318
"KCNN4",6.24818518840789e-17,-1.63427098222907,7.95693247445392e-18,0.999999997749324,0.999999999882318
"HOXB8",6.2470700124627e-17,-1.63427636793474,7.95409242168172e-18,0.999999997749726,0.999999999882318
"GZMA",6.24497903957451e-17,-1.63428646848467,7.94876864329095e-18,0.999999997750479,0.999999999882318
"SH2D1B",6.24482416570642e-17,-1.63428721672825,7.94837439335877e-18,0.999999997750535,0.999999999882318
"ARRDC3-AS1",6.24116676695523e-17,-1.63430489146819,7.93906688973555e-18,0.999999997751853,0.999999999882318
"AL133367.1",6.22700118524436e-17,-1.63437343356766,7.9030691739412e-18,0.999999997756955,0.999999999882318
"AL138885.3",6.19652073013408e-17,-1.63452138065408,7.82588930012991e-18,0.999999997767935,0.999999999882318
"TCEAL5",6.19495016144205e-17,-1.63452902115032,7.8219227067437e-18,0.9999999977685,0.999999999882318
"SLPI",6.16513613192624e-17,-1.63467438233152,7.74681576708233e-18,0.99999999777924,0.999999999882318
"AC022809.1",6.10582586832285e-17,-1.63496539117756,7.59847983941815e-18,0.999999997800604,0.999999999882318
"TRH",6.10276035818852e-17,-1.63498049929738,7.59085192138623e-18,0.999999997801708,0.999999999882318
"BDNF",6.05603161812198e-17,-1.63521162303845,7.47505090102475e-18,0.999999997818541,0.999999999882318
"SLA2",6.04856663166925e-17,-1.63524868967358,7.45663396878525e-18,0.99999999782123,0.999999999882318
"RGS13",6.01528739798757e-17,-1.63541442226923,7.3748068466236e-18,0.999999997833217,0.999999999882318
"CDS1",5.97166612645934e-17,-1.63563287655607,7.26823437727365e-18,0.99999999784893,0.999999999882318
"XCL1",5.96246880516508e-17,-1.63567911445516,7.24586313050046e-18,0.999999997852243,0.999999999882318
"CDCA7",5.94325161330593e-17,-1.63577592698952,7.19923118955393e-18,0.999999997859165,0.999999999882318
"OPRD1",5.86921300114865e-17,-1.63615149509104,7.02097825989383e-18,0.999999997885835,0.999999999882318
"C9orf50",5.85554274629618e-17,-1.63622129117027,6.98831057921551e-18,0.999999997890759,0.999999999882318
"AC007182.1",5.81799619941833e-17,-1.63641372744922,6.89897788658038e-18,0.999999997904284,0.999999999882318
"PLCXD3",5.81143974623405e-17,-1.63644744230247,6.88343736817788e-18,0.999999997906646,0.999999999882318
"AC226118.1",5.71252780372503e-17,-1.63696014703399,6.65111627417398e-18,0.999999997942275,0.999999999882318
"ACADL",5.68727958643775e-17,-1.63709226209015,6.59245302423491e-18,0.99999999795137,0.999999999882318
"CD160",5.67538506214053e-17,-1.63715467964958,6.56490660494988e-18,0.999999997955654,0.999999999882318
"AC004832.6",5.60119038922465e-17,-1.63754662345186,6.39438169016061e-18,0.99999999798238,0.999999999882318
"AC015967.1",5.58375678337603e-17,-1.63763937685385,6.35463883658793e-18,0.99999999798866,0.999999999882318
"TEK",5.50149932798206e-17,-1.63808046149482,6.16879041006228e-18,0.99999999801829,0.999999999882318
"ONECUT3",5.50130509004049e-17,-1.63808150984796,6.16835482262419e-18,0.99999999801836,0.999999999882318
"HSD11B1",5.49014231370337e-17,-1.63814181269502,6.14334762676128e-18,0.999999998022381,0.999999999882318
"LINC01985",5.48421119791258e-17,-1.638173896997,6.13008122226395e-18,0.999999998024518,0.999999999882318
"CLECL1",5.35073488544385e-17,-1.63890407754937,5.8353210233234e-18,0.999999998072597,0.999999999882318
"LINC02366",5.33997249730618e-17,-1.63896364418372,5.81187047620696e-18,0.999999998076474,0.999999999882318
"PLA2G5",5.28672686725097e-17,-1.63925989553699,5.69654632915923e-18,0.999999998095654,0.999999999882318
"RASGRF1",5.26554836436003e-17,-1.63937845505962,5.65099728652072e-18,0.999999998103283,0.999999999882318
"IGF2.1",5.20759392474236e-17,-1.63970503374384,5.52728819965464e-18,0.999999998124159,0.999999999882318
"AL590438.1",5.09687583805943e-17,-1.64033787057315,5.29475653116923e-18,0.999999998164041,0.999999999882318
"AATK",5.08464634355788e-17,-1.64040850616952,5.26937843116879e-18,0.999999998168446,0.999999999882318
"CCR6",5.08449792237999e-17,-1.64040936433785,5.26907080861805e-18,0.999999998168499,0.999999999882318
"AC018529.1",5.08239731897445e-17,-1.6404215123334,5.26471799270729e-18,0.999999998169256,0.999999999882318
"S1PR4",5.06331107392339e-17,-1.64053209146494,5.22525038910356e-18,0.999999998176131,0.999999999882318
"F12",5.02249895632046e-17,-1.64076977033657,5.14135505658315e-18,0.999999998190832,0.999999999882318
"AC092171.3",5.00535459650662e-17,-1.64087011822965,5.10631481093144e-18,0.999999998197008,0.999999999882318
"AL162274.2",4.96550608216814e-17,-1.64110452157046,5.02533389793461e-18,0.999999998211362,0.999999999882318
"ZNF578",4.96101908784227e-17,-1.64113101856459,5.01625588797356e-18,0.999999998212978,0.999999999882318
"AC007998.3",4.93688340773662e-17,-1.64127390704442,4.96756579556453e-18,0.999999998221672,0.999999999882318
"BX293535.1",4.87114298487863e-17,-1.64166622363966,4.83614865736975e-18,0.999999998245352,0.999999999882318
"SMOC1",4.77671767531464e-17,-1.64223789621429,4.6504719926793e-18,0.999999998279366,0.999999999882318
"AC104823.1",4.76467264298062e-17,-1.64231152832645,4.62704818363499e-18,0.999999998283704,0.999999999882318
"CTLA4",4.74397348978641e-17,-1.64243844448352,4.58693296620026e-18,0.999999998291161,0.999999999882318
"AC009093.2",4.74195250612671e-17,-1.64245086199284,4.5830256332406e-18,0.999999998291889,0.999999999882318
"LINC01990",4.72855387288928e-17,-1.64253330424413,4.5571630687458e-18,0.999999998296715,0.999999999882318
"AC107959.4",4.7274487272847e-17,-1.64254011335294,4.55503314051354e-18,0.999999998297113,0.999999999882318
"KIAA1755",4.69902786645888e-17,-1.6427157018106,4.50042913423751e-18,0.999999998307351,0.999999999882318
"OPRM1",4.62758993524014e-17,-1.64316118911842,4.36463189657194e-18,0.999999998333083,0.999999999882318
"LINC00844",4.57809682524897e-17,-1.64347336603594,4.27176972742734e-18,0.999999998350911,0.999999999882318
"RRM2",4.51747977952134e-17,-1.6438597503401,4.15939649103605e-18,0.999999998372746,0.999999999882318
"DIO2",4.51074865149553e-17,-1.64390293484668,4.14701057087106e-18,0.999999998375171,0.999999999882318
"AP000880.1",4.5011864243241e-17,-1.64396437959594,4.12944691182186e-18,0.999999998378616,0.999999999882318
"ABRA",4.49250701960671e-17,-1.6440202503615,4.11353706836149e-18,0.999999998381742,0.999999999882318
"NOG",4.43549146732014e-17,-1.64438963185401,4.00978773138406e-18,0.99999999840228,0.999999999882318
"NCF4",4.42792233657129e-17,-1.64443898086488,3.99611406689718e-18,0.999999998405006,0.999999999882318
"ICOS",4.3985704618289e-17,-1.64463104829292,3.94331066500832e-18,0.999999998415579,0.999999999882318
"FTCDNL1",4.39053238421243e-17,-1.64468384173212,3.92891158886284e-18,0.999999998418475,0.999999999882318
"AL590560.2",4.30365065877946e-17,-1.64525992985293,3.77495612624134e-18,0.99999999844977,0.999999999882318
"CD3E",4.21740013184653e-17,-1.64584197461067,3.62516268520421e-18,0.999999998480839,0.999999999882318
"AC113383.1",4.1962654639689e-17,-1.64598618344691,3.58892015072255e-18,0.999999998488452,0.999999999882318
"IFNG",4.18841674522732e-17,-1.64603989951174,3.57550723302237e-18,0.999999998491279,0.999999999882318
"CEBPE",4.18153440284009e-17,-1.64608707419977,3.56376644940535e-18,0.999999998493758,0.999999999882318
"TNFSF15",4.1658632516276e-17,-1.64619474502069,3.53710462335484e-18,0.999999998499403,0.999999999882318
"PDGFD",4.16268722959593e-17,-1.64621660944738,3.53171335666846e-18,0.999999998500547,0.999999999882318
"GZMB",3.98908624414459e-17,-1.64743448435999,3.24328219749559e-18,0.999999998563081,0.999999999882318
"SLC25A34-AS1",3.92382965947198e-17,-1.64790428726548,3.13803785067754e-18,0.999999998586587,0.999999999882318
"AC096677.1",3.85010834932933e-17,-1.64844331595042,3.02123000765058e-18,0.999999998613142,0.999999999882318
"AC114760.2",3.84029193487213e-17,-1.64851576981921,3.00584351200695e-18,0.999999998616678,0.999999999882318
"CRYBG1",3.67848868802042e-17,-1.64973396236398,2.75788870501436e-18,0.999999998674962,0.999999999882318
"GPR65",3.66578790951517e-17,-1.64983155490043,2.73887716694848e-18,0.999999998679537,0.999999999882318
"DKK1",3.63197749445476e-17,-1.65009280116162,2.68858755470469e-18,0.999999998691716,0.999999999882318
"C5AR1",3.59993448280167e-17,-1.65034235998519,2.6413568586775e-18,0.999999998703258,0.999999999882318
"RHBDL2",3.55474336698865e-17,-1.6506976393503,2.57545752325558e-18,0.999999998719536,0.999999999882318
"FCGR2B",3.52937814182189e-17,-1.65089878639535,2.53883379017858e-18,0.999999998728673,0.999999999882318
"CXCL13",3.49867509278572e-17,-1.65114395953408,2.49485387016882e-18,0.999999998739733,0.999999999882318
"AL133163.2",3.47130858107391e-17,-1.65136407938138,2.45597719725912e-18,0.999999998749591,0.999999999882318
"SFTPD",3.4611679095159e-17,-1.65144603008744,2.44164895193699e-18,0.999999998753243,0.999999999882318
"SCN3A",3.45026873500597e-17,-1.65153434483028,2.42629571952983e-18,0.999999998757169,0.999999999882318
"FGF9",3.4400967803694e-17,-1.6516169872071,2.41201057752807e-18,0.999999998760833,0.999999999882318
"IL4I1",3.42002146567748e-17,-1.65178071830651,2.38394126022802e-18,0.999999998768065,0.999999999882318
"LMO3",3.35995915300205e-17,-1.65227564247556,2.30094311458965e-18,0.9999999987897,0.999999999882318
"AL160272.1",3.33152488575407e-17,-1.65251264764607,2.26216359953871e-18,0.999999998799943,0.999999999882318
"MXRA5",3.32317350371394e-17,-1.65258259387296,2.25083634618191e-18,0.999999998802951,0.999999999882318
"SEC23A-AS1",3.31379436611468e-17,-1.65266133133691,2.23814900820923e-18,0.999999998806329,0.999999999882318
"HUNK",3.28610795741822e-17,-1.65289489884751,2.20090623433489e-18,0.999999998816302,0.999999999882318
"DNAH12",3.26778703494442e-17,-1.65305040473579,2.17643337566266e-18,0.999999998822902,0.999999999882318
"WWC2-AS2",3.17162545708098e-17,-1.65387932842462,2.05022571611506e-18,0.99999999885754,0.999999999882318
"RAP1GAP2",3.15013524692387e-17,-1.65406757484154,2.02253612124221e-18,0.999999998865281,0.999999999882318
"TBC1D10C",3.10722597226159e-17,-1.65444682642152,1.9678118122991e-18,0.999999998880738,0.999999999882318
"PARP8",3.087590694324e-17,-1.65462190032085,1.94302027843082e-18,0.999999998887811,0.999999999882318
"AC044839.1",2.9821569465451e-17,-1.65557896038248,1.81258707344995e-18,0.999999998925789,0.999999999882318
"IL2RG",2.95228258076539e-17,-1.65585551538175,1.77645305272423e-18,0.99999999893655,0.999999999882318
"TPH2",2.94993520293766e-17,-1.65587734916971,1.77362923854305e-18,0.999999998937396,0.999999999882318
"APOD",2.78439808605206e-17,-1.6574567483811,1.58015809230659e-18,0.999999998997025,0.999999999882318
"C16orf95",2.7578088053027e-17,-1.65771804906343,1.55012312177713e-18,0.999999999006602,0.999999999882318
"CRTAM",2.7036839662613e-17,-1.65825682384545,1.48987467328579e-18,0.999999999026099,0.999999999882318
"AC243960.1",2.55079945387168e-17,-1.65983126938989,1.32614348832056e-18,0.99999999908117,0.999999999882318
"GNG8",2.53460264487182e-17,-1.66000286555448,1.30935573244176e-18,0.999999999087004,0.999999999882318
"WNT16",2.4960513618748e-17,-1.66041518200205,1.2698280664217e-18,0.999999999100891,0.999999999882318
"UNC13A",2.46262536174347e-17,-1.66077721147874,1.2360458536592e-18,0.999999999112931,0.999999999882318
"GZMK",2.4165595026664e-17,-1.66128324254517,1.19023542724619e-18,0.999999999129525,0.999999999882318
"CD8B",2.41613365484839e-17,-1.66128795964947,1.18981597595644e-18,0.999999999129678,0.999999999882318
"CD247",2.41097239601075e-17,-1.66134518860833,1.18473812012582e-18,0.999999999131537,0.999999999882318
"KCNRG",2.28248969362261e-17,-1.66280551248899,1.06183133375821e-18,0.999999999177818,0.999999999882318
"SLC12A8",1.97125941173104e-17,-1.66666532865291,7.9200048258878e-19,0.999999999289927,0.999999999882318
"AL603756.1",1.95809313051814e-17,-1.66684007938528,7.81456079278692e-19,0.99999999929467,0.999999999882318
"SAMD3",1.91749741046529e-17,-1.66738543059827,7.493892497741e-19,0.999999999309293,0.999999999882318
"IGFL2",1.8211102443221e-17,-1.66872183514687,6.75943445799105e-19,0.999999999344013,0.999999999882318
"RUNX3",1.73473214597118e-17,-1.66997306033169,6.1334204834264e-19,0.999999999375128,0.999999999882318
"SUSD2",1.55158293678979e-17,-1.6728172014248,4.90668159111239e-19,0.9999999994411,0.999999999882318
"UGT8",1.48342551353532e-17,-1.67395101628876,4.4850715414806e-19,0.999999999465651,0.999999999882318
"DRD1",8.83423328356881e-18,-1.68657865562138,1.59065360197211e-19,0.99999999968178,0.999999999882318
"ASCL2",7.44750827327307e-18,-1.69056127752325,1.13047216950585e-19,0.999999999731731,0.999999999882318
"TPSAB1",7.39739741886704e-18,-1.69071698599824,1.11531049611058e-19,0.999999999733536,0.999999999882318
"CERS1",5.00186190243465e-18,-1.69951932014276,5.09919101075253e-20,0.999999999819827,0.999999999882318
"KRT7",3.26702262117209e-18,-1.70861914010858,2.17541525481208e-20,0.999999999882318,0.999999999882318
