"gene","Subject 1 - CSU v3","Subject 1 - CSU v6","Subject 2 - CSU v3","Subject 2 - CSU v6","Subject 3 - CSU v3","Subject 3 - CSU v6","Subject 4 - CSU v3","Subject 4 - CSU v6","Subject 1 - non-CSU","Subject 2 - non-CSU","Subject 3 - non-CSU","Subject 4 - non-CSU","Subject 5 - non CSU","Subject 6 - non CSU","Subject 5 - CSU v3","Subject 5 - CSU v6","Subject 6 - CSU v3","Subject 6 - CSU v6","Subject 7 - CSU v3","Subject 7 - CSU v6","Subject 8 - CSU v3"
"ENSG00000001167",10.46774,10.24665,10.58107,10.66014,10.63158,10.65891,9.845091,10.30936,10.62399,10.5173,10.57749,10.78263,10.55727,11.03851,11.08702,10.89386,11.35798,10.79823,10.71614,10.5569,10.8946
"ENSG00000001629",11.79354,11.05187,11.79729,11.50674,11.58901,11.78708,11.07347,11.40469,11.51113,11.66817,11.10896,11.16832,12.73018,12.78486,13.20742,13.01579,13.12969,12.97019,13.03434,13.05404,12.97535
"ENSG00000001631",14.65238,13.93777,14.07662,14.38191,14.37625,14.30589,14.49771,14.35009,14.42608,14.0229,14.07362,14.34836,14.45618,14.41798,14.28454,14.36053,14.42689,14.31425,14.52757,14.52102,14.43927
"ENSG00000002549",10.2621,10.0712,10.45591,10.10175,10.23152,9.999457,9.166898,9.643081,9.117569,10.04303,9.176344,10.00835,11.11807,11.41791,11.58561,11.48982,11.96847,13.16651,11.27478,11.00522,11.13611
"ENSG00000002586",10.79076,10.63805,10.88003,11.70434,10.82772,10.76229,10.47386,10.25408,11.0406,10.7315,11.32729,10.35922,8.794161,8.765941,9.45863,9.674025,8.694415,8.813285,8.987287,9.081642,8.858277
"ENSG00000002834",13.22251,13.28925,13.23465,13.46148,13.55302,13.36519,12.93353,13.31569,13.21564,13.22191,13.272,13.21784,12.84509,13.237,13.19582,13.20724,12.91096,12.89491,13.10981,12.99011,13.19841
"ENSG00000002919",11.8025,11.74318,11.81643,11.57682,10.95794,10.98128,11.7551,11.72772,11.41138,11.74543,11.76868,11.12974,10.21725,9.827235,11.16256,11.21772,10.66039,10.59302,10.7912,10.8281,10.80509
"ENSG00000003402",15.76753,15.69448,16.27943,16.26595,16.03946,15.92033,15.66161,15.92471,15.37334,16.08072,15.53523,15.26671,16.34852,16.38732,16.4296,16.33002,16.20385,16.287,16.78341,16.72728,16.62871
"ENSG00000003756",13.35875,13.56003,13.77346,13.93869,13.7144,13.65531,13.17906,13.12474,12.86546,13.59528,13.2577,12.97476,14.87066,14.97492,14.70001,14.76581,14.62366,14.70417,14.90432,14.85935,14.86669
"ENSG00000004059",11.4818,11.59708,11.35806,11.17854,11.2389,11.20875,11.32543,11.36301,11.32279,11.43039,11.48019,11.34108,12.17514,12.20582,12.18427,12.31745,12.23223,12.27078,12.2226,12.23956,12.02371
"ENSG00000004455",12.03921,12.56997,11.02644,11.39395,11.41414,10.98222,11.94279,11.6162,12.05249,11.65841,11.83611,12.22422,12.08548,11.76947,11.55598,11.57618,11.67743,11.57433,11.30637,11.38872,10.93286
"ENSG00000004534",13.98444,14.05779,14.07607,14.18905,14.13004,14.30903,14.44227,14.15519,14.6748,14.13405,14.46914,14.84957,14.58553,14.48744,13.72487,13.81917,14.11162,14.21967,14.5941,14.47202,14.71034
"ENSG00000004777",10.18463,10.13142,10.12012,9.818692,9.99605,10.31898,10.14078,10.01801,9.909508,9.801341,10.0046,10.59202,9.879622,9.624075,9.49762,9.513123,9.450512,9.467547,9.427457,9.513214,9.561766
"ENSG00000004897",12.23636,12.02336,12.37274,12.22847,12.20481,11.91145,12.52634,12.53141,12.30522,12.22089,12.07854,12.27857,12.86211,12.55107,12.56894,12.45239,12.50759,12.78566,12.53094,12.61177,12.68012
"ENSG00000005108",11.91647,11.13584,12.05846,11.43019,13.08043,13.19795,12.27073,12.12652,11.52965,11.33373,12.10638,11.46636,12.00009,12.37672,12.05518,12.2806,12.10486,12.19337,12.52799,12.53575,11.74822
"ENSG00000005339",15.18676,14.93418,15.3349,15.11454,15.46515,15.42744,15.07785,14.94225,15.07299,15.34669,14.93256,14.96284,15.53524,15.82098,15.77195,15.78518,15.77317,15.80095,15.87505,15.78333,15.86289
"ENSG00000005381",12.40168,13.69872,7.35167,7.887484,9.226073,6.96919,11.01226,11.09759,10.11986,9.429626,12.28272,13.64964,13.01318,5.877919,10.34961,8.43883,9.682426,9.178722,8.390885,6.488894,6.606531
"ENSG00000005486",13.40964,12.82625,13.62256,13.15003,13.7401,13.73522,13.87613,13.61481,13.62639,13.83784,13.77574,13.88089,11.30536,12.76287,11.83541,11.89682,12.66388,12.21668,11.38731,11.23419,11.33251
"ENSG00000005700",11.47064,11.2827,11.72553,11.0329,11.59674,11.6283,11.16117,11.11704,10.93687,11.48164,10.88465,10.50697,12.2057,11.97739,11.92946,11.79733,11.61641,11.74183,11.86333,11.79677,11.76147
"ENSG00000005810",13.99469,13.69493,14.23614,14.29113,13.78352,13.93269,14.25559,14.13235,14.13562,14.07779,13.71215,13.61111,13.89499,13.73083,13.76674,13.92831,14.03842,14.14753,13.75213,13.65913,14.11302
"ENSG00000005812",10.49073,10.0916,10.97872,10.8702,10.78294,10.58167,9.993766,10.76748,10.51044,10.68029,10.86049,10.53626,10.58145,10.92615,11.5347,11.70588,11.1217,11.04299,11.53963,11.32972,11.50681
"ENSG00000005882",10.60257,10.53923,11.64841,11.48192,12.06742,10.98681,11.49897,11.25182,10.71624,10.8989,11.36176,11.08156,9.353915,9.414687,9.281485,9.48851,9.635368,9.14344,9.354839,9.43794,9.537139
"ENSG00000005889",11.38255,11.13362,11.14731,11.38365,11.295,11.52939,10.03914,10.01914,10.90517,10.94581,10.36495,9.480099,11.07152,11.45009,12.09888,12.14484,12.19162,12.21732,12.26904,12.08034,12.22546
"ENSG00000005893",12.76127,13.69949,11.79756,11.79517,12.20455,11.64879,11.97146,12.32331,12.10879,11.73548,12.15789,12.37577,12.05575,10.42469,11.84442,11.54599,12.2958,11.77203,11.51015,10.90363,11.13492
"ENSG00000006007",10.10943,9.770539,10.64194,10.01684,10.5341,10.19694,10.14821,10.18797,10.56063,9.935985,9.935107,9.909236,9.892056,10.44022,9.952403,9.875852,10.02042,10.00078,10.06812,10.05327,10.02083
"ENSG00000006125",10.81389,10.94171,11.29269,11.14846,10.96666,11.01766,10.41176,10.80882,11.12764,11.21138,10.97582,10.55288,11.77719,11.97732,11.69281,11.5553,11.41807,11.35955,11.68851,11.64161,12.00872
"ENSG00000006534",10.24948,10.87959,10.65804,10.22447,10.78011,10.5228,10.93831,10.94743,11.52879,10.64051,11.16813,11.68794,10.29917,10.13953,10.00247,10.01112,10.23522,9.753312,9.931132,9.617708,9.733284
"ENSG00000006576",10.97515,10.15881,10.2724,10.25787,10.75562,10.41867,10.42099,10.50671,9.54934,10.315,10.34738,10.48909,11.54065,12.04815,11.53637,11.41467,11.72499,11.41428,11.67852,11.74734,11.65822
"ENSG00000006712",10.85039,10.87917,11.50724,10.95549,11.44777,11.18597,11.50587,11.33376,10.7599,11.31592,11.20981,11.4507,11.2281,12.01519,11.76153,11.98946,11.98098,11.44301,11.43913,11.57499,11.71104
"ENSG00000007047",10.82344,10.87772,11.23435,11.02463,10.90592,10.79052,10.72406,10.78128,11.0874,10.50678,10.88487,11.06229,10.99303,11.16446,11.12609,11.27118,11.28301,11.1618,10.96909,10.83397,11.00479
"ENSG00000007202",12.16351,12.80919,12.48779,12.76299,12.60665,12.25854,12.68401,11.78951,12.51918,12.43715,12.25591,12.54194,13.15132,12.99795,12.57455,12.6877,12.69834,12.64853,12.99276,12.84447,12.7957
"ENSG00000007350",11.23892,11.08427,11.67955,11.46579,11.30558,11.88797,11.93112,11.38192,11.35095,11.7158,11.21761,11.48468,12.19739,12.47605,12.37061,12.41316,12.4707,12.55766,12.63834,12.40695,12.43919
"ENSG00000007944",13.97533,13.72644,14.37221,13.83142,13.70592,13.97429,12.95149,13.36119,13.68284,14.41176,13.53052,13.54463,14.09993,14.13828,13.7541,13.67241,14.48663,14.25847,13.99079,13.9919,13.6996
"ENSG00000008018",13.10978,13.11516,12.95439,12.95836,13.12455,13.15409,12.81326,12.8181,12.80609,13.40069,12.74647,12.76892,12.24451,12.31274,12.29484,12.32884,12.4195,12.23916,12.37619,12.33096,12.14281
"ENSG00000008083",11.2576,10.99946,11.2531,11.29208,11.33985,11.13902,10.87758,10.79679,11.14365,11.2064,10.92377,11.06405,11.75134,12.01773,11.7094,11.71945,11.69807,11.6508,11.71728,11.73466,11.98853
"ENSG00000008128",12.85896,12.85118,12.61299,12.6429,13.03155,13.04756,12.60795,12.65175,12.81864,13.38525,13.18035,13.13106,13.25603,13.70482,13.46126,13.68672,13.34436,13.26081,13.55866,13.68151,13.51295
"ENSG00000008130",12.20032,12.68621,12.66472,12.74721,12.74262,12.38976,12.74837,13.01395,12.98837,12.39349,13.51825,13.24137,12.51763,12.81662,12.96897,13.04085,12.78408,12.7231,12.90993,12.86471,12.3963
"ENSG00000008294",10.77821,9.921317,10.5705,10.36076,11.04258,11.18956,10.35666,10.20482,9.793823,10.91968,10.00134,9.581832,12.21454,12.27871,12.12199,11.9606,12.23213,12.18999,12.31618,12.4003,12.64846
"ENSG00000008324",11.57834,11.2833,11.06808,10.90153,10.85912,11.27056,10.78228,10.79523,11.42106,11.3023,10.70623,10.62714,10.59308,10.01886,10.32982,10.44295,10.1419,9.897946,10.39603,10.18977,9.244413
"ENSG00000008438",13.17927,14.49949,12.71822,12.49638,13.0676,10.87688,13.4591,13.17196,14.01783,10.43371,13.81015,13.50095,9.193475,6.636515,10.05841,7.484712,11.18889,10.11455,7.862743,6.7997,6.523915
"ENSG00000008513",12.72616,12.32432,12.59229,12.96994,13.14117,13.31279,12.99735,13.07608,12.44532,12.56639,13.63439,13.14266,12.87141,13.62715,12.92166,12.89756,13.00401,13.1129,13.13651,12.96033,13.58087
"ENSG00000008516",13.39584,13.34681,14.04391,13.88881,13.69672,13.09974,11.54666,13.28892,14.06005,13.69104,13.79392,13.80626,12.63526,12.88248,13.62673,13.24244,12.9476,12.73056,13.01646,13.03548,12.97262
"ENSG00000008517",10.82419,9.529201,10.20054,10.40415,11.18071,11.1112,10.01784,11.17995,11.06978,10.28593,10.40683,10.00891,9.721772,9.718982,9.646026,9.491241,9.437387,9.72254,9.265477,9.745714,9.963323
"ENSG00000008869",11.81015,11.37541,11.91268,11.98847,12.18626,12.19804,11.8354,11.64833,12.10061,11.8618,11.99283,12.11063,12.98063,13.27614,13.15739,13.15285,12.98375,12.5717,13.40245,13.29993,13.40332
"ENSG00000008952",13.11122,13.13242,13.13691,13.1709,12.9131,12.83727,13.26387,12.99922,12.79247,12.88192,12.64053,12.91008,11.71611,11.59242,11.63035,11.7495,11.97709,11.72441,11.58301,11.66218,11.66473
"ENSG00000008988",17.22254,17.25389,17.13799,17.2879,17.31688,17.13915,17.10926,17.19634,17.15908,17.09286,17.03416,17.06595,17.23526,16.96579,17.17786,17.16584,17.09928,17.10508,17.01022,16.98393,17.00551
"ENSG00000009307",12.95747,12.89485,12.86491,12.84495,12.95073,13.20157,12.64242,12.94604,12.92262,13.35533,12.59964,12.72093,13.67845,13.5657,13.60604,13.61415,13.58011,13.51375,13.77561,13.74671,13.68133
"ENSG00000009790",13.09253,12.53118,13.07276,13.13741,13.32676,13.14476,13.64885,13.26879,12.82944,12.93154,12.75163,12.45577,13.06015,12.77956,12.83894,13.04902,12.66826,12.80191,12.85567,13.08587,12.90045
"ENSG00000010017",13.58924,13.71899,13.78477,13.79709,13.75507,13.43948,14.01521,13.74913,13.47779,13.70759,13.51689,13.54404,13.76794,13.81494,14.01856,13.90835,14.10766,13.92248,14.15096,13.98048,14.11131
"ENSG00000010072",10.84407,10.27785,10.66321,10.37111,10.83433,10.65786,10.41667,10.72629,10.28574,10.9708,10.46984,9.788953,10.80635,10.46971,10.94602,11.09986,10.91987,10.74401,10.23152,10.29422,9.987659
"ENSG00000010244",14.85911,15.16884,15.17672,15.11365,15.22695,15.3461,14.66554,14.59614,14.26829,15.22523,14.07116,14.09856,15.3494,15.50906,15.28207,15.30759,15.16679,15.29689,15.40738,15.53885,15.59348
"ENSG00000010270",10.47355,10.46187,10.39983,9.883257,10.28255,10.13165,10.38569,10.3527,10.25155,10.63482,10.283,10.52693,10.31424,9.973473,9.876793,10.00269,10.03281,10.00161,10.03276,9.812487,10.3587
"ENSG00000010278",12.29867,11.66627,12.90777,12.59631,11.5846,11.73743,11.45246,11.50224,11.72098,12.17299,11.33504,11.58828,11.70282,11.73952,12.25955,12.15653,12.02008,11.88672,11.92003,11.9312,11.57614
"ENSG00000010404",12.73902,12.26273,12.86574,12.67723,12.69214,12.73836,12.54791,12.57306,12.72933,12.74163,12.62999,12.64741,13.03175,13.52531,13.40206,13.20915,13.3751,13.12579,13.25748,13.04068,13.07342
"ENSG00000010438",13.21017,12.20225,11.06237,9.796809,13.18328,13.07324,12.38183,11.75772,12.65209,12.21826,11.69754,12.32902,11.31885,11.40059,10.32975,10.62284,12.58604,12.24064,10.7574,10.89638,12.55863
"ENSG00000010671",11.90597,11.77119,12.36993,12.11389,12.22092,11.82002,11.62131,11.60893,11.60027,12.11482,11.62409,11.1916,13.46595,13.37867,13.60664,13.613,13.10951,13.07525,13.69841,13.62623,13.44922
"ENSG00000011007",14.36174,13.94172,14.47416,14.08996,14.0523,14.05943,15.00965,14.44339,14.51163,14.34662,14.60571,14.24287,12.72699,12.97236,13.4898,13.40923,13.4569,12.47852,12.80453,12.63192,12.02634
"ENSG00000011009",11.80052,12.07652,12.22499,11.82864,11.74595,11.75922,10.82261,11.54925,12.2112,11.84411,12.06749,12.12876,11.53591,11.25475,11.61452,11.64333,11.19789,10.93561,11.17797,11.19037,11.36428
"ENSG00000011198",13.58447,13.54553,14.3961,14.13605,13.95556,13.99206,13.46903,13.87877,13.3664,14.11056,12.85238,13.11277,13.67328,14.87285,14.12498,14.286,14.808,14.75788,14.40258,14.33404,13.46989
"ENSG00000011258",10.42578,9.712183,10.03593,10.14852,10.7694,10.11817,10.26305,10.46771,10.10855,9.976268,10.46946,10.29841,11.39814,11.60799,11.09815,11.4439,11.29581,11.59459,11.57782,11.61497,11.63751
"ENSG00000011275",10.78796,10.54625,10.72829,10.6387,10.65021,10.36566,10.5827,10.8011,10.69971,10.77351,10.70063,10.79988,10.79955,11.16113,10.59434,10.57751,10.52976,10.63417,10.58807,10.74152,11.22098
"ENSG00000011304",10.61058,10.98185,10.96343,10.83049,11.15229,10.75547,9.363066,10.01745,10.62012,10.4591,10.46501,10.93274,10.8313,10.67066,10.59116,10.38574,10.66389,10.22699,10.21016,10.22475,9.861238
"ENSG00000011405",10.72581,10.5655,11.40322,10.96727,10.76507,11.11263,10.61163,10.83286,10.72165,11.12363,10.05612,10.34846,12.04468,12.12893,11.81458,11.70436,11.51569,11.70518,11.88334,11.89157,12.24376
"ENSG00000011422",10.87879,11.33464,10.25306,9.980124,11.14,10.597,11.71655,11.08566,11.11211,10.58847,10.82789,11.18672,11.64421,14.43608,11.04368,10.59412,13.23975,11.62214,10.31839,10.19318,10.38298
"ENSG00000011523",10.06772,9.93911,9.847734,10.2761,9.787452,10.01025,10.09579,9.919269,9.863611,9.413785,10.00372,10.25051,9.87385,10.09706,9.980253,10.00157,9.971968,9.703461,10.02679,9.991874,9.899502
"ENSG00000011600",13.4246,13.85751,13.32742,12.81213,13.03502,12.80345,14.3364,13.76354,13.69348,12.81091,13.90805,13.99185,11.60209,11.62048,12.16589,11.88901,12.2695,11.99158,11.68141,11.3078,11.21696
"ENSG00000012223",16.51072,17.40954,16.90998,16.82302,17.00294,15.15866,17.15092,17.09917,17.34089,14.69883,16.7725,16.83174,14.13679,8.043585,14.57582,10.54881,16.66738,15.90348,14.0161,8.362151,8.245535
"ENSG00000012660",11.48447,11.97452,11.17237,11.31424,11.38241,10.95718,11.2421,11.48995,12.17622,11.68347,12.056,12.05003,11.87831,11.48009,11.8657,11.53611,11.60056,11.6587,11.75156,11.69884,12.16369
"ENSG00000012779",15.24882,15.09958,15.53247,15.45663,15.31234,15.34118,14.76198,15.03958,15.28091,15.39905,15.57373,15.39115,14.91333,14.90391,14.93997,15.23668,14.81624,14.27999,14.61971,14.74182,15.10666
"ENSG00000012822",11.77783,12.10455,12.68089,12.60734,12.57917,12.2237,11.6173,12.07881,12.0263,12.70302,11.83594,11.48934,13.32219,13.95042,13.94085,14.09566,13.92568,13.77011,14.09019,14.16587,14.13698
"ENSG00000012983",12.65743,12.15798,12.75086,12.99453,12.7711,12.78611,12.65312,12.61803,12.32456,12.68294,12.43194,11.94571,13.11524,13.08557,13.40857,13.54886,13.1825,13.28523,13.65085,13.56942,13.39093
"ENSG00000013288",10.74177,10.70857,10.76683,10.84818,10.9032,10.81443,10.23411,10.65358,11.04542,10.80142,11.00402,11.30704,11.37852,11.65561,11.70753,11.43099,11.57106,11.39812,11.63578,11.3713,11.51143
"ENSG00000013364",10.3468,10.83568,11.06808,11.08802,10.39101,10.07137,11.60138,11.04986,11.87296,10.29199,11.28248,12.355,9.660356,10.11575,9.699002,9.480498,10.23098,9.193441,9.464847,8.96932,9.679627
"ENSG00000013374",10.01203,9.820242,9.942393,9.934198,10.40858,10.19662,9.944922,9.653345,9.983238,10.15062,9.766364,9.056808,10.6612,10.67922,10.65008,10.76514,10.58305,10.7993,10.78514,10.79904,10.98435
"ENSG00000013441",16.07097,15.72722,16.23021,16.19951,16.23193,16.07424,15.82489,15.82384,15.70166,16.11126,15.80906,15.58687,16.34275,16.18767,15.89861,16.09885,16.14996,16.25698,15.99849,15.98763,15.78992
"ENSG00000015153",11.89258,11.17874,11.68711,11.46915,11.5944,11.84025,13.08907,12.10409,11.83469,11.69886,11.77636,11.91216,11.05205,11.10206,11.12446,10.9545,11.18529,10.89177,11.05881,11.08672,11.17879
"ENSG00000015285",14.0882,14.17611,13.80794,14.02581,13.80963,13.78262,14.28768,14.05856,14.1518,13.57733,14.4551,14.40321,12.08227,12.26868,12.33425,12.37108,12.33268,12.19876,12.49571,12.1751,12.08084
"ENSG00000015475",11.07451,11.96106,11.1156,11.09721,11.07843,10.735,11.51852,11.70667,11.06857,10.93678,11.12568,10.75213,10.14843,10.03609,10.60555,10.69493,10.56485,10.06094,10.3063,9.987453,10.03918
"ENSG00000015479",15.81483,15.71449,15.92451,15.84971,15.79536,16.07642,15.3361,15.55357,15.27515,16.08288,15.11451,15.25385,16.11951,16.33164,16.44624,16.41352,16.46455,16.31137,16.1715,16.09604,16.36661
"ENSG00000015568",9.301637,9.73863,10.45127,10.27734,9.268143,9.554028,8.88108,8.992883,8.784559,10.44796,8.202371,8.292058,11.8744,12.27245,11.23927,11.31439,11.63413,11.74216,11.76636,11.67018,11.12425
"ENSG00000016864",11.77602,11.60979,12.11541,12.03462,11.81194,12.35877,11.98295,12.65617,12.54972,12.07416,12.54094,12.61703,12.07288,11.68769,12.26478,12.222,12.06668,11.9469,12.07529,11.88422,12.31221
"ENSG00000017260",10.32932,9.937485,10.584,10.22179,10.38393,10.28537,10.19838,10.41022,9.984498,10.5646,9.60955,10.07429,11.44047,11.46393,11.49121,11.43972,11.50732,11.56687,11.15946,11.14095,11.42002
"ENSG00000017797",11.63872,11.49158,11.61854,11.49224,11.70118,11.44178,12.9021,12.26592,11.4332,11.6439,11.31927,11.72415,11.86739,11.84337,12.23716,12.65385,12.39605,12.63282,12.87873,13.03193,11.82938
"ENSG00000018408",10.00752,10.43995,10.15172,10.18529,10.31891,9.894062,10.41475,10.25734,10.85639,9.915422,10.65771,10.80252,10.059,9.885061,10.01827,9.985869,10.00745,10.3894,9.834086,10.2772,10.00575
"ENSG00000018510",10.81667,11.36853,10.35655,10.63126,10.15396,10.34195,10.0804,10.3817,10.46053,9.838575,10.38326,10.3391,11.28358,10.99559,11.15184,11.04253,11.29787,11.09144,11.38079,11.34924,11.3986
"ENSG00000019582",10.52716,10.70318,10.71341,13.21046,10.99253,10.52703,10.95012,11.1657,10.99836,9.959942,10.71069,10.46732,8.630792,9.004349,8.673532,8.29607,9.00061,8.746502,9.193679,8.495828,8.683773
"ENSG00000021574",10.31525,10.17526,10.76586,10.22619,11.01895,10.38474,9.890675,10.29175,9.972515,10.59737,9.033082,9.564541,10.96635,11.27001,11.39692,11.38474,11.15188,10.96498,11.23723,11.05087,11.20035
"ENSG00000021776",11.07402,10.90982,11.40729,11.31299,11.36594,11.31498,10.82731,11.08804,10.83248,11.55884,10.56064,10.83701,11.82571,12.06004,11.84635,12.0343,11.72675,11.81688,11.47666,11.46091,11.48578
"ENSG00000022277",12.30937,12.97885,12.84006,12.3429,12.61582,12.57418,11.32536,11.66889,11.23967,12.76737,11.35129,11.08487,12.54778,12.85573,12.69624,12.77231,12.55305,12.55092,12.60515,12.67167,12.36865
"ENSG00000022840",13.50437,13.47164,14.02153,13.80999,14.12589,13.92773,13.49567,13.61838,13.07962,13.87097,13.32402,13.17977,14.25753,14.37996,14.47527,14.75918,14.35008,14.18902,14.59423,14.59315,14.41493
"ENSG00000023041",11.54718,11.37751,11.77888,11.57762,11.59151,11.83496,11.68335,11.21192,11.17486,11.64439,10.98626,10.7068,11.72189,11.38335,11.60411,11.86063,11.63523,11.71045,11.94977,11.88122,11.44723
"ENSG00000023287",9.604016,9.140093,10.1749,9.751072,10.19541,10.06634,9.289367,9.569675,8.493893,9.811181,8.708747,8.019736,9.826427,10.39441,10.84546,10.68557,10.75639,10.55212,10.74883,10.96794,10.98783
"ENSG00000023318",12.88195,12.68087,12.85913,12.42195,12.56383,12.92133,12.3912,12.5147,12.35352,12.61631,11.99137,12.15437,12.23958,12.05618,12.3933,12.34301,12.20947,12.25387,12.30186,12.26501,12.19758
"ENSG00000023330",13.85803,13.90546,14.08821,13.59824,13.44564,13.45587,14.13998,13.58112,14.1256,13.52867,14.14806,13.97377,13.54606,13.02156,13.56182,12.84676,13.14754,12.71984,12.76441,13.26151,12.68095
"ENSG00000023445",9.768839,10.60789,11.47042,11.99946,12.78669,12.64296,9.748309,10.12789,8.880666,11.63188,8.769178,9.605654,11.52915,13.65963,12.01521,11.44096,13.95334,13.41203,11.52256,11.50745,10.75502
"ENSG00000023734",11.93988,12.11141,11.74748,11.5467,12.17381,12.04535,11.46448,11.17916,10.99637,12.27044,11.04721,10.68519,11.7434,11.66254,11.69444,11.753,11.59756,11.58917,11.51936,11.8106,11.66995
"ENSG00000023902",11.04933,10.89549,11.14504,11.73501,11.46736,11.36819,10.97184,11.28708,10.8969,11.03474,11.15498,11.18938,11.45129,11.75817,11.38528,11.45734,11.21978,11.25096,11.26583,10.95577,11.34763
"ENSG00000024048",11.784,11.419,12.45042,11.99342,12.02656,12.28244,11.55428,11.54064,10.66399,12.15862,11.19542,10.49614,13.56445,13.77969,13.66209,13.77144,13.37784,13.57579,14.15388,14.10169,13.77264
"ENSG00000024862",10.35507,9.989736,9.709803,10.22178,10.66535,10.4217,9.561747,9.976965,9.785458,10.76064,10.21475,9.746416,10.41151,10.35393,10.33984,10.60127,10.17594,10.37798,10.45171,10.49868,10.58006
"ENSG00000025039",11.69626,12.11709,12.12306,11.82254,12.04549,11.7569,11.68837,11.99617,11.51787,11.89133,12.23049,12.1235,11.53867,12.23075,12.03155,11.7829,12.15302,12.17579,12.0412,12.15573,11.95624
"ENSG00000025293",10.32524,10.26772,10.76692,10.45693,10.32921,10.41324,10.22932,9.849161,9.777582,10.9531,10.01463,9.136344,11.67634,12.05656,11.50414,11.51193,11.61705,11.50901,11.78843,11.88332,11.5095
"ENSG00000025796",12.91548,13.00733,12.16485,12.0449,12.74263,12.07848,12.85725,13.27729,12.42971,12.29237,12.74046,13.0035,13.58192,13.48855,13.40075,13.19688,13.5079,13.38756,13.32114,13.1659,13.08811
"ENSG00000026025",12.11924,11.93594,12.29552,11.88488,12.25798,11.61423,12.01013,12.03212,12.23759,11.96489,12.26027,11.87768,11.5277,11.37671,11.32941,11.30331,11.50113,11.16489,11.13081,11.22066,11.31073
"ENSG00000026103",10.32089,10.23284,9.581032,8.999966,10.49757,10.98347,10.26334,10.78494,9.567886,9.905107,10.07117,10.65898,9.620165,10.56914,10.63976,10.53769,10.46696,10.39368,11.21233,11.08379,10.79279
"ENSG00000026297",15.88843,15.8062,16.49845,16.48856,16.54922,16.29536,14.52731,14.45228,15.71098,16.10961,15.36782,12.83721,16.57826,16.31643,15.97797,16.11204,14.2413,14.04367,16.88717,16.97311,16.4114
"ENSG00000026950",13.06207,12.64264,12.67665,12.16867,12.7672,12.96241,12.41161,12.46395,12.32383,12.52133,12.22465,11.94312,13.56259,13.26572,13.16215,13.04288,14.17438,14.31304,13.60615,13.40882,13.46799
"ENSG00000027697",10.50979,10.90317,11.16438,10.70078,11.38592,11.35595,10.03136,10.64928,9.270929,10.90455,8.903773,9.072624,9.917015,12.19199,11.72846,11.27287,12.43627,11.89657,11.26784,11.17397,10.11157
"ENSG00000028310",9.816201,9.842593,9.657331,9.962934,10.07374,9.618599,9.154279,9.355769,9.255646,9.398107,9.436065,9.109509,10.88262,11.18139,10.88526,10.81545,10.75051,10.40326,10.8745,10.98101,11.03435
"ENSG00000028528",11.6198,11.9335,11.96611,12.27231,11.90493,11.60531,11.57928,11.44886,11.70746,11.7955,11.81026,11.51426,12.01315,12.23357,11.92501,12.05044,11.84337,11.62703,12.29559,12.23746,11.8455
"ENSG00000029363",10.46178,10.61404,10.99077,10.64518,10.71741,10.3742,11.10948,10.09873,9.859147,10.89576,9.435678,9.411371,11.0187,11.40453,11.31992,11.31868,11.35014,11.12059,11.1103,11.06218,10.95719
"ENSG00000029725",10.39554,10.02132,10.24567,10.66007,10.20855,10.28266,10.65565,10.38247,9.9699,10.42701,10.45469,9.979437,11.32356,11.032,11.20741,11.40089,11.10771,11.2865,11.30744,11.05455,11.54066
"ENSG00000030582",13.63802,14.67269,12.2378,12.38141,12.71081,11.66423,12.5782,12.8966,13.03936,12.07344,12.65286,13.10616,11.95628,11.37935,12.13854,11.6344,12.0011,11.7187,11.78608,11.46914,12.33027
"ENSG00000031823",10.4247,10.40237,10.48334,10.32884,10.58705,10.53687,10.09373,10.64517,10.57607,10.64235,10.6729,10.64371,9.997688,10.05251,9.646797,9.720192,9.906913,9.689411,9.726263,9.527762,9.983372
"ENSG00000032444",9.162718,9.503254,10.5992,10.26368,9.918509,9.097454,9.183248,10.24564,10.1808,10.38697,10.85635,11.1356,11.53224,12.72322,11.75147,11.70478,11.99996,11.71951,12.02586,11.794,11.69729
"ENSG00000033100",12.04968,12.04132,12.32345,12.40501,12.51734,12.65325,11.76474,12.13991,12.37025,12.2116,12.89132,12.74322,12.41614,12.53585,12.46251,12.52786,12.40472,11.98095,12.44749,12.33922,12.26839
"ENSG00000033627",13.14039,13.24833,13.53527,13.6221,13.64229,13.31392,13.82817,13.70193,14.14512,13.62684,13.89062,14.14867,13.5198,13.78207,13.2563,13.3838,13.31482,13.14226,13.08912,13.20868,13.15141
"ENSG00000033800",13.33674,13.6001,13.64309,13.67122,13.5557,13.67233,13.15094,13.63166,13.80175,13.48027,12.95751,13.35713,13.57605,13.70644,13.67788,13.59506,13.91949,13.7866,13.51075,13.62894,13.50377
"ENSG00000033867",12.46674,11.83593,12.1429,12.32539,12.68378,12.79085,13.0523,12.84564,12.14764,12.6487,12.0261,12.57899,12.86892,13.09613,13.03136,12.66435,12.87145,13.00649,13.20583,13.02207,13.33175
"ENSG00000034510",16.91688,16.74828,17.08588,16.99267,16.9029,16.84312,17.04707,17.04728,16.9424,16.9202,16.89741,16.82247,16.73212,16.93261,16.92262,16.89005,16.7931,16.6804,16.82906,16.87875,16.93297
"ENSG00000035403",11.17828,11.24156,11.73835,11.13146,11.41224,11.22254,11.67642,11.70776,11.407,11.62183,11.73194,11.51248,12.68898,12.68867,12.67302,12.14344,12.54039,12.19092,12.9376,12.83536,12.40996
"ENSG00000035687",10.43857,10.80023,10.24101,10.30281,10.0471,10.13077,10.58142,10.89057,10.23604,10.50502,10.52773,10.7779,10.86422,10.79542,10.99849,10.88922,10.70034,10.59455,10.52738,10.23167,10.26509
"ENSG00000036257",12.76909,12.32637,12.89195,12.71082,12.67523,12.67182,12.77524,12.4961,12.12441,12.89357,12.06603,11.72824,12.95362,12.95802,13.11403,13.21048,13.11877,12.88474,13.15171,13.17262,13.03319
"ENSG00000038002",10.99057,10.94246,11.03586,10.61387,11.04345,11.28489,10.9503,11.15463,11.35017,11.09629,11.62814,12.35658,10.85611,11.05455,11.27941,11.44966,10.55315,10.64823,10.88506,10.69715,10.71417
"ENSG00000038219",10.28554,9.634571,10.59319,10.58309,10.71721,10.45532,10.35847,10.85297,10.06789,10.18107,9.885559,9.567996,11.19726,11.82237,11.64754,11.64877,11.35738,11.56948,11.7443,11.65417,11.31754
"ENSG00000038274",12.01848,11.71619,12.1359,11.94783,12.02817,11.35773,10.15382,10.98418,10.67641,11.63301,10.42199,10.21207,12.26434,12.12597,12.50167,12.51776,12.02224,12.10769,12.85963,12.71826,12.34957
"ENSG00000039523",10.92576,10.95568,10.81444,11.14616,10.87163,10.19686,11.20334,11.21418,10.9286,10.23393,11.46604,11.44184,10.25892,10.36335,10.29773,10.45627,10.00376,10.16946,10.00104,9.476815,9.82741
"ENSG00000040341",12.38682,12.43248,12.01651,11.9574,12.0393,12.09254,12.37447,12.29173,12.24791,12.02427,12.12166,12.42655,12.86396,12.62998,12.65341,12.37708,12.77303,12.5375,12.43745,12.5801,12.43197
"ENSG00000041357",11.40819,11.56273,11.23649,11.05035,11.48756,10.94804,11.08494,10.7905,10.40539,11.60282,10.27236,10.19427,11.38982,10.84234,11.19378,11.33675,11.05363,10.72151,11.1509,11.00756,10.60875
"ENSG00000041802",11.55422,11.27609,11.02788,11.18964,10.6565,10.9483,11.19318,11.03366,11.58365,10.88525,11.14273,11.58758,11.55428,11.54181,10.946,11.18339,11.22724,10.97655,11.30088,11.016,10.83498
"ENSG00000042753",12.65667,12.74224,12.31639,11.92228,12.2219,11.85287,12.88529,12.48413,12.49542,12.17094,12.3977,12.69684,11.56542,11.13748,11.66253,11.6187,11.77269,11.35093,11.51301,11.4905,11.21346
"ENSG00000042980",11.6408,10.52445,11.33482,11.75581,11.25833,11.39008,11.49493,11.78747,11.30768,11.34556,11.36344,11.43027,11.51872,11.80144,11.05112,11.13528,11.45813,11.59276,11.61593,11.84093,12.29525
"ENSG00000046651",13.63705,13.18972,13.93707,14.22931,13.56823,13.82013,13.7896,13.30981,13.48142,13.70859,13.32386,13.2564,12.95417,12.65129,12.92638,12.95875,12.81167,12.84946,13.12376,13.14879,12.56273
"ENSG00000047056",10.72383,10.90841,11.14126,11.46732,11.18928,10.79098,10.57986,11.37073,11.14061,11.08842,11.10161,11.50419,11.52981,11.57437,11.50689,11.6683,11.55484,11.29311,11.80665,11.45234,11.33097
"ENSG00000047230",10.53019,10.28989,10.47918,10.52375,10.40833,10.50049,10.07677,10.69301,10.55842,10.18964,10.32069,10.91705,10.66377,10.7593,10.45494,10.30266,10.60022,10.4958,10.30674,10.46863,10.83328
"ENSG00000047410",10.12069,9.514841,10.40286,10.16027,10.21341,10.00836,10.33838,10.20553,9.542408,10.38851,9.524649,9.080936,11.72358,11.9879,12.13104,12.14107,11.8061,11.90937,12.64504,12.16426,12.08474
"ENSG00000047644",11.49766,11.20865,11.70981,11.51244,12.03083,11.74234,10.84323,11.0256,10.98354,11.43487,11.05476,11.09172,12.20846,12.36702,12.48531,12.50777,12.22767,11.79782,12.51176,12.71977,12.35816
"ENSG00000047849",10.51376,10.70703,10.42687,10.87061,10.61677,10.63562,10.67071,10.54405,10.39606,10.47582,10.77802,10.48819,11.57642,11.03338,11.08094,11.11498,11.32035,11.29474,10.89385,11.00388,11.34902
"ENSG00000048405",12.25054,11.94152,13.04709,13.21541,13.50784,13.512,13.28237,13.52874,11.47636,12.70096,12.31058,13.06383,13.10188,13.42191,13.14829,13.29594,13.48377,13.68149,13.31597,13.46649,13.24985
"ENSG00000048649",13.10258,12.78522,13.15022,13.15482,13.23623,12.88399,13.24304,13.13118,12.69585,13.00052,12.33241,12.19711,12.98002,12.92817,13.08415,13.14248,12.99214,12.99062,13.0533,13.21666,13.00138
"ENSG00000048740",16.11202,15.99979,16.3121,16.30852,16.33123,16.10121,15.86288,15.82532,15.86338,16.21615,15.9844,15.86102,16.48298,16.62269,16.60706,16.49957,16.51034,16.57952,16.74561,16.70331,16.61366
"ENSG00000048828",12.24051,12.27227,12.26232,12.13939,12.75318,12.53018,11.99409,12.26993,12.77481,12.61899,12.51125,12.95215,12.896,12.97755,12.95194,12.89254,12.66818,12.62632,12.77062,12.70611,12.66942
"ENSG00000048991",12.11902,12.55845,11.82745,11.82627,12.18754,11.93184,12.60342,12.44772,12.04927,11.91441,12.21847,12.03085,11.28773,11.14504,10.95952,11.02203,11.11114,11.30661,11.38352,11.06416,11.17735
"ENSG00000051108",10.84692,10.5537,10.85876,10.66437,10.79309,11.04928,11.35281,10.99588,11.0852,10.94715,11.41261,11.08278,11.46044,11.58283,11.55082,11.76083,11.64282,11.52195,11.24067,11.34491,11.50106
"ENSG00000051382",10.81959,10.2466,10.79709,10.42817,11.02673,10.02452,11.00253,10.93636,10.17124,10.30424,10.04455,9.364141,12.09936,12.26052,11.85851,11.69459,12.19769,11.90018,12.22952,12.19091,11.72431
"ENSG00000051523",14.93632,15.16265,15.14876,15.0176,15.212,14.73426,14.25403,15.00514,15.2924,14.80076,15.37242,15.48188,14.33794,14.38315,14.40727,14.3974,14.73822,14.02855,14.53302,14.37513,14.14696
"ENSG00000051620",12.65465,12.52943,12.78061,12.51617,12.0407,11.59705,12.6798,12.45567,12.0515,12.20376,12.80305,12.51462,12.41048,12.60044,12.64923,12.69143,12.63736,12.53122,12.92348,12.94784,12.03143
"ENSG00000052841",11.25827,11.02079,11.22704,10.94742,11.14628,11.34247,10.6936,11.01559,10.44292,11.16239,10.06577,10.0457,12.07027,12.18148,12.00322,12.29789,12.23851,12.07738,12.25869,12.27964,12.21389
"ENSG00000053254",13.47083,13.16784,13.61324,13.69738,13.879,13.77325,14.51668,14.03945,14.07578,13.61731,14.1879,14.12594,13.22657,13.76839,13.03322,12.87521,13.25927,13.1825,13.13266,13.26181,13.43521
"ENSG00000053900",11.92573,11.76366,11.7864,11.36273,11.64053,11.95035,11.25247,11.28135,11.35796,12.04285,11.07124,11.22152,12.35977,11.84923,12.13711,12.2707,12.15223,12.35589,12.36445,12.26348,12.51534
"ENSG00000054116",11.35866,11.48836,11.61466,11.37999,11.42888,11.14815,11.33157,11.28802,11.31425,11.75652,11.02219,11.06554,10.78083,10.53318,11.00475,11.18523,10.77368,10.58342,10.81759,10.98019,10.32111
"ENSG00000054118",10.0121,9.768666,10.96184,10.50611,10.33813,10.07342,9.878186,9.942707,9.385135,10.10975,9.096633,8.619576,12.04287,12.31534,12.21472,12.59356,12.27759,12.14738,12.34264,12.1635,12.04884
"ENSG00000054148",11.85853,12.28759,9.283859,9.527569,9.620113,9.879168,11.21319,10.51282,10.63146,9.686749,10.72155,10.92282,10.1154,8.630494,8.764449,8.855756,9.263741,8.832238,8.735261,8.127423,8.359841
"ENSG00000054967",10.37845,10.32601,10.68485,10.94359,10.6656,10.0033,10.45468,10.36459,10.24343,10.83147,11.26174,11.26994,10.17702,10.45968,10.28158,10.24798,9.959713,9.644566,9.922756,10.113,10.39977
"ENSG00000054983",9.743354,10.07839,10.86386,10.58623,10.69841,10.72414,9.961631,10.5471,9.677153,11.25132,9.939662,9.524938,10.53385,13.4981,12.06108,11.67151,12.58417,11.96907,11.52117,11.5248,11.39541
"ENSG00000055130",10.14062,10.2699,10.08866,9.925377,10.14391,10.34948,9.398379,9.513149,9.254359,10.30236,8.925964,8.759732,10.96173,10.85696,10.96539,10.87463,11.31628,11.15033,10.83569,10.60657,11.2944
"ENSG00000055208",11.55937,11.23523,12.10708,12.07514,11.86877,12.09027,11.88408,11.71847,11.59677,11.47322,11.44404,11.65833,11.60787,11.82096,12.01029,12.08874,12.16166,11.96774,11.9671,11.96209,12.1302
"ENSG00000055332",12.43274,12.25885,12.40342,12.3037,12.54454,12.24465,11.93469,11.27295,11.55238,12.15393,11.76024,10.79244,12.45671,12.4909,12.67453,12.51838,13.00304,14.47915,11.94914,11.9774,13.49704
"ENSG00000055483",10.33134,10.05421,8.714211,9.998156,9.675854,9.549192,10.04252,9.917891,10.40825,9.894595,9.978188,10.26586,9.955686,10.87572,9.45149,9.481364,10.20152,10.00539,9.26903,9.52751,9.642725
"ENSG00000055917",12.19168,12.19307,12.41016,12.1001,12.47075,12.03184,11.47106,11.11055,10.78741,11.75498,10.54126,10.49459,13.69707,13.76187,13.35865,13.41955,13.40543,13.1182,13.66828,13.90423,13.67698
"ENSG00000055950",10.2173,10.16427,9.888031,10.08222,9.708331,9.580634,10.57509,10.20125,11.07535,9.883839,10.89845,10.35443,8.125156,7.784715,7.961944,8.080078,7.602687,7.670935,7.526386,7.542604,7.546696
"ENSG00000056097",11.46129,10.70097,10.98319,10.82181,11.28577,10.96485,11.31007,11.65121,11.77057,11.20212,10.83084,10.78773,10.98655,11.09472,11.31864,11.09985,10.8788,11.04465,11.21184,11.0165,11.21748
"ENSG00000056586",10.67307,10.06428,10.76812,10.25412,10.9173,10.49433,10.28721,10.05857,9.76579,10.86538,9.599689,9.734902,11.73857,11.47463,11.14639,11.21986,11.2463,11.45602,11.56096,11.42106,11.36529
"ENSG00000056972",10.88351,10.65479,10.87931,10.67146,11.14063,11.34836,10.83032,10.49724,10.69884,10.82074,10.35545,10.63443,10.53288,10.61737,10.44543,10.65973,10.4184,10.00201,10.36324,10.60826,10.85083
"ENSG00000057019",9.712529,8.826474,8.899204,8.716084,9.285831,10.7225,9.547805,9.571865,9.858423,10.03203,9.685015,11.03126,10.54346,11.39111,9.960841,9.93497,10.05984,10.93771,9.095026,9.257016,12.47129
"ENSG00000057608",10.17653,10.42626,9.897644,10.02334,10.21309,10.30486,9.817908,10.696,10.08545,10.3938,9.969787,10.0895,9.873072,9.600205,10.08113,10.02211,10.1313,9.752112,9.888902,9.7146,9.9286
"ENSG00000058063",12.66663,12.64219,13.17125,12.74002,12.7991,12.80411,12.766,13.03022,13.14005,12.93305,12.59165,12.92528,12.83652,13.08416,12.90365,12.99627,13.25035,12.86741,12.59784,12.79042,13.12102
"ENSG00000058272",14.53969,14.26745,14.68951,14.3593,14.72441,14.72144,15.12779,14.8097,14.41233,14.72379,14.41875,14.25304,13.50877,13.71297,13.64544,13.60043,13.74029,13.59536,13.99981,13.90563,13.65858
"ENSG00000058668",15.19125,15.09942,15.52453,15.37091,15.54728,15.47632,15.272,15.18067,14.92288,14.98396,15.15893,15.31052,15.62196,15.32345,15.59562,15.53098,15.06857,15.06544,15.06049,15.19943,16.17884
"ENSG00000059728",15.54204,15.623,16.20732,16.04522,16.03611,16.10519,15.40529,15.59132,15.08355,16.02996,15.33571,15.12249,15.47944,16.65363,16.38097,16.32684,16.55186,16.51058,16.22852,16.26097,16.07136
"ENSG00000059758",13.68086,13.54324,14.16091,14.1139,13.76202,14.1529,14.30379,14.50589,13.83412,14.09922,14.17356,13.71954,13.97783,14.91859,14.53639,14.8784,15.13076,14.82794,15.12441,15.19671,14.331
"ENSG00000060237",11.7692,12.36731,12.06901,12.14953,12.43282,11.60025,11.50092,11.53208,11.2595,11.75636,10.8067,11.10938,12.16699,12.02788,12.41957,12.19177,12.14661,12.05424,12.06794,12.15748,12.08283
"ENSG00000060339",11.51785,11.387,11.47168,11.91608,11.61878,11.56299,12.04407,11.66129,11.78324,11.67481,11.69273,11.59191,11.94617,11.84719,11.77285,11.99027,12.01835,12.13058,11.94049,11.86297,11.85843
"ENSG00000060749",10.42393,10.42915,10.54032,9.675535,10.47047,10.33353,9.402819,8.928033,10.47363,10.3862,10.32693,10.13305,11.19102,10.54595,10.34739,10.46854,10.2616,10.69141,10.29357,10.30311,10.79738
"ENSG00000060762",12.78837,12.86156,12.00226,11.91789,12.16812,12.02109,11.52327,11.55424,11.46753,12.4675,11.60227,11.47083,12.21815,11.64004,12.15552,12.343,12.32428,12.56424,12.03713,11.93322,11.97681
"ENSG00000060971",10.31924,10.65325,10.9561,11.18871,12.37236,11.85324,10.297,10.82478,10.63276,10.91187,10.29341,10.98321,11.40682,12.15558,11.3992,11.5297,12.05962,11.49413,11.78399,11.66828,11.5928
"ENSG00000061936",13.29953,12.98652,13.29026,13.50501,13.22533,12.99605,13.52457,13.24486,13.21222,13.30403,13.14999,12.99385,13.69954,13.92108,13.57646,13.62574,13.74192,13.64838,13.59778,13.58355,13.77413
"ENSG00000061938",10.35245,10.20647,10.29553,10.38505,10.41711,10.67544,10.11111,10.08257,10.43412,10.5945,10.6428,10.68657,8.771259,8.997572,8.838347,8.562668,8.787709,8.787709,8.600569,8.578732,9.132149
"ENSG00000061987",10.86462,10.49502,10.73848,10.84487,10.58245,10.47139,10.50365,10.82341,10.66711,10.7506,11.10466,10.44825,11.93355,12.14037,11.88903,11.86276,11.75211,11.65226,12.13916,12.09634,11.95071
"ENSG00000062194",11.65363,11.71697,12.08156,11.91915,11.79249,12.10294,11.97307,12.06333,11.33176,12.1186,10.66867,11.15072,12.53697,12.50903,12.47364,12.5837,12.44106,12.54498,12.68762,12.87935,12.25407
"ENSG00000062485",13.59595,13.97929,13.46909,13.2999,13.36216,12.75272,13.21041,13.78308,13.93949,13.30931,13.94043,14.14781,13.45799,13.02203,13.12274,12.9388,13.14517,13.09193,13.12009,12.76751,12.36386
"ENSG00000062598",12.70747,12.99483,13.3806,13.32976,13.49842,13.39219,12.40765,12.75996,12.82155,13.10904,12.64771,12.58609,13.82309,14.22657,13.75333,13.73599,13.60413,13.5151,13.77766,13.82301,13.91427
"ENSG00000062716",14.51421,14.49773,14.27841,14.46127,14.18367,14.46447,14.44902,14.71009,14.2733,14.28164,14.56904,14.09061,14.37207,14.54061,14.44001,14.36817,14.6225,14.34776,14.61464,14.37548,14.44573
"ENSG00000063177",15.89844,15.94664,15.55625,15.91216,15.5882,15.4101,15.98932,15.9373,15.84023,15.36712,16.05243,15.99844,14.92615,13.97957,14.68191,14.49656,14.97316,14.34392,14.1984,14.07233,14.39312
"ENSG00000063244",10.2666,10.50063,10.27809,10.54026,10.3235,10.08462,9.804996,10.32099,10.18527,10.2753,10.31396,10.40412,10.16509,10.48523,10.41315,10.22566,10.09654,10.10394,10.04665,10.01433,9.688545
"ENSG00000063978",11.52061,11.54367,11.74985,11.89557,11.3587,11.95351,10.13151,11.08895,11.22408,11.77884,10.85952,10.75481,12.1298,11.95749,11.99301,11.99305,11.48344,11.80764,11.95597,12.02478,11.71905
"ENSG00000064012",12.02218,11.75164,11.95121,12.21371,12.35593,12.02217,11.44629,11.42943,11.71181,11.69625,12.31499,11.89811,13.22655,12.94746,12.66658,12.44622,12.37837,12.49235,13.2666,13.13406,13.5754
"ENSG00000064115",9.512658,9.65624,9.724912,9.485808,9.778245,9.900205,10.40482,10.47057,9.814331,10.16445,9.2195,9.243834,11.25596,10.75386,10.97617,10.9369,10.90618,11.27327,11.13469,11.25762,10.95819
"ENSG00000064225",13.35707,13.10749,12.93848,12.43403,12.9287,13.32356,13.24272,12.99716,12.756,12.76281,12.86548,13.02533,13.501,13.71727,13.1399,13.03702,13.14543,12.96614,13.46745,13.35684,13.53873
"ENSG00000064393",15.26278,15.23789,15.88292,15.64833,15.75196,15.59987,15.59952,15.45261,15.3392,15.52413,15.43256,15.43162,15.53525,15.74729,15.85128,15.71368,15.86118,15.99617,15.777,15.88223,15.78275
"ENSG00000064419",10.91322,10.92456,10.56624,10.54298,10.52093,9.969632,10.21134,9.89682,10.4434,11.14981,9.847098,9.83631,11.49133,11.19523,11.23893,11.25952,10.96581,10.74195,11.04587,11.13052,10.80341
"ENSG00000064490",11.10362,11.19293,10.70215,10.579,10.74426,10.29155,11.39226,11.41992,11.57952,10.71769,12.26472,11.98472,10.01582,9.538512,9.732559,9.774262,9.785246,9.431777,9.928564,9.205346,9.441481
"ENSG00000064547",10.23494,9.715689,10.86227,10.44623,10.45902,10.16571,10.3366,10.30715,11.02441,9.779902,11.41228,10.90195,10.33361,10.30482,10.20784,10.30595,10.06275,10.065,10.06202,9.868526,9.883512
"ENSG00000064601",12.90488,13.21112,13.58495,13.14786,13.64289,13.05507,13.60578,13.36106,13.84298,13.44652,13.73107,13.63408,13.14209,13.2595,13.23063,13.101,13.32776,13.13896,13.44217,13.25284,13.01893
"ENSG00000064999",10.58321,10.41415,10.78895,10.88738,10.49056,10.68155,10.18269,10.89452,10.74729,10.78332,11.08099,11.01118,10.27897,10.71624,10.69545,10.67983,10.68706,10.68936,11.14976,10.8793,10.41445
"ENSG00000065029",11.34557,10.91458,11.79921,11.96552,11.2034,10.67799,11.14192,11.73098,12.15617,11.51089,11.6249,11.96229,10.37696,10.65316,10.85145,10.747,10.45961,10.23851,10.63486,10.44454,10.43425
"ENSG00000065243",13.75148,13.10052,13.87957,13.86293,13.81644,14.06993,13.55518,13.6252,13.43671,13.58392,13.39497,13.37315,14.23288,14.29677,14.02293,14.05611,14.26478,14.38925,14.47488,14.42715,14.52045
"ENSG00000065413",11.7142,11.48578,12.00112,12.17184,12.16891,12.22559,11.57354,11.84644,11.59255,11.60661,12.39903,11.93967,12.02598,12.7031,12.12306,12.33127,12.2986,12.032,12.60415,12.57824,13.03501
"ENSG00000065427",12.55743,12.66487,12.41284,12.31971,12.04222,12.3099,11.65771,12.1002,12.16373,12.82039,11.83264,12.03107,13.40746,12.99216,12.89477,13.28929,12.91383,12.96643,12.93129,12.71727,12.8763
"ENSG00000065526",11.41034,11.38473,11.87763,12.04014,11.89066,11.59592,11.17321,11.52463,11.20696,11.67586,11.26879,11.44225,12.75212,12.96078,13.13029,13.10581,13.00596,12.97083,13.06863,13.09016,13.02594
"ENSG00000065548",11.51765,11.37245,11.50017,11.31033,11.47167,12.16389,12.38652,11.1357,11.02146,11.86195,11.04085,11.0789,11.35164,11.52496,11.52167,11.5312,11.6455,11.52801,11.46501,11.16485,11.39938
"ENSG00000065559",11.28706,10.56252,11.38527,11.18085,11.17122,11.50931,11.9236,11.38648,11.42515,11.54439,11.6559,11.43207,11.41964,11.77072,11.79206,11.73702,11.69907,11.83278,11.74055,11.5614,11.82743
"ENSG00000065613",12.57459,12.62602,12.70778,12.46437,12.50698,12.66418,12.6025,12.74316,12.27246,12.49773,12.10921,12.2062,13.25157,13.13383,13.62989,13.46867,13.51756,13.57649,13.4902,13.31591,13.7974
"ENSG00000065615",13.07273,12.98973,13.75882,13.2834,13.34164,13.8022,12.61923,13.11986,12.32655,13.93304,12.71145,11.89137,13.73731,14.06226,14.06099,14.01285,13.8834,13.79731,14.20099,14.19401,14.06293
"ENSG00000065883",12.0578,11.93125,12.24193,12.18697,12.36454,12.03535,11.88344,11.87404,11.48511,11.85371,11.23102,11.49953,12.36599,12.33559,12.37663,12.21139,12.24636,12.42919,12.62301,12.42056,12.35282
"ENSG00000065970",10.93628,10.84353,11.19609,11.35927,11.13953,10.9194,11.38683,10.93383,11.61775,10.37811,11.28174,11.66691,10.53997,10.84578,10.82598,10.94083,10.43459,10.25826,10.85658,10.84532,11.19073
"ENSG00000065978",13.64296,13.67485,13.23642,13.21317,13.24329,13.19091,13.00333,13.3786,13.51041,13.49616,13.07874,13.08852,13.42242,13.11348,13.13036,13.12137,13.41801,13.09589,13.29398,12.87682,12.69632
"ENSG00000066027",14.26196,13.41608,14.10694,14.04793,14.08488,13.95868,13.90331,13.84492,13.84161,13.35226,14.09151,13.8148,14.81592,14.75853,14.28578,14.50291,15.0378,14.9825,15.32031,15.37191,14.93613
"ENSG00000066044",13.84591,13.84548,13.8822,13.45549,13.61201,13.67769,13.8044,13.77956,14.03744,13.68346,14.25872,14.77723,13.35037,13.38031,13.52312,13.3393,13.13685,13.1123,13.28148,12.90551,13.4405
"ENSG00000066084",12.5852,12.45883,12.91337,13.07386,12.9037,13.00321,12.37804,12.52022,12.51145,13.01793,12.52981,12.6055,12.3239,13.07563,12.9661,13.08306,12.90172,12.7334,12.92309,12.96816,13.20701
"ENSG00000066117",9.6718,9.379848,10.16764,10.49046,9.913672,9.728328,9.751798,9.973896,9.578786,10.29992,10.40534,10.04549,10.37992,10.84237,10.55673,10.84552,10.76311,10.45484,10.40089,10.62763,10.3086
"ENSG00000066136",11.48374,11.46064,11.16207,11.5293,11.16378,11.37547,11.83506,11.40452,11.69122,11.31077,11.5388,11.43427,11.71891,11.53049,11.3113,11.5437,11.53292,11.42403,11.85611,11.69301,11.4251
"ENSG00000066294",13.35777,12.9586,13.4123,13.35064,13.29605,13.32132,13.45745,13.63241,13.17881,13.24318,13.81558,14.01035,13.89608,13.89236,13.3272,13.70007,13.41442,13.76742,13.7618,13.60445,13.77554
"ENSG00000066336",11.87683,11.92497,12.0677,12.19506,12.14373,12.10148,12.13336,12.26009,12.5424,12.0787,12.80022,12.45684,11.52223,12.09336,12.14343,11.80263,12.03781,11.92995,12.06159,11.95033,12.02951
"ENSG00000066379",12.35814,12.08348,11.68991,11.8496,11.83186,12.12273,12.7641,12.38555,12.63457,12.14827,12.20016,12.08148,10.8814,11.00807,11.26203,11.32076,10.82007,10.67339,10.76309,10.83105,10.83654
"ENSG00000066468",8.62598,8.079391,10.47934,9.877449,10.40477,10.06901,8.873187,9.290516,10.41622,10.00402,11.45096,11.17072,12.47278,12.688,9.683448,9.566054,11.81059,11.48902,13.03889,13.04418,12.55227
"ENSG00000066855",9.865741,9.518065,9.898019,9.837021,9.652128,10.26652,10.56438,10.20041,10.63018,10.11817,10.57718,10.87346,9.507463,9.668957,9.513011,9.588497,9.459975,9.65144,9.718056,9.463367,9.547787
"ENSG00000066926",10.29892,10.19685,9.858672,9.750666,10.24594,9.864595,10.12134,10.13306,9.946332,9.304056,10.58883,10.29493,9.013126,8.473452,9.264503,9.572164,9.851288,10.32669,8.764476,8.800628,9.133372
"ENSG00000067057",12.79204,12.73243,13.0997,13.31412,15.26134,15.00958,13.84096,13.77846,15.01011,13.06835,14.80038,15.10825,15.36086,15.45328,13.16137,13.69158,14.13965,13.9859,13.5178,13.26397,14.76651
"ENSG00000067064",13.05575,13.10863,14.21981,13.96914,12.73482,13.45875,13.08032,13.62673,12.63666,13.56346,12.86835,13.01005,13.00039,14.41123,13.72834,13.62708,13.72124,13.59407,13.09851,13.50921,12.7774
"ENSG00000067066",13.50603,13.46472,14.0355,13.84741,13.93198,13.48678,13.62938,13.34333,12.90222,13.50629,12.34636,12.15602,12.68619,13.18017,13.18509,13.22902,13.2525,13.71768,13.0725,13.23592,13.57603
"ENSG00000067082",16.33853,16.13521,16.78629,16.48033,16.32512,16.62563,16.27713,16.27916,16.41816,16.89415,16.20664,16.26152,16.64116,16.56585,16.76095,17.02564,16.86925,16.74597,16.64609,16.72705,16.74947
"ENSG00000067167",14.55898,14.73439,14.85227,14.85092,15.07029,14.96693,14.28928,14.97859,14.85033,14.86787,14.96712,14.78077,14.48687,14.93103,14.9152,14.80556,14.87838,14.76229,14.35807,14.49793,14.85363
"ENSG00000067182",10.20604,10.54526,9.937187,9.884969,10.16728,10.0777,10.66248,10.38234,10.7667,9.543095,10.43638,10.75325,9.551014,9.359259,9.951427,9.595817,9.601665,9.513153,9.838443,9.63946,9.839703
"ENSG00000067208",9.279414,9.388928,9.205263,9.707258,9.861246,9.230033,10.38891,9.430469,9.618443,9.8766,9.617075,8.896142,10.93855,11.29078,11.11115,11.11884,11.5196,11.15488,11.79124,11.28949,11.15979
"ENSG00000067334",10.97212,11.03544,11.29515,11.0218,11.11228,11.56001,10.25165,10.49674,10.40807,11.59054,9.92341,10.06331,11.56899,11.74093,11.57808,11.78798,11.631,11.71341,11.31359,11.20848,11.5773
"ENSG00000067365",10.99386,11.01373,10.51188,10.79672,10.8766,10.68537,11.5044,10.98532,10.61826,10.57821,11.03507,11.00497,10.88507,11.23535,10.54961,10.45792,10.83135,10.42245,10.78324,10.29636,11.14148
"ENSG00000067369",10.94496,10.8727,10.68605,11.03054,10.9742,11.09256,10.61809,10.53366,11.02697,11.15072,10.78196,11.22182,10.61974,11.0204,10.71717,10.82565,10.68812,10.46173,10.71344,10.30729,10.93632
"ENSG00000067560",10.43798,11.0944,10.60174,10.26753,10.78019,10.55349,9.882111,10.40518,10.13854,10.41907,9.993427,10.5742,10.64311,10.58228,11.17994,10.95959,10.87549,10.35736,10.88303,10.68041,10.71626
"ENSG00000067900",10.56263,10.47958,10.94623,10.682,10.75563,10.53842,11.10511,10.61715,10.57829,11.00915,10.12201,10.30986,10.56728,10.82073,10.83086,10.79624,10.89148,10.65908,10.75326,10.80158,10.87661
"ENSG00000068024",11.90354,11.57589,11.50956,11.49378,11.53171,11.20377,11.45293,10.9969,11.49381,11.5762,11.631,11.62747,10.94667,11.78015,11.77253,11.64425,11.60898,11.00998,10.96586,11.00698,11.54037
"ENSG00000068305",13.42297,12.60547,13.00458,13.11065,12.95323,13.52846,13.18907,12.83912,12.31593,12.8991,12.60057,12.14165,13.8617,13.86,13.48471,13.4347,13.73203,13.96557,14.03043,14.15406,14.43913
"ENSG00000068308",12.21185,12.21206,12.56222,12.2942,12.56823,12.01177,11.9297,12.10836,12.11043,12.36684,11.81704,11.88794,12.22151,12.65709,12.68347,12.58147,12.5586,12.44354,12.69919,12.54763,12.84724
"ENSG00000068383",12.37076,12.34391,13.47539,12.83888,12.79966,12.63443,12.7229,12.89158,13.04897,13.33046,13.06638,12.53651,13.48204,13.75743,13.62818,13.46491,13.33018,13.03302,13.64619,13.59343,13.36341
"ENSG00000068697",16.6013,16.51646,16.80862,16.53214,16.84916,16.89466,16.97253,16.82785,16.9726,16.97432,16.97248,16.91622,16.46874,17.0722,16.92587,16.97189,17.132,16.85225,16.7691,16.71417,16.65754
"ENSG00000068796",10.75137,10.26735,10.61699,10.77989,10.69163,10.91241,10.69852,10.81858,10.71714,10.74171,10.80025,10.71496,10.5056,10.74198,10.63618,10.68614,10.72736,10.54536,10.75057,10.70489,11.33496
"ENSG00000068878",11.54597,11.36377,12.16714,11.66185,11.68103,11.87409,11.99009,11.75318,11.1777,11.63894,11.58027,11.06222,11.53544,11.48482,11.35912,11.7715,11.21251,11.17094,11.33146,11.55253,11.08929
"ENSG00000068903",10.22322,9.828198,9.953238,9.916792,10.37881,10.18916,10.01089,10.13884,10.28822,10.6354,10.17941,10.12426,9.04563,9.683881,9.157815,9.246676,9.496772,9.118663,9.185818,9.37728,9.199216
"ENSG00000069020",12.76257,12.37429,12.53652,12.49519,13.63244,13.87325,12.97361,12.3438,13.78856,13.72755,13.24433,13.33844,12.87284,13.58866,13.32199,13.32502,13.44441,13.84274,12.59978,12.75558,13.44664
"ENSG00000069275",13.11813,13.37465,13.05448,13.22085,12.82718,12.76148,13.63758,13.23317,12.75379,13.07632,12.31862,12.92674,13.61795,13.40877,13.81675,13.65594,13.6024,13.76374,13.48828,13.46545,13.47368
"ENSG00000069424",11.47415,11.98601,11.3387,11.37902,11.70094,10.67766,11.96301,11.91858,12.03206,11.3991,11.77819,12.51531,12.34126,12.33797,11.9788,11.77209,12.02699,11.49857,11.98019,11.61297,12.22272
"ENSG00000069493",12.47246,11.55869,13.1148,13.24029,12.15271,12.87703,12.86644,13.43181,12.65345,12.79376,12.91866,12.64753,13.81092,13.79545,13.96961,13.72003,12.85537,13.04379,13.66963,13.8971,14.17915
"ENSG00000069974",10.93448,11.32955,11.52688,11.07952,11.36984,11.34098,10.62288,10.43936,9.958469,10.74163,9.750722,10.10801,12.35003,12.48272,12.39473,12.21776,12.14121,11.9478,12.40408,12.21979,12.51806
"ENSG00000070061",11.48154,11.16747,12.14894,11.89923,12.79309,12.156,11.34015,11.34091,11.71927,11.94143,11.0402,11.53642,12.51295,12.2494,12.477,12.65828,12.14703,12.24227,12.23204,12.41976,13.18359
"ENSG00000070081",14.69158,15.49416,13.84052,13.65994,14.04859,13.99457,14.41805,14.05941,13.17595,13.53806,13.98312,13.85084,14.67386,13.21414,14.37884,14.07982,14.30389,13.98345,13.1071,13.21184,13.27115
"ENSG00000070444",10.75906,10.39011,10.51618,10.38935,10.84835,10.27774,11.18254,10.99683,11.33807,10.22703,11.51945,11.17385,9.817432,9.949446,9.617024,9.730124,9.885427,9.636785,9.752295,9.842898,10.30784
"ENSG00000070476",11.74788,11.61715,11.50188,11.41533,11.60549,11.49956,11.62504,10.76987,11.3034,11.39905,11.05812,11.37431,12.32651,12.0254,11.74348,11.77529,12.08878,11.71337,11.76397,11.55447,11.75992
"ENSG00000070495",11.43242,11.71084,11.74653,11.43478,12.36255,12.14645,11.48074,11.15318,10.13173,11.2784,10.07349,10.44907,10.94326,11.22215,11.54547,11.37067,12.69625,11.24901,10.50738,10.44499,10.95341
"ENSG00000070540",12.03026,12.15904,12.90872,12.54459,12.95977,12.76741,12.51403,12.36367,11.7845,12.43238,11.59082,12.00138,12.75047,12.68127,12.55516,12.84193,12.51946,12.46779,13.01308,12.87179,12.51503
"ENSG00000070761",10.9539,10.85411,10.54771,10.28751,10.8282,10.55475,10.48454,10.61925,11.28772,10.38295,11.32764,10.9998,10.41623,9.615246,10.1884,10.25766,9.823369,9.657496,9.933761,9.918328,9.654972
"ENSG00000070770",12.50417,12.35198,12.35896,12.59521,12.47371,12.38222,12.6179,12.38982,12.2217,12.34029,11.92298,12.05248,12.32051,11.7168,12.18468,12.60364,12.43249,12.14023,12.21426,12.22293,11.92552
"ENSG00000070831",15.18114,14.9763,15.20196,15.06514,15.17818,15.06384,14.54527,14.90232,14.59435,14.93637,14.69623,14.71012,15.15007,15.39516,15.2948,15.14558,15.06002,15.2096,15.30568,15.23805,15.29465
"ENSG00000070882",10.37969,9.730949,10.40534,10.00842,10.73063,10.20905,10.83593,10.6972,9.642478,9.635067,9.60702,9.786835,10.32569,11.01758,9.870942,10.29824,10.99189,10.58175,12.46525,12.48331,10.70356
"ENSG00000070950",10.72715,10.22145,10.3369,9.962663,10.65333,10.36198,11.55099,11.27906,10.46089,10.6068,10.34645,10.45243,10.62124,10.63793,10.56594,10.63283,10.76249,10.80686,10.59956,10.49717,10.49264
"ENSG00000071051",12.02455,12.07755,12.4252,12.25916,12.56912,12.4104,12.07148,12.38684,12.33376,12.10814,12.45859,12.3835,12.20822,12.35209,12.60838,12.58756,12.56405,12.35782,12.59523,12.59456,12.59584
"ENSG00000071054",10.67937,10.34762,10.91611,10.96271,11.25977,10.47501,10.77805,10.21859,10.56318,10.80946,10.78022,10.46168,11.3628,11.979,11.86821,11.80444,11.51115,11.55899,11.71079,11.67003,12.17867
"ENSG00000071082",15.50087,15.47977,15.15138,15.31581,15.24971,15.13983,15.34583,15.38607,15.18515,15.01083,15.41267,15.22079,15.03934,14.54417,14.93625,14.93168,14.92392,14.82994,14.75847,14.62927,14.65612
"ENSG00000071127",12.31752,12.66733,13.12782,12.67262,13.06939,12.89862,12.44401,12.82897,12.7613,13.2485,12.60981,12.3247,13.29484,14.14382,13.79051,13.97606,13.43525,13.25616,13.66824,13.66088,13.39385
"ENSG00000071243",9.941449,10.37349,10.53631,9.659643,10.03357,10.04206,9.083452,9.625027,9.427425,10.29916,8.962515,8.612272,10.35065,10.24726,10.65335,11.01717,10.95184,10.40189,10.09771,10.08914,9.58746
"ENSG00000071564",10.31458,10.09273,10.06408,10.55945,10.65778,10.18552,9.391693,10.2387,10.66612,10.00471,10.45593,10.40807,9.626778,10.21833,10.32126,10.1621,10.46539,10.18205,10.20679,10.07043,10.36699
"ENSG00000071626",10.31612,9.918616,10.13244,10.34678,10.38708,10.82091,10.10754,11.08478,10.89689,10.5291,11.0176,10.84639,8.899381,9.399879,9.230358,8.973306,9.192045,8.709479,9.055952,8.970568,9.734215
"ENSG00000072110",11.42878,12.80948,11.34227,11.76553,12.1029,11.36325,10.55701,11.09905,9.247684,11.06019,10.43259,10.39207,13.29031,12.7657,13.07757,12.69892,12.92143,12.49016,12.48868,12.42358,12.62111
"ENSG00000072134",10.32139,10.31274,11.41454,11.15952,11.49142,11.46135,11.351,11.07167,11.85955,11.02853,11.9291,11.2655,10.40311,10.80639,10.38196,10.41326,10.35301,10.45022,10.38502,10.11828,10.35851
"ENSG00000072364",11.58038,11.61404,11.79489,11.21258,11.60795,11.45434,11.23771,11.17246,10.98659,11.37203,10.8798,10.62561,12.31861,12.50285,12.41063,12.25708,11.9281,12.18863,12.17529,12.38224,12.35134
"ENSG00000072401",10.68917,10.21712,9.991028,9.717495,10.46445,10.66877,10.47898,10.39491,10.3078,10.00167,10.28171,10.14532,9.782503,9.869127,9.460804,9.486193,10.18377,10.09997,9.885021,9.941886,9.51862
"ENSG00000072694",13.31745,13.45787,13.58463,13.44371,13.03863,13.39551,13.38926,13.72465,14.81879,14.83948,12.05897,11.94668,12.41685,13.42569,14.89945,14.85573,14.31549,14.12273,12.81835,12.26182,12.70052
"ENSG00000072736",14.17718,14.30131,14.99239,14.80881,14.95836,14.94813,14.35456,14.30935,14.48564,14.98417,14.38708,14.17703,15.08014,15.32491,15.1284,15.27396,15.14729,15.11744,15.18399,15.38264,15.31701
"ENSG00000072778",12.51474,12.7548,12.40665,12.45347,12.52998,11.57534,12.68358,12.52045,13.07537,12.47235,12.8292,12.72499,11.46475,10.92693,12.38161,12.41537,11.78776,11.0538,11.65021,11.28014,11.45718
"ENSG00000072786",14.8572,15.11566,14.74156,14.75121,15.02662,14.92986,15.18248,15.58965,15.47121,15.36336,15.69528,15.57718,15.66112,16.11516,15.18016,15.11141,15.54531,15.3466,15.61064,15.62496,15.55689
"ENSG00000072818",14.47491,14.50382,14.57568,14.53481,14.66244,14.22256,14.5335,14.57461,14.5943,14.14981,14.84034,15.07151,13.9406,14.30498,13.78302,13.83041,13.95013,13.46712,13.60966,13.62357,14.18731
"ENSG00000072864",11.46628,11.25691,11.81614,11.87274,12.41365,10.96166,10.81724,11.67401,11.2169,11.86925,11.53247,11.81079,12.19927,12.47312,12.38612,12.28441,12.1704,11.88116,12.43677,12.50572,12.45554
"ENSG00000072958",11.45501,11.59766,11.98583,12.0609,12.1449,11.76024,11.52742,11.99124,12.03375,11.84636,12.18997,12.43164,12.08933,11.99883,12.18857,12.13344,11.49468,11.55204,12.11882,12.11152,12.57156
"ENSG00000073050",11.42395,11.40583,11.4179,11.2989,11.5279,11.38915,11.35213,11.62617,11.59895,11.19682,11.95869,12.22869,11.15984,11.23558,11.02664,11.16088,10.99012,11.04633,11.13562,11.0573,11.15117
"ENSG00000073584",12.35507,11.91965,12.03204,11.95197,12.31315,11.75976,12.26869,12.43104,12.32647,12.46511,11.93485,11.7617,12.47265,12.80773,12.95061,12.83329,12.6402,12.80698,12.53822,12.28292,13.02374
"ENSG00000073849",13.24023,12.55145,13.20291,13.47169,13.27173,12.81415,11.29696,11.71006,13.18723,13.27305,13.60825,13.04462,12.72994,12.349,13.02969,12.73279,13.15265,13.31413,13.70417,13.57356,13.2147
"ENSG00000073921",13.45136,13.39485,13.78826,13.54624,13.4008,13.18972,13.71393,13.77296,13.53632,13.46147,13.57449,13.34208,14.07368,14.31716,14.27647,14.27733,14.04843,14.12474,14.25393,14.19936,14.06074
"ENSG00000074054",12.08422,11.697,12.50095,12.07072,12.27545,12.43649,12.01334,11.84717,11.43041,12.05098,11.00564,11.46493,13.35423,13.56207,12.92468,13.05363,13.22925,13.10639,13.39617,13.5079,13.42196
"ENSG00000074201",12.85421,12.88915,12.45336,12.76584,12.79264,12.77888,13.16487,13.43349,13.39825,12.51731,13.50512,13.23503,13.44857,13.3626,13.26949,13.46353,13.54874,13.13754,13.58216,13.12748,13.29711
"ENSG00000074266",10.67815,10.27948,10.45804,10.78142,9.984273,10.56222,10.40233,9.821276,9.631439,10.72463,9.691317,9.83597,10.41075,10.10351,9.932508,10.08004,9.676415,9.82905,10.35055,10.22583,9.375158
"ENSG00000074319",13.0246,12.77677,13.20175,13.02587,13.05949,12.99887,13.16272,13.12141,13.055,13.25917,12.93499,12.68207,13.40705,13.41901,13.21864,13.41328,13.26281,13.05627,13.44825,13.36201,13.77063
"ENSG00000074370",14.82829,15.14651,16.05464,16.045,15.89798,15.78394,15.61116,15.88493,15.87241,15.47445,16.01249,15.94285,15.44386,15.86383,15.96149,15.82778,15.33786,15.24749,15.83816,15.82387,15.88185
"ENSG00000074603",10.85135,10.47645,10.89497,10.43955,10.68184,11.06142,10.69299,10.76787,10.65872,10.82662,10.78987,10.52055,11.43295,11.33447,11.32929,11.35717,11.13283,11.31776,11.44583,11.34568,11.47421
"ENSG00000074695",10.50962,10.27011,9.546377,9.941891,10.12435,10.22229,10.74176,10.55884,9.886073,10.0838,10.0244,10.39287,10.70857,9.997039,9.85916,9.927244,9.909207,9.730727,9.718536,9.44878,9.434512
"ENSG00000074706",12.38354,13.47755,11.11057,10.955,11.58461,9.953834,11.97736,11.8515,11.54851,9.131497,11.57775,12.07472,11.73092,10.99194,10.75374,9.58748,11.32593,10.57713,10.36456,10.1965,9.008886
"ENSG00000075142",14.47792,14.33791,15.05228,14.57523,15.05838,14.97886,14.66853,14.5149,14.5516,15.0029,14.74005,14.36231,14.18641,14.68025,14.61785,14.63188,14.75619,14.40784,14.6788,14.72081,14.34979
"ENSG00000075151",11.43579,11.53151,11.48284,11.39342,11.36563,11.67113,11.58747,11.63749,11.24741,11.41213,11.39195,11.4475,11.61353,11.88679,10.95713,10.67233,11.68067,10.81749,10.9841,10.97788,10.6079
"ENSG00000075292",13.67932,13.2051,13.92297,13.82542,13.54471,13.37357,13.34037,13.25997,12.92762,13.16792,12.24373,12.14356,12.85372,12.59858,13.05812,13.29737,12.41115,12.54562,13.27526,13.3823,13.18999
"ENSG00000075303",11.22011,11.15443,10.77922,10.02011,10.40063,10.56275,10.30687,10.42901,10.03574,10.69208,10.23042,10.11753,11.12239,11.00394,10.64619,10.74621,10.49429,11.06832,11.05146,11.08155,10.86524
"ENSG00000075407",10.38437,10.20014,9.748096,10.41756,10.82307,10.2549,9.881165,10.13465,10.25326,10.53747,10.04854,10.25003,11.31174,11.06787,10.71572,10.93372,11.07134,11.41689,11.16376,11.39585,11.1438
"ENSG00000075413",12.39948,11.81418,11.6891,12.35081,12.21348,11.39834,12.7784,12.59535,12.0653,11.72552,11.96462,12.2067,12.79756,12.85332,11.86051,11.80388,12.8877,12.64312,13.19531,13.16944,12.87847
"ENSG00000075420",15.96391,16.05257,16.16768,15.91658,16.48908,16.53023,16.46778,16.12866,16.29114,16.20756,16.12293,16.12577,15.94964,15.89531,15.78648,15.79602,15.6743,15.56351,15.61598,15.62706,15.53612
"ENSG00000075426",9.231963,9.341102,9.936594,9.369478,10.59368,10.3161,9.160852,9.706685,10.12807,10.62117,9.791755,9.497093,10.38656,13.54265,11.64205,11.48639,12.63747,11.68498,10.50817,10.30861,11.17714
"ENSG00000075568",14.17801,13.95314,13.95474,13.9987,14.24871,14.23374,14.03229,13.97813,14.19634,14.01293,13.98356,13.81198,14.09224,14.52897,14.36804,14.28977,14.52065,14.59244,14.04159,14.20782,14.22857
"ENSG00000075785",15.21464,15.33353,15.11015,15.17463,15.1628,15.06188,15.03315,15.1784,15.13745,15.35085,15.03962,15.21048,14.46152,14.4579,14.53446,14.72921,14.50648,14.25292,14.55429,14.39958,14.51541
"ENSG00000075790",9.971001,10.02385,10.2864,9.929173,10.17291,10.51848,10.0471,10.52812,10.24001,9.925997,9.474224,10.19014,10.42083,10.61697,10.70523,10.60447,10.95958,10.49352,10.39994,10.52998,10.65622
"ENSG00000075884",14.51653,14.62901,14.55941,14.31143,14.68541,14.69329,14.12118,14.10215,13.55195,14.37048,13.20698,13.50062,15.12198,15.21061,14.79878,14.7334,14.96748,14.99719,15.08452,15.36847,15.31149
"ENSG00000076043",10.89874,10.31028,10.83422,10.84894,10.72232,11.41264,10.28113,9.834095,10.65054,11.19716,10.14926,9.970073,9.957735,9.344851,9.807174,10.32268,9.919778,9.746136,10.23219,10.37962,10.24872
"ENSG00000076108",12.00037,12.00401,12.42297,12.50414,12.34419,12.20041,12.30033,12.31631,12.31963,12.43496,12.26354,12.15276,12.67597,13.35654,12.87247,12.91466,12.86362,12.703,12.91241,12.7109,13.08472
"ENSG00000076242",11.36811,11.69822,10.7699,10.55929,10.8668,11.43833,10.66476,10.46338,10.5855,11.00822,10.41173,10.59105,11.51778,11.28438,10.93374,11.11808,10.86975,10.73037,10.99736,10.92472,10.18198
"ENSG00000076513",13.05293,13.28089,13.3324,13.44333,13.48674,13.32644,12.64792,13.19522,13.03588,13.47966,13.16592,12.83485,13.51205,13.66508,13.62131,13.54507,13.66348,13.61392,13.98227,13.95703,13.41997
"ENSG00000076555",10.29289,9.660396,10.45398,10.39119,10.8699,10.06198,10.25658,10.09338,10.86692,10.50281,10.9724,10.36132,10.70495,11.2382,10.86984,11.1591,11.02871,10.98766,11.44956,11.47005,10.96104
"ENSG00000076641",15.40134,15.2315,15.24424,15.13875,15.4733,15.48434,15.08203,15.03447,14.88638,15.23396,14.56346,14.87356,15.83815,16.04002,15.597,15.75384,16.03591,16.00876,16.11799,16.03276,16.30081
"ENSG00000076685",13.14976,13.60217,13.9422,13.7637,13.37914,13.29554,12.43663,12.60025,11.93987,13.38543,11.8613,12.32275,14.59484,14.6254,14.18337,14.20589,14.29565,14.64018,14.62678,14.67539,14.90019
"ENSG00000076944",13.27273,13.47121,13.3718,13.12483,13.34877,12.86712,13.18485,13.00186,13.63514,13.19281,13.52442,13.50529,12.28546,12.46183,12.73769,12.67324,12.53917,12.0469,12.54073,12.31819,12.03856
"ENSG00000077044",10.94786,10.81161,11.15244,11.18938,10.74098,10.63408,11.26534,10.97883,11.72098,11.25849,11.57446,11.6726,11.91757,12.25454,11.65877,11.69519,12.03028,11.50292,11.87769,11.95828,11.92685
"ENSG00000077238",9.381154,10.43414,9.639859,12.77992,10.56363,11.04054,9.842092,10.7646,11.21001,10.36138,11.38964,10.21761,8.909261,8.402721,11.13644,10.8855,10.34123,10.41641,9.587149,9.43386,10.38945
"ENSG00000077254",12.35359,12.11162,12.44125,12.42479,12.0419,11.90731,12.0288,12.12994,12.21492,12.33401,11.60727,11.52198,12.67135,12.82781,13.22819,12.84451,12.94344,12.84271,12.7289,12.38794,12.94833
"ENSG00000077380",10.85359,10.70216,11.03303,10.67907,11.42756,11.47126,11.65259,11.33153,10.9418,11.20255,9.995409,11.04694,11.63865,11.89189,11.63762,11.90713,11.73605,11.67921,11.50699,11.23426,12.50049
"ENSG00000077458",12.58127,12.18916,12.4358,12.67682,12.54238,12.61606,12.93954,12.752,12.29679,12.4911,12.68126,12.48593,12.68485,12.90208,13.12533,12.79676,13.1393,13.14588,12.76204,12.68523,13.01372
"ENSG00000077721",12.5179,12.31871,12.35564,12.38176,12.40913,12.46751,12.95333,12.66305,12.58162,12.50435,12.33966,12.1994,11.8013,12.15593,12.41374,12.18498,12.22031,11.98379,12.0478,11.8666,12.12101
"ENSG00000078061",13.55514,13.40583,13.44819,13.52287,13.59076,13.50397,13.05508,13.56763,14.21736,13.56503,13.97597,14.21332,13.15261,13.38671,13.27374,13.22036,13.31515,13.17449,12.89116,12.83723,12.95846
"ENSG00000078140",13.05777,12.95601,13.11951,12.78117,12.92494,12.95271,13.047,12.71213,12.83785,13.07715,12.51422,12.57121,12.55419,12.7703,12.97486,12.98055,12.73312,12.65351,12.96788,12.94039,12.93978
"ENSG00000078142",12.10529,11.83177,12.30412,12.0987,12.24404,12.11478,12.02438,12.22099,12.18053,12.15687,11.15944,11.88966,11.92372,12.53699,12.35182,12.27816,12.1507,12.25356,12.36371,12.45038,12.05978
"ENSG00000078304",12.12476,12.06287,12.45566,12.50935,12.23382,11.76812,11.93848,12.25317,11.76687,12.21165,11.9854,12.08187,13.35459,13.09533,13.32241,13.30193,13.26842,13.31728,13.58459,13.48827,13.15848
"ENSG00000078589",11.36565,11.01065,11.95414,11.73368,12.1045,12.46047,12.20879,12.38413,11.04627,11.66288,12.08312,11.6566,10.93358,11.97855,12.04575,12.33516,11.89508,12.2112,12.35153,12.09974,11.50547
"ENSG00000078596",12.92462,12.53054,12.60922,12.20337,12.94635,12.93071,12.63625,12.53234,11.93647,13.03956,11.2225,11.34035,12.95809,13.0187,13.1291,13.26663,12.78747,12.72199,12.88965,13.07567,12.89343
"ENSG00000078668",10.14726,10.36845,10.53895,9.9843,10.66508,10.11898,10.04166,10.75314,9.874756,9.805182,9.355346,9.747375,10.2268,10.36984,10.64216,10.53549,10.20766,9.83367,10.80504,10.30117,10.13282
"ENSG00000078674",11.68744,11.37979,11.45834,11.58907,11.88481,11.51236,11.69528,11.70152,11.51416,11.62626,11.11596,11.08217,12.4372,12.235,12.01946,12.2757,12.29993,12.27486,12.36411,12.18723,12.17337
"ENSG00000078747",11.10853,11.02044,11.13362,11.08292,11.07908,10.97919,11.12916,11.10472,10.82622,11.1278,10.57777,11.05591,12.60235,12.87848,12.58828,12.47307,12.77918,12.50383,12.62525,12.81094,12.55737
"ENSG00000079257",11.00864,11.41203,9.801743,9.860177,10.71636,10.7026,10.00266,10.04798,9.650355,9.604525,8.963403,9.192514,10.42162,9.583011,10.33348,10.38055,9.706957,9.645133,9.536065,9.208642,10.24815
"ENSG00000079332",11.15357,11.42642,11.36396,11.32049,11.58414,11.70219,10.51131,11.4712,11.18938,11.18085,11.64337,11.65579,11.35165,12.28636,11.72588,11.64012,11.99589,11.69483,11.45532,11.54854,11.51812
"ENSG00000079335",13.41941,13.22133,13.30042,13.29216,13.52488,13.70389,13.54799,13.45285,13.49453,13.50536,13.59604,13.55632,13.51936,13.70458,13.65698,13.5695,13.65301,13.34142,13.39706,13.38124,13.76355
"ENSG00000079387",11.3316,11.5468,11.23107,11.54829,11.42841,11.4189,11.54348,11.17397,11.15528,11.34521,11.15294,10.69622,11.18511,11.2074,11.29149,11.24727,11.26027,11.53387,11.14889,11.24535,11.11005
"ENSG00000079459",13.54597,13.78542,13.89218,13.54142,13.65052,13.75374,13.62757,14.0109,14.45399,14.22197,13.62237,14.17982,13.99796,13.80675,13.91522,14.13529,14.03619,13.75943,13.91091,13.96179,13.71399
"ENSG00000079739",10.58671,10.86717,10.63287,10.00122,10.92099,10.51958,10.7811,10.45298,11.111,10.41668,10.35314,10.43607,10.10148,9.717978,9.878078,9.607899,10.02169,9.616323,9.586889,9.0342,9.273991
"ENSG00000079805",10.33878,10.31576,9.8796,10.43056,10.53362,9.720623,10.25669,10.41073,10.00156,10.03806,10.48379,10.90365,9.700349,9.753855,9.78758,9.609578,9.63922,9.108218,9.796358,9.19416,9.485054
"ENSG00000079950",10.81154,10.47965,10.82697,11.06157,11.09245,11.3532,11.3435,10.92038,11.19965,10.9499,10.61386,10.86503,11.67848,11.64622,11.60143,11.69493,11.28446,11.31101,11.99941,11.75944,11.89383
"ENSG00000080503",10.21915,10.28383,10.89017,10.62258,10.76143,10.36213,11.44661,10.58329,10.31195,10.25107,9.977001,10.01445,11.13186,11.47893,11.43355,11.45592,11.61724,11.3833,11.36808,11.28366,11.0023
"ENSG00000080802",10.90406,10.65925,11.33879,10.96114,10.98183,11.21352,11.89571,10.82887,10.60994,11.13289,10.07522,9.820937,11.09627,11.22202,11.18748,11.09429,11.05933,10.93107,11.01641,11.12501,11.11451
"ENSG00000080815",9.977511,9.822982,10.38162,10.19804,10.65198,10.04201,9.186731,10.01338,9.685648,9.682517,9.104374,9.934398,11.57216,12.11499,11.54259,11.41742,11.9036,11.76294,11.8616,11.86232,11.83831
"ENSG00000080822",13.68412,13.60355,13.78646,13.93101,13.87071,14.03639,13.63665,13.7564,13.95633,14.05632,14.07368,14.03234,14.003,14.2656,13.95562,13.90398,14.06644,14.0005,13.81122,13.59946,13.85259
"ENSG00000081019",12.06441,11.53412,12.00357,12.11782,11.67684,11.84143,11.41969,11.7485,11.8424,11.87297,11.62473,11.75713,11.49671,11.58006,11.72361,11.78451,11.80863,11.4447,11.65508,11.21818,11.43696
"ENSG00000081087",12.23648,11.71934,12.50501,12.15642,11.9887,12.13073,11.72127,11.84258,11.39192,12.24862,11.19557,11.22004,13.58255,13.40133,13.86262,14.07089,13.58179,13.6895,13.73194,13.79466,13.55944
"ENSG00000081154",11.97329,12.06686,12.6424,12.32744,12.55614,12.37481,11.77043,11.53879,11.7673,12.71189,11.73295,11.1888,13.57272,13.58975,13.7497,13.74718,13.48312,13.5521,13.88547,14.08352,14.01596
"ENSG00000081237",15.46725,15.23444,15.47516,15.53862,15.53041,15.53699,15.75794,15.69524,15.71751,15.60352,15.63462,15.69635,15.57552,16.0197,15.57568,15.56679,15.62159,15.63187,15.67734,15.49424,15.89508
"ENSG00000081320",13.24541,13.13966,14.27629,13.72343,13.95821,13.37084,13.4376,13.45981,12.93098,13.88505,12.9711,12.77878,13.57656,15.33039,14.57136,14.56725,15.1566,15.15836,14.44413,14.79046,14.0021
"ENSG00000081377",10.56366,10.61079,11.13453,11.20146,9.953292,10.03977,10.22544,10.7774,10.83248,10.93736,9.593699,9.366537,10.50131,10.63389,11.622,11.54618,11.69812,11.64946,11.87449,11.80128,11.25393
"ENSG00000081913",11.14151,11.45159,10.56979,10.77384,11.30326,11.14269,11.48986,10.99003,10.7461,10.92479,11.32977,11.32617,10.87531,11.0178,11.35414,10.96448,10.89124,11.09743,10.96194,10.85753,12.2637
"ENSG00000082074",15.40857,15.53096,15.62782,15.69772,15.3598,15.19612,15.80047,15.56324,15.60494,15.32772,15.4769,15.28659,15.10756,15.14973,14.93937,14.95048,15.2534,15.1525,15.42067,15.27488,14.63386
"ENSG00000082153",10.8618,11.18364,11.21552,10.6786,11.18493,11.10148,9.989773,10.09747,9.486249,11.22876,9.038191,9.066965,11.32012,11.72046,11.30545,11.44608,11.47812,11.32245,10.75956,11.29749,10.82267
"ENSG00000082258",12.86628,12.69703,13.20154,13.0146,12.88252,12.79568,12.49796,12.98823,12.69896,13.04616,12.18209,12.76681,13.43827,13.41926,13.39481,13.51336,13.31067,13.34829,13.49834,13.48833,13.58448
"ENSG00000082641",13.66298,13.72808,13.82386,13.94529,13.44502,13.77738,13.86372,13.64996,14.2069,13.77171,14.11094,14.19505,12.95068,12.87749,13.27311,13.2271,12.90781,12.9104,13.11214,13.16059,12.98317
"ENSG00000082701",14.13206,14.42035,14.69178,14.16485,14.70465,14.27406,14.09102,14.12708,14.34302,14.35699,14.19773,14.25443,14.16248,14.09188,14.37655,14.24568,14.21689,14.32064,14.2605,14.31896,14.25796
"ENSG00000082996",11.29946,11.44445,11.34179,11.17448,11.27695,11.49717,10.8432,10.87578,10.45387,11.81667,10.67793,10.2745,11.67542,11.9235,11.6971,11.78376,11.42475,11.93376,12.2837,12.21683,11.90424
"ENSG00000083223",10.30545,9.877728,10.67568,10.61572,10.56724,10.59037,10.92815,10.43451,10.04823,10.59295,9.634965,9.736999,11.85001,11.93744,11.971,12.07316,11.9811,11.93281,12.08636,11.9664,12.00785
"ENSG00000083535",10.31157,9.671604,10.28479,10.38084,10.02683,10.06581,10.38393,9.990001,9.887606,10.01968,9.384982,9.889667,10.64262,10.56398,10.3631,10.44757,10.32781,10.53647,10.79448,10.63391,10.38815
"ENSG00000083845",15.41093,15.26672,14.88808,15.62113,14.58944,14.51333,15.34028,15.25463,14.89108,14.83927,15.42595,15.21311,14.43272,13.73435,14.06301,14.22418,14.09337,13.66491,13.93011,13.66951,13.06114
"ENSG00000083896",11.27877,10.89818,11.30079,11.28223,11.35922,11.16019,11.91157,11.5902,11.50569,11.10071,11.91172,11.22362,11.39932,11.93382,12.03303,12.00964,11.75207,12.00292,12.15304,12.24468,11.86719
"ENSG00000083937",12.49056,12.15145,12.54744,12.48629,12.60542,12.7229,11.97761,11.89133,11.99635,12.7872,12.0999,11.79422,12.00289,12.01749,12.13677,12.23386,12.13423,12.01221,11.89125,12.15652,11.86604
"ENSG00000084070",13.84918,14.21208,14.13395,14.49047,13.94963,13.89783,14.00317,14.1769,13.66912,14.17256,13.83192,13.66922,14.427,14.40956,14.7261,14.70446,14.53431,14.6907,15.2183,15.01771,14.53581
"ENSG00000084093",10.76936,10.48761,10.71195,10.87762,10.86417,10.48303,10.712,10.78016,10.07026,10.75162,10.12921,10.41239,11.24622,11.52752,11.69445,11.97919,11.55013,11.43445,11.69387,11.88725,11.61593
"ENSG00000084110",12.92031,12.55303,13.75155,13.31767,13.52352,13.52155,12.89676,13.49242,13.29626,13.52147,13.39667,13.61454,13.56863,13.60075,14.17711,14.01562,14.32948,14.02699,14.31481,14.09279,13.50984
"ENSG00000084207",13.56912,14.53497,10.71511,11.40487,11.78789,10.40625,13.10736,12.50603,12.54588,11.31338,12.58923,13.51702,10.61855,6.487265,10.1547,8.700233,10.77227,9.548846,8.850066,6.345218,7.307982
"ENSG00000084463",12.39788,12.27184,12.7952,12.6482,12.45951,12.96547,12.93548,12.44808,12.35381,12.97335,12.0942,12.35986,13.36407,13.75007,13.20818,13.43677,13.61978,13.56136,13.07592,13.01581,13.37846
"ENSG00000084676",11.97608,11.36023,12.35481,11.99167,12.26604,11.85673,12.23603,12.16425,11.85299,12.18013,11.79687,11.6192,11.98146,12.05205,12.22705,12.30001,12.17431,12.30799,12.24879,12.03722,12.18232
"ENSG00000084693",9.517848,9.825418,9.60491,9.493579,9.440637,9.830895,9.359618,9.863579,9.809224,10.59946,9.977656,10.05007,11.49309,11.12683,11.15604,11.3156,11.23871,10.99535,11.26653,11.22857,11.426
"ENSG00000084733",12.71073,13.09554,12.68458,12.45404,12.52804,12.44507,12.92424,12.60047,12.6915,12.4332,12.55002,12.68662,12.70129,12.58847,12.66133,12.59489,12.80188,12.49914,12.62375,12.53784,12.5255
"ENSG00000085063",12.26501,13.41288,10.33699,10.07632,11.75408,10.76317,11.9161,11.3518,10.95601,9.811291,11.50822,11.86826,11.08148,8.731957,10.70239,9.920575,10.09221,9.49356,9.9044,9.953759,9.867526
"ENSG00000085117",10.03376,10.50082,10.41635,10.24371,10.46442,9.858459,10.7326,10.33805,10.29505,10.24742,10.58057,10.37172,10.60772,11.15016,10.6967,10.5776,10.55773,10.09322,10.60149,10.2262,10.43443
"ENSG00000085185",10.42501,10.88455,10.47391,10.45351,10.01241,10.2955,10.24936,9.719049,10.75328,10.28203,10.67506,10.50876,10.72277,10.15139,10.62759,10.60582,10.53072,10.23684,10.13818,10.37506,10.28298
"ENSG00000085514",13.03436,13.04749,13.21658,12.78585,13.44146,12.84696,13.50433,13.63756,13.60133,13.03294,13.86195,14.18954,12.05442,13.13201,12.3184,12.29755,12.84552,12.16214,11.99453,11.64335,11.31183
"ENSG00000085832",10.42329,10.30348,10.8586,10.91273,10.99364,10.83226,11.38901,10.6853,10.49929,10.47711,11.05371,11.07049,11.8468,12.29573,11.75598,11.62236,11.90324,11.63292,11.98542,12.22627,11.98616
"ENSG00000085871",11.01885,11.12275,10.50488,10.22243,11.02831,11.00681,11.21064,10.88943,11.24974,10.60322,11.18149,11.36773,10.24222,10.52619,10.67368,10.55547,10.74658,10.8593,11.07823,10.5678,10.94397
"ENSG00000086065",12.51759,12.17021,12.23359,12.32292,12.43586,12.44261,11.80652,11.76716,12.11576,12.2939,11.66973,11.74843,12.36732,11.83727,11.99193,12.1683,11.64594,12.43816,12.0708,12.02277,12.37344
"ENSG00000086102",13.64773,12.89674,13.45158,13.33826,13.54588,13.17282,13.37593,13.33445,13.20811,13.30427,13.05163,13.31246,13.75703,13.93137,13.56355,13.70684,13.75308,13.75575,13.8386,13.91874,13.96557
"ENSG00000086232",13.72164,13.39082,14.16707,14.17473,13.78631,13.73317,13.90501,13.78722,13.28699,13.18353,13.37063,13.80457,14.12461,14.10663,14.18723,14.25607,14.01176,14.11154,14.45559,14.43226,13.98027
"ENSG00000086589",14.34464,13.98269,13.89593,14.16576,14.2472,14.30751,13.84892,14.40476,14.1674,14.17395,14.18032,14.20476,14.03625,14.09981,13.9165,14.01496,14.18254,14.24283,13.94794,13.58822,14.33162
"ENSG00000086598",13.72174,13.63611,13.38071,13.40348,13.55732,13.45712,12.47902,13.53184,13.25177,13.72298,12.95605,13.2883,13.4722,13.33778,13.88145,13.62403,13.39972,13.3253,13.08483,13.08374,13.01657
"ENSG00000086666",13.55364,13.26633,14.12169,13.66462,13.89271,13.54073,13.12087,13.95136,13.37756,13.61685,13.79312,13.60306,13.55697,13.92227,13.98656,14.03419,14.02713,13.8793,14.35744,14.46307,13.8913
"ENSG00000086730",13.60797,13.74433,14.34132,14.09188,13.93234,13.72502,12.98414,13.4738,13.83663,14.23414,13.74417,13.70757,13.81315,14.20986,14.24144,14.20176,14.0758,13.68734,14.20271,14.23062,14.19065
"ENSG00000087074",13.24997,12.90269,13.75766,13.21975,13.15615,13.5032,13.3588,13.11867,13.88385,13.4126,14.06369,13.9607,13.17529,13.23932,13.78971,14.50596,14.489,13.7676,12.55117,12.63189,13.25618
"ENSG00000087086",15.86619,16.06488,16.06776,15.80975,16.02532,15.94594,16.44404,16.15279,16.25912,15.96334,16.10286,16.07121,16.01207,15.88185,16.33205,16.38835,16.18349,15.96289,16.01349,16.06223,15.67991
"ENSG00000087087",12.10671,12.40145,11.78209,12.30793,11.82269,11.91498,12.20767,12.04362,12.25551,12.14843,12.40543,12.53323,12.0559,12.17123,11.77245,11.87229,11.79174,11.75854,11.56045,11.57913,11.40085
"ENSG00000087095",14.1542,13.94731,14.57811,14.42518,14.66511,14.73308,14.02895,14.41395,14.05752,14.48821,13.95529,13.93792,14.86833,14.69394,14.99371,14.96717,14.78155,14.96524,15.00286,15.02941,14.9784
"ENSG00000087111",10.4186,10.74963,10.56985,10.39306,10.73667,10.42168,10.72878,10.27746,10.79368,10.70286,10.68165,11.11441,9.86517,9.931783,9.909994,10.03919,9.758997,9.758245,9.877671,9.724578,9.592776
"ENSG00000087191",10.56281,10.79108,10.48484,10.04453,9.892916,9.756419,10.17614,9.744176,9.969769,10.75673,10.52904,10.36044,10.57955,9.831614,10.38978,10.54762,10.16262,10.00047,10.4295,10.23476,10.07838
"ENSG00000087253",16.4025,16.51384,16.95811,16.89775,16.88386,16.85879,16.7872,16.78318,16.87724,16.84795,16.73884,16.82638,16.84741,16.92899,16.93179,17.01991,17.01553,16.89985,16.92868,16.94099,16.94233
"ENSG00000087263",11.58598,11.40838,11.45692,11.04366,11.02571,11.22383,11.22357,11.13604,11.54483,11.67023,10.88034,10.75724,11.29659,10.98794,10.69994,11.13222,11.02596,11.08362,11.07285,11.05299,11.11872
"ENSG00000087338",10.59425,10.17172,10.76538,10.28458,11.03718,10.93583,10.65494,10.94925,9.756771,10.66912,10.54228,10.56718,11.97523,12.05774,11.70638,11.7511,11.56672,11.64596,11.95407,12.16383,12.10981
"ENSG00000087365",11.6162,11.349,11.26009,11.31568,11.2681,11.01973,11.56202,11.74246,11.91676,11.74575,11.99726,11.99672,9.69341,9.979878,10.0541,9.999573,9.855643,9.935672,9.902153,9.43693,9.823497
"ENSG00000087460",13.40915,13.28199,13.25982,13.43783,13.48331,13.25145,13.64052,13.67633,13.55059,12.9568,13.95437,13.70285,13.46941,13.50885,13.5488,13.66969,13.36134,13.41084,13.25492,13.39223,13.54409
"ENSG00000087586",10.5641,10.27638,10.52086,10.15379,10.52125,10.78545,10.94222,9.925332,10.36431,10.23742,10.48601,10.09366,11.0094,11.00066,10.55875,10.56591,11.16778,10.76725,10.32612,10.60946,10.38144
"ENSG00000087884",11.59466,11.40341,11.55412,11.3634,11.01937,10.76555,10.98862,10.53867,10.98441,11.57569,11.07579,11.40997,10.89945,10.73926,10.96153,11.05593,10.9175,10.6426,11.01894,11.2577,10.71572
"ENSG00000088035",10.42499,10.34282,10.52873,9.955741,10.38951,10.00013,10.40884,10.1579,9.839363,10.04819,9.485419,9.832167,10.5163,9.90486,9.383021,9.832001,9.826643,9.758129,10.11786,9.676872,9.770314
"ENSG00000088298",10.37923,10.4302,9.944748,10.03105,10.2713,9.468806,10.26871,10.55716,10.53468,9.863747,10.99055,11.07532,11.107,11.35816,11.2774,11.57045,11.06966,10.79225,11.25352,11.24136,11.37713
"ENSG00000088448",11.30218,11.31149,10.86732,10.54665,11.07678,10.76955,10.67511,10.83402,10.16218,11.23158,10.03518,10.20472,11.10724,10.88583,10.95914,10.86999,10.28531,10.62839,10.578,10.54362,10.83372
"ENSG00000088451",10.05502,9.366087,9.961376,10.02869,9.368481,10.04011,9.506053,10.29947,10.36815,9.903964,10.30514,10.22586,10.39378,10.26471,10.23248,10.33403,10.17374,10.36509,10.354,10.46435,10.451
"ENSG00000088832",12.78974,13.29832,10.7836,10.67474,12.16062,11.61921,12.13139,12.63475,12.29437,11.51709,12.11489,12.02382,10.26965,9.688562,10.73695,10.65963,10.59056,10.17429,10.56567,10.32887,10.03234
"ENSG00000088930",10.40337,10.82661,10.84332,10.59756,10.80855,10.31146,10.87815,10.55338,10.03393,10.19035,10.19927,9.258202,10.57305,11.11908,11.51737,11.36166,11.30734,11.03134,11.45491,11.64027,11.10328
"ENSG00000088970",10.43407,10.27315,10.31746,10.28381,10.60676,10.71416,11.03858,10.54497,10.08987,10.89656,10.26012,10.22183,9.478404,9.127188,9.593639,10.062,10.15387,10.07528,9.660021,9.871302,9.585183
"ENSG00000088986",12.20815,12.25512,12.0863,11.94529,12.01717,12.29118,12.74583,12.068,13.1172,12.04594,12.98425,13.26678,11.53901,10.9331,11.11524,11.27091,11.17423,11.16619,10.75935,10.89043,11.28272
"ENSG00000089006",11.17385,11.09092,10.9849,11.79708,11.0753,10.83958,10.77417,10.84398,10.77644,10.67331,10.6183,11.34348,11.08815,11.28957,11.14864,11.41423,10.92459,11.40332,11.74179,11.67845,11.51944
"ENSG00000089009",12.52458,12.94995,12.04837,12.55154,12.35618,11.77989,12.65507,12.55254,12.1995,12.39081,12.22975,12.09629,12.38286,11.58317,11.78797,11.87057,12.30463,11.84912,11.67365,11.49374,11.68612
"ENSG00000089022",12.42008,11.7722,12.33831,11.93587,12.06154,12.30893,11.50804,12.43716,12.08159,12.23623,11.77433,11.94376,11.37329,12.08374,11.94312,11.60549,11.89713,12.02999,11.78054,11.69527,11.45498
"ENSG00000089053",10.58762,11.14132,10.73742,10.78582,10.35686,10.38534,9.496968,9.532788,9.256151,10.42598,9.628023,9.247143,11.77819,11.54962,11.362,11.42535,11.14023,10.99512,11.57678,11.8315,11.30742
"ENSG00000089063",14.27934,14.48608,13.48323,13.81811,13.88645,14.07079,14.81913,14.76841,15.28799,14.33675,15.01797,15.11211,13.35839,13.10061,13.10317,13.32428,13.53149,13.25369,12.87144,12.61454,12.71935
"ENSG00000089157",13.39505,14.2279,12.47619,13.48163,12.69242,12.09193,13.32652,13.25109,12.71528,12.69285,13.22411,13.24657,13.1972,11.36284,12.4941,12.05742,12.38047,11.97204,11.49858,11.19157,11.12361
"ENSG00000089195",11.32323,11.41073,10.30459,11.00068,10.25552,10.12937,10.81241,10.88471,10.71222,10.18235,10.20999,10.76959,10.98427,10.54392,10.72988,11.00181,10.93371,11.0253,10.7407,10.58779,10.38427
"ENSG00000089280",10.67095,11.10411,10.49723,10.79489,10.04097,9.848329,10.23984,10.08219,10.15558,10.67546,10.21514,10.59599,12.03829,11.67528,11.71218,11.93711,12.01314,11.41257,11.88204,11.75221,10.93525
"ENSG00000089327",12.84582,12.38331,12.85904,12.78563,13.3244,13.33168,13.40278,13.11218,13.27876,12.82233,13.59078,13.12825,12.66868,12.81398,12.53618,12.43114,12.17342,12.02275,12.40149,12.37474,13.06618
"ENSG00000089335",10.91725,9.994253,10.41234,11.03274,11.07995,11.2349,10.9665,10.83969,11.17157,10.81211,11.74471,10.65495,11.38219,10.34971,11.08618,11.09875,11.16072,10.7806,11.01752,10.46178,11.03244
"ENSG00000089505",11.08923,10.74278,11.87374,11.49033,11.95906,11.47325,12.17894,11.81931,12.46383,12.37293,11.99196,11.80003,10.09851,11.45775,10.7447,10.17052,10.6524,10.22226,10.40847,10.28567,10.47819
"ENSG00000089597",10.43575,11.02476,10.32879,10.36477,10.22312,10.14159,8.739409,9.749942,10.37104,10.2587,10.09727,10.0246,11.78935,12.02131,11.64038,11.69683,11.61144,11.56289,11.73873,11.69903,11.64564
"ENSG00000089693",10.32199,10.89714,10.43709,10.60841,10.37165,11.05947,9.947394,10.12331,10.61631,11.18434,10.66353,10.8915,10.10257,10.95927,10.17301,10.57436,10.52058,10.18573,9.992906,9.998639,9.596805
"ENSG00000089818",12.70378,11.83444,12.73629,12.83413,12.41045,12.50217,12.77864,12.28023,12.77667,12.74625,12.74164,12.43579,11.48635,11.51866,11.44975,11.53872,11.48708,11.45749,12.32805,12.10362,11.53331
"ENSG00000089902",9.917679,10.61985,10.71193,10.30756,10.61275,10.67704,10.35094,10.10078,10.49403,10.63966,10.06531,10.3782,10.07979,10.46098,10.39371,10.69781,10.40654,10.14936,10.32845,10.38733,10.03148
"ENSG00000089916",11.51976,11.16745,11.85967,11.50273,11.43871,11.37776,11.49801,11.12284,11.01319,11.53179,10.79551,10.9035,12.4355,12.84082,12.56434,12.65056,12.79611,12.5813,12.59554,12.74316,12.5425
"ENSG00000090061",12.16324,12.15981,12.35824,12.2103,11.98057,11.817,12.30436,11.97103,11.81954,12.10361,11.59441,11.71495,11.9766,12.20241,12.03177,12.13665,12.20495,12.02499,11.94108,11.63878,11.653
"ENSG00000090238",11.01873,10.33647,11.65999,11.90017,12.09973,11.86992,12.54359,13.24745,12.13287,11.31026,12.47156,12.21346,10.55436,11.15823,11.43009,11.77448,11.95635,11.72725,12.09503,12.13503,11.36268
"ENSG00000090376",13.04639,13.66196,12.84088,12.79549,12.73764,12.43013,12.7499,13.21585,12.66224,12.42818,12.64365,12.45909,13.36146,13.24339,13.45253,13.08638,13.33154,13.23652,13.2225,12.99909,13.45663
"ENSG00000090382",14.97597,15.81688,13.71959,13.93857,13.96287,12.16834,14.13291,14.47365,13.59738,12.2847,12.83298,14.14004,12.61019,9.713131,13.1584,11.15868,12.44798,11.43807,12.68225,11.03644,8.479648
"ENSG00000090674",9.069053,9.20061,10.4686,10.39933,10.00118,9.621212,9.812923,9.738879,10.31312,10.04663,10.78002,10.07602,10.07344,12.07216,11.5032,11.05337,11.96068,10.98646,10.54056,10.57873,10.1813
"ENSG00000090686",14.24789,13.98212,14.57747,14.48418,14.94599,14.9693,13.7217,14.27248,13.26509,14.1967,13.72921,13.58031,15.44874,15.88719,15.4984,15.47823,15.44409,15.4696,16.00152,15.8517,16.02846
"ENSG00000090905",10.95326,10.59443,11.06447,11.29039,11.13864,11.31688,11.22905,10.96866,10.88933,10.71662,11.00123,10.91107,11.69319,11.89289,11.40644,11.5275,11.31844,11.25011,11.65823,11.72255,11.62838
"ENSG00000090989",12.51954,12.23894,12.62375,12.15867,12.34142,12.75623,12.30603,11.77353,12.22958,12.56641,11.81749,11.64972,12.53989,12.64834,12.5991,12.92963,12.59114,12.68729,13.19042,13.10097,12.7614
"ENSG00000091009",13.52151,13.85692,13.77404,13.53729,13.7661,13.91047,13.42985,13.16426,13.03962,13.88454,13.20268,13.10893,14.31808,14.43036,14.17881,14.24692,13.94009,14.28211,14.60772,14.4525,14.27347
"ENSG00000091039",13.75965,13.61552,13.76806,13.55408,13.99944,14.35225,14.65913,14.2304,13.96536,13.8845,13.95473,13.74532,13.34243,13.80614,13.5597,13.15862,13.21997,13.12106,14.68926,14.71069,13.76265
"ENSG00000091140",10.1436,9.911576,10.38303,9.946116,10.27806,10.02128,8.929165,9.445023,9.043391,10.28611,8.547041,8.578538,10.97529,11.17931,10.97671,11.14478,10.8538,10.88432,11.57859,11.41158,10.92345
"ENSG00000091164",12.34761,12.45977,12.20248,12.00666,12.06307,12.36254,12.2187,12.52689,12.22526,12.18795,12.30194,12.27093,12.59535,12.52921,12.5723,12.39369,12.52448,12.56511,12.61183,12.73226,12.67851
"ENSG00000091181",15.77844,15.33262,16.27172,16.23189,15.6988,15.72165,15.2527,15.27099,15.3351,15.76929,15.84263,15.73956,16.24736,16.21278,16.25632,16.34649,15.63466,15.93474,16.53172,16.54199,16.77668
"ENSG00000091409",10.08657,9.627188,9.682101,9.983311,10.11853,9.470338,10.64183,10.85259,9.95122,9.632859,10.6696,10.12504,10.02902,10.71261,10.04271,10.11316,10.31408,10.16421,11.23498,10.85974,9.15608
"ENSG00000091592",13.11857,12.88126,13.43199,13.66122,13.74544,13.32201,12.56668,12.90311,13.12624,13.35535,13.39359,13.1961,14.06001,14.81511,14.41934,14.46874,14.44959,14.17141,14.91114,14.83825,14.57471
"ENSG00000092010",12.77544,12.58231,12.84113,12.82219,12.48707,12.65564,13.16268,12.76813,13.03409,13.19322,12.74743,12.48191,11.96348,11.70799,12.37542,12.5334,12.30923,12.28828,11.9826,12.01859,11.95441
"ENSG00000092108",11.16397,11.00709,11.61981,11.55679,11.54251,11.53021,10.19073,9.977976,9.61377,11.65223,9.604247,8.579136,11.97436,11.85119,11.88017,12.18842,12.06084,11.84331,12.02183,12.21731,11.66527
"ENSG00000092148",13.51955,12.86332,13.25669,13.13308,13.34239,13.2107,13.12112,13.17034,13.31492,13.28711,12.64108,13.1474,13.75348,13.63283,13.2326,13.37048,13.54919,13.26654,13.55984,13.43788,13.5548
"ENSG00000092203",13.60697,13.55124,13.78666,13.64323,13.68287,13.5088,13.17281,13.74568,13.88484,13.69701,13.92622,14.19424,13.73573,14.09655,14.15524,14.04654,14.28198,14.03722,14.08262,14.14816,13.98247
"ENSG00000092529",10.94812,11.86097,9.722997,10.6605,9.454557,8.062447,10.16732,9.84409,10.05241,8.477337,10.5249,10.66877,9.768612,8.422215,9.6711,9.094761,9.583483,9.088023,9.033842,8.259833,8.077095
"ENSG00000092531",11.75005,12.04036,12.55964,12.22319,12.03989,11.40875,11.63446,11.82053,10.82078,11.74522,11.13259,11.26407,12.43268,12.74722,12.99704,12.79834,12.77226,12.60863,13.21049,13.09156,12.79832
"ENSG00000092820",12.45678,12.42421,12.19531,12.26006,11.56505,11.54545,12.05466,11.99991,11.34986,11.7024,11.42273,11.11788,12.71254,13.11846,13.53485,13.41492,12.67074,12.15435,12.79879,12.34412,13.34539
"ENSG00000092841",16.15286,16.38119,16.46953,16.38273,16.26461,16.42202,16.49902,16.442,16.60679,16.40345,16.51906,16.47957,16.69026,16.56169,16.67004,16.76374,16.66408,16.42956,16.74813,16.61901,16.44153
"ENSG00000092847",11.66728,11.85646,11.74627,11.86469,11.54313,11.35242,11.51057,11.72965,11.49819,11.8235,12.16654,12.08636,12.1202,12.03014,12.00857,11.96445,11.85985,11.543,11.93583,11.98491,11.92921
"ENSG00000093000",13.85809,13.77042,14.60075,14.51128,13.92518,14.15152,14.31178,14.09875,14.4289,14.41727,14.23795,13.81093,14.51282,14.69951,14.54736,14.50801,14.35617,14.37887,14.55159,14.57021,14.72425
"ENSG00000093010",11.80564,11.75757,11.42839,11.37217,11.68829,11.78277,11.68734,11.98159,11.34091,11.60747,11.7855,11.70621,12.35978,12.44104,12.77997,12.33985,12.52851,12.67308,12.17509,12.63885,12.61703
"ENSG00000094914",12.83,12.452,11.94727,12.05449,12.48394,11.97912,12.30985,12.38323,13.11727,12.09062,13.33263,13.69518,12.71461,12.48418,12.22774,12.26686,11.87345,12.1882,12.24791,12.05898,12.0513
"ENSG00000095015",11.3225,10.8843,11.84425,11.44874,11.55222,11.55428,11.24628,11.35312,11.05071,11.3219,11.27614,10.65705,12.18477,12.38026,12.50915,12.58331,12.2804,12.5024,12.44437,12.46748,12.47431
"ENSG00000095139",11.12664,11.39858,11.49739,11.24844,11.26464,11.40731,10.13326,10.79548,11.0514,11.54915,10.04172,9.925565,12.53581,12.51851,12.52734,12.49404,12.12296,12.19678,12.33862,12.2266,12.23057
"ENSG00000095370",10.71191,11.22128,12.03001,11.84217,11.13555,11.06568,11.01221,11.18949,11.65377,11.43378,12.13069,12.44257,11.30529,11.8451,11.85733,11.84609,11.31495,11.17619,11.64794,11.89747,11.42287
"ENSG00000095787",15.94045,15.67443,15.9045,15.8233,15.9131,16.09449,15.97393,16.06067,16.05805,15.75986,15.90514,15.96022,15.50393,15.66519,15.73664,15.66858,15.73879,15.67321,15.66887,15.62184,15.68316
"ENSG00000096080",13.25186,13.05037,13.12958,13.01033,12.78836,12.44029,12.4389,13.01341,13.56277,13.02975,13.5171,13.40668,12.66338,12.17986,12.52771,12.56579,12.38632,12.42912,12.34446,12.01246,12.43842
"ENSG00000096717",12.1096,12.15106,12.36766,12.3505,12.15219,12.55003,12.09331,12.21467,12.06862,12.57377,11.83735,12.03787,12.77026,12.57479,13.04398,13.26708,12.97056,13.05297,12.88289,12.80424,12.89926
"ENSG00000096968",15.43432,15.208,15.7533,15.72247,15.89796,16.09725,15.49709,15.55237,15.16722,15.86302,15.47089,14.99583,15.69734,16.0434,16.07557,16.16025,15.99497,16.11787,16.21033,16.34838,16.23233
"ENSG00000097033",10.97094,10.65169,11.32062,11.01516,10.64984,10.99464,11.23718,11.19948,10.47401,10.93506,10.32464,10.30728,11.16996,11.41561,12.01937,11.9841,11.6616,11.55757,11.59031,11.48084,11.32296
"ENSG00000099204",14.36478,13.45653,14.93408,15.02699,16.76086,16.60305,14.9989,14.88173,13.98935,14.11024,15.21804,12.4714,14.18931,14.12455,15.13856,15.1512,15.25649,15.30316,16.68426,16.59481,13.31083
"ENSG00000099246",14.24205,13.7424,14.48211,14.17658,14.54873,14.45356,14.28945,13.98329,13.6635,14.16431,13.64054,13.73278,14.47304,14.07247,14.17722,14.27717,14.12711,14.2683,14.35896,14.39958,14.57031
"ENSG00000099290",12.67509,12.60347,12.26861,12.45172,12.69096,12.72198,12.94555,12.62522,12.91444,13.22846,12.47147,12.73419,12.99122,13.06729,12.93644,12.98409,13.32012,13.248,13.50012,13.20885,13.19757
"ENSG00000099331",12.35096,12.7603,12.93794,13.11254,12.87203,13.00336,12.89278,12.93954,12.97761,12.90649,13.00917,13.05201,13.24283,13.87637,13.55815,13.51552,13.61523,13.41182,13.4132,13.49001,13.03462
"ENSG00000099337",10.71411,10.46739,11.05355,10.51945,11.46815,11.03058,10.89446,11.3148,11.29956,10.60935,11.46554,11.74472,10.65992,10.27608,10.28817,10.42677,10.10621,10.02282,10.28648,10.26093,10.2287
"ENSG00000099341",12.84505,12.73861,12.36029,12.28002,12.37373,12.60999,12.82767,12.67102,12.91918,12.09624,12.83748,12.7061,11.07337,11.43485,11.07145,11.08589,11.20786,10.73641,10.99804,10.8317,10.95058
"ENSG00000099622",12.02511,12.29853,12.28565,11.97597,12.11366,11.91211,10.94081,12.02081,11.50298,11.97654,11.37948,11.99867,12.88942,13.22426,13.12014,13.09877,12.94436,12.73275,12.98645,12.83164,12.82348
"ENSG00000099624",11.36373,11.32691,10.45166,10.82452,10.89719,10.32214,12.18557,11.31911,11.48817,10.77545,11.36559,11.69017,8.336561,8.500538,8.595964,8.513568,9.05553,8.167423,8.513922,8.297015,8.002274
"ENSG00000099783",13.67545,13.50126,13.35691,13.78445,13.33438,13.88913,13.05932,13.73204,13.25162,13.77207,13.63594,13.62254,14.60243,14.53271,14.45961,14.33425,14.38178,14.27116,14.29265,14.32118,14.70544
"ENSG00000099797",10.96431,11.35236,9.628667,10.15345,10.42156,10.02342,10.64871,9.99824,10.78948,10.54835,10.72313,11.15494,9.026218,8.402118,8.931579,8.548718,8.904682,8.705764,8.581987,8.120689,8.331087
"ENSG00000099875",12.86323,13.38721,14.0241,13.84108,13.52887,12.97833,12.01135,13.05501,13.46436,13.44543,13.84772,13.97449,13.02905,13.05377,13.64887,13.44196,12.96064,12.68475,13.42491,13.6806,13.25795
"ENSG00000099917",12.08257,12.78079,12.72836,12.63531,12.76663,12.3755,11.06327,12.16131,12.22255,12.21114,12.35453,12.31245,12.47459,12.5768,12.71979,12.83568,12.56102,12.13955,12.45707,12.57247,12.70295
"ENSG00000099940",11.56547,11.78551,11.78716,11.83588,11.45037,11.26107,12.13873,11.92723,11.91516,11.89324,11.99258,11.91683,10.92349,11.12902,11.51108,11.53395,11.27034,11.14658,11.23246,11.44642,11.39423
"ENSG00000099942",12.22788,12.15132,12.32848,12.5615,12.24242,12.61303,11.6695,12.35081,12.55019,12.41832,13.03489,12.92008,12.82885,12.8956,13.09844,12.82083,12.53626,12.45761,12.72251,12.64372,12.8874
"ENSG00000099985",11.3028,11.16984,14.12737,13.50499,14.20144,14.14172,9.246385,12.26284,12.00569,14.06859,11.95368,11.78373,10.86288,15.99869,14.50167,14.04059,14.84786,14.3653,10.60013,11.393,11.37503
"ENSG00000099991",10.36936,9.819872,10.6026,10.68266,10.50109,9.905796,10.79401,10.60208,10.72433,10.18329,10.76858,10.63307,10.82812,10.08534,10.3839,10.30784,10.34286,9.995001,10.52279,10.6094,10.7466
"ENSG00000099995",12.90923,12.71221,12.76378,12.90109,12.81728,12.70634,12.90083,12.90428,13.33791,12.96649,13.2343,13.24114,12.31897,12.62826,12.39527,12.55676,12.43044,12.31994,12.2609,12.37361,12.28788
"ENSG00000100030",12.83643,13.0056,12.65318,12.64424,12.91518,12.47415,12.45844,12.68046,12.56948,12.4861,12.29433,12.53332,12.40709,12.39505,12.40543,12.2365,12.5327,12.19479,12.36431,12.44551,12.44715
"ENSG00000100060",11.59835,11.42999,11.83479,11.5165,11.91314,12.08551,11.08719,12.20303,12.78859,12.08923,12.66986,13.03633,11.31007,11.18899,11.61913,11.58269,10.91554,10.97069,11.47642,11.45243,11.67241
"ENSG00000100097",13.60278,13.06294,13.29856,11.82276,13.76108,13.20179,14.99827,14.09848,13.84702,12.67037,13.18739,13.786,11.43695,11.97725,11.37618,11.05581,11.88961,11.12832,11.60086,11.01209,11.36593
"ENSG00000100099",12.15314,11.37172,11.98639,11.81515,12.10526,11.80713,12.16583,11.42432,11.89643,11.98924,12.29205,12.33408,12.21059,12.06698,11.84787,11.63721,11.93441,11.92183,12.11953,11.92824,12.06931
"ENSG00000100100",10.77911,10.76225,11.50959,11.78827,10.91465,10.90326,10.27151,11.71395,11.42665,11.85491,11.57073,11.04806,10.23333,10.62629,11.36956,10.9423,10.859,10.39769,11.06494,11.07913,11.03302
"ENSG00000100150",9.944371,9.90769,10.24585,10.30967,10.07343,9.973192,9.699286,10.14049,10.48596,10.12321,10.28516,10.8316,10.287,10.91682,10.64616,10.67334,10.65657,10.24322,10.84477,10.60815,10.88895
"ENSG00000100219",14.11237,14.30224,14.60999,14.41609,14.80147,14.70655,14.36424,14.44378,13.70106,14.28218,14.06547,13.82307,14.54785,14.54405,14.74184,14.61742,14.64615,14.39428,14.47099,14.55308,14.21748
"ENSG00000100220",10.78205,10.34672,10.40733,10.41613,10.33058,9.688473,9.158891,9.497716,9.819647,10.48823,9.039974,9.300035,11.13488,11.21794,10.95784,11.05243,11.09073,11.05873,11.35673,11.10701,11.02914
"ENSG00000100221",11.71274,11.62362,11.57864,11.7609,11.86506,11.82311,10.87294,11.37514,11.77048,12.16817,11.50135,11.35111,11.44747,13.40331,11.99916,11.9783,12.65026,12.04564,11.42256,11.48408,11.77068
"ENSG00000100225",13.74489,13.48792,13.85947,13.65317,13.90076,13.92366,13.63271,13.77156,13.76545,13.7367,13.57265,13.42405,13.11053,13.45792,13.46893,13.50743,13.45682,13.30398,13.42793,13.40775,13.18109
"ENSG00000100242",11.96974,11.97777,12.39735,12.34893,12.41205,12.03087,12.76875,12.47293,12.52056,12.38429,12.7261,13.05561,11.36438,11.4905,11.23953,11.45545,11.14484,10.81527,11.39405,11.34821,11.42815
"ENSG00000100266",10.77962,10.07998,10.70475,10.45942,10.97871,10.39318,9.025047,10.0189,10.42051,10.8211,10.19034,10.44691,11.60067,12.04054,12.13601,11.9709,11.87458,11.81822,12.00359,11.95462,11.88592
"ENSG00000100280",9.734233,10.10843,9.973027,10.09507,9.866336,9.604139,9.769694,10.19264,9.975224,9.626276,10.45851,10.3381,9.567166,9.627648,9.402031,9.604297,9.548374,9.374535,9.492504,9.451994,9.904247
"ENSG00000100284",13.25894,13.35672,13.19392,13.07069,13.29345,12.56714,13.96271,13.58489,13.66824,13.26685,12.94905,13.64544,12.21747,12.21444,12.30273,12.13756,12.37665,11.94958,11.88442,11.53479,12.27075
"ENSG00000100288",10.9123,10.74134,10.775,11.06471,11.31887,10.45296,10.4999,10.96092,11.3205,10.64374,11.30092,11.26491,10.55347,10.99953,11.03344,10.89691,10.8891,10.67533,10.60398,10.86447,11.04764
"ENSG00000100316",14.94581,15.09812,14.51746,15.09542,14.69946,14.59022,14.49357,15.08191,15.04185,14.64021,15.09968,15.04719,14.71674,14.05155,14.6188,14.54792,14.44855,14.00647,14.20578,14.01803,14.36615
"ENSG00000100325",10.40786,10.65815,10.67691,10.90416,10.48996,10.49772,10.47854,10.28716,11.15165,10.58644,11.14363,11.00864,11.50712,11.33784,11.25004,11.35257,11.35375,11.03587,11.36879,11.28041,11.31841
"ENSG00000100330",10.41309,10.34154,11.02667,10.67261,10.47737,10.20154,10.78043,10.58433,10.05363,10.18491,9.956135,9.986194,11.49378,12.18601,11.91572,11.73679,11.81292,11.53236,11.97612,12.03375,11.80802
"ENSG00000100345",14.46197,14.75932,15.20903,15.15298,14.84621,14.71369,14.08719,14.36287,14.40264,14.94291,14.64072,14.49447,15.43877,15.90557,15.93724,15.87499,15.80546,15.55077,16.01957,16.03479,15.69865
"ENSG00000100347",13.02515,12.91639,12.60594,12.54225,12.62707,13.14338,13.07321,12.41548,13.27255,13.22867,12.99505,12.96891,12.33555,11.68956,12.05267,12.23477,12.28828,11.738,12.03842,11.95113,11.75965
"ENSG00000100354",12.65111,12.46021,12.88963,12.88772,12.88111,12.49709,12.18588,11.865,12.05796,12.96318,11.71924,11.81459,12.6866,13.07325,13.11849,13.10255,12.95899,12.90526,13.05878,13.20626,13.24346
"ENSG00000100365",15.15223,15.48672,15.37835,15.36589,15.25145,14.57102,15.44431,15.39652,15.49883,15.12844,15.70354,15.5194,14.04942,14.59667,14.57684,14.6539,14.40185,14.32407,14.42834,14.52773,13.98377
"ENSG00000100387",15.0077,15.02882,14.53999,14.39047,14.66792,14.17945,15.04405,14.76658,14.56856,14.35904,14.199,14.72609,14.03737,13.68855,13.59583,13.7428,13.75578,13.68461,13.60602,13.24954,13.3955
"ENSG00000100393",12.03761,12.16411,12.62498,12.50168,12.45998,12.46155,12.12707,12.08813,12.10762,12.20643,12.0849,11.73356,12.12498,12.35782,12.34427,12.39848,12.52379,12.21844,12.34025,12.48321,12.4155
"ENSG00000100410",11.52822,11.48959,11.3199,11.42479,11.2616,11.40883,11.91625,11.71486,11.66569,11.78414,11.94334,11.80645,11.39804,11.19255,11.60481,11.65474,11.23065,11.36608,11.40793,11.50717,10.66539
"ENSG00000100418",10.25891,10.59255,10.56994,10.59257,10.56317,9.862019,10.79953,10.67646,11.07393,10.14654,10.64756,11.01423,9.581043,9.951055,10.10914,10.55468,9.884733,9.639706,9.735781,9.944341,9.465884
"ENSG00000100442",10.8477,10.6789,11.20613,10.76034,10.86995,10.15013,10.5506,10.70846,10.69385,10.85517,10.27899,10.1596,10.45063,10.47886,10.39504,10.463,10.6161,10.26206,10.65808,10.63296,10.31837
"ENSG00000100445",11.29619,11.10496,10.64394,11.10934,10.64049,10.23622,10.35816,10.50129,11.00724,10.8522,10.9005,11.04869,10.86172,10.4684,10.54183,10.78972,10.60356,10.17161,10.56068,10.44728,9.999436
"ENSG00000100448",13.10666,13.88472,8.796165,9.881676,10.39493,7.535896,12.21853,11.65703,11.6375,11.6042,12.53237,13.43587,13.12221,7.296562,10.78602,9.125862,9.981647,9.126929,8.755675,6.950662,7.196809
"ENSG00000100461",11.58249,11.3039,11.8968,11.84592,11.76725,12.24101,11.90225,12.3311,12.34607,12.02552,12.40363,12.23479,11.65805,12.11164,12.06529,11.81789,12.44184,12.1309,11.92472,11.73818,11.74702
"ENSG00000100504",13.18204,13.26002,13.42256,13.21687,13.26269,12.95555,12.69036,12.74473,13.20793,13.06726,12.81248,13.27727,14.20328,14.50649,13.87365,13.79162,13.35542,13.87269,14.57745,14.17899,13.25414
"ENSG00000100567",12.19158,12.20772,12.44387,11.83504,11.86943,11.94561,11.70156,11.70192,11.68617,11.93428,11.47158,11.20384,11.80775,11.35935,12.0079,12.05894,11.73199,11.81415,11.80307,11.79314,11.40943
"ENSG00000100568",12.70014,12.24846,12.82599,12.4674,12.75201,12.1795,12.3022,12.26345,11.86122,12.70076,11.8927,11.83164,12.76692,12.73015,13.07208,13.25602,12.86753,12.74268,13.0567,13.06032,12.88566
"ENSG00000100578",10.51897,10.40158,10.46599,10.91722,10.39485,10.56918,10.32963,10.20257,9.763762,10.68542,9.445223,9.270672,11.37053,11.16696,11.14207,11.04421,11.4667,11.17292,11.1486,11.42872,11.16955
"ENSG00000100580",9.904568,10.28086,10.44752,10.38078,10.153,9.893487,9.638584,9.642343,10.01997,10.26361,10.44451,10.31832,11.21316,11.32246,10.56293,10.51499,10.65462,10.45245,10.74023,10.70334,11.06258
"ENSG00000100596",11.40226,12.06585,12.67331,12.30596,12.97086,13.0664,11.44122,11.32546,11.23146,12.40122,11.24892,11.86995,12.29054,12.93165,12.68804,12.61073,12.64656,12.50866,13.16576,13.10435,13.47878
"ENSG00000100599",10.31366,10.20947,10.61594,11.37754,11.51313,11.12493,10.48371,11.06933,10.69042,10.03985,11.39154,11.36736,10.75568,11.36218,11.14595,11.14222,11.24397,10.85694,10.92753,11.19995,11.47122
"ENSG00000100603",11.07687,10.36165,10.5931,10.67881,10.73885,10.63821,10.45669,10.26857,10.23253,10.87103,10.06883,9.749521,10.26229,10.77304,10.64727,10.67647,10.58898,10.36502,10.60318,10.55403,10.38425
"ENSG00000100614",11.62922,10.93362,11.0364,11.00681,11.10666,11.63739,11.36327,12.07796,11.88235,11.82988,12.03351,11.7297,11.18376,12.02056,11.82121,11.5817,11.80526,11.59057,11.85139,11.44907,12.1335
"ENSG00000100647",12.97313,12.67592,13.4338,13.03958,12.84987,12.60397,13.69238,13.40671,13.13946,13.02126,13.26129,13.34109,12.91132,13.74216,13.42522,13.34879,13.25292,13.45737,13.5529,13.37427,13.04601
"ENSG00000100650",15.97622,15.83218,16.10525,16.06073,16.06909,16.20297,15.62256,15.70859,15.27236,16.36035,15.21751,15.17838,16.60852,17.00169,16.73746,16.78037,16.71498,16.76704,16.68043,16.69658,16.80388
"ENSG00000100664",15.23288,14.94404,15.09887,15.20169,15.16949,15.21285,14.84335,14.78588,14.90399,15.40547,14.72131,14.55056,14.84148,14.68124,14.8071,15.01134,15.23151,15.09585,14.62713,14.67281,14.66474
"ENSG00000100697",12.74755,12.50904,13.20172,12.9881,13.08341,13.27062,12.43995,12.7057,12.39351,12.71809,12.17665,12.06253,13.77927,13.91086,14.25689,14.37993,14.22019,14.43091,14.13804,14.15561,13.73632
"ENSG00000100722",12.2743,11.90226,11.86679,11.57397,12.24978,12.22967,12.52336,12.01315,12.1483,12.19698,11.81669,12.33374,11.80145,11.78471,11.59111,11.48148,12.01116,11.57058,11.40173,11.43756,11.31276
"ENSG00000100749",13.16635,13.57553,12.59925,12.50835,13.21262,12.84841,12.63269,12.34963,12.53066,12.59985,12.06174,12.49293,12.42043,11.76371,12.06583,12.01399,12.45466,12.2546,11.72493,11.54812,11.64347
"ENSG00000100764",12.7715,12.41481,12.27937,12.07248,12.11565,12.18759,12.02947,12.16508,11.08876,12.24177,11.46953,11.22073,11.78831,11.79207,12.01455,11.89891,11.93346,11.96345,12.01279,11.99701,12.05775
"ENSG00000100811",13.9031,13.77744,13.91173,13.83944,14.18171,14.21471,14.10055,14.05665,13.78512,14.00896,13.79586,13.71875,14.03558,13.79714,14.12317,14.0786,13.92034,13.86101,13.88574,14.04233,13.98098
"ENSG00000100813",9.912817,9.868328,10.08831,10.18559,10.1685,10.23237,9.110733,10.16671,9.588373,9.721266,10.38518,9.827477,10.52344,10.41906,10.6509,10.52809,10.70899,10.19183,10.6412,10.70725,10.95633
"ENSG00000100883",10.43122,10.27937,9.827885,10.14534,10.45971,9.707842,10.17804,10.51982,9.933577,10.30845,10.0748,10.15823,11.18422,11.22472,10.99285,11.48598,11.21355,11.0631,11.06598,11.15664,11.05488
"ENSG00000100888",10.75297,10.94401,11.25816,10.97615,10.74827,10.90047,10.44347,10.53387,10.45352,10.83809,9.940245,9.884164,12.11663,12.10099,12.16478,12.15346,12.07152,12.15218,12.28131,12.07219,12.14147
"ENSG00000100902",13.55877,13.74506,13.42992,13.07973,13.13976,13.36659,12.82906,13.0578,12.7979,13.59837,12.51737,12.77104,13.15512,12.66238,12.90833,13.14097,12.94084,12.79818,12.83837,12.79148,12.5057
"ENSG00000100906",9.947291,9.702917,9.720064,9.940991,10.4523,10.54843,10.64993,10.57247,10.52356,9.481419,10.68036,10.85856,9.722266,9.442341,9.408845,9.43701,10.32078,9.921721,9.559749,9.270422,9.033001
"ENSG00000100938",11.32004,10.96375,11.38349,11.35781,11.71591,11.32565,11.34105,11.05212,11.5806,11.65072,11.87051,11.6906,12.16475,12.11059,11.83355,12.16976,12.11834,11.94035,12.04588,12.11834,12.345
"ENSG00000100941",10.77215,10.47008,10.56959,10.43921,10.47889,10.68175,10.937,10.60701,10.19812,10.62405,10.899,10.40842,11.20716,11.67149,11.29401,11.19226,11.42254,11.32167,11.1685,10.69322,10.9183
"ENSG00000100982",11.12786,11.57515,11.49152,11.52562,11.54931,11.32395,10.8714,11.38733,11.76636,11.54938,11.73437,12.41652,10.4881,10.87871,10.63274,10.88526,10.85787,10.14111,10.47383,10.47664,10.02203
"ENSG00000100991",12.02499,11.88109,11.93777,12.24625,12.23626,11.96465,12.07797,12.55538,12.33407,12.38002,12.76593,12.70607,12.51496,12.81849,12.71178,12.86397,12.78178,12.76101,13.25385,13.12234,13.1469
"ENSG00000101040",13.09303,12.84608,12.79499,13.07421,12.80245,13.04889,12.6675,12.68562,12.85331,12.82049,12.71257,12.73514,13.66723,13.66503,13.60289,13.65989,13.68391,13.83881,13.77999,13.70385,13.8685
"ENSG00000101109",13.51281,12.73104,13.63859,13.51021,13.53152,13.42448,13.8159,13.95847,13.49402,13.514,13.23425,13.41877,13.34584,14.22336,13.72704,13.69906,13.82594,13.58868,13.84939,13.69525,13.7245
"ENSG00000101126",11.73582,11.41868,11.79885,11.60982,11.75989,11.87185,11.18348,11.28445,11.66092,11.51253,11.31477,11.13072,12.16418,12.06085,12.26502,12.1179,12.07672,11.94359,12.17387,11.96546,12.2693
"ENSG00000101166",12.37025,11.99742,12.70001,12.4648,12.531,12.33236,12.43453,12.50659,12.13828,12.49029,11.97928,12.32035,12.10908,12.33996,12.6187,12.80273,12.69338,12.52162,12.56529,12.64253,12.12618
"ENSG00000101182",14.92715,15.01321,15.16,14.84987,14.9301,15.06157,15.2389,14.90092,15.09742,15.20605,15.01002,15.0841,14.62473,14.49396,14.58484,14.66448,14.53628,14.48074,14.54169,14.56556,14.39474
"ENSG00000101236",13.12451,13.20431,13.13637,12.83483,13.57647,13.3214,12.74911,12.66896,12.87194,13.24228,12.67764,12.84837,12.88957,12.8479,13.02142,12.95981,12.81025,12.80881,13.29222,13.35618,12.34656
"ENSG00000101266",12.51081,12.42876,11.91035,12.42462,12.00407,11.82823,12.86074,12.58697,12.98428,12.03263,12.97961,12.34918,12.59833,12.72935,12.71344,12.63404,12.71279,12.73067,12.61,12.31341,12.60035
"ENSG00000101310",11.55972,11.85879,11.95133,11.74463,11.77958,11.54371,11.39338,10.87221,10.93418,11.44738,11.13162,10.72242,12.12724,12.80429,12.09593,12.26276,12.5077,12.27198,12.13325,12.03288,11.93484
"ENSG00000101337",14.11184,14.01151,14.25248,14.22068,14.23861,13.78704,14.66286,14.41241,14.29947,14.02448,14.23248,13.73478,14.22143,14.2943,14.07728,13.84304,14.43488,14.32318,14.14471,14.06949,13.91071
"ENSG00000101343",11.27983,10.76742,11.06192,11.106,10.87416,11.06197,11.19484,11.1237,11.07342,11.20199,11.08753,10.79773,11.21259,11.39247,11.68441,11.87438,11.56166,11.67568,11.65062,11.44871,11.81374
"ENSG00000101361",11.92601,11.80119,11.15552,11.31713,10.72666,10.89564,11.731,10.99534,11.21554,11.82041,11.22319,10.61783,11.12285,10.62692,10.5107,10.87347,10.59145,10.51062,10.82036,10.56244,10.06554
"ENSG00000101363",10.9307,10.07149,11.06874,11.0827,10.8624,10.6503,10.74734,10.45231,11.55044,11.07356,11.69739,11.30138,9.840884,9.467329,9.482832,9.809634,9.937471,9.512833,9.824303,9.603582,9.627291
"ENSG00000101367",12.42303,12.68201,12.76313,12.39842,12.86774,12.5174,11.78677,11.92169,11.34234,12.14489,10.75407,10.80797,13.06137,13.34859,12.99222,13.0701,13.21016,12.90521,13.16484,13.12584,12.76415
"ENSG00000101407",9.89976,10.36089,9.674418,9.979288,9.503204,9.5564,9.994101,9.929425,10.38835,9.917322,10.66266,10.72627,9.175548,9.154684,9.173616,9.327856,9.112972,9.043983,9.343267,9.172663,9.125605
"ENSG00000101425",16.07797,16.9614,14.177,14.7185,15.26438,13.25064,15.87545,15.55994,13.95456,12.92258,15.70216,15.78769,14.58167,7.023323,13.06055,10.73986,13.31184,12.63449,11.77178,7.18175,6.157333
"ENSG00000101457",10.9794,10.89899,10.99387,10.88101,10.62335,10.04112,11.64198,11.3969,11.60282,11.19479,11.40442,11.23797,9.846577,10.37888,10.14237,10.10116,9.975887,9.910944,9.663679,9.302166,10.27932
"ENSG00000101474",10.65914,12.63291,9.562099,10.09645,10.25482,8.832171,8.963347,10.18548,9.462283,8.789017,9.00411,9.60006,10.51283,9.408096,9.954554,9.557551,10.85109,9.978433,9.270043,9.090112,9.375687
"ENSG00000101574",10.86289,10.55845,11.23334,11.13666,10.85683,10.8941,10.72158,10.64476,11.02861,11.41594,10.71341,11.03406,11.76802,11.75665,11.73168,11.63764,11.68544,11.77691,11.78869,11.76045,11.81779
"ENSG00000101577",10.23959,9.589089,10.4633,10.53171,10.88475,10.91371,10.87301,10.79496,10.17586,10.07472,10.32122,10.62469,10.55566,10.87535,10.99983,10.79941,10.7797,10.88395,10.83702,10.80664,11.25261
"ENSG00000101596",11.11427,10.89832,11.57675,11.43531,11.47114,11.47658,11.34762,11.38833,10.71167,11.10984,10.90231,10.58048,12.04112,12.60863,12.59828,12.43674,12.41508,12.59973,12.44658,12.25763,12.34943
"ENSG00000101608",14.88828,15.0216,15.17284,15.04219,15.0067,15.25956,14.89992,14.96516,14.75197,15.16499,14.64387,14.3323,14.83117,14.76539,14.94069,15.04937,14.77372,14.81015,14.79824,15.02276,14.66165
"ENSG00000101639",9.714345,9.87099,10.64008,10.50431,10.01286,10.31794,9.52167,9.582857,10.15421,10.75541,10.65234,9.931726,10.52683,11.2997,10.95153,10.97683,10.67968,10.55527,11.41745,11.09759,11.11699
"ENSG00000101665",10.45362,10.00095,10.16323,10.14858,10.07757,9.820744,8.35286,9.826315,9.851498,10.10607,10.33823,10.36207,10.64423,10.71511,11.02739,11.01898,10.64945,10.68793,11.06582,10.58393,11.01794
"ENSG00000101695",11.48078,11.11694,12.38002,12.24412,12.25239,12.17474,11.83791,11.5055,11.68784,11.59852,11.44678,11.45579,12.38722,13.41111,12.86376,12.58295,13.03112,12.17926,12.83629,12.95329,12.96562
"ENSG00000101745",14.03018,13.66535,14.0622,14.1128,14.24356,13.97516,14.09658,13.94308,13.65228,14.00939,13.43211,13.24745,14.08803,14.63602,14.32981,14.31911,14.67529,14.54637,14.45068,14.47353,14.26042
"ENSG00000101782",13.70318,13.77517,14.48752,13.98758,14.32796,14.20024,14.26142,14.35485,14.1744,14.26502,13.65021,13.80349,14.11566,14.48233,14.86453,14.6754,15.03594,14.42831,14.39637,14.43243,14.31965
"ENSG00000101843",11.10364,10.7632,10.56504,10.81611,10.83093,10.2962,10.91707,10.50045,9.931049,11.01,10.77104,10.37695,10.93182,10.70258,10.93063,11.19618,10.74441,10.82867,11.11487,10.63563,10.41612
"ENSG00000101901",13.38982,13.17839,13.60757,13.62782,13.42245,13.46513,13.64016,13.40082,14.15606,13.76694,13.7664,13.50447,13.40087,13.09007,13.43606,13.57043,13.87209,13.72277,13.35312,13.44941,12.81414
"ENSG00000101935",10.20706,10.08891,10.68962,10.28473,10.02755,10.34524,10.70256,10.75596,10.65528,10.56625,10.1282,10.51907,9.278502,9.129292,9.507751,9.236467,9.546383,8.982926,9.231678,9.223137,9.023863
"ENSG00000101966",9.549105,8.512613,9.519417,9.371476,9.149953,8.315589,9.17676,9.592999,8.905618,9.076551,9.239218,9.623785,11.41788,11.31495,11.33824,11.23455,11.22449,11.47101,11.49282,11.48464,11.39471
"ENSG00000101972",13.91679,13.48462,13.71279,13.85686,13.7946,13.71671,13.82484,13.95451,13.25402,13.66694,13.29803,13.94927,13.89489,14.32374,14.14549,14.1159,14.46982,14.239,14.32757,14.31862,14.49574
"ENSG00000101974",10.46703,9.69987,10.11306,10.1688,10.1459,10.36777,9.703883,10.203,9.638326,10.02216,9.097332,9.519181,11.35391,11.15751,11.4983,11.53583,11.60364,11.18457,11.32819,11.11328,11.67396
"ENSG00000102054",13.67782,13.91935,13.38566,13.33755,13.40459,13.60718,12.95263,13.04008,12.44037,13.61563,12.65882,12.31121,13.16611,12.83803,13.44614,13.457,13.2137,12.87534,13.08998,13.29445,12.91236
"ENSG00000102081",10.43033,10.35519,10.70271,10.68021,10.88859,10.73206,10.06574,10.66715,9.883287,11.02606,9.936905,9.390161,11.86858,11.70839,11.61069,11.5127,11.64731,11.98322,11.96109,11.82633,12.16958
"ENSG00000102096",15.10274,15.18351,15.40077,15.32317,15.75311,15.61841,14.94467,15.3581,15.03761,15.5974,15.41829,15.31423,14.93763,16.11567,15.54872,15.53723,15.70145,15.37986,15.09896,15.43971,15.54572
"ENSG00000102103",10.96207,10.98604,10.89915,10.8816,10.62672,10.45176,11.43235,11.11946,11.06631,11.33566,10.6944,10.74269,10.19414,10.54617,10.55603,10.73046,10.47243,9.977336,10.00407,10.02856,9.274239
"ENSG00000102158",14.21856,14.41584,14.49124,14.39486,14.13446,14.71224,13.77507,14.5351,14.17377,14.82633,14.24973,14.00348,14.87077,15.04756,15.25369,15.1473,15.03988,14.86332,14.99027,14.78588,14.97286
"ENSG00000102226",10.51876,10.60991,10.12784,10.29692,11.05994,10.18917,8.853461,9.00222,10.12791,10.55641,10.63814,10.7033,9.781299,10.84596,11.60913,11.60351,11.67807,10.8802,10.54991,10.80103,10.91172
"ENSG00000102265",11.07551,10.3574,10.29493,9.938007,11.04967,10.28262,12.23906,11.7239,12.30218,11.09319,11.06955,10.58009,9.290045,9.388121,9.024858,8.913176,10.01819,8.919704,9.000813,9.003297,9.164727
"ENSG00000102309",10.46465,10.6026,10.62391,10.38854,10.54595,10.74142,10.38288,10.3761,10.3785,10.25499,10.01982,10.01231,10.62821,10.60502,11.03519,10.92549,10.83781,10.81243,10.83851,10.95864,10.21692
"ENSG00000102543",10.27204,10.12825,10.88763,10.06132,10.21034,9.35675,10.05881,10.16997,9.690478,10.34162,9.543185,9.94014,9.665612,10.90714,10.10685,10.17261,10.53841,9.994267,9.660357,9.758275,9.230097
"ENSG00000102710",13.09396,13.00564,13.02099,12.83479,13.14988,13.31294,12.32861,12.56132,12.28328,12.94436,12.42594,12.24939,13.57663,13.69322,13.40269,13.85239,13.06671,13.57521,13.49255,13.53181,13.64574
"ENSG00000102738",10.77458,10.75123,11.19187,10.82405,11.26396,11.18068,10.89927,10.80139,11.01078,11.40515,10.64564,10.40023,10.48661,10.404,10.58943,10.79585,10.59842,10.54814,10.70674,10.87532,10.33416
"ENSG00000102760",11.91169,13.11076,8.934121,9.440244,9.974217,7.720755,10.81807,10.34005,10.26492,8.892596,10.20419,11.13431,10.46876,7.169051,9.913179,9.146818,10.5381,9.464355,7.865025,6.729576,7.381779
"ENSG00000102763",12.12532,11.65062,11.9336,12.0588,12.03491,12.46759,11.37323,11.30632,11.50011,12.32901,11.29422,10.74446,13.35378,13.144,12.06705,12.21246,12.90829,12.71321,13.13621,13.23834,13.63056
"ENSG00000102805",10.20604,9.684988,10.10745,10.3805,9.687522,10.10969,10.11073,10.00486,10.00876,10.26126,9.65041,10.04614,10.45421,10.17221,10.37889,10.59059,10.26151,10.09698,10.27017,10.2904,10.28486
"ENSG00000102837",13.4433,15.15881,11.87144,12.24397,12.86704,10.46337,11.37387,11.89512,11.43798,8.674314,11.33129,12.9852,11.18492,6.149879,12.32252,9.848443,10.66053,9.397749,7.398043,6.313448,5.737477
"ENSG00000102858",12.51853,12.58114,12.4665,12.56017,11.96131,12.20439,12.46673,12.43275,12.84849,12.59002,13.24118,12.92389,12.36915,12.48456,12.50779,12.40583,12.61407,12.63528,12.15207,12.4742,12.50483
"ENSG00000102879",14.13175,14.65144,14.17718,14.27579,14.35036,13.71492,12.05039,14.05866,14.63778,14.13216,14.81191,14.62186,14.66361,14.98736,14.94228,14.83852,14.75812,14.47762,14.91442,14.84844,14.96179
"ENSG00000102882",13.08392,13.15084,13.26089,13.20685,13.35522,13.04337,13.43879,13.7926,13.51528,13.34832,13.54285,13.48049,11.80319,12.98203,13.05858,12.97889,12.65487,12.52458,12.9701,12.96312,13.07255
"ENSG00000102886",11.1809,10.61072,12.59719,12.5391,11.74387,11.12456,13.26015,12.34342,11.98294,11.08251,12.10685,11.81288,9.872009,10.1339,10.96087,11.247,10.42172,10.33354,10.61528,11.00225,10.41364
"ENSG00000102893",10.11499,10.35751,9.787045,9.903402,10.10022,9.814045,10.10146,9.675634,10.00748,8.885164,9.595344,9.622829,10.92915,11.16831,10.67035,10.47539,11.17487,10.37587,11.11615,11.10909,10.94169
"ENSG00000102897",12.65791,12.31598,13.10375,12.4243,12.6119,12.65843,12.07599,12.11886,12.57147,12.69461,12.2883,12.17094,12.34098,12.44672,12.28225,12.57284,12.3717,11.86752,12.25302,12.22775,12.16755
"ENSG00000102908",11.21298,10.96894,11.88054,11.27086,11.80456,11.41377,11.46031,11.28729,11.16137,11.22188,10.93583,10.6573,11.96931,12.27968,11.95932,11.91028,11.95591,11.94831,11.83822,12.09709,12.03002
"ENSG00000102910",9.835357,9.961701,9.605901,10.1738,9.833213,10.0079,9.437352,9.76163,9.588114,9.726171,9.911573,9.739823,10.95441,10.96404,10.65308,10.82681,10.87295,10.89029,11.10627,10.99658,10.89729
"ENSG00000102921",12.95136,12.87654,13.54425,13.24667,13.39304,13.88499,13.95073,12.89324,13.55108,13.70679,13.7004,13.38085,13.11715,13.4064,13.58003,13.34148,13.42748,13.52631,13.74221,13.51884,14.08249
"ENSG00000103035",12.59256,13.05435,12.69639,12.45604,12.47281,12.62488,12.15648,12.57833,12.35785,12.86625,12.04706,12.04913,12.53655,12.48005,12.58816,12.57611,12.61077,12.41132,12.56689,12.51854,12.56993
"ENSG00000103091",13.09991,12.71173,13.20475,12.87367,12.90205,12.88448,12.67195,12.673,12.87774,13.03163,12.79474,12.22298,12.54791,12.87193,12.79058,13.00329,12.43979,12.38222,12.77681,12.76142,12.89296
"ENSG00000103187",11.85202,11.95857,12.44455,11.90941,12.23425,12.07864,13.243,12.60162,12.75829,12.27842,13.15603,12.94135,10.52733,11.10824,11.04246,10.58943,11.15313,11.18253,11.10771,11.09109,11.62688
"ENSG00000103194",11.40986,11.17654,9.883634,10.69945,10.01927,9.767703,10.22313,10.49444,10.77405,10.13405,10.58183,11.38455,10.54873,9.988089,9.554486,9.291799,9.788193,9.641609,9.684379,9.453172,10.13159
"ENSG00000103196",8.79038,8.297055,10.85839,10.69948,9.732769,8.417452,8.605759,9.397099,10.66166,10.43152,11.07652,9.63576,9.115584,11.14348,9.420305,8.95909,11.16497,10.92444,10.63436,10.80595,11.38113
"ENSG00000103202",10.8078,11.18366,10.39559,10.74233,10.83896,9.847875,12.1892,11.78177,11.24663,10.59381,11.8841,11.97476,9.156706,8.936514,9.352049,9.08524,9.490557,9.130135,9.103339,9.005247,9.043987
"ENSG00000103226",12.27162,12.55583,11.26123,11.65115,11.35799,11.64675,11.8101,11.57764,11.84311,11.59158,11.41096,11.35814,11.82398,11.7072,11.73351,11.82868,11.49686,11.6726,11.70945,11.31877,11.54619
"ENSG00000103275",11.03818,11.14269,10.95026,10.80877,11.1038,10.86394,11.26079,11.42922,11.35853,10.94724,11.53254,11.56768,11.2059,11.01567,11.42747,11.17706,11.51847,11.22217,11.16119,11.3377,11.77386
"ENSG00000103319",11.59257,11.40038,11.63718,11.73558,11.92877,12.08261,10.80969,11.73431,11.79496,11.63143,11.69347,12.18504,12.81278,13.40645,12.4184,12.70319,12.73889,12.48633,12.77777,12.97365,13.49164
"ENSG00000103381",11.13066,11.28733,11.39498,11.08038,10.85709,10.40666,12.01356,11.73257,12.06452,11.3446,12.02281,11.35313,12.06152,11.77139,11.60885,11.55455,11.93228,11.81436,11.73488,11.73668,11.73626
"ENSG00000103429",10.78163,10.15528,10.40695,10.68457,10.2396,10.32096,10.41765,10.10449,10.50035,10.49466,10.72688,10.73086,10.32585,9.885617,10.10207,9.721887,9.876728,9.960478,9.885692,9.885707,10.27647
"ENSG00000103479",11.04904,10.74171,11.37916,11.05745,10.88267,10.72323,10.46174,10.9948,10.01845,10.99833,9.884431,10.27071,12.06584,12.0244,12.13288,12.09262,11.72487,11.83682,12.17803,11.89368,12.11661
"ENSG00000103490",11.17321,11.38666,11.00768,10.7468,10.60346,10.42521,11.43524,11.06572,11.44931,10.77902,11.20472,11.41806,8.757991,8.419089,8.919409,9.002302,8.911787,8.19886,8.74638,8.757991,8.455136
"ENSG00000103502",11.23969,11.70104,11.60665,11.43868,11.76703,11.25494,11.01606,11.41108,11.89736,11.37133,12.3282,12.55758,11.18321,11.1214,11.47874,11.3889,11.20317,11.00438,11.40345,11.18837,11.40922
"ENSG00000103512",13.39145,13.6936,12.10819,12.71593,12.58699,12.36517,12.39639,12.68827,12.64644,12.70169,12.47079,12.70769,13.69019,13.39509,13.21768,13.3383,13.28811,13.23003,13.18537,12.83028,12.82767
"ENSG00000103769",13.7615,13.58802,13.77352,13.4949,14.08473,14.11389,13.41551,13.93784,14.13865,14.1276,13.81219,13.94804,13.39066,13.73253,13.58483,13.46311,13.59529,13.52752,13.53943,13.42826,13.81828
"ENSG00000103978",10.61075,11.00396,9.863592,10.31792,10.25219,10.06123,10.1167,9.784433,10.23118,10.43505,9.892824,10.52541,11.46671,11.31419,10.8782,10.87792,11.1931,10.95012,10.91134,10.64167,11.09633
"ENSG00000103994",12.02444,12.14166,12.62149,12.45097,12.56152,12.56934,12.56113,12.35732,12.49795,12.88048,12.11161,11.52884,12.63158,12.86135,13.11028,13.04026,13.13951,13.12644,13.21162,13.01765,13.26262
"ENSG00000104043",12.2812,12.53612,12.1704,11.73442,11.99882,12.02835,11.99471,12.21664,11.35218,11.56595,11.46103,11.33883,13.40211,13.52441,12.91638,12.79754,13.07407,13.07186,13.1958,13.03426,13.72296
"ENSG00000104064",11.02646,10.81367,10.88939,10.5014,10.70349,10.54095,9.777965,10.71556,10.45784,10.60647,10.44651,10.14668,10.95671,11.24429,11.35767,11.47367,11.61845,11.29197,11.36398,11.46305,11.50671
"ENSG00000104205",10.93912,11.09598,11.16638,10.83145,11.35174,10.9906,10.3143,10.57528,10.51832,10.85526,10.48795,10.70611,11.93594,12.14003,11.81592,11.74592,12.09054,11.90377,11.79657,11.53299,11.98671
"ENSG00000104312",11.56942,11.4204,13.00369,12.65969,12.44904,12.53123,11.36092,12.15556,11.79083,12.97392,11.89805,12.2558,11.33211,13.75996,13.07059,12.46554,12.50381,12.25815,11.61881,11.31052,11.309
"ENSG00000104325",13.44316,12.74296,13.0025,13.18398,12.87313,12.95768,14.22695,13.63215,13.34035,13.02923,12.84085,13.16935,13.50253,13.3215,12.7216,12.92948,12.78944,13.15121,13.42237,13.48629,13.77181
"ENSG00000104365",10.33048,10.56256,10.4943,10.64625,10.64567,10.50439,10.3104,10.80446,11.18752,10.85933,11.18527,11.45877,10.75608,10.98671,10.50989,10.84389,10.415,10.2842,10.695,10.59319,10.53358
"ENSG00000104388",14.14977,14.06025,14.26892,14.17615,14.06667,14.37714,14.48663,14.0608,13.92214,14.42869,14.00532,13.87872,14.72776,15.0033,15.16707,15.1449,14.97198,14.93197,15.07134,15.05684,14.88615
"ENSG00000104408",12.11513,12.43521,11.35725,11.59126,11.62372,10.75501,10.74347,10.76112,10.16313,11.24334,10.56928,10.54644,12.1281,10.73071,11.54977,11.57535,11.82161,11.51042,11.42362,10.98249,11.43027
"ENSG00000104412",11.80453,10.96953,11.9048,11.851,11.64251,12.16055,11.85452,11.77883,11.52929,12.01136,11.82294,11.33563,12.08533,11.79521,12.02444,12.06082,11.97272,12.05786,12.58649,12.47259,12.30815
"ENSG00000104427",13.84113,13.3389,13.24531,12.89104,10.8124,10.55238,13.54937,13.47585,12.80282,13.35252,13.49544,10.14657,12.35538,13.75129,13.63485,13.66489,14.01885,14.01167,13.65143,13.59225,13.07651
"ENSG00000104497",10.07112,9.361176,10.67668,9.798207,10.46336,9.988043,9.378182,10.05255,9.261186,10.26867,9.2391,9.607447,10.69719,11.71154,10.8955,10.81219,11.08479,11.02105,10.68657,11.14936,10.83502
"ENSG00000104626",10.77734,10.49611,10.88386,10.38962,9.898897,10.58161,10.93878,10.52423,8.876348,10.60041,9.933182,9.727494,12.09594,12.09268,12.02755,11.77697,11.32386,11.24489,10.65599,10.737,11.53745
"ENSG00000104660",14.09042,13.96423,14.13157,13.69265,14.51163,14.53218,14.21387,14.25884,13.98903,14.68943,13.86845,13.83505,13.84524,14.76193,13.79691,13.80013,14.24072,13.93115,14.04972,14.17888,13.99686
"ENSG00000104671",9.646442,10.0256,10.16528,10.16017,10.19095,10.15622,10.65041,10.28778,10.37853,10.1557,10.33719,10.18309,9.35749,10.6767,9.959599,9.94413,10.81207,9.891443,9.733759,9.56189,9.746407
"ENSG00000104687",12.44455,12.12543,12.98219,12.86615,12.83584,12.82758,13.14751,13.01968,13.01351,12.63013,13.35173,12.97938,13.02779,13.14326,13.17387,13.07144,13.04048,12.97241,13.4032,13.36969,13.31187
"ENSG00000104695",10.69399,10.27984,10.84474,10.25911,10.77338,10.55696,10.22771,10.26524,9.507441,10.29484,10.06788,9.814899,10.29657,10.22426,10.33077,10.55185,10.23446,10.16611,10.59824,10.51146,10.52682
"ENSG00000104714",13.56591,12.68307,12.88531,12.74956,14.26439,14.01737,14.91997,14.51516,13.02299,12.88203,12.89493,14.22465,13.8426,13.61174,14.36199,14.16821,14.25097,14.18795,13.84631,13.87121,13.97775
"ENSG00000104765",15.30477,15.06814,15.3915,15.22482,15.39151,15.1562,15.29988,15.32408,15.44176,15.40459,15.17922,15.31803,14.82217,14.9302,15.09291,15.23352,15.13395,14.89128,14.86181,14.79641,15.10783
"ENSG00000104823",11.76041,11.78037,11.72131,11.43158,11.87378,11.8662,11.92217,11.5708,11.80513,11.97241,11.4723,11.59727,11.43566,11.22236,11.38249,11.74262,11.48982,11.15755,11.50316,11.49799,11.93602
"ENSG00000104824",14.0084,14.15893,13.76601,13.84908,14.08724,13.71755,14.09912,14.21503,14.1692,13.94642,13.96348,14.18241,13.48984,13.48338,13.36915,13.56918,13.41769,13.43666,13.59291,13.33371,13.13976
"ENSG00000104872",10.40287,10.52419,10.60813,10.44569,11.21881,10.58158,11.18219,10.32149,10.61237,10.84533,10.35439,10.41942,9.337589,9.243057,9.61376,9.967448,9.150317,8.536911,9.050794,8.601573,9.285627
"ENSG00000104894",15.12383,15.06129,15.51,15.6414,15.49361,15.40353,15.08453,15.12243,15.41638,15.43593,15.30692,15.3434,14.62451,14.57293,14.77645,14.53615,14.72289,14.66455,14.7581,14.70433,15.29356
"ENSG00000104904",15.52438,15.82361,15.38479,15.20658,15.63246,15.35925,15.53985,15.3919,15.19833,15.25968,15.39681,15.12601,14.36016,14.02524,15.05594,15.08874,14.70762,13.72952,14.4313,14.54169,14.3699
"ENSG00000104915",10.96338,10.91955,10.43836,10.04652,10.70272,10.20797,11.0979,10.48863,11.39273,10.95028,10.82628,10.9654,10.01597,9.65409,9.639026,9.736279,9.393115,8.856279,9.544973,9.221796,9.395058
"ENSG00000104918",15.0545,16.25975,14.17223,14.29516,15.33871,11.63359,14.90863,14.96208,15.27094,11.08337,15.10622,15.3145,10.34097,6.941309,12.51073,8.901612,14.3489,12.4388,8.796281,6.892389,7.011315
"ENSG00000105053",14.90096,14.82674,15.0963,15.182,14.96134,14.95468,15.48432,15.22843,15.37923,15.20928,15.31786,15.54498,14.7989,14.7688,14.73787,14.77068,14.71599,14.74628,14.61109,14.63753,14.68463
"ENSG00000105063",10.63291,11.06563,10.66354,10.88612,11.22871,10.86035,10.17098,10.70909,10.85535,10.57923,11.22254,11.36681,11.32109,11.54512,11.80532,11.68117,11.25814,11.40549,11.35351,11.12567,11.42804
"ENSG00000105122",11.51785,10.9695,11.66411,11.74307,11.7283,11.45777,11.42207,11.82449,11.73416,11.51671,11.84868,11.90661,10.59519,10.71649,10.56083,10.64816,10.50086,10.30939,10.84914,10.7072,10.5017
"ENSG00000105185",11.6588,11.71505,10.6827,11.27073,11.25169,11.74299,10.76314,11.00749,11.59662,11.38805,11.41092,11.34143,11.24895,10.04159,10.60486,10.62451,10.67822,10.71454,10.18976,10.37015,10.92671
"ENSG00000105193",16.60298,16.64929,16.11851,16.62388,16.46799,16.41656,16.66683,16.60766,16.59479,16.30114,16.51444,16.62905,16.17801,15.62235,15.79744,15.65201,15.96882,15.7627,15.83666,15.57443,15.63233
"ENSG00000105202",10.57134,11.37151,8.726285,10.46756,8.652125,8.013763,10.24032,10.52973,9.957634,8.931108,11.16765,11.0778,9.808399,8.071757,9.38161,8.90624,9.138104,7.992026,8.562078,7.994564,7.721945
"ENSG00000105205",17.796,17.79682,17.99432,17.91374,17.81364,17.75386,17.78613,17.7562,17.92655,17.9185,17.75677,17.79745,18.50793,18.48681,18.40092,18.4141,18.48557,18.4822,18.52893,18.50743,18.44985
"ENSG00000105223",13.24476,12.67673,14.09883,13.7428,14.10466,13.84058,12.63236,13.60867,14.38399,14.03421,13.42138,13.59807,13.10312,13.48149,13.08509,12.93794,13.57045,13.4158,13.18417,13.01607,13.3679
"ENSG00000105254",12.80205,12.6806,12.46864,12.33825,12.35094,12.27444,12.77647,12.60728,12.73555,12.742,12.66009,13.06009,11.77951,11.67898,11.94062,12.23985,11.89088,11.66166,11.82307,11.64174,11.38536
"ENSG00000105323",9.703386,10.18209,10.03044,10.25881,10.0233,9.757668,9.013466,9.844142,9.699754,9.839789,9.811584,9.75985,11.30876,11.76507,11.42665,11.25139,11.02807,10.95076,11.26277,11.50311,11.47432
"ENSG00000105329",9.787992,9.443818,9.817264,10.14458,10.5126,10.0296,10.4498,10.49791,10.83546,9.107848,11.43703,10.48687,9.27922,10.10089,9.446758,8.999665,9.308331,8.70964,9.230893,9.327149,9.395762
"ENSG00000105339",12.51678,12.72082,13.28522,13.08537,13.21078,12.79883,12.76935,12.43644,12.64148,12.9061,12.69474,12.76498,13.6817,14.38528,13.89274,13.78281,14.14447,13.61957,13.80411,13.88699,13.86909
"ENSG00000105372",13.42098,13.55668,12.10247,13.36468,12.40085,11.60246,12.99076,13.29388,12.698,12.12097,12.9637,13.00176,11.99666,11.06168,11.676,10.94848,12.21161,11.21231,10.90349,10.46768,10.87605
"ENSG00000105373",11.40305,11.12179,11.15306,12.1302,12.21765,11.31823,11.75592,11.97988,11.49323,10.78683,11.6943,12.25613,11.24281,11.27258,11.56436,11.56154,11.91501,11.46523,11.14632,11.22714,11.6937
"ENSG00000105374",15.31981,15.9675,12.81468,13.32322,14.13395,11.7402,14.76605,14.35536,14.40256,12.60267,14.87272,15.42165,13.48348,9.834642,12.91762,10.93861,13.62353,12.62762,10.89638,9.321062,12.04693
"ENSG00000105379",12.31634,12.42091,11.98872,11.72404,11.96265,11.59822,12.64943,12.14972,11.32679,11.85338,11.80429,11.74491,11.11985,10.98691,11.37528,11.90859,11.40804,10.98397,11.2564,10.86662,11.26982
"ENSG00000105388",11.01795,11.8251,10.10168,9.967072,10.72313,7.407272,11.14074,10.53118,10.679,8.910781,10.68883,10.56732,8.612388,7.353739,8.949129,7.80561,9.902364,8.44771,7.53474,6.808661,6.402955
"ENSG00000105393",10.22427,10.33797,10.10592,9.744482,10.20052,9.307708,10.08799,10.14732,10.32256,10.13565,10.37068,10.49206,9.802718,9.734326,9.820831,9.521755,9.762161,9.587093,9.283813,9.466381,9.603244
"ENSG00000105397",12.33346,12.83327,12.64437,12.73223,12.75329,12.05956,12.38838,12.41964,12.80007,12.58039,13.04333,13.0452,12.68222,12.89002,12.77686,12.82092,12.83888,12.67444,12.89507,12.64933,12.5362
"ENSG00000105401",12.28933,12.32079,11.72452,11.85868,12.05286,10.30192,10.41282,11.45244,12.18607,11.5467,11.93127,12.23736,11.91709,11.74498,12.02569,12.19062,11.96672,11.61102,12.0334,11.75357,11.11917
"ENSG00000105402",11.00951,11.48244,11.54988,11.85406,12.05785,11.8998,10.58919,11.00393,11.3714,11.4112,11.57175,11.52883,10.67198,11.205,11.12745,10.9723,11.78938,11.21495,10.52984,10.6188,10.81042
"ENSG00000105443",11.89895,11.75527,11.57823,11.93212,11.71421,11.37268,11.15192,11.28942,11.66211,11.98365,11.88999,12.11094,11.48047,11.78499,11.82277,11.57714,11.12047,11.37223,11.36176,11.26376,11.84146
"ENSG00000105483",10.70695,10.21021,11.37316,11.43954,11.49003,11.49757,11.08267,11.29453,10.94167,11.27451,10.65302,10.57618,10.77717,11.19701,11.17928,11.25118,10.90911,11.07673,11.21562,11.40337,11.25653
"ENSG00000105514",11.18113,11.20922,11.27493,11.37699,11.19811,11.24654,11.55887,11.13799,11.48629,10.70145,11.96561,11.70011,10.71601,11.40719,11.01688,10.82538,10.54521,10.00198,10.82971,10.68675,11.03658
"ENSG00000105518",10.85803,11.36539,9.231644,9.171916,10.4459,9.882102,10.56087,9.591036,10.03667,9.652266,10.26561,11.20765,9.015561,8.298412,8.260246,8.599856,8.995282,7.872612,8.466108,7.36335,7.542089
"ENSG00000105576",10.447,10.92261,10.57129,11.38896,10.65571,9.900149,10.12776,11.08939,11.21651,9.829664,11.32439,11.38678,11.34686,11.02867,11.60877,11.23693,11.46982,11.20195,11.17178,11.03378,11.63533
"ENSG00000105583",11.95423,11.74448,11.4806,11.36041,11.45992,11.64265,12.01338,11.63148,11.91191,11.64154,11.87608,11.67465,11.96702,11.51266,11.97659,11.82145,11.77784,11.80955,11.8541,11.6311,11.85604
"ENSG00000105618",11.97545,12.23632,11.54644,11.80629,11.71446,11.62304,11.76007,12.14949,12.24326,12.25205,12.36258,12.2023,11.3678,11.16711,11.09818,11.36546,10.99152,10.9598,11.28024,10.85768,11.2628
"ENSG00000105640",15.62064,15.6612,15.00322,15.74493,14.98207,14.85635,15.2068,15.43155,15.34224,14.84985,15.6322,15.4824,14.4498,13.69423,14.20793,13.85017,14.30403,13.61285,13.74627,13.45799,13.79654
"ENSG00000105669",13.20272,13.35179,13.18906,12.91566,13.19625,13.14801,13.22876,13.28587,13.03281,13.02782,13.44756,13.02147,11.97287,12.09859,12.74211,12.88132,12.38444,11.2934,11.83663,11.81434,11.4571
"ENSG00000105677",11.07167,11.64812,10.13962,9.905838,10.5331,9.807036,10.61609,10.76867,10.66929,10.92086,10.18737,10.65705,9.772386,9.517718,9.076561,8.84901,9.549147,9.385981,9.106954,8.897738,8.8289
"ENSG00000105698",13.11933,13.16358,13.19365,13.20322,13.19295,13.08791,12.65065,13.24597,13.63622,13.50258,13.76803,13.65353,13.11664,13.08348,13.19243,13.27549,12.89542,12.75594,13.18764,13.33323,12.98039
"ENSG00000105700",12.53458,12.32969,12.45617,12.49901,12.4392,12.72299,13.20044,12.49255,12.9811,12.55164,12.89544,12.89635,11.14845,11.07684,11.19751,11.09597,11.15054,11.15781,11.28671,10.62201,10.64796
"ENSG00000105701",10.69732,10.31676,10.50698,10.52909,10.7359,10.73098,10.21016,10.23309,10.23142,11.05335,10.33449,10.29391,9.935682,10.16519,10.02375,10.10289,10.15115,9.921597,9.663877,9.987248,10.03355
"ENSG00000105705",12.28723,12.14897,12.32342,12.52954,12.38485,12.19596,12.38993,12.36504,12.69147,12.28302,12.35901,12.58058,12.28615,12.47353,12.39978,12.25452,12.35911,12.43061,12.44976,12.29333,12.49578
"ENSG00000105723",11.57114,12.03224,11.64599,11.96038,11.75318,11.49094,12.04182,11.67798,12.20845,11.28753,12.12036,12.26744,10.47422,10.75764,10.44587,10.36384,10.24172,9.861672,10.29029,10.12662,10.27839
"ENSG00000105738",10.13036,10.00956,10.35275,10.88994,9.912164,10.16936,9.997119,9.621508,10.11873,10.49335,10.70656,10.36687,10.02849,10.76142,10.2016,10.36492,10.43947,9.87595,9.967441,9.872086,10.31476
"ENSG00000105829",11.30691,11.18242,11.29403,11.17661,10.99462,10.88735,10.75726,10.76365,11.57412,10.73402,11.5038,10.68363,11.13955,10.34967,11.28684,11.02328,10.8194,11.21821,11.47824,11.49634,10.72075
"ENSG00000105835",10.88532,11.22767,11.08387,11.05418,11.51419,10.74677,10.19046,11.08138,11.58567,11.5784,10.93817,10.55222,9.708882,12.72921,11.49857,10.84069,13.07045,12.04302,10.24027,10.47137,9.64747
"ENSG00000105851",13.02082,13.1423,13.29645,12.74385,13.15362,13.10803,12.4776,12.67271,12.54959,13.20242,12.1112,12.11353,12.78226,12.94741,12.93947,12.91581,13.11622,12.86174,12.99385,12.90881,13.0958
"ENSG00000105855",15.60516,15.24394,15.62282,15.76999,15.70626,15.69768,15.19638,15.6086,15.36259,15.66558,15.20846,15.54946,15.87251,16.25529,15.84582,16.10861,16.42119,16.4198,15.99361,15.79132,16.1645
"ENSG00000105856",12.25943,11.87888,12.6458,12.35949,13.08543,12.86096,12.28485,12.53443,12.58692,12.94692,12.07743,12.42796,12.24915,13.29186,13.27624,13.06602,13.3471,12.99543,13.22961,13.19616,13.44719
"ENSG00000105866",10.72307,9.964478,10.57452,10.58475,10.47365,10.62094,11.56346,10.59634,11.22839,10.55047,11.12588,11.13402,10.13069,11.1442,10.21869,10.32433,10.74538,10.46403,9.885107,9.930735,10.46891
"ENSG00000105879",12.53449,12.10851,12.46527,12.41181,12.35149,12.67424,12.95761,12.53658,12.78575,12.53831,12.55632,12.51534,11.83507,11.86668,11.91314,12.12278,11.71104,11.84838,11.97037,11.81579,12.23785
"ENSG00000105939",12.26187,12.17379,12.38481,12.48777,12.25436,12.27276,11.91687,12.11551,11.79455,12.53963,11.72287,11.79895,12.09118,12.55378,12.8598,12.43847,12.45411,12.54874,12.58808,12.61158,12.79725
"ENSG00000105968",14.37509,14.95612,13.90986,13.75798,14.134,14.18093,13.92754,14.08453,13.64964,13.79538,13.91657,14.19878,13.40606,13.2056,13.35062,13.41684,13.5781,13.32766,13.55929,13.42254,12.57195
"ENSG00000105983",10.70114,10.73876,11.0027,10.66455,11.19133,11.18439,11.00524,11.14219,11.54348,10.75475,11.28541,11.23571,10.9759,10.95555,10.9725,11.07834,11.27023,11.13246,11.17534,11.11497,10.88659
"ENSG00000106028",13.17042,13.3184,12.97597,12.93078,13.09883,12.53446,12.88882,13.0644,12.96527,13.05669,12.7874,12.66439,12.68148,12.1453,12.49764,12.56468,12.58678,12.43397,12.36813,12.21444,11.75311
"ENSG00000106144",12.36649,12.81346,13.24067,12.99016,12.95482,13.21032,10.79158,12.83105,12.61314,12.70035,12.60024,12.80421,13.25106,13.27181,13.52639,13.52456,13.306,13.22476,13.7374,13.67356,14.04437
"ENSG00000106153",15.05721,15.07225,14.77633,14.67061,14.8226,14.88123,14.57207,14.78037,14.48658,14.8977,14.59684,14.23119,13.93844,13.39051,13.73059,13.92779,13.81582,13.57467,13.684,13.51022,13.21469
"ENSG00000106245",10.77085,10.57434,10.55787,10.26478,10.44498,10.43777,10.70021,10.87264,10.40976,10.90111,10.72905,10.88787,10.58867,10.12452,10.68615,10.97649,10.53495,10.35352,10.21709,10.31311,10.08584
"ENSG00000106261",11.16194,10.87916,10.88307,11.14014,10.30397,10.58233,11.05858,10.50081,10.52158,10.56756,10.36245,10.38468,11.76693,11.2382,11.77018,11.62743,11.40412,10.94229,11.36057,11.14946,11.34249
"ENSG00000106299",11.1822,11.02624,10.97969,10.93017,10.97562,11.22471,11.4383,11.23581,11.20877,11.29358,11.15062,10.89144,10.3916,10.909,10.69386,10.45627,10.86268,10.59072,10.41168,10.57211,10.57211
"ENSG00000106346",10.94771,10.43722,11.42999,11.18369,11.02439,10.77417,10.50212,10.70104,10.75281,11.06018,10.59579,10.25292,10.8247,11.63792,11.04789,11.13275,11.23282,11.33485,11.05338,11.08562,11.17311
"ENSG00000106392",9.982507,9.354315,10.05464,10.08849,9.57019,9.673738,9.056177,9.138726,8.745262,10.14155,8.454152,7.622557,10.95094,10.88187,10.67845,10.93775,10.71752,10.99121,11.10519,11.28557,10.96732
"ENSG00000106399",11.04444,11.88551,10.1879,10.43887,10.51869,10.24322,10.93457,10.42647,10.92485,10.27583,10.52345,11.50125,10.08221,8.882376,9.29657,9.328152,9.228191,9.257872,9.035192,8.912713,8.513523
"ENSG00000106400",12.87272,12.97191,12.52401,12.51445,12.77646,12.31659,12.82211,12.95474,13.01292,12.92693,13.10367,13.01778,11.96712,11.70052,11.95245,11.99238,11.6286,11.31353,11.7838,11.89401,11.50473
"ENSG00000106524",10.80241,10.20298,10.87097,10.79703,10.78103,10.78827,10.56188,11.20827,11.15579,11.14843,10.97152,11.40833,10.54534,11.17041,10.80202,10.95368,11.17496,10.46031,10.58628,10.40968,10.74392
"ENSG00000106554",10.58293,9.943827,10.63325,9.880332,10.42364,10.05361,10.89054,10.29014,10.74048,10.27245,10.05583,10.38673,9.468087,9.369038,9.576528,9.683252,9.978883,9.371255,9.312498,9.063107,9.877263
"ENSG00000106588",14.8142,14.78898,14.58026,14.4522,14.74951,14.65273,14.39526,14.34365,14.38727,14.67335,14.27694,14.40337,14.38521,13.93918,14.06091,14.43791,14.0107,14.10311,14.20003,14.21656,14.24608
"ENSG00000106591",11.77743,11.90733,10.80579,10.82135,10.70312,10.67676,10.44651,10.73523,10.76605,11.15211,10.25285,10.28066,11.23287,10.14237,10.77565,11.00402,10.44248,10.56605,10.97139,10.94668,10.76126
"ENSG00000106609",11.10263,11.00364,11.47887,11.07481,11.18128,11.13009,11.76557,11.47209,12.03916,11.26197,11.80982,12.15288,10.64345,10.98703,10.86382,10.95525,10.96189,10.97633,10.86818,10.57337,10.69265
"ENSG00000106615",10.29095,10.82982,10.43269,10.09737,10.55441,10.453,9.949737,10.32971,9.727985,10.27889,9.694079,10.09683,10.20568,9.698019,10.15183,10.27814,10.20842,9.853117,10.16518,9.873749,9.36937
"ENSG00000106617",10.76049,10.4028,10.83973,10.53228,10.9638,10.69906,10.27732,10.66669,10.71932,11.12805,10.10181,10.95327,9.734707,10.56421,10.54598,10.12884,10.25687,10.69461,10.6673,10.24919,10.6073
"ENSG00000106723",11.1354,11.20162,10.98267,10.78005,11.37726,10.84083,10.18441,10.43328,10.24328,11.08396,9.332562,9.74528,11.43984,11.18229,10.97445,11.20569,11.17513,11.0757,10.59058,10.79526,11.0484
"ENSG00000106733",10.21074,9.63814,10.75076,10.48617,11.15204,10.9238,10.60255,10.64972,9.64253,10.14299,10.64317,10.6917,8.945836,8.930648,9.541006,9.823971,8.873023,9.002303,10.57698,10.33979,10.61246
"ENSG00000106771",10.71224,10.23689,10.21426,10.20899,10.15555,10.07161,9.565729,9.948304,9.932631,10.1706,10.29105,10.4202,10.49742,10.38042,10.51587,10.63448,9.971897,9.801251,10.31223,10.28431,10.48967
"ENSG00000106780",10.29108,11.20046,9.976232,10.04711,10.08345,9.6374,11.22478,11.10076,10.807,9.961549,10.04844,10.0244,10.06053,10.3288,10.4671,10.1631,10.89135,10.53742,10.60701,9.523347,9.195663
"ENSG00000106799",10.98998,10.88951,12.07681,11.64418,11.6656,11.7288,11.08939,11.60592,11.64405,11.6773,11.23491,11.0768,12.94656,12.83357,13.00969,12.95802,13.08243,12.99457,13.30164,13.21484,13.06506
"ENSG00000106803",14.99107,14.87906,14.96739,14.52305,14.92357,15.20734,15.0269,14.959,14.99474,15.19479,14.99834,14.75396,13.95072,13.48638,13.8197,13.65066,13.48383,13.2773,13.26783,13.17784,12.90682
"ENSG00000106829",12.41223,12.53521,12.88955,12.4027,12.77838,12.63112,12.6794,12.62708,12.52814,12.70907,13.26081,12.51132,13.57067,13.58072,13.3455,13.59817,13.41818,13.41817,13.45302,13.66355,13.45769
"ENSG00000106868",14.5193,14.15865,14.88247,14.66953,14.76639,14.85097,14.6504,14.66664,14.39479,14.65146,14.10128,14.35444,15.14669,15.36282,15.24524,15.31341,14.82335,14.97196,15.12132,15.15148,15.44507
"ENSG00000106948",11.43736,11.57933,11.79872,11.93588,11.8488,11.44395,11.51136,11.59507,12.14722,11.67009,12.34875,12.2589,11.96939,12.75051,12.4213,12.56414,12.4186,12.28155,12.25004,12.51646,12.34603
"ENSG00000107020",10.52969,9.523775,10.57182,10.12131,9.941795,9.976872,9.882383,9.615208,10.10725,10.71197,9.986725,9.991228,9.958015,9.776278,9.756634,10.13808,9.599295,9.773227,10.05578,10.46963,9.739949
"ENSG00000107021",11.66826,11.91958,11.31767,11.4909,10.94508,10.57349,11.15846,11.71891,11.75617,11.11109,11.19263,11.92469,11.45492,11.87018,11.43832,11.40363,10.8982,10.69932,11.28717,10.78476,10.58246
"ENSG00000107036",10.31972,10.10365,10.74454,10.5509,10.42945,10.64264,9.803382,10.24327,10.32329,10.69321,10.37391,9.810225,11.36141,11.58033,11.51517,11.50454,11.87218,11.98556,11.62042,11.62852,11.48704
"ENSG00000107099",13.2746,13.04773,13.26604,13.15314,13.57022,13.35273,13.57443,13.28501,13.11087,13.39738,13.19762,13.07338,14.32126,14.49485,14.07992,14.04993,14.08953,13.90381,14.15832,14.26558,14.38232
"ENSG00000107140",12.69165,12.67138,12.91572,12.93958,12.43705,12.56945,12.15651,12.44492,13.26191,12.93773,13.83209,13.60383,12.72101,12.81926,12.57831,12.44346,12.48822,12.55455,12.74791,12.58398,12.83536
"ENSG00000107223",11.71633,11.52727,11.49941,11.32184,11.16562,11.14786,11.80357,11.48598,11.51994,11.51492,11.55522,11.53995,10.49407,10.39024,10.30262,10.56465,10.45243,10.13207,10.50058,10.2075,10.31878
"ENSG00000107242",10.17163,10.0745,10.47149,10.45055,10.67451,10.56768,10.5219,10.79771,10.83379,10.63757,10.51899,10.52569,11.37948,11.11202,11.36912,11.36758,11.26095,11.27321,11.63871,11.57087,11.52168
"ENSG00000107262",11.51745,11.90239,11.93849,11.44214,11.64312,11.19589,12.38398,12.0191,11.60147,11.72538,11.72886,12.15144,11.16368,11.50922,11.46014,11.57335,11.57939,11.45849,11.62187,11.56009,10.87662
"ENSG00000107290",11.95878,11.84006,12.17873,12.284,12.34656,12.03803,11.74925,11.62681,11.61385,12.26211,11.42144,11.35081,11.88908,12.20071,12.19298,12.28039,11.91912,12.04392,12.2468,11.99829,12.23229
"ENSG00000107341",10.64566,10.58464,11.29444,10.88679,11.42584,11.25532,11.85688,11.72027,11.48236,11.07481,11.91512,11.96635,10.30141,10.82388,11.09721,10.86993,10.70061,10.85657,11.06026,11.11564,10.84955
"ENSG00000107372",15.6398,15.09311,16.18603,15.77295,15.30744,15.80296,15.64888,15.76367,15.64852,15.93937,15.59611,15.32667,14.93939,15.10872,15.69261,15.54952,15.29448,15.40255,15.30772,15.30225,15.16266
"ENSG00000107521",10.27003,10.56194,10.57098,10.3948,11.05723,9.873572,9.490058,10.37486,11.09686,10.10746,10.48178,11.01757,9.925994,10.04018,10.35588,9.860542,10.26669,9.405883,9.698709,9.826557,9.442741
"ENSG00000107566",12.81948,13.29208,10.6795,11.45231,11.12994,10.5001,12.34322,11.53618,11.55751,10.81011,11.67129,12.373,12.41453,10.12552,11.1186,10.38025,11.49761,11.33209,10.65131,10.0425,9.686699
"ENSG00000107581",10.16435,10.23052,10.07188,9.53084,10.23365,9.897518,10.3095,9.617452,9.397038,10.04467,8.760464,8.570984,10.1398,10.05225,10.42138,10.0705,10.09192,9.839237,10.0406,10.04389,9.93844
"ENSG00000107643",12.85781,12.43538,12.66792,12.33023,12.87843,13.11513,12.45804,12.79394,12.75988,12.91935,12.86378,12.67811,12.91975,13.55071,12.64163,12.67156,13.22677,13.192,12.86012,13.11228,13.31534
"ENSG00000107669",10.68442,10.58382,10.95644,10.58383,10.86174,10.46926,10.7676,10.83974,10.60304,10.50735,10.35485,10.44398,11.48002,11.47684,11.83105,11.55322,11.63775,11.28033,11.33047,11.14831,11.21049
"ENSG00000107745",10.70697,10.84788,10.58329,10.37895,10.47104,10.75915,10.53343,10.45457,9.990717,10.26178,9.840612,10.32011,11.01551,10.90034,10.82391,10.78706,10.76627,10.45324,11.02962,10.94675,11.29751
"ENSG00000107771",11.98876,11.3955,11.75661,11.51103,12.05519,12.20045,11.77843,11.49608,10.92969,11.3554,11.57503,11.37953,11.40643,11.66539,11.58578,11.43132,12.06666,11.7957,11.02281,11.6003,11.52494
"ENSG00000107854",10.50166,10.40758,10.8568,10.53738,10.78469,10.75888,10.51888,10.4536,10.36527,10.80916,10.05506,10.48321,10.81381,11.32093,11.26051,11.27664,11.17464,11.12772,11.5164,11.37041,10.98666
"ENSG00000107862",12.6887,12.75066,12.64037,12.7724,12.93698,12.60467,12.42318,12.47965,12.50644,12.8524,12.4608,12.41978,13.16652,13.27894,13.21042,13.14866,13.1472,13.07964,12.903,13.05789,13.19727
"ENSG00000107929",11.18293,11.22851,10.7243,10.34226,10.72552,10.34153,9.987497,10.297,10.62596,10.4594,10.17379,10.86884,10.36346,9.99155,10.4502,10.07066,10.18757,9.461386,9.818054,9.808638,9.736044
"ENSG00000107968",13.36797,13.83773,14.40586,14.52539,13.9872,14.05359,13.51295,14.45468,13.47,15.21532,12.55884,13.00229,12.38097,15.36123,15.1909,14.90218,14.58021,14.1232,13.81832,14.06077,12.86968
"ENSG00000108055",11.78292,12.1186,11.8216,11.68019,11.82331,11.40392,11.16515,11.01724,10.36315,11.4258,10.24487,9.879551,12.69238,12.6325,12.45997,12.49685,12.09905,12.17602,12.62318,12.54846,12.43055
"ENSG00000108061",14.52695,14.05573,14.65398,14.16422,14.30808,14.32681,13.52655,13.83703,13.73309,14.11549,13.58325,13.79574,14.8607,14.96016,14.76556,14.584,14.72549,14.91432,15.11376,14.95073,15.09539
"ENSG00000108064",12.28042,12.25677,10.95188,11.0463,11.54509,11.5002,12.06676,11.63089,11.64227,11.87596,11.66197,11.75447,9.929385,9.205707,9.440416,9.624004,9.431574,9.395304,9.246186,9.400504,9.300797
"ENSG00000108091",10.64821,10.99483,10.51312,10.94162,10.72714,10.55827,11.172,10.61768,10.84101,10.23035,11.03448,10.75861,9.699015,9.175316,10.1043,9.891815,9.906205,10.08274,9.470322,9.782785,10.16316
"ENSG00000108094",10.56943,9.778408,10.4333,10.58598,10.24036,10.24966,10.09282,10.2353,10.13937,10.12211,9.236009,9.863457,10.65773,10.9535,10.64621,10.6074,10.73754,10.8093,10.76452,10.61013,10.73147
"ENSG00000108107",14.23529,14.3504,13.43846,14.07553,13.86693,13.847,14.30663,14.65733,14.26299,13.78445,14.64749,14.30585,12.81473,12.02938,12.738,12.4105,12.56513,12.33172,12.02006,11.53001,12.63916
"ENSG00000108175",12.49687,12.66588,12.81153,12.79539,12.99235,12.93396,12.75289,12.67266,13.05197,13.08655,12.92369,13.35673,12.7655,12.84822,12.37537,12.69127,12.63385,12.55208,12.37807,12.32686,12.60146
"ENSG00000108219",10.05801,10.95223,9.928225,10.39843,9.790132,9.71127,9.373894,9.944945,10.515,9.251768,10.45143,10.64881,10.75727,10.25508,10.60849,10.3787,10.40401,10.07918,10.7518,10.40898,10.22319
"ENSG00000108256",10.24266,9.861567,10.40179,10.25356,10.1783,10.33226,10.01955,9.73931,9.811197,10.32742,9.610634,9.505732,11.09537,11.09636,11.16822,11.24343,11.03771,11.13971,11.15973,11.29948,11.16901
"ENSG00000108262",11.01807,11.38141,11.43111,11.01354,11.72613,11.18344,10.40249,10.79183,11.35631,11.16085,11.23391,10.97444,11.06166,11.29707,11.94958,11.58587,11.02522,10.60626,11.48922,11.63633,11.55181
"ENSG00000108298",13.40003,13.31592,12.86473,13.2559,12.91731,12.81442,12.80357,13.14285,12.84887,12.96835,12.85728,12.74103,12.94531,12.1411,12.68972,12.4777,12.61326,12.25012,12.26871,12.0067,11.83288
"ENSG00000108306",11.08491,10.90583,11.97983,11.80442,11.84373,11.23938,11.61982,11.53604,11.32189,11.43213,11.02738,11.72064,12.03219,12.41404,12.51373,12.35568,12.01617,12.18206,12.64994,12.70052,12.53811
"ENSG00000108312",11.54106,11.47029,11.67053,11.82157,11.60551,11.66947,11.55426,11.97325,11.84267,11.60981,11.67675,11.70544,12.12066,12.21818,12.22607,12.30603,12.0534,11.87043,12.13602,12.17601,12.3778
"ENSG00000108384",11.64043,11.65864,11.3086,10.79424,11.38427,11.4285,11.59585,11.17686,11.21606,11.5889,10.32911,10.92002,10.4873,10.64229,10.69337,10.83458,11.20537,10.96461,10.80092,10.65869,10.0466
"ENSG00000108509",11.1638,11.78681,11.38373,11.5278,11.42263,11.60805,11.31114,11.2808,11.94902,11.44749,11.68306,11.46811,10.67155,10.79081,10.54498,10.65003,10.47516,10.48355,10.48722,10.54582,10.74481
"ENSG00000108510",15.57214,15.43082,15.72381,15.59955,15.18329,15.3312,15.41526,15.2359,15.14019,15.72862,14.85145,15.03861,15.97934,16.00712,15.78342,15.97532,15.88699,15.92472,15.97008,16.08508,16.04033
"ENSG00000108518",16.42522,16.6445,16.57457,16.38457,16.54629,16.31124,16.95617,16.60145,16.58286,16.28777,16.71164,16.64929,15.74024,15.82629,15.72523,15.64871,15.87886,15.65127,15.77926,15.55708,15.6921
"ENSG00000108587",12.46027,12.14795,12.44658,12.09186,12.27942,12.79611,12.34995,12.15714,11.71579,12.81659,11.9265,11.46845,12.38726,12.4909,12.1012,12.30039,12.27895,12.54783,11.87564,12.04967,12.43849
"ENSG00000108590",12.36784,12.23112,12.12103,12.11836,12.07316,11.65267,12.75298,12.3085,12.91312,12.35648,12.69333,12.45657,11.80666,10.99402,11.18704,11.77027,10.78625,11.21242,11.33978,11.31909,11.17678
"ENSG00000108604",11.21174,11.57981,11.53604,11.29085,11.58266,11.64454,10.95768,11.61328,11.7822,11.68931,11.84176,11.88526,12.30541,12.1743,12.32094,12.51826,12.31213,11.98563,12.36028,12.17241,12.33004
"ENSG00000108622",10.52733,10.30113,10.66881,10.53151,10.93324,10.67244,10.56535,10.46767,10.54845,10.84211,11.1227,10.58535,10.33756,11.00128,10.00128,10.24712,11.1527,10.62785,10.26509,10.29697,10.50276
"ENSG00000108639",13.98169,14.0478,14.04692,13.77465,13.92346,13.85415,13.84099,14.12782,14.29099,13.66791,14.28279,14.54768,13.81887,12.9476,12.89055,12.98893,12.56612,12.20549,12.57176,12.53188,12.49268
"ENSG00000108669",13.18975,12.88392,13.30811,13.33243,13.56601,13.18417,12.85682,13.19807,12.92735,13.34796,12.93905,13.17159,13.44944,13.99902,13.76984,13.75077,13.80057,13.55311,13.89039,13.88261,14.09168
"ENSG00000108774",12.44799,12.52584,12.53165,12.67541,12.4402,12.5209,12.22452,12.71599,13.22561,12.70925,12.94519,12.87043,11.52496,11.42001,11.83688,11.75806,11.73872,11.47831,11.59494,11.34404,11.42692
"ENSG00000108799",11.81467,11.77272,12.40641,12.39917,12.01636,12.24303,12.93169,12.32074,12.05716,12.54494,12.38726,11.96484,12.59434,12.65733,12.66071,12.88603,12.91124,12.86199,13.05102,12.86026,13.11753
"ENSG00000108819",10.57669,10.59807,11.22427,11.15678,11.22936,10.52226,10.1207,10.6214,10.36672,10.90147,10.92424,10.50781,10.38215,11.0362,10.91502,10.90685,10.94787,10.23394,11.24667,10.9527,10.82252
"ENSG00000108826",11.24303,11.22568,10.9515,10.87571,10.27138,9.306243,11.33542,10.6939,10.71389,11.00094,10.2812,11.01782,10.43202,10.14944,10.21419,10.37718,10.40153,9.89583,10.31379,10.03141,8.983912
"ENSG00000108828",10.61983,10.66648,10.09577,10.00398,10.4888,9.587958,10.38782,10.65239,10.36576,9.139051,10.05992,10.80179,10.19538,10.29611,10.31918,10.04044,9.536838,9.702646,9.752356,9.419927,10.09062
"ENSG00000108848",14.51426,13.94399,14.01661,14.2415,14.22067,13.8461,14.80471,13.93704,13.79876,14.00317,13.70593,13.49285,14.109,13.87675,13.94412,14.01516,13.68239,13.67021,14.01666,13.9028,14.14294
"ENSG00000108883",10.66634,11.03455,10.36625,10.52577,10.32297,10.3283,10.20837,10.1657,10.13596,10.2288,10.11751,10.44308,11.24842,11.40053,11.02644,11.02181,11.21673,10.92355,11.10926,10.93429,11.04622
"ENSG00000108953",12.71795,12.56479,12.17813,12.36709,12.97606,11.97499,12.3256,12.2408,12.68617,12.52465,12.04716,12.26461,12.34952,12.30811,12.22705,12.34904,12.21841,12.2093,12.27955,12.06979,12.28958
"ENSG00000109046",13.82049,13.9526,14.41687,14.07337,13.84139,13.6145,12.04309,12.97737,12.09745,13.269,12.09019,12.02436,14.86157,14.70211,14.86414,14.97025,14.75086,14.78935,14.61587,14.54529,14.13769
"ENSG00000109103",12.3402,12.48623,12.79433,12.74508,12.89862,12.4475,13.07781,12.98328,13.08218,12.55099,12.50478,13.17787,11.49731,11.83262,12.18514,11.82029,11.79475,11.86322,11.75377,11.65015,11.88608
"ENSG00000109111",11.55503,11.59455,11.77602,12.09777,11.75313,11.25068,11.31494,11.51823,11.71302,12.03231,11.59082,12.03928,12.8139,13.1018,12.56307,12.81926,12.75777,12.49619,12.77014,12.60925,12.98228
"ENSG00000109118",13.06935,12.94023,13.36971,13.58409,13.49536,13.47259,13.65747,13.43376,13.62136,13.53744,13.8148,13.68367,13.72083,14.77994,13.81045,13.79369,13.80391,13.89623,13.94039,13.92663,14.02352
"ENSG00000109171",13.88623,13.79747,14.0415,13.77542,14.0128,14.15442,13.8821,13.89754,13.75618,13.89586,13.5267,13.58961,13.75924,13.94019,14.00992,14.21124,14.04204,14.00411,14.02369,14.0583,13.72185
"ENSG00000109220",10.69793,10.0217,10.90676,10.75896,10.77868,10.84036,9.501234,10.02897,10.08492,10.60659,10.27136,9.685684,10.42268,10.69785,10.54397,10.79347,10.51394,10.21794,10.64553,10.76478,10.50092
"ENSG00000109332",16.33787,16.24488,16.44762,16.29503,16.38424,16.39086,16.24138,16.48324,16.45696,16.43995,16.48778,16.40276,16.30092,16.39009,16.65832,16.5404,16.55136,16.46348,16.51129,16.36445,16.69943
"ENSG00000109458",14.65791,14.43527,14.56337,14.65706,15.07833,15.05579,14.83227,14.96831,14.21971,14.58731,14.86967,14.73897,14.69791,14.87398,15.16143,15.14283,15.00035,15.30691,14.78578,15.09783,15.40004
"ENSG00000109466",10.07939,9.324201,10.62672,10.58774,10.47726,10.43411,9.702054,9.986704,9.324183,9.137998,9.416976,9.639626,10.83525,10.8702,11.53946,11.05362,11.34076,11.20392,11.96378,11.67141,11.75756
"ENSG00000109475",16.4387,16.64246,16.67193,16.69948,16.65954,16.51675,16.71311,16.86436,16.65888,16.39805,16.73065,16.66973,16.70844,16.75916,16.65942,16.74472,16.78026,16.75173,16.73244,16.75443,16.7958
"ENSG00000109536",10.12897,10.10285,10.40711,10.07466,10.42553,10.4638,10.8304,9.981086,10.41299,10.55564,10.94297,10.35811,9.536998,9.545986,9.662786,9.727924,10.08879,9.706561,10.08402,10.19895,9.46015
"ENSG00000109586",9.953598,10.14534,10.31347,10.08805,10.3484,9.523564,9.918432,9.958158,10.25549,9.827127,9.945434,9.770437,10.48055,10.32914,10.51706,10.83801,10.3921,10.25526,10.99889,10.91352,10.54975
"ENSG00000109670",11.57552,11.30303,11.99593,11.74656,11.93647,11.91687,12.396,11.65873,11.60626,12.19984,11.51135,11.27929,11.91483,12.33276,12.277,12.41254,12.24705,12.27816,12.22958,12.21103,12.11937
"ENSG00000109685",10.41975,10.46378,9.878115,9.6724,10.36244,10.15308,10.13274,10.18911,9.967138,10.04572,10.12362,10.86385,10.29374,10.30899,9.820674,9.50581,9.935207,9.399209,9.618532,9.167969,9.929105
"ENSG00000109689",10.98154,11.02979,10.96445,11.26112,11.6661,11.4981,11.45605,10.98969,11.09978,11.2312,11.09554,11.04904,11.25019,11.77665,11.09095,11.03099,11.3358,11.36985,11.19308,11.09934,11.51585
"ENSG00000109736",12.59901,13.51276,12.49885,12.43522,12.33088,11.64532,10.84993,12.32131,12.73287,12.40965,12.67021,13.2668,12.32428,11.95545,11.69121,11.8102,12.45072,11.66467,11.20557,10.54368,11.3895
"ENSG00000109743",12.14969,13.61545,11.70699,10.68195,11.84865,10.3471,11.95998,11.73721,11.35132,10.16748,11.51789,11.82399,11.93704,9.954139,11.72352,10.90512,12.13298,11.58527,10.99695,9.852528,9.48504
"ENSG00000109814",11.2041,11.18555,11.35548,11.43802,11.20582,11.37716,10.96543,11.57903,11.80535,11.37343,11.12844,11.2536,11.48976,11.6399,11.89682,11.765,11.50584,11.73089,11.09694,11.00796,11.27841
"ENSG00000109861",9.890894,10.46482,10.2064,10.0006,9.859283,10.27239,10.00723,9.984426,10.28922,9.599892,10.00277,10.26089,9.620799,9.727009,9.666297,9.759204,9.788538,9.764606,9.505053,9.561968,9.30798
"ENSG00000109919",12.19163,12.21779,11.23457,11.21165,11.34154,11.4614,11.68904,11.57306,11.52681,11.15384,11.51441,12.05724,11.89722,11.18346,11.2444,11.15794,11.23003,11.1783,11.28767,11.06908,10.70941
"ENSG00000109920",13.51048,13.2946,13.2937,13.5982,13.38514,13.3624,13.44265,13.39894,13.1861,13.10309,13.17269,13.19624,13.78504,13.71148,13.4059,13.57226,13.40192,13.73034,13.46821,13.56091,13.53244
"ENSG00000109971",15.7882,15.87171,15.79377,16.01138,15.73293,15.81543,15.94111,15.992,16.64615,15.88555,16.48701,16.68656,16.01681,15.48303,15.85674,15.71105,15.88648,15.73664,15.47462,15.48485,15.66024
"ENSG00000110047",9.893542,10.5561,10.20625,9.849171,10.05996,9.947224,9.642401,10.01218,10.18482,10.15759,10.24157,10.36911,10.10315,10.21422,9.79374,9.688738,9.887817,9.92065,9.963719,9.929815,10.06817
"ENSG00000110075",10.93632,10.34998,11.00635,10.87961,10.68173,10.91398,10.70347,10.68012,10.45798,10.52006,10.17198,10.05499,11.85308,12.02779,11.78706,11.74426,11.64646,11.87052,11.85333,11.67166,11.80772
"ENSG00000110077",14.04352,13.63399,14.07077,13.96059,14.11316,14.29615,14.46423,14.33165,14.08962,13.84882,14.20053,14.03838,14.34332,12.43764,13.78835,14.21411,13.40779,13.56593,14.05245,14.08112,13.56838
"ENSG00000110080",10.31543,10.38974,10.71075,10.626,10.9776,11.0563,10.36409,10.56484,10.83325,10.50316,11.16268,10.76665,11.28772,11.92152,11.18845,11.46892,11.0293,10.90074,10.84252,11.0746,11.4918
"ENSG00000110108",10.57855,10.76303,10.14165,10.36887,10.93123,10.93694,9.083939,10.42293,11.14606,10.94441,11.24436,11.42683,10.65159,10.62378,10.3964,10.59985,10.67132,10.52129,10.38215,10.09487,10.51204
"ENSG00000110200",11.16987,12.25159,9.350557,9.67675,10.20881,9.245996,11.01726,10.20505,9.928851,9.146359,10.87117,11.02745,8.862522,8.381582,9.49107,8.858891,9.341804,8.580152,8.562871,7.879588,7.79824
"ENSG00000110315",10.79768,10.85111,11.30145,11.25796,10.65301,10.77543,10.22987,9.989664,10.29561,11.15027,10.19341,9.541679,11.09971,10.81245,10.90383,10.98607,10.73318,11.03442,11.76517,11.79637,11.06493
"ENSG00000110321",10.52722,10.48315,10.55548,10.69172,10.61049,10.50362,10.37521,10.63123,10.64057,10.55468,10.64756,10.29699,11.19762,11.10645,11.18946,11.37536,11.18536,10.85984,11.23174,11.11312,10.95629
"ENSG00000110330",13.29326,12.58297,13.26061,12.94662,13.2057,13.00921,12.62756,12.78074,12.99224,12.96775,13.01716,12.94148,13.31309,13.81333,13.33475,13.30317,13.36875,13.30344,13.23386,13.14785,13.28402
"ENSG00000110344",13.24886,13.09245,13.50857,13.45955,13.4059,13.25592,13.08704,12.8952,12.87879,13.07156,12.8142,12.66627,13.27266,13.23504,13.17208,13.40132,13.16933,13.27787,13.67169,13.52369,13.21412
"ENSG00000110422",10.573,10.90555,10.92199,10.59916,10.5689,10.07672,9.968717,10.16517,10.07834,10.05836,9.781316,10.28578,12.26181,12.40049,12.54571,12.39203,12.33178,12.30524,12.67894,12.20954,12.66744
"ENSG00000110435",10.77327,10.14369,10.18021,10.15514,10.43081,10.602,10.46749,10.01476,10.44654,10.32732,9.555363,9.575929,11.47995,11.34251,11.08911,11.26301,11.19975,11.31126,11.57851,11.06317,11.22236
"ENSG00000110497",10.11183,9.728184,10.81192,11.20318,10.60542,9.743612,9.990837,10.35884,10.12387,10.44108,10.68504,10.47863,9.887595,10.54713,10.52243,10.54488,10.25469,10.22617,10.54755,10.47716,10.51518
"ENSG00000110514",9.946321,10.32642,10.66548,10.61637,10.83517,10.18161,10.35985,9.927493,10.00823,10.32975,10.24601,10.36077,12.29354,13.00975,12.37109,12.478,12.36861,11.84374,12.2677,12.50562,12.03595
"ENSG00000110700",12.56402,13.15374,11.82432,12.15248,12.03863,11.35671,12.58871,12.32881,11.78325,11.49686,13.369,11.96855,11.26162,10.05369,10.9792,10.65374,11.0727,9.77101,9.990917,9.389211,9.430842
"ENSG00000110711",11.54404,11.37539,11.5957,11.52653,11.31904,10.70013,11.59472,11.63764,11.59193,11.5294,11.57601,11.53757,10.84419,10.65021,10.82632,11.02447,10.92314,9.937866,10.59322,10.51308,10.35471
"ENSG00000110713",12.74983,12.8723,13.05502,13.12882,12.94376,13.24354,12.76691,12.95281,13.12257,12.87933,13.041,13.19824,13.75027,14.05549,13.56801,13.72761,13.77543,13.54341,13.81859,13.74385,13.76337
"ENSG00000110719",11.83088,12.43484,11.69147,11.76221,11.92122,11.44822,11.94186,12.29682,12.31689,11.62222,12.55339,12.62475,12.25524,12.67877,11.53848,11.57559,12.727,12.00287,13.03243,12.54984,11.75571
"ENSG00000110801",11.19462,11.17424,11.07292,11.09516,10.92292,10.37129,10.98293,11.11766,11.0984,11.02834,11.0049,11.28713,9.93304,9.589728,10.38955,10.48105,10.35933,10.03248,10.07827,10.16945,9.630221
"ENSG00000110848",10.61224,10.30944,12.12936,12.11752,11.59328,11.29763,9.718546,11.93219,9.904922,12.48159,10.66228,10.70511,8.635445,13.94141,12.15124,11.02429,12.04725,11.61727,10.20382,10.8661,9.288567
"ENSG00000110851",12.57906,12.12042,12.01086,11.84854,12.59427,12.76262,12.8251,12.57766,12.46235,12.31063,12.52959,12.79485,12.40101,12.06187,11.00337,11.03772,12.01971,12.19725,12.3778,12.49416,12.84462
"ENSG00000110852",13.4827,13.09613,13.38209,13.28162,13.46434,13.73985,13.30326,13.12467,13.47206,13.97991,13.38807,12.90664,12.90153,13.75488,13.3145,13.3862,13.51299,13.85564,13.55392,13.41986,13.412
"ENSG00000110876",15.97944,15.93941,16.4333,16.28008,16.168,16.13697,15.85374,16.0278,16.06357,16.25409,16.24063,15.85816,16.03831,16.23201,16.65055,16.57729,16.21567,16.19803,16.51049,16.58045,16.3069
"ENSG00000110888",11.04958,10.95334,12.00886,12.06628,11.2136,11.03276,10.99112,10.887,10.1938,11.62211,10.61338,9.87067,12.31837,12.22102,11.96144,11.8663,11.96847,12.13773,12.35009,12.5399,13.15098
"ENSG00000110934",15.62945,15.60094,15.87038,15.86726,15.97054,15.668,15.55288,15.65401,15.60122,15.67497,15.34682,15.5326,16.22173,16.28174,16.1206,16.14066,16.10456,16.06774,16.32798,16.38614,16.35836
"ENSG00000110955",15.27175,15.21348,15.18269,15.17829,15.07506,15.11252,15.18752,15.14078,15.2126,15.55667,15.2659,14.93581,15.32136,15.11494,14.97762,15.16717,15.03719,14.9484,15.05584,14.93816,14.96908
"ENSG00000111011",10.36132,10.79028,10.98382,10.89038,10.72481,10.9115,11.04112,11.04115,10.46199,11.28671,10.36669,10.19494,11.10062,11.41469,11.32063,11.18073,11.79466,11.41984,11.09019,11.25911,10.93419
"ENSG00000111144",13.47044,14.64649,12.6945,13.01878,12.74707,9.679687,12.94008,12.95674,12.77412,10.34886,12.06902,11.97555,11.96742,7.482265,11.51059,8.833838,12.50436,11.89991,11.1751,7.297407,8.216204
"ENSG00000111196",10.01272,10.02615,9.918386,9.916307,9.850553,10.45963,10.30774,10.27646,9.904268,10.23819,9.960191,9.744957,11.10811,10.80756,10.93097,11.03258,10.96377,11.0878,10.70195,11.12574,10.75205
"ENSG00000111203",13.79153,13.20396,12.7105,13.29642,13.72837,13.56736,13.84056,13.19537,14.07721,13.58972,14.06663,13.99275,13.21842,13.17307,12.52436,12.68988,12.60703,12.67603,12.73785,12.72054,12.69139
"ENSG00000111237",14.71097,14.67075,14.66368,14.8268,14.43897,14.21607,14.69377,15.03132,14.98296,14.34771,14.91709,15.02774,14.326,14.27926,14.75417,14.81407,14.76734,14.20196,14.30264,14.26338,14.12896
"ENSG00000111252",10.10658,9.845677,10.29184,10.64821,10.39402,9.887756,10.26946,10.33053,10.44947,10.2897,10.62001,11.33202,10.76905,11.48766,10.76958,10.64633,10.36238,10.36498,10.84256,10.89747,11.10223
"ENSG00000111361",10.4658,10.65436,10.62451,10.90548,10.42886,10.54707,9.228037,10.1656,9.625219,11.35594,9.741853,9.77304,10.57268,10.61869,10.54255,11.11396,10.47995,10.25937,10.6083,10.34908,9.943901
"ENSG00000111481",10.43561,10.47215,10.45086,10.17063,10.29669,10.11958,9.765032,10.31832,10.53048,10.64477,10.91821,10.78835,9.764294,9.738729,9.85688,10.03281,9.842954,9.642939,9.579672,9.404471,9.698547
"ENSG00000111540",10.17525,10.16086,9.861659,9.995689,9.818086,9.973148,9.935738,10.15415,10.00521,9.918156,10.30232,10.00053,10.7077,10.99314,10.87123,10.91623,10.82568,10.93152,10.99491,10.80361,11.1175
"ENSG00000111596",11.29067,11.26886,11.05165,11.12702,11.44946,11.20004,10.38504,10.6039,10.93709,11.17763,10.29199,10.44539,11.34866,11.70749,11.31162,11.34408,11.01653,11.35026,11.75126,11.70675,11.6116
"ENSG00000111639",13.55589,14.03641,12.92234,12.93773,12.97777,12.57925,13.55249,13.32027,13.6335,13.24871,13.37361,13.55186,13.44491,12.26642,12.73062,12.67895,12.73538,12.55045,12.66619,12.43583,12.28269
"ENSG00000111640",17.01891,17.22867,16.52004,16.40523,16.79816,16.48356,16.71176,16.76662,16.72639,16.37533,16.70737,16.85807,16.7281,16.28468,16.48088,16.08956,16.60547,16.31242,16.20576,15.97069,16.1234
"ENSG00000111647",13.45865,13.10215,13.79501,13.54196,13.78508,13.80714,13.58522,13.74637,13.0719,13.47985,12.97818,12.9039,13.99131,14.26455,14.25437,14.18437,14.26655,14.08933,14.17345,14.19461,14.51504
"ENSG00000111653",12.16629,12.42123,12.28235,12.43252,12.4407,12.42847,12.43561,12.33739,12.64836,12.54941,12.4553,12.67254,12.32114,12.26885,12.53154,12.58326,12.48123,12.2672,12.62644,12.41476,12.55538
"ENSG00000111666",14.0793,13.66034,14.15286,13.73658,14.2744,14.1994,14.03064,14.10849,13.8361,14.45391,13.54097,13.10885,13.42295,14.02119,14.02396,14.0231,14.07932,14.08091,14.08469,14.11441,13.88981
"ENSG00000111669",12.36141,12.69653,12.12397,11.80991,12.26785,12.137,12.31463,12.14787,12.81705,12.47488,12.58497,12.94081,11.37967,11.42466,11.51822,11.57396,11.85166,11.09486,11.53831,10.57537,11.0023
"ENSG00000111670",13.0728,12.52201,12.76886,12.89996,13.06761,12.73936,13.43821,13.40683,13.47345,12.89717,13.22753,13.14988,13.34951,13.45155,12.97216,13.23146,13.25514,12.92281,13.40014,13.25044,13.16211
"ENSG00000111679",12.34963,12.24871,12.48847,12.57132,12.68788,11.88298,12.14181,12.16535,12.25651,11.7436,12.87461,12.84355,12.45312,12.78203,12.44601,12.46482,12.27387,11.5405,12.63518,12.54968,12.31493
"ENSG00000111684",10.83157,10.93775,10.13129,10.4048,10.92028,10.34605,11.02939,10.63983,11.21806,10.88796,10.80395,10.95598,11.51546,10.39112,10.36339,10.23573,10.18988,10.33682,10.38637,10.26479,10.77682
"ENSG00000111711",10.52613,10.35217,10.91613,10.45285,10.65345,11.05648,9.85112,9.995543,9.89594,10.7036,9.921872,9.738573,10.89153,10.88755,11.33943,11.28748,10.84629,10.83883,11.29024,11.01883,10.95733
"ENSG00000111716",10.65703,9.845531,10.52379,10.13765,10.86664,11.06066,9.953022,10.48918,9.573975,9.980479,9.794885,10.31012,10.07008,9.887757,10.1581,10.57586,10.60555,10.65564,10.66773,10.36761,10.50415
"ENSG00000111725",12.82646,12.45595,12.78139,12.75913,12.77078,12.51007,13.73024,13.32262,12.69386,12.86037,13.31476,12.98763,12.61186,13.11826,12.74023,13.27958,13.18921,12.64725,12.4989,12.45046,12.29326
"ENSG00000111729",11.79552,11.56185,11.81117,11.74909,12.65291,12.64138,10.76286,11.10874,11.58386,11.89211,11.32135,12.2661,11.87108,11.20305,11.29164,11.49726,11.78786,11.82188,12.6603,12.5517,12.80997
"ENSG00000111731",11.3487,10.75443,11.12035,10.77483,11.97356,12.11073,10.66245,10.71514,11.33636,11.55581,10.51927,10.54579,12.18354,12.48915,12.99483,12.9337,11.87206,12.01703,12.05263,11.7615,12.38223
"ENSG00000111775",12.97235,12.9499,12.89805,12.60235,12.67583,12.89967,13.14746,12.70477,13.06631,12.95483,13.10339,13.0317,11.88663,11.70152,11.68573,11.9797,11.89866,11.68231,11.85311,11.61309,11.40835
"ENSG00000111786",10.64066,10.64395,10.02541,9.993272,10.22315,9.804212,10.25748,10.16956,10.00723,10.04333,9.952254,10.11431,10.62305,10.47952,10.5428,10.48362,10.44521,10.48489,10.54521,10.51837,10.15485
"ENSG00000111801",11.68836,11.67081,11.96408,11.82454,11.95671,11.91959,11.77432,11.89105,11.93064,11.78908,11.8026,12.00526,12.70325,12.26962,12.50308,12.66073,13.04665,13.22775,12.93211,13.04766,12.79573
"ENSG00000111843",11.79202,11.62607,11.08041,10.80475,11.99854,11.53165,12.17251,12.28814,11.76111,11.77862,11.3854,11.60921,11.42734,11.06604,10.733,10.63435,9.751139,9.164248,11.00653,10.64327,11.69599
"ENSG00000111859",10.30447,10.67925,11.73098,11.5885,11.50474,10.81519,10.30604,10.63141,10.56823,11.50247,10.31913,10.09811,11.02735,11.84643,11.42165,11.4411,12.05461,11.65583,11.57395,11.639,11.38324
"ENSG00000111880",10.75316,10.7329,11.35839,11.27142,10.35019,10.79568,10.76669,10.01638,10.56256,11.11264,10.59503,9.754769,11.94693,11.91802,11.75205,11.8462,12.1464,11.90017,11.76946,11.69587,12.3034
"ENSG00000111885",10.74139,10.55886,11.12581,10.6527,11.37391,11.04618,10.6398,11.66263,10.65903,10.83717,10.97038,11.1246,12.0517,12.28681,12.17875,12.06615,12.10975,12.19945,12.51194,12.45141,12.32414
"ENSG00000111897",11.0678,10.98028,11.47254,10.96572,11.19439,11.46189,10.32555,10.84617,10.34067,11.43348,10.31879,9.977874,11.90799,11.97392,12.18982,12.20437,11.85541,12.02848,12.39593,12.2942,12.29288
"ENSG00000111913",15.68838,15.50341,16.179,16.04341,16.02755,16.01319,15.63179,15.55564,15.27157,15.69949,15.63317,15.12319,15.63735,15.77007,15.79409,15.85846,15.48438,15.53451,16.16415,16.14882,16.19988
"ENSG00000112062",13.59956,13.62137,14.17955,14.06634,14.23788,13.87341,13.65345,13.93081,13.73281,14.08495,13.67692,13.42974,14.43752,14.70956,14.71656,14.80638,14.80259,14.82154,15.2153,15.26419,14.7916
"ENSG00000112078",10.1316,10.31575,10.11894,10.10316,10.43821,10.29285,10.2689,10.38751,10.36901,10.48025,10.34044,10.30106,11.31086,11.69991,11.16135,11.21485,11.29167,11.40218,11.49611,11.42612,11.29362
"ENSG00000112079",14.65393,14.27479,14.86385,14.70495,14.77453,14.92119,14.29804,14.50989,14.40329,14.72587,14.42329,14.39177,15.23904,15.20498,15.31517,15.22862,15.0611,15.23987,15.53238,15.65785,15.47667
"ENSG00000112081",12.9466,13.09647,12.43427,12.40829,12.89441,12.98051,12.83437,12.52372,12.60609,12.75772,12.26197,12.4266,12.81432,12.25058,12.28539,13.04977,12.79881,12.44228,11.79476,11.86064,12.04165
"ENSG00000112146",12.5565,13.00396,11.91735,11.55086,12.20484,11.66467,12.50164,12.26536,11.9708,11.45747,12.02019,12.04213,11.89827,11.25369,11.6095,11.25412,11.6745,11.32879,11.45516,11.47458,11.34463
"ENSG00000112200",11.92137,12.21431,11.89301,12.17371,11.721,12.00187,11.2828,11.20535,11.4705,11.97681,11.30629,11.61335,12.52969,12.74145,12.53449,12.43907,12.4435,12.49104,12.48085,12.5389,12.89079
"ENSG00000112234",10.28864,9.870922,10.27829,9.842521,9.950852,10.50305,10.58314,10.20766,10.33847,10.50559,9.778666,9.532529,11.02689,10.51608,10.92682,10.82983,11.18026,11.40108,11.51762,11.36914,11.24755
"ENSG00000112245",12.09759,12.29449,12.92401,12.21799,13.0548,13.17759,11.34934,11.74413,11.83305,13.57078,11.20711,11.19217,12.70547,14.56722,13.50903,13.30875,14.41815,14.09699,13.08997,12.96718,13.20824
"ENSG00000112282",9.199553,9.016506,9.506548,9.820509,9.023554,9.3197,9.098724,9.420842,9.127582,10.05871,8.646265,9.688914,10.51113,10.99983,11.19708,10.97647,10.7291,10.32853,10.97051,11.18606,10.48828
"ENSG00000112304",10.9156,11.31934,10.19925,10.22484,9.490285,10.31702,10.79063,10.52488,10.99272,9.973034,11.11181,11.06686,10.5117,9.55011,9.948404,10.0704,9.791643,9.671784,10.10225,10.01313,9.972711
"ENSG00000112305",10.1532,9.942794,10.63554,9.979551,10.8161,11.11283,11.27043,10.8707,9.953047,10.33597,10.36781,10.39994,10.26179,10.05125,10.26528,10.39702,10.27785,9.900405,10.16934,10.28481,10.60592
"ENSG00000112306",16.20988,16.25485,15.79488,16.1566,15.86352,15.76974,16.21744,16.17355,15.9243,15.8164,16.12033,16.0834,15.28609,14.57034,15.25681,15.00803,15.27442,14.92104,14.71426,14.73351,14.76397
"ENSG00000112335",11.15686,11.42759,10.92556,10.64652,11.01534,11.01488,10.31894,10.6891,10.25788,10.94035,9.911678,10.23407,10.83203,10.22577,10.854,10.81739,10.7791,10.83328,10.88709,10.86247,10.34133
"ENSG00000112339",12.56034,12.63647,12.4323,12.53149,12.88789,12.66463,12.6317,12.72088,12.49696,12.64856,12.57929,12.70404,12.80928,12.75516,12.90542,12.89276,12.71172,12.87028,12.98599,13.04469,12.75243
"ENSG00000112343",11.24858,10.92111,11.61274,11.41681,11.54432,11.65365,10.40349,11.19565,11.10045,11.79939,10.98726,11.03372,11.99607,12.44871,12.13082,12.18031,12.00363,12.14774,12.20118,12.13515,11.98139
"ENSG00000112367",9.584421,10.18317,10.8088,10.13842,10.46498,10.02178,9.075426,9.593025,8.236118,10.20049,9.0384,9.210775,10.89696,10.32028,10.64334,10.60495,10.60693,10.18163,11.01068,10.54738,10.38718
"ENSG00000112378",9.111296,7.350782,12.45404,11.83977,10.02438,10.00405,8.338767,8.272076,11.50843,11.90105,11.11994,8.939404,8.820313,10.8884,11.00405,10.87367,11.09126,11.15415,11.55497,11.37862,10.4686
"ENSG00000112406",11.57106,11.62252,11.72228,12.05618,11.74809,11.33809,11.63681,11.51052,11.02763,11.61302,11.36482,11.43781,11.47218,12.03378,12.31087,12.35202,12.25599,12.08812,12.35861,12.22837,12.32442
"ENSG00000112419",11.26502,11.00914,10.66572,10.90598,11.7012,11.24681,11.67686,11.1272,11.48952,10.89759,10.70377,11.36812,10.64605,10.90698,10.41904,10.34267,10.92839,10.55058,10.55595,10.57233,11.32283
"ENSG00000112511",12.01323,11.56829,12.63239,12.71925,13.02583,13.18103,11.79955,12.19358,12.67551,12.75159,12.90087,12.54964,11.35649,12.35664,12.20802,12.19591,12.4792,12.08279,11.62201,11.6279,11.81699
"ENSG00000112531",11.24376,11.53208,10.94547,10.75177,11.58299,11.80671,10.86621,10.80492,11.13018,11.54386,11.18438,11.97441,11.56968,11.52528,11.99903,11.91137,12.28934,12.43169,11.68203,11.21444,11.47653
"ENSG00000112576",16.27253,16.15707,16.71911,16.52287,16.41323,16.56142,16.20675,16.20509,16.51478,16.44139,16.64939,16.43309,16.13463,15.96602,16.35364,16.24526,16.28711,16.076,15.97802,16.1776,16.25556
"ENSG00000112592",9.87353,10.1787,10.99609,10.50025,10.85543,10.60248,9.460777,9.113718,9.311248,11.06686,8.174886,7.733384,10.97223,11.01683,11.08157,11.19878,10.95882,10.88302,10.87677,10.78793,10.41116
"ENSG00000112679",10.34873,10.32735,10.53501,10.93913,10.55945,10.72949,10.58841,10.45186,10.48122,10.34993,10.55032,10.91974,9.917142,10.76985,10.45322,11.2071,10.59822,10.32799,10.8172,10.35454,10.5114
"ENSG00000112701",12.74235,12.4304,12.86006,12.6162,12.9711,12.29416,12.5466,12.25339,11.541,12.49358,11.2864,11.64356,13.64193,13.66161,13.38934,13.45728,13.59202,13.58201,13.64501,13.61644,13.42382
"ENSG00000112715",10.11886,10.28647,11.76466,11.15621,9.746403,9.328132,11.00348,10.64649,11.03852,11.2009,10.42774,11.33836,11.73295,11.87309,11.92674,11.30611,12.53031,12.50371,12.01777,11.98653,11.21727
"ENSG00000112739",11.31201,11.02571,10.93099,11.02816,11.20421,11.17893,10.9817,10.99263,10.58104,11.36779,10.08634,10.5587,11.69856,11.61917,11.3931,11.5448,11.50953,11.91696,11.61042,11.76486,11.99146
"ENSG00000112763",9.995546,9.532528,10.16532,10.16189,10.0396,9.941342,9.318321,9.691132,10.12338,10.19782,10.12046,9.240755,10.89462,10.93673,10.94318,10.89183,11.11536,11.04668,11.24049,11.31238,10.65413
"ENSG00000112773",12.15468,12.90151,11.07965,11.3806,11.44913,10.90252,11.96957,11.70445,11.23529,11.52073,11.49734,12.04909,11.98632,10.46716,11.84135,11.57586,11.29407,10.94805,10.98751,10.38259,10.10585
"ENSG00000112893",11.65493,11.80295,12.38683,12.15734,12.06825,12.40219,12.12539,11.88085,11.51582,12.14232,11.66305,11.61921,11.70521,12.27027,12.35272,12.12759,12.32286,12.08859,11.79113,11.79122,11.77608
"ENSG00000112983",10.95642,9.914292,10.37384,10.60688,10.18865,10.61128,11.00549,10.53545,10.88343,10.59768,10.88214,11.14468,11.48967,11.36299,11.60324,11.59004,11.06303,11.25377,11.44387,11.68343,11.56334
"ENSG00000112992",11.78645,11.41539,11.99326,12.01402,11.93129,11.81917,11.9511,12.04694,12.18791,12.09224,11.95737,12.50534,12.99874,12.83041,12.61369,12.64694,12.83968,12.65747,12.9747,12.8135,12.9893
"ENSG00000112996",12.13233,11.67428,11.45686,11.71122,11.43219,11.42354,11.47748,11.82116,11.25745,11.48522,11.75549,11.64343,11.11794,10.67427,11.00535,11.21251,11.11836,11.17583,11.13861,11.17726,11.05515
"ENSG00000113141",11.81264,11.88094,11.91696,11.44775,11.77734,11.43562,11.74382,11.89707,11.33669,12.01727,11.47976,11.6308,11.4979,11.81616,11.8762,11.90103,11.90297,12.02822,12.03474,11.87808,12.03531
"ENSG00000113194",11.1759,11.16403,11.21234,11.43728,11.57445,11.39189,10.96333,11.35998,11.25322,11.56733,11.4475,11.54945,11.93343,12.08255,11.85522,11.90043,11.69249,11.71868,11.65465,11.62447,11.73218
"ENSG00000113240",12.38901,11.66127,12.3167,12.33461,12.22705,12.36347,11.51554,11.82451,11.54478,12.5567,11.95569,11.89832,12.88519,12.75134,12.6829,12.78567,12.68993,12.79909,12.71593,12.40537,12.91287
"ENSG00000113269",14.63718,14.57561,14.56312,14.22455,14.61301,14.87414,14.50853,14.37627,14.18631,14.67325,14.13234,14.01269,14.0084,14.15502,14.12917,14.17171,14.03933,13.79906,14.07253,14.07758,14.04601
"ENSG00000113273",10.76052,10.62195,11.10807,10.72002,11.1522,11.87244,10.68355,11.29545,11.16476,11.14339,10.89075,10.82415,11.68699,12.00883,11.763,12.19505,11.77531,11.65924,11.83247,11.69089,11.46893
"ENSG00000113282",14.46781,14.41319,14.69958,14.46404,14.74578,14.82935,14.12465,14.35491,14.13663,14.41106,13.88612,14.00784,14.53745,14.68479,15.13909,15.02304,14.69191,14.54966,14.81006,15.09741,15.27746
"ENSG00000113300",10.56214,10.54343,10.65554,10.50102,10.33718,10.16938,10.37041,10.22813,10.32177,10.48277,9.99174,10.08132,11.31842,11.30704,11.49033,11.57362,11.34475,11.41612,11.60958,11.34538,11.47368
"ENSG00000113328",10.23694,10.30094,10.42555,10.41725,10.70905,10.89332,10.07681,10.41755,9.67823,10.16312,10.17182,10.01692,10.31518,10.81683,11.09238,10.96721,10.63136,10.76624,11.06187,11.12274,11.34479
"ENSG00000113369",11.61755,10.99133,11.56664,11.33148,11.51889,11.63605,10.77645,11.03932,11.60712,11.05581,11.15141,11.66413,12.04228,12.55437,12.3239,12.31549,12.57893,12.40547,12.57322,12.28429,11.67832
"ENSG00000113387",15.28281,15.1742,15.89007,15.63093,15.99295,16.09805,16.12535,15.85849,15.73585,15.95528,15.7742,15.81574,15.83409,16.01016,15.88702,15.99813,15.95119,15.81541,15.90574,15.93585,15.96362
"ENSG00000113391",10.77981,10.66599,11.27182,11.1896,11.10404,11.11987,11.70517,11.1664,10.9247,10.95506,10.87572,10.79487,11.15806,11.4532,11.34415,11.19572,11.46382,11.24875,11.17474,11.53124,11.58413
"ENSG00000113441",13.68964,13.79938,13.89215,13.78779,13.95291,14.31301,13.66641,13.67863,13.51146,14.05125,13.40487,13.32205,15.16428,15.12347,15.04408,14.99245,14.8281,15.1085,15.047,15.00196,15.56638
"ENSG00000113460",10.8993,10.97354,10.35342,10.33777,10.29035,10.4525,9.781575,10.3542,10.98214,10.39812,10.35741,10.53056,10.89467,10.33446,10.30915,10.38923,10.41029,10.33379,10.15663,9.907369,10.08871
"ENSG00000113520",12.57842,11.54307,13.69921,13.73417,12.68568,13.11488,13.4386,12.69173,13.51434,12.55937,13.07513,12.82567,12.14988,12.22079,11.95229,12.67851,12.83275,12.68932,12.20078,11.92153,11.2397
"ENSG00000113532",10.33182,10.3982,11.68199,11.05766,11.22517,11.70825,10.77117,11.26819,10.14716,11.20862,9.351132,9.868559,10.19429,11.45357,10.9943,10.79327,11.59384,11.38009,11.07563,10.90284,10.48669
"ENSG00000113558",12.62801,12.47584,12.30011,12.08718,12.30126,12.04691,11.71355,11.81192,11.80345,12.3787,11.8448,11.81413,12.11675,12.11191,12.79147,12.80038,12.1069,12.20756,12.48093,12.05336,12.20972
"ENSG00000113575",10.99611,10.92343,10.96648,10.82951,10.89721,11.1281,9.888773,10.65113,10.33528,10.9893,10.19607,9.796606,10.57553,11.03864,11.226,11.03188,11.41807,10.88105,10.98012,10.47506,10.76143
"ENSG00000113593",11.35873,10.51484,11.30965,11.34709,11.57068,11.70525,11.21017,11.48665,11.61043,11.82786,11.65321,11.1309,12.40362,12.16395,12.43842,12.46694,12.37758,12.20426,12.20156,12.13774,12.8107
"ENSG00000113643",10.52318,10.29001,10.15139,10.15272,10.33796,10.60028,10.41676,10.27166,10.46313,10.54646,9.765544,10.83427,10.19604,10.64146,10.36729,10.22309,9.896296,10.29714,10.50661,10.30588,10.22113
"ENSG00000113648",12.82779,13.50707,12.2739,12.26944,12.43466,12.20157,12.81099,12.66801,12.62985,11.86015,13.01067,13.19761,12.29567,11.78043,11.94594,11.58557,12.23955,11.86941,11.78693,11.50672,11.44282
"ENSG00000113658",13.87614,13.65239,13.96014,13.74945,14.15501,14.48428,14.10269,13.7179,13.91661,14.11031,13.36057,13.5417,13.91566,13.82595,13.81755,13.8519,13.64242,13.94724,13.79238,13.74029,14.2478
"ENSG00000113712",13.39903,13.44325,13.72635,13.34562,13.57957,13.41142,13.22841,13.34419,13.10205,13.6601,13.10655,13.1428,14.22292,14.3519,14.25795,14.229,14.02449,14.12529,14.15542,14.31515,14.32917
"ENSG00000113719",12.06926,11.53578,12.36589,12.37328,12.26386,12.5308,12.44591,12.473,12.2004,11.98158,12.73159,13.2028,11.87392,12.12097,11.89501,11.77541,11.88634,12.67883,12.64063,12.77321,12.35845
"ENSG00000113732",15.86459,15.762,15.89185,15.62419,15.74712,15.40831,15.90873,15.91654,16.10663,15.76742,15.92872,16.21365,15.50973,15.54393,15.59859,15.62324,15.62568,15.56812,15.72216,15.73378,15.38215
"ENSG00000113749",11.97042,11.81088,12.48634,12.43176,12.14649,12.3992,12.09941,11.95823,12.28597,12.14213,12.57365,12.29605,12.86404,12.9354,12.73328,12.30192,12.84932,12.79192,13.18433,13.33251,12.78552
"ENSG00000113810",13.31718,13.01433,13.75866,13.40602,13.17351,12.94913,12.8568,12.8393,11.78595,13.19354,11.40341,10.69708,13.42918,13.52582,13.38409,13.57789,12.87115,13.38376,14.26146,14.18773,13.64352
"ENSG00000113811",11.55849,11.22659,11.61681,11.44908,11.89521,12.00002,11.39609,11.31141,10.64128,11.52639,11.06957,10.76793,11.59207,12.9232,12.27268,12.07118,12.80667,12.53148,12.05996,12.22004,11.88539
"ENSG00000113851",12.60863,12.3261,12.79387,12.63421,13.09294,12.81555,12.11712,12.14301,11.94591,12.82801,11.86252,11.52511,13.25948,13.47369,13.06029,13.32198,12.81447,13.16374,13.60241,13.69994,14.18924
"ENSG00000113916",11.82892,12.12531,11.36143,11.94234,11.20106,10.17162,11.57039,11.44151,11.8805,11.8341,11.85959,11.51747,13.16287,13.65083,12.34794,12.12841,13.04121,12.87331,12.32592,12.45989,12.01344
"ENSG00000114026",10.79467,11.14109,11.22126,10.95515,10.94323,11.32572,10.96444,10.5794,11.25484,11.03489,11.33394,11.08069,9.947229,9.81619,9.71289,9.765352,9.606215,9.630476,9.713452,9.76889,9.840841
"ENSG00000114062",13.81238,13.38174,13.46866,13.61439,13.50625,13.76215,14.38127,13.94682,13.98219,13.38844,13.84805,13.69587,13.22452,13.38081,13.36749,13.41803,13.50387,13.68056,12.92063,12.75317,13.08449
"ENSG00000114098",13.35219,13.14958,13.05843,12.9444,13.2905,13.46633,13.13874,13.12346,13.04092,13.49286,13.10157,12.94003,13.63036,13.2844,13.14139,13.01241,13.1133,13.14308,13.28804,13.3621,13.65323
"ENSG00000114125",12.13355,12.117,11.73119,11.76093,11.81404,12.40335,11.98613,12.08475,11.91499,12.21888,11.55829,11.52872,11.95621,11.66636,11.99811,12.0132,11.88484,11.82558,11.83955,11.64736,12.05963
"ENSG00000114127",10.6555,10.56691,10.94252,10.84932,10.93534,10.47795,10.73522,9.884437,9.853452,10.92723,9.868066,9.472078,12.26299,12.4722,12.50274,12.32442,12.14172,12.43588,12.72339,12.76431,12.54758
"ENSG00000114209",12.67482,12.62734,12.67447,12.31287,12.53871,12.42262,12.49043,12.23665,11.75137,12.74734,12.33588,11.38588,12.43363,12.30852,12.66842,12.44306,12.04408,12.12654,12.23413,12.52323,12.57645
"ENSG00000114331",12.09049,11.55295,11.99735,12.20891,12.29698,12.67623,12.5781,12.28276,11.60174,12.0644,11.7757,12.08596,12.92973,13.47356,13.39341,13.12172,13.40524,13.22443,13.24296,13.15178,13.45121
"ENSG00000114354",10.98221,10.80811,11.12017,10.71508,10.94849,11.1072,10.82633,10.93143,11.05095,11.11407,10.94152,10.93843,11.39795,11.60065,11.86681,11.96938,11.9151,11.96398,11.73042,11.68645,11.77222
"ENSG00000114391",14.57524,14.83546,14.32352,14.50754,14.32061,14.17596,14.47015,14.42992,14.45138,14.30116,14.26944,14.32766,13.98323,13.23201,13.60596,13.45624,13.74987,13.39493,13.36681,13.20518,13.31779
"ENSG00000114416",10.63562,10.86489,10.8434,10.13356,10.80073,10.84048,10.15956,9.706693,9.822651,10.90079,9.390089,9.368819,11.68352,11.2295,11.4256,11.46798,11.19049,11.25645,11.35071,11.46237,11.31962
"ENSG00000114544",11.36043,11.50204,11.56971,11.86107,11.58601,12.38001,11.68165,11.66553,11.55958,12.13037,11.73389,11.76074,11.17277,11.47473,11.43957,11.4937,11.51395,11.52746,11.45515,11.81426,11.75717
"ENSG00000114573",9.442193,9.683167,10.16183,9.669997,9.855922,9.805608,9.615212,10.29336,9.990342,10.06868,10.11176,9.907693,10.71919,10.54897,10.86136,10.76032,10.73093,10.91214,10.93207,10.75632,10.7143
"ENSG00000114650",11.16734,11.2662,11.14949,10.66715,11.56622,11.5372,11.66242,11.61663,11.5195,11.58407,11.67326,11.55816,11.12154,11.401,10.83325,10.84762,11.35522,11.68591,11.14073,10.96155,11.07898
"ENSG00000114737",9.624388,9.967779,11.33408,11.32028,11.23432,10.94146,10.52646,11.56792,10.7733,11.64847,10.72698,10.71834,9.002789,11.72154,12.4674,12.26665,11.2031,11.25726,11.00152,11.23503,11.23296
"ENSG00000114738",12.2939,12.96016,12.08633,11.86888,12.17043,11.55022,12.21383,12.34871,12.75195,12.03205,12.43006,12.66196,12.26788,11.84076,11.92395,11.73132,11.77462,11.16772,11.46179,10.97036,11.63999
"ENSG00000114744",11.21334,10.95333,11.62332,11.37113,11.3062,11.16538,11.13428,11.13922,11.2412,11.37654,11.72151,11.21008,11.55991,11.56679,11.71647,11.61519,11.42941,11.37202,11.69751,11.43989,11.15243
"ENSG00000114784",10.56268,10.59074,10.85384,10.39988,10.16048,10.62284,10.83696,10.42214,10.3278,10.58871,10.0377,9.898381,10.70757,10.80192,10.95486,10.89038,10.59817,10.42476,10.58027,10.44285,10.48384
"ENSG00000114796",11.0525,10.75514,11.35515,11.11189,10.97873,11.2643,10.42662,10.98952,11.12947,10.98308,10.66562,10.85944,11.64109,11.97787,11.67808,11.66873,11.44881,11.54369,11.94471,11.85777,11.95407
"ENSG00000114841",10.53838,10.55173,10.76806,11.09309,10.71921,10.81138,10.34873,10.57118,10.89795,10.29966,10.87092,10.54753,10.74574,10.60893,10.70265,10.72316,10.6181,10.86527,10.67425,10.71234,10.50588
"ENSG00000114857",14.92423,14.59759,14.71541,14.69301,14.73017,14.46047,15.00738,14.89561,14.20661,14.79446,14.24537,14.26428,14.84345,14.82232,14.77237,14.84993,14.8306,14.72871,14.84267,15.04334,14.77442
"ENSG00000114861",15.13656,14.86748,15.46434,15.57934,15.50181,15.69304,15.19897,14.92763,14.92319,15.43099,14.85131,14.85788,14.90153,15.19585,15.44571,15.41092,15.30558,15.38367,15.4802,15.63411,15.66115
"ENSG00000114867",12.22167,12.77271,12.35611,12.58081,12.28593,11.62171,12.51021,12.25638,12.64103,12.22872,12.77526,12.89615,12.10684,12.33111,12.10167,12.11991,12.56666,12.05261,11.93583,11.47518,11.45457
"ENSG00000114902",10.89709,10.81426,10.6804,10.71224,10.6155,10.74489,11.09311,10.70995,10.89791,11.07428,10.78329,10.85694,10.36666,10.06896,10.18928,10.23071,10.02553,9.993847,9.95435,10.08356,9.453233
"ENSG00000114933",10.67048,10.48158,10.63116,10.72789,10.62072,10.15843,10.97883,10.32103,10.34705,10.36235,10.34458,10.50256,10.94877,10.96952,10.92995,10.9358,10.9166,10.97656,10.96308,10.9837,11.06567
"ENSG00000114956",12.62173,12.39691,12.63193,12.31639,12.25461,12.23322,12.68157,12.52279,12.58767,12.60689,12.34697,12.29031,12.05365,12.2423,12.04661,12.26251,11.86688,11.77905,11.75564,11.89386,11.35834
"ENSG00000114978",12.41134,12.39715,12.85513,12.6223,12.61132,12.6469,11.73585,12.59011,12.30464,12.64581,12.3445,12.08039,13.2689,13.9021,13.70136,13.60465,13.51263,13.44852,13.55793,13.52365,13.85431
"ENSG00000114982",13.32791,12.99591,13.46279,13.48268,13.84676,13.5085,13.56735,13.82133,13.52281,13.58174,13.80464,13.79712,13.6778,14.56878,13.56695,13.72103,13.77334,13.61673,13.60331,13.732,14.21071
"ENSG00000114999",10.25106,10.55534,10.58577,10.15355,10.26494,10.37106,9.824515,10.04542,10.18411,10.02654,9.958583,10.71565,10.86254,10.71249,11.04266,10.94601,11.04408,10.75164,10.6191,10.47033,10.61919
"ENSG00000115020",9.987512,10.28393,10.62656,10.41169,10.63467,10.30775,10.14705,10.02541,10.28978,10.16826,10.02581,9.278637,11.50147,12.10922,11.59551,11.45438,11.51884,11.46102,11.5455,11.45732,11.51345
"ENSG00000115165",12.66847,12.68228,14.13647,13.62177,13.98927,14.14061,12.47319,12.81708,12.01286,13.81156,11.5181,11.56685,12.28907,14.71493,14.02253,13.8256,14.38987,14.29015,13.46002,13.53986,13.64997
"ENSG00000115204",12.7803,12.41509,11.93232,12.18517,12.04763,12.04429,12.33269,12.30303,12.74689,12.40437,12.71877,12.7079,11.84534,11.8458,11.6718,11.91415,11.60818,11.68855,11.76283,11.45422,11.58641
"ENSG00000115216",12.11222,12.3272,12.55113,12.41556,12.38115,12.42118,11.92527,12.42214,12.3408,12.64239,12.34711,12.34725,12.87525,12.95381,12.89131,12.85305,12.44712,12.58729,12.99964,12.9271,12.81822
"ENSG00000115268",13.14046,13.1674,12.74796,12.81357,12.84744,12.7121,14.12589,12.87274,13.23658,12.81194,13.47687,13.20103,11.30623,10.92039,11.09462,11.11575,11.6027,10.33738,10.44229,10.12606,10.04101
"ENSG00000115271",11.7959,13.37086,11.4239,11.44615,11.59638,10.7724,11.31698,11.49949,11.07106,11.03142,11.25648,11.05258,11.21269,9.927674,11.3183,11.07976,11.37724,11.08911,11.15291,10.76021,9.454342
"ENSG00000115289",10.379,10.22416,9.772481,9.872826,9.574099,9.384177,10.6746,10.02087,10.80563,10.54454,10.21551,10.09912,8.718052,8.17672,9.01231,9.007235,8.879851,8.876278,8.494101,8.597571,8.689583
"ENSG00000115306",14.94404,15.1064,15.30925,15.02207,15.64994,15.58661,15.32669,14.88791,15.31175,15.51543,14.90908,15.11079,15.83761,16.00956,15.80128,15.74353,15.58809,15.47236,15.48996,15.50707,15.88633
"ENSG00000115307",13.98612,13.84157,13.84672,13.77457,13.72603,13.97903,13.79484,13.67803,14.06625,13.99136,14.25751,14.309,12.72239,12.31733,12.77101,12.73433,12.59833,12.46525,12.35335,12.50667,12.6901
"ENSG00000115310",14.44455,14.38733,14.44177,14.07203,14.6848,14.53807,14.75685,14.31017,13.75749,14.23756,14.21551,14.121,14.31118,13.9785,14.18196,14.30196,14.55481,14.45987,14.56977,14.64134,14.23992
"ENSG00000115317",12.3496,12.22871,12.40794,12.63339,12.80534,12.49428,12.87473,12.54412,12.22303,12.34068,12.58988,12.5441,11.87091,12.05804,12.28613,12.20245,12.3582,12.35801,12.39217,12.41106,12.0026
"ENSG00000115355",12.89961,12.5749,12.92154,12.90405,12.60422,12.53176,12.76383,12.71734,12.03362,12.65999,11.37435,11.71533,13.52616,13.98838,13.71293,13.90421,13.80828,13.89662,13.77962,13.79416,13.34555
"ENSG00000115415",10.94978,11.01101,10.76196,11.02994,11.52747,11.52109,9.012026,9.87656,8.892279,10.57335,8.773662,8.241713,11.56631,11.58345,11.52972,11.52085,11.92356,13.34759,12.09,12.0067,12.39896
"ENSG00000115464",13.94028,13.79455,14.18319,14.01339,14.26406,14.53855,13.55386,14.05882,14.15537,14.28663,13.83559,13.83381,14.65216,14.74061,14.67801,14.50486,14.34032,14.59877,14.70607,14.75,14.89414
"ENSG00000115486",11.28849,10.96737,10.58352,10.48504,10.66949,10.80576,11.70842,10.64956,11.28015,11.26948,11.40542,11.03406,10.56612,10.51289,10.29765,10.46651,10.17093,10.31834,10.43604,10.1275,10.42461
"ENSG00000115524",12.73845,12.78744,13.38262,13.55816,13.19729,12.86675,12.07531,12.82557,12.16212,12.99734,11.93849,11.53125,14.19665,14.4607,14.55791,14.50737,14.37062,14.32952,14.44118,14.39474,14.34773
"ENSG00000115540",10.49211,10.37306,10.55646,10.36014,10.25541,10.64958,9.763314,9.657039,9.678905,10.45305,9.766321,9.754423,10.4344,10.05974,10.63038,10.42923,10.0505,10.24314,10.39015,10.51313,10.51379
"ENSG00000115541",12.84046,13.32472,11.45188,12.34275,11.24026,11.05817,12.0767,11.93789,12.65415,12.03874,11.91821,12.69347,11.92264,11.03455,11.21179,11.07515,11.36498,11.24986,10.98701,10.72555,9.705519
"ENSG00000115561",13.2681,13.26902,13.56217,13.35525,13.33601,13.43854,12.71262,12.84091,12.53404,13.31126,12.63909,12.29568,13.19347,13.05646,13.67607,13.7676,13.52321,13.29767,13.64918,13.61312,13.31896
"ENSG00000115568",9.841139,10.02156,9.994493,10.01637,9.679314,9.603621,9.484497,9.442391,10.16458,9.998067,10.33281,10.1881,9.604997,9.768188,9.594276,9.779488,9.348179,9.561214,9.445269,9.70879,9.683425
"ENSG00000115602",15.22217,15.16675,14.71295,14.36625,15.8299,15.63676,14.74388,14.71304,13.82027,14.15687,12.21669,13.94386,14.67482,16.45262,15.22497,14.26197,16.04602,15.80342,15.44862,15.3878,13.13122
"ENSG00000115604",11.51024,11.20026,10.99745,10.60285,11.47128,11.24912,11.10812,11.17756,11.33047,10.55516,9.958309,10.7443,11.85419,12.20476,11.10042,10.91694,12.52141,12.07572,12.18859,12.01952,10.25422
"ENSG00000115649",10.02787,10.71763,10.0092,9.847012,9.789157,9.57204,10.54396,10.04394,10.3179,9.807785,10.91159,10.4216,9.007779,8.841763,9.152804,9.158995,8.746428,8.775879,8.779005,8.722711,8.769062
"ENSG00000115677",12.27844,12.78036,12.09682,12.12559,12.18199,12.35491,11.8949,11.96513,11.89032,12.04121,11.84025,11.83459,13.11927,12.90514,12.88682,12.87487,12.5422,12.47895,12.62397,12.42453,12.72771
"ENSG00000115685",11.26055,11.63311,11.29975,11.31571,11.3596,11.30341,11.05496,10.89898,11.11063,11.50605,11.03143,10.21757,11.07536,10.85229,11.29965,11.28905,11.11764,10.91022,11.34199,11.27062,10.54294
"ENSG00000115760",10.42085,10.02714,10.17676,10.25483,10.15557,10.13218,9.938801,9.958421,9.672926,10.05685,9.827339,9.617136,10.89346,11.09311,10.81502,10.92439,10.73969,10.54292,11.0406,11.20847,11.10682
"ENSG00000115806",9.870387,9.844357,10.26108,9.987003,9.949471,10.83767,9.560791,10.05758,9.764336,10.57088,9.790959,9.991035,10.30957,10.53968,10.51299,10.55668,10.4496,10.37388,10.30509,10.3615,10.41701
"ENSG00000115808",13.19901,13.15439,13.48676,13.3899,13.612,13.52259,13.11597,12.94487,12.86404,13.25051,12.80824,12.78525,13.46253,13.60502,13.8192,13.76703,13.94147,13.69385,14.04341,14.20584,13.8205
"ENSG00000115875",14.16906,14.25894,13.30955,13.69008,13.56012,13.76519,13.38267,13.27294,13.63058,13.73362,13.39287,13.41046,13.82978,12.92046,12.88916,13.29723,13.32288,13.24242,12.99215,12.87579,12.84005
"ENSG00000115935",14.21855,13.64542,14.02962,14.1128,14.08029,14.20103,14.54941,14.24487,14.55334,13.99027,14.57587,14.32314,13.81713,13.9987,13.70625,13.85013,13.77973,13.84405,14.01213,13.98627,13.89668
"ENSG00000115944",12.39443,12.6867,11.95068,11.7233,11.54212,11.86438,11.36764,11.65332,11.6746,11.89161,11.31305,11.80869,11.62673,11.07201,11.24519,11.11148,11.51982,11.19116,11.30407,11.2768,10.89422
"ENSG00000115947",13.72854,13.62124,13.98003,13.82184,13.86421,13.80937,13.54482,13.81363,13.73206,14.05362,13.74254,13.52429,13.84787,13.6972,13.9165,14.06139,14.17572,14.00437,14.07981,13.95754,13.84541
"ENSG00000115956",11.86745,11.78811,12.02536,11.77974,11.77609,11.28202,11.70851,11.9443,12.11042,11.85456,11.86391,11.89105,11.8433,11.34956,11.48238,11.47441,11.22239,11.15323,11.64278,11.59062,11.61981
"ENSG00000115966",14.83194,14.73433,14.63502,14.76992,14.68748,14.94795,14.59812,14.60964,14.71741,14.95217,14.53563,14.59771,14.50831,14.59894,14.6902,14.62623,14.505,14.62919,14.50267,14.52654,14.83383
"ENSG00000115970",11.35771,11.20137,11.28829,11.47949,11.16811,11.07563,10.67854,11.50335,11.48601,11.13693,11.31564,10.81743,12.11992,12.08134,11.62377,11.87597,11.86816,12.18837,12.54072,12.35917,12.24565
"ENSG00000115977",11.20855,10.49684,11.64088,11.65455,11.58959,11.78176,11.33686,11.58458,11.32964,11.47203,11.35108,11.11806,11.67095,12.15757,11.93263,11.95922,11.66951,11.43321,11.90865,11.88535,12.17764
"ENSG00000116016",14.74494,14.48445,15.3865,15.04083,15.24714,15.21518,14.39126,14.82853,15.29496,15.31757,15.28447,15.38666,15.53828,15.67844,15.76308,15.59006,15.58715,15.53979,15.28804,15.18277,15.82073
"ENSG00000116030",11.96056,12.08368,12.19254,12.04034,12.24651,11.98747,11.87041,11.78846,12.0671,12.15294,11.90644,11.73836,12.09668,12.57526,12.08707,12.23222,12.38205,12.12139,12.20921,12.16641,11.96845
"ENSG00000116044",12.36101,11.83433,12.54222,12.51165,12.6501,12.44862,12.543,12.40285,12.41392,12.64589,12.20217,11.68004,12.76994,13.36793,12.91948,12.86953,13.46711,13.03626,12.92685,12.85401,12.81968
"ENSG00000116161",12.53294,13.17992,12.41303,12.32289,12.12765,12.37299,11.64557,11.61712,11.52596,12.95609,10.78353,10.89826,12.3395,11.41874,11.97323,12.01778,11.59544,11.76872,11.79833,11.88971,11.81565
"ENSG00000116171",12.6497,13.11223,12.17651,11.96955,12.36582,11.65843,11.02258,11.77344,10.89119,11.67205,10.69211,10.83277,12.66345,11.44667,11.91664,12.21091,11.8913,12.06999,12.34427,12.25083,11.91613
"ENSG00000116209",15.53815,15.4558,15.44836,15.05583,15.3581,15.54605,14.85961,14.96526,14.76037,15.50645,14.44527,14.42225,14.91006,14.72877,15.22296,15.37415,15.08813,14.95967,15.14207,15.46055,14.80138
"ENSG00000116251",14.64632,14.90371,13.59698,14.47936,13.99577,13.68861,14.69094,14.4867,14.42643,14.32603,14.54236,14.65799,14.17216,12.85919,13.40029,13.34086,13.55076,13.37702,13.42957,12.936,13.24808
"ENSG00000116288",14.90098,14.82349,13.80368,14.05003,14.36587,14.2606,15.12753,14.74648,15.4283,14.39496,15.14006,15.62578,13.47539,13.08563,13.2813,13.33618,13.44993,13.23368,12.87092,12.69803,13.08603
"ENSG00000116350",10.60733,10.79734,10.75317,10.77227,10.96588,10.63145,9.874727,9.826699,9.70644,10.52962,10.01042,9.702489,11.92569,12.06759,11.97302,11.91672,11.74775,11.54647,11.73352,11.99613,11.98825
"ENSG00000116406",10.421,10.67272,10.06952,9.899308,10.0116,10.13859,8.633489,8.702758,9.603111,10.02473,9.384175,10.07201,11.12907,10.96098,10.68339,10.5543,10.77117,10.92516,11.44266,10.9306,11.51297
"ENSG00000116455",10.47026,10.56556,9.409495,9.721231,10.58005,10.12286,9.462166,10.03445,10.33619,9.870634,10.08113,10.32831,10.35936,11.12123,10.00731,10.01425,10.57827,10.14623,9.974535,9.708673,10.06133
"ENSG00000116473",11.95733,12.16972,11.89702,11.78877,12.01144,11.7352,11.43993,11.34319,11.35029,11.78175,10.44528,11.03261,12.2168,12.17593,12.3189,12.19628,12.27312,12.22116,12.39054,12.19309,12.10934
"ENSG00000116478",9.744411,10.78205,10.6077,10.95094,10.35824,10.19944,9.564743,9.675385,9.980358,10.16496,9.646853,9.782743,11.19438,11.09439,11.17013,11.58415,11.02598,10.88972,11.17547,11.38736,10.71944
"ENSG00000116514",10.06743,10.49729,11.44658,11.49412,11.55099,11.80252,10.90085,11.47616,10.94023,12.05143,10.15277,10.80573,10.72251,13.14497,12.04789,11.77899,12.33731,12.02248,11.12029,11.39961,11.42812
"ENSG00000116560",11.70572,11.84656,11.55896,11.53903,11.33354,11.14911,11.49771,11.07147,11.61268,11.61773,11.37675,11.21311,12.37749,12.21671,11.95155,11.88659,11.78673,11.97577,11.82063,11.77345,11.76565
"ENSG00000116586",12.33554,12.12068,11.92626,11.4004,11.53686,11.14012,12.20856,11.70012,12.22268,11.90746,12.3092,12.15986,10.71447,10.29434,11.01887,11.12869,10.57281,10.60296,10.66215,10.61615,10.20476
"ENSG00000116604",10.16701,10.01595,10.11475,10.05897,9.953165,9.969787,8.921244,9.808054,10.67026,10.06405,10.1094,10.32707,8.396038,9.790592,9.320365,9.430666,9.470415,9.00078,9.144402,8.965418,9.139153
"ENSG00000116701",10.37677,10.99316,12.26868,12.01882,11.41306,10.72635,10.19499,9.610338,9.681386,10.19711,12.10539,8.688784,10.3349,10.55301,12.48149,12.34408,12.42948,12.41913,11.49508,11.09448,9.46751
"ENSG00000116731",11.41101,11.57549,11.25923,11.49786,11.22081,11.24788,11.68459,11.3788,11.29218,11.32959,11.19808,11.41996,12.2494,12.22065,12.25352,12.23987,12.34751,12.20882,11.86915,11.96511,12.29478
"ENSG00000116741",16.78835,16.43447,16.98599,16.88866,16.86419,16.86461,16.98038,16.86181,17.08414,17.04504,16.86223,16.70493,17.12199,17.47285,17.1336,17.23342,17.55868,17.5222,17.03518,16.88403,17.10575
"ENSG00000116747",9.412702,9.366733,9.873083,9.380418,9.376683,9.704336,10.2652,9.218873,9.293028,9.943403,8.831766,9.239043,10.97088,11.04277,11.32169,11.24412,11.0292,11.17791,11.32861,11.25345,11.48814
"ENSG00000116750",11.0857,10.83016,10.94662,10.53012,10.56574,11.05717,11.15682,10.81853,10.46052,11.05929,9.990706,10.40075,11.71275,11.64099,11.5021,11.65351,11.35437,11.66691,11.58907,11.5944,11.5456
"ENSG00000116752",11.08101,10.74825,10.47674,10.41544,10.59834,10.71362,10.11876,10.10591,9.63332,10.77351,9.355317,9.991958,11.03577,11.0301,11.01391,11.32897,11.30805,11.19091,10.50177,10.90415,10.62313
"ENSG00000116754",13.76252,13.47818,13.94499,13.76232,13.79591,13.75153,14.13831,13.97429,13.71916,13.83128,13.50341,13.87803,13.34047,13.7429,13.50536,13.62581,13.75575,13.68246,13.6395,13.65103,13.50489
"ENSG00000116815",12.98008,12.83976,13.2542,12.92366,13.05632,12.76485,12.82898,13.05335,12.85198,12.74961,12.90665,12.58021,13.12025,13.4814,13.23848,13.14191,12.73383,12.70144,13.28765,13.09236,12.64708
"ENSG00000116852",9.717103,9.988271,11.06713,10.79322,10.92827,10.56179,10.74292,10.32987,11.42124,10.87089,11.55056,11.13343,10.96683,12.17212,11.25572,11.07939,11.64547,10.73043,11.26984,11.20836,11.42848
"ENSG00000116898",11.42456,12.07724,10.23985,10.30721,10.36792,10.48641,11.18933,10.92661,10.93073,10.47149,10.63875,11.41169,11.44839,10.50794,10.60166,10.49091,10.89121,10.56987,10.34542,9.946327,9.683743
"ENSG00000116906",10.79923,10.63208,10.91638,10.688,10.87725,10.35242,10.52554,10.33299,10.28705,10.45224,9.969622,9.721525,11.09934,10.55007,10.53935,10.57532,10.68658,10.60999,10.8205,10.77514,10.64627
"ENSG00000116918",10.9165,10.85133,11.46984,11.03765,11.57226,11.30003,11.53575,11.22817,11.15127,11.1021,11.50505,10.78333,11.22074,11.67321,11.5645,11.57563,11.82751,11.54631,11.27594,11.29803,11.61608
"ENSG00000116954",12.48827,12.5888,12.39182,12.2992,12.44311,12.50823,11.95947,11.70716,11.44446,12.49532,10.96671,11.35878,12.37639,11.99407,12.62981,12.59614,12.05228,12.06342,12.44321,12.32088,12.28073
"ENSG00000116977",9.416842,9.216188,10.24,10.14715,8.893157,9.456227,9.192403,9.592023,9.429828,9.963798,9.203695,9.1094,12.52286,12.53277,13.04363,12.86965,12.71379,12.79275,12.80515,12.8397,12.67894
"ENSG00000117000",10.61897,10.19827,10.91493,11.15332,10.89694,10.66953,9.292461,10.28727,9.998891,10.71101,9.70801,9.55849,11.75498,12.03596,11.99733,11.68188,11.91473,11.78578,11.99701,11.99442,12.08539
"ENSG00000117036",13.49527,13.31117,13.84287,13.58244,13.39168,13.72183,12.77047,12.75129,13.04465,13.60482,13.00597,13.01005,13.32545,13.72527,13.84025,13.8694,14.3048,13.96416,13.8626,13.9354,13.71301
"ENSG00000117091",12.31908,12.2173,11.93647,11.65135,12.91981,12.73244,11.28268,12.00129,12.48746,12.20835,12.12884,12.25985,12.22546,11.47687,11.93807,12.10944,11.93208,11.65413,11.75976,11.84679,11.86588
"ENSG00000117133",11.7774,11.51,11.33313,11.52656,11.39464,11.44201,11.40619,11.59129,11.60874,11.56096,11.47929,11.73705,11.29969,11.87683,11.74603,11.98867,11.83773,11.64665,11.67417,11.58267,11.50768
"ENSG00000117143",11.01287,11.43581,10.26396,10.62333,10.50687,10.85513,10.572,10.5642,10.25948,10.57951,10.03203,10.65792,10.95023,10.0986,10.1411,10.4646,10.72054,10.76057,9.854412,10.20611,10.00767
"ENSG00000117151",13.65588,13.41845,13.7708,13.4842,13.87037,13.86423,13.63614,13.61167,13.11719,13.84074,13.15974,13.00982,13.45051,13.58844,13.79749,14.01102,13.60346,13.65679,13.91336,13.83745,13.45892
"ENSG00000117222",10.15611,9.560105,10.77334,10.26189,10.15479,10.39892,9.976537,10.37345,10.6196,9.981107,10.56211,10.34509,11.28804,11.40841,11.45465,11.41639,11.52523,11.3786,11.85137,11.63321,11.64371
"ENSG00000117335",14.00855,13.72069,14.64951,14.20848,14.02014,14.37342,14.56655,14.43115,14.20551,14.58762,14.5736,14.13357,15.08128,15.09688,15.52831,15.39871,15.3723,15.25255,15.36672,15.23473,15.28205
"ENSG00000117360",13.35163,13.0431,13.14599,13.58093,13.0243,13.07129,13.07953,12.9446,13.29144,13.12737,13.01397,13.29616,13.53493,13.44912,13.43581,13.2615,13.42127,13.18747,13.57468,13.49069,13.31566
"ENSG00000117362",13.3091,13.46701,13.20247,13.04414,13.62287,13.48684,12.4416,13.16815,13.48405,13.37874,13.81163,13.51281,13.04227,13.49918,13.32043,13.31163,13.09384,12.89902,13.06327,12.92737,12.78921
"ENSG00000117385",10.92634,10.48826,10.40369,10.53918,10.68585,9.905425,10.49739,10.39095,10.76379,10.47781,10.60645,11.23769,10.24536,9.665104,9.937743,10.14684,9.966264,10.0377,9.857672,9.673528,9.861679
"ENSG00000117410",14.03372,14.32827,14.0193,13.6698,13.86782,13.79318,14.54438,14.12335,14.67251,13.78152,14.66033,14.60857,13.06679,13.06166,13.63193,13.42308,13.50275,13.06165,13.27482,13.058,12.75247
"ENSG00000117450",12.21278,11.52891,12.14158,11.63061,12.06847,12.30647,11.93558,11.77594,12.18137,12.3547,11.61339,11.83613,12.00816,11.52056,11.74832,12.15278,11.68384,11.55811,11.90725,11.79513,11.83365
"ENSG00000117475",13.11363,13.03445,13.60921,13.36894,12.98821,13.29878,12.76928,13.21442,12.26664,13.39917,12.64722,12.63066,13.07971,13.16533,13.45421,13.57041,13.21421,13.3167,13.44939,13.40878,13.34916
"ENSG00000117500",10.74742,11.01831,11.38375,11.0829,11.16665,11.59627,10.81063,10.83486,10.35464,11.35137,10.54309,10.34993,11.20721,11.43817,11.38764,11.37355,11.82525,11.53997,11.31764,11.40217,11.45861
"ENSG00000117505",12.51242,12.4743,12.8692,12.57756,12.87764,12.97732,12.69498,12.45557,12.32005,12.57799,12.17045,12.18963,12.38292,12.53116,13.04789,12.81722,12.5247,12.65177,12.78238,12.65304,12.39433
"ENSG00000117523",14.56478,14.39311,14.6785,14.67414,14.71355,14.52349,14.84411,14.54783,14.47252,14.54835,14.02454,13.98365,14.13456,14.2216,14.13976,14.2083,14.39229,14.31137,14.13547,14.12262,14.01939
"ENSG00000117569",10.29686,9.892913,9.603276,9.615495,10.59491,9.917856,9.840726,10.15138,9.948795,9.806091,9.643167,10.16564,11.22934,11.56625,11.15679,10.98695,11.44113,11.38014,11.17101,11.31109,11.45216
"ENSG00000117592",11.12477,11.0226,10.35823,10.59534,10.42013,10.55985,10.60112,10.53597,11.46902,10.51315,10.84245,11.5755,10.80672,10.41948,10.47222,10.54789,10.6376,10.34226,10.20979,9.800774,9.965662
"ENSG00000117614",13.54381,13.51089,13.51451,13.19673,13.74755,13.62707,13.34132,13.18767,12.62509,13.90979,12.51507,12.56473,12.71162,12.77001,13.06469,13.19659,12.79967,12.49223,12.80682,12.99535,12.96187
"ENSG00000117616",13.61961,13.20824,14.01984,13.89343,13.83862,13.86761,13.86886,13.87691,13.85097,13.76509,14.23566,13.92097,14.36711,14.17284,14.21593,14.56479,14.27053,14.21423,14.2599,14.28718,14.34343
"ENSG00000117640",10.90018,10.89802,10.85702,10.80998,11.01213,10.66586,10.53948,10.63823,10.85668,10.90455,11.20678,11.28402,10.22241,10.4157,10.79476,10.56941,10.18996,9.759596,10.03462,9.991376,10.20586
"ENSG00000117697",10.70962,10.84679,10.48451,10.7952,10.72388,10.72213,10.78556,10.64921,11.1901,10.9217,10.53276,10.49351,10.00421,10.09126,10.81536,10.71891,10.61991,10.71872,10.67725,10.81537,10.60913
"ENSG00000117751",11.27917,10.34452,10.92351,11.10603,10.62981,10.79452,11.21635,10.36869,10.92432,10.77408,11.0505,10.77238,11.33195,11.08993,11.77103,11.66251,11.31412,11.34993,11.5022,11.17425,11.28804
"ENSG00000117859",9.875734,9.77214,10.34626,10.37101,10.32664,10.58612,9.575687,9.989401,9.617132,9.855174,9.57864,9.403028,10.91216,10.92405,10.89953,10.79776,10.89311,10.84474,11.08309,10.82905,11.16082
"ENSG00000117984",15.55307,16.09935,15.66185,15.27815,15.44665,14.76077,14.78607,15.37155,16.18714,15.87186,15.50548,16.02791,15.21882,15.54832,14.8976,14.4318,14.9805,14.58057,15.03458,14.72616,14.36198
"ENSG00000118113",12.20711,15.19737,13.70802,13.38269,14.46873,11.42465,13.69046,14.28608,14.76069,8.692244,13.79775,13.25809,8.875023,5.903366,11.23073,7.548616,13.66316,12.65063,8.577656,7.065333,6.186119
"ENSG00000118181",15.39131,15.29995,15.2223,15.30406,15.27492,15.19474,15.01134,15.30495,15.24809,15.16645,15.1074,15.24828,15.09312,14.32901,14.99633,14.93261,14.97283,14.84966,14.58379,14.58777,14.96741
"ENSG00000118217",11.52189,11.75697,11.40684,11.48437,11.86057,11.87293,11.16108,11.37689,11.49461,11.72163,10.99155,10.76214,12.35119,12.18346,12.09749,12.14793,11.74957,11.95127,12.07341,11.70395,12.26422
"ENSG00000118260",11.46997,11.39066,11.82795,11.89584,11.6542,11.88096,11.19443,11.02789,10.79132,11.66763,10.76169,10.85059,11.90709,12.09394,11.98324,12.13362,11.7227,11.75243,12.19843,12.14199,12.20765
"ENSG00000118308",12.30691,11.98892,12.68272,12.63299,12.42576,12.34796,11.77372,12.10213,11.96477,12.46856,12.10681,11.52173,12.72536,13.3999,13.50683,13.68677,13.34062,13.39622,13.96323,13.76414,13.41738
"ENSG00000118363",13.07784,13.07029,12.90875,12.81479,12.7374,13.0681,13.02646,13.00864,12.67001,12.93299,12.93262,12.52705,12.76338,12.60418,12.83716,12.90409,12.75193,12.65869,12.62417,12.81113,12.30015
"ENSG00000118369",9.732853,9.494214,10.14289,10.41172,9.88396,10.31566,9.759156,9.893024,11.34105,10.49955,10.97964,10.85039,9.006605,9.1909,9.047338,9.194364,9.515087,9.455049,9.12359,9.225139,9.417986
"ENSG00000118412",12.5858,12.20333,12.58432,12.19645,13.04677,12.95771,11.90255,11.89371,11.49879,12.12008,11.09506,11.30634,12.78121,13.2351,13.09185,13.2846,13.45586,13.59784,13.61751,13.66127,13.52103
"ENSG00000118482",12.70045,12.11535,12.33323,12.35141,12.57213,12.80455,12.32971,12.03198,11.46746,12.57271,11.77437,11.52034,13.31238,13.85044,13.14995,13.20749,13.20172,13.6661,13.53425,13.65615,13.89046
"ENSG00000118495",10.98373,10.59851,11.2483,10.95644,11.27831,11.53197,11.74834,11.22603,10.57294,10.73916,10.8996,11.63735,11.3817,11.34677,11.0272,11.24971,11.06299,11.51442,10.64436,11.04919,12.20227
"ENSG00000118496",9.969439,9.32234,9.27818,8.915862,9.397418,10.12111,9.206804,9.144817,9.266375,9.932533,8.387546,8.460343,10.89041,10.19724,11.18996,11.34386,10.47326,10.79764,11.44124,11.35047,11.49351
"ENSG00000118503",10.49611,11.33152,11.45773,11.33076,11.57359,11.53411,9.634589,11.54572,11.39048,10.44017,10.26878,11.02179,11.9074,12.58921,12.08822,11.24669,12.91112,12.03501,11.89235,11.62889,9.709171
"ENSG00000118508",13.14556,13.10465,13.3975,13.00647,13.46936,13.6224,13.21281,13.80031,13.33933,13.41059,12.99092,13.06585,12.89421,12.62285,13.48888,13.8663,13.42013,13.40607,13.52295,13.40428,12.99615
"ENSG00000118513",13.29657,13.83848,13.03686,13.03906,13.13113,12.61919,13.49618,13.39517,12.93131,12.6176,13.23372,14.03779,13.79121,12.49352,12.61716,12.82703,12.5063,12.68362,12.18187,12.21946,12.29324
"ENSG00000118518",9.755744,9.169724,9.358565,9.588036,9.562761,9.751911,9.642809,9.839855,9.335569,9.313613,9.381855,9.368054,11.23786,10.95543,11.06456,11.17693,10.87476,10.81755,11.11952,11.26711,11.137
"ENSG00000118564",10.56169,10.85776,11.44361,10.6041,11.18557,10.60812,9.879886,10.38718,9.592572,11.02301,8.238981,9.336378,11.95915,12.5675,12.34167,12.36473,12.17589,12.31464,12.59648,12.39233,12.40692
"ENSG00000118579",10.53569,11.06852,10.48324,10.57222,10.61658,10.46252,10.68644,10.25068,10.31271,10.59279,10.02071,10.76737,11.0272,10.95675,11.23045,10.91927,11.15032,10.94295,10.76019,10.95131,11.12044
"ENSG00000118620",10.73895,10.3909,10.93353,10.70664,10.83094,10.68174,10.4317,10.95152,11.29461,10.73483,10.86006,10.58456,10.58385,10.28498,10.57133,10.63218,11.25582,10.99133,10.57436,10.24979,10.41442
"ENSG00000118640",13.70806,14.12993,13.06306,13.10011,13.11302,13.04281,13.51951,13.31186,13.53841,13.44623,13.77643,13.91545,13.37946,12.89217,13.17514,13.0578,13.11283,12.88614,13.134,13.17069,12.61005
"ENSG00000118680",15.31632,15.40813,15.63453,15.45041,15.33726,15.27257,15.27273,15.16409,15.07866,15.30197,14.75311,14.9677,15.05242,15.05754,15.14472,15.37978,15.0729,15.0466,15.19041,15.28073,14.90202
"ENSG00000118689",14.05732,13.7798,14.32243,14.08719,14.37948,14.15153,14.47984,14.25646,14.34777,14.45653,14.20858,14.20626,14.06038,14.35346,14.51021,14.4417,14.51162,14.66855,14.51939,14.69551,14.49175
"ENSG00000118705",12.08032,12.44114,11.77603,11.61839,11.57058,11.6342,11.07626,11.19097,11.59848,12.05468,11.31438,11.24502,11.60017,11.37086,12.06896,11.88836,11.62071,11.04886,11.10288,11.30693,11.07574
"ENSG00000118816",13.2833,13.52709,14.00164,13.95474,13.716,13.91063,13.61614,13.7036,13.64549,13.50644,13.55221,13.83263,13.32929,13.5431,13.69807,13.7979,13.6198,13.56263,13.41058,13.67432,13.55025
"ENSG00000118855",10.81271,11.34333,10.98087,10.4273,10.91455,10.82064,10.65583,10.54256,10.48604,11.26942,10.21733,10.62028,11.41854,11.44517,11.4413,11.47471,11.26343,11.38999,11.5105,11.36931,10.90615
"ENSG00000118900",12.51637,12.12013,12.46417,12.5029,12.45225,11.82445,12.85603,12.60252,12.21766,12.33062,12.40651,12.53253,11.84715,12.05211,11.95811,12.03989,12.22236,11.97333,11.90437,11.76352,11.36435
"ENSG00000118971",13.15606,13.36209,13.11381,12.88529,12.73649,12.8583,12.91602,12.48982,13.17574,13.24229,12.9285,13.01127,14.32079,14.65586,13.88694,13.65576,14.05694,13.71432,13.91974,13.86334,13.89004
"ENSG00000118985",15.21811,15.01318,15.44087,15.47124,15.35009,15.30905,14.71607,14.88598,15.5208,15.54036,15.31137,15.08084,14.52036,15.02087,15.0728,15.04918,14.81645,14.77849,14.88852,14.85148,14.45673
"ENSG00000119048",14.74851,14.5755,14.81557,14.68175,14.87163,14.70177,14.58241,14.85513,14.71469,15.07312,14.5609,14.5843,14.42229,14.98406,14.7762,14.86859,14.7754,14.63799,15.07841,14.92242,14.70345
"ENSG00000119121",13.76898,13.23868,13.88922,13.94732,14.27002,14.26465,13.51701,13.83023,13.2604,13.76489,13.662,13.19096,15.11359,15.21634,14.82838,14.89055,14.75121,15.03949,15.21019,15.22164,15.21013
"ENSG00000119185",9.898159,10.06207,10.05017,9.754164,10.23556,9.69438,10.18209,9.475777,10.05345,10.19622,7.907262,8.170073,9.497878,8.974451,9.349603,9.808781,9.671324,9.217745,9.187916,9.483503,9.236332
"ENSG00000119203",10.89103,11.21859,9.732123,10.01732,10.12494,9.79451,10.12452,10.07728,9.233179,9.809138,9.047279,8.989758,9.834766,9.369646,9.580599,9.75223,9.466482,8.981041,9.377007,9.412129,9.751527
"ENSG00000119314",12.8361,12.70214,13.71471,13.28586,12.91763,13.05917,12.7898,12.9579,12.78329,12.86851,12.6035,12.26447,13.27907,13.39777,13.85165,13.4581,13.20104,13.41754,13.62755,13.72514,13.96386
"ENSG00000119318",10.98723,11.18164,10.76733,10.73194,11.50817,11.29932,11.08542,11.7702,11.02078,10.70963,11.16199,11.37817,12.03916,11.76879,11.69731,11.45248,11.67742,11.68427,11.67211,11.69731,11.63806
"ENSG00000119335",10.60277,10.67771,10.40967,10.49565,10.15988,10.07445,10.73947,10.77561,10.42242,10.25442,10.56225,10.71778,10.73956,10.64516,10.59472,10.52588,10.68701,10.50069,10.54153,10.24871,10.71762
"ENSG00000119396",13.89719,13.75813,14.01851,13.80721,13.73056,13.72873,14.19069,13.8459,13.97815,13.7454,13.69257,13.69141,13.49799,13.29808,13.91922,13.6551,13.61095,13.52098,13.43478,13.29146,13.48621
"ENSG00000119402",11.61732,11.98808,12.24427,11.64661,12.30267,11.71164,11.44541,11.53009,11.43994,12.42708,11.24178,11.40133,12.67262,13.51782,13.00661,12.72395,13.84736,12.8958,12.4897,12.48679,12.05801
"ENSG00000119408",11.47965,11.35962,11.68249,11.83718,11.35286,11.50031,9.34269,9.664454,11.82536,11.59797,12.3735,12.35606,12.54855,12.7244,11.91787,11.90646,12.12352,12.02122,12.15332,11.96625,12.81648
"ENSG00000119414",13.98023,13.82984,14.04149,13.88923,13.9155,13.8825,13.97145,13.95546,13.83511,13.81937,13.55104,13.52581,13.35267,13.4578,13.45008,13.55753,13.63632,13.46468,13.39547,13.47904,13.22738
"ENSG00000119471",12.70497,12.40055,12.77797,12.45998,13.02778,12.35318,12.99881,13.00836,12.27855,12.96819,12.50221,12.18586,12.55454,13.28761,13.44063,13.11302,13.34237,13.3593,13.50361,13.52909,13.2698
"ENSG00000119522",11.46847,11.7564,11.9252,11.63251,12.23061,12.0436,11.90259,11.92932,11.59333,11.81421,11.74791,11.85717,12.0578,12.1376,11.37299,11.41561,11.86091,11.94988,11.99587,12.09341,12.16897
"ENSG00000119523",13.14602,12.92353,13.30114,13.16105,13.39196,13.50211,12.90158,13.37341,12.70771,13.57611,13.64921,12.94017,12.97977,12.73697,13.2936,13.20466,12.83393,12.8753,12.47735,12.84754,12.50801
"ENSG00000119596",11.3598,10.90687,10.99538,11.0607,11.16527,11.29357,11.85021,11.34941,10.88971,11.20474,10.98064,10.97128,11.61059,11.4211,11.54444,11.43159,11.35714,11.27959,11.22656,11.34643,11.91021
"ENSG00000119632",12.50994,12.61156,12.14637,12.24562,12.00564,11.41914,12.9954,12.90229,13.14583,12.31038,12.83186,12.90063,12.10861,11.904,11.86599,12.17501,12.03257,11.93503,12.10391,12.10198,12.02845
"ENSG00000119638",10.91961,11.08788,10.89695,11.68197,11.06188,10.8587,11.79066,11.50022,11.16345,10.74292,11.58028,11.00238,11.97546,12.05016,11.7806,12.11804,11.73854,11.92601,12.29558,12.07605,12.16016
"ENSG00000119655",11.5173,11.87641,11.43424,10.98052,11.4831,11.11974,12.13577,11.75081,12.36329,11.27771,12.49191,12.37175,10.58136,10.44471,11.3006,11.40679,11.03498,11.00836,11.05797,10.93959,10.49664
"ENSG00000119682",11.4571,11.34904,11.51653,11.24602,11.50364,11.52881,11.04793,11.14118,11.34786,11.5118,11.21915,11.40527,11.64535,11.71595,11.80634,11.86632,11.60766,11.61319,11.84597,11.76644,11.70572
"ENSG00000119685",11.2656,11.01688,10.66545,10.82171,10.63834,10.62251,10.75026,10.7429,11.0125,11.54744,11.04334,11.319,11.80695,11.57529,11.37993,11.43229,11.53356,11.44253,10.87204,10.76271,11.78456
"ENSG00000119705",13.77627,13.85843,13.34599,13.26163,13.25624,13.54233,13.50564,13.36018,13.84621,13.67973,13.622,13.74819,13.24303,12.97052,13.08243,13.19928,13.11652,13.09436,13.12704,13.06567,12.63833
"ENSG00000119718",10.1477,10.37782,10.20363,10.20782,10.25541,10.16834,9.964743,10.01756,9.673671,10.69268,9.966633,10.0371,9.771701,10.00801,10.42226,10.51227,10.02973,9.699889,10.12593,10.26053,9.745992
"ENSG00000119729",13.18266,12.51894,13.42865,13.16704,13.51793,13.42466,13.48785,13.56028,13.31485,13.2209,13.4394,13.286,13.21257,13.53701,13.75485,13.57038,13.56556,13.40928,13.72108,13.62772,13.52711
"ENSG00000119760",12.85922,12.46768,12.48879,12.68645,12.76333,12.6383,12.50795,12.3817,12.64182,12.64754,12.6759,12.70014,13.21288,13.11842,13.32223,13.67607,13.26299,13.23758,13.07304,12.94834,12.94176
"ENSG00000119801",12.31416,12.21456,13.0934,12.34159,12.99533,12.85556,12.16825,12.56849,12.06287,12.93722,12.01369,11.80319,12.48933,13.43215,12.72818,12.66258,13.30953,12.95347,12.57704,12.50411,12.43914
"ENSG00000119820",10.61653,10.59246,10.76425,10.65824,10.51655,10.99287,10.25007,10.10453,10.60459,10.65861,11.4167,10.64871,11.42817,11.17974,11.41,11.17741,10.97034,11.05049,11.86023,11.85304,11.78572
"ENSG00000119844",15.21584,14.89632,15.2742,15.07389,15.20006,15.27338,14.87961,14.74989,14.66403,15.2588,14.44014,14.28628,14.76873,14.64773,14.88828,14.97572,14.75355,14.76863,15.00874,15.03342,14.71302
"ENSG00000119878",14.31024,13.9535,14.0473,13.93737,14.22569,14.04016,14.25558,13.90767,14.07023,14.12938,13.97233,14.10789,14.4994,14.35153,14.03121,14.53046,14.16785,14.295,14.6084,14.48711,14.54534
"ENSG00000119900",14.30331,13.95534,14.44444,14.41534,14.47173,14.20844,14.77828,14.67083,14.38878,14.01453,14.19593,14.4946,14.05977,15.00347,14.98718,14.93361,15.11434,15.41697,14.60753,14.49799,14.94631
"ENSG00000119917",11.44367,10.93384,11.85868,11.77385,12.10974,11.5092,10.56845,10.44402,11.21076,11.05173,11.38756,10.39283,10.99442,10.84162,11.7755,11.83241,12.06678,14.03743,12.07542,11.66749,12.62207
"ENSG00000119950",11.20563,11.25072,10.28232,10.68124,11.06144,10.8989,10.97135,11.53283,10.99171,11.55159,10.67942,10.74614,9.901308,9.941166,9.766441,9.868879,10.25002,9.978363,9.936042,9.812019,10.80991
"ENSG00000119979",12.94481,12.7107,13.09135,12.56181,12.75516,12.62327,12.60957,12.60482,11.51099,12.40286,12.30804,11.84097,12.27285,12.07702,13.04174,12.81082,12.44712,12.62758,12.82143,12.72618,12.82902
"ENSG00000120008",11.65703,11.50576,12.16665,12.00111,12.45811,12.36675,12.08731,11.72406,12.01153,11.85985,11.88824,11.82871,12.37871,12.70786,12.46121,12.3469,12.3009,12.21083,12.51876,12.35245,11.79719
"ENSG00000120071",12.99621,12.8475,13.17383,13.13754,13.25504,13.15159,13.23444,12.94275,13.1209,13.368,13.00411,13.11951,11.9257,12.72783,12.56118,12.4634,12.47144,12.39328,12.33073,12.30287,12.50184
"ENSG00000120129",11.88624,11.41737,11.86128,11.52702,11.38968,11.84146,12.11224,11.85326,12.0481,11.85516,12.28939,12.02371,11.45494,11.23757,11.34831,12.26788,11.97114,12.03361,9.79867,10.83511,11.14686
"ENSG00000120217",10.60227,9.364164,11.02181,11.30169,9.8018,10.90643,9.741507,9.917576,10.50687,11.22769,10.8906,9.880232,10.97505,10.51308,11.64694,11.95966,11.50232,11.73053,12.20016,12.19924,11.12119
"ENSG00000120333",13.0253,12.9218,12.22167,12.3876,12.09261,12.61176,12.99442,12.78548,13.22874,12.54347,13.22125,13.14793,12.63013,12.14142,12.48951,12.2641,12.15666,12.19486,12.55017,12.38513,12.586
"ENSG00000120438",10.41797,10.99758,10.26463,10.2655,10.14451,9.340338,8.657894,9.10184,9.091895,10.1869,8.226707,8.755101,10.28921,10.30842,10.45823,10.43493,10.36798,9.504307,10.41272,10.14648,9.691817
"ENSG00000120451",11.01112,11.01287,11.19598,11.21214,11.02783,11.06208,10.89164,10.68069,10.99413,11.39352,10.77034,10.95546,11.52005,11.04253,10.84888,11.06981,10.85883,10.98805,11.35369,11.35292,10.90118
"ENSG00000120519",10.52703,10.21982,10.38688,10.01834,10.6345,10.67463,10.82202,11.08964,11.46609,10.26255,11.40762,11.60236,10.24297,11.35776,10.99612,10.91942,11.10922,10.69983,10.69935,10.62092,10.81846
"ENSG00000120594",12.59162,12.2946,12.48759,12.49824,11.92926,12.16024,12.83325,12.08135,11.58181,11.82584,11.7877,11.17354,12.50982,12.70828,12.59592,12.42743,13.34881,12.96627,13.14622,12.63325,12.24802
"ENSG00000120685",12.1356,12.22933,11.95908,12.04775,12.09127,12.06886,12.54909,11.80808,11.6118,11.55887,11.43597,11.73606,12.0601,11.75173,11.64849,11.89614,11.6438,11.87615,11.60177,11.91198,11.44823
"ENSG00000120686",11.35134,11.4976,11.37007,10.81085,11.17698,11.49666,11.10467,11.33517,11.15398,11.51277,11.24763,11.30804,11.95768,11.56169,12.08311,11.9825,11.76947,11.7934,11.46686,11.53011,11.29897
"ENSG00000120688",10.80351,10.67408,10.9373,10.38987,10.75573,10.62409,11.17588,10.76608,10.68672,10.2755,10.10888,10.22853,10.26341,10.28446,10.58009,10.45532,10.49615,10.46486,10.39688,10.34216,10.10553
"ENSG00000120694",10.85067,11.00419,10.07533,10.65393,9.877401,10.64736,10.53415,10.52896,11.08679,11.17474,9.82715,10.59623,11.26228,10.80285,11.00034,10.86044,11.12751,11.03118,10.07565,10.29987,10.9716
"ENSG00000120697",11.00571,11.03586,10.13639,9.980764,10.54733,10.18413,10.63024,10.56633,10.21486,9.891447,10.65704,10.39073,9.856963,9.589003,9.882704,9.998972,10.12135,9.846466,9.923857,9.669873,9.47714
"ENSG00000120709",9.872084,10.23996,10.30863,10.58865,10.06546,10.14568,10.57916,10.14857,10.52567,9.948967,10.9081,10.93943,10.23739,10.93512,10.27838,10.27043,10.37999,10.35138,9.623616,10.01741,10.09262
"ENSG00000120725",12.66974,12.11971,11.56501,11.99516,12.19331,11.89048,12.543,12.48335,12.48896,12.05357,13.13943,11.99952,11.47872,12.10967,11.59641,11.33585,11.60652,11.29115,11.34797,11.23398,11.4652
"ENSG00000120802",10.3728,10.75427,10.94853,10.78547,10.68579,10.42356,9.093282,9.929751,9.870028,10.51418,9.458444,9.227633,12.1398,12.32637,12.42284,12.14827,12.3043,12.21775,12.36757,12.30859,12.11881
"ENSG00000120805",10.32433,10.0418,10.29672,9.978906,10.29226,10.2563,10.65363,10.33287,10.70877,10.34206,10.21504,10.42047,10.9511,10.78355,10.49142,10.52384,10.76509,11.09786,10.66784,10.12113,10.3089
"ENSG00000120833",13.04442,13.39253,14.25118,13.99027,14.4839,14.54438,12.78677,13.73272,11.97144,14.4066,12.47264,12.55727,11.76504,14.75718,13.99337,14.05259,14.23608,14.13166,13.20438,13.41926,12.99769
"ENSG00000120860",12.29037,12.18643,12.23733,12.22001,12.4864,12.13471,11.81119,12.29585,11.97117,12.25883,11.99174,12.13112,12.02847,12.06055,12.11346,12.17752,11.98446,12.1775,12.46007,12.29794,12.05623
"ENSG00000120868",11.10581,11.277,11.20842,11.05316,10.86904,10.96619,11.12525,10.78958,10.91165,10.80333,10.58649,10.91352,11.53718,11.7174,11.60271,11.50449,11.55997,11.33149,11.72508,11.57465,11.50067
"ENSG00000120899",11.38008,11.97579,11.8923,12.05003,12.03347,11.28124,10.99984,10.91987,11.3748,11.69319,11.04906,11.63811,12.79874,13.18262,12.62765,12.6452,12.72463,12.28755,12.62196,12.2993,12.55304
"ENSG00000120910",10.92933,10.97073,11.12378,11.53205,11.15959,11.03639,10.50313,11.40592,11.53124,11.46886,11.40615,11.60914,11.16646,11.47438,11.8273,11.46827,11.74014,11.78242,11.51469,11.45029,11.70103
"ENSG00000120942",12.44811,12.29244,11.45556,12.19039,11.17781,12.11116,11.79922,11.73314,12.00559,12.23839,12.01794,12.26764,11.66425,11.03614,11.10285,11.66234,11.3015,11.24993,10.93382,10.74785,10.75088
"ENSG00000120948",10.65155,10.94329,10.94455,10.96312,10.81778,10.67085,10.22301,10.41701,10.50073,11.10062,9.984303,10.32698,12.19165,12.23737,12.25555,12.2969,12.02462,11.99859,11.99623,12.21275,12.14991
"ENSG00000120963",12.74216,12.80915,12.73045,12.94981,12.85976,13.01666,12.60472,12.63224,12.63925,12.94902,12.61437,12.0459,12.38699,12.83119,12.74572,12.4809,12.4525,12.43055,12.41016,12.72128,12.21371
"ENSG00000121060",14.25585,14.29899,14.52104,14.37634,14.55652,14.09946,14.56295,14.38807,14.01132,14.10997,14.08818,13.89844,14.14481,14.56112,14.81548,14.53701,15.01542,15.04702,15.14819,15.1126,14.40196
"ENSG00000121073",13.24964,12.95725,12.86913,12.86984,14.21919,14.13246,13.90826,13.65976,13.86573,13.17899,13.93209,13.45328,14.00467,12.85044,12.79127,13.0679,13.105,13.28865,12.79624,13.07705,13.12855
"ENSG00000121104",12.5518,12.41068,12.89779,12.98392,13.5195,13.44044,12.32534,14.03974,13.10473,13.0231,13.38017,13.15689,13.28613,13.25995,13.1832,13.35596,13.65188,14.12384,14.0506,14.16164,13.1874
"ENSG00000121210",10.22439,10.55465,11.1054,11.4479,10.45578,9.888104,10.09305,9.954724,10.38044,9.512769,9.965479,10.06571,10.42569,10.58997,10.37922,10.38506,10.58267,10.4376,10.45198,10.18991,10.49897
"ENSG00000121274",10.39148,10.36112,10.95627,10.45714,10.5588,11.21357,10.82606,10.93823,10.67169,10.83175,10.30633,10.68219,10.5698,10.72693,10.96851,11.09622,10.96804,10.91177,10.79781,10.91,11.10881
"ENSG00000121390",11.33236,10.94552,11.49562,11.90787,11.90617,12.4379,12.04234,12.70175,11.37526,11.06215,11.895,12.77699,13.19609,13.05153,13.102,13.32819,13.49826,13.29688,13.49967,13.50256,12.8855
"ENSG00000121417",9.908411,9.855348,10.47544,10.72118,10.8949,10.77471,10.56649,10.42711,10.25423,11.19687,10.31888,10.19412,10.02012,10.02037,10.74002,10.7396,10.59375,10.37753,9.823874,9.650385,9.715359
"ENSG00000121577",12.49149,11.75559,12.61539,12.60314,12.69009,12.41731,12.72437,12.54428,13.14079,12.61791,12.12463,12.87816,11.78535,12.07811,11.97066,12.02476,11.92702,12.16474,11.62097,11.50116,11.6373
"ENSG00000121691",13.87389,14.5356,13.49392,14.03778,13.0076,12.93996,12.11404,12.27345,13.04776,13.61649,12.60762,12.5056,12.42645,9.975351,14.37088,14.63066,13.76349,13.81954,13.6278,13.85291,11.03239
"ENSG00000121716",13.28663,13.28094,12.65968,12.91858,12.73757,11.84157,12.29698,12.52965,12.93636,12.22623,13.68671,13.14921,12.844,13.42195,12.82461,12.82912,12.95657,12.47487,12.97508,12.69857,12.15306
"ENSG00000121766",10.79624,11.02744,10.59827,10.20282,10.44653,10.04565,10.66922,10.00291,9.902334,10.46065,10.42931,10.26918,10.27102,10.16888,10.31349,10.2753,10.42764,10.38465,10.51688,10.3561,9.87695
"ENSG00000121774",12.22915,12.05973,12.18057,11.89259,12.00169,11.83534,11.91272,11.94686,11.49117,11.94828,11.26357,11.24692,12.52021,12.48734,12.55688,12.61162,12.57936,12.40203,12.51362,12.3649,12.70401
"ENSG00000121892",13.85395,14.05877,14.02628,14.10406,14.0552,14.09645,13.83698,13.93667,13.89246,14.0924,13.54096,13.69491,14.26043,14.47184,14.43049,14.48253,14.32312,14.33669,14.33237,14.32703,14.26631
"ENSG00000121964",10.84014,10.7886,11.03965,10.54158,10.81896,11.11006,10.26334,10.69742,10.95901,11.29148,10.42324,10.86972,10.62098,10.74704,10.88315,11.09244,10.88592,10.44833,10.30377,10.58254,10.83022
"ENSG00000122026",15.51867,15.80243,15.37926,15.59078,15.58406,15.20169,15.54748,15.81046,15.57225,15.31036,15.4486,15.5868,15.01718,14.6615,15.01304,14.90662,14.89962,15.00994,14.66805,14.81512,14.42836
"ENSG00000122033",10.6588,10.39571,10.81642,10.78487,10.80929,10.95394,11.17048,11.00256,10.81452,10.64799,11.27057,10.78125,10.91036,10.60043,10.66171,10.87543,10.65922,10.77607,10.83878,10.75822,10.92417
"ENSG00000122034",13.56251,13.22626,12.98804,13.14838,13.37819,13.85355,13.1561,13.26052,13.62384,13.36168,13.39076,13.26206,13.04026,13.125,12.68982,12.94497,12.85918,13.02131,13.05543,12.96945,13.04476
"ENSG00000122203",10.59898,10.29257,10.52584,10.55475,10.49465,10.48114,9.927581,10.65703,10.75916,11.047,10.26288,10.59052,10.79019,10.91918,10.92749,11.06494,10.56873,10.79542,10.40855,10.67054,10.99275
"ENSG00000122223",13.95759,13.89753,14.38975,14.13137,14.60339,14.57181,13.99732,14.18069,13.96422,14.20094,14.08529,14.36033,13.96945,14.69609,14.28299,14.33366,14.36002,14.29747,14.61821,14.50546,14.60927
"ENSG00000122257",13.39225,13.47321,13.61939,13.27106,13.3324,13.73152,12.66706,13.16929,12.93451,13.67485,12.66618,12.69331,13.65031,13.27227,13.50937,13.53041,13.78398,13.79493,13.55717,13.39986,13.20777
"ENSG00000122299",12.59552,11.97133,12.38449,11.94876,12.66995,12.46723,13.05113,13.18047,12.78084,12.32801,12.5101,12.51148,12.33729,12.37694,12.33251,12.34611,12.29588,12.48546,12.24815,12.27197,12.25699
"ENSG00000122359",15.95032,15.93022,16.18831,15.93312,16.19545,15.93663,16.07841,15.74454,16.2247,15.92605,16.34338,16.32243,15.8259,15.97964,15.77402,15.63383,15.9565,15.75648,15.83999,15.8475,16.01273
"ENSG00000122406",15.46254,15.55678,14.3203,15.29362,14.77839,14.54218,14.60962,15.02216,14.38986,14.3401,14.59242,14.34732,15.02213,13.52052,14.30346,14.11314,14.40258,14.13506,13.92168,13.64035,13.96436
"ENSG00000122490",11.2351,11.00949,11.32679,11.25906,11.8633,11.44922,12.64215,12.08808,12.4791,10.60996,12.00387,12.24969,10.45163,10.9655,10.72415,10.30593,10.85903,10.27882,10.83633,10.57938,10.38523
"ENSG00000122512",11.33549,11.27682,11.64965,11.80083,11.43763,10.90089,11.76947,11.75055,12.18534,11.3355,12.1651,12.38231,11.95256,11.55933,11.4971,11.22401,11.82498,11.42199,11.75455,11.73784,11.17266
"ENSG00000122545",12.29587,12.08373,12.44735,12.25893,12.16415,12.35254,12.16353,12.08487,11.7168,12.42808,11.70048,11.73345,12.32935,12.51904,12.44944,12.56287,12.42148,12.25671,12.45601,12.49945,12.63369
"ENSG00000122550",10.16953,10.20959,10.88066,10.58243,10.44229,10.09836,9.405329,9.853226,9.271873,10.54486,9.507486,8.747524,10.31729,10.22637,10.08651,10.64359,10.63916,10.72352,10.44247,10.42004,9.985882
"ENSG00000122557",13.37605,13.3115,13.81303,13.47311,13.78412,13.74756,13.56503,13.87364,13.43824,13.9122,13.47637,13.29793,12.93126,13.02623,13.57723,13.44683,13.73981,13.57825,13.14353,13.37058,13.71246
"ENSG00000122565",12.38161,12.45059,12.28113,12.36151,12.34352,12.54669,12.11264,11.7844,11.35067,12.18721,11.08399,11.60613,12.74482,12.50049,12.90547,12.57152,12.45022,12.30186,12.47163,12.60728,12.6171
"ENSG00000122566",12.06448,12.31025,12.4379,12.28882,11.71088,11.76027,11.604,11.2223,11.26644,12.19248,11.29862,11.6446,13.826,14.10603,13.94795,14.04132,13.81158,13.77754,13.577,13.81838,13.2693
"ENSG00000122591",9.973764,9.738915,10.91591,10.55542,10.85291,10.54481,10.45083,10.60783,10.45719,10.94221,10.31537,9.67447,11.37237,10.62372,10.58754,10.51573,11.56967,11.1126,10.71139,10.96775,11.18267
"ENSG00000122643",11.60185,11.58342,11.69348,11.5227,11.95058,11.42968,11.488,11.61272,10.80004,11.63909,10.87355,10.8007,11.72667,12.02074,12.20303,12.20758,12.04935,12.06601,12.33568,12.20639,12.21131
"ENSG00000122674",12.24283,12.4917,12.47801,12.16844,12.55687,12.42872,11.6929,11.77455,12.01352,12.49529,12.1065,11.57823,11.74901,12.3111,12.23379,12.33891,11.66442,11.89205,11.92426,11.38629,11.80872
"ENSG00000122694",12.97846,12.91827,13.23465,12.76018,13.03985,12.74459,13.57233,13.34453,13.46407,13.27123,13.65017,13.24521,12.80962,13.27477,12.86705,12.97014,12.95803,12.67079,13.0406,13.07232,12.90009
"ENSG00000122705",13.27863,13.59132,12.80192,12.65343,13.05095,12.85815,13.0684,12.71788,12.89968,12.69676,12.65351,12.89272,12.28813,11.66232,12.28785,12.60585,12.34746,12.13075,12.409,12.15387,12.00601
"ENSG00000122729",10.88085,10.65464,11.20532,10.87649,11.89463,11.73003,11.08866,11.36267,10.99635,11.126,11.04796,11.03532,11.66341,11.73941,11.24319,11.44987,11.61872,11.37834,11.67721,11.63901,11.90216
"ENSG00000122779",11.93098,11.92423,11.84509,11.40304,12.08075,11.91045,11.75538,11.61393,11.93051,12.01607,11.73003,11.88022,11.71598,11.65133,11.67979,11.78047,11.63056,11.68039,11.42577,11.65179,11.97278
"ENSG00000122862",16.24253,16.78691,15.94971,15.93337,16.03325,15.83562,16.02533,16.21669,15.78351,15.99592,15.7697,16.16326,16.01791,16.04667,15.8582,15.57093,16.30257,15.88111,15.26262,14.85687,14.69666
"ENSG00000122958",12.16523,12.18962,12.40214,12.14487,12.05655,12.26235,12.37815,11.99852,11.3773,12.20986,11.88565,11.67681,12.85564,13.21034,13.34808,13.17832,12.96374,12.72873,12.81907,12.97485,13.2499
"ENSG00000122986",11.13467,11.19088,12.33585,12.3453,11.8467,11.747,12.71791,12.0896,12.76326,12.43144,12.43451,12.37713,11.65751,11.3099,11.49987,11.48566,11.5236,11.46495,11.46701,11.5516,11.4237
"ENSG00000123066",15.08038,14.89292,15.29539,15.111,15.27205,15.28008,14.83255,15.06631,15.05776,15.41527,15.01853,14.9373,15.91629,16.05474,16.04693,16.04892,15.94598,15.91989,16.01248,16.06694,16.13361
"ENSG00000123104",11.61571,10.96898,11.53704,11.46547,11.88085,11.55745,11.76948,11.76269,11.12418,11.55409,11.56645,11.3441,12.40086,12.37944,12.05807,12.07777,12.38835,12.55351,12.32537,12.55203,12.44334
"ENSG00000123106",13.60311,13.04034,13.63991,13.61257,13.27131,13.39524,14.22847,13.62146,13.28883,13.43985,13.38821,13.09658,13.64631,13.38947,13.60374,13.63412,13.48202,13.50719,13.60941,13.62194,13.59615
"ENSG00000123124",10.68777,10.51163,11.02662,10.86998,10.84105,10.91168,10.50032,10.41575,9.808753,10.96074,10.22006,10.36584,12.06134,12.05867,12.0882,12.0429,11.33187,11.32625,12.20583,12.19759,12.16209
"ENSG00000123143",9.923278,9.787559,9.865766,9.635523,9.954798,9.931843,9.807955,9.958861,10.223,9.916161,9.856944,9.837227,10.81306,11.00178,11.14355,10.94797,11.17997,11.00156,10.47068,10.38949,10.79218
"ENSG00000123146",13.3002,13.02687,13.82969,13.78467,12.94073,12.65609,12.76758,13.01973,13.36647,13.30032,13.69968,13.51778,13.96556,14.2771,14.06448,14.07271,14.06011,13.6912,14.23882,14.14768,14.32415
"ENSG00000123200",14.40589,14.05581,14.75927,14.68118,14.48355,14.61082,14.68692,14.46335,14.1738,14.70288,13.75555,13.83821,15.26791,15.28224,15.06355,15.26881,15.03218,15.32232,15.41631,15.38859,15.41286
"ENSG00000123268",12.33925,12.37904,12.48393,12.57427,12.23368,11.97812,11.80946,12.01896,12.42029,11.7785,12.42332,11.77457,12.11239,12.20892,12.42364,12.46977,12.48082,12.13576,12.01405,12.26753,11.91385
"ENSG00000123329",11.17202,11.35072,11.54604,11.96101,11.19511,11.22725,11.77804,11.97345,11.52972,10.52542,11.7255,11.96459,9.616604,10.42784,10.20198,10.01901,10.00685,9.70971,9.9616,9.927167,9.374107
"ENSG00000123338",10.73022,11.07233,11.07943,11.11003,11.16637,10.81703,10.11253,10.08725,10.02312,10.57071,9.702109,10.21164,12.13633,12.52804,12.12577,12.12827,11.99327,11.87878,12.31724,12.17442,12.13788
"ENSG00000123349",15.53573,15.47864,15.53622,15.64081,15.36201,15.21673,15.68073,15.6512,15.68418,15.69412,15.49093,15.45941,15.34496,15.16496,15.54334,15.59203,15.58802,15.06325,15.34954,15.21953,15.11337
"ENSG00000123353",12.8966,12.8949,12.78108,12.52645,12.71814,12.6867,13.17146,12.61396,13.02075,12.6663,12.97808,12.97659,11.89183,11.67327,11.95407,12.21074,12.12634,11.57021,12.02138,11.88992,11.69775
"ENSG00000123405",13.70947,13.49774,14.13262,14.11665,13.82106,13.99969,14.39412,14.00663,13.5818,13.26516,14.04537,14.07322,14.03145,14.10063,14.43725,14.75242,13.95254,13.71534,14.28789,14.32754,14.41965
"ENSG00000123416",15.65826,16.06947,15.71729,15.49091,15.73571,15.73816,15.98827,15.84797,15.9921,15.36503,16.05909,16.01856,15.35195,14.6608,15.56955,15.5036,15.42665,15.20687,14.94979,14.98604,14.9665
"ENSG00000123505",13.11434,12.9415,13.05666,13.0208,12.50904,12.87272,13.20246,13.05801,12.52111,13.04485,12.49897,12.57699,12.85682,12.95262,13.35794,13.34358,13.15025,13.09219,13.3294,13.20427,12.99576
"ENSG00000123636",13.98993,13.75855,14.46777,14.57204,14.28892,14.09128,14.63367,14.45354,13.97627,14.41913,13.38512,13.0614,14.28878,14.60631,14.90222,15.00993,14.63827,14.69387,14.71773,14.91225,14.6121
"ENSG00000123684",10.1291,10.05671,10.60136,10.11707,10.21334,10.14522,10.54304,10.67614,10.50327,10.77557,10.12168,10.15267,10.60602,10.91195,10.67618,10.63233,10.7394,10.63054,10.97096,11.14701,10.87513
"ENSG00000123737",12.4437,12.57515,12.21349,12.04886,12.03003,12.22076,12.25881,12.0924,12.14735,12.30208,12.1947,11.84199,11.98469,12.05626,11.87574,11.64395,11.88072,11.89501,11.83598,11.63448,11.34473
"ENSG00000123933",9.611818,9.686545,10.06351,10.2189,10.13962,9.76154,9.507519,10.95793,11.14806,10.15219,11.0545,11.36112,9.897576,9.981424,10.40974,10.29366,10.15631,9.760731,10.63523,10.49188,9.890224
"ENSG00000124107",12.38378,13.24053,9.057466,9.580925,10.38678,8.519184,12.42881,11.58769,11.51022,9.074667,11.64329,13.36184,10.12181,8.144555,9.881183,8.929054,9.694831,9.249786,8.692122,7.895391,8.339576
"ENSG00000124126",14.53841,14.146,14.93514,14.99356,14.88103,14.85466,14.47059,14.74999,14.67762,14.86642,15.1448,14.66181,14.80157,15.13917,15.03675,15.052,14.82945,14.9741,15.15906,15.1742,15.1205
"ENSG00000124151",12.8628,12.8808,13.50834,13.45201,13.35696,13.53594,12.659,12.80914,12.45321,13.13921,12.65384,12.42737,14.39002,14.82461,14.60711,14.54741,14.53096,14.62175,14.82641,14.79153,14.90848
"ENSG00000124155",12.09764,12.43353,11.65885,11.46667,11.86405,11.5779,12.12172,11.64387,12.12561,11.97311,11.84296,12.44299,10.43863,10.44039,10.55368,10.61521,10.67779,10.4885,10.51676,10.30124,9.732513
"ENSG00000124193",9.966495,11.03649,10.54851,10.4777,10.63743,10.08017,9.541914,10.10355,9.521008,9.533973,9.563725,10.30738,11.79332,11.39195,11.31409,11.35282,11.41594,11.14022,10.78567,10.63792,11.12212
"ENSG00000124201",11.19947,11.11739,11.83402,11.71001,11.35399,11.10012,11.44281,11.1133,10.85963,11.37531,10.70284,10.44545,11.62003,12.01314,11.97071,11.9312,12.09724,12.09026,11.91282,11.63959,11.80377
"ENSG00000124208",11.42345,11.44973,11.23219,11.2853,11.8273,11.7524,11.81083,11.57144,11.6964,11.46684,11.50862,11.79837,11.13533,10.93641,11.28819,10.94985,10.86559,10.86469,10.73808,10.78921,11.12055
"ENSG00000124214",11.34286,11.2369,11.51793,11.38202,11.61884,11.34954,11.69007,11.2664,11.34472,11.67801,11.33324,11.26434,11.39129,11.59837,11.59562,11.37298,11.26776,11.33694,11.41117,11.41988,11.56146
"ENSG00000124222",9.939994,10.43414,10.49469,10.40303,10.40111,10.71485,10.15284,9.917689,9.659561,10.27839,9.805819,9.392509,11.66237,11.97648,11.47387,11.22446,11.43735,11.36024,11.83751,11.89726,11.90626
"ENSG00000124226",11.07103,11.24384,11.24152,10.97353,10.95238,10.84833,11.2219,11.2434,11.0595,11.02964,11.01034,11.00417,10.75985,11.1913,11.13411,10.97261,11.37662,10.86072,10.74706,10.50025,10.13013
"ENSG00000124275",11.09194,11.00384,11.60639,11.50131,11.33602,11.47223,10.42809,11.58663,11.18956,11.64116,10.77443,11.27575,11.39775,11.73454,11.56736,11.42262,11.89784,11.50834,11.25295,10.95031,10.77853
"ENSG00000124357",12.17487,12.54547,11.65364,11.46425,10.49896,9.768139,12.09434,12.46421,12.21072,12.43115,12.25323,12.20616,11.74057,12.44135,12.40105,12.73685,11.0896,10.64513,12.34533,12.12094,11.60413
"ENSG00000124422",12.51016,12.40508,12.60252,12.64974,12.56698,12.50315,12.81301,12.65768,12.8979,12.5356,12.84595,13.17767,12.52675,12.89111,12.96288,12.97061,13.01139,12.71231,12.66396,12.53993,12.79068
"ENSG00000124469",15.42809,15.93542,13.46379,13.96981,13.88831,11.59092,14.74753,14.6491,14.38849,12.82872,14.7825,14.97485,14.74977,8.529707,13.99693,11.46265,14.42246,13.57034,11.26671,9.123964,8.07744
"ENSG00000124486",11.19527,11.03966,11.40372,11.26634,11.03458,11.13768,10.46127,10.73564,10.70783,11.11393,10.90154,9.907396,10.88454,11.62651,11.80253,11.88687,11.62981,11.30195,11.70152,11.63049,11.65039
"ENSG00000124496",11.55403,11.32869,11.80351,11.43535,11.83573,11.33371,11.56435,11.68416,11.95742,11.86194,11.7018,11.96989,11.81114,12.0004,11.71936,11.39227,11.88294,11.70758,11.7341,11.97119,11.63499
"ENSG00000124596",10.20921,9.256118,10.08693,10.23038,10.05641,10.39507,9.410249,9.343521,9.34442,10.24388,9.557578,9.380065,10.31348,10.74937,10.55066,10.63117,10.50511,10.53179,10.4236,10.59432,10.57658
"ENSG00000124614",15.46566,15.40142,15.21313,15.2891,15.20523,15.14165,15.58736,15.43612,15.16524,15.28055,15.29998,15.16369,15.06374,14.86812,14.87288,14.68853,14.91001,14.66639,14.58512,14.53321,14.7005
"ENSG00000124641",9.953573,10.25118,10.79289,10.46258,9.979996,9.89237,9.437442,10.09371,11.11804,10.42366,10.30295,10.57291,10.64916,10.7199,10.47725,10.77615,10.50812,10.05581,10.56781,10.47199,10.40924
"ENSG00000124659",10.09797,9.983186,10.17978,9.779148,9.30035,10.27119,10.35631,9.838986,10.31081,10.2816,10.66311,10.2659,10.0835,9.656184,9.676914,9.797817,9.515753,8.986112,9.338211,9.440706,8.990253
"ENSG00000124688",12.08281,11.61809,11.87061,11.81689,11.67706,11.89383,11.86238,11.65994,11.70361,11.82048,11.78432,11.64647,10.95511,10.70649,10.77239,11.02894,10.9066,10.83783,10.26284,10.25554,10.59583
"ENSG00000124702",10.37392,10.74279,10.17615,10.20555,10.56726,10.59434,9.587712,10.51965,10.48137,10.80976,11.06489,10.78247,10.44542,10.3484,10.45888,10.3386,10.34017,9.728519,10.57935,10.22576,10.55691
"ENSG00000124782",13.10561,13.21445,13.11806,13.20335,13.38598,13.65682,12.78874,12.89779,13.28475,13.60069,13.27359,13.55605,14.32714,14.38725,14.26365,14.32,13.97928,13.7856,14.08142,14.19743,14.13104
"ENSG00000124783",12.38574,12.71878,12.64635,12.61538,12.54424,12.954,12.50346,12.49855,11.9674,12.6305,11.75338,11.91121,12.59265,12.89855,12.99744,13.25276,12.91415,12.77138,12.74332,12.86961,12.69499
"ENSG00000124789",13.56895,13.67212,14.11574,13.87787,13.84943,13.53846,13.3944,13.35649,13.16919,13.38535,13.25419,13.15357,14.18034,14.21011,14.28905,14.32961,14.16956,14.14274,14.56314,14.41852,14.18438
"ENSG00000124795",14.988,14.98271,14.60386,14.49812,14.78037,15.14861,15.44037,14.85106,14.33361,14.79305,14.35517,14.55304,15.35486,15.44786,15.67471,15.55173,15.70304,15.69089,15.35157,15.35491,15.60598
"ENSG00000124813",14.18998,13.83013,14.49072,14.09886,14.38203,14.68656,14.65714,14.2559,14.26462,13.94435,14.21773,14.37897,13.29287,13.42012,13.50515,13.52218,13.71745,13.56287,13.51615,13.72631,13.10372
"ENSG00000124900",11.52122,11.53707,12.12492,11.9459,11.80899,11.55229,11.99605,12.12638,12.01678,11.97777,11.54878,11.21273,12.38201,11.92479,12.79644,12.90876,12.31589,12.64426,12.27248,12.65646,12.52196
"ENSG00000125037",11.66467,11.81243,11.998,11.63551,11.84002,11.49459,11.74775,11.54787,11.59279,12.00039,11.19625,11.55453,11.08482,10.98787,11.45029,11.6396,11.63021,11.261,11.3765,11.2948,10.94584
"ENSG00000125107",14.00618,14.02539,14.18677,14.19123,14.11463,14.33113,13.35435,13.99134,13.93577,14.23473,13.73497,13.73968,14.18561,14.11409,14.22695,14.07833,14.07548,14.01972,14.10493,13.95529,14.18349
"ENSG00000125144",10.36856,10.2618,11.12128,10.90232,10.57658,10.48392,10.99083,10.53048,10.42979,11.44224,10.04399,10.11364,10.32542,12.36071,11.12296,11.15847,11.15999,11.38684,11.28289,10.94789,10.87012
"ENSG00000125148",10.41121,10.26463,10.48245,9.953646,10.55064,10.53415,10.72694,10.24891,10.78612,10.41166,10.64768,10.85915,9.489759,9.17816,9.908848,9.977786,9.608926,9.891757,9.526788,10.14776,9.023082
"ENSG00000125166",11.12325,10.83385,9.851285,9.72653,10.29565,10.04059,10.91617,11.0662,11.0085,10.7662,11.02873,11.26118,10.70877,9.82694,9.575814,9.859013,9.728502,9.734921,9.551942,9.16906,10.0047
"ENSG00000125304",11.00347,11.17219,11.11546,10.50468,11.20097,10.77085,10.7238,10.88927,10.34137,11.0006,9.967182,10.40145,11.41895,11.26256,11.27611,11.26574,11.05735,11.11273,11.51142,11.309,11.32775
"ENSG00000125347",10.22545,9.034033,10.70783,10.42813,10.43007,10.34522,10.67072,10.14372,10.44735,9.974423,11.26285,10.36894,11.22438,11.67064,10.84843,11.22844,11.27997,11.12598,10.97759,10.66865,10.95665
"ENSG00000125354",13.80692,13.60676,13.69911,13.84438,13.71711,13.50854,13.62053,13.59213,13.56773,13.50529,13.76812,13.65518,13.29276,13.5509,13.3345,13.30503,13.31223,13.4956,13.36685,13.22062,13.47371
"ENSG00000125386",11.92652,11.43059,11.85684,11.93804,11.85711,11.44407,11.68561,11.68651,11.59045,11.66003,11.21142,11.88442,12.21778,12.2645,12.11563,12.2039,12.17966,12.22825,12.2749,12.17327,12.37335
"ENSG00000125445",11.65693,11.73545,10.49243,10.7561,9.593236,8.937556,11.31887,10.75556,10.91053,11.16918,9.937543,10.21424,10.81392,9.576889,10.28918,10.35054,10.2423,10.04254,10.26674,9.874128,10.08942
"ENSG00000125450",10.86647,11.07301,10.85552,11.1076,11.35103,11.57461,10.62316,10.44012,10.79944,11.05216,10.88809,11.40372,10.87844,10.78515,10.61446,10.60755,10.55241,10.20449,10.71159,10.79589,10.69163
"ENSG00000125459",10.54957,10.15092,9.166709,10.32162,10.55126,10.14142,9.259358,9.547827,10.26839,10.01608,10.32807,10.39219,10.73658,11.17119,10.02655,10.06888,10.19787,10.40899,10.26747,9.934439,10.5035
"ENSG00000125505",9.78093,10.26146,10.29686,10.19687,10.95793,10.27146,9.735244,10.96134,11.58461,10.19311,11.52142,11.18585,9.514198,9.748878,10.24587,10.4121,10.12153,9.257269,9.843352,9.5939,9.227785
"ENSG00000125629",11.19479,11.4683,11.70987,11.25138,11.10802,11.30777,10.98011,10.91696,10.33009,11.19812,10.1813,10.95548,11.54404,11.17545,11.42755,11.66513,11.12473,11.42693,11.41042,11.34352,11.12431
"ENSG00000125633",10.36477,10.45473,10.12078,10.14379,10.5122,10.09757,10.66053,10.22312,10.39822,10.20014,10.16589,10.34158,11.75809,11.81258,11.37025,11.38382,11.40281,11.60217,11.42374,11.54609,11.74005
"ENSG00000125676",10.60884,10.32776,10.24737,9.971112,10.42557,10.57124,11.38587,10.40055,10.21433,10.26986,9.867068,9.555345,9.396952,9.671019,9.51333,9.460583,9.280478,9.50413,9.413887,9.475636,9.508471
"ENSG00000125686",11.22116,11.2965,11.32914,11.64318,10.99201,11.16996,11.02323,11.05111,11.2891,11.65082,10.94798,10.94104,11.84355,11.62855,11.74752,11.88193,11.76571,11.78653,11.84359,11.7654,11.86192
"ENSG00000125691",14.9822,15.11814,14.61583,15.00605,14.76311,14.58467,14.93525,14.80133,14.75733,14.66241,14.77055,14.89393,14.20928,13.5012,13.94944,13.85616,14.14164,13.87613,13.86482,13.50136,13.94759
"ENSG00000125703",11.35458,10.81916,11.22499,11.41384,11.26556,11.59571,11.86768,11.58888,11.47194,11.95828,11.40751,11.11221,12.25272,12.3087,12.42196,12.12257,12.43311,12.62233,12.52736,12.61588,12.39071
"ENSG00000125734",10.90204,11.19746,10.99626,10.89667,11.32022,10.89277,9.719479,10.88972,11.53908,11.4432,11.47162,11.49248,10.8362,10.75599,11.0705,11.3246,10.86511,10.59084,10.85749,10.36816,10.68165
"ENSG00000125743",13.99503,14.24705,13.42995,13.66374,13.36399,13.33208,14.06775,13.68232,13.98591,13.84458,13.86664,14.03459,13.28741,12.59162,12.83736,13.03887,12.88161,12.76516,12.79896,12.40694,12.30388
"ENSG00000125753",13.77801,13.84675,14.03184,14.08437,14.01042,13.45201,14.38076,14.22801,14.19692,13.80507,14.50584,14.27084,13.00498,13.54411,13.61017,13.31752,13.10227,12.78786,13.39836,13.26844,13.41344
"ENSG00000125755",14.28088,13.89136,13.85101,14.21748,14.03702,14.18869,13.67434,13.694,14.50386,14.11302,14.27926,14.5983,14.08274,14.18852,13.84698,13.79863,13.83791,13.87315,14.15801,13.90357,14.03783
"ENSG00000125779",10.51586,10.8362,10.66288,10.57417,10.80381,10.6217,10.59872,10.82255,10.95564,10.79028,10.47265,10.63473,10.8687,10.97185,11.35236,11.27024,11.14442,11.02694,11.48456,11.35717,10.90957
"ENSG00000125814",10.03316,9.836814,10.26519,10.58707,10.53915,10.62792,10.01261,10.71765,9.776766,9.977301,9.87329,10.42128,11.20062,11.59398,11.22415,11.18395,11.05407,11.32318,11.48725,11.44097,10.99438
"ENSG00000125818",14.23282,13.9957,13.76464,13.5736,13.77585,13.72407,14.3527,13.90921,13.85717,13.81663,14.09827,14.16913,12.74129,12.63826,12.8458,13.01994,13.02575,12.84895,12.86527,12.72328,12.8933
"ENSG00000125826",10.59119,10.46198,10.80668,10.80775,10.92679,10.0274,10.19948,10.94594,11.30425,10.4894,11.02567,10.95556,9.32499,9.825659,9.78474,9.697814,9.771734,10.05245,10.1407,10.01594,9.561464
"ENSG00000125827",10.69752,9.649521,10.59655,9.787316,10.38945,10.40831,10.80603,10.00256,9.509614,10.2709,9.67712,9.510202,11.56471,12.21628,12.06624,11.97582,12.19046,12.07211,12.19458,11.88927,12.15315
"ENSG00000125835",11.66829,12.54951,11.66541,11.53228,11.81309,11.38858,11.12373,11.55812,11.66459,11.66978,11.78077,11.7598,9.240044,8.813795,9.309997,9.261166,9.341133,8.646545,8.814592,8.574049,8.230322
"ENSG00000125844",10.04583,10.11198,10.63239,10.35206,10.46989,10.37002,10.41557,11.03128,9.921975,10.1548,9.999077,11.23533,10.59897,11.3867,11.53762,11.59788,10.84411,10.239,10.81714,10.66061,10.67523
"ENSG00000125870",14.47888,14.15046,14.70303,14.40101,14.53189,14.69446,14.91089,14.61084,14.7964,14.89301,14.79507,14.63567,13.42733,13.60698,13.61836,13.57751,13.63258,13.8154,13.28887,13.48921,13.59439
"ENSG00000125875",9.880033,9.987016,9.841111,10.10011,10.1736,9.859819,10.03174,9.808012,10.29109,9.890449,10.19687,10.44706,10.03452,10.05267,10.15633,10.11323,10.10263,9.967089,9.977314,9.933394,10.02692
"ENSG00000125898",14.77924,14.33565,14.65359,14.77149,14.60163,14.74092,14.56773,14.82092,15.07807,14.97529,15.04422,14.83274,14.49614,14.96086,14.5008,14.7897,15.21321,15.30143,15.28061,15.39776,14.33748
"ENSG00000125910",9.184354,10.24545,10.32954,10.08867,10.71321,10.04585,7.156571,9.053901,10.02041,9.566165,10.70492,10.67507,8.983812,9.036865,10.05171,9.625776,9.50221,8.909562,9.754674,9.548968,9.531925
"ENSG00000125952",15.25153,15.11707,15.38292,15.30954,15.28086,15.36868,15.43466,15.33699,15.50436,15.38372,15.41127,15.52405,15.32222,15.77871,15.41461,15.50145,15.36612,15.50961,15.34935,15.43039,15.45826
"ENSG00000125954",10.33741,10.10144,10.03267,9.953415,10.03391,10.19554,10.47666,10.29325,10.31813,10.23927,10.56727,10.65089,9.795859,10.77728,10.24556,9.896707,10.30687,10.06811,10.1281,9.983909,10.17035
"ENSG00000125970",11.43749,11.90615,11.62429,11.5745,11.6707,11.40945,10.8489,11.31373,11.77324,11.4754,11.57256,11.93707,11.4995,11.69855,12.02725,11.90454,11.53076,11.4693,11.63433,11.66821,11.52057
"ENSG00000125971",13.78278,13.64587,13.76129,13.58611,13.51706,13.5306,14.6444,14.05605,14.32025,13.77811,14.14424,14.18821,12.11279,11.75097,12.02485,12.1742,12.03176,11.907,11.73713,11.65119,11.92437
"ENSG00000125977",13.49912,13.85557,13.33132,13.42468,13.32331,13.42043,13.59054,13.59929,13.64163,13.36554,13.50945,13.47786,13.44613,13.06024,13.32363,13.41036,13.2668,13.17319,13.26071,13.16506,13.38185
"ENSG00000125995",15.01427,14.97861,14.70545,14.44369,14.39059,14.55007,15.3271,14.85382,14.88524,14.73285,14.84908,14.90959,13.28601,13.17988,13.05713,13.1441,13.125,12.97537,12.86626,12.66428,12.54068
"ENSG00000126003",10.59799,11.64502,10.53346,10.72901,10.38357,10.07713,9.356613,10.04313,10.65729,10.26826,10.80121,10.95316,10.80504,9.913318,10.95997,10.64261,10.64098,10.26674,10.26429,9.820696,10.01538
"ENSG00000126067",12.88199,12.62517,12.42096,12.31846,12.56604,12.43924,12.86013,12.52007,12.99586,12.48316,12.73219,13.1969,11.66755,11.393,11.65737,11.67624,11.85237,11.55822,11.35772,11.23292,11.50026
"ENSG00000126070",11.74973,11.69885,11.92035,11.772,11.97914,12.03267,10.98099,11.84512,11.68561,11.96865,11.20223,10.83186,12.47559,12.48099,12.09194,12.06571,12.20444,12.20202,12.2605,12.18979,12.48011
"ENSG00000126107",11.94703,12.11256,11.69134,12.12645,11.95376,11.49895,12.09974,11.98602,12.29986,12.04638,12.10925,12.49134,12.0137,11.61246,11.92203,12.20069,11.93429,11.94763,11.98916,11.82915,11.95321
"ENSG00000126214",11.59997,11.42317,11.38089,11.39512,11.46996,11.43776,11.60931,11.59551,11.48058,11.63826,11.61763,11.64858,12.54983,12.54027,12.33592,12.70735,12.21648,12.31038,12.6003,12.43591,12.57796
"ENSG00000126247",13.76606,14.15189,13.96515,13.88019,14.32737,14.07523,14.307,13.90174,14.12687,13.93455,14.3286,14.32494,13.31247,13.37961,13.48566,13.43478,13.4176,12.85169,13.46846,13.18789,13.55729
"ENSG00000126254",10.24006,10.44784,10.50446,10.20328,10.57502,10.31725,9.738695,10.24694,10.42977,10.7753,10.96116,10.39354,9.820086,9.9883,10.10032,10.09754,10.26056,9.506791,9.287834,9.598358,9.582325
"ENSG00000126432",16.09972,16.38286,15.90197,15.68937,16.14505,16.03173,16.42212,16.06326,16.38518,16.0747,16.2927,16.38478,16.09853,15.57033,15.77364,15.61339,15.84764,15.57911,15.61763,15.45676,15.61198
"ENSG00000126524",8.837259,8.843601,10.53406,10.30253,10.09876,10.05597,9.479033,10.12083,9.492523,10.44855,8.403996,9.024568,9.694616,11.38438,10.6562,10.97358,11.25252,10.78915,9.796513,9.836244,9.794679
"ENSG00000126561",10.62437,10.63456,11.16373,11.12375,11.09818,10.96771,10.45371,10.78488,10.81366,10.80068,10.97253,11.15298,11.45565,12.08039,12.05951,12.07856,11.68601,11.88492,11.99446,12.00944,12.22066
"ENSG00000126581",10.59938,10.53957,10.91193,10.68784,10.51877,10.52876,10.69173,10.60981,10.64023,10.65361,10.72333,10.15147,10.47235,10.92405,10.89809,10.82812,10.53514,10.68566,10.7473,10.87264,10.62906
"ENSG00000126653",11.14199,10.99092,10.76436,10.57129,10.74745,10.46656,11.58808,11.08865,10.54029,11.07597,10.30997,10.30942,9.726311,9.777365,9.961046,9.928942,10.18634,9.992696,10.10008,10.11548,9.702036
"ENSG00000126746",10.60068,10.75318,10.56973,10.83611,10.64853,9.795073,10.14343,10.64907,11.3658,10.4804,11.09074,11.25981,9.544264,10.07012,10.07182,10.08197,9.49237,9.54554,9.523355,9.436175,9.507667
"ENSG00000126749",11.85423,12.03143,10.65754,10.58343,10.4948,10.88886,11.01194,11.05903,11.68036,11.33519,11.62193,12.1901,10.37345,9.537148,9.580399,9.715035,9.389952,9.688023,9.591498,9.518879,9.979712
"ENSG00000126756",13.5948,13.73475,13.2288,13.48497,13.38208,13.198,13.98134,13.51084,13.76602,13.44866,13.71965,13.58322,12.63682,12.32265,12.74267,12.43557,12.7202,12.34502,12.21964,11.79058,11.99891
"ENSG00000126804",10.78219,10.36018,11.35631,11.2144,11.07346,11.19083,10.68503,11.14782,10.05876,11.01386,10.56004,10.67784,12.10151,12.50928,12.42751,12.32516,12.31321,12.26132,12.35444,12.41394,12.68312
"ENSG00000126858",11.18681,11.48546,10.91449,10.58932,10.36984,10.20842,11.14233,11.23026,11.40845,11.24327,11.29619,11.71157,10.01618,9.758299,9.597201,9.638625,10.14024,9.866241,9.874284,9.768022,9.655596
"ENSG00000126883",11.86976,11.58009,11.61231,11.81997,11.85775,11.83127,12.0694,11.69815,12.09578,12.0153,12.17155,12.16952,11.69072,11.75842,11.32302,11.52536,11.7766,11.40594,11.4139,11.61844,11.71085
"ENSG00000126903",13.61636,13.3765,14.81936,14.60503,14.08035,14.149,13.41921,14.02573,14.14546,13.84027,14.61789,14.11047,12.80255,12.82418,15.14134,14.74943,14.17853,13.80743,15.09832,15.14179,13.72833
"ENSG00000126934",14.18672,14.34216,14.59807,14.49018,14.63359,14.39783,13.89047,14.3966,14.66339,14.75712,14.64319,14.52826,13.63792,13.67992,13.88807,13.88385,13.84989,13.30707,13.68206,13.81115,13.92974
"ENSG00000127022",15.26337,15.44351,15.04262,14.84791,14.94126,15.16349,15.27614,15.19397,15.07891,15.03983,15.28351,15.24483,15.63814,15.29492,15.51463,15.42751,15.36123,15.41737,15.40073,15.27367,15.3259
"ENSG00000127054",11.11452,10.69711,10.79161,10.68426,10.64502,11.00379,11.08872,10.47132,11.07055,10.9651,11.16889,11.08909,10.34438,10.23877,9.851578,10.15493,10.14154,10.17321,9.999811,9.955869,10.37581
"ENSG00000127074",13.50387,12.2558,11.06406,10.60174,13.47282,13.1578,11.18019,10.26591,12.14855,12.45213,9.545647,11.63939,12.20152,11.14601,9.967875,10.41437,11.74313,11.54337,10.46292,9.591326,12.50616
"ENSG00000127084",13.23876,13.51814,13.87089,13.7617,13.71075,13.24774,13.59193,13.53416,14.30186,13.78421,14.10291,14.40505,13.7069,14.14589,14.19174,14.38985,14.01567,13.85536,14.33794,14.33092,14.18767
"ENSG00000127125",12.99097,12.63554,12.80342,12.40391,12.72061,13.31191,12.91558,12.9091,12.64971,13.19892,12.51608,12.19357,12.71535,12.26371,12.87282,12.72176,12.43436,12.81853,12.71985,12.77549,12.61914
"ENSG00000127184",16.00756,15.84365,15.9875,15.91017,16.04787,15.93236,16.14659,15.97534,16.12822,15.98413,16.29368,16.13132,15.30267,15.08725,15.142,15.12241,15.29592,15.28206,15.23714,14.96681,15.22867
"ENSG00000127314",10.368,10.34801,10.26346,10.40987,10.56667,10.24463,10.13939,10.52995,10.10628,10.20319,10.27371,10.01575,11.31132,11.57275,11.54709,11.38222,11.55729,11.59619,11.40109,11.63307,11.6251
"ENSG00000127481",15.83179,15.83637,16.04741,15.89933,15.84164,15.68803,16.18542,15.9701,16.04972,15.70893,15.8951,16.13726,15.45847,15.30927,15.3889,15.46581,15.58914,15.39055,15.61815,15.48347,15.47936
"ENSG00000127483",10.95517,11.07776,11.3002,11.34101,11.37715,11.03401,12.27358,11.13291,10.76057,11.56254,10.63472,10.40605,11.06862,11.14393,10.84149,11.05083,10.84774,10.77023,11.11898,11.15821,11.14172
"ENSG00000127507",12.44646,12.14404,13.05523,13.11294,11.69858,11.1599,11.63227,11.59675,12.81088,12.95503,12.52871,12.98355,12.35347,12.89047,12.46511,12.43328,12.23793,11.55718,12.47961,12.43358,12.29982
"ENSG00000127526",10.10149,10.37093,10.50049,10.25234,10.95785,10.61912,10.13268,10.78839,10.45275,10.18659,10.45085,10.17562,10.92726,11.92834,11.2715,11.02423,11.12113,10.81685,11.19255,10.97671,10.99153
"ENSG00000127540",15.56789,15.54029,15.5699,15.37885,15.47651,15.21713,15.60375,15.57434,15.96645,15.58296,15.61387,15.87011,14.91473,14.71557,14.87297,15.07985,15.11333,14.96283,14.9548,14.85258,14.58046
"ENSG00000127603",15.13653,14.99126,15.56466,15.54833,15.51485,15.5855,15.53952,15.68418,15.09893,15.30388,14.89833,15.2749,15.63257,15.22555,15.85306,15.87057,15.90311,15.68309,15.79742,15.74139,15.87972
"ENSG00000127616",11.36001,11.78775,11.30147,11.61324,11.47864,10.91649,10.21993,10.67287,11.30376,10.88466,11.34714,11.52129,11.17311,11.51245,11.24024,11.10843,11.33813,10.87226,11.19446,10.96402,11.16668
"ENSG00000127720",10.98055,10.44091,11.26431,10.96122,10.90924,11.49414,11.60044,10.63469,10.37914,11.09865,10.60554,10.47976,11.89687,11.82118,11.61642,12.02399,11.1628,11.47898,11.85354,12.11473,11.84159
"ENSG00000127774",10.16149,9.707835,9.917985,9.86622,9.831735,10.04612,10.39758,9.76296,10.11142,9.843115,10.07093,10.20414,8.894101,8.996801,9.028912,9.021585,8.969277,8.742897,8.803694,8.845804,8.969351
"ENSG00000127824",13.45794,13.56288,13.6368,13.19622,13.0549,13.28844,13.90841,13.70368,13.93096,13.5687,14.03825,13.69367,12.33085,12.36427,12.75123,12.45401,12.44056,12.33189,12.03628,12.07624,12.05035
"ENSG00000127951",11.30523,12.49997,10.12762,9.762053,8.530483,7.029693,10.95786,10.7409,8.605021,6.726566,7.73395,8.261977,9.637073,9.063107,10.66329,9.016875,9.331829,9.389892,12.77003,8.550465,8.541503
"ENSG00000127952",10.6491,10.3831,11.1962,10.85405,11.25853,11.25485,10.73607,10.3021,11.17174,11.23269,10.76803,10.0661,9.900897,10.08521,10.26582,10.58869,10.44603,10.11856,10.46423,10.18875,9.935581
"ENSG00000128016",12.15608,11.34431,11.81051,11.63489,12.27149,11.53488,12.28315,12.1389,12.6874,11.9523,13.01597,12.72521,11.18493,12.29783,11.2573,11.79304,12.52782,11.43121,11.00879,10.83288,10.6397
"ENSG00000128039",11.62401,10.66285,10.74303,10.37931,10.88023,11.36195,11.31691,11.43616,10.87771,11.31324,11.34258,11.23066,10.8014,10.6701,11.23968,11.45871,10.81086,11.1898,11.50278,11.53534,10.5572
"ENSG00000128245",14.78862,15.45954,13.6114,13.73324,13.4949,12.73155,14.49235,13.98624,14.15649,13.07065,14.29338,14.73209,13.44364,12.16465,13.38666,12.53974,13.41177,13.0029,12.68291,12.06613,12.73196
"ENSG00000128272",13.74163,14.03097,13.29425,13.53666,13.26262,13.46735,13.59234,13.54908,13.52394,13.64686,13.92436,14.05473,13.5474,12.98681,13.59884,13.6205,13.69685,13.40261,12.63065,12.71243,12.45325
"ENSG00000128294",10.91995,10.56468,10.60797,10.23614,10.42741,10.52151,9.127339,10.0544,10.38852,10.81429,10.17075,10.38545,10.67278,10.85943,10.85778,10.75548,10.53406,10.36491,10.56488,10.69096,11.37813
"ENSG00000128383",14.37146,14.09003,15.07151,15.17493,15.03585,14.56654,14.19641,14.52714,15.08657,15.60489,14.13099,14.44529,14.51731,15.77861,14.76479,14.69878,15.08715,15.13739,15.88528,15.81052,15.46061
"ENSG00000128463",11.66998,11.95375,11.87753,11.54043,11.70626,11.39935,11.31206,11.23817,10.95317,11.93458,10.6706,11.15756,11.59515,11.30617,11.43032,11.71783,11.41882,11.54444,11.56963,11.29042,11.18217
"ENSG00000128487",11.21635,10.37264,11.18814,11.1617,11.04204,11.39579,10.59238,10.21066,10.9225,11.40082,10.3298,10.1853,11.47631,12.26022,12.13066,12.1869,11.85458,11.9375,12.78149,12.72863,12.1788
"ENSG00000128524",13.3974,13.39703,13.18998,12.98418,13.12842,13.02915,13.57141,13.2318,13.66187,13.26078,13.64062,13.5554,11.31043,11.15734,11.38946,11.70634,11.66873,11.27913,11.29391,11.24307,11.17711
"ENSG00000128585",11.23785,11.19037,11.43921,11.34254,11.30923,11.66737,11.34623,11.68536,11.43511,11.46472,11.55015,11.73046,12.01508,12.60743,12.06574,12.09284,12.31569,11.91,12.44304,12.19202,12.20873
"ENSG00000128595",10.22242,10.53014,9.848738,9.523044,10.38157,9.939145,9.816708,9.621306,9.404602,9.868153,9.502082,8.839254,11.0446,10.76525,10.92244,10.85829,10.67179,10.57076,10.7479,10.9035,10.58275
"ENSG00000128699",13.3211,13.02822,13.23232,13.09037,13.2301,13.06783,12.80475,13.02945,12.5997,13.12685,12.27162,12.80594,13.40659,13.37844,13.28518,13.46876,13.31793,13.3792,13.36804,13.45692,12.97672
"ENSG00000128708",11.82453,11.67689,11.11479,10.97062,11.45542,11.63897,10.871,10.94561,10.88081,11.62004,10.58191,10.81258,11.97581,11.54012,11.75536,11.83076,11.76776,11.80676,11.75543,11.53713,11.67085
"ENSG00000128731",10.11965,9.368241,9.735756,9.681103,10.96801,10.97117,10.98128,10.3579,9.633642,9.597775,9.927478,10.11432,9.986012,10.5295,9.027373,8.926829,9.110765,8.864993,9.150748,8.876251,9.114773
"ENSG00000128739",10.89376,10.00276,10.55733,10.85855,11.29258,10.87404,10.93775,9.997385,10.4123,11.059,10.00729,9.365677,9.604391,10.74802,9.828976,10.0563,10.43905,10.45897,10.12376,10.22703,9.874226
"ENSG00000128829",11.47642,11.87387,10.99189,11.03847,10.92783,11.23663,11.6409,11.53501,10.89626,11.00389,10.64212,11.45848,11.09664,10.75842,11.56716,11.45762,10.76123,10.70901,10.27343,10.01915,10.07072
"ENSG00000128951",12.0895,12.63843,10.07615,10.34682,10.98648,9.959784,11.08325,10.81777,10.68146,10.71445,10.86042,11.63611,10.95342,9.40018,10.64433,10.20217,10.88506,10.36593,9.959223,9.461974,10.19777
"ENSG00000129055",11.05136,10.57989,10.66224,10.87809,10.87485,10.76897,10.96106,10.56044,10.75096,11.11698,10.25454,10.55886,10.35475,10.24155,10.4187,10.57143,10.07597,10.13791,10.26087,10.234,10.31104
"ENSG00000129071",12.51807,12.70449,12.64013,12.8842,12.79044,12.38472,12.61415,12.93495,12.5385,12.27465,12.5223,12.46449,12.6144,12.32994,12.85472,12.64031,12.7178,12.78552,12.49511,12.46275,12.49585
"ENSG00000129116",13.56473,13.24877,13.38354,13.33476,15.55484,15.21237,13.05141,13.5692,13.97435,13.52741,13.68707,13.55462,13.6776,14.18746,13.69251,13.70078,13.86302,13.95166,13.39531,13.35828,13.84744
"ENSG00000129128",13.83094,13.71324,13.68479,13.43767,13.76294,13.6476,13.5712,13.73015,13.57135,13.77596,13.69478,13.60019,13.80323,13.81057,13.95243,13.70643,13.37996,13.56065,13.69448,13.72024,13.3205
"ENSG00000129197",11.46367,11.06438,11.11129,10.87824,10.93561,10.60665,10.4513,10.62023,10.95993,11.20795,10.78502,10.68285,12.2299,11.70367,11.52017,11.84705,11.56619,11.27899,11.67707,11.65704,11.33984
"ENSG00000129235",12.43564,12.19477,12.08959,11.99096,11.58673,11.71667,12.37807,11.98077,12.81655,12.11509,12.39017,12.71892,11.227,10.12693,10.77969,11.08346,10.60597,10.82926,10.66934,10.65824,10.15043
"ENSG00000129292",12.5084,12.49454,12.73678,12.57532,12.71582,12.83495,13.0365,12.55509,12.84713,12.76646,12.33931,12.53272,12.79711,12.62758,12.86447,13.01128,12.56632,12.67498,13.13301,12.85498,12.91353
"ENSG00000129315",11.55049,11.26127,11.54305,12.03328,11.46292,11.75581,10.9938,11.94922,12.19396,12.23572,11.79178,12.25578,12.38594,12.76385,12.52344,12.63977,12.34918,12.49368,12.52459,12.43729,12.8248
"ENSG00000129455",10.82161,10.94644,10.73534,10.81135,10.97856,11.11341,10.60201,10.85318,10.87714,10.97491,10.85508,10.80223,9.349254,9.530124,9.431352,9.705401,9.568918,9.558105,9.285432,9.305445,9.428409
"ENSG00000129460",10.97436,11.16202,10.72765,10.65931,10.59759,10.7154,9.813789,10.14968,10.32018,11.18704,9.626299,9.471917,10.18797,10.6376,10.1583,10.33097,10.04061,10.23731,10.1409,9.986296,9.718561
"ENSG00000129467",10.20007,10.24744,10.64771,10.50018,10.47943,10.31846,10.57509,10.40452,11.09943,10.81069,10.72773,10.42619,10.54851,10.73756,10.44477,10.44448,10.81484,10.49307,10.32248,10.45805,10.28552
"ENSG00000129493",9.86526,9.794086,10.78487,10.35863,10.65975,10.111,9.965126,9.74734,10.21583,10.79507,9.518179,8.981016,11.32562,11.41391,11.76668,11.59067,11.58235,11.68954,12.2295,12.08679,12.11578
"ENSG00000129515",10.94626,10.61093,10.96373,11.13291,10.99102,10.55706,11.65661,11.16353,10.84631,10.91593,11.19489,10.69467,10.18218,10.49389,10.44575,10.58813,10.55865,10.47709,10.47843,10.54231,10.70013
"ENSG00000129518",11.74592,11.84191,12.00436,11.62662,11.80702,11.55694,12.53805,12.19377,12.04153,12.29164,11.63814,11.78154,11.66412,12.19492,11.94285,12.1952,12.27918,11.78571,11.79479,11.75614,11.81535
"ENSG00000129534",10.96286,10.98071,11.1868,10.94618,11.53437,11.02996,11.30007,11.38927,10.25564,10.8139,10.20802,10.51654,11.74545,11.89348,11.93609,11.88053,12.0227,11.96444,12.13132,11.88988,12.02312
"ENSG00000129562",14.75736,14.62444,14.42869,14.22447,14.24501,14.38401,14.70514,14.47248,14.836,14.59569,14.80012,15.11463,14.37886,13.72713,13.99206,14.05933,13.72163,13.60462,13.64945,13.59822,13.68338
"ENSG00000129566",11.10617,10.69753,11.37483,11.15012,11.19728,10.70433,10.63741,11.20316,11.46441,11.855,11.45899,11.0705,11.96327,12.25209,11.83464,11.87373,11.57944,11.45539,12.23404,11.99092,12.1498
"ENSG00000129625",10.91687,11.22342,10.7127,10.38865,10.9304,10.88728,11.35366,11.2467,10.69856,10.77782,10.9224,10.61908,11.31732,10.94171,11.34761,11.57471,11.31532,10.96387,11.46855,11.44075,11.58343
"ENSG00000129636",10.51469,10.35231,10.1664,10.17887,10.38835,10.14554,10.5843,10.42102,9.807509,10.50747,10.29031,9.913593,10.18941,10.13007,10.08551,10.20532,10.22302,10.24913,10.19465,10.30701,9.92823
"ENSG00000129657",11.18408,11.06347,11.82997,11.47823,11.66745,11.41529,12.34375,11.57496,11.27984,11.57934,11.14544,10.93176,11.93527,12.37538,12.25437,12.0533,11.87407,12.09429,12.72051,12.56143,12.32154
"ENSG00000129933",10.1627,10.58762,10.184,10.4043,10.23262,10.00642,9.772011,9.885805,10.07348,10.17307,9.920991,9.810669,10.76341,11.11411,10.58762,10.86365,10.67308,10.27067,11.08901,10.67559,11.02259
"ENSG00000130024",10.96809,11.24397,10.71039,11.32513,11.50173,11.36118,10.70113,10.43663,11.30564,11.50734,10.94741,10.8125,10.83661,10.73038,10.3972,10.03609,10.96182,11.1553,10.27155,10.51982,11.51957
"ENSG00000130038",9.37078,9.810366,10.04395,9.851754,10.71624,10.3705,9.429494,9.565531,9.945336,9.958126,9.886439,10.15764,10.73206,11.10701,10.66658,10.4719,10.6239,10.4712,10.45632,10.7164,11.15382
"ENSG00000130066",15.40936,15.1708,15.9821,15.75169,15.79994,15.71992,15.63643,15.78008,15.44783,15.82521,15.68227,15.26923,15.08883,16.29631,16.42966,16.23813,16.32871,16.12442,15.73125,15.83685,15.15122
"ENSG00000130164",10.65503,10.31906,11.65763,11.30714,11.96905,11.13393,9.678354,9.824943,10.04888,11.58525,9.901534,8.636898,11.09592,12.0639,12.08309,11.95022,12.33045,11.21382,12.08647,11.76657,12.22184
"ENSG00000130175",11.85476,12.1031,11.53411,11.26055,11.85642,11.10739,11.48612,12.18338,12.33326,11.1751,12.62445,12.94323,11.3426,11.29789,11.42579,11.30163,11.48345,11.09506,11.38056,11.334,11.43385
"ENSG00000130227",13.64333,13.44942,13.38635,13.63182,13.47781,13.44687,13.6586,13.69515,13.87304,13.47146,13.77068,14.06931,13.19259,13.18063,13.14304,13.1615,13.07144,13.12184,13.00949,13.01723,13.25624
"ENSG00000130254",10.46902,10.03531,10.34182,10.43749,10.31396,10.00229,11.3162,10.04376,9.738205,10.62304,9.44951,9.226445,10.64327,10.73333,10.75416,10.679,10.68712,10.14105,10.84447,10.62593,10.31238
"ENSG00000130305",11.69109,12.45753,10.9393,11.46855,11.18468,10.55584,10.22712,10.77751,11.57378,11.03284,11.19599,11.72517,10.72414,10.09198,11.12238,11.04303,10.6249,10.55232,10.41487,10.39419,10.21175
"ENSG00000130311",10.70335,10.86635,10.85786,10.64511,11.60058,11.28745,11.01129,10.63472,10.75471,11.11429,10.88824,10.88708,8.45165,8.649811,8.929203,9.062037,8.843439,8.742226,8.238305,8.299232,8.756971
"ENSG00000130332",12.10199,11.94672,10.93127,11.251,10.91434,10.41106,11.83218,11.55236,11.85267,11.23158,11.83389,11.91949,10.33187,9.558086,9.868676,10.15189,9.695448,9.08446,9.746792,9.536222,8.406809
"ENSG00000130402",13.07431,13.73134,13.43002,13.42505,13.09957,12.61948,13.25929,12.89871,13.93441,13.02215,13.88247,14.09707,12.85894,13.24694,13.03175,12.99911,12.8348,12.30016,12.93344,12.86021,12.44935
"ENSG00000130433",14.11711,13.55592,13.07681,13.64709,13.27685,13.51879,12.60909,13.01924,14.181,13.93585,14.24957,13.18523,13.2345,13.12856,14.43333,14.65381,14.92957,14.76644,15.36497,14.96861,13.34188
"ENSG00000130449",10.70705,10.66811,11.35047,11.5274,11.04994,11.06373,11.36157,10.88595,11.08288,10.91243,11.07607,10.47118,11.63269,11.92861,11.80178,11.84989,11.9339,11.75658,12.11582,11.84989,11.65546
"ENSG00000130520",10.23018,10.60506,10.47061,10.38547,9.717498,9.828318,9.744368,10.37342,10.38829,10.46843,10.44505,10.32734,9.662598,9.631442,10.0482,9.66844,9.664455,9.453494,9.668172,9.711737,9.532196
"ENSG00000130592",12.8307,13.12213,13.37455,13.18467,13.68289,13.05755,13.12574,13.51186,13.5883,13.07826,13.44714,13.56147,11.67082,12.18164,11.83495,11.60846,13.19223,11.66854,11.06188,11.38879,10.57271
"ENSG00000130638",12.22095,12.1798,11.43061,11.43404,11.25168,11.25585,11.67704,11.55465,12.05206,11.71004,11.33257,12.18081,11.51782,11.36318,11.21921,11.17494,11.14941,11.14236,11.10162,11.0029,10.98662
"ENSG00000130703",13.47795,13.25388,13.4581,13.61192,13.56242,13.24648,13.80072,13.47901,13.51419,13.45492,13.61786,13.77881,13.6083,13.51179,13.41509,13.47264,13.39831,13.53008,13.52037,13.44028,13.48486
"ENSG00000130725",11.98044,12.39682,12.13574,11.9509,12.13381,11.99631,12.31354,12.29691,12.7068,12.04097,12.81566,12.73382,11.49572,11.68591,11.66635,11.82956,11.72857,11.52243,11.38864,11.2503,11.59988
"ENSG00000130734",10.04139,9.741943,10.59036,10.39849,10.30087,10.62424,10.1463,10.5925,10.60942,10.132,11.20054,11.12858,9.820219,9.368353,9.548894,9.619051,9.315151,9.043255,9.103931,9.050277,9.902812
"ENSG00000130755",17.56158,17.4588,17.592,17.52607,17.64517,17.474,17.67133,17.62469,17.49957,17.68657,17.64275,17.54656,17.63925,17.60455,17.73078,17.83622,17.72725,17.64816,17.73576,17.82041,17.74445
"ENSG00000130764",10.74297,10.60856,10.95208,10.76772,10.08927,10.4633,10.97037,10.74024,11.33498,10.9273,10.97274,11.63033,11.14026,10.73018,11.17751,11.29613,10.98999,11.00586,11.02981,10.96494,11.12936
"ENSG00000130770",13.58621,13.4936,13.18191,13.14012,12.98733,12.75504,13.26672,13.106,13.37502,13.43615,13.10267,13.2985,12.23944,11.96723,12.34737,12.3311,12.25147,12.17058,12.17472,12.12779,11.82724
"ENSG00000130811",10.70927,10.50744,10.45826,10.56378,10.91301,10.52956,10.74605,10.59673,11.0665,10.41459,10.93227,11.25456,9.87358,10.18742,10.39,10.10181,10.16969,10.0332,10.33457,9.858169,9.947191
"ENSG00000130856",11.05014,10.71293,11.15975,11.07647,11.07151,10.88706,11.22976,10.98054,10.84618,10.6834,10.76043,11.23579,11.99805,11.86922,11.76717,11.8553,11.7207,11.66194,11.78303,11.65947,11.62362
"ENSG00000130935",10.32597,10.59345,10.17893,10.80062,10.46218,10.52746,10.62604,10.42442,10.36502,10.6842,10.49195,10.65206,10.81011,10.42515,10.91102,10.74027,10.78229,10.44899,10.22103,10.14945,10.14001
"ENSG00000130939",9.271694,10.12027,10.0095,9.505615,10.11047,9.46699,9.459967,9.353427,8.636669,9.633438,9.605891,9.430328,10.81497,10.69238,10.73681,10.85619,10.73366,10.7568,11.04194,10.76534,11.01313
"ENSG00000131023",13.53759,13.33324,13.44786,13.59693,13.45708,13.75469,13.62046,13.02628,13.1314,13.41227,12.68772,12.80505,12.87187,12.84821,12.78912,12.92377,12.76793,12.88123,12.823,12.85782,12.7454
"ENSG00000131043",10.41063,10.42536,10.11855,9.921487,9.964625,10.04827,9.705255,10.41166,10.60872,10.50761,10.44298,10.6905,9.887239,9.889069,10.55442,10.48732,10.47051,9.693454,10.00617,9.803161,9.998324
"ENSG00000131051",12.18219,12.18497,12.41423,12.454,12.57799,12.49081,13.90267,12.67618,12.44733,12.31127,12.2859,11.96889,12.3794,12.31481,12.39049,12.44318,12.49058,12.39451,12.55173,12.66547,12.44144
"ENSG00000131069",10.47493,10.0766,11.24468,11.21815,10.76595,10.76778,11.14878,11.52585,11.0739,11.27111,11.34564,10.65362,10.81418,11.2803,11.33328,11.22222,11.15431,11.06498,11.17702,11.2591,10.90942
"ENSG00000131100",11.16854,11.09122,10.97971,11.21181,10.92968,10.9851,11.13015,10.84883,11.22828,11.04416,11.23785,10.96651,11.20513,11.15693,11.4673,11.37962,11.11248,10.94302,11.29594,11.2759,11.21909
"ENSG00000131126",10.88899,10.16048,11.6011,11.41603,11.70261,11.55224,11.12425,11.52576,10.94889,11.87501,10.43125,9.675457,8.577968,11.04082,11.78857,11.53443,9.414501,9.52985,9.285613,9.457561,9.878715
"ENSG00000131143",11.7446,11.90228,11.10697,11.2069,11.13615,10.40152,11.58221,11.20341,10.85333,10.7551,11.10704,10.85434,10.66707,9.924476,10.70576,10.67286,10.78492,9.980816,10.1923,10.02082,9.724526
"ENSG00000131171",15.75584,15.63628,15.82352,15.49877,15.77196,15.87049,15.67857,15.65844,15.5546,15.70184,15.05146,15.34034,15.16141,15.4458,15.42042,15.54106,15.66293,15.61324,15.26812,15.17552,15.77889
"ENSG00000131174",12.08676,12.479,12.5761,12.08675,11.82641,11.84161,11.96663,12.09038,12.40503,11.75661,12.31091,11.78283,11.08542,11.54121,11.29044,11.14577,11.4477,11.10733,11.02043,10.93864,10.65533
"ENSG00000131263",12.2896,11.65998,12.3861,12.36121,11.94947,12.45079,12.56418,12.54967,12.0979,12.34991,11.91148,11.95115,12.80832,13.30499,13.08309,13.08923,13.31888,13.08671,12.64205,12.82417,12.93555
"ENSG00000131355",13.28365,13.24361,14.61391,14.46935,14.04195,13.91338,13.97108,13.85492,13.91648,14.00618,14.14284,13.55011,14.1817,14.46042,14.57866,14.495,14.52302,14.57101,14.71875,14.92203,14.6513
"ENSG00000131373",12.90069,13.0047,13.1681,12.88974,13.23754,13.35269,12.67361,13.18475,12.38069,13.57153,12.53931,12.70168,13.70311,13.67619,13.49867,13.47333,13.16114,12.96909,14.05456,13.99418,14.06604
"ENSG00000131375",10.41947,9.99281,10.8399,10.95478,10.54822,10.21071,10.68336,10.41201,10.36834,10.49089,9.976693,10.25747,11.5632,11.48722,11.25123,11.08728,11.10882,10.97888,11.5391,11.44683,11.2887
"ENSG00000131378",12.57092,11.72415,12.62852,12.35055,13.06822,12.82511,12.48161,13.056,12.45175,12.25863,12.67741,12.84271,12.90312,13.19799,12.55128,12.30663,12.57798,12.65485,11.97151,11.92159,12.7086
"ENSG00000131408",10.17918,10.24721,10.48671,10.1885,10.34461,10.07488,10.18852,10.38926,10.55887,10.54691,10.41667,10.29182,9.84357,10.49851,10.54478,10.48515,10.2374,9.946176,9.635717,9.844986,9.527082
"ENSG00000131437",9.429821,9.671549,11.04886,10.36771,10.11538,9.959846,10.38169,10.46755,9.880739,10.84821,9.11157,8.599236,11.55604,11.5332,11.73389,11.83126,11.93119,11.28688,11.50547,11.55892,11.57728
"ENSG00000131469",16.4851,16.54001,16.34305,16.48912,16.36691,16.05449,16.45536,16.52091,16.57673,16.17198,16.47398,16.51564,16.15662,15.64685,16.08075,16.05955,16.01428,15.92895,15.88869,15.91841,15.92032
"ENSG00000131473",11.95345,11.56319,11.75905,11.58801,11.80625,11.51258,11.5805,11.6298,11.72104,11.9731,11.57466,12.08677,12.14719,12.34524,12.479,12.52715,12.24925,11.94648,12.38449,12.33283,12.28078
"ENSG00000131503",9.57674,9.752938,9.988779,9.837149,9.822848,9.306795,8.583467,9.053328,8.480798,9.505469,8.584998,8.222337,11.36323,11.73931,11.39224,11.3585,11.14529,11.12792,11.5895,11.67961,11.34242
"ENSG00000131504",10.18021,10.27037,10.60602,10.64555,10.6829,9.964189,9.518166,10.32209,9.864203,9.875719,10.33889,10.30255,11.18222,11.8305,11.65678,11.43482,11.14675,11.15799,11.26745,11.49388,11.4017
"ENSG00000131507",11.61024,11.19225,12.27545,12.08722,11.75035,11.81989,12.46938,12.09314,11.73588,12.12569,11.47626,11.52575,12.09656,11.97903,12.81722,12.83832,12.26634,12.20817,12.29265,12.30531,12.04505
"ENSG00000131508",11.84362,11.78354,12.16355,12.06874,12.05852,12.31943,12.39182,12.4733,12.54806,12.22893,12.38367,12.05788,11.8954,12.16479,12.23581,12.0802,12.16458,12.04595,12.15014,12.12995,11.96926
"ENSG00000131558",11.56114,11.40995,11.41059,11.36888,11.83077,11.77832,11.64386,11.87736,11.43143,11.34169,11.06117,11.22202,12.28851,12.46054,12.04674,11.88694,12.0647,12.0318,12.233,12.20533,12.2682
"ENSG00000131725",10.16888,10.03657,10.43367,10.47556,10.51437,10.16404,10.56903,10.22886,10.31559,10.31509,9.950958,9.941076,10.6825,10.93182,10.8519,10.50094,10.73576,10.75896,10.70221,10.7144,10.85566
"ENSG00000131732",12.56831,12.21699,12.40905,12.18347,12.71934,12.54544,12.7323,12.52525,12.55787,12.58132,12.8429,12.57884,11.74556,11.75491,11.74725,11.70866,11.86049,11.87747,11.94809,11.93719,12.03594
"ENSG00000131759",13.70681,13.45937,14.04257,13.97464,14.28054,13.81321,13.59803,13.66022,13.67858,13.97934,13.83752,13.96625,13.49439,13.90339,13.69384,13.59205,13.8096,13.71939,13.99066,13.76026,14.27017
"ENSG00000131788",11.32031,10.91849,10.8563,11.02592,10.84947,10.95096,11.50745,11.46818,11.80371,10.76605,11.77437,11.21221,10.22407,10.478,10.47296,10.39921,10.34078,10.21235,10.05914,10.14555,9.946981
"ENSG00000131791",10.40592,10.10091,10.54751,10.37386,10.34682,10.30578,10.27501,10.36982,10.76029,9.963496,10.96,10.74691,10.27922,9.981075,10.1855,10.19532,10.14993,10.31876,10.41613,10.27781,10.15147
"ENSG00000131876",11.33211,11.34809,10.51224,10.94981,10.49953,10.37498,10.15269,10.80437,10.45816,10.87407,10.73703,10.46915,11.64649,11.33788,11.18565,11.053,11.36095,10.76159,10.99121,10.94982,11.04977
"ENSG00000132109",10.65263,10.70549,11.09647,11.31828,10.76257,10.85446,11.57301,10.53368,11.31692,10.93375,11.40063,11.22017,10.73364,10.35986,11.05656,11.23789,10.96177,11.01236,10.93938,11.04159,10.51553
"ENSG00000132207",10.91872,10.64656,11.06915,11.35073,11.27051,11.02713,11.27881,11.19014,11.82143,10.93775,11.92222,11.54371,10.02126,11.03276,10.71298,10.52679,10.80801,10.57256,10.61559,10.39739,10.25137
"ENSG00000132274",9.436852,9.653302,10.56623,10.97131,10.66652,10.23738,10.04266,10.0476,9.245311,10.0246,9.413342,8.669165,10.17551,10.8173,10.62652,10.76967,11.09223,12.16231,11.34568,11.02703,10.82151
"ENSG00000132334",11.53535,11.57496,11.87708,11.69948,12.38536,11.89559,12.64473,12.21773,12.52772,12.08835,12.11378,11.99401,11.68073,12.8622,12.1134,12.04484,13.00958,11.92165,11.89954,11.66201,10.94352
"ENSG00000132341",14.22208,14.49568,13.47415,13.59093,13.58719,13.33648,13.31005,13.47069,13.37623,13.55369,12.76348,13.51599,13.12095,12.1743,12.61789,12.66786,12.82028,12.79342,12.69683,12.18457,12.35505
"ENSG00000132356",11.58466,12.12617,11.80588,11.80647,11.34544,11.44115,9.957781,10.73476,10.32419,11.55544,10.25639,11.1608,12.45365,12.62566,12.44556,12.48362,12.5948,12.19399,12.53976,12.3749,12.41527
"ENSG00000132359",12.68096,12.60666,13.56534,13.34676,13.09214,12.56594,11.55766,12.08689,12.70334,13.04204,12.48531,12.57006,13.45664,13.92953,13.37494,13.28136,13.44003,13.03321,13.71476,13.75089,13.81706
"ENSG00000132388",11.02687,11.30744,11.46499,11.56214,11.61818,12.04207,11.356,11.56624,11.30235,11.59898,11.49281,11.6159,11.82823,11.6844,11.73857,11.85687,11.67283,11.59022,11.89221,11.74372,11.58075
"ENSG00000132424",13.28056,13.17752,13.45632,13.45864,13.49228,13.33578,12.94238,13.58468,13.36234,13.51893,13.17405,13.25081,13.19475,13.29355,13.32139,13.47902,13.50239,13.51022,13.28621,13.19325,13.40261
"ENSG00000132432",14.60453,14.42166,14.06208,13.79783,14.08623,14.34168,14.02377,14.33411,14.56721,14.33346,14.70294,14.6632,14.56738,14.02914,14.15256,14.4732,14.12916,14.16322,13.95128,13.96128,14.30923
"ENSG00000132463",10.21375,10.02834,9.867161,9.800068,9.918617,10.02849,10.05057,10.02788,9.585302,10.16752,9.010346,9.351324,10.01571,9.641057,9.983639,9.818941,9.725309,9.637265,9.818941,9.866938,9.678577
"ENSG00000132466",11.00992,10.82595,11.02644,10.99687,10.97847,10.92517,10.8877,10.64124,10.6742,10.89921,10.00414,10.13383,11.80741,11.65925,11.62708,11.58347,11.5359,11.8497,11.5809,11.69438,11.96473
"ENSG00000132471",11.84565,11.83876,12.4865,12.6122,12.09521,12.32948,12.31831,11.99346,12.61376,12.47239,12.53903,12.45122,11.43208,11.9776,11.97809,12.02082,11.78159,11.56903,11.94311,11.84839,11.89711
"ENSG00000132485",11.40935,11.22448,11.70328,11.45615,11.41563,11.71575,11.90172,11.46754,11.17531,11.64737,11.0808,10.97795,11.76598,11.47758,11.80387,11.84852,11.55783,11.69269,11.56557,11.80978,11.53608
"ENSG00000132507",14.29353,14.64522,14.6191,14.60285,14.67189,14.73232,14.60258,14.54469,14.6273,14.32405,14.76033,14.75341,13.81581,13.932,13.75521,13.57507,13.97378,13.83178,13.63738,13.66074,13.67558
"ENSG00000132522",10.81092,10.71897,10.86159,10.95553,10.78222,10.55474,10.9011,10.71857,10.95287,10.97157,10.92807,10.59703,10.84664,11.17514,11.195,11.17503,11.09842,10.8102,10.75044,10.73263,10.94229
"ENSG00000132581",11.78119,11.5463,12.16084,11.61885,11.66728,11.49986,11.64939,11.45293,11.66307,11.72006,11.35823,11.14258,11.64414,11.27279,11.71228,11.87985,11.59948,11.33271,11.79306,11.68641,11.24675
"ENSG00000132604",12.24738,12.14023,12.55409,12.65127,12.30337,12.37869,12.44868,12.20259,12.52574,12.27183,12.64847,12.58551,12.94486,12.99178,12.99585,12.95392,12.89535,13.04719,13.04899,13.04554,12.94106
"ENSG00000132635",10.84224,10.52183,10.83929,11.42347,10.8545,10.73243,10.65371,11.0208,11.3881,10.89091,10.78165,11.49935,9.735985,9.414113,9.470747,9.479589,9.52148,9.344434,9.620901,9.303587,9.711025
"ENSG00000132646",13.36322,14.41649,10.94214,11.40869,11.64195,10.38652,11.89377,12.09822,11.83215,11.26518,11.70257,12.31048,11.22953,9.197684,10.78186,9.905977,10.95671,10.53707,9.83173,8.858334,8.136961
"ENSG00000132670",13.33382,13.31828,13.43125,13.25059,13.53621,13.40227,13.30963,13.27802,13.31042,13.1131,13.17394,13.43961,13.44582,13.5078,13.77216,13.63732,13.5893,13.551,13.49656,13.40448,13.71442
"ENSG00000132676",11.29608,11.35775,11.26289,11.45474,10.9837,10.57975,11.25404,11.16383,10.70585,11.26242,10.92012,10.92977,10.92517,10.7956,10.96028,11.22402,11.11406,11.17349,11.34252,11.31877,10.78818
"ENSG00000132792",16.37781,16.12828,16.12638,15.89001,16.27077,16.36379,16.07534,15.88091,15.83366,16.06984,15.7122,16.02827,16.29921,16.16043,15.85818,16.09661,16.02558,15.92877,15.91528,16.02089,16.31947
"ENSG00000132823",10.59927,10.82465,11.34979,11.13558,11.69647,11.29002,11.30642,11.56773,11.15554,11.47995,10.27271,9.969312,10.96564,11.91907,11.47089,11.60288,11.48718,11.324,11.77807,11.75581,12.0762
"ENSG00000132824",13.68087,13.82566,14.27281,13.93716,14.1231,14.10141,13.9882,13.82627,13.78138,13.78946,14.03539,14.05471,14.29148,14.43643,14.4846,14.38474,14.34105,14.28214,14.42814,14.40187,14.51848
"ENSG00000132842",10.61556,10.58337,10.46666,10.46156,10.58948,10.93002,10.29552,10.71519,10.11592,10.52314,9.915169,9.895909,11.77376,11.92039,11.91043,11.84652,11.86932,11.77965,11.7279,11.62527,11.84101
"ENSG00000132950",12.01738,11.98835,12.22,12.12056,12.21565,11.90954,11.94474,12.38076,11.85934,12.20185,11.94738,12.24188,12.30857,12.75379,12.6185,12.64219,12.37785,12.30039,12.44759,12.60569,12.6195
"ENSG00000132952",10.83752,10.60061,10.97224,11.34041,10.7845,10.92131,11.32696,10.84325,10.88107,11.41261,10.34621,10.54825,11.54717,11.27066,11.24507,11.22498,11.2501,11.25239,10.99546,11.05272,11.48305
"ENSG00000132963",13.14289,13.10011,13.2604,12.87312,13.01657,12.64889,13.18523,13.00007,13.02064,13.2443,12.8545,12.69431,12.34418,12.25486,12.44977,12.3451,12.51595,12.32741,12.36486,12.26706,11.77658
"ENSG00000132965",17.24175,17.15522,17.24374,17.25201,17.27042,17.35655,17.43369,17.33692,17.44165,17.21902,17.3444,17.30917,17.10335,17.31749,17.18772,17.15978,17.18381,17.19711,17.19958,17.22059,17.21167
"ENSG00000133030",10.74886,10.94028,11.2246,11.27904,10.99502,11.20097,10.33166,10.24105,10.82621,10.1727,10.65793,10.76734,11.43984,11.46929,11.5156,11.49835,11.20057,11.21625,11.24458,10.91084,11.61816
"ENSG00000133101",12.3708,11.92492,11.90143,11.20052,12.70041,12.23717,11.05156,11.09282,11.74652,11.82937,11.82825,12.78629,11.15241,11.4345,11.83356,11.77554,11.809,11.74042,12.28333,12.1612,9.667347
"ENSG00000133112",16.60341,16.69151,16.65658,16.5633,16.87306,16.86651,16.6796,16.65456,16.54784,16.49741,16.7354,16.58098,16.64862,16.81631,16.72485,16.76456,16.85255,16.7589,16.55505,16.78403,16.83484
"ENSG00000133226",13.51194,13.50001,13.27197,13.65154,13.49001,13.32775,13.76678,13.06343,13.15514,13.53859,12.85205,12.78078,13.25144,13.29404,12.99365,13.22751,13.05402,12.98543,13.05226,12.9751,12.91528
"ENSG00000133246",12.67352,13.41035,11.36527,11.49112,11.56067,10.44684,12.92624,12.4983,12.55398,11.33675,12.73347,12.96783,10.81586,8.98951,10.24881,9.525272,10.91586,10.16891,9.238323,8.388773,8.256924
"ENSG00000133318",14.3182,15.03547,14.80403,14.38847,14.66304,14.56002,13.40541,14.3069,14.28964,14.39795,14.25879,13.90856,14.69956,14.54526,15.20138,14.9576,15.00061,14.77583,14.88276,14.7499,14.47901
"ENSG00000133393",11.3505,10.74168,11.17373,10.76281,11.03368,11.02741,11.40522,11.05815,10.98243,10.81973,11.31718,11.26581,11.57842,11.34979,11.61114,11.54747,11.49721,11.42565,11.23689,11.04299,11.48249
"ENSG00000133398",13.6676,13.51282,13.68669,13.59381,13.60753,13.71695,13.50764,13.58424,13.35701,14.20354,13.31909,13.57665,13.45825,13.43959,13.5753,13.50702,13.3742,13.40611,13.50421,13.50711,13.25078
"ENSG00000133606",11.96336,11.66903,12.6241,12.49366,12.48678,12.10653,11.52139,11.73411,11.29706,12.22271,11.48798,11.4268,12.3005,12.63854,12.58455,12.75759,12.36833,12.50938,12.7898,12.86802,12.519
"ENSG00000133657",10.97232,11.17696,10.42385,10.5153,10.59691,11.13882,9.904397,10.43188,10.61906,10.55943,10.58827,10.95329,12.09859,12.05566,11.77989,11.75437,11.78563,11.86287,11.80509,11.67829,11.82423
"ENSG00000133703",10.79214,10.76338,10.64153,10.56444,10.41426,9.754788,11.42002,10.67146,10.37667,10.34715,10.12529,10.58933,10.61819,10.91706,11.42335,11.38986,11.4062,11.07556,11.34093,11.11893,11.28965
"ENSG00000133773",13.76102,13.45686,13.82082,13.73335,13.83759,13.60713,13.87363,13.77829,13.47314,14.41512,13.35359,13.44978,12.36074,12.42581,12.72387,12.83975,12.68111,12.69649,12.44394,12.47471,12.39672
"ENSG00000133789",11.09671,10.92798,11.77697,12.03205,11.61848,11.59042,11.45374,11.12482,10.94529,11.48444,11.2033,11.27477,12.39061,12.84385,12.10221,12.25686,12.45845,12.42798,12.51233,12.46151,12.65513
"ENSG00000133794",10.88897,10.66539,11.65534,11.51878,11.05614,11.4523,10.62957,11.02096,10.68626,11.06123,11.06882,10.58015,11.06428,10.87,11.16205,11.08615,10.86463,11.3131,11.25721,11.41282,11.02551
"ENSG00000133858",12.16948,11.84411,12.38954,12.22261,12.15398,11.78386,12.17431,11.66769,11.57776,12.07027,11.41655,11.16197,12.98024,13.53577,13.05917,13.19177,13.2938,12.809,13.16016,13.1141,13.23532
"ENSG00000133872",11.83678,11.43586,12.13379,11.54768,12.28218,11.94451,11.7994,12.15806,12.04145,11.95743,11.74143,11.91786,11.71518,12.77348,12.52117,12.414,12.44882,12.30596,12.51901,12.32808,12.37643
"ENSG00000133884",13.48324,13.42595,13.61072,13.82411,13.54535,13.62531,13.28979,13.15629,13.74041,13.82739,13.40852,13.68117,13.64272,13.73123,13.69085,13.95162,13.56187,13.68924,13.81191,14.00114,13.92846
"ENSG00000133997",11.9568,11.64769,12.07662,11.536,11.91521,12.04321,11.27207,11.91464,11.71543,12.24431,11.07943,11.43566,11.7648,12.28779,12.27855,12.23575,12.18221,12.26718,12.09889,12.06433,12.06245
"ENSG00000134046",12.83689,12.79948,12.50681,12.65069,12.69082,12.8901,13.02246,13.1731,12.85011,12.7105,12.69823,12.79026,12.91276,12.8317,12.84788,12.81533,12.98076,12.93211,12.91254,12.50112,12.84292
"ENSG00000134058",13.10136,12.14208,12.94119,12.77627,12.47539,12.52431,12.1278,12.71274,12.46422,12.59092,12.81548,12.39384,13.04653,12.87526,12.89881,13.21569,12.718,12.86982,12.9807,12.91201,12.92601
"ENSG00000134072",15.25023,15.02329,15.43003,15.28822,15.10723,15.26435,15.37397,15.10363,15.64768,15.76934,15.66261,15.51246,14.8264,14.45141,14.41437,14.57334,14.29546,14.11614,14.56896,14.66676,14.21934
"ENSG00000134107",14.98223,14.67195,15.12816,14.82456,15.09855,15.21323,14.7547,14.99722,14.69377,15.38243,14.85674,14.72761,14.51998,15.61445,15.07292,15.04827,15.04356,14.93601,14.44806,14.93344,14.94934
"ENSG00000134108",11.90641,11.90589,11.44005,11.13613,11.5947,11.08405,11.1107,11.25522,11.13819,10.92749,11.15321,11.28688,11.72405,11.41058,11.46759,11.51449,11.5823,11.28489,11.73385,11.34846,11.32023
"ENSG00000134153",12.97271,13.04024,12.95086,12.53292,12.58178,12.7465,12.13299,12.48396,12.29244,13.21528,12.19927,12.19117,12.80405,12.40391,12.52807,12.66761,12.47782,12.47056,12.72578,12.41976,12.14921
"ENSG00000134186",11.02842,10.58432,10.84129,11.07724,10.63548,10.70558,11.25411,11.10553,11.23458,11.1387,11.14666,11.18251,11.33236,11.39028,11.35779,11.45175,11.48345,11.40871,10.96366,11.28213,11.27798
"ENSG00000134198",11.37356,12.03465,11.11373,10.47104,11.40452,10.54269,11.13619,11.26994,10.54437,10.98473,11.12699,10.7083,12.33741,11.8207,10.93495,10.73364,11.65278,11.58931,11.28736,10.83259,11.33357
"ENSG00000134215",9.95552,9.759361,10.23732,10.21916,10.37938,10.19734,10.59903,10.4692,10.25482,9.739904,10.50368,10.56195,10.61665,10.86875,10.41824,10.44599,10.65315,10.65837,10.93325,10.5655,10.89136
"ENSG00000134248",14.78362,14.79396,14.90489,14.64565,14.46789,14.38351,14.44443,14.37579,14.97784,14.90045,14.63358,14.60668,14.09844,13.71013,14.15737,14.23417,14.0024,13.76042,13.96354,14.00859,13.57103
"ENSG00000134250",11.82422,12.01853,13.069,13.01147,12.9187,12.63598,12.28581,12.36909,12.07236,12.61511,11.50465,11.34528,12.94041,13.11615,13.33644,13.52547,13.21099,12.8036,13.13719,13.33952,12.96726
"ENSG00000134265",10.6681,10.19676,11.0428,10.84722,10.29752,10.20249,10.67799,10.47668,10.59873,10.73273,10.45225,10.40546,10.88883,11.2209,10.92125,10.7845,11.18179,10.98256,10.9626,10.61341,10.83873
"ENSG00000134283",12.39487,11.96446,12.52128,12.22978,12.31557,12.56145,11.78577,11.99565,11.8782,12.69713,11.45545,11.30794,12.53188,12.58756,12.42942,12.51432,12.15482,12.07837,12.62951,12.53059,12.60325
"ENSG00000134294",10.24668,10.48479,10.92077,10.45901,10.93537,10.87874,10.70911,10.82587,10.32315,10.46954,10.56238,10.15712,11.60177,10.38838,11.26912,11.09087,11.16742,11.35954,11.4267,11.35993,10.85849
"ENSG00000134308",13.31919,13.36734,12.86869,12.81766,13.13324,13.09967,13.3989,13.62706,13.65989,13.61786,13.21099,13.72939,13.21175,13.21137,13.33157,13.11707,13.34893,13.16785,12.5178,12.42676,13.12914
"ENSG00000134313",10.99726,10.64592,10.96107,10.79658,10.82482,10.56308,10.61569,10.59782,10.41683,10.75329,10.41177,9.913789,12.37253,12.6003,12.42245,12.22186,12.18594,12.28039,12.4578,12.42182,12.62599
"ENSG00000134318",11.00575,11.09018,11.49263,11.2719,11.28276,11.44501,10.99257,10.99874,10.87824,11.2825,10.2663,10.10505,11.73466,11.95048,12.01248,12.16287,11.82431,11.89172,11.97921,11.95779,12.13553
"ENSG00000134324",11.58797,11.10417,11.75225,11.87962,12.05797,11.928,11.42967,11.73083,11.75209,11.67476,11.71847,11.9361,12.34793,12.55014,11.81623,11.99997,11.42099,11.71683,12.12583,11.97505,12.18125
"ENSG00000134330",11.38639,11.74745,10.46677,10.62088,10.96687,10.96997,11.18864,10.99595,10.85118,10.41124,10.41777,10.91481,10.89545,10.45068,10.30023,10.48323,10.40334,9.963739,9.584938,9.516654,10.11017
"ENSG00000134333",11.71417,12.41739,10.93858,10.96312,10.96147,10.26385,11.66566,11.65831,11.17832,10.72582,11.17647,11.89723,11.80718,11.01105,11.05826,10.51834,10.96407,10.74697,11.03825,10.60074,11.02857
"ENSG00000134369",10.07954,9.601317,10.79076,10.75102,10.21024,10.66537,10.62028,10.3581,9.560601,9.943387,9.212889,10.31797,9.34139,10.25971,9.551952,9.523557,8.90143,9.254198,8.901043,9.042324,10.08838
"ENSG00000134419",16.13296,16.24427,15.86586,16.03432,16.06852,15.81449,16.30349,16.34311,16.21936,15.87761,16.28063,16.21575,16.03903,15.55412,15.87815,15.87603,15.99675,15.76493,15.78315,15.87988,15.63708
"ENSG00000134452",11.75557,11.42795,11.50619,11.57774,11.91646,11.91971,11.68299,11.27823,11.46122,11.76923,11.67139,11.62698,11.31841,11.14186,11.64703,11.52653,11.72098,11.35795,11.47031,11.25769,11.32946
"ENSG00000134453",10.83686,10.69534,10.64839,10.394,10.556,10.62073,10.54294,10.71105,10.42243,10.81566,10.28444,10.15553,9.914723,10.13859,10.88102,10.22373,9.674897,10.04375,10.15463,10.29365,10.09828
"ENSG00000134460",12.96057,12.29138,12.01632,11.99051,11.88965,12.54087,12.16562,12.22198,12.22264,12.64542,12.83314,12.19141,12.68538,12.54074,11.61323,11.27936,11.92646,12.41574,12.19608,12.26892,13.15995
"ENSG00000134480",13.80762,13.64548,13.92409,14.00171,13.59303,14.27117,14.07283,13.67705,13.76967,13.81003,13.5459,13.56849,14.29703,14.03185,13.98401,14.0012,14.11381,14.17726,14.11084,14.13068,14.20321
"ENSG00000134489",14.47528,14.03065,14.7928,14.64809,14.90304,14.96196,14.00309,14.22777,14.74938,15.04511,14.73478,14.39427,15.44758,15.7545,15.58907,15.60363,15.41691,15.84338,16.07992,16.03313,15.73173
"ENSG00000134516",13.29912,13.44003,13.17674,12.90757,13.17457,13.25802,12.13975,12.20745,11.91701,12.51211,11.54438,12.3401,13.41773,13.98694,13.39147,13.30419,13.49461,13.50959,13.62254,13.6674,14.02699
"ENSG00000134597",10.51896,10.70202,10.40474,10.61794,10.32322,10.48944,11.00734,10.42641,10.81726,10.79871,10.44408,10.5999,10.01879,9.479377,9.887697,9.858843,9.818769,10.0142,10.11979,9.958779,9.679877
"ENSG00000134602",13.54869,13.27708,13.76208,13.72941,13.52723,14.07688,13.79053,13.77689,13.51609,13.94128,13.70863,13.60811,13.80616,14.02041,14.38049,14.35571,14.30687,14.12275,13.98567,13.81774,14.34275
"ENSG00000134644",10.07944,10.20658,10.4688,10.78225,10.22133,10.11579,9.721326,10.10003,10.09346,10.49235,10.49021,10.61359,11.84831,11.95859,11.86481,12.00865,11.92893,11.43786,11.68398,12.01434,11.69205
"ENSG00000134684",10.31898,10.29156,10.41859,10.68131,10.49984,10.38115,9.771527,9.548159,9.711058,10.56251,10.21816,9.65848,10.5025,10.83997,10.40723,10.64847,10.77248,10.44405,10.93291,11.25406,11.32567
"ENSG00000134698",11.44862,11.9141,12.50332,12.19,12.45958,12.29972,11.59649,11.90771,11.46342,11.70544,11.48582,11.62221,12.05144,12.24361,12.44581,12.55501,12.15404,12.153,12.65914,12.38752,12.55631
"ENSG00000134717",10.93354,10.94692,10.43082,10.88774,10.44185,10.25346,10.74437,10.74852,10.86396,10.5524,10.75363,10.75412,11.53811,11.19642,11.14618,11.06837,11.07748,11.12384,11.22511,11.31061,11.27424
"ENSG00000134748",11.57553,11.72345,11.62247,11.32007,11.97666,11.26605,11.25608,11.44004,11.47096,11.37127,11.29856,11.85252,12.15446,12.3045,12.14913,12.15258,12.45358,12.20396,11.60559,11.64571,11.88613
"ENSG00000134779",9.810596,9.89466,9.990361,9.801828,10.58431,10.37205,10.14698,9.996337,10.2759,9.894437,10.37561,10.45899,9.693302,9.234229,9.59606,9.957644,9.609293,9.384793,9.637371,9.549015,9.839757
"ENSG00000134802",12.28189,12.6328,11.82754,11.76146,11.47322,11.36503,13.03604,12.25146,12.72858,11.79482,12.64837,13.02231,11.73343,11.55148,11.40053,11.35099,11.66067,10.99355,10.9713,10.84607,11.28645
"ENSG00000134825",15.28116,15.11451,15.11178,14.85519,15.07058,15.20738,15.39347,15.28139,15.47546,15.42686,15.57215,15.4063,14.89542,14.58772,14.91212,15.02308,14.82438,14.82716,14.74017,14.77622,14.61098
"ENSG00000134851",11.58881,10.46206,11.05287,10.69955,10.97691,10.70354,11.00279,11.32993,11.09444,11.0517,10.92028,11.22194,11.13059,11.30162,11.24352,11.34536,11.18709,11.44634,11.439,11.50499,11.00421
"ENSG00000134882",10.39128,10.13741,10.26582,10.08237,10.51589,11.00611,10.37463,9.946674,9.907256,10.52562,9.914101,10.29448,11.50005,11.30501,10.95457,11.15444,11.26948,11.18093,11.50915,11.4428,11.23812
"ENSG00000134884",12.92874,12.5302,12.87752,12.93099,13.03459,12.77676,12.82418,12.60594,12.397,12.57433,12.2933,11.97759,12.98729,13.06069,13.03335,13.20645,13.06465,12.91262,12.97426,12.94277,12.74401
"ENSG00000134899",10.93186,10.73473,11.14585,10.58371,10.93383,10.83496,10.52565,10.5858,10.73937,11.0406,10.67203,10.2615,12.08788,12.46938,12.42279,12.22195,12.17087,12.07245,12.31791,12.2478,12.39866
"ENSG00000134900",12.70182,12.14977,12.54181,12.36705,12.88,12.95125,12.437,12.27597,12.23728,12.68064,12.35314,11.97615,12.64794,13.12016,13.16813,13.07452,13.16508,13.0527,13.03864,13.07548,13.22115
"ENSG00000134954",13.86097,13.42761,14.14999,13.96643,14.03465,14.10459,13.71746,13.60274,13.3887,14.03241,13.21896,13.07555,14.09077,14.67164,14.88695,14.71027,14.35945,14.46253,14.75452,14.90051,15.00058
"ENSG00000134982",10.05755,10.35331,10.77938,9.837056,10.31022,10.41899,9.508222,10.55963,9.885568,10.28876,9.606997,9.241662,11.48187,11.47729,11.71146,11.85181,11.65385,11.56716,11.80003,11.77974,11.94136
"ENSG00000134996",13.68155,13.56703,14.00677,13.55888,13.81744,14.08993,13.90519,13.75132,13.39584,13.94236,13.42845,13.41052,14.02767,14.04578,13.59675,13.72114,13.92657,13.942,14.22397,14.42689,14.2928
"ENSG00000135018",13.12628,13.13998,13.26598,13.15878,13.15988,13.23831,12.80114,13.10559,13.1478,13.15146,12.78445,13.07665,13.79715,13.46038,13.63922,13.60581,13.56104,13.50945,13.65125,13.66218,13.72032
"ENSG00000135046",17.08604,17.06979,16.88092,16.79715,16.99734,16.88771,16.14469,16.33802,16.25519,16.93718,15.64994,16.0218,17.56795,17.38785,17.14767,17.2895,17.29793,17.29415,17.38087,17.20745,17.60644
"ENSG00000135049",11.67861,11.56318,11.74847,11.45026,11.57945,11.78375,11.79742,12.04903,11.44347,11.53575,11.28834,11.50388,12.67801,12.82691,12.69682,12.56265,12.78739,12.73923,12.95834,13.11852,13.14347
"ENSG00000135074",10.87287,10.55797,10.98754,11.19651,11.20589,10.69139,9.872164,10.43047,10.71512,10.81104,11.55831,10.94252,11.83514,12.38079,12.05868,11.90231,12.14235,12.0353,12.39457,12.33348,12.2715
"ENSG00000135090",12.32929,12.53071,12.91852,12.58664,12.43485,12.74998,12.41816,12.68873,12.57575,12.8072,12.14202,12.30107,13.05892,13.21837,13.09725,13.09373,13.00864,12.80364,13.12853,13.16424,13.09113
"ENSG00000135093",11.73384,11.41447,11.47301,11.11189,10.98106,10.99878,11.21084,10.93672,11.72981,11.61142,11.67314,12.00378,11.41392,11.14276,11.91362,11.60972,11.14634,11.46573,11.53521,11.47319,11.37526
"ENSG00000135148",11.87129,11.62028,12.78417,12.61582,12.5442,12.25342,12.15329,12.14717,12.32735,12.36407,12.05942,11.72842,12.51113,12.744,13.0808,13.12322,12.61409,12.91119,13.16551,13.01093,13.00279
"ENSG00000135164",12.32357,12.00059,11.88741,12.01506,12.19592,12.34528,11.94898,11.80141,11.98279,12.12734,11.89364,11.84372,13.42688,13.01367,12.91553,12.79094,12.6645,12.80261,13.27915,12.94089,13.55939
"ENSG00000135185",12.67012,12.5856,12.73475,13.22655,12.88544,12.9826,12.94103,13.0512,13.32552,13.12662,13.40134,13.07914,12.03301,11.82577,12.03953,12.278,11.81669,11.98304,12.23237,12.31425,12.09413
"ENSG00000135211",14.95878,14.75956,14.75539,14.66241,14.6583,15.10859,14.19447,14.51512,14.46942,15.14281,14.42579,14.5743,13.99313,13.39428,14.64327,14.46869,14.09313,14.3461,14.43115,14.59896,13.36424
"ENSG00000135241",10.52809,10.60105,10.48219,10.15958,10.73494,10.3298,9.866218,9.962274,9.452923,10.40218,9.977351,9.241814,11.46027,11.76473,11.07455,11.53431,11.79953,11.55566,11.43013,11.32665,11.4368
"ENSG00000135269",12.01605,11.93117,13.27191,12.71467,12.26741,12.34194,12.30322,12.22498,11.75057,12.59036,12.18805,11.64995,12.8477,12.65135,12.68859,12.71377,12.65722,12.33479,13.52852,13.54579,12.73714
"ENSG00000135297",10.75546,10.64649,9.926557,10.62223,10.60723,10.52635,9.778451,9.779086,10.06694,10.55915,10.41546,10.73341,11.0702,10.6591,10.813,10.91729,10.7354,10.89336,11.06744,10.72262,11.03317
"ENSG00000135316",12.39699,12.28646,11.95222,11.90254,11.94232,11.87488,12.24706,11.97334,11.72505,12.00671,11.78872,11.71578,12.86927,12.45622,12.32929,12.63755,12.43318,12.47074,12.22291,12.29164,12.52171
"ENSG00000135317",11.06768,11.18803,10.87194,10.86944,11.13784,10.43943,10.76759,10.56221,10.33821,11.20546,10.4944,10.43672,11.77767,11.43818,11.16771,11.23506,11.16032,11.08498,11.46265,11.49919,11.60349
"ENSG00000135365",13.47627,13.09697,13.61771,13.55902,13.63481,13.51963,14.06491,13.53444,13.35245,13.53847,13.11657,13.14521,13.10797,13.41224,13.37689,13.53876,13.41586,13.33393,13.54383,13.48442,13.54711
"ENSG00000135387",12.4449,12.3423,12.09743,11.88036,12.15341,11.95938,12.01527,12.0302,12.50737,12.13744,11.93526,11.9253,12.35937,12.42932,12.56566,12.47462,12.29329,12.15739,12.30758,12.18475,12.50196
"ENSG00000135404",16.76976,17.06025,16.70303,16.48584,16.70186,16.46909,16.87761,16.91989,16.93053,16.64506,16.81346,16.92344,16.9916,16.76746,16.90904,16.87742,16.90291,16.68256,16.63143,16.7232,16.50326
"ENSG00000135426",11.15796,10.66938,11.77444,11.81936,12.27842,12.0292,12.43746,11.9269,12.00594,11.31718,11.99738,11.95466,11.52633,11.58649,10.84143,11.09352,11.09716,11.34345,10.39573,10.48171,11.66799
"ENSG00000135439",11.14458,11.54648,11.01267,10.94876,11.44946,10.63476,11.20576,11.13836,11.62334,11.10156,11.70326,11.86546,11.09465,11.44553,10.93917,10.9753,11.57574,11.13962,11.08729,11.08376,11.2774
"ENSG00000135441",14.70844,15.0516,14.3312,14.46288,14.40877,13.2395,15.55367,14.91585,14.96167,12.32321,14.87572,14.96655,13.25517,13.02268,13.58251,13.21575,13.64297,12.44171,13.37454,13.33167,12.09931
"ENSG00000135452",10.30755,10.72018,10.37872,10.07702,10.56873,10.44114,10.11709,10.11395,10.90596,10.62964,10.6801,10.09972,10.10386,10.28342,10.53419,10.26569,10.3554,10.55593,10.42529,10.21606,10.90676
"ENSG00000135486",12.79114,12.76918,12.12493,12.34331,12.38077,12.10477,12.62238,12.35555,12.74669,11.99542,12.16205,12.25234,12.60215,12.15668,12.18998,12.23109,12.26386,12.34061,12.4742,12.49956,12.34996
"ENSG00000135506",12.36815,12.63349,12.53871,12.33574,12.74453,12.69874,12.50714,12.25991,12.50608,12.40848,12.44547,12.39252,12.56645,12.6882,12.90608,12.9163,12.49399,12.42403,12.40569,12.49625,12.39447
"ENSG00000135535",12.8069,12.82661,12.6359,12.3695,12.61536,12.1772,12.65634,12.99586,12.51558,12.31466,12.77691,12.68997,12.70716,12.63104,12.50554,12.59187,12.96255,12.70686,12.67135,12.45086,12.67724
"ENSG00000135596",12.37714,12.59406,12.41661,12.59354,12.49648,12.31369,12.45191,12.09312,12.11343,11.91805,12.50653,12.22461,11.82585,12.67924,11.94151,11.66047,12.00067,11.77755,12.31923,12.22698,11.95273
"ENSG00000135597",10.73818,10.6551,10.83919,10.56919,10.9366,10.95883,10.55202,10.1101,10.49941,10.78299,10.70216,10.26845,11.46331,11.37094,11.09988,11.09868,11.25088,11.05474,10.87663,11.24044,11.44218
"ENSG00000135604",10.65713,10.88092,10.81995,10.69017,10.79689,10.56736,10.74049,10.84477,10.54917,10.80542,10.67465,10.42038,10.00407,9.946137,10.51668,10.55293,10.6692,10.42889,10.67711,10.38997,10.23155
"ENSG00000135605",11.83478,11.21874,11.93268,11.14194,12.06023,11.87353,11.24227,11.49082,10.80268,11.17909,11.02934,10.89407,13.40936,13.62965,12.72439,12.4373,12.71253,12.91357,13.32544,13.25486,13.03737
"ENSG00000135655",15.75446,15.45265,16.08101,16.0185,15.82885,15.97329,15.73628,15.4676,15.07099,16.03873,14.98545,14.7023,16.26519,16.68905,16.58019,16.5692,16.43742,16.33691,16.62573,16.63452,16.42585
"ENSG00000135709",11.72026,11.72517,12.63251,12.71376,12.91896,12.87492,12.47948,12.18052,12.51964,12.64593,13.11443,13.1341,13.26851,13.26282,13.42362,13.47744,12.97846,12.9559,13.49621,13.28985,13.22833
"ENSG00000135720",12.24296,12.18546,12.34408,12.26553,12.01634,12.07869,12.11987,11.98543,11.79171,12.47747,11.66197,11.79218,12.77237,12.80503,12.94068,12.96851,12.55711,12.54648,12.67099,12.58791,12.53213
"ENSG00000135766",12.05326,11.50043,11.87185,11.44146,11.97801,12.01913,12.093,11.95198,11.63744,11.86506,11.9197,11.5267,11.64281,11.67939,12.22154,12.139,12.2795,12.02492,12.12245,12.07789,12.70743
"ENSG00000135821",14.07059,13.92929,14.56325,14.04964,14.60508,14.30659,13.78615,14.1016,13.82509,14.36434,13.85326,13.53931,14.16566,15.43223,14.93748,14.85099,15.3611,15.04114,14.5444,14.70985,14.96611
"ENSG00000135823",9.8901,9.616353,10.03191,9.773471,10.18462,9.751244,9.435102,9.566278,9.737439,9.628404,10.09205,9.715285,10.73172,10.97843,11.02891,10.40379,10.3253,10.2721,10.963,10.96942,11.01892
"ENSG00000135837",10.76346,10.41184,10.60357,10.45007,10.41743,10.00775,10.50324,10.53384,10.05709,10.56768,9.295362,9.675668,10.923,11.19673,11.207,11.17399,11.37336,11.40411,11.1444,11.0682,11.52412
"ENSG00000135842",11.80187,11.98166,13.28206,12.84877,12.2674,11.96397,11.98798,12.19559,12.04855,12.52001,12.10648,12.06771,13.44565,13.38558,13.72971,13.57084,13.44805,13.41275,13.37166,13.26756,13.53172
"ENSG00000135870",13.10286,13.05978,13.29274,13.17268,13.17414,13.5984,12.8322,12.50298,12.25532,12.92565,12.58281,12.37998,13.46968,13.63306,13.47031,13.61747,13.28551,13.45,13.64951,13.68668,13.5141
"ENSG00000135899",13.34923,13.18942,13.67814,13.865,13.62914,13.52388,13.50837,13.28443,13.44427,13.62088,13.72427,13.0669,12.47316,12.43162,12.96986,12.91536,13.2461,13.45384,12.75888,12.88025,13.29268
"ENSG00000135905",10.00747,9.181589,10.26384,10.83727,11.32956,11.58402,10.5655,10.25055,9.629899,10.12226,9.334826,9.561913,10.707,11.97297,10.83206,10.99821,10.74171,10.40046,10.38447,10.13311,11.76108
"ENSG00000135916",14.97178,15.46965,13.57841,13.5232,14.66316,14.37027,13.47837,13.73639,14.43773,13.79495,14.72573,14.54371,14.23974,13.04647,14.23056,13.68247,10.53634,9.787893,13.00361,13.00723,12.87866
"ENSG00000135930",13.08202,13.0729,13.40066,13.20893,13.55344,13.43665,13.21704,13.43389,13.15346,13.67143,13.19388,13.0204,13.34891,13.09185,13.19958,13.19697,13.21959,13.05993,13.2372,13.27296,13.13008
"ENSG00000135940",13.51579,13.6524,13.54293,13.31984,13.45386,13.32771,13.92799,13.50736,13.71147,13.28752,13.59043,13.75797,13.09835,12.58092,12.82833,12.95327,13.08656,12.81084,12.98287,12.92844,12.3773
"ENSG00000135953",10.26066,10.07992,9.895572,9.777198,10.32809,10.06046,9.764789,9.96503,10.35614,9.573833,10.67675,10.36599,10.07351,9.407649,9.543089,9.513763,9.525648,9.614544,9.892834,9.724916,9.554798
"ENSG00000135956",12.55392,12.29932,12.63287,12.40906,12.64809,12.30152,12.81359,12.9132,12.94711,12.56626,12.44023,12.87953,11.90876,12.32944,12.39517,12.19774,12.12544,12.37975,12.59739,12.6906,12.05878
"ENSG00000135966",10.79731,11.02209,10.25337,9.982699,10.30323,10.09977,9.911132,10.10741,10.35008,9.905649,10.52463,9.844173,10.75425,10.32233,10.77334,10.77056,10.80438,10.74425,10.48993,10.07163,10.30387
"ENSG00000135968",10.82041,10.94509,12.18612,11.95286,11.23085,11.24398,11.43929,11.60549,11.00034,12.02929,10.18172,10.35829,11.70112,11.72137,12.17604,12.27168,11.3203,11.58424,11.91955,11.9258,11.76467
"ENSG00000135976",10.9044,10.57409,10.06122,10.0108,10.99456,10.66747,10.49132,10.17659,9.200943,10.34337,9.571623,9.397623,12.03362,11.87871,11.87179,11.94705,11.51902,11.47397,11.57487,11.69425,12.08825
"ENSG00000136003",13.93919,13.7752,14.06244,14.15597,13.78027,14.0594,13.85415,13.80187,13.70626,14.24682,13.71657,13.63086,13.16492,13.10786,13.55131,13.6435,13.34127,13.30027,13.49654,13.52831,13.05706
"ENSG00000136021",10.93945,10.9086,11.16213,10.76091,11.05468,11.19677,10.08753,10.46726,9.999804,10.96002,9.757696,9.791716,11.16273,10.97109,11.10301,11.28149,10.77188,11.00964,11.14758,11.02726,10.98244
"ENSG00000136026",10.09007,9.890222,10.48085,9.643351,10.59366,10.44015,10.63242,10.76216,10.38784,9.867194,9.742037,10.11658,9.7161,10.26189,10.67084,10.49336,10.68594,10.36806,10.53558,10.28977,10.10721
"ENSG00000136045",11.92142,11.48156,11.39115,11.13587,11.28852,11.88814,12.04991,11.6832,11.40256,11.33911,11.42573,10.98243,10.86545,10.67829,10.65222,10.6868,10.63584,10.48449,10.86365,11.10958,10.7691
"ENSG00000136051",12.84092,12.95506,13.2611,13.32895,13.70355,13.18009,12.87793,13.30068,12.60789,13.42362,12.29703,11.89645,13.3134,13.18627,13.457,13.38806,13.46194,13.32803,13.70774,13.98898,13.678
"ENSG00000136104",10.89628,11.59909,9.103057,10.31326,10.25914,10.15363,10.89888,9.983388,9.553535,9.596482,10.00312,10.41195,10.13071,8.500089,9.390217,9.085954,9.982871,9.479138,8.589291,8.114085,8.720407
"ENSG00000136108",10.75705,10.93908,10.8524,10.61623,11.29248,10.84543,11.6235,11.32825,11.13442,11.84537,10.76956,10.24522,9.801631,10.77414,10.93033,10.96576,10.69611,10.2251,10.7523,10.64223,10.41251
"ENSG00000136152",13.61075,13.13886,13.59309,13.46446,13.77643,13.69825,14.1516,13.92202,13.61688,13.76034,13.65266,13.67078,14.14307,14.0501,13.94774,13.98861,13.92935,14.01076,14.11618,13.99127,13.90431
"ENSG00000136156",17.27056,17.34741,17.4605,17.46738,17.44079,17.37404,17.3644,17.4409,17.35035,17.50543,17.48564,17.43698,17.8979,18.04026,18.01623,18.07554,18.0535,18.08657,18.07554,18.20468,18.02126
"ENSG00000136273",10.33303,10.00639,10.01408,9.9056,10.05587,9.838644,9.823229,9.922216,9.71796,10.06019,10.01358,9.626359,10.72926,10.41228,10.13478,10.30399,10.38947,10.33431,10.32521,10.10687,10.26197
"ENSG00000136279",12.15318,12.46406,12.65999,12.85863,12.88082,12.1993,12.0322,11.88661,12.44538,12.36464,12.84956,12.69153,12.86214,13.01583,13.0388,13.09076,13.02112,12.52367,13.64123,13.35509,12.91783
"ENSG00000136280",13.54656,13.16433,13.45763,13.29084,13.52079,13.09476,13.38644,13.54956,13.62048,12.90168,13.71589,13.34493,13.08199,13.30363,13.17279,13.31234,13.03513,13.22294,13.65106,13.51507,13.57901
"ENSG00000136286",10.34497,10.46669,11.26622,11.26104,11.52892,10.93985,10.94023,10.69704,10.85264,10.59988,11.2892,11.74874,11.55937,11.823,11.64301,11.66951,11.88563,11.06268,11.67711,11.60366,12.08916
"ENSG00000136295",9.911421,10.42656,10.20311,10.01339,10.31418,9.903322,8.050333,9.608828,10.96448,10.20145,10.40729,11.32916,9.953471,10.45471,10.19279,10.36112,9.914375,9.794127,10.06264,9.5805,10.18414
"ENSG00000136305",12.59168,12.74109,11.25919,11.59795,11.47526,11.61806,13.29742,12.48199,13.31851,12.34561,12.76348,12.88513,10.94835,10.4414,10.66934,10.46712,10.7182,10.4184,10.29402,9.82693,10.16118
"ENSG00000136404",11.71666,10.84198,11.75474,11.56676,11.80218,11.61061,11.73509,11.78491,11.92089,11.21054,11.59988,12.32157,11.15755,11.37228,11.25582,11.05441,11.02066,10.84699,10.88445,10.70318,11.48512
"ENSG00000136436",10.64547,10.45947,10.91869,10.76432,10.604,10.43749,10.86862,11.03409,10.3913,11.11107,11.01599,11.13982,11.23246,11.42537,11.20986,10.81845,11.05601,10.98009,11.07356,10.95569,10.99465
"ENSG00000136448",9.958856,9.842598,10.1117,10.06235,10.08692,9.523922,10.05206,9.846509,10.15176,9.785968,9.864488,10.23633,9.810413,9.934953,10.41317,10.28982,10.02388,9.609834,10.1925,10.07399,10.19224
"ENSG00000136450",10.60401,10.68537,10.37298,10.36096,10.40825,10.50447,9.468672,10.08113,10.02967,10.54724,10.3581,10.08356,11.92753,11.5775,11.46443,11.24656,11.42482,10.97045,11.38814,11.36372,11.33733
"ENSG00000136451",13.16681,13.00152,13.25568,13.13032,13.24622,13.1284,13.39894,13.20853,13.11959,13.18024,13.05811,13.11973,12.97431,12.70876,13.15583,13.18348,12.72759,12.78746,12.83774,12.90715,12.97477
"ENSG00000136485",13.15081,13.18107,13.31476,13.14883,13.06539,13.09343,12.94327,12.77247,13.71216,13.19347,13.38462,13.57649,12.56601,12.13325,12.58288,12.52311,12.38416,12.45329,12.31461,12.29228,12.7385
"ENSG00000136490",11.40612,10.74657,11.21148,11.02357,11.38235,10.54889,11.14643,11.03416,12.01883,11.10913,11.8374,11.57911,9.917273,10.66427,10.47353,10.46817,10.31985,10.28242,10.71723,10.4386,10.48884
"ENSG00000136522",11.5928,11.39009,11.37149,11.44782,11.21029,11.36228,11.33056,11.45857,10.90105,11.60888,10.4777,10.6635,10.69732,10.77839,10.72124,10.98964,10.77473,10.59725,10.61011,10.6686,10.42657
"ENSG00000136560",11.35754,11.28838,11.89175,11.64917,11.56123,11.25449,11.31005,11.07066,9.810308,11.57247,9.813186,10.63583,12.33809,12.31521,12.43222,12.40319,12.19139,12.20398,12.52162,12.48512,12.38654
"ENSG00000136628",11.13937,11.38576,10.74247,11.31848,10.95057,11.51834,11.12935,11.59879,11.44876,11.49118,10.92801,11.53187,11.28599,10.85029,11.16879,11.38234,11.54368,11.21315,10.93389,10.49527,10.37316
"ENSG00000136682",13.0008,13.26555,12.9159,13.33797,12.98921,12.97755,12.95858,12.77549,12.94715,13.24292,12.43692,12.83324,13.28341,13.77409,12.94385,13.00175,13.29592,13.2545,13.51371,13.28779,13.16607
"ENSG00000136709",11.36685,11.61289,11.49439,11.24204,11.40651,11.13918,10.03738,10.37226,10.46416,11.4215,10.38364,10.7148,12.90295,13.09562,12.71672,12.78031,12.46175,12.42306,13.22047,13.1709,13.15054
"ENSG00000136710",10.51594,10.60781,10.5531,10.4389,10.44827,10.44809,10.07595,10.7989,11.12698,10.61259,11.16123,11.04758,9.846616,9.545526,9.942867,10.19158,9.906127,9.722245,9.645012,9.727479,9.543354
"ENSG00000136715",14.11751,14.12057,14.19952,14.17262,14.18138,13.87516,14.07805,13.84849,13.83793,14.1838,13.78455,13.80682,13.36053,13.54265,13.40905,13.41583,13.5078,13.15537,13.11265,13.27381,13.13874
"ENSG00000136731",11.18302,11.15428,10.99706,10.97021,10.56165,10.74326,10.48316,10.84363,11.21351,11.23723,10.55183,10.78406,12.27873,12.34182,12.2692,12.17717,11.86805,11.91585,12.08206,12.14837,12.27235
"ENSG00000136754",13.25763,13.08255,13.44798,13.27595,13.34864,13.44011,13.15985,13.10661,12.93491,13.26138,13.04326,12.84396,13.34738,13.37993,13.38522,13.39573,13.38218,13.33111,13.56421,13.5802,13.29784
"ENSG00000136758",10.92132,10.88971,10.88375,11.06117,10.79184,10.72523,10.72049,10.81198,10.30699,11.00184,9.869197,10.65468,11.50855,11.55928,11.40376,11.28872,11.34649,11.29799,11.3494,11.19413,11.11909
"ENSG00000136807",11.48201,11.9959,11.80925,11.75174,11.91346,11.58351,10.95824,11.45717,12.05876,11.96791,11.92815,12.40174,12.62729,12.4873,12.65146,12.70434,12.3268,11.96365,12.45958,12.41248,12.69486
"ENSG00000136810",16.32864,16.41845,16.11206,15.936,15.802,15.92298,16.09328,16.07748,16.04746,16.06769,15.99898,16.10225,16.20588,15.54151,15.83236,15.95315,15.86295,15.74193,15.73439,15.81877,15.66835
"ENSG00000136861",12.24033,11.90604,12.24005,12.11524,12.1225,11.82892,12.80395,12.25889,12.44302,12.2631,12.10188,12.03947,11.79146,11.59857,11.8746,12.17139,12.03431,11.98992,11.68074,11.57024,11.72248
"ENSG00000136869",12.74444,12.50576,13.40042,13.01005,12.97032,13.34161,13.27682,13.07763,13.03106,12.93741,12.91232,13.04438,12.66826,13.19525,13.25418,12.90149,13.0396,13.14796,13.08837,13.03577,12.4781
"ENSG00000136870",10.30113,9.914176,10.35626,10.45127,10.38884,10.4462,10.64767,10.2482,10.41091,10.62113,10.56145,10.06603,10.13707,10.24347,10.17298,10.15077,10.08016,9.873425,10.17727,9.877786,9.791504
"ENSG00000136888",12.23985,12.02952,11.42943,11.53903,11.89282,11.41353,11.50121,11.5563,11.31585,11.79989,11.09807,11.00683,11.60771,11.48876,11.53309,11.77577,11.55287,11.07257,11.59447,11.48303,11.08141
"ENSG00000136930",11.98723,12.11795,11.74831,11.49438,11.38136,11.11459,11.70579,11.30404,11.32282,11.63636,11.56242,11.35456,11.82583,11.46626,11.752,11.61444,11.44301,11.03302,11.33688,11.1754,11.16156
"ENSG00000136932",13.30789,12.6897,13.49789,13.3938,13.298,13.23244,13.35044,13.47241,13.44904,12.92681,13.50384,13.56981,14.24242,14.29804,14.14197,14.43916,14.26866,14.39892,14.08163,14.04755,14.01219
"ENSG00000136940",10.9445,10.32624,10.93972,10.46662,10.49215,10.15709,9.529561,10.13357,9.245741,10.70932,9.420699,9.009548,11.20324,11.15205,11.32525,11.42541,10.86683,11.0315,11.0657,10.98168,10.9891
"ENSG00000136942",14.60864,14.70603,13.58257,14.66965,13.65389,13.5803,14.56168,14.42379,14.31918,13.96765,14.44946,14.51686,13.49962,12.1843,12.95707,12.65535,13.30167,12.72804,12.5123,11.87343,12.28016
"ENSG00000136960",11.42789,10.93276,11.17073,11.51641,12.32789,12.58284,11.2464,10.84931,11.21557,12.28841,10.50267,10.91011,11.60025,11.73004,11.84073,12.30023,12.5582,12.72494,12.4062,12.55932,10.98783
"ENSG00000136986",11.87373,11.93075,11.56615,11.4206,11.40771,11.49778,11.55416,11.63872,11.81136,11.95506,11.8985,11.91472,11.48561,11.93186,12.25395,12.15039,12.12042,12.2965,11.99091,11.81968,11.73428
"ENSG00000137075",14.61526,14.49387,14.8197,14.72463,14.80979,14.64062,14.71698,14.67437,14.7369,14.67918,14.57785,14.59014,13.92775,14.36619,14.39889,14.37469,14.33078,14.29572,14.19736,14.11532,14.44296
"ENSG00000137106",13.72971,13.77452,13.03248,13.20997,13.21898,13.45755,14.06909,13.55466,13.21248,12.80645,13.42734,13.7462,12.9209,12.51299,12.29839,12.28989,12.83307,13.05753,12.96635,12.8099,12.50409
"ENSG00000137154",16.91135,16.9412,16.69985,16.98038,16.67875,16.51133,16.59109,16.83141,16.50306,16.48604,16.61795,16.49044,17.28853,16.7856,16.94557,16.85449,16.94558,16.88691,16.85756,16.85052,16.78644
"ENSG00000137161",11.76437,12.17241,11.21163,11.41726,11.38352,11.49339,10.93507,11.76749,11.91438,11.61909,11.49361,11.45349,11.52997,11.60998,11.94006,11.8679,11.87181,11.1888,11.8179,11.56755,11.50859
"ENSG00000137193",13.45668,13.56669,14.14393,14.05349,14.16788,14.21552,12.37438,13.81405,13.81781,14.22997,13.91318,13.84949,14.68335,15.01022,15.05087,14.91979,14.62053,14.88183,14.74652,14.78598,14.91268
"ENSG00000137207",11.63816,12.41718,12.4152,12.26307,12.5042,12.12689,13.15385,12.48955,13.17576,12.47862,13.7911,13.46735,11.53925,11.43751,12.36132,12.28351,12.20396,11.73065,12.07744,11.87363,11.96716
"ENSG00000137210",12.98743,13.07522,12.76444,12.54471,12.80207,12.92764,13.1168,12.84122,13.03028,13.11622,12.91371,13.04258,12.6491,12.44731,12.36896,12.36912,12.19631,12.20191,12.54272,12.588,12.27303
"ENSG00000137409",11.92365,11.99695,11.74833,11.86751,11.78258,11.54533,11.60227,11.96043,12.23958,11.86809,12.30394,12.56026,11.35311,11.16851,11.46172,11.64656,11.5078,11.3533,11.32588,11.2,11.03775
"ENSG00000137414",10.50803,9.700719,11.33496,10.75549,11.023,11.13782,10.83551,11.19699,10.69203,10.22843,11.37029,10.89805,11.27159,11.6183,11.81422,11.65291,11.95786,11.70235,11.23114,11.10279,11.71196
"ENSG00000137449",9.434884,9.531054,10.19152,9.875875,9.53854,9.365979,9.872527,9.350382,9.46784,10.04374,8.990009,8.911527,10.66515,10.65841,10.87018,11.12022,11.04112,10.94118,11.33691,11.12326,10.61352
"ENSG00000137478",14.05519,13.82157,14.25874,13.9831,14.30921,14.45137,13.72511,13.70757,14.11004,14.01802,13.83994,14.07361,14.26988,14.2502,14.42639,14.56244,14.52473,14.16504,14.42766,14.56424,15.00294
"ENSG00000137486",11.98754,12.31413,11.62744,12.15476,12.3503,12.18234,12.04131,12.27273,12.67164,12.27522,12.58987,12.98003,11.77758,12.17687,12.06846,11.9314,11.52057,11.50704,11.7942,11.91176,12.42687
"ENSG00000137496",10.59276,11.1389,11.15681,11.27784,10.0231,10.28043,10.21837,10.47888,10.98568,10.47536,10.34056,11.4436,10.66519,10.57714,10.8378,10.88506,10.55284,10.43485,10.39289,10.50904,10.87571
"ENSG00000137500",12.6597,12.32553,12.04142,12.10292,12.19564,12.42609,11.93294,11.75134,11.87948,12.23867,11.70726,11.38578,12.20416,11.92967,12.32767,12.32909,11.98852,12.05336,12.3122,12.23431,12.1554
"ENSG00000137522",11.07029,11.0215,11.26438,11.13705,11.17311,11.12748,10.94274,10.96098,10.95464,11.23806,10.75499,10.80321,11.22287,11.43825,11.19562,11.55499,11.22439,11.30324,11.38895,11.04834,11.10189
"ENSG00000137574",10.48229,10.32333,10.55433,10.59269,10.27998,10.57382,10.80816,10.50043,9.755776,10.71411,9.958772,10.00317,11.7884,11.49979,11.43842,11.5558,11.41165,11.448,11.42113,10.98251,10.91951
"ENSG00000137752",12.71657,12.82227,13.09438,13.02614,12.88878,12.92394,13.04044,12.65183,13.01471,12.93482,12.02011,12.47897,12.05873,12.2563,11.88202,11.76744,12.58183,12.77854,11.48514,11.09813,10.82518
"ENSG00000137764",10.38679,10.03686,10.39296,10.34075,10.89317,10.62901,9.888088,9.845582,10.54771,10.20384,10.29367,10.8358,9.858444,10.16778,10.23978,10.28378,10.24182,9.825232,10.49348,9.876596,10.32437
"ENSG00000137815",11.4363,11.51852,11.45791,11.2852,11.23319,11.11271,11.1578,11.38472,10.83529,11.28512,10.4766,10.76946,10.91917,10.92683,10.8588,11.2152,10.90966,11.01406,10.89209,10.91299,10.50181
"ENSG00000137818",16.60241,16.74075,16.30058,16.44743,16.23223,16.33557,16.63931,16.53963,16.53482,16.50903,16.48828,16.60581,16.25731,15.7237,15.97807,15.86766,16.03251,15.91416,15.75983,15.71753,15.24459
"ENSG00000137841",12.33274,12.28461,12.27868,12.26519,12.81779,12.80864,10.93389,11.56371,12.54459,12.85589,11.74344,11.89711,13.31361,13.91688,13.09773,13.18886,13.30301,13.117,13.83309,13.55602,13.13649
"ENSG00000137845",13.05067,12.56795,13.056,12.94175,12.69873,12.76259,12.81021,13.13919,13.19808,13.05181,12.89479,13.04716,13.2376,13.38047,13.5944,13.4312,13.60386,13.49695,13.42389,13.31778,13.7222
"ENSG00000137871",11.16883,11.44196,10.66232,11.04636,11.1073,11.35613,11.34762,11.34169,11.14084,11.33192,11.27234,11.39205,11.21474,10.56308,10.68148,10.47538,10.81368,10.65924,10.53366,10.52261,10.77714
"ENSG00000137936",10.2508,9.775161,11.29317,11.09914,10.7797,11.23079,11.48384,11.32336,11.39561,11.79313,10.95701,11.42008,11.17446,11.68353,10.35448,10.64754,10.81095,10.66891,10.31758,10.09986,10.67989
"ENSG00000137941",13.37706,12.82803,13.13027,12.94322,13.4405,13.44356,13.44794,12.98298,12.55506,13.166,12.25981,11.78551,13.86787,14.08734,13.53859,13.88044,13.3879,13.55254,13.8354,13.73914,13.88639
"ENSG00000137942",10.6925,9.936302,11.15864,11.1121,10.9673,11.20881,10.2824,10.54235,9.675876,10.49488,9.839272,10.14005,12.13389,12.51689,12.61465,12.91065,12.14475,12.41978,12.79937,13.00782,12.63977
"ENSG00000137965",10.18072,10.1726,10.02358,9.818996,11.06028,10.64814,8.872945,8.689141,7.972077,8.464719,9.219007,7.885854,8.047283,8.284516,9.097529,8.978096,10.95864,12.50399,8.814395,8.75049,10.62987
"ENSG00000138032",10.98269,11.04909,11.45475,10.70799,11.22016,11.00161,10.72575,10.98311,10.79253,11.46364,9.982431,10.79335,12.01304,12.01907,11.87035,11.71944,12.06038,12.07027,12.38532,12.01311,12.04292
"ENSG00000138069",14.54233,14.49194,14.63498,14.37843,14.57026,14.40554,13.62827,13.59736,13.15727,14.71632,13.04846,12.8236,14.88575,14.96865,14.75141,14.81322,14.73434,14.87461,14.86493,14.91999,14.73596
"ENSG00000138081",9.974513,9.257415,10.12656,10.20172,9.681351,9.983398,10.68254,10.08524,10.1968,9.762752,9.987036,10.48675,10.57619,10.81553,10.42725,10.46748,10.44852,10.52157,10.92786,10.83432,10.95075
"ENSG00000138085",10.23931,10.07991,9.940851,9.747471,10.2623,10.23979,10.21769,10.39957,10.3105,10.37745,10.29672,10.21185,9.7043,9.782732,9.789648,9.704864,9.85356,9.575481,9.424682,9.41672,9.535951
"ENSG00000138095",11.86189,12.14971,10.68239,11.05483,10.76252,11.21903,10.89719,10.88588,11.26214,10.97407,11.28782,10.98166,11.31828,10.90681,10.82126,10.6907,10.69911,10.684,10.72796,10.58482,10.83886
"ENSG00000138138",10.44901,10.32541,10.55967,10.90159,10.26008,10.70419,10.16884,10.13837,9.851087,10.44618,9.264299,9.842843,10.88677,10.72547,10.89984,10.88601,10.93086,10.90366,11.11656,10.87886,11.03157
"ENSG00000138166",10.5689,11.2925,11.50139,10.82598,12.01199,12.86879,11.47666,12.94192,9.697602,11.75008,11.67806,12.03562,9.068856,11.97426,11.62112,11.27737,11.33228,11.74782,11.17922,11.4059,11.10163
"ENSG00000138175",11.00555,11.08328,10.5321,10.22663,10.45332,10.48712,11.19913,10.87559,10.33659,11.33022,10.45299,10.52523,10.69394,10.7602,10.61817,10.96414,10.36249,10.42527,10.56209,10.59485,10.87098
"ENSG00000138185",12.30056,13.69718,9.189461,9.683778,11.08882,9.151546,10.92556,11.36374,11.21989,8.684737,10.89666,11.81752,11.63554,7.645142,10.67738,9.067178,10.94835,10.23924,9.992826,7.878736,8.013558
"ENSG00000138286",9.648829,9.264614,9.937028,9.721283,10.20644,10.64151,10.62257,10.07503,10.2454,10.20297,10.75114,10.66065,9.369326,9.643724,9.771492,9.858891,9.828256,9.763153,9.811239,9.587399,9.628586
"ENSG00000138326",15.70289,15.62314,15.17357,15.25867,15.34839,15.06122,15.3708,15.47861,15.44575,15.32876,15.68005,15.43017,15.03734,14.82067,14.96695,15.01642,15.03014,14.89751,15.05531,14.83155,14.94024
"ENSG00000138378",10.34912,9.200679,10.39097,9.50563,12.0965,11.11799,7.967421,8.810006,8.648041,10.6087,10.72703,9.244263,9.86363,10.82518,8.792707,8.429874,11.5684,11.25342,8.296583,9.3782,9.126277
"ENSG00000138380",9.913737,9.652885,10.4507,10.47351,10.2027,9.997051,9.834977,9.836603,10.33817,10.14428,10.25502,10.13322,10.85125,11.11495,10.68686,10.90007,10.61778,10.86528,10.87184,11.10122,10.946
"ENSG00000138395",10.10986,9.716652,9.979215,9.634996,11.32446,11.22496,12.03221,11.59124,9.222101,8.62109,9.817387,10.53732,11.17261,11.84469,9.940264,10.14431,10.69159,10.5931,10.5409,10.83061,10.18259
"ENSG00000138430",10.61857,11.04701,10.21434,10.30142,10.37794,10.38492,11.33165,10.9741,10.5053,10.09534,10.6637,10.77571,10.3547,9.898181,9.722324,9.882886,10.40183,10.04897,9.912679,9.709072,10.17595
"ENSG00000138433",12.67515,12.19014,12.775,12.54642,12.77306,12.80246,12.66783,12.35145,11.73685,12.84103,11.41059,11.40854,12.50274,12.77813,12.81989,13.00763,12.73668,12.81473,12.76866,12.94702,13.13845
"ENSG00000138439",10.28977,9.637243,10.88689,11.45244,11.1952,11.19641,10.93954,10.59522,11.41471,10.86526,11.2867,10.7055,10.39612,10.52798,10.23767,10.07021,10.32878,10.14308,11.08976,11.02483,11.21017
"ENSG00000138468",10.33021,9.620291,11.26456,11.25353,11.87198,11.82821,10.2795,10.14803,10.53069,11.49473,10.80056,9.781244,10.91332,11.35246,11.96546,12.38179,11.21961,11.09176,12.19517,12.15905,12.1704
"ENSG00000138495",13.93199,14.22061,14.18304,13.90544,14.30267,14.51005,14.57713,14.28645,14.42311,14.29045,13.98044,14.13427,13.3947,13.29931,13.47346,13.47959,13.30778,13.05812,12.89516,13.14091,13.34102
"ENSG00000138592",10.22431,10.24274,10.72124,10.77083,10.42332,10.29373,10.19183,9.929324,9.831519,10.6087,9.64451,9.439331,11.27202,11.47367,11.26037,11.16208,11.13254,11.3016,11.28722,11.75489,11.37486
"ENSG00000138593",12.20276,11.99394,12.70687,12.61849,12.61715,12.56224,12.64303,12.27042,12.25283,12.50618,12.32542,11.82815,12.89334,13.18996,12.99409,13.15673,12.97505,13.13704,13.3377,13.13656,13.37158
"ENSG00000138600",15.23518,14.77439,15.32757,15.11332,15.16069,15.29663,15.15131,15.06381,14.76757,15.26085,14.68729,14.70985,15.53178,15.46879,15.37435,15.60888,15.28847,15.46649,15.58591,15.66348,15.73341
"ENSG00000138613",13.05025,12.69626,13.03029,13.08655,12.77175,12.72176,13.13188,13.13213,12.93701,13.01431,12.88464,13.01416,12.72137,12.73928,12.75152,12.83803,12.73797,12.59614,12.88278,12.91091,12.62961
"ENSG00000138629",12.35264,12.38358,12.49997,12.18711,12.61666,12.27389,12.03641,12.40149,12.28884,12.3394,12.50747,12.44293,11.31812,10.81918,11.5948,11.46789,11.19573,11.06666,11.62926,11.30845,11.76719
"ENSG00000138674",10.37424,11.03554,10.91067,11.11796,11.02965,10.03463,9.583828,10.6076,10.51277,10.60746,10.59559,10.30969,11.20862,11.60181,11.41201,11.30482,11.58172,11.19439,11.2246,11.33972,10.97765
"ENSG00000138678",11.32455,10.71764,11.6925,11.41755,11.60925,11.0465,12.15458,12.05299,12.02721,12.08444,11.8736,11.39707,10.8537,11.15366,11.33531,11.11069,10.9766,10.75589,11.45945,11.37781,10.78376
"ENSG00000138688",9.719723,9.611162,9.981032,10.09199,10.07588,10.30018,9.692428,9.272529,9.202507,10.15042,8.565964,9.429857,11.28641,11.48955,11.09881,11.24992,11.15029,11.23501,11.84293,11.51457,11.64372
"ENSG00000138756",13.96524,13.74009,14.05218,13.84804,14.47189,14.6755,14.17496,13.58561,13.93551,14.03399,13.41164,13.47166,13.9655,14.52592,13.71231,13.91277,13.87183,13.91384,13.88048,14.00994,14.26118
"ENSG00000138758",11.43679,10.7023,11.10624,10.99059,11.32785,10.47155,10.99044,11.0069,11.34738,10.63009,11.24009,10.85459,11.50344,11.63191,11.48107,11.45597,11.91922,11.44611,11.86261,11.62424,11.68146
"ENSG00000138764",14.26253,14.02118,15.26146,15.1956,14.84554,14.85934,14.25603,14.68074,14.23618,14.83794,14.59864,14.41415,14.83361,15.17606,15.63814,15.57085,15.05512,15.29613,15.46702,15.62257,15.59354
"ENSG00000138767",12.08412,11.93969,12.2795,11.7464,12.675,12.65181,11.00634,11.41759,10.90623,12.35827,10.44424,10.4339,12.95926,13.77991,13.24935,13.34505,13.18754,13.20204,13.68525,13.57889,13.20844
"ENSG00000138768",13.47084,13.15438,13.54264,13.33187,13.57273,13.62163,12.50007,12.90432,13.2404,13.49787,12.9495,12.79171,14.31814,14.2634,14.46127,14.43461,14.05445,14.16223,14.31065,14.23189,14.29764
"ENSG00000138785",10.62992,10.19982,10.7917,10.43244,10.5399,10.83149,10.82675,10.42394,10.79074,11.02355,10.56707,10.48975,10.40728,10.81581,10.90825,10.77984,10.863,10.90786,10.67482,10.54836,10.95325
"ENSG00000138801",11.34007,11.58931,11.91838,11.35934,11.87242,12.17125,11.0081,12.17848,11.25353,12.47683,10.85662,10.78178,12.46057,13.2652,13.41994,13.0961,13.2136,13.28938,13.14127,13.18477,13.1596
"ENSG00000138802",10.18487,9.913462,10.22007,10.04709,10.14205,10.03626,10.19127,10.15842,9.791639,10.27804,9.776438,9.670594,10.84933,11.11442,10.95684,11.01164,11.01154,10.96181,10.92432,11.16783,11.28119
"ENSG00000138814",12.14807,11.78194,11.95765,11.86709,12.53399,12.36908,11.97151,12.20657,11.82769,12.10573,12.02822,11.28098,12.8351,13.15084,13.24204,13.27981,13.01987,13.11743,13.61639,13.75518,13.20795
"ENSG00000138834",9.895421,9.561475,9.479503,10.08576,9.984679,9.750073,8.63628,10.19922,9.440895,10.01903,9.429734,10.00251,11.50538,11.68485,11.61179,11.58495,11.31457,11.41485,11.47398,11.59543,12.2075
"ENSG00000138867",11.44966,11.68933,11.38835,11.68741,11.54394,11.77986,11.1568,11.4704,11.55226,10.96833,12.15826,12.0852,11.98807,12.19059,12.09381,12.37856,11.96684,11.64324,11.85955,11.98214,12.19277
"ENSG00000139055",11.45317,11.42523,11.85006,11.72841,11.59963,11.38066,12.12643,12.02192,11.0201,11.73618,10.67599,11.36429,11.74784,11.25481,11.35843,11.25125,11.24429,10.92101,11.43691,11.66397,11.28228
"ENSG00000139083",14.49537,14.37402,14.36836,14.60012,14.7661,14.67714,15.0087,14.71023,14.4188,14.4858,14.75795,14.56929,14.0388,14.45261,14.35067,14.23174,14.39249,14.25675,14.34357,14.32454,14.56202
"ENSG00000139117",11.56224,10.84843,10.53369,10.04371,11.60305,11.86756,11.61968,11.43878,11.18638,11.04493,11.79386,10.95567,11.34383,11.0296,11.10283,10.93885,11.01211,10.82486,11.10351,11.04051,11.74428
"ENSG00000139132",11.68523,13.08067,9.959068,10.10949,10.33749,8.7255,12.46749,11.80523,11.66771,9.444245,11.14899,11.4399,10.28434,8.492761,9.599037,8.510771,10.548,9.80251,9.345505,8.123808,7.494246
"ENSG00000139146",11.12366,10.95284,10.9917,11.24698,11.3727,11.51373,11.24837,11.25828,10.46729,11.33358,10.86581,10.96834,11.02491,11.34988,11.229,11.23714,11.22719,11.13441,11.47084,11.51081,11.61986
"ENSG00000139154",11.73875,11.05225,11.45526,11.28129,11.47998,11.81457,11.53867,11.75618,11.36494,11.43639,11.815,11.93403,12.60136,12.58829,12.27051,12.2843,12.28859,11.90145,12.07401,12.26175,12.65144
"ENSG00000139163",11.1793,10.87393,11.1927,11.24707,11.33212,11.11523,10.60452,11.27153,11.43273,11.39113,11.47494,11.43844,11.16556,11.41082,11.32644,11.24426,11.49682,11.30832,11.07519,11.12558,11.28535
"ENSG00000139168",11.68579,11.62693,11.57125,11.53544,11.96986,12.03098,12.07148,11.46191,11.89011,11.35002,12.01442,11.80045,10.74099,10.73309,10.85028,10.65185,10.56448,10.95547,10.63256,10.63372,9.956675
"ENSG00000139178",10.51532,10.41892,10.64886,10.28884,11.29315,11.08204,9.798551,9.999895,10.45381,10.58581,10.52744,10.37466,10.30147,10.28359,10.26459,10.14211,9.994732,9.871315,10.60678,10.31284,10.857
"ENSG00000139187",12.72789,11.5526,10.59341,10.20292,11.69991,11.99209,11.75137,10.96191,11.52973,10.75904,10.05873,10.80236,11.19232,11.90563,10.32108,9.83516,10.60137,10.26106,11.70741,11.98292,12.20103
"ENSG00000139192",12.55727,11.99029,13.11063,13.15817,12.76918,12.87448,12.76085,12.35771,13.11109,12.88997,13.02319,12.71554,12.09693,12.39974,12.44243,12.50327,12.05898,12.07622,12.55504,12.65733,12.3659
"ENSG00000139278",11.10916,11.39316,9.831463,10.19526,12.06076,12.13093,12.89712,12.96392,10.62007,9.430262,12.81741,11.31255,9.93251,11.58266,10.73648,10.86448,10.87368,10.76644,9.724261,9.185658,11.47252
"ENSG00000139318",17.156,16.93891,17.67303,17.64323,17.29972,17.50722,17.50491,17.45408,17.45023,17.58649,17.44997,17.56156,17.07001,16.81664,17.4716,17.61955,17.68584,17.62176,17.43853,17.46386,17.20324
"ENSG00000139351",10.7492,10.47896,10.65664,11.18709,11.08891,10.90593,11.38649,11.31618,11.09404,10.97708,11.13242,10.72602,11.2486,11.27567,11.54793,11.4517,11.52417,11.17971,11.90605,11.7624,11.7985
"ENSG00000139405",10.38276,9.651078,10.39806,10.02167,10.32983,10.84462,10.1223,9.983696,11.37683,11.10958,10.74323,10.28654,9.336636,7.991769,8.720207,8.573796,8.557919,8.573796,8.341001,8.254928,8.724678
"ENSG00000139433",11.1568,10.69516,10.66952,10.28563,10.49947,10.61745,11.34293,10.76624,10.66511,10.56692,10.9402,10.76712,8.577028,8.185808,8.523333,8.597457,8.787466,8.80142,8.462739,8.416261,8.608137
"ENSG00000139436",14.3463,14.31982,14.58375,14.55836,14.52377,14.30617,14.27984,14.51988,14.37381,14.4845,14.35307,14.48155,14.11107,14.26257,14.27667,14.16767,14.24498,14.22449,14.43887,14.33238,14.54827
"ENSG00000139531",11.72041,12.0811,11.8599,11.51595,11.96885,11.71598,11.3212,11.55253,12.37806,12.00506,12.55339,12.30519,11.93818,11.56914,11.84581,11.91128,11.64066,11.63769,11.77096,11.52193,12.22688
"ENSG00000139579",9.848122,10.23654,10.089,9.290794,9.496531,8.884158,11.01313,10.45516,10.81121,9.963207,10.15948,10.77321,9.209202,8.598326,9.084984,8.451391,8.709116,8.829563,9.024427,8.895923,8.216614
"ENSG00000139613",15.84367,15.82138,16.07175,16.04517,15.94632,16.10172,15.70563,15.81283,15.64455,16.27175,15.62078,15.55197,15.86588,15.96601,15.85805,15.9529,15.60289,15.71762,15.93709,15.94726,15.97509
"ENSG00000139620",11.27864,11.04502,10.68874,10.47376,10.89258,11.11741,10.76758,10.58803,10.33428,10.85392,10.12685,10.64112,10.82804,10.74754,10.81118,10.81938,10.92615,10.8091,10.82691,10.56954,10.87147
"ENSG00000139624",11.77296,11.83434,12.40013,12.26588,12.26877,11.89876,12.17498,12.28056,12.19679,11.72338,12.65382,12.49097,11.84563,11.91014,12.1491,12.09961,12.31234,11.86902,11.92293,12.15112,12.10055
"ENSG00000139641",13.73999,13.47354,13.87394,14.04483,14.20249,14.03797,13.48807,14.00856,14.01659,13.97917,14.14773,14.37184,14.35488,14.85948,14.67498,14.70999,14.38416,14.24927,14.6598,14.68044,14.76565
"ENSG00000139644",15.99262,15.87769,15.99356,15.95464,15.85725,16.01559,15.70052,15.8818,15.92009,15.97282,15.93324,15.8083,16.09584,15.96903,15.98802,16.00218,15.99121,16.17094,16.14921,16.08793,16.13939
"ENSG00000139651",11.72318,11.70293,11.75352,11.84451,12.17987,12.09842,11.90761,11.69103,12.2669,11.94234,12.32365,12.36706,12.66267,12.78332,12.5446,12.54029,12.52527,12.57675,12.71063,12.74743,12.70703
"ENSG00000139675",10.05115,9.797255,9.997985,9.986966,10.20389,10.15853,9.393613,9.675694,9.35064,9.725125,9.902719,9.117411,10.55622,10.55975,10.68012,10.78981,10.03427,10.51325,11.08635,10.98054,11.10191
"ENSG00000139684",10.83132,11.16588,10.44668,10.13185,10.5627,10.63925,10.75224,10.48849,10.52477,10.69866,10.11527,10.71299,10.64086,9.888753,9.958456,10.02005,9.728947,9.994696,9.531824,9.27373,9.632292
"ENSG00000139726",14.37868,13.55077,14.20633,14.07971,14.5471,14.69376,15.01366,14.71346,14.41532,14.21955,14.38962,14.58549,14.91135,15.05289,14.9966,15.00822,14.9521,14.79522,15.06079,14.92042,15.45664
"ENSG00000139746",10.74561,10.71992,11.15485,11.0076,10.98398,11.31708,10.86258,10.8095,10.51639,11.16554,10.30664,10.0526,10.85143,11.09849,10.65741,10.76469,10.77366,10.62152,11.00493,10.84722,10.414
"ENSG00000139793",11.4216,10.65645,11.68123,11.63866,11.39516,11.57427,10.95659,11.39444,11.12507,11.47382,11.2568,11.18851,11.14941,11.63409,11.6549,11.61754,11.46617,11.23646,11.34501,11.42619,11.49918
"ENSG00000139921",11.55966,11.50059,11.0451,10.79492,10.99537,11.11129,11.06192,11.0705,11.03713,10.7563,10.66891,10.98512,11.3239,10.86313,11.27499,11.05392,10.97018,10.96469,10.58584,10.72966,11.24395
"ENSG00000139946",9.702171,9.802009,9.839666,9.580402,10.61519,10.01419,10.07303,9.766418,8.861515,9.756227,9.194608,9.160412,10.11395,10.98623,11.03372,11.13275,11.04113,11.03505,11.75,11.93115,11.25625
"ENSG00000139990",12.29486,12.20438,12.7816,12.68767,12.71693,12.57301,11.22433,11.93054,12.54569,12.87205,11.98188,12.04835,12.84886,12.66638,12.90597,12.73528,12.60611,12.64221,12.72383,12.74816,12.79408
"ENSG00000140030",13.25513,13.77735,15.08697,14.7857,13.75532,14.33008,13.39239,14.16224,13.55115,14.79705,13.72008,13.39572,12.93941,15.81583,14.60319,14.42486,15.22671,14.96755,13.80284,14.25677,13.58641
"ENSG00000140105",10.64609,11.0029,10.44039,10.44965,12.5134,12.43512,11.98885,11.81241,10.66247,10.61689,12.19617,11.81167,11.63233,11.47136,11.34165,10.94811,10.06303,9.781314,10.019,9.554977,12.17822
"ENSG00000140262",10.10764,10.08189,10.4371,9.973819,10.70298,10.48324,10.29931,9.972743,9.929665,9.875751,9.194314,9.88487,10.1639,10.08976,10.08913,10.06288,10.01056,10.12539,9.808815,9.832615,10.19706
"ENSG00000140263",11.89635,11.15827,12.4653,12.62193,11.84988,11.93683,12.57507,12.31474,12.77634,12.02495,12.38476,12.64322,11.2437,12.40462,11.73837,11.52918,12.70423,12.89439,11.96655,11.89999,11.55512
"ENSG00000140264",14.35147,14.50978,14.1818,14.14782,14.23825,14.19789,14.29311,14.39603,14.58294,14.40519,14.48524,14.4745,13.5419,13.33323,13.61012,13.56167,13.71354,13.3155,13.4004,13.28698,13.20584
"ENSG00000140287",16.32368,16.09027,16.05968,16.25128,16.23056,16.30643,15.68182,16.12406,15.92965,16.2858,15.76616,16.21855,16.51524,16.84181,16.23451,16.58247,16.27191,16.39769,16.30933,16.44549,16.69004
"ENSG00000140332",9.840849,10.38645,11.17586,10.8297,10.52376,9.920503,10.85284,10.46275,10.95649,10.64235,10.93309,10.40741,9.680613,9.43047,10.04985,9.694471,10.59234,10.00453,10.60816,10.53517,10.68222
"ENSG00000140379",11.53006,12.31936,13.30237,13.06297,12.29216,11.2502,12.87266,12.95827,12.28462,12.50862,12.30858,11.54716,10.84587,12.01823,12.13628,11.69971,12.70278,12.32992,11.6542,11.74516,9.336519
"ENSG00000140396",11.14299,11.1503,11.78249,11.69701,11.68513,11.61895,11.07071,11.06623,11.03676,11.50625,10.88774,10.86254,11.61503,12.02831,11.9326,11.83985,11.85279,11.57578,11.91945,11.81232,12.04138
"ENSG00000140443",12.34992,12.44184,12.9511,12.87218,12.42439,12.06846,12.48723,12.17739,12.20494,12.91238,12.16653,11.53729,13.23121,13.30936,13.51785,13.47706,13.41807,13.24508,13.65946,13.69369,14.157
"ENSG00000140455",14.25018,13.93093,14.32405,14.31478,14.47848,14.38698,14.76963,14.55982,14.55708,14.35936,14.13746,14.35923,15.21275,15.56361,15.3027,15.24035,15.25007,15.2501,15.29057,15.43319,15.42959
"ENSG00000140497",10.13651,10.3937,10.31946,10.37549,10.28913,10.24826,10.2183,10.25401,10.50339,9.983472,10.70646,10.90727,9.224037,9.39449,9.620248,9.492027,9.602984,9.195896,9.189188,9.414778,9.277475
"ENSG00000140526",12.16274,12.36672,11.93439,11.74085,12.25133,12.09904,11.93981,12.25344,12.05338,11.97407,12.5382,12.58063,12.54101,13.71601,12.70195,12.78442,13.15537,12.87017,12.88121,12.86355,12.95385
"ENSG00000140563",10.4997,10.62728,10.52918,9.647458,11.02035,10.96134,10.39722,10.3988,9.755107,10.3917,9.448622,9.545417,11.77222,12.33817,11.65296,11.72358,12.11551,11.97293,11.9852,12.08597,12.0232
"ENSG00000140575",13.4266,13.11154,13.62836,13.39574,13.83681,13.89759,13.25562,13.27639,12.83755,13.41074,12.63858,12.78286,13.81843,14.36052,14.15039,14.04145,14.19267,14.08447,14.13446,14.29976,14.36394
"ENSG00000140577",11.73281,11.55749,12.62673,12.30619,12.32679,12.29034,11.80006,11.85862,12.00807,12.20281,11.8822,11.80472,11.72026,12.17957,11.89442,11.90519,11.74255,11.73754,11.89834,12.26152,12.05742
"ENSG00000140612",12.46039,12.91591,12.08395,11.69858,12.53162,12.33901,11.92656,11.9404,11.71114,11.98716,11.47312,11.50313,12.65224,11.84328,12.3436,12.29617,12.37986,12.22702,12.28763,12.2089,12.08868
"ENSG00000140718",10.52009,9.990235,10.15857,10.52976,10.49792,11.05709,10.51935,10.13295,10.39802,11.14463,10.01013,10.22203,11.30739,11.3847,11.28551,11.1915,11.04339,11.19878,11.11679,10.86929,11.2523
"ENSG00000140740",10.69816,10.98456,11.51236,10.95434,11.26569,11.17287,11.04825,11.57033,11.77773,11.16753,11.50582,11.85156,11.02238,11.09396,11.27075,11.08716,11.24865,10.70936,10.35409,10.61921,10.52047
"ENSG00000140848",11.25087,12.59592,9.444567,9.965024,10.24296,7.967978,11.16613,10.96186,11.18796,8.816788,11.08908,11.90607,8.522474,7.214798,8.593387,7.256315,8.744321,8.044271,7.411424,7.205285,7.412513
"ENSG00000140853",12.60373,12.57216,13.17773,13.2098,13.78996,12.82455,12.90909,12.99805,12.83046,12.85678,12.75695,13.1995,13.06243,12.83577,12.18529,12.19032,13.19795,12.54382,13.02005,13.14309,13.03434
"ENSG00000140941",11.40177,11.37901,12.19513,11.84622,11.98183,12.20263,12.21648,12.20697,11.87148,11.57901,12.02734,11.74712,11.14145,12.11621,11.85704,11.64392,11.91363,11.73246,11.43356,11.51977,11.4137
"ENSG00000140943",10.69332,10.62423,10.37918,10.8431,10.6786,11.0692,10.2175,10.39471,10.91751,10.89832,10.4652,10.68606,11.71454,11.98889,11.59806,11.59312,11.83148,11.32604,11.81641,11.52338,11.82708
"ENSG00000140988",12.54201,13.23236,11.78321,12.85313,11.55714,10.93972,12.11627,12.4531,12.2944,11.73043,13.01064,12.93145,12.38908,11.18672,11.84219,11.80075,12.26535,11.17793,11.43586,11.16294,10.80994
"ENSG00000141027",13.77503,13.93361,14.30379,14.36906,14.27338,13.9992,14.52058,14.271,13.85927,14.14194,13.96447,14.04339,14.09543,14.12756,14.11129,13.85933,14.09574,14.03648,14.30515,14.45077,14.27991
"ENSG00000141030",12.13939,12.51572,10.85589,11.55781,11.02083,10.90371,11.4349,12.32248,11.62625,11.52094,12.03654,11.12045,11.62469,10.56395,11.04591,10.99211,10.95278,11.04948,11.1314,10.81066,10.69709
"ENSG00000141068",11.65703,11.35941,11.97615,11.52083,11.63404,11.21671,11.95377,11.86177,12.058,11.79884,11.83589,12.36118,11.66686,11.85635,11.17952,11.28408,11.47523,11.30981,11.55953,11.38411,11.70949
"ENSG00000141084",9.954782,10.08308,9.921553,10.19906,9.805197,9.533669,10.61926,10.32144,10.32004,10.20865,10.53173,10.71223,9.367287,9.943531,9.770506,10.02446,10.07796,9.439932,9.606629,9.844544,9.513457
"ENSG00000141127",12.25498,11.43661,11.90781,12.38697,11.97859,12.76571,12.39061,12.47999,12.76106,12.27318,12.44494,12.89064,12.98195,13.14119,12.63412,12.719,12.76179,12.94689,12.88922,12.69276,12.96528
"ENSG00000141179",11.38938,11.77559,11.14621,10.87092,10.76221,10.21884,11.43782,11.40393,11.07792,10.61343,12.14494,12.20794,12.10177,11.2202,11.50921,11.36738,12.14147,12.02051,11.78764,11.75801,11.32116
"ENSG00000141232",13.81213,13.18636,14.12894,14.00877,13.72348,14.02354,14.37516,13.59084,14.17679,14.04903,14.06633,14.09032,13.53203,13.6283,13.65658,13.82009,13.21898,13.31247,13.28508,13.48586,13.68476
"ENSG00000141279",13.45023,13.50496,13.48477,13.48932,13.77322,13.18119,13.55114,13.82175,13.70432,13.53983,13.29241,13.33665,13.42186,13.61185,13.4908,13.17906,13.4882,13.44349,13.48461,13.62029,13.56531
"ENSG00000141298",13.89028,13.47429,14.64736,14.68758,14.01864,13.76909,14.58215,14.29486,14.25052,13.91914,14.14028,14.12219,14.40963,14.49778,14.84237,14.64784,14.68547,14.60119,15.17637,15.14973,14.39717
"ENSG00000141380",13.09384,12.87689,13.34459,13.34495,13.28018,13.09459,13.90224,13.61955,13.78977,13.06143,13.76686,13.9065,12.98489,13.16058,12.80225,12.78312,13.12599,12.96641,12.75561,12.94757,12.61487
"ENSG00000141425",10.62973,10.36249,10.2723,10.37192,10.73713,10.85518,9.889551,10.11465,9.64633,10.48503,9.934769,9.97192,11.81451,11.3455,11.07311,11.19035,11.41214,11.38499,11.30588,11.23517,11.3388
"ENSG00000141447",13.48844,13.23031,13.5883,13.89911,13.75945,13.62772,13.69516,13.46694,13.59013,13.78722,13.40039,13.29241,13.47672,13.47541,14.17937,14.10012,14.02516,13.98925,14.27919,14.40538,13.65882
"ENSG00000141480",14.96227,14.90811,15.13336,15.22986,15.09829,15.16504,15.27988,15.27178,15.44858,15.1583,15.61214,15.57016,14.59824,15.00677,15.11489,15.0054,14.74789,14.79968,15.16077,15.08097,14.98495
"ENSG00000141506",9.92007,10.31177,10.12632,9.926802,10.02211,9.830671,10.28852,9.815797,10.26125,9.986372,10.56359,10.37115,10.09645,10.60081,10.25116,9.968106,10.15121,10.06411,10.65329,10.30929,9.417765
"ENSG00000141540",11.29095,11.68309,11.09365,11.42587,11.60765,11.12625,11.17487,11.57278,11.16209,11.57372,11.07379,10.98587,10.99035,11.51468,11.12374,11.00983,11.31104,11.28778,11.43843,11.16844,11.31584
"ENSG00000141543",11.02354,11.41037,10.55709,10.59357,10.87719,10.95185,10.92235,10.7592,10.70998,10.80398,10.35038,10.72254,10.61682,10.31545,10.85403,10.99446,10.81838,10.40742,10.51382,10.4814,9.674923
"ENSG00000141551",11.99201,12.17691,12.26443,12.47746,12.27871,12.0703,11.54115,11.90745,12.28509,12.57822,12.35512,12.48378,12.18683,12.25135,12.04216,12.24893,12.21349,12.07666,12.17602,12.01309,12.01864
"ENSG00000141552",14.25298,14.60527,14.11933,13.61689,13.97807,14.04493,14.41881,14.21499,14.26094,14.06414,14.20863,14.25313,13.47966,13.13799,13.57593,13.40793,13.37978,13.19489,13.39136,13.13705,12.58192
"ENSG00000141627",10.53638,10.42112,10.38923,10.39141,10.75365,10.62566,10.00807,9.944474,10.17922,10.48199,9.62865,9.66767,11.49435,11.2697,11.03291,10.97051,11.24409,11.33115,11.33949,11.1632,11.55696
"ENSG00000141644",10.78342,10.82376,10.72067,10.87083,10.71461,10.54005,10.84851,10.87344,11.43482,11.18077,11.07786,11.2849,10.57007,10.34167,10.50534,10.31242,10.43113,10.11213,10.22168,10.24113,10.33927
"ENSG00000141646",12.6566,12.37463,12.87582,12.65393,12.63617,12.71838,12.49043,12.75839,12.62471,12.80443,12.71507,12.38743,13.14417,13.07469,13.19312,13.17923,13.16141,13.0807,13.26509,13.25018,13.49523
"ENSG00000141759",11.41063,11.25299,10.88614,10.99976,11.73503,11.73592,12.1346,11.70786,11.2827,10.75135,11.46949,12.12809,11.64404,11.22729,11.67994,11.55012,11.53018,11.23643,11.72676,11.26798,10.96407
"ENSG00000141867",12.59259,12.82665,12.89907,13.06636,12.88653,12.72197,13.22002,13.07364,12.91313,12.67292,12.71168,13.17854,11.97615,12.56419,12.09469,12.20396,12.06471,12.13719,12.05113,12.23084,12.2055
"ENSG00000142002",11.38963,10.95497,10.90462,11.54532,11.28452,10.64115,10.5962,11.18967,11.15259,10.08343,11.8566,12.15631,10.86817,11.29919,11.23123,11.11301,11.13297,10.5242,10.40964,10.63345,10.90219
"ENSG00000142039",12.32218,12.20135,12.39965,12.56553,12.54379,11.90159,12.29202,12.13417,12.54721,12.26815,12.60165,12.59766,11.2351,11.416,11.37774,11.72235,11.28725,11.2226,11.32609,11.39662,11.31678
"ENSG00000142046",10.424,9.857941,10.4105,10.42906,10.51723,9.607199,10.82723,10.31711,11.23872,10.30783,11.30553,11.46671,8.799816,9.054491,9.483974,9.070641,9.156109,8.618522,8.678527,8.762444,9.11422
"ENSG00000142082",12.46445,12.37424,12.20092,12.99357,12.94595,12.89166,12.92358,12.71992,13.41565,13.12515,13.16468,13.48602,12.44705,12.31347,12.08059,12.19864,12.45879,12.42533,12.39764,12.17339,12.41512
"ENSG00000142089",14.26947,14.08193,14.06461,13.90215,14.4698,14.45824,14.62143,14.51361,15.27231,14.55991,14.74033,14.17648,11.56805,12.94568,13.14488,13.06711,12.74759,13.34086,12.00088,12.15745,14.09567
"ENSG00000142168",14.4486,14.38019,14.15188,14.29916,14.47788,14.7318,14.07152,14.03329,14.28177,14.55032,14.09422,14.12763,14.17753,13.72489,13.74631,13.84829,13.87438,13.99013,13.84282,13.74734,14.0058
"ENSG00000142188",11.40292,11.29068,10.50705,11.36618,10.60119,11.01874,10.0592,10.66091,10.98253,11.5583,10.52233,10.81994,12.49166,11.20897,11.64936,11.65515,11.36873,11.44689,11.64977,11.43209,11.11701
"ENSG00000142208",12.39468,12.55858,12.34133,12.50431,12.64037,12.5279,12.55897,12.93725,12.44878,12.30846,13.23809,13.31176,12.21297,12.75965,13.15652,12.80276,12.50174,12.74824,12.99106,12.70881,13.04002
"ENSG00000142227",17.51747,17.34203,17.66857,17.50543,17.53213,17.62286,17.64188,17.56336,17.57148,17.67661,17.59246,17.54304,17.49819,17.65792,17.68451,17.75295,17.62146,17.50705,17.57667,17.66338,17.62097
"ENSG00000142347",14.38169,14.19077,14.63578,14.84799,14.54344,14.45925,14.93823,14.74427,14.76673,14.46505,14.87398,14.83759,14.66025,14.96696,14.85476,14.90318,14.8069,14.58578,15.00958,15.17509,14.9235
"ENSG00000142405",13.47535,13.1362,13.9694,13.95607,14.41088,14.37725,13.52367,13.75736,13.84059,13.41868,14.15158,13.83764,13.83345,13.33907,13.54605,13.72226,14.16837,14.05451,14.20758,14.21465,13.9062
"ENSG00000142507",11.69957,11.97221,11.24853,11.18101,10.91469,10.47461,11.42536,11.13445,11.26351,11.65425,11.14685,11.12469,10.45851,10.49914,10.26403,10.36095,9.999411,9.33623,10.44331,9.97655,10.22289
"ENSG00000142534",15.11734,15.04961,14.99424,15.25835,14.98336,14.97491,15.31619,15.06735,15.14453,14.81856,15.22355,14.98243,14.67887,14.32799,14.6108,14.52188,14.79437,14.36412,14.22931,14.31469,14.30176
"ENSG00000142541",16.19771,16.10233,16.02512,16.23041,15.97991,15.9292,16.11939,16.02837,15.93856,15.90545,15.98449,15.91615,15.73046,15.40109,15.7462,15.67104,15.63923,15.54334,15.49435,15.36952,15.04097
"ENSG00000142546",10.61797,10.36004,10.9717,10.79228,10.49382,10.02747,10.67473,10.3283,10.5645,11.15965,10.77461,10.37371,9.802379,9.94472,10.37678,10.644,10.25157,9.963372,10.33607,10.23294,9.681546
"ENSG00000142634",11.85591,12.49919,11.54351,11.2441,11.83657,10.7866,12.50906,12.24488,12.04062,11.40302,12.41977,12.65521,10.49304,10.64742,10.75252,10.7226,10.84168,10.75828,11.01107,10.99634,9.583351
"ENSG00000142676",15.748,15.85955,15.77007,15.79968,15.75061,15.62123,15.8281,15.7388,15.65587,15.63842,15.83958,15.67935,14.98986,14.73795,15.19539,15.22114,15.30653,14.50297,14.97555,14.83556,15.04821
"ENSG00000142687",11.28027,11.03648,10.97136,11.43784,11.26349,11.34607,11.10902,11.41007,11.38898,11.65888,11.67008,11.39028,11.87058,12.21746,11.87399,11.87411,11.76077,11.78913,12.08481,11.86314,12.26549
"ENSG00000142784",12.10261,12.34156,12.69861,12.44895,12.77717,12.44098,11.90745,12.14925,12.14168,12.38264,12.66551,12.94676,12.10463,12.46961,12.44351,12.29507,12.27544,12.17439,12.33117,12.45344,12.55002
"ENSG00000142864",14.09266,14.59491,13.68209,13.9361,14.03429,13.83873,13.85163,13.71906,13.7873,14.07939,13.4893,13.74787,13.72805,13.28633,13.22836,13.33995,13.10859,13.22394,13.33373,13.22322,13.32156
"ENSG00000142867",10.81959,10.29396,11.16907,10.69842,10.70703,11.17677,10.97114,10.65665,10.57715,10.91976,10.75432,10.62274,10.46858,10.40184,10.6619,10.66828,10.45945,10.64336,10.26729,10.3683,10.28808
"ENSG00000142875",12.51296,11.62895,12.0369,11.85821,12.03214,12.49161,10.92592,11.09098,11.38004,11.74543,10.08111,11.33797,11.97482,12.23133,12.27105,12.50848,12.31906,12.35768,12.32562,12.33693,11.78028
"ENSG00000142937",16.88248,16.96234,16.24731,16.71623,16.27257,16.1592,16.71322,16.67044,16.51164,16.33116,16.65297,16.7154,16.46712,15.5914,16.03457,15.79834,16.04237,15.92735,15.74582,15.63278,15.8014
"ENSG00000143013",11.00351,10.36063,11.05011,10.80125,10.36946,10.70344,10.81505,10.37341,10.56568,10.71709,10.43276,9.777268,11.11204,10.41591,10.74645,10.26491,10.0207,10.49105,10.16664,9.855059,10.11477
"ENSG00000143033",11.58492,11.41444,11.29778,11.46113,11.62898,11.7424,11.63521,11.61468,11.30295,11.58391,11.26678,11.15945,11.6062,11.02794,11.65166,11.65562,11.26456,11.30726,11.25753,11.4911,11.72052
"ENSG00000143093",10.37039,10.22969,10.42653,10.46706,10.14807,10.33485,9.957039,9.84767,9.990688,9.907509,10.56952,10.14523,10.64726,10.85591,11.1801,11.05076,10.82675,10.95583,10.9457,11.04448,11.14395
"ENSG00000143106",12.19977,12.1256,12.12488,11.89953,11.90932,11.81085,11.75786,11.53431,11.99008,12.2984,11.75376,11.95442,12.35411,12.04101,11.99352,12.19609,11.73397,12.33087,12.30697,12.28576,12.3763
"ENSG00000143119",16.23637,15.91895,16.52637,16.3959,16.42406,16.47973,16.28137,16.38436,16.46078,16.4831,16.35607,16.37398,16.23059,16.40611,16.43143,16.47901,16.36359,16.39463,16.6417,16.6976,16.63858
"ENSG00000143158",10.6023,11.00253,10.10293,9.877487,10.13382,10.01848,10.70214,10.53017,10.77066,10.59199,10.81842,10.948,10.36561,10.00022,10.25562,10.34595,10.78115,10.53307,10.331,10.04046,9.837268
"ENSG00000143183",11.90094,11.70027,11.84515,11.78006,11.8418,11.53378,12.68312,12.04039,12.11968,11.58818,12.01197,12.11006,11.2904,11.10058,11.49473,11.51321,11.61576,11.288,11.32928,11.28386,11.24087
"ENSG00000143190",10.66007,10.55863,10.28336,10.34176,10.47722,9.878176,10.66592,10.44456,10.51398,9.865824,10.2182,10.37861,9.997111,10.03821,9.879841,9.808348,9.667944,9.852935,9.774978,9.823062,9.881759
"ENSG00000143198",11.42995,11.06656,9.726462,10.16912,10.52006,10.61642,10.35832,9.720856,9.685788,9.463139,9.797684,10.06137,9.691887,8.306969,9.487736,9.443459,10.41179,10.43179,8.605337,8.218459,9.502176
"ENSG00000143222",12.92133,13.04386,12.54196,12.79033,12.82339,13.01439,12.80379,12.7092,12.69333,13.34478,12.82088,12.93786,12.48472,12.01192,12.21081,12.3604,12.22168,12.11072,12.21214,12.04929,12.01511
"ENSG00000143256",10.76635,10.61288,10.4226,10.56758,9.962113,10.47727,10.62281,10.53944,11.01158,10.6022,10.9107,10.6426,9.803774,9.273016,9.408781,9.525866,9.510747,9.329427,9.377407,9.269087,8.936636
"ENSG00000143319",11.66442,11.63481,11.62532,11.67134,11.3229,11.48451,12.05176,11.76993,12.23446,11.82704,11.99453,11.97402,11.53017,11.60926,11.68108,11.63257,11.76269,11.66888,11.32308,11.43832,11.4593
"ENSG00000143337",11.90351,12.26052,12.35759,12.25506,12.01666,12.41607,11.91843,12.39051,12.07126,12.43119,11.71502,11.48903,12.00257,12.62157,12.50879,12.46798,12.45653,12.46075,12.47899,12.56782,12.53611
"ENSG00000143353",11.09676,10.95361,11.51458,11.4725,11.07169,11.01321,11.70467,11.25178,10.52308,10.65652,10.87978,10.62612,10.59757,11.29207,10.64273,10.68704,10.99594,10.90047,11.82757,11.81369,10.48122
"ENSG00000143368",12.95776,13.16229,12.66614,12.54967,12.76315,12.51095,12.78827,12.85616,12.75122,12.62165,12.76562,13.06504,11.46236,11.41932,11.7187,11.78458,11.33565,11.49129,11.46827,11.3384,11.50245
"ENSG00000143376",11.39678,11.42097,11.559,11.26439,11.58127,11.46872,11.30151,10.7556,10.8785,11.5289,10.70599,10.64168,12.55383,12.25856,12.27302,12.50218,12.18979,12.38437,12.25682,12.45,12.29962
"ENSG00000143384",12.95424,12.99938,13.33743,13.72837,14.04191,14.10812,13.47129,13.72131,13.21112,13.24671,13.60973,13.89614,13.86206,14.37148,14.31737,14.55913,14.97736,14.64982,14.63919,14.54558,14.33984
"ENSG00000143398",10.45791,10.20583,10.68977,10.00154,10.27184,10.35985,9.229065,10.07716,10.30518,9.986816,10.39512,10.87474,11.23566,11.13418,10.93334,11.10013,10.91098,11.04694,11.02192,11.00848,11.08627
"ENSG00000143418",11.21174,11.40275,11.23326,11.16094,11.46901,11.20234,11.02566,11.16558,11.45996,11.65675,11.45787,10.83955,10.46455,10.76904,10.72507,10.51702,10.42019,10.14424,10.67281,10.65807,10.98705
"ENSG00000143420",11.30751,11.35816,11.03056,11.22016,11.21651,10.87351,10.93116,11.12949,11.42202,11.10459,11.19496,11.34315,11.29675,11.64185,11.08476,10.94745,11.73155,11.48149,10.53374,10.47307,10.84832
"ENSG00000143437",10.16115,10.28913,11.03242,10.65779,10.59951,10.36429,10.27895,10.27977,10.32247,10.61646,9.847338,10.17216,11.23912,11.53573,11.71891,11.59436,11.57642,11.20224,11.8344,11.42347,11.36182
"ENSG00000143442",13.29413,13.07693,13.69221,13.38359,13.16295,13.51508,13.59879,13.19334,13.59171,13.47833,13.19984,13.45674,13.50222,13.52318,13.45881,13.44798,13.20375,12.95324,13.27755,13.35821,13.1668
"ENSG00000143458",12.44367,12.13441,12.29547,12.74655,12.57668,12.38642,12.70624,12.4944,12.9326,12.72153,13.03849,13.01973,12.63904,12.70544,12.70591,12.8064,12.70555,12.56877,12.7897,12.59718,12.84428
"ENSG00000143514",11.24817,11.44809,11.00232,10.90341,11.17392,11.13478,10.59814,10.9905,10.72736,11.67706,10.46717,10.72972,11.285,11.37658,11.24291,11.08286,11.42089,11.41534,11.47041,11.46331,11.2671
"ENSG00000143543",14.15569,13.84333,13.89427,14.07223,14.02791,14.18362,14.14942,13.93495,14.14195,14.17243,14.01792,13.83877,13.88936,13.56993,13.83591,13.84485,13.78556,13.52627,13.81825,13.86639,13.58389
"ENSG00000143545",11.80594,12.76662,9.533813,10.35581,10.04938,8.873728,11.42966,10.49401,10.76711,9.775212,10.80289,11.78651,10.40394,8.803945,10.13625,9.414463,10.66762,9.580157,9.468614,8.306793,8.992517
"ENSG00000143546",17.31225,17.69983,17.24728,17.22812,17.38352,16.81099,17.39294,17.37555,17.43335,16.77902,17.31133,17.39676,17.41295,12.10659,17.29729,16.1082,17.58102,17.497,16.59804,13.35783,10.65999
"ENSG00000143549",16.66046,16.79399,16.80212,16.66295,16.68131,16.71361,16.74088,16.71011,16.55106,16.87206,16.49392,16.60651,17.02365,17.26752,17.3304,17.32895,17.2107,17.0282,17.2979,17.36643,17.18087
"ENSG00000143569",11.70527,12.1439,12.44839,12.00415,11.86616,11.83331,11.76956,11.93265,11.54777,12.08863,11.59309,11.20022,12.34448,12.79416,12.35947,12.44342,12.34727,12.23429,12.36842,12.42376,12.17728
"ENSG00000143575",12.33545,12.09559,12.4815,12.31786,12.10524,11.73068,12.47187,12.1088,12.5682,12.5183,12.72867,12.43018,11.13427,11.39537,11.58264,11.98093,11.51874,11.27377,11.42406,11.35299,10.79917
"ENSG00000143614",12.87418,12.44233,12.92277,12.78209,12.75935,13.21695,12.86464,12.61739,12.76174,12.88809,12.66385,12.63193,12.87784,13.19503,13.0482,13.05464,12.95562,12.93163,12.92444,13.08348,13.24552
"ENSG00000143621",14.24317,14.63289,14.21836,14.34835,14.19477,14.24125,13.37809,14.24146,14.43993,14.56463,14.51605,14.47306,14.13933,14.1155,14.4337,14.31213,14.18379,14.15969,14.06362,13.97251,13.92362
"ENSG00000143624",11.09584,11.81282,10.96779,11.20639,11.54116,10.88387,9.917465,10.58959,11.13526,10.69567,10.78131,10.65195,10.36653,10.50499,10.94579,10.81915,10.82211,10.39412,10.60853,10.55126,10.65627
"ENSG00000143643",10.56575,10.14927,10.78801,10.59509,10.52036,11.14305,10.7237,10.74459,10.74668,10.85794,10.24819,10.5699,11.48385,11.1279,10.7899,10.73749,10.92653,11.0345,10.72366,10.91677,11.26829
"ENSG00000143669",15.36718,15.61437,15.17203,15.03338,15.22867,14.88237,15.04533,15.06857,14.60288,15.13051,14.45893,14.61638,15.35043,15.18795,15.22148,15.11775,14.99785,15.07309,15.20305,15.05007,15.33167
"ENSG00000143727",10.44613,10.45297,9.553917,10.1883,9.555367,9.586587,10.0622,10.03443,10.79682,9.726029,10.13929,10.88426,9.797286,9.69825,9.599531,9.788373,9.768735,9.553713,9.696552,9.802607,9.790364
"ENSG00000143742",11.37622,11.72251,11.15487,11.22762,11.06274,10.60904,10.57615,11.0401,10.58086,11.44598,10.85954,10.88987,11.67001,11.64977,11.90261,11.79362,12.06903,11.6609,11.49428,11.36942,11.68109
"ENSG00000143748",12.90714,12.62979,12.76246,13.06905,12.33796,12.06355,12.47264,12.74746,12.81569,12.89803,12.62159,12.66449,13.53618,13.38834,13.18756,13.34978,13.63033,13.70864,13.87551,13.91543,13.06262
"ENSG00000143761",15.62278,15.65236,15.78837,15.63986,15.53862,15.53452,15.69347,15.74381,15.85129,15.44473,15.87324,15.87466,14.78667,15.36419,15.54174,15.31927,15.10957,14.85245,14.88959,14.93924,15.10448
"ENSG00000143771",14.23557,14.62934,13.57801,13.23382,13.83554,13.99679,14.02728,13.68298,13.67276,13.99607,13.25622,13.58455,13.46916,12.06564,13.41757,13.14594,13.46837,13.37102,13.06751,13.07097,12.72509
"ENSG00000143774",12.41173,12.13598,12.49043,12.30843,12.41704,11.95848,12.5728,12.31793,12.52776,12.27012,12.51357,12.11063,12.34519,12.36074,12.43648,12.4396,12.54632,11.88177,12.02026,11.92891,11.55758
"ENSG00000143797",12.80405,12.42171,13.07983,12.63463,13.58577,13.34566,12.30712,12.43108,12.95124,12.68098,12.04205,12.6815,12.86478,12.71774,13.06187,12.65143,13.91493,13.84225,13.55011,13.68369,13.83782
"ENSG00000143815",9.595995,10.34071,10.35322,10.10112,10.09033,10.16561,9.922742,10.18521,9.118791,9.946093,9.497471,9.84287,10.79294,11.20779,10.86345,10.50639,10.36767,10.67153,10.77566,10.77184,10.81065
"ENSG00000143862",11.8998,11.86466,12.22327,11.9636,12.28992,11.93272,11.96219,12.28124,12.58528,12.28433,12.56239,12.37504,11.64971,12.289,11.92199,11.34295,11.28846,11.37047,11.62866,11.57048,11.54951
"ENSG00000143870",11.20331,11.69445,11.66328,11.36079,11.99991,12.1662,10.15959,10.16355,10.19196,11.11599,10.69642,10.9333,11.6702,11.63108,12.09411,11.94517,11.5614,11.92632,11.35233,11.58523,13.15991
"ENSG00000143878",12.85078,12.28068,12.96411,12.96649,11.29811,11.71755,13.02449,12.51291,12.81977,12.10843,13.47168,12.99625,12.27406,11.82409,12.02135,12.28539,11.54002,11.94764,11.87918,11.7619,11.85449
"ENSG00000143924",12.21008,12.16865,11.92152,12.40612,11.91959,12.01077,11.74291,12.15637,11.79045,12.09623,10.8823,12.11762,13.25352,12.1053,11.80727,11.77088,13.24491,13.03155,12.84948,12.42257,12.08802
"ENSG00000143947",12.09916,11.98343,11.84375,12.01602,11.78222,11.18359,11.97021,11.89454,11.78697,11.66299,12.04473,11.61258,11.55975,11.51817,11.4063,11.65308,11.77598,11.55815,11.49429,11.55815,10.99734
"ENSG00000143970",11.93241,12.01266,11.8706,11.94529,11.94103,12.14617,11.52181,11.74401,11.36398,12.03872,10.70024,10.9895,12.82913,12.69546,12.63307,12.7825,12.5855,12.70185,12.56581,12.58153,13.01202
"ENSG00000143977",14.87714,14.99886,14.61884,14.52758,14.53288,14.49827,14.91964,14.77073,14.95934,14.7355,14.98584,14.95341,14.39172,13.73392,14.1615,14.00821,14.22956,14.08668,13.99945,13.93619,13.63048
"ENSG00000144029",11.32711,11.29398,10.4742,10.79296,10.38624,10.32699,11.30008,10.69031,10.72587,10.42909,10.37876,10.90802,10.18306,9.670166,9.040693,9.754606,10.09836,9.690614,10.12713,9.707522,8.963505
"ENSG00000144118",9.396637,9.902999,10.12908,9.807517,9.576519,9.801097,9.01428,8.861248,8.420533,9.471095,8.538301,8.388414,11.24,11.22628,11.24417,11.28411,11.40653,11.03237,11.39324,11.53582,10.98248
"ENSG00000144224",13.55748,13.297,13.62063,13.37855,13.56446,13.49803,13.70415,13.61922,13.41082,13.61189,13.34235,13.33823,13.77527,13.84805,13.88121,13.87589,13.81857,13.81458,13.82362,13.72244,13.86817
"ENSG00000144228",11.21257,11.61651,11.46757,11.55829,11.41733,11.82765,11.14668,11.24478,11.11524,11.59434,10.38234,11.04522,12.25697,12.3875,12.32943,12.18489,12.77924,12.28329,12.47838,12.33473,12.59547
"ENSG00000144445",11.64605,11.22769,12.28688,11.99167,12.14475,11.91471,11.42608,11.87486,11.97888,11.80777,12.01755,11.95502,12.23741,12.03696,11.6976,11.86348,11.95879,11.91448,12.12547,11.92829,12.14567
"ENSG00000144560",10.65766,10.24325,10.60519,10.73123,11.08332,10.85942,10.11854,9.883828,10.46054,10.6464,9.897799,9.994644,9.848902,9.629884,10.14896,10.27028,9.872574,9.658719,10.20435,9.866888,9.990014
"ENSG00000144566",14.0287,13.91244,14.44941,14.35765,14.26394,14.24729,13.43269,13.77083,13.45664,14.37561,13.01923,13.42918,14.67621,14.77971,15.07792,15.21676,14.89939,14.95801,14.82412,14.94959,14.73259
"ENSG00000144591",9.905021,10.2288,10.00893,10.12563,10.16895,9.631766,9.742755,10.35591,10.44691,10.00265,10.46087,10.58912,9.955695,9.937733,10.3204,10.41913,9.954756,9.736132,9.89948,9.902625,9.485266
"ENSG00000144659",10.37975,9.989152,10.28072,10.21927,10.40712,10.30929,10.83002,10.82178,11.30189,10.61219,11.13505,11.29926,10.60828,10.04773,9.84238,9.815907,9.679667,9.273786,9.476965,9.711709,9.795695
"ENSG00000144713",13.57423,13.32622,13.08503,13.4869,13.12311,13.00548,13.61387,13.53444,13.39823,13.00188,13.64524,13.37824,13.48126,13.07161,13.4666,13.41418,13.60193,13.35137,13.38543,13.32074,13.29199
"ENSG00000144744",13.52835,13.12163,13.74769,13.43844,13.73261,13.55532,12.68514,12.86592,12.3394,13.71555,11.55589,11.69137,13.66062,13.76944,13.92589,13.86253,13.65767,13.8709,14.14505,14.18363,13.93415
"ENSG00000144746",12.78707,12.61955,13.16455,12.87957,12.68383,12.81903,13.30029,12.85932,12.86572,13.307,12.85885,12.78439,12.09804,12.38306,12.73105,12.95585,12.55621,12.27485,12.32923,12.1092,12.38075
"ENSG00000144747",10.65792,10.53749,10.82178,10.69062,10.78583,10.80592,10.21635,10.40809,9.767658,10.59189,10.18536,9.012769,11.1669,10.98482,11.35316,11.22178,10.93909,10.92676,11.48175,11.33511,11.30223
"ENSG00000144802",14.29313,14.28726,15.26117,14.99302,15.65736,15.84265,14.65122,14.63017,14.63582,15.01721,14.29301,14.45279,14.592,14.90274,15.21525,14.96621,15.14145,14.93995,14.64977,14.74117,14.86038
"ENSG00000144848",10.74249,10.70581,10.82273,10.51199,10.65406,10.55107,11.03517,10.77251,11.01629,10.92731,10.72377,10.72363,11.33062,11.38408,11.26789,11.26567,11.42401,11.22741,11.21379,11.13673,10.72753
"ENSG00000144909",11.12521,10.93434,11.38086,11.38227,11.03082,11.05964,10.77689,10.73941,11.3532,11.70519,10.77492,10.65033,12.05421,11.88618,12.64131,12.5945,12.10775,12.17302,12.51297,12.30568,12.18649
"ENSG00000145016",10.14538,10.35632,10.98594,11.18833,11.28806,11.22146,9.892937,10.30419,10.87348,10.75308,11.14732,10.93013,10.46389,10.51087,10.47818,10.83389,10.52289,10.36301,10.71489,10.34176,10.02288
"ENSG00000145022",11.96235,11.46345,11.52898,11.19473,11.85147,11.13323,11.47479,11.99616,11.81322,11.06271,11.83834,12.09481,10.48752,10.79222,10.64462,10.44827,10.13087,10.0226,10.70442,10.35376,10.52812
"ENSG00000145050",13.79746,13.64238,14.107,13.62329,13.77807,13.82118,14.07606,13.89351,13.49056,13.6303,13.38309,13.29419,13.50367,13.09128,13.58572,13.70892,13.43879,13.28028,13.26007,13.47213,13.15712
"ENSG00000145088",10.60647,10.98274,9.799045,10.36368,9.98063,9.559482,10.13036,10.05299,9.999024,10.07197,10.03139,10.0502,10.35265,9.89703,9.798834,9.94672,10.49823,9.927391,10.44098,10.10325,9.989857
"ENSG00000145216",12.39913,12.24626,12.58174,12.74905,12.56165,12.81744,12.01777,12.40017,12.36632,12.74549,12.17762,11.883,12.83313,12.97655,12.7059,12.62748,12.9276,12.57659,12.52086,12.34759,12.91872
"ENSG00000145220",10.86091,10.54716,9.982985,10.2954,9.664185,10.37942,10.20261,10.43756,10.33391,10.28391,10.16727,9.856038,9.902453,9.509953,10.04824,9.884989,9.695116,9.961651,9.88327,10.07649,8.509752
"ENSG00000145241",13.96974,13.65659,13.52562,13.47948,14.03098,14.43957,13.68519,13.37198,13.33025,13.64293,12.82951,13.37608,13.8194,14.13565,13.79152,14.01688,13.78777,13.88711,14.07622,14.25255,14.38486
"ENSG00000145246",15.16023,14.9741,15.56792,15.18761,15.06593,15.00448,14.96094,15.0955,15.04149,14.95113,15.1116,15.03738,15.58342,15.96892,15.91211,15.84063,16.34083,16.37216,15.5279,15.67287,16.40111
"ENSG00000145247",13.53968,13.14677,13.74076,13.60388,13.96869,13.91601,13.31932,13.32915,13.71942,13.68208,13.57638,13.54993,13.31229,13.08525,13.26384,13.35336,13.13592,13.00013,13.17906,13.08046,13.42619
"ENSG00000145287",15.56217,16.32831,13.57806,14.76647,14.60379,13.49814,14.63093,14.57723,14.19064,13.58265,14.78054,15.36799,14.86568,10.23563,13.44881,11.54423,13.55532,13.1424,12.15597,10.08549,8.623878
"ENSG00000145425",16.05465,16.11711,15.78743,15.97314,15.95839,15.75219,15.54016,15.88264,15.48958,15.81204,15.50682,15.33277,16.05215,15.66242,15.70922,15.73792,15.84465,15.70051,15.82317,15.75086,15.49696
"ENSG00000145439",10.62364,9.675723,10.36724,10.14533,10.60588,10.42815,10.42502,10.14436,9.713737,9.725943,9.979746,10.06931,11.13414,10.75957,10.589,10.7303,10.17265,10.37737,10.9946,10.99372,10.61517
"ENSG00000145592",15.17488,15.45774,15.26972,15.58636,15.35969,14.8506,15.51502,15.62086,15.42335,14.7876,15.50576,15.40626,14.77642,14.36841,14.62197,14.77744,15.01461,14.61886,14.43976,14.40812,14.37211
"ENSG00000145604",11.46744,11.56286,11.40933,11.03321,11.10834,11.1216,10.64302,10.60983,10.44584,11.00706,10.63057,10.65581,11.77634,11.54514,11.43608,11.46346,11.40426,11.57811,11.85758,11.88042,11.82393
"ENSG00000145687",14.12821,13.62156,13.84118,13.9163,14.17413,13.97504,13.86029,14.01701,13.6526,13.86315,13.94622,13.92347,14.026,14.48324,13.98563,13.97238,14.27402,13.79064,14.01208,14.20439,14.30832
"ENSG00000145703",11.89789,11.76252,11.65512,11.38914,12.40113,12.0725,12.20007,11.88687,11.36154,11.72031,11.21517,11.28306,12.95587,13.08692,12.71186,13.01334,12.49634,12.62194,12.82983,12.86432,13.45907
"ENSG00000145725",12.88357,12.96183,13.54865,13.29996,13.70602,13.5004,13.39805,12.95261,12.80924,12.949,12.40196,13.30088,13.981,13.75357,14.09596,14.11771,14.29732,13.96758,13.28025,13.09004,13.66513
"ENSG00000145736",11.81384,11.10612,11.89191,11.99985,11.96839,11.68256,11.07688,11.04324,11.91043,11.83107,12.04708,10.85874,12.66037,12.0496,10.92001,11.05822,11.40979,11.75759,11.36728,11.26474,12.66273
"ENSG00000145779",11.31925,11.00419,12.01759,11.6482,11.58328,11.91383,11.40367,11.03374,10.94285,11.50033,11.50446,11.10301,11.77363,11.94947,11.88897,11.80808,11.40857,11.56284,11.78358,11.82538,12.09277
"ENSG00000145782",12.53051,12.05769,12.15001,12.20172,11.85934,12.25162,12.27984,12.30376,12.48856,12.20643,12.70803,12.29626,12.69028,12.77187,12.84406,12.73954,12.49897,12.8237,12.68512,12.63787,12.65985
"ENSG00000145817",11.4245,11.42057,11.61429,11.32451,10.84506,10.49332,10.76546,10.61567,10.38813,11.02725,10.2139,10.60685,11.28319,10.83932,11.36593,11.62896,11.26589,11.15826,11.38124,11.43327,10.71788
"ENSG00000145819",11.19545,11.13986,11.73048,11.1483,11.28641,11.54587,11.51953,10.79957,11.21907,11.52979,10.83507,11.13452,12.55422,12.97972,12.39628,12.37558,12.56433,12.37435,12.72274,12.7356,12.82114
"ENSG00000145882",12.23147,12.11369,11.55576,11.7876,12.3955,12.38284,11.45701,11.82757,12.84213,12.20418,12.92484,12.68301,11.32679,11.57533,10.81377,10.95173,10.99124,11.13363,10.88388,10.58932,11.65369
"ENSG00000145901",12.01946,11.92919,12.29304,12.09407,12.16084,12.11291,12.20689,12.30955,12.33036,11.72843,12.51599,12.35891,12.53395,12.4634,12.21731,12.21433,12.15998,12.1566,12.26558,11.99989,12.05474
"ENSG00000146067",10.5561,10.33432,10.46845,10.7584,10.00605,9.767079,11.29828,10.58167,10.94943,10.43357,11.20115,11.34714,9.843754,10.40616,10.50912,10.38133,10.48602,9.686172,10.07678,10.07869,9.636557
"ENSG00000146247",12.21042,11.71072,12.11122,11.7655,12.40341,11.71929,11.81517,11.51024,11.09724,11.68694,10.52187,10.51229,12.39749,12.50762,12.41556,12.45366,12.47457,12.52152,12.45646,12.35475,12.80464
"ENSG00000146278",14.2964,13.48568,14.42495,14.33326,14.08348,14.3159,14.24317,14.52551,14.61711,14.49224,14.80062,14.46494,13.39926,14.02666,14.02666,13.92502,14.05231,14.20019,14.45496,14.2953,13.45358
"ENSG00000146282",10.67584,10.36267,10.6712,10.46065,10.65665,10.88443,10.5937,10.59941,10.59897,10.92287,10.2922,10.2275,11.15375,11.01429,10.80617,11.06217,10.93534,10.9845,11.04962,11.11481,10.79631
"ENSG00000146425",11.63177,11.62672,11.56555,11.65244,11.28294,11.06943,12.01925,11.49619,11.72134,11.58293,11.83016,11.47059,11.02865,12.04053,11.51802,11.39026,11.87982,11.57373,11.2251,10.93651,10.67325
"ENSG00000146433",9.767401,9.015981,10.13006,9.93515,10.0112,9.923268,9.784111,9.447038,9.683141,9.888195,9.970352,9.725371,11.28838,11.39544,11.24304,11.39238,10.96882,10.99123,11.94204,11.48888,11.42937
"ENSG00000146463",10.68969,10.56271,10.56346,10.17208,10.8417,10.39718,10.18016,10.41967,10.24869,10.2465,10.2185,10.14118,10.60385,10.56899,10.41516,10.08243,10.46982,10.35565,10.26647,10.24391,10.76899
"ENSG00000146574",12.41508,12.33855,12.60701,12.36997,12.36901,12.51446,11.68322,11.77995,11.97463,12.61619,11.6381,11.53733,11.92462,12.43077,12.22492,12.17502,11.40621,11.5587,11.91705,11.69468,12.00998
"ENSG00000146587",12.89591,12.82119,12.67926,12.90813,12.95347,13.0291,12.74013,12.8595,13.08065,13.02955,13.22491,13.25148,13.59871,13.36474,13.07026,13.30249,13.20331,13.41839,13.38612,13.47655,13.59754
"ENSG00000146707",11.40873,11.44184,11.30391,11.53183,11.68869,10.95094,11.50171,11.58525,11.5173,11.35474,11.86646,11.82987,10.74763,10.88198,10.99937,10.74448,10.7065,10.6935,10.48337,10.38222,10.7064
"ENSG00000146757",9.401071,8.973786,9.592119,9.354789,9.463995,9.427413,8.292523,8.389124,8.273015,9.560356,7.736275,8.646781,10.93726,11.03865,11.40007,11.50906,11.34225,11.76007,10.94058,10.85828,11.24094
"ENSG00000146776",10.58283,9.935936,10.48531,10.80792,10.30058,10.03571,10.80233,10.36769,10.50457,10.39712,10.09051,10.42027,9.124001,9.005489,8.908415,8.884901,9.227709,8.783297,8.924966,8.787924,8.654674
"ENSG00000146859",10.56102,9.622122,10.9075,10.28157,11.05059,10.85729,10.46844,10.73577,10.76277,10.6654,11.24818,10.56506,10.53495,10.84152,11.02739,11.09339,10.80111,10.90632,11.26682,11.11209,11.38892
"ENSG00000146872",12.32197,12.31108,12.32185,12.50785,12.49719,12.79634,12.77136,12.44283,11.88849,12.17509,12.17477,12.14639,13.09414,13.28312,12.85836,12.70803,12.87811,12.70116,13.10835,12.92293,12.93939
"ENSG00000147010",12.81019,12.87632,12.82639,12.48983,13.10651,12.45318,12.60154,12.53922,12.17015,12.54787,12.04149,11.93493,12.51103,12.795,13.11822,13.17319,12.61464,12.77538,13.09271,12.97486,12.78463
"ENSG00000147065",15.77272,15.9324,15.89213,15.73337,15.99037,15.94975,15.51318,15.65136,15.68767,15.6916,15.78811,15.76482,15.83265,16.17068,16.06467,16.01481,15.76143,15.71478,16.19429,16.03177,16.1544
"ENSG00000147118",10.10511,9.580961,9.975752,9.885178,9.589301,10.09107,9.559895,9.097665,9.746425,9.660478,9.262545,9.506602,11.12477,11.23241,10.82851,10.94698,10.71325,11.02661,11.05842,11.13194,11.32405
"ENSG00000147124",9.981692,10.28751,9.975422,9.996933,10.08904,10.14649,9.899766,9.874059,9.727631,10.11543,10.05728,9.402723,10.77131,10.2569,10.27637,10.35946,10.26447,10.12911,10.22386,10.31333,10.22248
"ENSG00000147168",12.72395,12.57704,12.76001,12.97365,13.21585,12.93971,13.2227,13.32509,13.41357,12.61111,13.30327,12.96489,12.3732,11.87838,12.06674,12.02419,12.48151,12.37891,11.93297,11.96065,12.0856
"ENSG00000147224",12.71002,12.64905,11.75999,12.49876,11.80578,12.28069,12.40015,12.35301,12.31079,12.22984,12.6203,12.57182,11.62079,11.17526,11.81421,11.36396,11.45816,11.60768,11.43285,11.21131,11.31945
"ENSG00000147251",14.13569,14.08757,14.53251,14.33862,14.47635,14.21139,14.01232,14.32812,13.69239,14.35556,13.63798,13.19737,15.33683,15.53772,15.65447,15.62932,15.48873,15.48299,15.65418,15.83261,15.52166
"ENSG00000147274",11.91809,11.80853,11.62543,11.95086,11.76932,11.60786,11.21141,11.54603,11.86695,11.18339,11.60544,11.68028,12.12308,11.97267,12.30703,12.13676,12.16169,12.13946,11.96564,11.99534,11.74973
"ENSG00000147400",11.17178,11.30327,10.12433,10.32233,10.01756,10.64787,11.77324,11.11056,11.50949,11.23329,11.3281,11.75514,10.06044,9.581518,10.37381,10.35044,10.07385,9.901073,9.978777,9.812375,10.02733
"ENSG00000147403",16.67976,16.59872,16.43044,16.50021,16.44618,16.35195,16.80117,16.78228,16.51542,16.49911,16.65438,16.54759,16.26481,15.98742,16.43621,16.28573,16.30344,16.09561,16.00841,16.14335,16.12834
"ENSG00000147421",10.30263,9.65638,10.27103,10.06466,10.12198,10.52654,10.18286,9.83225,10.06348,9.707199,10.12326,10.0842,10.1578,10.20217,9.873621,9.907398,10.248,9.924506,10.34699,10.58513,10.7089
"ENSG00000147439",10.22173,10.38695,10.58131,10.4831,10.66894,10.54969,10.12805,9.893156,10.55628,10.63058,10.12384,10.42542,10.57653,10.80548,10.47003,10.42936,10.48219,10.02193,10.41787,10.61311,10.56402
"ENSG00000147443",15.10765,15.11474,15.53465,15.37788,15.51522,15.19845,15.4059,15.65584,15.96703,15.585,15.9539,16.0593,15.20488,15.53537,15.2582,15.23841,15.27962,15.01585,15.32493,15.32703,15.58883
"ENSG00000147459",14.69965,14.55198,15.06657,15.04509,14.92953,14.92389,14.85415,14.86724,14.96068,15.11984,14.95926,14.87956,15.25503,15.56584,15.53022,15.51974,15.32444,15.36542,15.66953,15.7406,15.5986
"ENSG00000147526",9.758333,9.795878,9.93108,9.63338,10.05036,9.990238,9.565087,9.136116,8.935361,10.06306,8.61587,8.385614,11.23186,11.59509,10.94413,10.96054,11.17436,10.76592,11.00311,10.93878,10.88741
"ENSG00000147533",13.32531,13.31009,13.4899,13.39518,13.30949,13.19476,13.2364,13.36903,13.21592,13.23576,13.45707,13.19265,13.0214,13.27379,13.40844,13.5355,13.32027,13.05112,13.19086,13.29647,12.93916
"ENSG00000147548",15.01141,14.70507,15.40829,15.161,15.37285,15.42229,15.29514,15.28592,15.08816,15.31663,15.1712,15.17453,14.66325,14.82871,14.89543,14.90135,14.93359,14.86909,15.05902,15.04114,15.36691
"ENSG00000147576",11.05488,10.06364,10.7284,10.5779,10.58961,10.46477,11.13263,11.02172,11.29683,10.88764,10.91841,10.83479,11.13565,11.37549,11.0551,11.0746,11.10076,11.25596,11.5501,11.58614,11.46007
"ENSG00000147601",12.61139,12.40149,12.5363,12.37718,12.75281,12.54024,12.18135,12.41605,12.50795,12.5409,12.31765,12.82732,12.32309,12.64578,12.50555,12.59633,12.4278,12.49311,12.53207,12.42967,13.02306
"ENSG00000147604",15.07116,15.2045,14.85657,15.09279,15.02812,14.5576,14.76351,14.93165,14.63922,14.58237,14.68116,14.57183,15.08505,14.52948,14.77725,14.87657,15.02814,14.98289,14.97375,14.84534,14.6738
"ENSG00000147649",14.58388,14.86732,14.36976,14.19947,14.57076,14.16747,14.73132,14.46049,14.23159,14.10441,14.22556,14.23926,14.02404,13.91828,14.02354,14.0041,14.17818,13.93897,13.93857,13.8123,13.69695
"ENSG00000147677",12.6067,13.02635,12.24117,12.27802,12.63122,12.30029,11.86063,12.10957,11.54618,12.32568,11.52255,11.56469,12.80247,12.10448,12.33375,12.29678,12.40754,12.27596,12.3396,12.1887,12.0222
"ENSG00000147854",10.65028,10.5974,10.86047,10.82332,11.12424,10.97549,10.45859,10.9496,10.69003,11.00397,10.89384,10.53165,11.25195,12.17601,11.54096,11.54198,12.02702,11.71287,12.11726,11.86316,11.76978
"ENSG00000147872",13.19608,13.10282,12.83618,12.10438,14.07925,13.58298,12.85628,13.05673,10.83671,11.01604,12.09172,11.4588,12.42241,12.66016,13.48278,13.65603,13.03695,11.87516,13.59395,14.12122,10.26994
"ENSG00000147874",10.16504,9.56764,10.08446,9.705664,9.938361,10.27927,10.22588,10.33915,9.639764,10.49671,9.16842,10.29778,10.84168,10.52864,10.9407,10.88744,10.58212,10.62679,10.45553,10.58262,10.74728
"ENSG00000147905",10.27693,10.22528,10.31994,11.14032,10.34958,10.60388,11.00524,10.19532,10.11207,10.07337,10.0277,10.10737,10.40432,10.51603,10.39526,10.12878,10.63063,10.34144,10.32118,10.38084,10.44662
"ENSG00000147996",14.09616,14.43377,14.07329,14.41379,14.24398,13.84069,13.84203,13.83422,14.0965,14.05681,13.54316,13.99681,14.65168,15.0048,14.22426,14.27774,14.41565,14.6176,14.87878,14.70677,14.58948
"ENSG00000148090",11.46143,10.97455,11.55794,11.32522,11.78666,11.58691,11.36209,11.68248,11.18148,11.59522,10.98115,11.10478,11.36014,11.3423,11.23667,11.56273,11.46475,11.4323,11.8811,11.66195,11.59484
"ENSG00000148110",10.60458,11.51591,9.952932,9.973413,10.71189,9.974972,10.94578,10.70143,10.57124,9.923888,10.99683,11.76589,11.56915,11.09449,10.89581,10.43249,11.9036,11.18933,10.86142,10.2422,10.99453
"ENSG00000148153",11.05451,10.72867,10.70247,10.35657,10.52138,11.05234,10.21005,10.16422,9.836488,10.31593,9.623501,9.868385,9.752031,9.601757,9.840658,10.0931,9.46086,10.00425,9.824357,9.495876,9.933653
"ENSG00000148180",11.11863,11.57565,10.7151,10.58879,11.03976,10.54595,10.89144,10.62375,11.60386,10.58754,11.10789,11.61955,11.00346,10.58294,11.49152,11.00406,11.06104,11.10425,11.12093,11.11015,11.51091
"ENSG00000148290",13.3714,13.04182,13.19639,13.13345,12.79951,12.53544,13.15903,13.0517,13.38163,13.29099,13.08561,12.92565,11.82985,11.59959,11.99813,12.01217,11.76367,11.59833,12.06965,11.87578,11.47251
"ENSG00000148303",11.86271,12.12105,11.73902,12.10539,11.62622,11.435,12.03792,11.91771,11.60572,11.55097,11.79851,11.54333,11.39451,10.60544,11.29363,11.31437,11.37877,10.57562,10.90997,10.83724,10.79323
"ENSG00000148337",11.8579,11.89749,11.68067,11.81236,11.72417,11.98037,12.09554,11.90384,12.31609,12.16337,11.92993,12.23978,11.963,11.61959,11.87027,11.8023,11.71924,11.57944,11.63323,11.57308,11.6096
"ENSG00000148346",14.12173,15.6354,13.61366,13.77952,13.7204,10.86679,14.50725,14.54128,14.71938,10.64359,14.15643,14.2656,9.705889,5.535884,10.79004,7.861048,12.73136,11.62487,8.614441,5.491907,5.75204
"ENSG00000148481",10.80344,10.31577,10.66375,10.71484,11.12974,10.84826,11.2778,11.53831,10.20402,10.5717,9.939983,10.62309,11.83387,11.4538,11.71858,11.61628,11.97764,11.50526,12.28158,11.9863,12.17872
"ENSG00000148484",12.92503,13.01078,13.24495,12.8649,12.94796,12.63744,12.4987,12.40585,12.69998,12.67592,11.88912,12.62535,12.64142,13.15662,12.78456,12.48547,12.95332,12.49025,12.23124,12.40163,11.9206
"ENSG00000148634",10.33993,9.966053,10.68557,10.31217,11.00728,10.89344,10.57125,10.12586,10.57117,10.68636,10.23336,10.35446,11.23371,11.27405,11.21525,11.17508,11.41026,11.22279,11.23803,11.42036,11.41916
"ENSG00000148660",11.9629,12.1974,12.1286,12.03668,12.33465,12.20022,11.95216,12.50361,12.63558,12.09155,12.68588,12.5205,12.39344,12.7947,12.28267,12.0847,12.02459,11.81041,12.18031,12.36385,12.4308
"ENSG00000148688",10.85734,11.1149,10.55568,10.78533,10.53971,10.26331,10.66571,10.05841,10.17047,10.57919,10.41614,10.49122,10.24003,9.826832,10.30778,10.22742,10.21634,10.37371,10.3226,10.10888,10.28224
"ENSG00000148730",14.15021,14.28807,14.22243,14.24027,14.72317,14.84473,14.21673,14.66488,14.17896,14.11334,14.90374,14.75821,14.37036,14.38454,14.63008,14.32075,14.34778,14.59103,14.3082,14.36553,14.83064
"ENSG00000148834",13.52957,13.61263,13.97965,13.66111,13.11139,13.24295,13.75084,13.70357,12.70166,13.57753,12.28425,12.54002,12.88482,13.03613,13.35829,13.23436,13.11914,13.04847,13.06254,12.98907,12.73254
"ENSG00000149100",11.20779,11.77794,10.76772,10.91063,10.41683,10.4211,10.0156,10.36098,9.687385,10.66156,9.836697,9.414989,10.88404,10.58734,10.72999,10.88179,10.48697,10.28345,10.75803,10.85337,10.59794
"ENSG00000149182",12.03039,11.90421,12.05292,12.16287,12.0206,11.40052,12.70401,12.17626,12.62422,12.05438,12.58432,12.67106,12.69818,12.92003,12.83163,12.82833,12.81965,12.30889,12.94798,12.73575,12.81697
"ENSG00000149187",13.48384,13.25023,13.59959,13.4576,13.16983,13.59422,12.98812,13.74959,13.76022,13.62875,13.91381,13.57036,13.78606,13.81441,13.71942,13.77041,13.39411,13.51576,13.94168,13.91099,14.13402
"ENSG00000149231",11.79111,11.10089,10.96302,10.99554,11.00329,10.86659,11.28581,10.8352,10.18664,11.43432,10.40583,9.713151,11.71672,11.5134,11.80884,11.7649,11.38688,11.53668,11.63056,11.63599,11.86413
"ENSG00000149273",15.61451,15.90699,15.50771,15.793,15.78178,15.72821,16.27062,16.0451,15.9915,15.80488,16.15511,15.96829,15.33638,14.81823,15.34587,15.38906,15.49256,15.18676,14.96919,14.83844,15.15004
"ENSG00000149308",11.35303,10.82462,11.4115,11.3383,11.8394,11.45721,11.68366,11.49973,11.36,11.27209,11.12244,10.69228,11.04644,11.64346,11.64751,11.96025,11.46005,11.3245,11.74376,11.65968,12.11137
"ENSG00000149311",13.88269,12.73073,13.44604,13.65401,13.9885,14.3406,13.11324,13.44228,13.10297,14.02902,13.06531,13.65742,14.55701,14.25899,14.26155,14.40308,13.95908,14.36233,14.4149,14.57453,15.03091
"ENSG00000149313",10.59897,9.655435,10.14352,10.08703,10.5384,10.72078,10.09246,10.34673,10.43274,10.4898,10.5883,10.66787,10.63769,10.70041,10.66653,10.74466,10.50967,10.33534,10.37353,10.04806,10.61526
"ENSG00000149428",12.2703,12.59308,12.39344,12.22605,11.97333,12.51646,11.66795,12.58252,12.86683,12.1179,12.67471,12.64884,12.94969,12.83578,13.28004,13.37302,12.72492,12.42948,12.39485,12.61836,12.53331
"ENSG00000149480",11.00028,10.91278,11.17183,11.39151,11.21976,11.0389,11.00114,11.53811,11.23132,11.19051,11.58968,11.71898,11.41813,11.64773,11.55386,11.5178,11.35825,11.17436,11.37027,11.36959,11.65026
"ENSG00000149483",12.34062,12.56255,12.25851,12.29149,12.06888,11.87894,11.99775,12.02429,12.88512,12.36032,12.60555,12.68937,12.08644,11.30639,11.85429,12.20294,11.6286,11.76232,11.62446,11.51809,11.26433
"ENSG00000149499",10.20213,10.22753,10.16166,10.07306,10.81802,9.247396,8.74974,10.15011,11.09064,10.22305,11.19074,10.98841,9.753207,10.07361,10.04491,10.65509,10.06521,9.877969,10.16353,9.596663,9.90152
"ENSG00000149532",10.56234,10.66887,10.05365,10.39403,10.56814,10.40436,10.60227,10.64033,10.64142,10.03411,10.6104,11.14352,8.943522,9.202306,9.183416,8.982524,9.12648,9.217956,9.147898,8.610468,8.847581
"ENSG00000149534",16.37309,16.09801,16.27365,16.27364,16.48391,16.51414,16.49773,16.4967,16.27242,16.3876,16.00485,16.21694,16.5702,16.45004,16.2236,16.57358,16.45208,16.57325,16.27725,16.2401,16.48346
"ENSG00000149600",11.16561,11.66661,11.68639,11.62023,11.71308,11.46224,10.98425,11.32298,11.90451,11.50621,11.9477,11.42282,10.94783,10.90321,11.18975,11.17522,10.70667,10.94733,10.88258,10.94815,11.3805
"ENSG00000149743",11.68084,11.27533,11.34459,10.98568,11.24533,11.61057,11.40602,11.31683,11.37748,11.33462,11.50693,10.87759,10.85884,10.74724,10.64103,10.61392,10.39423,10.62047,10.23146,10.45814,10.30042
"ENSG00000149781",9.526722,10.30411,9.936388,10.07581,9.904224,8.666306,8.969885,10.09276,10.41745,9.418125,10.37317,10.31261,9.857702,10.5773,10.48229,10.27425,10.45973,9.554788,9.83502,9.808662,9.551746
"ENSG00000149923",11.23908,12.2331,11.91458,11.49238,11.43475,11.40392,10.19198,11.20961,11.28917,11.56478,11.21096,11.2976,11.16238,11.41164,11.88076,12.03103,11.75541,11.36776,11.33363,11.41555,11.15218
"ENSG00000149925",12.39307,12.63019,12.31046,12.3858,12.29593,12.4137,11.61216,12.46684,12.10269,11.60899,12.05135,12.25925,11.89271,11.95226,12.2521,11.9658,11.99512,11.78822,11.88169,11.82445,11.7843
"ENSG00000150459",13.1527,13.25268,13.00376,12.82369,13.05738,12.8367,12.96392,12.88708,13.07507,13.1997,12.57754,12.89217,12.6293,12.4238,12.84114,13.00265,12.93287,12.64988,12.77793,12.69132,12.23331
"ENSG00000150477",10.32162,9.922671,10.06437,9.924489,10.34866,10.04802,10.65142,10.42039,9.731349,10.47102,9.503683,9.737729,10.6677,10.59202,9.685135,9.966296,10.34045,10.40846,10.40609,10.40296,10.06394
"ENSG00000150527",10.24384,9.833617,10.41777,10.06653,10.68968,10.04573,10.59577,9.613343,10.23945,10.35237,9.623219,9.472193,10.79077,11.07007,10.96763,10.90383,10.77425,11.00465,10.92906,10.68312,10.90638
"ENSG00000150556",13.11885,12.17604,12.72198,12.4855,6.553037,6.600128,6.329756,6.167335,12.83947,12.79197,13.39338,6.255321,12.38131,11.77507,11.4268,11.38092,11.82682,11.90763,12.77697,12.3755,14.3814
"ENSG00000150681",13.62336,13.43037,13.53517,13.2398,13.60893,13.78119,13.31983,13.84129,13.20235,13.1767,13.17738,13.40271,13.3166,13.93915,13.75741,13.80661,13.54466,13.70106,13.6433,13.5082,14.12871
"ENSG00000150867",14.2817,14.19613,14.81986,14.56389,14.53179,14.69667,13.80572,14.07431,14.14073,14.84295,14.21072,14.09187,14.8571,14.78906,14.96177,14.83685,14.84302,14.9331,15.20641,15.14263,15.24068
"ENSG00000150907",10.51471,10.41343,11.20915,11.20971,10.90935,11.05606,10.48806,10.56206,10.55798,11.1388,10.24061,10.40004,10.51952,10.80602,11.02812,10.94149,10.91605,10.39783,10.78112,10.7723,10.77511
"ENSG00000150961",14.04425,14.08451,14.16601,13.95945,13.99919,14.22213,14.20218,14.27603,14.06955,14.26855,14.16764,14.13589,13.5843,13.60761,13.66531,13.74278,13.63974,13.70415,13.20426,13.49491,13.58002
"ENSG00000150991",14.82073,15.30769,15.02774,15.11466,14.78467,14.61287,14.29522,14.60478,14.19569,14.87399,13.67331,13.87962,15.07813,15.19532,15.51478,15.651,15.54766,15.30743,15.32387,15.12308,14.63871
"ENSG00000150995",10.34079,9.613669,10.53764,10.71473,9.916813,10.35883,10.73425,10.45441,10.42016,10.5587,10.06844,10.52239,10.43357,10.71878,10.72328,11.09984,10.27269,10.17785,10.45389,10.20337,10.7613
"ENSG00000151092",12.0314,11.99332,11.95837,12.02191,11.63066,11.23671,12.15395,12.09655,11.76404,11.66411,11.8847,11.97706,11.82318,12.03333,11.70585,11.95218,12.11363,11.81034,12.14274,11.96572,11.82285
"ENSG00000151151",11.18462,11.22617,11.05746,10.90341,11.12637,11.34448,10.88314,11.62576,11.03294,11.03508,11.25742,11.13924,11.41364,11.68696,11.9096,11.79842,12.31968,12.3883,11.90804,12.08729,11.78087
"ENSG00000151287",14.49867,14.26842,14.87759,14.68269,14.49078,14.56544,13.89821,13.8495,14.2523,15.01934,14.23613,13.65816,14.66903,14.75019,14.84759,14.85084,14.75533,14.89049,15.35605,15.23202,15.0403
"ENSG00000151327",10.34004,9.652542,9.853836,9.71858,10.00424,10.15374,10.77746,10.27186,10.24693,10.79428,10.54481,10.3321,9.735356,9.958973,9.62641,9.787383,9.919273,9.53204,9.754423,9.423729,9.508317
"ENSG00000151445",11.51197,11.44054,11.53203,11.73008,11.72068,11.06489,11.34594,11.56717,11.3447,11.61898,11.71896,11.55427,12.25402,12.24159,12.0585,12.06549,11.68559,11.95464,12.39445,12.30985,12.1472
"ENSG00000151465",12.06855,12.1805,12.00101,11.4954,12.01702,12.04814,11.96271,11.45096,11.4148,11.90919,11.25906,11.40482,10.89611,11.19908,11.60131,11.7469,11.46542,11.11869,10.93134,10.76484,11.2091
"ENSG00000151500",11.31962,11.25221,11.18779,11.28039,10.84844,10.69708,11.30829,11.06504,11.08296,11.04221,10.78882,10.81469,10.23351,10.02773,10.7441,11.01312,10.24237,10.10467,10.89926,10.84407,10.88744
"ENSG00000151502",9.927717,10.15755,10.09919,10.33293,10.46116,10.07304,10.27906,10.3188,10.00964,9.989738,10.34087,10.02424,10.35959,10.40225,10.95678,10.4918,10.29283,10.2622,10.8243,10.83173,10.90202
"ENSG00000151553",9.533226,8.973392,9.826912,9.556153,9.674676,9.710394,9.749978,10.22074,9.131129,9.449116,9.580775,9.697886,11.00724,10.97449,11.26323,10.95636,11.07308,11.01329,11.00286,10.90743,11.20097
"ENSG00000151612",10.81741,9.896014,10.6966,10.55256,10.67705,10.75996,10.9349,10.25416,10.67496,10.47488,10.53861,10.76655,11.01954,10.96423,9.987443,9.808325,10.06412,10.35081,10.42036,10.51724,11.18468
"ENSG00000151657",11.99661,11.49806,12.19179,11.81327,12.17787,12.13819,12.09877,11.90643,11.25818,12.10292,11.26709,10.81502,12.52981,12.07041,11.98732,12.40405,11.89667,12.20778,12.33445,12.3419,12.23242
"ENSG00000151690",13.31038,12.9715,13.71033,13.38929,13.84534,13.81398,12.91794,13.16939,12.85263,13.5198,12.92416,13.08676,13.14048,13.3697,14.04887,14.22561,13.93064,13.61048,13.59585,13.68591,14.1509
"ENSG00000151702",13.9829,14.10082,14.36463,14.22693,14.21354,14.02544,13.98465,13.827,14.19783,13.91548,14.26902,14.33951,13.51525,13.69927,13.98845,14.15915,14.16327,13.94518,14.00465,14.13279,14.40776
"ENSG00000151725",10.99629,11.48224,10.481,10.30461,10.85204,11.13758,10.57783,10.93746,10.7482,10.84192,10.35395,9.91938,10.50891,10.62633,11.05314,11.3516,11.36595,11.50934,11.03191,11.34925,10.647
"ENSG00000151778",10.00262,9.050654,9.702369,10.07814,9.417984,9.73465,10.94652,10.5397,9.316202,9.694263,11.13826,10.60263,9.936357,10.05467,10.22542,10.14089,9.998213,10.13582,10.82914,10.39908,9.3517
"ENSG00000151893",15.17745,14.84988,15.41269,15.10688,15.2722,15.11417,15.60238,15.13588,15.09639,15.47421,15.10323,14.96755,15.18945,15.44452,15.50984,15.42136,15.48532,15.34702,15.61207,15.74182,15.23464
"ENSG00000151923",10.82721,10.67944,10.73757,10.68671,10.73981,11.06903,11.15195,10.73313,10.34176,10.77182,10.47607,10.51658,11.5562,11.3069,11.56917,11.45655,11.45469,11.33285,11.60528,11.34167,11.68401
"ENSG00000152082",12.33167,12.67926,11.1819,11.29031,11.72063,10.8603,12.27089,11.99069,11.74137,10.85602,12.12915,12.31614,10.91494,9.63595,10.81114,10.3845,10.8535,10.68747,10.57042,10.23725,10.06369
"ENSG00000152207",11.04589,11.05353,10.89871,11.39482,10.15781,10.82924,9.845727,10.7633,10.97602,11.84154,10.38266,10.45667,11.33901,12.59081,12.36481,12.45316,12.55878,13.02226,12.01231,11.86406,10.46167
"ENSG00000152229",11.53294,11.7289,12.37392,11.92277,11.80065,11.22202,11.66755,11.22986,11.86222,12.28332,11.13282,11.00352,13.15053,12.89913,12.40011,12.36745,12.87918,12.76474,12.4801,12.26119,11.93601
"ENSG00000152240",11.09728,11.40979,10.50661,10.46721,10.72947,10.698,10.4244,10.36816,9.747684,9.876488,10.45059,10.65288,10.05702,9.271318,9.70215,9.647229,9.672367,9.84786,9.189902,9.130099,9.210835
"ENSG00000152291",14.05919,13.82285,13.80434,14.01112,13.83344,13.53648,14.17734,14.08481,14.04316,13.40374,14.14073,14.0864,14.11871,14.13372,14.14396,14.10278,14.17818,13.87934,14.16073,14.06475,14.18306
"ENSG00000152443",9.499986,9.725919,10.36221,10.64382,10.29899,10.85585,10.44413,10.09708,10.19045,10.73738,10.56576,11.10507,10.95986,10.81832,11.38957,11.49319,10.89342,10.69282,11.15966,10.74157,10.41197
"ENSG00000152464",10.14243,9.990705,9.439461,9.981226,9.280642,9.664631,9.971361,9.981587,10.6152,9.941702,10.0134,10.13326,9.841285,8.925588,9.389564,9.342671,9.371308,9.022121,9.234877,9.316171,9.294086
"ENSG00000152558",15.69251,16.03465,15.41603,15.46444,15.75194,15.44985,15.42064,15.73555,15.64281,15.54985,15.87161,15.70257,15.1156,14.61049,15.28931,15.17092,15.36112,15.14839,15.06542,15.20282,15.13009
"ENSG00000152601",15.52425,15.5669,15.7744,15.72812,15.74405,15.78991,14.86109,15.33025,15.1139,15.51311,14.87142,15.11472,15.82272,15.85851,15.84623,15.89736,15.89131,15.772,15.86934,15.8914,15.97359
"ENSG00000152795",13.07681,12.9005,12.25385,12.45631,12.6296,12.66762,12.32154,12.40723,12.12738,12.88231,11.50826,12.23811,12.74132,12.70062,12.72733,12.72641,12.63859,12.49367,12.79852,12.45806,12.48595
"ENSG00000152818",13.95301,13.65635,14.3305,14.27417,13.96179,14.04228,14.07132,14.20461,14.05171,14.20224,13.86096,13.60327,14.13359,14.34253,14.33845,14.39567,14.28348,14.30757,14.4401,14.48385,14.29306
"ENSG00000152904",10.37099,10.59075,11.3142,10.71601,10.89348,10.92596,9.37103,9.415728,9.973259,10.50145,9.623466,9.200317,10.85681,10.98223,11.06215,11.39821,10.78342,10.94714,11.08334,11.55241,11.05342
"ENSG00000153006",10.73192,10.92865,10.66722,10.75713,10.82284,10.89007,11.44591,10.9743,10.75749,10.66625,10.73669,10.70913,9.819757,9.712798,10.19162,9.871825,10.1534,9.94716,9.883572,9.704133,9.885948
"ENSG00000153029",10.29033,9.850047,9.991117,10.3366,9.967642,9.890374,9.749716,9.733444,10.17159,9.980504,9.904863,10.22939,9.988187,10.19433,10.229,10.29702,10.23594,10.40539,10.11574,9.931421,10.17056
"ENSG00000153037",12.0484,11.97099,11.65483,11.60065,11.56922,11.55915,11.66326,11.86228,11.51976,12.03332,11.33921,11.14878,11.0016,10.65751,11.18993,10.97719,10.96651,10.71338,10.96809,10.71278,10.91323
"ENSG00000153046",9.914612,10.10198,10.21974,10.07726,10.42843,10.23695,10.4891,10.25554,10.19489,9.545294,10.19399,10.17766,10.38269,10.50047,10.48343,10.36268,10.16093,10.12211,10.34085,10.33284,10.37107
"ENSG00000153066",10.76591,10.63696,11.17822,11.10025,10.89651,10.63691,10.41635,10.36141,10.83525,10.95544,10.47224,10.36944,10.91668,11.69455,11.38239,11.50181,11.65372,11.25473,11.27312,11.39038,11.19031
"ENSG00000153157",9.351157,8.701521,5.447348,5.268019,10.01393,9.864595,8.602837,9.10743,10.63833,11.21301,10.3297,6.848296,12.28425,9.529391,11.42795,11.58914,12.24516,12.34225,8.631413,8.668404,6.515773
"ENSG00000153207",11.17352,10.96334,11.78488,11.55165,11.14745,11.50853,10.94535,11.30472,11.36505,11.30202,11.1223,11.28453,11.4974,12.40708,11.821,11.86088,12.19736,11.82323,11.87611,11.82932,11.75092
"ENSG00000153250",14.46827,14.24451,14.54697,14.11249,14.45508,14.41384,14.42743,13.88545,13.82008,14.33832,13.42377,13.39392,14.0225,14.01085,14.21978,14.21156,14.08311,13.98877,14.23896,14.09954,13.93003
"ENSG00000153310",12.20823,12.09014,12.63195,12.44627,12.38751,12.62759,12.66797,12.57785,12.46639,12.53024,12.51994,12.22076,12.35772,12.80092,12.62811,12.57903,12.99895,12.45585,12.65936,12.59239,12.58065
"ENSG00000153339",11.7804,11.18107,11.56127,11.13879,11.93473,11.79226,10.51217,11.11311,10.37528,11.76152,10.32547,10.23232,11.8978,12.02917,12.0131,12.22379,11.82754,11.70167,12.35884,12.26246,11.78704
"ENSG00000153561",10.0019,9.417235,10.29354,9.702666,10.14663,10.21374,9.855462,9.958354,10.23458,10.00928,10.1348,10.03791,10.93731,10.72356,11.57672,11.19818,11.20653,11.25089,11.73595,11.63761,11.30062
"ENSG00000153786",12.90844,12.80118,13.4206,13.09572,13.40573,13.35629,13.01496,13.59425,13.99256,14.05602,13.59748,14.16613,14.16286,13.4932,13.74148,13.56852,13.81516,13.93222,13.90662,13.58941,14.03417
"ENSG00000153814",10.24606,9.964645,10.34802,10.12942,10.01036,10.18282,10.77068,10.578,10.37628,9.911048,10.35251,10.16079,11.10861,11.59682,11.25368,10.58966,11.06497,10.92124,11.24068,11.02627,11.04776
"ENSG00000153815",11.7821,11.89636,12.66621,11.98603,12.69428,12.65841,11.20296,11.87233,11.95331,12.11555,11.95299,12.19201,11.63712,12.69183,12.21848,11.75538,11.93378,11.54605,11.78463,11.42118,12.1157
"ENSG00000153914",11.25432,11.36781,11.50139,11.10923,11.36577,11.30792,11.45198,10.95879,10.55952,11.46191,10.35599,10.30698,11.6502,11.61934,11.56337,11.72104,11.55787,11.41658,11.58075,11.4672,11.44575
"ENSG00000153922",12.8203,12.65013,13.30751,13.06953,13.12556,13.42224,12.38363,12.87197,12.33557,13.18137,11.99254,11.80012,13.31369,13.56109,13.61837,13.76636,13.56085,13.53663,13.60744,13.53988,13.94585
"ENSG00000153944",11.28519,10.87967,11.70543,11.38901,11.47481,11.58839,11.53678,11.51182,11.37752,11.63054,11.42306,11.42303,11.89108,12.47029,12.01473,12.17798,12.01637,11.83393,12.08463,12.16778,12.66242
"ENSG00000153989",11.10053,10.99444,10.23055,10.36666,10.45445,10.14929,10.28782,10.72499,11.28453,10.80359,10.56609,10.60213,11.59396,12.43315,11.61132,11.42868,11.46913,11.44823,12.25033,12.03465,11.35371
"ENSG00000154001",11.0373,10.54246,10.46802,10.26987,10.77061,10.67988,10.80174,10.39676,10.49882,10.70269,10.46333,10.27245,10.74543,10.88724,11.03743,10.92359,10.72719,10.67425,10.72549,10.81049,10.69433
"ENSG00000154059",11.95964,11.20812,12.34749,11.99336,11.82222,11.85813,12.04527,11.88651,12.1606,12.09839,11.87998,12.26333,11.87471,11.78963,12.18545,12.21391,12.31888,12.24992,12.49175,12.53715,11.554
"ENSG00000154114",9.694446,9.735093,10.02779,9.468524,10.43557,10.66094,10.03574,9.883762,10.18701,10.43242,10.25583,9.658286,10.38155,10.40488,9.937048,9.749834,10.08178,10.41562,10.54894,10.47309,10.94626
"ENSG00000154124",10.83289,10.89049,10.59423,11.02159,10.67941,10.53101,10.18671,10.23059,10.27269,10.71962,10.2958,10.57093,11.54288,11.4999,11.71466,11.52927,11.30361,11.37943,11.17122,11.40695,11.56448
"ENSG00000154144",13.11044,12.71031,13.27092,13.02194,13.14858,13.44009,13.28271,13.10463,13.18182,13.36275,13.14576,13.11438,13.05697,13.41402,13.25002,13.52884,13.31075,13.41676,13.501,13.31981,13.36172
"ENSG00000154269",15.89347,16.07228,16.66915,16.51978,16.42536,16.82457,16.34647,16.52527,16.20639,16.62476,15.71069,16.24949,15.9197,16.45718,16.5673,16.47871,16.37723,16.38886,16.1712,16.26391,16.44167
"ENSG00000154305",13.9188,13.77702,13.99577,13.99872,14.1279,14.12943,14.0708,13.84527,14.12796,14.18232,13.73031,13.69763,13.9687,13.79747,13.95606,14.18686,14.06923,14.09145,13.87572,13.9663,13.62626
"ENSG00000154310",13.46411,12.81772,13.23738,13.01506,13.79323,13.48534,13.47756,13.33678,12.87258,13.7432,12.67056,12.96077,13.18074,13.86441,12.77937,13.24287,13.52426,13.55695,13.35304,13.25562,13.43663
"ENSG00000154359",10.36486,9.490293,10.41122,10.28622,10.36942,10.44945,10.40351,9.004244,10.0737,10.2149,9.998117,9.860467,11.26046,10.64108,10.47202,10.28203,10.3669,10.51705,10.61215,10.67064,10.74986
"ENSG00000154473",11.92584,11.87155,12.02146,11.30383,11.84578,11.90413,10.96185,11.37903,11.81184,12.06482,11.33513,11.82085,11.55251,11.77626,11.95785,11.7616,12.028,11.85291,11.78258,11.68126,11.98629
"ENSG00000154620",13.08523,13.31375,13.44747,13.43014,13.20576,13.29293,13.47179,13.28651,13.45277,13.27041,13.15618,12.77511,13.39601,13.34951,13.47335,13.54144,13.60162,13.67728,13.58438,13.74077,13.63193
"ENSG00000154723",15.05694,14.87128,14.86428,14.54268,14.76955,14.75047,15.21559,14.97202,15.1878,14.93865,15.33649,15.4298,14.51351,13.83646,14.1919,14.18576,13.94559,13.95881,14.10439,13.87075,14.00889
"ENSG00000154760",10.60315,10.87682,10.15802,10.0838,11.00529,10.62275,10.77534,10.7434,9.616176,10.10004,9.963204,9.975975,10.46359,10.72879,10.7104,10.45137,10.82662,10.92213,10.99277,10.88421,10.21231
"ENSG00000154767",12.57276,11.57593,12.19297,12.00258,12.58971,13.04252,12.37743,12.06389,12.00379,12.60678,11.86228,11.82718,13.1493,13.00734,12.74868,12.94656,12.53552,12.90937,13.023,12.94038,13.20439
"ENSG00000154822",10.91212,10.9905,11.24173,11.23897,11.42421,10.66147,10.73068,11.01249,10.58803,11.07608,10.36571,10.3626,10.79509,10.91953,10.89459,11.04163,11.17163,11.18945,11.44059,11.40046,11.53871
"ENSG00000154832",9.593356,10.45518,9.76029,10.24504,9.917724,8.410439,9.160126,10.08804,10.66573,9.656493,10.73776,10.81762,9.699542,9.500214,9.842643,9.839785,9.378112,9.416418,9.689745,9.540225,9.520272
"ENSG00000154945",10.15336,9.862951,9.833499,10.11387,9.676891,10.10547,10.69096,10.08299,10.26846,9.737507,10.23383,10.29527,10.58938,10.24025,10.13546,10.06219,10.1671,10.27382,10.51963,10.10323,10.26128
"ENSG00000155090",10.45174,10.14312,9.14705,8.790474,9.656108,9.959153,11.1871,11.19492,10.50176,9.311094,10.34888,9.74139,10.299,10.34857,9.832661,9.855825,9.834509,10.2571,9.675281,9.244855,10.24911
"ENSG00000155096",12.42288,12.91911,12.2329,12.65401,12.82093,12.62515,13.33235,12.60066,12.59169,12.76009,12.56151,12.94521,12.77361,13.23373,12.66052,12.40998,13.00814,12.66533,11.78541,11.90154,12.49894
"ENSG00000155111",11.77999,11.62656,11.65217,11.44194,11.5366,11.69202,11.85079,11.28653,11.1702,11.79827,10.98971,11.40142,12.16464,12.44411,12.3843,12.39051,12.43893,12.20959,12.6474,12.4363,12.81205
"ENSG00000155256",11.52139,10.83719,11.3497,11.29699,11.19588,11.30447,11.54561,11.45125,11.79211,11.41278,12.08557,11.94375,11.47982,11.58153,11.21575,11.4529,11.46435,11.33313,11.48401,11.59085,11.43239
"ENSG00000155307",15.02971,15.1903,14.90836,14.91022,15.12184,15.16399,14.0573,14.23948,13.66101,14.78497,12.99767,13.36893,15.23394,16.6193,15.13611,15.10567,15.78197,15.37566,15.16064,15.26457,14.85029
"ENSG00000155438",10.77886,10.49472,9.898937,10.02731,9.957453,10.0956,10.49913,10.26232,10.13719,10.4014,10.31072,10.33667,10.54899,10.11526,10.20873,10.41878,10.12693,10.22255,10.20228,10.18614,9.924191
"ENSG00000155508",12.56292,12.19459,12.81343,12.41765,12.40292,12.65977,11.83792,11.55255,11.22421,13.00695,11.34132,11.45901,12.98746,13.34631,12.94468,13.07556,12.95488,12.85162,13.26915,13.27048,13.23562
"ENSG00000155561",11.81927,11.58371,10.45893,10.91277,10.83906,11.14358,10.78668,10.78063,10.18813,11.08702,9.80665,10.63308,10.91549,10.54589,10.43057,10.81925,10.13848,10.0094,10.03542,9.758276,10.06992
"ENSG00000155629",12.27344,12.92273,11.91509,12.10933,12.78541,12.65766,12.12207,12.08618,12.30169,12.29341,12.26306,12.94924,12.30682,12.51296,12.18719,11.87883,12.17768,12.20024,11.60984,11.83367,12.50616
"ENSG00000155744",10.59017,10.57218,11.22053,11.07885,11.23317,11.55918,10.94272,11.43166,10.71651,11.34227,11.06012,11.22052,11.83077,12.35157,11.73929,11.62771,12.19727,11.86208,12.15664,12.09163,12.1939
"ENSG00000155849",13.20545,13.29058,12.98066,12.83818,13.05461,13.34823,13.04154,12.57352,12.8745,13.4677,12.30958,12.64522,12.41501,12.81999,12.62956,12.6129,12.4848,12.33748,12.70661,12.76477,12.46399
"ENSG00000155868",12.00301,11.82952,11.94278,11.63245,11.96485,12.47971,12.02287,11.70233,11.74693,11.70205,11.75957,11.29651,11.92268,11.61116,11.88256,11.76649,11.28361,11.58672,11.74999,11.71694,11.66183
"ENSG00000155876",10.84396,10.73169,10.85314,10.70822,11.05129,11.04527,11.2127,10.98168,10.98952,10.98235,10.92499,11.1702,10.86816,10.71037,10.77299,10.88987,10.59563,10.67447,10.71402,10.84746,10.67907
"ENSG00000155957",12.66789,12.78175,12.88169,12.66288,12.73666,12.85401,12.45303,12.83803,12.54965,12.77909,12.30896,12.34885,12.97972,12.5362,13.00285,12.68706,12.61344,12.55879,12.6676,12.7544,12.59553
"ENSG00000156026",10.59892,11.6846,9.798326,9.571829,10.43917,9.408585,10.83175,10.45339,9.349936,9.394814,10.45075,10.95682,9.961434,9.460606,9.646965,9.469184,10.12359,9.618128,9.044648,8.615288,8.911369
"ENSG00000156232",10.18464,10.24479,10.3659,10.36087,10.15181,10.15694,10.61462,10.4227,10.06834,10.22977,10.30231,10.2161,11.00687,10.80372,10.74306,10.98999,10.87866,11.05203,11.13496,11.13256,10.84721
"ENSG00000156256",13.54685,13.31647,13.44206,13.46398,13.27947,13.46105,14.01519,13.59309,13.24444,13.43988,12.98147,13.002,13.50422,13.44552,13.75868,13.74265,13.75852,13.72467,13.44456,13.30191,13.54991
"ENSG00000156273",11.83968,11.41189,11.35607,11.23013,11.34539,11.06387,10.26297,10.27332,10.4598,11.03235,10.43534,9.879946,11.03529,11.00864,11.49357,10.90646,11.17932,11.23338,11.73155,11.6151,12.05725
"ENSG00000156304",12.15929,11.80247,11.8372,12.2617,12.01691,12.17604,12.36818,12.0897,11.87242,11.97416,11.3448,11.93421,12.14889,12.13853,12.36073,12.50811,12.45836,12.62369,12.61098,12.66183,12.3268
"ENSG00000156467",13.23084,13.75377,13.40244,13.19874,13.70987,13.61781,13.78072,13.71065,13.38383,13.67761,13.56938,13.27282,13.08884,12.81708,13.16174,12.95083,13.17136,13.26078,13.1136,13.15234,13.46441
"ENSG00000156471",11.64049,11.83292,11.19048,11.16517,11.30271,11.15187,11.27335,11.90829,11.59347,11.22967,11.52373,12.00906,11.86715,11.69884,11.32135,11.02998,11.30192,11.20618,11.20794,11.12555,11.38972
"ENSG00000156482",17.55025,17.47445,17.52935,17.60539,17.60035,17.56821,17.50951,17.56423,17.47515,17.45201,17.53895,17.50104,17.54086,17.30245,17.6093,17.5323,17.53558,17.54014,17.54191,17.52535,17.63344
"ENSG00000156500",10.67361,10.98322,10.94279,10.96608,11.29102,11.45221,11.08295,10.08029,10.76095,11.44115,10.60497,10.74025,11.65304,11.89932,11.62367,12.0357,12.31732,12.0331,11.7517,11.70477,11.55042
"ENSG00000156508",16.29231,16.47052,16.05282,16.27892,16.10687,15.96297,16.01319,16.43216,16.12487,16.1023,16.18826,16.18755,16.12769,15.69833,15.96367,15.69941,15.99226,15.66876,15.73035,15.47254,15.80646
"ENSG00000156587",12.31723,11.73794,12.64958,12.31957,12.37627,12.75661,12.62231,12.48921,12.87241,12.47481,12.93866,12.62684,10.02736,10.17019,10.22929,10.11503,10.42025,11.06669,10.39363,10.07958,10.56473
"ENSG00000156599",10.65018,10.92251,11.08096,10.44499,10.834,10.34506,10.48113,10.41181,10.66565,10.92704,10.98256,10.85678,12.22104,12.26739,12.43361,12.63302,12.11553,12.16457,12.48533,12.29098,12.16138
"ENSG00000156639",12.17335,12.0333,12.20248,12.23698,12.44712,12.12156,12.72479,12.72496,12.55496,12.30791,12.59062,12.64074,12.32638,12.84683,12.56828,12.20053,12.49602,12.25929,12.45955,12.20677,12.31637
"ENSG00000156642",10.02408,10.29599,9.632844,9.190001,9.832866,9.498728,10.87623,10.44159,10.34656,9.268594,10.01846,10.07781,9.617302,9.464375,9.610662,9.632899,10.01784,9.889051,9.632671,9.177145,9.334146
"ENSG00000156858",11.69803,11.48557,12.00393,12.06436,12.09373,11.27687,11.93408,12.14597,12.34964,11.49164,12.62619,12.45173,11.34125,11.61477,11.77621,11.82848,11.52496,11.35341,11.50137,11.35622,11.47487
"ENSG00000156928",11.37471,11.45293,10.93435,11.06737,10.82709,10.68858,11.37673,11.17515,11.6024,11.14295,11.4769,11.27312,10.14306,9.187351,9.924386,10.13786,10.23088,9.99392,9.8667,9.92312,9.563024
"ENSG00000156976",11.6764,11.55519,11.95457,11.98425,11.87945,12.3433,11.27616,11.99603,12.90772,12.09171,12.53158,12.39471,12.11324,12.15656,12.34454,12.53449,12.45965,12.11883,12.2109,11.8724,12.15867
"ENSG00000157017",10.11259,9.890822,9.432803,9.528106,10.50373,10.70338,10.52531,10.24392,9.668083,9.753566,10.41047,10.8351,8.91976,8.731398,8.780261,8.819535,8.82213,8.205312,9.009745,8.878438,8.855822
"ENSG00000157106",13.88663,13.90525,13.98951,14.15973,14.40447,14.13457,13.33867,13.8737,13.72513,14.22888,13.43687,13.99094,14.58796,14.64619,14.01111,14.12838,14.19231,14.39512,14.2144,14.43451,14.28779
"ENSG00000157216",12.29499,12.15332,12.42531,12.42283,12.24454,12.90345,12.80003,12.62506,12.91229,12.95656,13.13266,12.91145,11.36285,11.59051,11.34007,11.46164,11.58353,11.55297,11.67676,11.59265,11.83273
"ENSG00000157259",11.41712,11.105,11.34488,11.4647,11.07338,10.93329,10.9904,11.15283,11.32042,11.4367,11.24178,10.90195,11.25517,11.40962,11.15628,11.31807,11.15238,11.04886,11.37476,11.26698,10.89877
"ENSG00000157429",11.76441,11.55447,11.81218,11.86567,11.66707,11.79224,11.8751,11.87954,11.74394,11.68869,11.88338,11.72941,12.43845,12.73498,12.54293,12.49707,12.51189,12.39,12.50391,12.55071,12.50729
"ENSG00000157514",12.91946,12.53098,10.22135,10.63041,9.158401,9.058873,9.474491,10.62879,11.4121,9.720903,12.1589,11.82216,10.96282,10.63434,10.72852,10.54095,11.96809,11.44267,11.79692,11.42218,11.31379
"ENSG00000157554",12.37641,13.55552,10.79773,10.98652,11.20276,10.16714,12.30285,11.75296,11.69458,10.04609,12.46187,12.91804,11.65766,9.407735,10.19882,9.44498,10.99307,10.26037,9.044489,8.558781,9.968326
"ENSG00000157557",11.5247,11.5223,10.85279,11.06254,11.91193,12.04388,11.43698,12.1003,10.22613,11.62274,11.36112,11.05853,11.84562,13.04006,12.45384,12.31353,12.99785,13.27643,12.70408,13.03416,12.00918
"ENSG00000157600",14.65722,14.23839,14.62424,14.53426,14.54772,14.23835,14.37582,14.61155,14.41351,14.18527,14.46481,14.60886,14.99823,15.05459,15.15063,15.15997,14.80082,14.98482,15.18065,15.27114,14.8922
"ENSG00000157625",14.20581,14.0511,14.58554,14.38741,14.41287,14.36257,14.45071,14.19113,14.14308,14.4182,13.96407,14.13447,14.50215,14.62154,14.52518,14.64728,14.58241,14.69258,14.7673,14.6683,14.44346
"ENSG00000157741",13.19315,12.61643,13.02731,13.13076,13.25133,13.17098,13.92472,13.02823,13.06398,13.1764,13.13132,13.19856,13.77997,13.75222,13.97374,13.75678,13.73225,13.81659,13.67685,13.66242,14.11523
"ENSG00000157764",12.36779,12.29063,12.49693,12.80393,12.50301,12.58531,12.40086,12.51826,12.19433,12.63006,12.26048,12.57645,12.76786,12.84669,12.67662,12.76035,12.76266,12.79462,12.78402,12.94383,13.03885
"ENSG00000157823",10.6184,11.03296,9.965958,9.932546,10.76181,10.03012,10.18573,9.980823,10.40606,10.49027,9.927895,10.39057,10.2847,10.43081,10.30005,10.47056,10.14848,10.08782,10.6941,10.36152,10.21424
"ENSG00000157837",10.1755,9.779274,9.987099,9.964391,10.58625,10.37641,10.70451,10.57218,10.512,10.18614,10.57464,10.69058,10.69901,11.21313,10.55375,10.6003,11.07475,10.6438,10.72106,10.77561,10.52425
"ENSG00000157916",11.82454,11.50186,11.64723,11.58796,11.64083,11.41563,11.73513,11.72607,11.59797,11.35867,11.81546,11.65725,10.9808,10.98804,11.64474,11.38468,11.00653,10.84888,11.17863,11.12043,10.80365
"ENSG00000157954",10.1448,10.40807,10.36514,10.57005,11.08293,10.60263,10.51372,10.5602,10.43264,10.06875,10.79934,10.36538,10.46093,11.00503,10.79726,10.85818,10.8968,10.63853,11.09756,11.23398,10.72441
"ENSG00000158169",10.54157,10.00762,10.75602,10.44664,11.01701,10.59317,10.56012,10.80684,9.996874,10.46549,9.461405,10.59101,11.53877,11.73533,11.52294,11.15332,11.35526,11.18054,11.83069,11.76252,11.06631
"ENSG00000158195",12.57101,12.62081,12.77003,12.72554,12.69088,12.14019,12.91629,12.6834,12.75833,12.66796,12.79277,12.63608,11.53933,11.53101,12.01028,11.73684,11.8293,11.70427,11.89702,12.00241,11.85627
"ENSG00000158373",11.22277,10.44362,11.13852,11.83471,10.54883,9.925778,12.30509,12.06754,11.64425,10.90041,11.2633,11.38685,10.35094,11.32094,11.40991,12.05875,11.90003,12.01665,11.11155,10.99139,11.97013
"ENSG00000158411",12.53478,12.11911,12.4248,12.44289,12.02815,12.40799,12.63893,12.26653,12.36474,12.61834,12.35436,12.42013,11.81339,11.62521,11.85725,11.97139,11.80128,11.95356,12.02048,11.93696,11.65995
"ENSG00000158417",11.37913,11.5187,10.85224,10.84799,11.11374,11.15609,11.47941,11.02176,11.03057,11.27525,10.74636,11.20055,11.74549,11.54878,11.18113,11.32487,11.17476,11.38511,11.41589,11.28677,10.92617
"ENSG00000158435",12.17896,12.02246,12.03207,12.27206,12.22905,12.35653,12.69927,12.67872,12.78837,12.30274,12.90879,12.83472,11.45419,11.92212,11.74029,11.78374,11.88885,11.66431,11.70903,11.65747,11.70018
"ENSG00000158517",15.24773,15.34014,16.08249,15.96101,16.27826,15.99919,16.33776,16.31573,16.15719,15.58811,16.24723,16.37522,15.36094,15.68486,15.73283,15.64285,15.56427,15.49832,15.81856,15.74939,15.55459
"ENSG00000158555",11.82098,11.2393,12.59385,12.32453,12.28383,11.2429,11.22631,11.98569,12.33759,12.18421,11.8528,12.66042,12.11525,12.94147,11.99019,11.94792,12.04722,11.7168,12.14038,12.02086,11.90738
"ENSG00000158604",10.43547,10.41145,9.917401,9.758929,9.946545,10.43624,9.368448,10.34802,10.54133,10.49784,10.54302,10.47573,9.590982,9.702205,9.142672,9.180761,9.818222,9.092065,9.54248,8.924185,9.012055
"ENSG00000158615",11.09628,11.11811,11.39362,11.24952,11.60918,11.65219,10.62143,10.59721,10.8818,11.42538,10.86905,11.01742,12.42636,12.40767,12.61853,12.41688,12.41492,12.42726,12.20601,12.03916,12.16447
"ENSG00000158636",12.74796,12.39717,12.80324,12.71015,12.40286,12.71524,13.14691,12.52761,12.53134,12.5613,12.41074,12.41622,12.76939,12.95074,12.95578,13.22408,13.11186,12.85928,12.96102,13.07139,12.92348
"ENSG00000158710",14.83447,14.35778,14.00537,14.02026,14.85955,14.513,13.28676,14.07458,14.79601,15.05313,14.70195,14.73464,14.71158,14.68935,14.28246,14.36793,14.38339,14.35597,14.46736,14.28319,15.40907
"ENSG00000158715",12.60497,12.90816,13.59593,13.36064,13.71256,13.49514,12.71948,12.79008,13.55851,13.19089,13.9796,13.97653,13.61875,14.12163,13.71149,13.67492,13.15053,12.85112,13.4142,13.77819,13.854
"ENSG00000158716",12.00436,11.78965,11.36062,11.36113,12.04054,11.85809,11.73611,11.23643,11.98292,12.07241,11.49012,11.38918,9.453911,8.530691,9.580094,9.777391,9.41954,9.12799,9.426255,9.444726,9.734819
"ENSG00000158769",12.47537,12.78146,12.50963,12.37068,12.04107,11.25631,11.97383,12.47855,12.91564,12.1178,12.41364,13.02434,12.96975,13.26117,13.39367,13.15005,13.01036,12.96866,12.93526,12.93804,12.64568
"ENSG00000158796",11.18906,11.25775,11.36037,11.1862,11.3911,11.64686,11.26004,11.52053,11.54582,11.51266,11.55755,11.7116,10.55182,10.85509,11.15005,10.85654,10.78152,10.68375,10.9965,10.71926,10.62911
"ENSG00000158828",11.16006,10.82872,11.12703,11.17741,11.68301,11.20433,11.5434,11.17777,11.10057,10.94658,11.73556,11.05679,10.74522,10.69459,11.06482,10.84373,10.83219,10.45537,10.84235,11.12081,11.00028
"ENSG00000158869",16.01432,16.00043,16.04127,15.47882,15.97915,16.04828,16.19439,15.69255,16.44494,16.02557,16.28141,16.53604,14.7573,14.99207,14.94895,14.89843,14.90829,14.70628,14.74216,14.89319,14.96239
"ENSG00000158941",10.22342,10.27942,10.26973,10.78424,10.19359,9.95081,10.14353,10.34027,10.71456,10.56931,10.58856,10.78707,10.81128,11.00473,10.97091,10.95949,10.97733,10.59731,11.02547,10.87374,10.97549
"ENSG00000158985",14.47792,14.1389,14.72334,14.78703,14.8202,14.90741,14.24701,14.73541,14.47378,14.87267,14.59776,14.58766,14.75607,14.99139,15.06268,15.0963,15.20339,15.01506,15.06244,15.02855,15.22304
"ENSG00000159023",15.46714,15.44654,15.55448,15.52933,15.73815,15.88729,15.44023,15.31447,15.19797,15.39853,15.4974,15.40483,15.63859,15.78069,15.79248,15.89279,15.69333,15.79728,15.90232,16.13192,15.50619
"ENSG00000159086",11.09643,11.64121,10.01196,10.41668,10.47448,10.32082,9.707671,10.79815,10.43869,10.26221,10.53849,11.25416,11.32898,10.62754,10.62794,10.67432,11.0615,10.95475,10.55386,10.23086,10.90242
"ENSG00000159131",12.27402,12.28504,12.31499,12.35245,11.98594,12.36313,13.05308,12.16007,12.62468,12.44134,12.61162,12.60359,11.91626,11.64199,11.95833,12.14173,11.98541,11.97145,11.92971,11.92971,11.78144
"ENSG00000159140",11.44311,11.21438,11.36597,11.15201,10.86206,10.93931,10.74073,10.47493,10.34138,11.41623,10.253,10.04211,11.35451,10.96771,11.41906,11.45829,10.823,11.07628,11.13847,11.13216,11.05177
"ENSG00000159147",10.06175,10.10609,10.21192,10.11967,9.982379,10.04276,9.914766,9.485897,9.719495,9.671803,9.751028,9.373302,10.70427,10.28147,10.11989,10.26234,9.952259,10.59528,10.49162,10.62825,10.93987
"ENSG00000159176",13.56134,13.1032,12.73707,12.19703,10.60668,10.1087,13.22765,13.642,12.44856,12.59259,10.329,12.41772,13.54198,14.42696,9.472506,9.478391,10.16438,10.23883,10.04304,9.081185,13.38918
"ENSG00000159202",12.32765,12.83564,12.7177,12.87367,12.6011,12.6536,12.20578,12.21478,12.34908,12.57696,12.25459,12.05432,12.79832,12.5916,13.0347,12.95568,12.73844,12.81329,12.95217,12.89276,12.62325
"ENSG00000159210",13.28125,13.57652,13.56612,13.14003,13.37794,13.69766,13.50979,13.3317,13.00458,13.73123,12.38927,12.93723,13.54766,13.19832,13.26473,13.49101,13.18642,13.05146,13.53046,13.00667,12.58531
"ENSG00000159216",17.64116,17.4537,17.6902,17.64391,17.65691,17.61393,17.74878,17.63354,17.61925,17.65664,17.55,17.70589,17.93911,17.88208,17.8444,17.90809,17.78052,17.87536,17.83361,17.92473,18.00533
"ENSG00000159256",10.64733,10.59689,11.15807,11.03633,10.79233,10.85429,10.23663,9.986388,9.981159,10.6949,10.02029,9.478872,11.37556,10.98458,11.35742,11.48488,11.13385,11.05125,11.69699,11.63751,11.39259
"ENSG00000159335",10.62691,9.716046,11.01527,10.30976,10.69686,10.16817,11.24168,10.90604,11.37182,10.83145,10.91903,10.75083,9.850186,10.30587,10.85113,10.60869,10.3271,10.21467,10.32155,10.20551,10.51906
"ENSG00000159339",10.16511,10.46856,10.50382,10.04154,10.53709,7.936967,11.14766,10.77311,11.18722,10.51824,10.53467,10.6547,11.14246,11.50764,9.781857,9.053219,11.35787,10.5117,12.13052,11.80901,7.856614
"ENSG00000159346",12.43362,12.34485,12.42052,12.02342,12.57032,12.28297,11.90374,12.29042,12.26903,12.64035,12.3354,12.40232,12.01223,12.17163,12.32066,11.73534,12.11378,12.29051,12.09873,11.76634,12.32877
"ENSG00000159352",11.38442,11.48272,11.56147,10.99459,11.37723,11.19437,10.42653,10.07821,10.24021,11.50791,9.85133,9.217307,10.61786,10.73908,10.96913,10.86025,10.41601,10.19798,10.73999,10.82965,10.63652
"ENSG00000159377",14.77578,14.77777,14.71855,14.74685,14.59776,14.58601,14.94926,14.8745,14.77798,14.84692,14.83261,14.63505,14.5575,14.39075,14.44211,14.57981,14.73622,14.40551,14.4016,14.38885,14.36374
"ENSG00000159459",12.42602,12.12046,12.62201,12.71346,12.20505,12.56602,12.82973,12.80301,11.89716,12.63216,11.45485,12.09827,13.79901,14.07352,13.75251,13.75699,13.63005,13.57253,13.7182,13.82055,13.71918
"ENSG00000159479",10.73725,10.8216,10.29149,9.937369,10.2255,9.725036,10.33849,10.01496,9.987371,10.29192,9.486371,9.830315,9.613943,9.340475,9.85443,9.743139,9.476871,9.193992,9.555773,9.541774,9.297418
"ENSG00000159579",10.39586,10.41313,10.32378,10.04754,10.10269,9.849669,10.00957,9.967189,10.43163,10.21983,10.44148,10.49993,11.14568,10.75634,11.15337,11.21675,11.25593,10.72563,10.74736,10.73071,10.60649
"ENSG00000159592",11.16288,11.3114,11.52304,11.75585,11.55357,11.18063,11.52325,11.48842,11.61759,11.61255,11.10995,11.09491,10.74287,11.10165,11.31857,11.23701,11.26433,10.65102,11.0804,11.1266,11.11525
"ENSG00000159658",11.19878,10.78702,10.90274,10.74677,10.89105,10.30846,10.4437,10.41525,10.29614,10.79787,10.22208,10.38263,11.02435,10.82889,11.05363,11.10651,10.88535,11.07941,11.19331,11.16863,11.23701
"ENSG00000159692",11.78455,11.89109,11.19857,11.57565,11.58549,10.79835,9.877726,11.58003,12.34628,11.68393,12.37503,12.55139,11.96693,12.22653,12.08241,12.0631,11.92538,11.3225,11.96768,11.84276,12.2055
"ENSG00000159720",12.34845,13.0865,12.90789,12.4554,12.32019,12.27271,12.54621,12.65993,12.63066,12.99938,12.27963,12.38634,11.51635,11.96539,12.3333,11.71493,11.8915,11.42749,11.50547,11.48352,11.55459
"ENSG00000159840",10.9062,11.52589,11.07526,10.68906,10.87219,10.64075,10.73746,11.1804,11.23993,10.56864,10.94245,11.18501,10.35242,10.46501,10.95056,10.19674,10.5617,10.1507,10.63389,10.65964,10.48191
"ENSG00000160058",9.903338,10.47546,10.78069,10.62492,11.39352,10.87225,10.60714,10.40333,10.56418,10.80072,10.27397,10.5919,11.15103,12.32564,11.8761,11.75149,11.92224,11.10109,11.71597,11.66993,12.21321
"ENSG00000160075",11.6498,11.85765,11.61764,11.96193,11.90211,11.86319,12.15909,11.99312,12.03003,11.92653,12.0169,12.10535,11.53267,11.54515,11.57346,11.50728,11.38986,11.19228,11.53689,11.39018,11.38192
"ENSG00000160199",10.65132,10.80789,9.938706,10.50922,10.74877,10.46313,10.70146,10.52098,10.66338,10.28918,10.68118,10.78592,10.47774,10.45953,9.784,9.88019,10.33467,10.09211,9.878464,9.963873,10.06578
"ENSG00000160201",12.42859,12.61359,12.59943,12.26423,12.68985,12.50448,12.14635,12.30634,12.18498,12.87785,12.11624,12.17023,12.8897,13.31421,12.9769,12.94568,13.18253,12.79929,12.69853,12.63203,12.39524
"ENSG00000160211",12.54812,13.23195,13.46772,13.01829,13.60712,13.12118,13.09751,13.36584,13.45134,13.10166,13.61267,13.51511,11.93238,12.43913,12.5244,12.53034,12.41741,12.08424,12.44408,12.43068,11.87629
"ENSG00000160219",15.1869,14.93811,15.30829,15.3785,15.31376,15.15571,15.00828,15.30152,15.01559,15.14845,15.03302,15.09665,15.23355,15.59427,15.42045,15.52935,15.41245,15.4615,15.64366,15.68549,15.95809
"ENSG00000160310",11.26724,11.50558,11.5976,11.43746,11.30532,10.13905,10.51324,10.54468,10.61263,10.99673,10.3953,10.75335,11.88096,12.08009,12.326,12.41261,12.1239,11.8228,12.21849,12.02782,11.83208
"ENSG00000160321",9.98174,9.690648,9.933308,10.14316,9.898625,10.16549,9.710514,10.01366,9.885485,9.810324,9.898467,9.989089,11.48983,11.18637,11.27414,11.11762,11.21479,11.50843,11.12819,11.373,11.46218
"ENSG00000160410",11.44539,11.79189,12.26863,11.94977,12.08167,11.99389,11.1182,11.56999,11.94347,11.84048,11.75502,12.17881,11.54245,11.86492,12.05326,11.95999,11.85634,11.40868,12.01889,11.90874,11.87423
"ENSG00000160446",10.84254,11.33829,10.31702,10.19707,10.39678,10.16704,10.36137,10.81436,11.07553,10.56376,11.19406,11.31823,7.983032,8.406408,8.626091,8.677311,8.778942,8.260267,8.632998,8.257996,8.375912
"ENSG00000160551",13.82259,13.56648,14.23015,13.88833,13.72101,13.93117,14.09729,13.5767,13.53794,13.7656,13.20093,12.99795,14.73783,14.55284,14.85456,14.73081,14.72831,14.73062,14.74417,14.74784,14.78716
"ENSG00000160584",11.2499,10.97825,11.17693,10.81114,11.30603,11.03498,10.75519,10.74211,10.54629,11.09235,10.91901,10.86567,11.18032,11.68131,11.15423,11.10091,11.18032,10.82935,11.09062,11.27458,11.04651
"ENSG00000160588",11.48275,11.23433,12.46743,12.04393,11.67134,11.93027,11.41619,11.61133,11.63171,11.65953,11.71908,11.75143,12.82809,12.96985,12.80603,12.49416,13.12318,12.85897,13.23077,13.37104,12.71439
"ENSG00000160593",12.82908,13.09833,13.17361,12.83354,6.886929,6.748227,10.14169,9.54441,9.089785,9.552583,12.68149,9.611345,12.9532,11.85478,10.98549,10.39826,11.56409,10.99557,13.11253,12.92712,8.593987
"ENSG00000160613",10.16165,9.891665,10.17793,10.21039,10.29216,10.46416,9.641762,9.937068,10.182,9.909461,10.27997,10.11952,10.78874,10.84541,10.74072,10.43291,10.47352,10.52947,10.733,10.59552,11.06284
"ENSG00000160679",10.70434,10.86248,11.1087,10.99566,10.94699,10.84856,10.52656,10.65217,10.55093,11.01234,10.48619,10.5515,11.83907,12.29627,12.32395,12.09279,11.97425,11.67858,12.10327,12.03998,12.0729
"ENSG00000160712",9.837243,10.43543,10.57845,10.31329,10.59711,9.657942,9.587725,10.2811,10.33547,10.09846,10.21431,10.60239,10.23761,9.952246,10.45326,10.36991,10.46909,9.613914,10.97147,10.64184,10.25181
"ENSG00000160714",12.69131,12.58796,12.8094,12.61523,12.63786,12.59918,13.28467,12.93416,13.18457,12.75286,13.33987,13.13086,12.35082,12.29605,12.60711,12.61868,12.39537,12.37311,12.54901,12.3619,12.37884
"ENSG00000160741",13.32713,13.10781,13.44606,13.323,13.48619,13.21652,13.3191,13.75573,13.55864,13.08294,13.41401,13.48382,11.5964,12.6212,11.98725,11.89839,11.96676,11.80281,11.60761,11.47606,11.72569
"ENSG00000160783",10.19739,10.34188,10.14917,10.1183,10.64147,10.28065,9.959377,10.19925,9.805165,10.26132,9.877872,9.615999,10.15829,10.62831,10.60061,10.62143,10.58533,10.32675,10.49996,10.4339,10.14632
"ENSG00000160785",11.09185,11.01018,11.57385,11.62076,11.90239,11.20189,11.61134,11.34474,11.93505,11.39708,12.15584,12.00488,10.84779,10.27863,10.95574,10.72016,10.54188,10.43066,10.61835,10.72647,10.46928
"ENSG00000160796",10.94459,11.44549,12.15712,12.10537,12.03522,10.87043,10.73865,11.49772,11.50498,11.6258,11.8697,12.42503,12.27664,13.00838,12.79828,12.66545,12.67216,12.31208,12.97523,12.7921,12.49463
"ENSG00000160799",10.31853,10.09383,10.36286,10.2982,9.977962,9.279818,10.11398,9.915951,10.11873,10.17114,9.860777,10.13776,10.26391,10.35077,10.04395,10.22432,10.26445,10.1248,10.23277,10.11052,9.826716
"ENSG00000160888",11.30092,10.67751,11.45275,11.4133,11.57111,11.5003,11.13496,11.59687,12.10355,10.97185,12.16595,12.5202,10.40345,10.96298,10.8745,10.92291,11.39659,10.80416,9.830653,9.69977,10.05452
"ENSG00000161016",15.44302,15.47544,14.93574,15.38446,15.10468,15.12122,15.48363,15.47169,15.39422,14.99859,15.40735,15.34115,13.63275,13.26791,13.70818,13.59364,13.79172,13.46732,13.34241,13.27668,13.4636
"ENSG00000161021",11.53191,11.40942,11.51041,11.66292,11.63206,11.39095,11.59424,11.47682,11.69502,11.28214,11.93928,11.90308,10.92006,10.66969,10.79795,11.00473,10.65905,10.92485,10.8303,10.86147,11.4122
"ENSG00000161057",11.77486,11.68548,10.75152,10.50101,11.13473,11.23299,10.5425,10.67692,10.08526,10.81013,9.966714,10.43728,11.23159,11.24865,11.69313,11.4967,11.11187,11.03608,11.36879,11.54193,11.76453
"ENSG00000161217",11.13141,10.98837,11.4477,11.16006,10.93356,10.60623,10.43597,10.88689,10.94983,11.03736,10.70224,10.81648,11.25123,12.0727,11.869,11.97222,11.8806,11.69098,11.81651,11.77307,11.96101
"ENSG00000161265",11.11729,10.77271,11.41701,11.49828,11.37672,11.62665,11.61654,11.54896,11.64757,11.33558,11.65133,11.73913,11.45541,11.84275,11.55069,11.68561,11.97775,11.7421,11.30256,11.24091,11.32708
"ENSG00000161526",13.09233,12.80256,13.16781,13.02617,12.84529,13.2426,13.4809,12.69476,12.82059,13.49084,12.89241,12.83768,13.07265,13.15491,13.19194,13.42116,13.25482,13.31097,13.2965,13.31473,13.32427
"ENSG00000161547",11.31174,11.52746,11.45072,12.07453,11.59274,11.57549,11.5915,12.3963,10.35033,10.8245,12.35611,11.56496,11.84195,12.30823,12.14509,12.27189,12.3737,12.2608,10.87619,10.98538,10.64475
"ENSG00000161551",10.29104,10.17392,10.63184,10.44761,10.92877,10.61144,10.33393,10.70966,11.16723,10.98696,11.15097,10.73325,11.03551,11.35188,11.20598,11.16972,10.81761,10.74131,11.16201,11.18285,11.2755
"ENSG00000161654",12.18355,12.04905,11.7256,11.96405,11.77281,11.97016,12.25719,12.15894,12.27164,11.94836,12.10114,12.17864,12.138,11.91888,12.01779,11.99389,11.89929,11.77093,11.87818,12.12535,11.86654
"ENSG00000161956",11.26626,11.31487,11.03351,10.74886,10.76467,10.6063,12.20815,11.41139,11.94409,11.34199,11.40907,11.81823,10.63092,9.922911,10.14568,9.874875,9.952868,9.849895,9.7781,9.663551,9.687515
"ENSG00000161960",13.34911,13.33065,13.36536,13.01925,12.99771,12.65106,12.84614,13.29723,13.28292,13.15054,13.15115,13.37703,12.83536,13.70145,12.78391,12.89052,13.61788,13.27709,11.93058,11.87707,12.69006
"ENSG00000161970",12.22023,12.1182,11.80594,12.083,12.00924,11.48314,12.28851,12.15364,12.00072,11.39741,12.13456,12.02668,11.20332,10.62426,11.03287,10.90166,11.0968,11.05425,10.79806,10.68282,10.85472
"ENSG00000162174",10.46351,10.30087,11.05676,10.59571,10.96411,10.15016,11.08798,11.36374,10.4725,10.95974,10.54078,10.53284,11.07475,11.2805,11.22184,11.20321,11.4459,11.15512,11.21387,11.20542,10.92136
"ENSG00000162191",10.26606,9.742891,10.29329,10.3905,10.75253,10.60191,10.69181,10.2474,10.08676,10.76476,10.0751,9.49183,10.74895,10.64606,11.05331,11.13444,10.84527,10.23248,10.7287,10.78154,10.9122
"ENSG00000162194",14.30976,14.10673,14.47213,14.30049,14.17264,14.57273,14.5307,14.31571,14.3572,14.53673,14.28634,14.36684,13.6117,13.14504,13.71499,14.05913,13.59035,13.67777,13.51523,13.77783,13.01006
"ENSG00000162222",10.6714,10.14628,10.46605,10.46037,10.19683,10.06856,10.22647,10.512,10.77669,10.36506,10.63375,10.63213,9.773832,9.48983,9.603601,9.772542,9.325436,9.332645,9.32354,9.533922,9.590895
"ENSG00000162231",11.3858,11.40861,11.53934,11.34803,11.93134,11.80322,11.90038,11.93666,11.99242,11.99082,11.90279,12.12916,11.87244,12.0411,11.90705,12.08053,12.14408,11.88466,11.79458,11.65182,11.60295
"ENSG00000162244",12.29006,12.5213,12.4769,12.70703,12.12574,12.34203,12.64896,12.76399,12.70166,12.39862,12.50865,12.64943,12.32458,11.96937,12.38135,12.16484,12.22415,11.97979,11.86516,11.90608,11.84448
"ENSG00000162298",12.08618,12.28573,12.12535,12.19416,11.99489,12.01831,12.44961,12.65196,12.78522,12.26019,12.89116,12.95977,11.62508,11.90665,11.97067,11.77279,11.67685,11.48994,11.63848,11.47599,11.58559
"ENSG00000162300",10.53812,9.823314,10.4799,10.57768,10.63314,10.47325,10.34681,10.14619,10.67147,10.60505,10.91343,10.15401,8.949673,8.814988,9.193497,9.802732,9.443688,9.374637,9.072703,9.101839,9.190075
"ENSG00000162367",11.74121,11.22548,11.63514,11.0302,11.23301,11.84967,12.00721,11.81993,12.6685,11.81422,12.05385,12.00282,11.46272,11.20485,10.59614,10.57101,10.34757,10.42673,11.14962,11.57623,10.92799
"ENSG00000162385",12.65551,12.67619,12.4656,12.5428,12.72615,12.8166,12.97042,12.69026,12.58411,12.98098,12.82465,12.80976,12.59985,12.61161,12.87813,13.02638,13.32478,12.94208,12.48084,12.55766,12.62675
"ENSG00000162402",10.77645,10.5462,10.78734,10.75612,10.77776,10.77318,11.11611,10.83065,9.992727,10.53039,9.764847,9.838095,11.72263,12.30187,12.04703,11.97432,12.04679,11.82763,12.24161,12.16103,12.35951
"ENSG00000162434",14.57781,14.31613,14.71599,14.77755,14.9258,14.77654,14.25311,14.35926,14.59106,14.84777,14.47328,14.37872,15.17502,15.5587,15.65522,15.54476,15.23774,15.4836,15.81175,15.72744,15.57663
"ENSG00000162437",12.11762,12.13923,11.90113,11.32229,11.73087,12.06769,11.18371,11.52932,11.68185,11.63735,11.67883,11.09843,11.20107,10.79046,11.29997,11.40566,12.58152,12.44535,11.71006,11.68475,12.02038
"ENSG00000162441",10.44641,10.20366,10.11182,9.537242,10.09312,9.729313,10.16323,9.7367,9.689943,10.29883,9.392689,9.805731,9.4471,9.276996,9.768294,9.707449,9.668695,9.292986,9.954803,9.694103,9.352064
"ENSG00000162511",15.25342,15.50408,15.0267,15.1423,15.31097,15.53579,14.79303,14.84594,14.94966,15.14596,15.34436,15.35507,15.58631,16.01617,15.23455,15.1838,15.34205,15.1532,15.28397,15.3584,14.97207
"ENSG00000162601",10.99318,10.40677,11.22453,10.89685,11.03549,10.91846,10.77547,10.46441,10.47433,11.00268,10.22131,10.52124,11.70483,11.58064,11.47136,11.6192,11.28775,11.5493,12.00632,11.73055,11.78164
"ENSG00000162645",11.3649,10.76774,11.62774,11.28874,11.85572,11.94628,11.83373,11.60311,10.55643,11.59634,10.83484,9.100765,10.96821,11.10257,11.78622,11.71972,12.19653,12.54419,11.80196,11.62774,11.71203
"ENSG00000162702",9.882067,9.962696,10.11232,10.11427,10.2711,9.940346,10.1854,10.23599,10.024,10.534,10.07887,10.11491,9.245754,9.486781,9.625625,9.785254,9.960855,9.598121,9.949086,9.661249,9.469804
"ENSG00000162704",15.012,14.97264,15.21766,15.01012,15.14381,14.93948,14.59586,14.72756,14.52869,14.41257,14.88002,14.46034,14.22298,14.33535,15.11787,15.02758,14.9037,14.70928,14.57305,14.63832,14.44067
"ENSG00000162711",14.11696,13.52478,14.33072,14.05793,14.33315,14.45546,14.08716,13.80677,14.2399,14.5501,13.99586,13.49255,14.52252,14.62531,14.66686,14.86522,14.56175,14.72863,14.55433,14.67825,14.59496
"ENSG00000162736",11.9451,12.24073,12.56067,12.4081,12.46013,12.21284,12.22334,12.68007,12.68394,12.44385,12.78415,12.45475,11.97485,12.46988,12.21733,12.32857,12.42917,11.98931,12.12082,12.00793,12.24104
"ENSG00000162739",9.469316,9.489368,10.95464,11.43765,11.42799,11.32374,9.705461,10.33338,9.135299,9.672052,10.50539,9.131617,9.410255,10.30709,9.500117,9.434731,9.402515,9.724009,11.51781,11.64071,10.69146
"ENSG00000162819",14.26495,14.19985,14.37175,14.16106,14.45452,14.49924,13.74204,14.01525,13.75229,14.34257,13.71494,13.4425,14.66103,14.76643,14.56986,14.61586,14.41984,14.38105,14.67573,14.83991,14.59966
"ENSG00000162825",12.21671,11.56518,12.51063,12.5976,12.05863,12.2184,11.95818,12.12544,11.74707,12.33932,11.4846,11.41328,13.39839,13.38983,13.57808,13.57057,13.31034,13.38506,13.33873,13.26363,13.30843
"ENSG00000162889",11.2171,11.21277,11.53424,11.49236,11.28519,11.41683,11.17164,11.60865,11.47595,11.40564,11.21957,11.77272,10.49038,10.6303,11.03855,10.99106,11.03528,10.68065,10.61697,10.5401,10.62219
"ENSG00000162923",10.07114,9.548554,10.17335,10.16398,10.24374,9.999838,9.415112,10.4893,10.29727,10.07688,10.23497,10.42233,10.42439,11.30129,11.09628,10.88045,11.25286,11.04167,10.99982,10.85433,10.96186
"ENSG00000162924",12.0822,12.35622,12.66244,12.73803,12.59826,12.66342,12.98894,12.41932,12.09228,12.3143,12.09266,12.16598,12.13635,12.38389,12.1888,12.06741,12.52174,12.49508,12.31401,12.25155,12.23924
"ENSG00000162929",9.719737,9.383263,10.24581,9.854848,10.12788,10.36548,9.937998,10.18758,10.17678,10.31602,9.859341,8.254539,10.0588,10.20601,10.63473,10.59616,9.995207,9.401843,10.32227,10.34954,10.30313
"ENSG00000162961",13.28373,13.16443,12.90994,12.97391,12.85904,12.84368,12.7354,12.71826,12.85088,13.0583,12.60431,12.83432,13.02146,12.66861,12.95816,13.04398,12.75776,12.72809,13.24254,13.03743,12.77766
"ENSG00000162980",13.89552,13.13066,13.45461,13.28573,14.05636,13.87673,12.5956,12.62986,13.02117,13.74047,12.12613,11.78683,13.26402,12.83028,12.77432,12.76944,13.53358,13.53945,14.48169,14.56656,14.19186
"ENSG00000163041",16.8663,16.94374,16.94723,16.7912,16.84211,16.79197,17.06094,17.01734,16.85179,16.75321,16.89361,16.82483,16.77142,16.75961,16.88996,16.8521,16.91851,16.81138,16.8455,16.84226,16.71136
"ENSG00000163106",13.20467,11.59282,12.14125,11.78218,13.02676,13.23835,11.41946,11.80443,10.91927,11.19853,12.97595,13.49781,11.54045,11.67947,11.41607,11.42027,11.26566,11.42807,11.44845,11.72645,12.40036
"ENSG00000163110",15.3205,14.86785,15.26001,15.25258,14.85007,15.18694,14.94862,14.99016,14.95632,14.98417,15.121,14.9283,15.00181,15.0971,15.33747,15.37705,14.93478,15.27401,15.49101,15.43463,15.22816
"ENSG00000163125",11.60364,11.40117,11.94437,11.9284,11.89983,11.89707,11.30985,11.32425,11.3983,11.8071,11.26048,11.23949,11.51894,11.80166,11.91594,11.95928,11.84105,11.81774,12.00994,11.87603,12.02469
"ENSG00000163131",12.99754,14.64124,12.46967,12.29636,10.54411,9.384117,14.01496,13.79685,12.2156,10.33258,11.06069,9.706131,10.97067,8.677865,12.34979,9.769362,11.05215,10.76757,13.71478,9.029151,8.880695
"ENSG00000163156",13.16906,13.22716,13.50676,13.18646,13.42808,13.39284,13.40407,13.29746,13.34502,13.5111,13.20052,13.03373,12.58533,12.49673,12.78465,12.95512,12.87601,12.65376,12.70635,12.7697,12.51949
"ENSG00000163162",10.63232,10.60987,11.14608,10.76122,10.88036,10.61155,10.56211,10.8796,10.29636,10.72562,10.24915,10.04063,10.9531,12.19778,11.61302,11.49165,11.6037,11.14163,11.84627,11.81691,11.14152
"ENSG00000163191",15.54622,15.27322,15.7084,15.43854,15.48868,15.50635,16.1072,15.79393,15.94073,15.37751,16.13641,15.75282,14.7474,14.57547,14.61197,14.51365,14.80949,14.33187,14.42069,14.50207,14.10523
"ENSG00000163219",10.54293,10.5296,10.77333,10.75409,10.30651,10.47735,10.33556,10.66911,10.99784,10.75109,10.6786,10.50045,11.52432,11.41489,12.0465,11.86007,11.58509,11.50069,12.0271,11.97144,11.83799
"ENSG00000163220",15.61419,16.60594,14.60149,14.76427,15.1506,13.0309,15.4989,15.45997,15.63599,13.0636,15.62882,15.78431,12.71347,8.325538,13.00813,10.92102,13.51013,12.80298,11.40225,8.691095,7.915016
"ENSG00000163221",11.77561,13.77701,13.62345,12.75011,13.16914,9.013474,14.90765,14.90357,15.20678,6.992298,13.81863,10.60509,7.803717,5.015067,11.05456,7.169981,11.27605,10.78265,10.98096,6.415855,5.697992
"ENSG00000163257",11.62813,11.47715,11.40367,11.19636,11.57621,11.70479,10.93956,11.1637,11.09989,11.57149,11.30507,11.44357,12.13157,12.38226,11.99523,12.0031,11.92129,11.94098,11.88253,11.94318,12.25695
"ENSG00000163297",11.9888,12.10972,12.42715,12.07596,12.0206,12.01256,10.89698,11.09525,11.23437,12.1131,10.43692,11.24026,12.9288,12.98749,12.58966,12.60902,12.4375,12.48893,12.89801,12.75131,13.34144
"ENSG00000163319",13.0898,13.30298,13.13522,12.98387,13.01898,12.83077,13.23069,13.04774,13.48076,12.92453,13.08483,13.20101,12.33851,12.04535,12.41511,12.63777,12.28739,12.4614,12.27609,12.3611,12.26658
"ENSG00000163320",14.5572,14.29374,14.52791,14.46806,14.77412,15.11723,14.28487,14.32333,14.21064,14.68955,14.17382,14.03369,14.42405,14.48709,14.78373,14.81611,14.68336,14.59214,14.57036,14.53787,14.96439
"ENSG00000163348",10.17223,10.33447,10.14401,10.78356,10.02794,10.26155,10.82154,10.77703,11.43263,10.1241,11.37597,11.52843,10.18703,9.82515,9.813869,9.796346,9.497424,9.743826,9.993954,9.887881,9.475255
"ENSG00000163349",14.78085,15.33908,15.43806,15.14924,15.47729,15.33507,14.77306,14.47237,14.77398,15.12592,14.67155,14.59213,15.11303,15.28399,15.27882,15.07024,14.79058,15.00224,15.33888,15.37255,15.48666
"ENSG00000163374",13.42116,13.21782,13.67073,13.6756,13.53755,13.59159,13.53932,13.41167,13.37441,13.71075,13.04092,13.03069,14.02309,14.1116,14.10861,14.10707,13.86657,13.95435,14.18508,14.10871,14.12382
"ENSG00000163393",11.57197,11.6103,10.94918,10.47626,11.11544,10.57198,11.02986,11.05927,11.29741,11.21049,10.69241,11.95838,12.02015,11.25159,11.02996,10.54846,11.15733,11.13728,10.71048,10.26329,10.40531
"ENSG00000163399",12.24486,12.12646,11.99986,12.16046,11.95866,12.27321,12.26404,12.34,12.73578,11.96601,12.73312,12.62492,12.07047,11.8445,11.56897,11.47893,11.55295,11.39076,11.5232,11.50593,11.41979
"ENSG00000163412",8.18157,8.492622,8.912476,8.883079,11.50907,11.16463,11.14104,11.65663,9.335604,9.530258,9.889922,9.848793,10.69166,10.23782,9.290548,8.918381,9.666174,9.275934,10.94676,10.87258,11.57332
"ENSG00000163421",8.264982,9.530491,8.85395,8.169881,12.43888,12.09425,14.41516,13.82054,8.356724,8.151255,8.36841,8.016377,10.98175,11.54206,7.584756,6.79037,7.852068,9.488505,10.89517,11.12859,10.57272
"ENSG00000163444",10.9411,11.36756,11.38218,11.16918,10.91486,10.94539,11.10567,11.10792,11.6551,11.47351,11.42493,11.35009,10.45399,10.52235,10.78032,10.75073,10.8343,10.54992,10.52854,10.41537,10.55419
"ENSG00000163463",15.50025,15.29429,15.32927,15.05814,15.31671,15.45714,15.50211,15.41755,15.50703,15.51892,15.54809,15.44555,14.83306,14.38128,14.5784,14.78683,14.79309,14.83359,14.62896,14.64292,14.59288
"ENSG00000163466",15.07707,15.2754,15.64165,15.37903,15.43121,15.28448,15.3804,15.16958,15.13691,15.29973,15.14641,15.17129,15.2861,15.40603,15.30778,15.32288,15.70012,15.3949,15.358,15.37068,15.21987
"ENSG00000163512",10.99725,10.92142,11.15183,10.69261,11.05324,10.39916,10.75893,10.78632,10.77724,10.79499,10.51062,10.19669,10.64911,10.97838,10.71941,10.67336,10.83996,11.20739,10.99735,11.01442,10.65337
"ENSG00000163516",9.917788,9.383289,9.682448,10.18957,10.0093,9.723227,10.12613,9.99312,10.41958,9.949966,10.21355,10.14809,10.9142,11.17433,11.10423,10.91331,10.70407,10.37244,11.24961,10.92023,11.16859
"ENSG00000163519",11.40822,11.13785,12.54299,12.18581,12.34799,12.42004,11.81951,12.29094,11.94934,12.13444,13.02199,11.702,11.94978,13.44504,12.94795,12.91638,13.67708,13.4834,13.47738,13.51081,13.60505
"ENSG00000163563",12.86465,13.8862,12.77662,12.83978,13.2035,12.52112,13.35053,13.59462,12.62086,12.11389,13.46816,12.57507,13.41289,13.87059,13.68094,13.58951,13.61063,13.66234,13.80778,13.52759,11.55468
"ENSG00000163565",11.74336,12.2157,10.74284,12.60705,12.82921,13.05411,11.88233,11.75467,10.75985,9.842234,11.08753,11.53182,11.10406,10.62198,10.61727,10.1556,11.0021,12.02912,9.646564,8.451503,11.82169
"ENSG00000163584",10.09487,10.32734,9.966263,9.836989,9.898175,9.696965,10.54975,10.18854,9.908272,10.06401,10.20223,10.64128,9.906988,10.08319,9.740886,10.17715,10.0764,9.855018,9.100609,9.000166,8.944513
"ENSG00000163602",11.98018,11.61444,12.28281,12.06592,12.21783,12.17368,12.58661,12.22696,12.07333,12.27399,12.1153,12.13599,11.5695,11.46912,11.89671,11.70241,11.50513,11.52081,11.51085,11.4094,11.54598
"ENSG00000163606",13.45953,13.04479,14.06966,13.74668,14.03903,13.8852,13.2629,12.96125,13.00059,13.94522,12.18768,12.4975,14.19074,15.07428,14.37625,14.49468,15.35942,14.80744,14.57688,14.513,14.70092
"ENSG00000163634",10.95494,11.03349,10.79988,10.6497,10.94385,11.26691,11.67772,10.92216,10.5427,11.16763,11.26134,10.78894,11.00389,10.868,11.38155,11.10393,11.34897,11.01688,11.16058,11.08115,11.29142
"ENSG00000163635",15.07393,14.80006,15.22423,14.95553,15.2934,15.26229,15.40899,15.07019,14.99101,15.12691,14.93836,14.93927,15.40012,15.86466,15.49844,15.57694,15.59431,15.58515,15.83399,15.73791,15.8394
"ENSG00000163636",11.42743,11.54497,11.43073,11.3307,11.39549,11.60025,11.62229,11.44652,11.25199,11.62249,11.09017,10.90471,11.59218,11.66997,11.67784,11.84956,11.61952,11.65727,11.80843,11.89058,11.68114
"ENSG00000163655",10.77201,10.86298,10.2664,10.32792,10.60165,10.55331,10.70681,10.38512,10.65061,10.25463,10.3791,10.71838,11.13413,10.774,10.99364,11.02777,11.09616,10.79342,10.59961,10.77279,10.90812
"ENSG00000163660",11.35586,11.58325,11.89114,11.63697,11.74036,11.90092,11.40142,10.96916,10.72242,11.82912,10.76457,10.25014,12.36133,12.53153,12.26562,12.39182,12.28158,12.48763,12.28443,12.47836,12.27271
"ENSG00000163682",14.84338,15.14007,15.25903,15.19985,14.75831,14.65373,14.77761,15.02236,15.00468,14.98016,15.03809,14.99972,15.80383,15.43623,15.64367,15.57162,15.67164,15.56869,15.30835,15.21365,15.34581
"ENSG00000163714",9.660755,9.468849,9.474682,9.690413,9.86429,9.848504,10.69833,9.74465,9.205741,9.836799,9.80689,9.629574,11.40607,11.73924,11.38976,11.23801,11.38432,11.35313,11.35746,11.23896,11.45851
"ENSG00000163719",14.2791,14.73204,14.55613,14.45732,14.4619,14.43126,13.59189,14.04535,14.16996,14.52529,14.30885,14.37294,14.51301,14.67239,14.86227,14.72173,14.32618,14.33745,14.68807,14.60758,14.49796
"ENSG00000163728",10.79937,10.51466,10.65124,10.68766,10.36695,10.34151,10.18191,10.85064,11.01616,9.945508,10.83225,11.35992,11.83252,11.63344,11.42438,11.68077,11.77703,11.30375,11.74675,11.3402,11.67591
"ENSG00000163743",10.29723,10.33435,10.55408,10.55845,10.62293,10.77664,10.33232,10.15044,9.553978,10.65818,9.65008,9.073817,10.36599,10.82019,10.96834,11.05461,10.81274,10.66628,10.81909,11.0168,10.31212
"ENSG00000163755",12.76221,12.90806,13.05675,13.05347,12.86694,12.73202,12.28656,12.38218,12.69755,12.9301,12.5753,12.48464,13.0513,12.97824,12.90569,12.85957,12.88163,13.09478,13.14617,13.1212,13.11896
"ENSG00000163785",10.30331,10.81533,10.84103,10.68166,10.95017,11.5025,10.25367,10.76404,11.10008,11.13598,10.97255,10.90115,11.45709,11.41231,11.57016,11.551,11.34059,11.41718,11.09604,11.17997,11.76015
"ENSG00000163788",10.37669,9.949244,10.56988,10.40114,10.67688,10.43011,10.47461,10.41569,9.760082,10.51292,10.24732,10.19742,10.70743,11.27007,11.12526,11.15505,11.21346,10.86751,11.15799,11.03001,11.12258
"ENSG00000163812",14.24671,14.36701,14.2804,13.93881,14.42177,14.29848,14.30057,14.25681,14.3649,14.01114,14.35403,14.23528,13.99499,13.65378,14.03653,13.81465,13.9264,13.78237,13.67939,13.77401,14.13645
"ENSG00000163840",10.713,10.62728,10.99083,10.79514,11.20744,11.14055,10.17075,10.62543,10.59927,10.46034,10.83936,10.27904,11.33614,10.97679,11.34251,11.46099,11.49471,12.61691,11.32591,11.40854,12.03921
"ENSG00000163848",10.995,10.60802,10.97641,11.18438,11.5188,11.36806,10.86376,10.17967,10.29568,11.45572,10.12284,9.574561,12.15462,12.30091,12.12631,11.95529,11.98348,12.11469,12.40154,12.30728,12.71447
"ENSG00000163866",11.94765,12.00283,11.85037,11.78277,12.2806,12.49666,11.83572,12.29706,12.0635,12.2087,12.21504,12.54873,12.3839,12.54394,12.2927,12.48033,12.50682,12.31154,12.26069,12.22909,12.61354
"ENSG00000163875",11.23253,10.84622,10.96422,10.75979,10.87509,11.03535,11.44592,11.02955,11.1946,10.97744,11.04895,11.09243,10.73798,11.00188,10.81522,10.62097,10.7885,10.49288,10.72253,10.77675,10.82778
"ENSG00000163902",13.82235,13.74548,13.21434,13.29189,13.3387,13.448,13.74645,13.9283,14.01133,13.17734,14.19442,14.20291,13.42079,13.38798,13.48346,13.3463,13.46804,13.31241,13.24322,12.97055,13.30772
"ENSG00000163932",12.20357,12.6522,12.99157,12.9963,13.20398,12.72215,11.98445,12.61249,12.98458,12.84712,13.05824,12.98494,13.13403,13.24827,13.01045,12.87709,12.8535,12.77094,13.25526,12.9934,13.14176
"ENSG00000163933",9.799643,9.420087,10.77427,10.51836,10.18812,10.36256,10.61736,10.22113,10.02849,9.981326,10.53497,10.29586,11.34343,11.45498,11.0969,11.10921,11.4052,11.323,11.09621,11.15921,10.94051
"ENSG00000163956",10.13063,10.77477,10.51303,10.1304,10.37173,9.508842,10.75229,10.81478,10.51874,10.6068,10.29206,10.96491,10.94223,11.26817,11.01644,11.01894,10.88972,10.89146,10.66588,10.84098,11.10602
"ENSG00000163960",10.08253,9.805427,10.28405,10.52564,10.12958,10.18769,9.931721,10.44841,10.63118,10.10583,10.63705,10.86158,9.844086,10.70313,10.40379,10.31379,10.43443,10.26646,10.59432,10.34312,10.35962
"ENSG00000163961",12.38058,11.90611,12.47156,12.38617,12.13801,12.174,12.53336,12.43979,12.02891,12.35732,11.93043,11.80797,12.8474,13.1226,13.07594,13.24443,12.75583,12.70359,12.97054,12.97803,13.24326
"ENSG00000163964",10.8027,10.97374,11.5859,11.33596,10.92371,11.12142,11.10054,11.55926,10.88591,11.96829,10.43728,10.62461,11.66341,11.29001,11.42556,11.56269,10.11187,9.890066,12.25804,12.37942,11.97878
"ENSG00000163993",15.07887,15.51297,15.39011,14.97779,15.43077,14.85372,15.44017,15.04159,13.59714,11.94901,15.29333,15.50617,12.68444,15.00194,15.42697,15.16333,15.48528,14.93382,14.66808,14.58378,9.459231
"ENSG00000164032",14.34875,14.96707,13.97502,13.94695,14.11024,13.55367,14.02332,13.99408,13.66693,13.5799,13.66547,13.77797,14.01122,12.96663,13.76397,13.74357,13.68027,13.68103,13.76995,13.7514,13.26137
"ENSG00000164047",15.40995,16.59641,15.92276,15.92307,15.95878,13.10736,15.88387,15.94577,16.50445,12.32302,15.79936,16.08722,11.39942,8.935253,13.12682,9.213928,15.08427,14.16488,11.27912,7.441908,7.888107
"ENSG00000164054",15.89293,15.67392,16.14761,15.87818,15.97945,15.95806,15.85211,15.79674,16.07797,15.91028,16.03564,15.67997,14.91824,14.89052,14.91619,14.78608,14.96007,15.53444,14.83465,14.69069,15.30544
"ENSG00000164073",10.75475,10.52086,10.44201,10.45136,10.88816,10.79142,10.90722,10.00555,9.922133,10.12667,10.49385,9.957683,11.32588,11.34257,10.69916,10.92462,10.82004,10.92335,11.02192,11.15086,11.39266
"ENSG00000164088",9.887644,10.21897,9.712387,9.765367,10.4506,9.551989,9.602959,10.02083,11.00415,9.640418,10.0336,10.63666,9.907982,9.467615,10.15396,9.773368,9.488921,8.906029,9.797462,9.09819,9.466415
"ENSG00000164091",10.29824,9.774306,10.07643,10.16424,10.2039,10.4782,9.019784,10.04914,9.975503,9.967257,10.6443,10.36098,10.88146,11.02359,11.01937,10.93633,10.76855,10.96097,11.10199,10.86801,11.08349
"ENSG00000164104",14.14207,14.22583,14.13999,13.7962,14.30285,13.95026,13.84894,13.80401,13.76601,13.84518,13.40108,13.28562,13.15475,13.03241,13.51772,13.52878,13.92359,13.58845,13.6504,13.7283,12.97517
"ENSG00000164105",10.79782,10.44028,10.6139,10.22004,10.25154,10.42052,10.34353,10.45285,11.04943,10.60223,10.68254,10.48655,10.33414,10.39537,10.65559,10.75473,11.16485,10.86746,10.65559,11.17089,9.656764
"ENSG00000164111",9.242398,10.1566,8.913149,8.7718,10.44222,10.82288,7.642674,7.732037,7.889542,8.58922,7.587358,7.836404,10.93335,10.89446,11.00827,11.01327,10.77372,10.76181,10.3687,10.20667,10.60824
"ENSG00000164117",11.17498,10.83873,10.80689,10.73142,11.10281,11.16096,10.21964,10.79574,10.85734,10.85846,10.70424,11.22831,11.59976,11.28383,11.66022,11.77744,11.35329,11.57608,11.86803,11.5714,11.43771
"ENSG00000164167",12.47182,12.87241,11.5683,11.71928,11.87599,11.24691,11.5597,11.87235,11.29989,11.18727,11.32299,11.75558,10.83743,10.03262,10.38037,10.31475,10.19018,10.36099,10.33921,10.2792,10.43407
"ENSG00000164168",11.89563,11.72349,12.07135,12.03199,11.79841,12.35162,11.32378,11.07399,11.38649,12.14928,10.96562,11.05595,11.98741,11.53051,11.82439,12.0461,11.42309,11.66743,11.99902,11.85707,11.76946
"ENSG00000164187",10.09399,9.323025,9.287556,9.172344,10.67394,10.2821,9.614572,9.837094,9.210817,10.10672,9.964785,9.596974,10.66492,11.10075,10.09404,10.07714,10.01052,10.13033,10.46279,10.47924,10.99562
"ENSG00000164244",12.21656,12.16226,11.82605,11.2094,12.1679,12.48497,12.34238,11.97549,11.8537,11.96781,12.14336,11.98956,11.95265,11.82143,11.95614,12.03447,11.42456,11.58101,11.55637,11.46139,11.76839
"ENSG00000164265",15.52597,14.88026,15.68583,15.6485,15.00778,15.41068,15.13069,14.98354,15.89084,15.9462,15.89913,16.25325,15.58477,16.01348,15.23368,15.2726,16.06409,16.26534,15.50549,15.66167,8.760752
"ENSG00000164305",14.48781,14.26113,14.79139,14.6119,14.78791,15.03782,13.49,14.65461,14.29543,14.43945,14.38037,13.75477,14.90385,14.80517,15.26683,15.30043,15.43899,15.67665,15.16663,15.135,15.40609
"ENSG00000164307",13.00648,12.83041,11.95718,12.25983,12.11483,12.50394,11.91684,12.37974,11.9204,12.50494,12.00208,11.82771,12.63975,12.7485,12.63909,12.50813,11.89626,11.89958,12.65616,12.51185,13.03844
"ENSG00000164327",11.97586,11.88668,12.45677,12.01592,12.35584,12.49805,11.63371,11.80776,10.96899,12.31593,10.8261,10.53201,12.92142,13.45536,13.39204,13.20165,13.12679,13.20434,13.46656,13.77113,13.5393
"ENSG00000164329",11.53003,11.40082,11.54171,11.59451,11.69528,11.58873,11.00612,11.33151,11.56636,11.3758,11.08782,11.12412,11.61446,11.94838,12.08216,12.20819,12.01672,11.76085,11.64015,11.97613,12.03624
"ENSG00000164332",13.70932,13.09705,13.54842,13.27666,13.33787,13.13136,13.69275,13.44443,13.38085,13.08941,13.29391,13.12562,12.82471,12.76721,12.80618,12.91475,12.8526,12.83875,12.79784,12.81691,12.78214
"ENSG00000164346",10.67572,10.87018,10.19619,10.08015,10.57402,10.20655,10.56565,10.50629,10.88601,10.92418,10.62594,10.31928,11.03569,10.61719,11.09513,11.19751,11.66582,11.25275,11.00916,10.64173,11.27561
"ENSG00000164347",10.53788,10.13648,10.63204,10.3893,10.72065,10.54887,10.25351,10.25639,10.26182,10.4575,10.28038,10.36117,11.00732,10.69831,10.73717,10.87105,10.81736,10.51375,10.64818,10.71135,10.82414
"ENSG00000164405",15.08783,15.21559,14.97246,14.84882,14.73821,14.92395,15.39125,15.18093,15.35766,14.9976,15.1496,15.2516,14.42308,14.23469,14.24405,14.52358,14.49185,14.29225,14.52675,14.3534,13.77622
"ENSG00000164442",12.32364,12.37529,11.40212,11.48182,11.51952,10.93388,12.79646,12.47963,12.34255,11.81277,12.69949,12.81585,10.38985,10.96164,10.59916,10.26238,10.38032,10.29936,9.896931,9.678125,9.137621
"ENSG00000164466",11.64299,11.64879,12.3674,12.4449,11.65393,11.6683,11.14278,12.09458,10.84456,12.06764,11.20346,11.01269,11.08954,12.19385,12.38235,11.80266,11.902,11.41241,11.99327,12.30813,12.07577
"ENSG00000164512",9.164314,9.139308,11.28893,11.13818,9.885472,9.604813,9.878499,9.756141,10.87409,10.5194,10.05468,8.929697,9.164286,9.071537,11.28281,10.59478,10.2929,9.980303,11.09286,10.86862,8.732744
"ENSG00000164543",11.46733,11.06242,11.55637,11.54104,11.55817,11.79228,10.7081,10.98029,10.59456,11.61019,10.65132,10.38588,11.49411,11.45605,11.53458,11.11067,11.25481,11.49433,11.50663,11.54636,11.68179
"ENSG00000164574",11.23325,11.12442,11.43632,11.19053,11.76527,11.68215,11.76215,11.84493,11.63407,11.13964,11.62141,11.97329,11.99591,11.95624,11.5326,11.67781,11.46367,11.59206,11.53848,11.534,11.47666
"ENSG00000164576",10.52599,10.25411,10.62601,10.41966,10.25781,10.47169,10.6988,10.62667,10.34877,10.54578,10.21231,10.16969,9.967024,9.875952,10.46645,10.45785,10.42428,9.983898,10.26729,10.48319,9.785606
"ENSG00000164587",16.44012,16.51398,16.10255,16.2245,16.26385,16.10914,16.43796,16.34765,16.32974,16.12052,16.4302,16.44047,16.413,15.82491,16.15299,16.16664,16.25588,15.8808,16.03757,15.89302,15.96164
"ENSG00000164597",10.91865,10.15127,10.66257,11.0526,10.21411,9.719035,9.963675,9.908587,9.653443,10.68585,9.746126,10.57003,11.71457,12.31578,11.45621,11.07837,11.50061,11.57111,11.74261,11.63364,11.52502
"ENSG00000164609",11.96546,11.78499,12.0766,11.88395,12.09862,12.15443,12.3399,12.35209,11.9726,12.21415,11.97062,11.84458,12.18685,12.0867,12.32623,12.29499,12.50329,12.31419,12.14106,11.88807,12.69801
"ENSG00000164615",14.37488,13.84858,14.20727,13.60993,14.55186,14.31118,14.35552,14.1772,14.01174,14.24513,13.83739,14.09359,13.74449,13.55257,13.34842,13.42437,13.22226,13.3703,13.19264,13.43902,13.73188
"ENSG00000164649",11.28918,12.42954,8.528385,9.999638,10.04298,8.285012,10.36728,10.60345,9.007701,8.753473,9.379045,10.66842,10.80366,7.025899,10.08003,8.736526,9.806308,9.061997,8.1245,7.740435,7.52541
"ENSG00000164674",14.30144,13.62106,13.80856,13.55853,14.1564,13.98276,13.73477,13.69994,13.80139,14.27245,13.56561,13.73303,14.02705,14.8296,13.99522,14.09208,14.15281,13.90993,14.20119,14.10019,14.48181
"ENSG00000164691",13.92432,13.67544,14.07583,13.70217,14.242,14.07292,12.86514,13.3156,13.9231,13.66908,13.84867,13.50196,14.12319,13.76473,14.13299,14.24379,14.18734,14.41317,14.576,14.56822,14.48686
"ENSG00000164715",9.863216,9.002584,10.8448,10.05556,10.53667,9.985113,9.404508,10.32226,9.533347,10.19373,9.920433,10.06495,10.63964,11.5244,10.35019,10.21076,11.17661,10.78008,10.41675,10.49767,10.81334
"ENSG00000164754",10.78325,10.92408,11.30179,11.19298,11.70394,11.47478,11.44495,11.17441,10.73905,11.75539,10.32241,10.55119,11.84685,13.21093,12.07804,12.126,12.8856,12.64009,11.76227,11.75039,11.84436
"ENSG00000164821",16.04404,16.63312,12.96515,13.49739,14.1729,11.64659,15.45971,14.90392,13.81319,12.88068,14.94994,15.64266,15.1694,7.995597,13.60526,12.03658,14.44161,13.91085,11.64189,8.362013,7.920932
"ENSG00000164823",13.2811,12.77307,13.86032,13.47727,13.70066,13.81751,13.76311,13.54061,13.42454,14.2764,12.65591,12.88508,12.7858,13.2041,13.28769,13.41266,13.48165,13.29317,13.30324,13.20943,13.26486
"ENSG00000164830",10.12147,9.520263,9.81238,9.253463,10.04827,9.945149,9.567804,9.809558,9.860376,9.735661,9.72829,9.427505,11.31286,10.82815,10.98075,11.34998,10.99818,10.92598,11.12862,11.30878,11.58481
"ENSG00000164902",10.38925,10.2041,10.57088,9.949682,10.1128,10.61911,10.35485,9.959311,9.80109,10.47955,9.30938,9.630266,10.32108,9.659212,10.24195,10.37829,10.12132,10.21979,10.43268,10.23934,9.6732
"ENSG00000164919",16.03256,15.97552,16.05411,15.9338,16.45801,16.56405,15.66262,15.6647,16.45012,16.32073,16.23806,16.39403,15.94328,15.64153,15.65217,15.60839,15.73866,15.78187,15.80629,15.69606,15.47212
"ENSG00000164924",14.12302,13.92949,14.58819,14.39768,14.1397,14.20009,13.79913,14.12937,14.01203,14.3392,13.37833,13.98656,14.19816,14.72202,14.76047,14.61953,14.67244,14.62039,14.26508,14.36902,14.64779
"ENSG00000164938",14.13825,13.88247,14.99368,14.73979,14.63697,15.28211,14.70807,14.56966,14.44933,14.87803,14.71327,14.32438,14.16027,14.14721,14.70177,14.61642,14.34035,14.39816,14.66921,14.65716,14.58055
"ENSG00000164941",10.90679,10.79601,11.2507,11.31026,11.16296,11.39676,11.12444,11.50235,11.37007,11.24232,11.31555,11.50984,11.72199,11.41603,11.64408,11.70456,11.21709,11.37954,11.57576,11.41418,11.51013
"ENSG00000164944",11.00424,10.81898,11.27915,11.07237,11.31819,11.18319,10.03957,10.75191,10.15957,11.27442,9.310559,9.653788,11.9837,11.58411,11.50545,11.75422,11.58927,11.96584,11.88961,11.62649,11.84844
"ENSG00000164951",11.16897,11.18402,11.48094,11.60973,11.51891,11.18137,11.05416,11.35306,10.61143,11.31818,10.76079,10.50253,11.16552,11.37256,11.35869,11.10923,11.53799,11.28464,11.18846,10.97327,11.45141
"ENSG00000164961",10.7906,10.79814,10.50373,10.79854,11.12009,10.3206,10.06502,9.853251,10.06232,10.91827,9.42713,10.29991,11.64143,11.43464,11.64572,11.48783,11.5926,11.21297,11.49504,11.46824,11.48954
"ENSG00000164975",10.38351,10.22826,10.49962,10.55628,10.30803,9.46874,10.06544,10.59659,10.52241,10.04454,10.35364,10.63741,10.98645,10.21798,10.58744,10.78192,10.42195,10.40566,10.82906,10.80172,10.9429
"ENSG00000165006",9.631484,9.886487,10.14739,10.19553,10.02272,10.08809,10.26912,10.7793,9.814873,10.019,9.855184,10.56643,10.74681,11.03564,10.72354,10.7592,10.80171,10.34178,10.50903,10.76158,10.81168
"ENSG00000165030",15.14895,15.23366,15.81428,15.53747,15.64419,15.68184,15.17398,15.22656,15.21267,15.77298,14.71944,15.07272,15.00439,15.98235,16.20125,16.09173,16.25639,16.20252,15.84468,15.82862,15.57509
"ENSG00000165071",11.46847,11.00457,12.45659,12.53437,11.55645,12.24868,13.03694,12.70848,12.70503,12.55279,12.95396,11.88683,11.58016,12.78122,11.97556,11.75205,12.91253,13.03448,12.5765,12.41671,11.85575
"ENSG00000165102",12.05308,12.21044,11.38885,10.98301,12.24811,11.85673,11.65544,11.90733,12.17292,11.7815,11.40142,11.89118,12.09114,11.66922,11.54191,11.80764,12.14856,12.42664,11.70768,11.76455,12.2281
"ENSG00000165113",10.44578,9.974436,10.59999,10.45994,10.66444,10.31616,11.78272,10.98802,10.92819,10.89247,11.37935,10.51715,9.866098,10.37341,10.69469,10.68699,10.17685,10.35512,10.15243,10.2943,10.00558
"ENSG00000165119",14.30247,14.32628,14.31621,14.23486,14.3445,14.15245,13.83429,13.92651,14.28539,14.36675,14.07406,14.08886,14.72653,14.77892,14.77918,14.81747,14.79176,14.73901,14.78175,14.76456,14.78252
"ENSG00000165168",13.31571,14.76693,12.76705,12.94563,13.25943,11.25766,13.47921,13.10596,13.09311,10.98919,12.39642,12.53376,12.16137,8.507635,12.41676,9.868734,13.50147,12.69074,11.75979,8.959185,8.585509
"ENSG00000165175",10.01637,9.858727,9.887712,9.851903,9.813498,9.727919,10.24676,10.01343,10.46997,9.458196,10.4226,10.53072,10.07489,9.425404,9.614934,9.99229,9.820461,9.875229,9.976231,9.677507,9.892845
"ENSG00000165233",9.563653,9.877276,9.967395,9.833582,10.19414,9.121294,10.07166,10.44464,10.45411,10.04947,10.08197,10.82064,8.101499,9.299927,8.636885,8.398503,8.038689,7.539094,7.80203,7.877957,8.298309
"ENSG00000165280",9.65426,9.56485,10.35999,9.743306,10.30762,9.837499,9.694578,9.940029,9.415778,10.0765,9.466973,9.489017,10.56614,11.18294,10.92261,10.86922,11.10031,10.86829,10.81575,10.86829,10.85544
"ENSG00000165288",12.18811,12.14754,12.81417,12.22903,12.52843,12.45064,12.56497,12.25355,11.7593,12.51122,11.39165,11.56061,12.69888,12.9098,12.91448,12.97564,12.856,12.66175,12.95418,13.19564,12.82092
"ENSG00000165312",10.16582,10.1888,10.06658,10.19778,10.19596,10.15482,10.12926,10.06356,10.08142,10.60117,10.47355,9.395226,8.842294,9.400257,9.712361,9.981387,9.776728,9.735694,9.519514,9.563004,9.519375
"ENSG00000165389",10.04885,10.42354,9.954153,9.624069,10.25375,10.31648,9.714578,10.43394,10.43864,10.27018,9.97354,10.22882,10.62404,10.30521,10.53401,10.65169,10.4311,10.33345,10.47026,10.34577,10.24585
"ENSG00000165417",9.71413,9.549898,10.24016,10.15534,9.822763,9.80182,9.486112,9.905618,10.24477,9.777374,10.05303,9.910049,11.11218,10.89342,11.09313,11.3258,10.71143,10.98372,11.11484,11.34484,11.03169
"ENSG00000165458",10.75799,10.87595,10.90961,10.67763,10.99954,10.62346,10.80727,10.72697,10.89602,10.79088,10.81759,10.94597,11.01287,11.45597,11.50537,11.27107,11.17906,10.84218,11.27512,11.30067,11.46496
"ENSG00000165494",15.28271,14.81052,15.2743,15.42852,15.17765,15.51333,15.00442,15.35574,15.41729,15.49325,15.49117,15.59412,15.50069,15.69596,15.75496,15.98901,15.98111,15.75712,15.24523,15.37791,15.60431
"ENSG00000165502",14.20601,14.32518,14.64415,14.46142,14.55688,14.56917,14.38015,14.41906,14.26052,14.5354,14.17696,13.96133,13.72071,13.60677,13.93892,13.93029,14.07727,13.87705,13.58988,13.69271,13.44906
"ENSG00000165516",11.2506,10.97483,11.47258,11.04107,11.60733,11.71659,10.96325,11.31646,11.02366,11.36505,10.21602,10.63328,11.06859,11.368,11.30689,11.79759,11.10775,10.97028,11.61457,11.56571,11.15299
"ENSG00000165527",14.36378,14.24497,14.18945,14.19787,14.34859,14.39605,14.29071,14.4477,14.27744,14.3958,14.40944,14.55274,13.91092,14.00396,14.13326,14.20165,14.29999,14.0233,13.70879,13.67377,14.0624
"ENSG00000165630",10.66776,10.41271,10.68633,10.6054,10.44796,10.47765,10.13462,10.43643,9.726463,10.58193,9.878275,9.396309,11.28794,11.33883,11.34548,11.36423,11.17277,11.18715,11.34169,11.44709,11.09426
"ENSG00000165637",10.95282,11.51509,11.13647,11.07316,11.11504,10.7925,10.96489,11.22315,11.56355,11.21908,11.31857,11.66046,10.70771,10.71922,10.84998,10.69801,11.09487,10.63083,10.71653,10.55247,10.35857
"ENSG00000165650",11.9261,12.42664,11.1616,11.06506,11.51684,11.16484,11.32255,11.64936,11.26978,11.49254,11.27001,11.79237,12.28793,11.77379,12.36219,12.27989,12.38435,12.09369,11.76524,11.64769,11.71284
"ENSG00000165660",11.61115,11.44125,11.58607,11.38029,11.40411,11.5374,11.03786,11.14691,11.55951,11.71964,11.20666,11.12817,11.57814,11.16889,11.53272,11.5009,11.54468,11.50571,11.43155,11.19196,11.4176
"ENSG00000165671",10.78717,10.64583,11.65757,11.21396,11.16445,11.03048,11.40069,11.14887,11.10729,11.04161,10.89301,10.9622,12.7498,13.00505,12.87129,12.92406,12.59471,12.3405,12.83962,12.9558,12.6094
"ENSG00000165678",12.67324,12.91939,12.96149,12.4777,12.74078,12.83914,12.08569,12.07515,11.92409,12.98303,11.55553,11.93587,12.93873,12.56666,12.7332,12.78488,12.71994,12.72257,12.73112,12.74858,12.64365
"ENSG00000165699",11.32806,10.83382,11.11066,11.36173,11.18397,11.55128,11.00226,10.45424,10.53282,11.44908,9.990661,10.29465,11.80211,11.36999,11.51724,11.60944,11.07553,11.46552,11.60819,11.71502,11.59134
"ENSG00000165702",12.96848,12.41319,13.34879,13.17263,13.08195,13.24406,13.29029,12.96365,13.07012,13.03862,13.56642,13.03656,11.65192,11.06147,11.90253,12.06952,11.43254,11.57988,11.96565,11.79636,12.04034
"ENSG00000165810",10.12055,9.978806,10.42614,10.35135,10.15642,10.40815,10.29967,10.45165,10.48764,10.66756,10.26367,10.17423,12.02335,12.06063,11.96859,11.99037,11.82408,11.93234,11.94161,12.00315,12.13125
"ENSG00000165813",10.60647,10.44394,10.80301,10.74292,10.65917,10.74802,10.38987,10.59074,9.986325,10.90981,9.273188,9.190379,11.5761,11.29648,11.69188,11.57411,11.36045,11.37411,11.73744,11.51145,11.43755
"ENSG00000165914",12.63114,12.90794,12.55081,12.39161,12.42077,12.63634,11.8231,11.71787,12.08428,12.49108,12.46435,12.23423,13.0464,13.02945,12.96977,13.12575,12.97927,12.4493,12.13446,12.41891,12.62689
"ENSG00000165997",12.98041,12.9196,13.82433,13.8414,14.22544,14.12979,13.22292,13.4394,12.59758,13.77701,13.65254,12.94001,13.65511,14.27265,14.16657,13.96474,14.88487,14.07818,13.62869,13.77649,14.0019
"ENSG00000166046",12.24707,11.99955,12.60149,12.01134,12.67733,12.00719,11.63924,11.84496,11.96416,11.99758,12.2183,11.6682,12.79572,13.4005,13.44567,13.46136,13.0476,13.10012,13.84273,13.85109,14.03677
"ENSG00000166128",10.85271,10.5624,11.27469,11.20799,11.38404,10.90312,11.00745,10.95977,10.88164,11.16644,10.63885,10.90077,12.23633,13.02916,12.73766,12.86264,12.9045,12.7135,12.88389,12.75829,12.64719
"ENSG00000166164",11.29976,11.09632,10.90143,11.06853,10.77173,11.29045,11.60426,11.35275,10.66982,11.24293,10.68987,10.69459,11.23409,10.95339,11.32109,11.42384,11.29945,11.20671,11.34981,10.94392,11.19583
"ENSG00000166170",11.26963,11.16106,11.49801,11.43604,11.28936,11.43189,11.96799,11.62862,11.11466,11.72373,11.18653,11.20938,11.40854,11.76874,11.44475,11.62583,11.77429,11.44083,10.83209,11.13679,10.99596
"ENSG00000166197",12.74052,12.80653,12.2607,12.81416,12.25511,12.62657,12.37797,11.98193,12.45344,12.95066,12.22269,12.23076,12.60279,12.09288,11.97181,12.2195,12.31146,12.05329,12.10692,12.05478,11.82937
"ENSG00000166225",10.74342,10.28545,10.51731,10.59061,11.02122,10.99374,10.09559,10.83005,10.1698,10.57001,10.68562,10.20752,11.35352,11.51569,11.25787,11.08463,11.2812,11.50179,11.50777,11.29755,11.5419
"ENSG00000166233",13.26138,13.46099,13.85951,13.61707,13.51538,13.63071,13.20818,13.23969,12.72546,13.83447,12.8127,12.49813,13.72586,13.89603,13.82138,13.83231,13.7959,13.63488,13.88369,13.74525,14.21412
"ENSG00000166260",11.02493,11.12147,11.04322,10.83057,10.48533,10.76299,9.616295,9.737732,9.513821,11.18441,9.058022,9.273279,10.68879,10.27053,10.40173,10.80745,10.28164,10.24132,10.43517,10.44208,9.746513
"ENSG00000166266",11.32917,11.21185,11.06835,11.78202,11.54315,11.66315,11.93537,11.58629,10.76631,11.31015,10.79244,11.34303,12.61009,12.57312,12.46557,12.49734,12.53926,12.5578,12.69176,12.44185,13.07564
"ENSG00000166272",12.25314,12.37702,12.67122,12.32965,12.47089,12.38289,12.13478,12.33833,12.90879,12.34225,12.64777,12.82076,11.88251,11.82665,12.02716,11.90483,11.64668,11.73877,11.8793,11.88139,11.92933
"ENSG00000166295",13.65717,13.63502,13.27409,13.22338,12.64929,12.85671,13.50343,13.38842,13.78137,13.78264,13.35276,13.53567,13.19576,12.48802,12.97428,13.06192,12.81468,12.70678,12.87111,12.68553,11.75165
"ENSG00000166333",12.61029,12.89535,12.9556,12.73638,12.94205,12.6179,12.42909,12.35661,12.56409,12.77451,12.80012,12.68084,12.4414,12.36598,12.35658,12.40182,12.26672,12.27029,12.41802,12.61611,12.49998
"ENSG00000166340",9.997509,10.14587,9.524793,9.211746,9.612849,8.901158,10.1804,10.07117,10.17008,9.031122,10.6763,10.68617,8.558088,8.703697,9.046974,8.50975,8.479823,8.34347,8.152924,8.359021,8.57319
"ENSG00000166377",10.97624,10.18516,10.4469,10.47287,10.22542,9.902701,11.13042,11.5614,10.82091,11.15842,10.87757,10.68473,11.5609,12.18092,11.47042,11.55015,11.72565,11.72156,12.0594,12.30848,11.72488
"ENSG00000166432",10.99015,9.792789,10.47988,10.52145,10.7288,10.55859,9.80407,9.639281,9.985254,10.69718,9.589216,9.219443,10.65082,10.27454,10.8047,10.84387,11.20485,11.08118,10.77052,10.77923,10.73494
"ENSG00000166439",10.46943,10.57406,11.05157,11.06553,10.97582,11.12017,11.42175,10.83069,10.82521,11.25695,10.53546,10.64844,11.28126,11.88169,11.76447,11.65967,11.61819,11.52533,11.98467,11.82326,11.6495
"ENSG00000166446",10.11222,9.253832,10.30377,9.361306,9.89739,8.862727,9.873482,9.730931,10.42357,10.11586,8.521809,9.08217,10.90464,11.44568,11.18871,10.88816,10.72993,10.09316,11.32446,11.33733,11.42134
"ENSG00000166454",10.87133,10.2334,10.3337,10.52049,10.39041,10.1253,10.16732,10.01241,10.18665,10.3054,9.908847,10.60677,9.988535,9.417089,9.95994,9.711997,10.09775,9.960968,9.897044,9.65785,9.614948
"ENSG00000166478",13.97466,13.74304,14.06035,13.65963,13.97543,13.74729,13.73704,14.20087,13.93517,14.01558,14.0859,13.99578,14.55932,14.54924,14.45045,14.35035,14.33914,14.44296,14.71692,14.68282,14.64777
"ENSG00000166501",13.83798,14.0257,14.62288,14.31524,14.40433,14.44205,14.40259,14.36263,14.33658,14.44406,14.21876,14.09723,14.70162,15.03948,14.89879,14.85062,14.80392,15.12388,14.97402,15.14311,14.74964
"ENSG00000166595",13.27504,13.02652,13.04278,13.00557,12.74407,13.00776,13.11998,13.10929,13.32211,13.27926,13.24131,13.31715,12.1193,11.96341,11.91172,12.23408,11.82522,11.71514,11.9284,11.69109,11.28339
"ENSG00000166685",11.33767,11.18054,11.47624,11.49998,11.35203,11.44973,11.95487,11.50358,11.4616,11.55345,11.81662,11.72704,11.34503,11.08895,11.41856,11.7227,11.27463,11.0608,11.11008,10.87196,11.31941
"ENSG00000166710",17.45136,17.21597,17.43929,17.36036,17.3241,17.35093,17.20717,17.29157,17.38898,17.37831,17.35917,17.26513,17.80253,18.14859,17.84162,17.89972,17.93303,17.88212,17.9827,17.87247,17.78344
"ENSG00000166716",10.74699,10.93403,10.84829,10.96509,10.87766,10.82842,10.38682,10.43768,10.98702,10.62861,10.82787,10.69735,10.85647,11.01879,10.79878,10.79878,10.7931,10.43768,10.7017,10.73327,10.95758
"ENSG00000166734",9.646099,9.809645,10.09194,9.642853,9.718185,9.104663,9.728851,9.743402,9.510173,9.12282,9.611005,9.501061,10.54207,10.83241,11.05909,11.08045,10.91636,11.03346,10.9618,10.60374,10.28271
"ENSG00000166783",11.6253,11.48839,12.07524,11.96248,11.707,11.63007,11.66833,11.11643,11.29178,11.29849,10.85989,11.04249,11.3704,11.77986,11.93558,11.67671,11.90957,11.76224,12.08481,11.94283,11.85675
"ENSG00000166797",12.50073,12.66073,12.36418,12.22195,12.06129,12.35329,12.34111,12.35225,11.63669,12.09558,11.63406,11.59974,11.94586,11.51131,12.17411,12.21312,11.96297,12.06431,12.06521,11.79731,11.35198
"ENSG00000166801",11.49916,11.71344,11.60353,11.92236,11.72594,11.4563,11.6329,11.57308,11.74413,11.50838,10.86088,11.345,12.37079,12.52049,12.60761,12.76639,12.42288,12.7731,12.82582,12.32684,11.63719
"ENSG00000166848",12.15183,11.985,12.40682,12.27389,13.11626,12.92255,13.29512,12.99454,12.74918,12.34257,12.87365,12.87749,13.26346,13.24921,13.47495,13.28799,13.28241,13.06692,13.39369,13.27614,13.28154
"ENSG00000166855",12.69041,12.21548,12.57327,12.58086,12.49202,12.54835,12.71437,12.52298,12.58389,12.46885,12.65301,11.8665,12.61004,12.42557,12.65575,12.60898,12.49188,12.35968,12.5806,12.54732,12.92997
"ENSG00000166896",12.55324,13.09804,12.90536,12.54237,12.90772,12.41325,12.9657,12.82051,13.06311,12.6511,12.573,13.42384,12.4752,12.34339,12.77737,12.39475,13.31121,12.73355,12.80711,12.68811,12.13338
"ENSG00000166900",12.63531,12.10097,12.53761,12.58411,13.16733,13.33592,13.33474,12.78911,13.54579,12.26779,13.13988,13.51124,13.26014,12.73895,12.7703,12.91769,12.86632,12.98665,13.31121,13.41126,13.18637
"ENSG00000166913",15.45805,15.66663,15.52344,15.35174,15.31503,15.43291,15.45355,15.27357,15.33848,15.43832,15.22799,15.23175,15.29727,15.14694,15.38803,15.32485,15.24907,15.0994,15.0997,14.97197,15.19038
"ENSG00000166946",14.47999,14.41715,14.66294,14.53236,14.79635,14.89829,13.98931,14.19135,13.84911,14.57592,14.15327,13.97998,14.66091,14.71743,14.84554,14.96582,14.63195,14.61808,14.56542,14.8627,14.92725
"ENSG00000166974",11.68742,11.20698,11.72519,11.60592,11.7844,11.8047,10.90515,11.41178,11.90292,12.01301,11.38715,11.38396,11.79039,12.40069,11.82891,11.83317,11.93899,11.94025,11.94739,11.99373,11.86285
"ENSG00000166987",9.81138,10.12849,9.850424,9.890013,9.955322,10.0741,9.686521,10.14038,10.24147,9.788933,10.43476,10.51882,9.826283,10.12237,9.710434,9.499764,10.02393,9.748851,9.509339,9.809339,10.1684
"ENSG00000167004",10.2168,10.69151,11.31164,11.01782,10.91675,11.38266,9.996457,10.46549,8.787857,10.59465,9.045077,9.194658,11.34568,11.04304,11.2686,11.28131,11.0824,11.18339,11.18389,11.21069,10.90446
"ENSG00000167081",9.522783,9.800984,10.263,10.42005,10.08391,9.68826,10.51215,10.35492,10.78876,10.06769,9.948978,10.14014,9.627234,9.83326,10.10459,10.04128,9.859957,9.828706,9.972038,10.02176,9.684239
"ENSG00000167085",11.12533,11.64864,10.77734,10.72105,10.54132,10.61264,10.42608,10.37079,10.4671,11.02226,10.39335,10.75315,10.90694,10.13897,10.30788,10.73002,10.50671,10.46296,10.49747,10.31042,10.07877
"ENSG00000167088",10.58683,11.15503,9.62914,9.706893,10.04784,10.04061,10.30797,10.29483,10.25817,9.754828,10.28066,10.57494,9.931861,9.158967,9.117901,9.206256,9.721581,9.445841,8.944261,8.954894,8.765796
"ENSG00000167182",11.09539,10.45325,11.04387,10.94581,10.84675,10.94247,11.49235,10.84692,11.41155,11.07522,11.21547,11.301,9.350837,9.574329,9.188588,9.19571,9.175231,9.138338,9.071679,9.394597,9.358883
"ENSG00000167193",9.647012,9.906,10.04744,10.13518,10.03034,9.746161,9.746762,10.42044,10.07072,10.08539,10.47016,10.42219,10.0841,9.971031,10.00475,9.940939,9.990733,9.527557,9.905688,9.949656,9.640083
"ENSG00000167202",10.27635,11.4724,9.965923,10.37311,10.71806,9.701993,10.76002,11.05887,10.61173,9.265121,10.52609,10.65335,10.56779,8.773334,10.19073,9.518618,10.72849,10.63338,9.670064,9.026396,9.968389
"ENSG00000167258",10.08659,9.920254,10.23804,10.34079,10.01064,9.797939,10.22023,9.929586,9.876821,9.942927,10.17016,9.535714,10.98997,11.43958,11.07523,10.99991,11.2059,10.78576,11.09166,11.0187,10.81633
"ENSG00000167261",12.16228,11.94377,12.43429,12.39709,12.52011,12.33384,11.24128,11.36993,12.29826,12.63306,12.71926,12.62308,11.9924,12.46675,12.59273,12.24514,12.34018,12.34974,13.14526,12.80753,12.81248
"ENSG00000167283",14.01134,14.03894,14.0278,13.97617,13.86295,13.96426,14.21495,14.24266,14.30587,13.90553,14.26774,14.26429,13.17165,12.99054,13.16144,13.17894,13.23618,12.74957,13.21649,13.1239,13.1135
"ENSG00000167315",9.865048,9.737529,10.10543,9.281897,10.71612,10.74513,9.894524,10.22903,9.506904,10.22694,9.59004,10.04267,10.04489,10.31367,10.47723,10.57166,10.54224,9.864635,10.4872,10.29776,10.69585
"ENSG00000167380",11.10844,10.20777,10.72048,10.94029,11.04452,11.56058,10.94865,10.92907,11.32472,10.77624,11.30082,11.20598,10.88275,10.77848,10.56897,10.93858,10.61061,10.5584,10.83939,10.84154,10.81491
"ENSG00000167395",10.36938,10.23725,10.19065,10.494,10.15882,9.498878,9.202381,9.871512,10.48746,10.19617,10.26608,10.40179,9.486675,9.763979,10.11659,10.10289,9.795452,9.731409,9.815018,9.938632,9.547029
"ENSG00000167397",13.80968,14.12723,13.35545,13.07577,13.71481,13.47346,14.47752,13.92652,14.64203,13.68649,14.06687,14.78695,12.34879,12.34785,11.92808,11.96923,12.37462,12.00066,11.92677,11.88708,11.98769
"ENSG00000167460",9.947947,9.925811,10.84009,10.63018,11.00277,10.84945,10.31103,10.56682,9.848861,10.36874,10.04927,9.609453,11.048,12.52725,11.41805,11.29304,11.79989,11.48751,10.92676,11.02079,11.01892
"ENSG00000167461",12.74884,13.17155,13.08764,12.97454,13.20242,12.712,12.70327,12.40693,12.51716,13.13206,12.61972,13.04101,12.85243,13.74789,12.79526,13.07331,12.92378,12.62835,12.84419,12.64574,12.80734
"ENSG00000167468",11.84226,11.646,11.73909,11.4497,11.66503,11.58026,11.90294,11.96215,11.98289,11.22016,11.65436,11.43732,9.612289,10.10667,10.57168,10.83269,9.794579,9.74145,9.910759,9.792378,9.247028
"ENSG00000167470",11.19638,11.17438,11.61553,11.50036,11.28942,11.14962,11.37077,11.86428,11.81307,10.97446,12.26845,12.62713,9.953028,10.65769,10.52636,10.30769,10.28931,9.975467,9.853789,10.05727,10.43216
"ENSG00000167491",10.43545,10.2659,10.61183,10.33729,10.63947,10.15172,9.312428,9.816423,10.15268,9.739614,10.26264,10.58443,10.00912,10.7179,11.19987,11.11013,11.27122,10.21327,10.75962,10.64778,10.51132
"ENSG00000167515",11.19476,11.15596,10.79235,10.85386,10.99033,11.17704,11.36411,11.2263,11.16474,11.02392,11.04425,11.22973,9.372383,9.355933,9.460617,9.564963,9.871743,9.507593,9.281589,9.386692,7.773527
"ENSG00000167522",10.41945,10.10532,10.50333,10.30302,10.52426,10.51821,9.823137,10.32289,10.07576,10.43995,10.40476,10.29583,10.87029,11.16068,11.11631,10.89016,10.96213,10.69963,10.9064,11.0941,11.10112
"ENSG00000167552",13.43085,12.94938,13.73907,13.24067,13.65463,13.04776,13.95846,13.72626,13.99842,13.37626,14.29527,13.72516,12.67891,12.59204,13.15202,13.33902,13.16114,12.63446,12.16419,12.15695,12.40946
"ENSG00000167553",14.21447,14.61694,14.71051,14.362,14.62548,14.46947,14.95292,14.77545,15.02005,14.26346,14.93941,14.80992,13.24387,13.09391,13.54015,13.84176,13.75167,13.38893,13.11556,13.11152,12.77757
"ENSG00000167562",10.39592,9.871804,10.40204,10.57292,10.23952,10.14126,10.04057,9.985039,10.44991,10.09502,10.07962,10.18445,10.90024,10.54602,10.81545,10.9187,11.08694,10.9987,10.85381,10.89084,11.00816
"ENSG00000167578",11.21185,11.20785,11.19856,10.93426,11.03175,10.82355,10.48367,10.95955,11.52683,11.22632,11.79332,11.82326,8.928028,8.970423,9.441408,9.947705,9.332152,8.781942,8.936584,8.913663,8.263383
"ENSG00000167613",12.26515,13.44622,13.05537,13.10435,13.33335,13.60159,12.439,12.52176,12.61993,12.99291,12.76463,12.91028,13.83669,13.18013,13.75958,13.76038,12.93346,12.51381,12.76531,13.11015,13.32072
"ENSG00000167618",13.32539,13.78774,13.45905,13.66156,14.13888,14.10182,13.82229,13.72761,13.92175,14.05734,14.1816,14.32658,14.45748,13.99195,14.05532,14.01872,13.38266,13.28415,13.12344,13.57009,13.8928
"ENSG00000167658",13.78922,14.17118,13.11397,13.72972,13.47056,13.14348,12.90531,13.83753,13.54676,13.17875,13.70589,13.8479,13.60338,13.4494,13.52326,13.40299,13.37221,13.10249,13.33249,12.92487,13.47666
"ENSG00000167671",12.16752,11.91006,12.0768,11.6835,12.11686,11.18445,12.07519,12.09384,11.8273,11.47042,12.12256,12.62629,10.41858,10.5459,10.84861,10.78743,10.84266,10.70436,10.85114,10.56304,9.74947
"ENSG00000167770",12.74357,12.71433,12.83934,12.59506,12.65238,12.36536,12.47383,12.41321,12.65199,12.5568,12.29723,12.67747,11.71079,11.70348,11.92306,11.9644,11.71431,11.37248,11.85714,11.61722,11.11189
"ENSG00000167842",10.47854,11.06192,10.65266,11.09021,11.0204,10.95525,9.485001,9.540604,9.877707,10.15431,9.864028,10.1396,10.70676,11.01751,11.15413,11.20857,11.00018,11.37708,10.79602,10.92359,10.24629
"ENSG00000167851",14.57005,14.57049,15.44453,15.26277,14.7212,14.54183,14.56526,14.65189,14.89245,15.05538,15.08228,14.77951,14.78172,15.14728,15.46439,15.48156,14.97058,14.91458,15.34209,15.42189,14.9981
"ENSG00000167863",14.40271,14.59307,14.16361,14.19011,14.23837,14.31732,14.66727,14.61048,14.7384,14.0558,14.62577,14.75055,13.7227,13.28054,13.47468,13.43339,13.45498,13.52215,13.40778,13.28884,13.33664
"ENSG00000167930",11.40795,11.07837,10.75136,10.52473,10.96265,11.11919,10.53973,11.32285,11.4241,11.09843,11.69379,11.55615,11.23117,11.442,11.18687,10.98978,10.92445,11.00186,11.10925,10.89623,11.26952
"ENSG00000167977",11.02899,11.00164,11.59659,11.70741,12.01439,11.86107,11.68483,12.19527,10.99057,10.57148,11.69268,12.3985,12.1179,11.36045,12.13213,12.35026,12.57515,12.14748,11.94245,12.11924,11.85435
"ENSG00000167978",15.12991,15.10343,15.32541,15.53987,15.41523,15.18481,15.33777,15.55184,15.56956,15.403,15.37848,15.37383,15.68552,15.79357,15.49277,15.64965,15.72018,15.78627,15.58632,15.6789,15.40145
"ENSG00000167981",10.19811,9.902254,10.25768,10.27786,10.70833,10.30677,10.2103,9.924046,10.5381,10.70244,10.02496,9.7591,10.08375,11.13067,10.88039,10.78119,11.24565,10.77174,10.94059,10.48301,10.30551
"ENSG00000167984",11.36374,11.36526,12.16597,12.19179,12.20871,12.08214,10.90512,11.54791,12.07149,11.7457,12.1941,11.82682,12.48959,12.84932,12.4632,12.50208,12.56436,12.06819,12.63233,12.64359,12.9447
"ENSG00000167985",11.19706,10.79458,11.01088,10.92674,10.89752,11.01713,10.72094,10.8342,11.06332,11.0297,10.90674,10.79245,10.20615,10.26772,10.27272,10.57059,10.31831,9.799044,10.53074,10.10775,9.703246
"ENSG00000167986",10.32457,10.82324,10.1336,10.49034,10.09281,10.28839,9.435954,9.828715,10.2394,10.56585,10.20352,9.996505,11.46357,11.27351,11.34242,11.3838,11.14146,11.09621,11.35474,11.27872,10.90073
"ENSG00000167996",16.79909,16.75074,17.00018,16.91457,16.91597,16.87298,16.67214,16.87628,16.68521,17.03622,16.75255,16.83468,16.83858,17.23652,16.91805,17.00762,17.10468,16.96105,17.04295,16.91589,16.67949
"ENSG00000168014",11.14916,11.13282,11.48249,11.8164,11.42146,11.54816,10.77962,11.16531,11.35559,11.46947,11.07004,11.19891,11.31667,11.44535,11.52423,11.70236,11.62978,11.45378,11.57529,11.40226,11.82325
"ENSG00000168028",14.73217,15.05526,13.75125,14.55685,14.20806,13.74961,14.09671,14.21633,13.8412,13.81725,13.91805,14.09062,14.29778,13.20119,13.52706,13.54867,13.64351,13.55011,13.24738,13.16295,13.00294
"ENSG00000168060",10.64334,10.17202,10.64786,10.41186,10.56846,10.36087,10.5271,10.40342,10.94189,10.64685,10.87244,10.78018,9.856289,9.98413,10.50006,10.35188,10.11069,9.981938,10.12801,10.21291,10.0285
"ENSG00000168116",11.06616,11.15697,10.76098,11.07865,10.7163,10.59755,10.41571,10.33541,10.54093,10.70255,10.49385,10.8135,12.80862,12.6341,12.53823,12.6656,12.52978,12.5492,12.6838,12.38374,12.70652
"ENSG00000168118",11.89166,11.11949,11.43815,11.37224,11.89561,12.29129,11.37308,11.10712,10.91298,11.50728,10.88007,11.01684,11.30496,11.33549,11.05214,11.3751,11.25012,11.07965,11.33231,11.29178,11.78559
"ENSG00000168137",12.1805,11.80635,12.42273,12.22936,12.23064,12.14643,12.43202,11.95293,12.05085,12.14294,11.63235,11.4674,11.88169,11.90551,11.98681,12.06369,12.09837,11.92002,11.94982,11.95983,11.9686
"ENSG00000168172",9.657743,9.927139,10.32002,10.21891,10.39764,10.462,10.15381,9.941459,9.522593,10.36234,9.14775,9.022788,11.49085,11.485,11.33161,11.59927,11.35056,11.37411,11.7059,11.5332,11.46331
"ENSG00000168216",14.78801,14.43282,14.82319,14.7905,14.97596,15.13817,14.89948,14.828,14.57789,15.05836,14.43498,14.4406,15.30572,15.31528,15.58349,15.60785,15.19881,15.27155,15.53124,15.47763,15.3275
"ENSG00000168256",12.58272,12.41297,12.49065,12.72926,12.82933,12.55841,12.08266,12.80995,12.8795,12.53101,12.67632,13.04841,12.05286,11.71561,12.26723,12.25754,11.93419,11.99357,12.19122,11.96937,11.93773
"ENSG00000168264",13.66102,13.69053,13.89646,13.65832,14.04367,13.6507,13.93107,13.97646,13.78856,14.03911,13.83648,13.76573,13.60353,14.69112,14.38046,14.53827,14.30818,14.1164,14.01383,14.21428,13.77784
"ENSG00000168268",11.54938,11.28357,10.48253,10.30844,11.53507,11.28075,11.33066,11.6625,11.75812,12.0498,10.86632,10.81317,10.60758,10.34218,9.920642,10.28361,10.34882,10.35147,9.300087,9.409446,9.843581
"ENSG00000168273",11.20647,10.53119,10.38914,10.27585,10.71311,11.06727,11.30806,10.89511,11.45899,10.77353,10.88732,11.27819,10.83979,10.14983,10.12095,10.12058,10.30281,10.17596,10.31297,10.27782,10.2767
"ENSG00000168275",10.40401,10.57775,9.892194,9.644456,10.11802,10.11175,10.77319,10.2928,10.23985,9.738223,10.13568,10.04552,9.240042,8.545703,9.313532,9.373551,9.14197,9.420529,8.666089,8.524492,8.250096
"ENSG00000168297",12.95604,13.11256,12.92068,12.78366,13.38623,13.1915,13.44628,13.04338,13.0168,13.03811,12.8323,12.18942,12.73098,13.39227,12.75527,12.60125,12.99382,12.938,12.43423,12.415,12.91954
"ENSG00000168298",12.90984,12.57912,12.84115,12.72782,12.74499,12.62816,12.32043,12.90078,12.71803,13.01118,12.79166,12.43615,12.64066,13.2786,13.14745,13.15652,12.91504,12.95185,12.54436,12.77495,12.8517
"ENSG00000168303",12.09296,11.90887,12.01229,11.88394,11.72576,11.81255,11.31024,11.8416,11.80566,11.9385,11.82211,11.75121,11.67363,11.15801,11.5651,11.74536,11.40823,11.14843,11.2508,11.44588,10.95468
"ENSG00000168310",10.68116,10.22057,10.72653,10.8622,10.92779,10.65708,10.55787,10.44993,10.17539,10.71862,10.23437,10.12294,10.61707,11.22091,11.40399,11.11849,11.12307,11.29802,11.46609,11.42205,11.52037
"ENSG00000168404",11.26094,11.35214,11.60601,11.46678,11.59182,11.83334,11.56708,10.98958,11.29941,11.46993,11.20812,11.27819,11.4721,11.45694,11.4525,11.61597,11.7593,11.83098,11.83327,11.73054,11.43078
"ENSG00000168411",11.89019,12.41968,11.74419,12.25202,12.30475,12.36808,11.94529,11.90787,11.61563,12.106,12.08392,11.32697,12.01397,11.87838,11.7071,11.79544,12.01245,12.13113,11.63614,11.95457,12.30946
"ENSG00000168421",10.49157,10.40581,10.92798,10.65795,11.21422,11.39018,10.08505,11.12214,10.54202,10.93334,10.73709,10.82324,10.77131,12.42884,12.04063,11.5862,12.54456,11.47742,11.18423,11.50291,11.30746
"ENSG00000168434",10.07851,10.05971,10.09066,10.74181,10.59169,9.921383,9.978388,9.253294,10.29423,10.45414,9.63897,9.485402,10.43327,10.23079,10.04721,10.46901,10.16042,10.28546,10.28785,10.16078,10.03453
"ENSG00000168438",11.96181,11.53061,11.78729,12.15795,12.16447,12.38309,12.9382,12.24019,11.62385,12.25242,11.87534,11.45527,12.09059,12.25537,12.38892,12.22171,12.07306,11.95262,12.35614,12.39846,12.79359
"ENSG00000168461",16.53844,16.64685,16.42024,16.231,16.90328,16.8962,16.40627,16.40726,16.20011,16.51223,15.80628,16.16907,16.52528,16.54869,16.52528,16.4369,16.39886,16.37447,16.60127,16.72387,16.41361
"ENSG00000168488",12.19189,12.7146,12.63211,12.61064,12.55663,12.32939,12.13558,11.94505,12.68007,12.17156,12.59581,12.72952,11.1128,11.69055,11.16629,11.32354,11.73267,11.47333,11.20845,11.24703,10.88444
"ENSG00000168538",12.46305,12.25876,12.27027,12.2672,12.27556,12.31691,12.49415,12.31849,11.63937,12.59174,11.9826,12.2642,12.2555,11.96323,11.67479,12.04279,11.86237,11.98309,12.13629,12.2822,12.13487
"ENSG00000168701",12.80625,12.78975,12.11084,12.417,12.2174,12.27532,12.54752,12.15609,12.58927,12.81621,12.36897,12.36516,13.17953,13.33668,13.18695,13.57479,13.31966,13.11117,13.11375,12.87338,12.62355
"ENSG00000168710",11.32658,10.99771,10.72421,11.06056,10.9549,10.87024,11.29442,10.96363,11.55661,10.97256,11.33697,11.68263,11.36991,11.07995,11.14534,11.28461,11.05729,11.25873,11.28618,11.0774,11.18773
"ENSG00000168769",13.31637,13.05584,13.70761,13.63311,13.3084,13.4908,13.18042,13.21885,12.71103,13.50477,11.64806,11.98219,13.62319,13.93906,13.60585,13.95697,13.91206,13.80273,13.82706,13.91479,13.71514
"ENSG00000168802",12.152,12.38888,12.44821,12.28076,12.64911,12.61908,11.34482,12.69518,12.45425,12.47791,12.23007,12.5246,11.97318,12.00438,12.33218,12.20886,12.20304,11.98223,11.68592,11.8764,11.77009
"ENSG00000168876",10.10337,10.21909,10.1039,10.45369,10.10686,10.23613,11.64774,10.6653,10.30424,10.4689,10.60457,10.70141,9.794769,10.21776,10.13446,10.15124,10.21473,10.13547,10.28432,10.37758,9.857496
"ENSG00000168883",13.00943,12.78718,13.24631,13.20739,12.82976,12.8867,12.9911,12.70751,12.94035,12.94921,13.08008,13.15508,11.98269,11.7124,12.15773,12.13281,11.81884,11.8944,12.02899,11.99613,12.09364
"ENSG00000168904",13.48628,13.18003,12.97527,13.31442,13.29603,13.64958,13.56171,13.12598,12.717,12.84979,14.16648,12.59336,13.04776,13.93082,12.92711,13.03402,14.00096,14.45322,14.02233,14.33002,14.032
"ENSG00000168916",11.9629,11.31262,11.90936,11.38776,11.99785,12.20879,11.58282,11.76408,11.83487,11.88409,10.84673,11.45473,11.57665,12.41636,13.51854,13.12243,13.41083,13.01161,13.29979,13.17821,12.23749
"ENSG00000168918",12.29628,12.39616,12.76973,12.79,12.67133,12.51454,12.33472,12.41427,12.33731,12.62823,12.41966,12.62296,13.31051,13.67523,13.63811,13.40563,13.31545,13.36038,13.60867,13.70992,13.55687
"ENSG00000168944",10.78414,10.33078,10.63325,10.74059,10.78593,10.69959,9.912874,10.52554,10.12646,10.8942,9.645496,9.622082,10.98968,10.65732,11.05931,11.03128,10.84408,10.98292,10.73679,10.63514,10.89528
"ENSG00000168958",12.32227,12.25407,12.18105,11.78966,12.32975,12.59381,12.33685,12.26692,12.49091,12.29238,12.24567,12.7251,11.83097,11.87912,12.1691,11.91438,12.42905,12.30434,11.56347,11.82201,11.72024
"ENSG00000168961",13.27941,13.0481,13.74452,13.48538,13.94499,13.98535,13.91817,13.53828,14.02457,13.72282,14.0309,13.95601,11.14311,11.62385,11.48801,11.59344,11.8739,12.27085,11.24763,10.55572,12.38531
"ENSG00000169019",10.43975,10.17296,10.91621,10.07021,10.87254,10.55496,9.967706,9.844022,9.223587,10.81901,9.30845,8.756314,9.937886,10.92945,10.25914,10.39934,10.22542,10.18143,10.03591,10.06883,9.441113
"ENSG00000169020",15.093,15.01776,14.83273,14.78392,14.9905,15.08831,15.55701,15.30929,15.33163,15.1186,15.32461,15.27152,14.25601,13.87974,14.06666,14.10719,13.96157,13.97793,14.01748,13.88504,13.85107
"ENSG00000169021",12.08395,12.87032,11.58952,11.50877,11.92484,11.77985,11.72195,11.83885,11.42889,11.82013,11.7785,11.96749,11.21891,10.72829,11.13579,10.87722,11.69035,11.27286,10.79846,10.74985,10.65285
"ENSG00000169032",10.44245,10.6307,10.35046,10.3456,10.3647,10.0931,10.12304,10.8679,10.81559,10.2167,10.5716,10.43306,10.56482,10.33032,10.81389,10.34513,10.39414,10.31835,10.49452,10.30696,10.22893
"ENSG00000169057",10.36621,10.07946,10.3722,10.37501,10.42542,10.30911,10.64402,10.56418,10.18416,10.30591,10.50251,10.47822,10.50453,10.8128,10.66225,10.37294,10.32177,10.2969,10.90165,10.87558,10.40796
"ENSG00000169180",11.02355,10.78035,11.61475,11.34895,11.8648,10.73176,11.3569,11.43081,10.51309,11.0617,11.22473,10.79362,12.32904,12.81583,12.63515,12.3749,13.04555,12.60038,13.0877,13.10376,12.2875
"ENSG00000169193",15.33055,14.79348,15.52875,15.37488,15.30164,15.53278,15.06403,15.45756,15.74508,15.68751,15.33945,15.26934,15.67689,15.72474,15.63289,15.58942,15.53619,15.89058,16.02453,16.06185,15.86726
"ENSG00000169220",12.47318,12.45311,12.50802,12.75765,12.80342,12.12674,12.90814,12.90322,13.04648,12.66176,13.47975,13.23003,12.49406,12.91391,12.95983,12.86355,12.77898,12.57884,12.7528,12.72284,12.81128
"ENSG00000169223",13.02439,13.36477,13.09729,13.26981,13.02428,13.04975,12.1153,13.19107,12.90279,13.16298,13.01021,12.8786,13.25933,13.31858,13.65379,13.85975,13.38738,13.20965,13.18423,13.14758,13.24634
"ENSG00000169224",11.66571,11.53012,12.45115,11.82064,12.43469,12.31127,11.67129,12.08384,11.42013,12.29915,10.918,11.46745,10.64917,12.16314,11.94293,11.77264,12.39728,11.86189,11.4048,11.47417,11.58993
"ENSG00000169230",14.28419,14.24267,14.07266,13.89825,13.9294,14.10397,14.77226,14.48468,14.5759,14.32113,14.21212,14.62707,14.10804,13.74418,13.36369,13.52145,13.64403,13.30771,13.50884,13.22884,13.07464
"ENSG00000169239",13.22413,12.51731,12.71347,12.71812,13.1602,13.11121,11.56773,11.45129,12.88516,13.15677,13.06484,12.14086,12.33479,12.53481,13.35284,13.62834,13.34197,13.02767,13.00199,13.00169,13.44508
"ENSG00000169375",13.03971,13.04568,12.82051,12.88001,13.0767,12.93156,13.43732,12.61075,12.87928,13.09051,12.49983,12.82667,13.04737,13.22236,13.18204,12.99396,13.13291,12.89104,12.72866,12.8392,12.93529
"ENSG00000169397",13.3356,13.74413,11.93118,11.98133,12.04764,11.43319,13.10999,12.85118,12.44554,11.65987,13.18819,13.12475,11.92808,10.11164,11.90761,11.50095,11.66361,11.61764,11.05583,10.83014,12.12962
"ENSG00000169413",12.26554,11.54075,13.47596,13.10716,12.50425,12.93971,13.46621,13.12407,14.11966,13.65541,12.90725,13.09777,12.2348,11.49101,12.88123,13.41352,12.51618,12.59499,12.11223,11.67665,11.34649
"ENSG00000169446",10.52863,10.80628,10.9891,10.53734,10.45329,10.75793,10.39579,10.84179,10.25619,11.00661,10.17301,10.79683,11.07454,10.77686,11.14974,11.39805,11.33545,11.24036,10.83566,10.52725,11.08776
"ENSG00000169508",15.35126,14.78073,15.57742,15.5377,15.3513,15.59659,15.19542,15.4067,15.64121,15.35525,15.6497,15.60673,15.05845,15.46269,15.32366,15.29363,15.28645,15.45574,15.07534,15.19417,15.41456
"ENSG00000169554",10.65582,10.17329,10.2141,10.25291,10.47822,10.48855,11.0437,10.83878,10.1542,10.75329,9.87369,10.00379,10.10734,10.65554,11.00736,10.84183,10.6572,10.60033,10.39132,10.20717,10.4951
"ENSG00000169567",10.4903,10.45325,10.62731,10.41341,10.87139,10.22006,11.01116,11.23203,11.48971,10.55404,10.58519,11.13518,10.60668,9.696159,9.971927,10.06698,10.32888,10.03663,10.01659,9.73539,9.23544
"ENSG00000169592",10.01999,9.613878,9.620931,9.967472,9.784462,10.12974,9.654766,10.23561,10.83115,10.09106,10.30273,10.328,7.830163,8.107632,7.944086,8.275095,8.093947,7.955291,7.817264,7.324187,7.798933
"ENSG00000169599",10.98272,10.81565,10.59123,10.50191,10.8329,10.69916,10.73925,10.73457,10.57729,11.09773,10.85659,10.72247,10.90525,11.43049,10.95125,11.05443,10.79903,10.7459,11.00164,11.0839,10.92689
"ENSG00000169612",12.00071,11.85611,11.74266,11.50157,11.68232,11.82221,11.67058,11.71947,11.62909,11.88327,11.41045,11.49471,11.36031,11.05264,11.60932,11.66421,11.33934,11.27463,11.55749,11.54415,10.96785
"ENSG00000169621",10.62899,10.14036,10.91263,10.58424,11.03675,11.51889,10.44071,10.47944,10.58388,11.34093,10.4976,10.39709,11.93729,12.09936,11.94091,12.6065,12.06361,11.9516,11.72917,11.45226,11.31481
"ENSG00000169688",9.445891,10.19635,10.19141,10.3593,10.24949,9.720729,9.917682,10.57629,10.16166,10.37891,9.747484,9.917521,10.19808,11.78381,11.09371,10.99885,11.2039,10.97287,10.38096,10.90798,11.0002
"ENSG00000169714",11.44363,11.55254,11.64105,11.34074,11.1484,11.50607,10.23026,10.43898,10.11087,11.70459,10.03701,9.245831,11.54342,11.51371,11.33617,11.53428,11.17511,11.21587,11.52866,11.33741,11.09702
"ENSG00000169738",12.37086,12.26409,11.8209,11.74022,11.90599,12.18676,12.48834,11.9535,12.39742,12.0138,12.46377,12.56,11.1123,11.01968,10.92436,10.89351,11.00164,10.90519,11.01967,10.79342,10.1938
"ENSG00000169756",11.31242,11.06455,11.78943,11.20921,11.58363,11.40031,11.68947,11.379,11.40649,11.25612,11.44133,11.53651,10.94619,11.53589,11.07056,11.2104,11.46935,11.17374,11.5818,11.33332,11.6877
"ENSG00000169762",12.46377,12.48285,12.02547,12.66214,12.39909,12.64734,12.15476,12.81723,12.03761,12.01382,12.61336,12.53428,12.76903,13.35263,12.97844,12.89288,13.33212,13.14918,12.5546,12.62077,12.93301
"ENSG00000169764",11.58089,11.92787,12.19689,12.04778,12.23125,11.95116,11.44229,11.79196,11.50409,11.95491,11.3535,11.45765,11.86414,12.4281,12.77927,12.48171,12.7095,12.44104,12.29897,12.38217,12.3503
"ENSG00000169783",11.06305,10.5923,10.60179,10.96286,10.98473,11.18207,10.9931,11.26694,11.27047,11.11489,11.24237,11.36438,11.67405,11.82797,11.87953,11.93512,11.87005,11.81242,11.98053,12.09463,12.29308
"ENSG00000169814",12.55784,12.09689,12.4839,12.49265,12.5734,12.77856,12.62824,12.54439,12.06564,12.29359,12.15908,12.0851,12.36513,12.46042,11.92486,12.08982,11.85463,11.79319,12.78997,12.67718,12.84134
"ENSG00000169826",11.67976,11.64019,12.14074,11.70918,12.14621,11.65428,11.63247,11.72513,11.43323,11.82506,11.66349,12.05856,11.92724,12.4802,12.09317,12.15572,12.98531,12.66393,12.52539,12.41019,12.45185
"ENSG00000169891",11.03336,10.41346,11.45707,11.06542,11.37142,11.44639,11.11298,11.2017,10.81152,10.89315,11.32726,10.64483,11.42161,11.884,11.82347,11.56493,12.22808,11.89569,12.11207,12.06526,11.90368
"ENSG00000169976",11.60107,11.33708,11.06456,10.99591,10.90281,10.9056,11.64477,11.28497,11.47787,11.41067,11.26556,11.3783,9.147648,8.53227,9.119613,9.609862,9.063747,9.043572,8.948918,8.799578,8.08263
"ENSG00000170006",15.59316,15.35562,15.95585,15.75968,15.77351,15.78398,15.59349,15.64817,15.52614,15.39482,15.37158,15.39057,15.5729,15.70641,15.82374,15.68209,15.62397,15.76632,15.89971,15.88109,15.80616
"ENSG00000170043",14.15445,13.95864,14.0615,14.08123,13.98432,13.65084,14.70388,14.30595,14.48997,13.99686,14.67895,14.50644,13.58617,13.43242,13.19706,13.3146,13.34102,13.24728,13.38014,13.1214,13.3886
"ENSG00000170113",10.07838,8.903069,11.38575,10.3581,12.18961,11.42136,10.80212,10.63107,10.0513,9.955674,10.03156,9.946887,9.594813,9.610008,10.23618,10.15185,10.75776,10.3218,10.82605,10.55745,9.90481
"ENSG00000170144",10.46831,10.94985,10.51419,10.45121,10.48725,10.78107,10.80687,10.54813,10.28843,11.09521,10.68816,10.57162,11.70839,12.3409,11.99075,11.9135,12.06358,11.83268,11.73218,11.95858,12.12629
"ENSG00000170222",10.07682,9.524824,9.730047,10.2651,10.45958,10.27603,10.19044,10.18705,9.990224,9.892243,9.700053,9.74807,10.09855,9.67986,10.14726,10.28284,9.857208,10.10477,9.98641,10.15351,10.21942
"ENSG00000170234",10.05466,9.332054,9.806189,9.82412,10.81926,10.82016,10.87383,10.80961,9.622901,9.524486,9.856483,10.92053,9.870756,9.494665,10.23298,10.64578,10.52892,10.20482,9.993515,10.01415,9.595388
"ENSG00000170242",10.32732,10.52635,10.68026,10.4295,10.62765,11.0517,10.30575,9.94455,9.307814,10.76354,8.346372,8.344234,10.63719,10.66332,11.30462,10.94567,10.81515,10.74195,10.96819,10.89456,10.96497
"ENSG00000170248",10.21906,10.28584,10.18358,9.605906,9.930764,9.915632,10.43033,10.44975,9.930876,10.4016,10.4818,10.75554,10.85754,10.55353,11.03824,10.92054,10.65481,10.86574,11.08521,10.68455,11.12511
"ENSG00000170310",10.53592,10.29651,10.45034,10.05576,10.38252,10.60456,10.6002,10.17711,10.66156,10.70677,10.55895,10.81805,10.04626,10.00112,10.22376,10.14698,10.12975,10.43268,10.26778,10.15051,10.34964
"ENSG00000170315",16.97437,17.02343,17.1268,16.9494,17.10492,17.01956,16.92811,16.90635,16.92817,16.92201,16.8606,16.82115,17.30787,17.21995,17.23316,17.24701,17.24655,17.24577,17.26269,17.20571,17.04953
"ENSG00000170348",13.10454,13.24919,13.17566,12.70569,13.22908,13.27978,12.46151,12.81709,12.44995,13.31303,12.434,11.64952,13.14692,13.04953,13.2794,13.25469,12.79017,12.89759,12.74744,12.82707,12.69312
"ENSG00000170515",12.88776,12.78718,12.37357,12.42012,12.50561,12.96974,13.16543,12.7876,12.92806,13.01152,12.48341,12.57325,12.6679,12.38218,12.30066,12.1572,12.28698,12.28058,12.32652,12.4159,12.44122
"ENSG00000170540",12.60707,12.24182,12.35443,12.11819,12.65232,12.46139,13.32125,12.41563,11.74318,12.55353,11.52778,10.99152,12.43345,12.18542,12.73078,12.73563,12.14707,11.85119,12.75727,12.77667,12.4574
"ENSG00000170571",11.81041,12.58552,10.66066,10.80501,10.92664,9.67366,11.29887,11.20198,11.09087,9.784705,10.4635,10.80947,11.57568,9.991109,10.90795,9.882871,11.07344,10.90832,9.97142,9.34936,9.949655
"ENSG00000170581",10.75653,10.30112,10.90512,11.16915,10.70455,10.2706,10.50347,10.35044,10.70046,10.69834,10.90105,10.77181,10.6245,10.88359,10.8662,10.63279,10.82718,11.35148,10.84522,10.87645,11.17024
"ENSG00000170633",13.9821,13.55184,13.94986,13.89693,13.74615,13.73496,13.70221,14.13759,14.07009,13.67453,13.90132,14.13917,13.33253,13.59775,13.45858,13.3774,13.05333,13.28841,13.23502,13.42365,13.68339
"ENSG00000170638",9.82749,10.00319,10.02737,10.00917,10.37646,10.20443,9.231392,9.797071,10.34066,9.91122,10.35949,10.71356,10.45121,10.73227,10.19083,10.22916,10.36855,10.20997,10.83087,10.56626,10.67994
"ENSG00000170653",11.65053,11.39857,11.7469,12.06037,11.59453,11.45654,12.06947,11.48249,12.0871,11.56256,12.11414,11.91973,10.61932,10.87638,10.48213,10.40157,10.75063,10.62035,10.5083,10.41835,10.80389
"ENSG00000170759",10.52688,10.32548,10.33216,10.17457,10.24557,10.36615,9.49293,10.04561,9.956328,10.66886,9.656092,9.707157,11.27417,11.45463,11.5645,11.47544,11.45474,11.45472,11.58833,11.28716,11.4663
"ENSG00000170791",11.76415,12.24023,11.50618,11.29662,11.60367,11.06961,11.44995,11.14024,11.36709,10.92054,11.14877,11.73366,11.42448,11.04533,11.25986,11.11689,11.3306,11.40563,11.195,11.03153,11.07715
"ENSG00000170802",13.37267,13.11966,13.35948,13.51849,13.22803,13.27094,13.03635,13.37363,12.77702,13.44916,12.81149,12.90343,14.03213,14.29148,14.1844,14.26689,14.57817,14.49211,14.38905,14.39962,14.42217
"ENSG00000170832",11.24112,11.03959,11.60613,11.55279,11.227,11.22812,11.59282,11.31288,10.88711,11.25702,10.66061,10.65328,11.95534,12.42888,12.05618,12.20047,12.20193,11.91055,12.61131,12.53699,12.19189
"ENSG00000170860",12.78098,12.92047,12.41818,12.13687,12.46452,12.25778,12.51432,12.39094,12.39277,12.3003,12.31741,12.31318,11.29175,10.94972,11.34309,11.5589,11.62263,11.15468,11.21092,10.9784,10.57942
"ENSG00000170876",10.5582,10.44347,10.37713,10.61715,10.97861,10.55814,10.44219,10.42438,10.74553,10.73069,10.39897,10.26618,10.98369,10.99898,10.94415,11.04913,11.05448,11.03162,10.96597,10.77085,11.33241
"ENSG00000170989",16.39775,16.27892,16.85158,16.76228,16.76177,16.77424,15.99788,16.31776,16.59307,16.7716,16.60726,16.52247,16.45496,16.97299,16.96003,17.0271,16.91697,16.91337,16.88105,16.85552,17.23156
"ENSG00000171148",11.60254,11.88573,12.30771,12.23804,12.27776,12.00231,11.52627,11.83201,11.81951,12.30395,11.60547,11.52554,12.19671,12.1581,12.2099,12.28742,12.41173,11.70745,12.17844,12.30137,12.17224
"ENSG00000171202",11.46645,11.72638,10.73656,10.85487,10.37184,10.55085,11.08428,11.02373,11.29288,11.21663,10.81297,11.44037,10.82233,9.990757,10.1171,10.46955,10.4286,10.31806,10.08714,10.14123,9.342246
"ENSG00000171204",10.73149,10.38612,10.61552,10.22184,10.24398,10.4432,9.91633,10.23996,9.645269,10.40404,9.903859,9.496695,10.7431,10.51328,10.35614,10.57338,10.21038,10.53628,10.83512,10.60339,10.30279
"ENSG00000171206",10.15684,9.846714,10.53975,10.30592,10.86638,9.756366,9.326346,10.40856,9.929935,10.39122,10.51583,10.6642,9.804097,10.19271,10.57592,10.64263,10.38839,9.878544,10.12828,10.14643,10.39463
"ENSG00000171291",11.46878,10.87346,11.75585,11.53983,11.49291,11.61841,11.78987,11.7061,11.76635,11.2802,11.88876,11.63541,12.07791,11.73926,12.34102,12.38519,12.0704,11.83628,12.04442,11.87122,12.10464
"ENSG00000171295",10.4904,10.06173,10.77411,10.77704,10.65556,10.52888,10.95499,10.96225,11.16248,10.92959,10.80133,10.82507,11.55085,11.25688,11.67916,11.73696,11.3383,11.44422,11.31127,11.30645,11.46669
"ENSG00000171311",11.00815,11.04624,10.38182,10.46097,10.58147,10.2574,10.05845,10.11585,10.10969,10.02394,10.10181,10.42965,10.79334,9.955015,10.40557,10.25636,10.15123,10.06733,10.25196,10.26019,9.609588
"ENSG00000171316",11.23376,10.89848,11.0866,11.05701,10.67706,10.28347,10.98626,10.53128,10.68852,11.10712,10.19558,9.761105,10.79596,10.75869,10.89232,10.94006,10.94129,10.69755,10.8584,10.94105,10.69352
"ENSG00000171433",12.63702,12.2547,12.67172,13.59442,12.83143,12.76814,13.8005,13.53258,13.9378,12.89089,14.04279,13.82789,13.27038,13.39351,12.78197,12.74561,13.11722,12.43788,12.70938,12.89258,13.26801
"ENSG00000171456",10.8338,11.04027,10.47264,10.48608,10.93076,10.70361,10.65464,11.18552,11.3614,10.55141,11.31417,11.15666,10.8163,10.88609,10.79174,10.71968,10.98053,10.82859,10.68946,10.63332,10.45362
"ENSG00000171530",13.99072,14.52402,13.26869,13.34871,13.46281,13.09709,13.82616,13.49206,13.68013,13.02554,13.59508,14.03435,12.67854,11.38596,12.07308,11.66543,12.59559,12.27205,11.85647,11.515,11.73432
"ENSG00000171603",10.87843,10.56541,11.33572,10.95039,11.82685,11.19757,10.45488,11.12503,11.3266,11.1088,11.52813,11.63228,11.80384,12.33645,12.35439,12.24255,11.83994,11.43652,11.95789,12.04455,12.2109
"ENSG00000171608",13.33527,13.46283,13.6314,13.75488,13.76929,13.40575,12.72184,13.14684,13.28858,13.6416,14.04357,13.69196,13.31633,14.04723,14.0148,13.944,13.82275,13.41897,13.89166,13.89406,14.02904
"ENSG00000171634",14.33119,14.00845,14.70727,14.58104,14.2644,14.45158,14.17531,13.91053,14.1215,14.67949,13.68255,13.56637,13.95337,14.45224,14.31733,14.30961,14.14915,14.1727,14.19763,14.44765,14.28981
"ENSG00000171659",15.83437,15.4959,15.71317,15.55456,16.02674,16.02459,15.4924,15.84069,15.798,15.69367,15.68327,15.53754,15.17875,14.94917,15.31777,15.48432,15.34604,15.25045,15.06149,15.28357,15.46534
"ENSG00000171681",12.4586,11.75355,12.39198,12.57848,12.06105,12.08308,11.81411,12.11224,11.69929,12.20868,11.78772,12.27522,12.41688,12.8573,12.82513,12.7735,12.49137,12.65475,12.93122,12.69503,13.04255
"ENSG00000171735",14.05571,13.8342,14.12985,13.77197,14.07167,14.10449,14.35672,13.98997,13.6883,14.06541,13.43936,13.8468,13.82476,13.90001,13.41334,13.44064,14.08549,14.06219,13.81154,13.78637,13.76757
"ENSG00000171777",14.72197,14.81181,14.92222,14.54593,14.92965,14.64508,14.89988,14.94763,15.3282,14.79656,15.43341,15.35363,14.51981,14.9932,14.50144,14.62093,14.60513,14.40157,14.74235,14.88949,15.07808
"ENSG00000171843",12.47921,12.175,12.96844,13.32453,13.26087,14.17583,14.15601,13.85593,12.52533,12.63652,14.77947,13.46638,12.75472,12.64905,12.67033,12.7484,12.16221,12.71584,13.41592,13.63916,14.45995
"ENSG00000171853",10.86554,11.16137,11.31099,11.38957,11.38914,11.40782,11.67322,11.24131,11.5874,11.38667,10.92175,11.28755,10.97666,10.67827,10.86351,11.13471,11.01941,10.81183,11.30077,11.05122,10.54414
"ENSG00000171858",16.99732,16.99588,16.51585,16.8443,16.70184,16.44545,16.8328,16.94116,16.79081,16.61755,16.77608,16.74683,16.8179,16.14786,16.48458,16.3928,16.38502,16.31513,16.36754,16.24226,16.37789
"ENSG00000171860",13.6491,13.13658,13.55001,13.36907,13.79383,14.05755,13.84052,13.33393,13.96673,13.51385,13.94876,13.73976,12.83863,13.0694,13.15122,13.17603,13.05199,13.43483,13.31732,13.33788,13.37864
"ENSG00000171862",12.44721,12.28283,12.84711,12.70622,12.55066,12.71116,12.35152,12.97157,13.10631,12.83713,13.21183,13.00342,11.49977,11.58554,12.12317,11.98232,12.64689,12.39144,12.7407,12.75875,11.82277
"ENSG00000171863",16.18158,16.14541,15.73994,16.09309,16.0167,15.65804,15.95551,16.05751,15.95866,15.96912,15.94178,15.93915,16.21139,15.85564,15.88393,15.86368,16.00449,16.03464,15.87173,15.63156,15.95496
"ENSG00000171867",14.35662,14.07639,14.87273,14.40369,14.7124,14.69714,14.04662,14.55539,13.92649,14.0205,14.1883,14.49084,14.66092,15.31143,15.07584,15.11529,15.34251,15.05262,15.11408,14.95377,15.304
"ENSG00000171940",10.44877,10.18853,10.96533,10.4587,11.00501,11.44448,10.5328,10.82857,10.46589,10.66292,10.378,10.44221,11.94053,11.61205,12.47554,12.7364,11.71778,12.11823,12.92742,12.64918,12.00222
"ENSG00000171988",12.62059,12.44552,12.77134,13.21053,12.2415,12.7152,12.68565,12.54283,11.87573,12.46701,11.68688,11.63957,12.39497,12.73566,12.51932,12.75384,12.56367,12.42259,12.56119,12.49164,12.57305
"ENSG00000172053",13.85293,13.75393,13.24943,13.51084,13.63868,13.06085,13.05387,13.72972,13.61064,13.56022,13.65607,13.6888,13.34485,13.18798,13.44985,13.43913,13.32568,13.23696,13.3506,13.32192,13.14886
"ENSG00000172062",12.35599,12.19412,12.18853,12.21457,12.99296,12.76272,12.6011,12.39365,13.1633,13.41093,12.72418,12.73541,12.09214,12.4406,12.53186,12.44296,12.67741,12.43132,12.18514,12.39965,12.22653
"ENSG00000172071",10.68946,10.62833,10.64125,10.71631,10.8207,11.03731,10.16301,10.43218,10.37538,10.73821,10.46879,9.9291,11.01539,10.80496,11.34222,11.48403,10.76093,11.19203,11.16138,11.15234,11.26111
"ENSG00000172081",10.95471,11.57035,11.95459,11.73163,11.6669,11.2008,10.49349,11.1586,11.79345,11.57327,11.73248,11.46148,10.98234,11.58069,12.13367,11.92978,11.6697,11.08944,11.69309,11.6996,11.13144
"ENSG00000172086",11.00753,11.1367,10.97687,10.91626,11.25089,11.1014,11.64931,10.87794,10.66393,10.80107,10.888,10.79437,10.76616,10.76833,10.81617,10.8218,10.80367,10.904,11.11522,11.00396,10.85874
"ENSG00000172115",11.32013,11.72991,10.86878,10.62229,11.06711,11.01541,10.28122,10.64714,10.51842,11.22202,10.29651,10.17496,11.78755,11.19661,11.13386,11.40071,11.32679,11.22865,11.26192,11.09209,10.79427
"ENSG00000172123",10.90455,10.64818,11.12007,11.26025,11.47227,11.34083,11.61007,11.14407,11.14409,11.6373,10.77666,10.69473,11.4029,11.4987,11.13643,11.01072,11.01452,11.21445,11.54138,11.55863,12.07619
"ENSG00000172183",11.37362,10.84223,11.18271,12.43255,11.60006,11.6923,11.80417,11.40154,11.58151,11.29404,11.35904,10.809,10.71711,10.94803,10.86885,10.8628,11.03692,11.26919,11.04429,11.24283,10.85021
"ENSG00000172197",10.99945,10.44804,11.23227,11.1633,10.93315,11.1035,10.95504,10.88891,11.28004,10.82066,10.56812,10.8474,11.42562,11.45813,11.98282,12.26012,11.77932,11.727,12.53476,12.36497,12.14066
"ENSG00000172232",11.99208,12.54577,6.779499,7.589857,9.519876,6.35409,11.17703,10.70776,9.654917,8.925898,11.19157,12.06187,9.499137,4.809524,7.261125,6.113121,7.055874,6.588881,5.703442,4.62879,4.098912
"ENSG00000172322",13.14896,13.33198,13.7994,13.39224,13.17872,13.21798,13.06891,13.23129,12.43849,12.98279,9.522753,9.81238,9.969313,13.81913,9.897362,8.781815,13.47834,13.70886,14.00987,13.84292,7.726165
"ENSG00000172331",10.68339,10.59039,11.12218,10.56849,10.92817,10.48966,10.86571,11.25948,10.68053,11.01282,11.09689,10.71893,11.30065,10.96817,11.25193,11.43888,11.21901,10.88817,11.44183,11.23833,10.79884
"ENSG00000172349",14.16799,14.0691,14.74409,14.68936,14.5334,14.48844,14.11515,14.06234,14.2547,14.50028,14.66213,14.3576,14.12405,14.35742,14.53704,14.68878,14.34123,14.38168,14.73451,14.77442,14.69301
"ENSG00000172428",10.73721,10.7677,10.4978,10.4243,10.03228,10.43431,11.04857,10.88804,11.20913,10.82494,11.04712,10.90736,9.646665,9.546475,9.681103,9.658982,9.600482,9.518562,9.37147,9.752764,9.66689
"ENSG00000172432",9.80483,9.808772,10.18944,10.25745,10.33778,9.389145,10.56971,10.20532,10.34651,10.24357,10.53775,10.5266,9.7476,10.33127,10.4136,10.44557,10.16951,9.562672,10.12954,10.12332,10.20324
"ENSG00000172466",10.67339,10.63668,10.72371,10.63025,10.29176,10.64489,9.185309,10.01213,10.09492,11.12401,8.815905,9.171322,10.97963,11.64845,11.44739,11.69366,11.37389,10.84364,11.32172,11.15825,10.88564
"ENSG00000172493",14.49259,14.39741,14.39723,14.63322,14.19144,14.31872,14.55701,14.4452,14.48424,14.55503,14.43742,14.56202,14.19165,14.45418,14.03412,14.06589,14.02296,14.15684,14.21124,14.21541,14.26343
"ENSG00000172530",12.91291,12.77807,12.67857,13.13499,13.02011,13.11842,13.07487,12.80149,12.66213,12.88114,12.89949,13.26266,13.91756,14.00564,13.28494,13.31946,13.54399,13.36817,13.71981,13.64698,13.74002
"ENSG00000172531",14.41202,14.55779,14.61572,14.4311,14.5005,14.32915,14.41737,14.51007,14.56835,14.57573,14.48253,14.2991,13.26221,13.34534,13.6721,13.7413,13.50743,13.22002,13.34694,13.30182,13.39892
"ENSG00000172590",10.6273,10.26159,10.04669,10.09574,10.27254,10.21722,10.94239,10.38029,10.42707,10.17461,10.64509,10.72029,9.259168,9.209103,9.092215,9.303624,9.227641,9.185589,9.408166,9.208414,9.300395
"ENSG00000172594",12.16537,11.25726,12.29994,11.61281,11.61541,11.66985,12.03068,12.04217,11.83667,11.3762,12.89587,12.32465,12.86459,12.32955,11.94136,11.4053,12.5761,12.53958,13.67177,13.57183,12.59137
"ENSG00000172650",13.00704,12.46688,12.98502,13.19714,12.66636,12.89398,12.92768,12.78286,12.41695,12.35775,13.13725,12.37881,12.83524,12.7179,12.70543,12.83142,12.64399,12.74473,12.70344,12.84692,12.9407
"ENSG00000172661",13.13431,13.34264,13.12411,13.19729,13.25704,13.36777,12.92148,13.10811,13.52977,13.87963,12.87422,12.94341,13.37612,13.51355,13.47797,13.55313,13.72384,13.74073,13.90317,13.77782,13.67096
"ENSG00000172663",11.49238,11.09293,10.58713,11.13846,10.88082,10.52963,10.72242,10.6915,11.31387,10.95639,11.24656,11.14637,10.32344,9.807715,10.44906,10.33556,10.00706,10.16099,9.996893,10.13113,9.857008
"ENSG00000172671",10.85021,10.4214,11.47136,11.24726,11.02937,10.81066,10.88651,10.99557,10.54832,10.8978,10.7443,11.25757,11.46743,10.77791,11.2091,11.16853,11.19592,11.12177,11.28541,11.38005,11.26028
"ENSG00000172732",10.24599,10.42724,10.41236,10.83834,10.0059,9.679686,10.24771,10.37335,10.91953,9.905389,11.12112,10.86597,9.111416,9.280072,9.779774,9.916739,9.821834,9.389815,9.712519,9.71157,9.246806
"ENSG00000172775",10.69726,10.6891,10.66715,10.80027,11.04049,10.6392,10.58707,10.42392,10.42608,10.46955,9.895908,9.539479,11.46143,11.31981,11.1845,11.19254,11.20357,11.25152,11.60741,11.42031,10.68275
"ENSG00000172785",11.57937,11.97266,11.62512,11.79502,11.63274,11.53729,11.50353,11.3921,11.39457,11.66416,11.05616,11.22528,12.26749,12.61853,11.88455,11.9468,12.12152,12.36187,12.45614,12.34118,12.2823
"ENSG00000172794",10.53563,10.47462,11.49485,11.54262,11.70753,11.28034,11.28951,11.41939,11.68964,11.59049,11.71659,11.40466,11.24071,11.67594,11.68029,11.83243,11.53553,11.57357,11.90922,11.60158,11.92854
"ENSG00000172795",11.53081,11.56072,11.49331,11.58003,11.5303,11.45979,11.81772,11.7937,11.53464,11.3954,11.5005,11.62567,12.03689,12.10454,12.0411,12.11704,11.90536,12.02343,12.27044,12.00233,12.23841
"ENSG00000172809",16.23393,16.27719,16.29965,16.40924,16.31619,16.27497,16.6652,16.41396,16.36133,16.34043,16.43254,16.30725,15.591,15.46011,15.71853,15.8763,15.90946,15.41912,15.32435,15.61152,15.5788
"ENSG00000172817",11.63106,11.0652,12.01583,11.76015,11.8281,11.72985,11.28566,11.4113,11.97286,11.54697,11.88555,11.94132,12.2923,12.94372,12.17835,12.09908,12.39581,12.87543,12.66347,12.62657,12.46751
"ENSG00000172830",10.82911,10.88777,11.46855,11.3891,11.19131,11.35367,11.01042,11.23869,11.10991,11.22426,11.43951,11.24897,11.71238,12.1096,11.76391,11.82227,11.5572,11.76824,11.86279,11.90541,11.80114
"ENSG00000172845",13.01904,12.58423,13.15267,12.81233,13.0597,12.89135,12.7322,13.44803,12.99149,12.83107,12.90761,13.01321,13.64784,13.68876,13.69541,13.76148,13.63692,13.63824,13.93557,13.6731,13.79002
"ENSG00000172889",9.988049,9.925064,10.15511,10.0426,10.10377,10.01519,9.712038,10.08984,10.2015,9.965631,9.859571,9.990401,10.68541,11.09158,10.80827,10.90287,11.00566,10.81534,10.98492,11.02533,10.83106
"ENSG00000172922",12.53615,13.35773,9.882307,10.65154,11.25649,10.7116,11.78233,11.77011,11.90704,11.0749,12.28589,12.85967,11.01135,9.392078,10.45274,9.932777,10.70413,9.990146,9.550871,9.446259,9.821743
"ENSG00000172932",13.46212,13.57948,13.95437,14.06862,13.91145,13.53529,14.13031,13.93849,14.25358,13.7616,14.42683,14.33603,12.897,13.17797,13.34344,13.4432,13.6207,13.22212,13.24791,13.43725,12.94714
"ENSG00000172936",13.82669,13.94302,14.22111,13.90476,14.33298,14.18487,13.81237,13.58573,14.17226,13.9629,14.07047,14.09782,13.90901,14.69598,13.92773,13.84532,14.43813,14.47332,14.35143,14.331,14.3629
"ENSG00000172939",11.69578,11.8027,11.8627,11.56669,12.20205,12.0071,11.3537,11.29368,11.56923,11.69186,11.06218,11.38728,12.83661,13.70805,12.56771,12.53946,13.22647,12.8916,12.87712,12.8627,12.81935
"ENSG00000173020",12.56629,12.9976,12.82571,13.00885,12.90152,12.53329,11.68956,12.51896,13.09583,12.69354,13.35335,13.28556,13.26905,13.69786,13.48691,13.14151,13.21496,12.96692,13.36136,13.36952,13.36704
"ENSG00000173039",9.885566,9.953752,10.19289,10.01445,10.26997,10.48522,10.22602,10.22255,10.26031,10.25433,10.25567,10.41365,8.922499,9.713544,9.365422,9.213716,9.397157,9.528653,8.804665,9.043203,8.98139
"ENSG00000173064",11.55771,11.13198,11.43485,11.30499,11.46813,11.40378,11.69918,10.99807,11.10774,10.9365,11.34453,11.11308,12.00709,11.88846,11.63493,11.75975,11.68804,11.45545,11.8202,11.78126,11.90761
"ENSG00000173207",10.77457,11.94473,9.948744,10.34281,9.96986,9.386325,10.16743,10.63655,10.44091,9.208612,10.83311,11.13615,10.27372,9.582671,9.315868,9.387981,9.557455,10.21393,8.746073,9.142862,9.49093
"ENSG00000173214",10.12275,9.428618,10.05669,10.14152,10.13878,10.3886,10.33486,9.854954,10.35295,10.15115,11.312,10.2203,10.74644,10.4889,9.581996,9.816556,9.870961,9.965163,11.17593,10.84642,10.91016
"ENSG00000173272",10.74718,11.39763,9.850592,9.801698,10.34764,9.68087,10.90721,10.84594,10.3443,9.607432,10.80312,10.91846,10.13061,9.486698,10.14983,10.05528,10.22004,9.893394,10.04522,9.905733,9.874483
"ENSG00000173327",12.23426,12.1001,12.32773,12.43143,12.36858,12.41163,11.54814,11.95077,11.99559,11.9543,12.76442,12.92749,13.14804,13.31766,13.16258,13.13201,13.40344,13.16851,13.2776,13.03161,13.26362
"ENSG00000173409",10.67548,10.92892,10.45361,10.51204,10.57112,10.28252,10.53377,10.73299,11.04267,11.10687,10.1152,10.9403,10.45291,9.776772,10.65419,10.73261,10.65102,10.54803,10.42218,10.16819,9.955767
"ENSG00000173436",14.30834,14.47718,13.63023,13.64335,13.57922,13.08124,13.86222,13.81659,13.80252,13.81587,13.66143,13.93635,13.86895,12.9513,13.24817,13.17207,13.13368,13.09292,13.67198,12.96976,12.79463
"ENSG00000173473",12.37087,11.98821,12.53077,12.62919,12.63102,12.74396,12.28644,12.41668,12.48236,12.72918,12.42355,12.49519,13.50856,13.76713,13.48312,13.61964,13.63013,13.58031,13.70397,13.89886,13.9384
"ENSG00000173480",10.35069,9.864326,10.32466,10.77277,10.59575,10.386,10.04437,10.11579,10.20203,10.52088,10.11254,10.66551,11.19132,11.27766,11.2515,11.43526,11.05189,10.9106,11.44229,11.10718,11.00582
"ENSG00000173535",10.10449,11.37801,12.35929,12.08604,11.06772,11.03827,10.76039,10.78685,11.62444,11.27485,11.2543,10.54033,11.30916,10.26018,11.74836,11.63593,11.01001,11.09586,11.3544,11.14618,10.60442
"ENSG00000173545",11.05965,10.82316,11.00777,10.67656,10.46628,10.80078,10.6592,10.37818,10.24708,11.07207,10.04524,10.035,10.50574,9.928792,10.74818,10.93988,10.41028,10.48501,10.43371,10.56731,10.44337
"ENSG00000173559",13.10736,12.73162,13.02107,12.89352,12.42778,12.80703,12.04394,12.5564,12.79071,12.97343,13.25278,12.59022,13.16277,13.95859,13.33969,13.49239,14.16068,14.22425,13.61765,13.63662,13.35671
"ENSG00000173575",14.26385,13.93839,14.16194,14.34221,14.17032,14.54449,14.17065,14.35453,14.29173,14.72332,14.15975,14.13367,15.26149,15.55485,15.07381,15.04123,15.36788,15.28153,15.10698,15.18289,15.18303
"ENSG00000173660",12.60461,13.01824,12.13536,12.18861,12.64469,12.41782,12.7828,12.49821,12.6257,11.88585,12.389,12.62967,11.3863,10.90088,11.30966,11.1546,11.46368,11.06873,10.83138,10.84172,10.01688
"ENSG00000173674",11.16246,11.26073,10.43551,10.56534,10.64225,10.61483,9.546621,9.449848,10.54979,10.74055,10.74864,9.349493,9.578053,9.523614,10.33432,10.46293,10.66587,10.50228,10.39229,10.24326,9.647106
"ENSG00000173692",10.54632,10.27568,10.44583,9.899085,10.52908,10.56866,10.46439,10.39919,9.818003,10.2791,9.928357,9.471003,10.58449,10.58077,10.42027,10.48435,10.6219,10.50629,10.71453,10.52343,10.96897
"ENSG00000173744",11.23937,11.23249,11.13459,11.11736,11.16454,10.68873,10.79404,11.01313,11.11159,10.87224,11.0493,11.09865,11.23149,11.43223,11.23122,11.0717,11.40673,11.33632,11.15107,10.86002,11.08177
"ENSG00000173757",11.89952,11.96138,12.19711,12.35461,12.34929,12.17737,11.91752,12.30552,12.22858,12.14336,12.11616,12.10793,12.64004,13.07328,13.08192,13.06197,12.68662,12.72602,13.05203,13.13935,13.29704
"ENSG00000173812",17.12435,17.21746,17.45116,17.32027,17.29521,17.32104,17.35294,17.30928,17.27556,17.28767,17.33702,17.19187,17.55775,17.52013,17.50572,17.43705,17.49722,17.43446,17.42359,17.42028,17.28081
"ENSG00000173846",10.00171,10.00047,10.18324,10.2653,10.38069,10.6482,9.796099,9.924017,9.916625,10.30679,10.11171,10.12606,9.326807,9.538614,9.293462,9.29065,9.934844,9.469603,9.47565,9.125988,9.354867
"ENSG00000173875",9.459054,9.110703,9.905676,9.757364,9.934093,9.510563,9.607422,10.1263,9.66549,10.05278,9.516703,9.069238,10.89419,10.47838,11.05183,11.0455,10.95378,10.62591,10.84397,10.88364,10.94371
"ENSG00000173890",11.31872,12.30565,9.894919,10.34333,9.814222,8.715927,12.87123,12.40231,11.19571,8.873949,11.49047,12.41905,10.93462,8.863661,9.946094,9.159288,10.74971,10.21439,9.075925,8.965591,8.755822
"ENSG00000173930",10.55092,10.93033,10.52866,10.22719,10.53192,10.72968,10.18052,9.801534,10.28553,10.34748,10.24895,10.20459,10.98287,10.99036,10.64395,10.44607,10.80777,10.68982,10.88034,11.06697,10.89494
"ENSG00000174004",10.87589,10.53805,11.72863,11.57958,11.27587,11.11992,11.26095,11.19098,11.45358,11.1402,10.96236,10.8536,10.54018,11.09826,10.39237,10.2747,9.523404,9.599598,10.39605,10.53451,10.57263
"ENSG00000174106",11.59255,11.41879,11.20172,11.56331,11.89712,12.38844,11.79673,11.79481,11.18314,11.36608,11.47043,11.70792,11.8412,12.03557,12.3296,11.94986,11.89594,12.30098,11.94977,11.96362,12.42248
"ENSG00000174173",12.04181,11.18564,11.97166,11.75106,12.01405,11.60149,10.27597,10.51311,11.49553,12.56021,11.14665,10.62893,11.2661,9.854292,11.43424,11.68706,10.21092,10.7394,12.05798,11.80334,11.8393
"ENSG00000174485",12.81423,12.36601,12.25403,12.32964,12.35049,12.46821,12.13685,12.1969,12.1083,12.64599,11.80573,12.08339,13.59725,13.75447,12.68137,12.80554,12.93627,12.77987,12.72661,12.49807,13.26162
"ENSG00000174501",12.49241,13.04302,12.64021,12.53776,12.98748,12.89554,13.06932,12.76436,12.46332,12.5461,12.27533,12.44311,13.29034,13.11641,12.99157,12.96086,13.00076,12.89548,12.75155,12.57958,13.37685
"ENSG00000174695",12.74352,12.76544,12.50269,11.71906,12.5216,13.19911,12.35615,12.43397,12.18129,12.55873,12.53973,12.47577,12.60023,12.29113,12.60303,12.65913,12.10766,12.48889,12.4921,12.37651,12.47319
"ENSG00000174718",12.43371,12.25964,12.67053,12.59919,12.30055,11.98538,12.39677,12.98336,12.25962,12.30458,12.40734,11.46313,12.70188,13.58408,13.23862,13.20453,13.02455,13.24483,13.88694,14.00698,12.15209
"ENSG00000174720",10.27949,9.987979,10.22664,10.73236,10.67553,10.40891,10.2828,9.948535,9.653996,10.4902,9.2085,9.758091,9.920542,10.47767,10.76007,11.0238,11.11886,10.95083,10.46116,10.60279,10.84459
"ENSG00000174744",10.0029,10.32493,10.10395,10.06234,9.413404,9.933146,10.14268,10.11459,9.956575,10.38755,10.23801,10.06666,9.516041,9.3116,9.757227,9.692219,9.548857,9.453911,9.339909,9.604848,8.956772
"ENSG00000174748",14.89464,15.06103,13.9016,14.60132,14.38886,14.04054,14.49688,14.34987,14.07203,14.22835,14.44283,14.40757,14.19223,13.24411,13.63623,13.43389,13.88457,13.595,13.27794,12.85509,13.51134
"ENSG00000174780",11.97815,11.70538,11.38669,11.4087,11.56033,11.69945,12.03639,11.75036,11.61565,11.58799,11.73207,11.96644,11.31781,11.45343,11.68021,11.67547,11.69741,11.29109,10.93395,11.02064,10.97587
"ENSG00000174837",12.06458,11.83668,12.70183,12.86623,12.80234,12.78578,11.79722,12.18719,12.2562,12.63273,12.41631,13.18601,13.61448,14.03875,13.37967,13.59478,13.49094,13.54089,13.72536,13.55657,13.30483
"ENSG00000174903",10.84908,10.93487,11.03654,10.91219,11.37861,10.65196,9.955296,10.54525,11.37726,10.79843,11.45979,11.15037,10.64617,10.9257,11.2318,11.11286,11.24364,10.81732,10.68907,10.62079,10.46039
"ENSG00000174943",11.83064,11.37953,11.78776,12.61501,12.04424,11.77709,11.38567,12.35048,12.10547,11.90219,12.65336,12.42384,12.14812,11.78981,11.42792,11.81019,11.61259,11.04799,11.65912,11.54815,11.16348
"ENSG00000174944",9.175774,8.959402,12.94185,13.22184,12.68927,12.4977,12.3946,12.60744,11.3548,11.10799,12.8731,12.61763,13.54255,13.76163,12.39054,12.86066,13.30874,13.11993,12.51039,12.37121,12.15007
"ENSG00000175029",9.689453,9.507495,10.20264,9.812375,10.18012,10.1471,11.20705,9.78074,11.12427,10.65507,11.28586,11.25828,9.027964,9.64682,9.415503,9.534689,9.703146,9.117516,9.338982,8.934385,9.358113
"ENSG00000175104",11.16877,11.14712,11.72565,11.32937,11.43719,11.59317,10.49323,11.10391,10.9997,11.46839,10.88166,10.61906,11.7729,11.72301,12.26821,12.19365,11.80225,11.97066,12.00386,12.03085,12.30491
"ENSG00000175110",10.61998,10.40435,10.19779,10.42949,10.45053,10.30219,10.59268,10.5871,10.4139,10.34817,10.43746,10.08126,11.32359,10.53642,10.97437,10.99419,11.17814,10.85601,10.67032,10.35298,10.44759
"ENSG00000175115",10.96144,10.59329,11.09128,10.94647,11.19057,11.23378,10.29024,11.07012,11.23324,11.27313,11.30012,11.4027,10.31843,10.80635,11.01706,10.6116,10.10952,10.40475,10.48645,10.74466,11.30824
"ENSG00000175155",10.04083,9.54767,10.32066,10.34631,10.64308,9.840687,11.07368,10.68936,10.54115,10.7746,11.02103,10.77375,9.68399,9.757142,9.769262,9.822826,10.07038,9.680091,10.53845,9.865885,10.51067
"ENSG00000175193",13.73461,13.75155,13.27341,13.06899,13.44907,13.68459,13.36898,12.93041,13.15363,13.54704,12.93444,13.04838,13.6894,13.54471,13.34427,13.45915,13.35235,13.32172,13.29162,13.25643,13.17212
"ENSG00000175220",12.9294,12.83108,13.07814,12.9497,12.9862,12.87656,13.035,12.84691,13.51767,12.85394,13.82328,13.41332,12.79763,13.01247,12.93762,12.80777,12.70438,12.23328,12.79697,12.87946,13.08117
"ENSG00000175221",10.40868,9.874273,10.79005,10.70689,10.22594,9.85081,9.815973,9.866681,9.810254,9.982684,10.4621,10.76246,11.27243,11.98548,11.73108,11.58927,11.23705,11.18826,10.82074,11.11752,11.81687
"ENSG00000175309",12.35239,11.979,12.11602,12.26789,12.751,12.523,12.41423,12.29138,12.27918,12.20395,12.77249,12.66978,12.18549,12.16472,11.75485,11.87186,11.97666,11.62391,11.88508,11.79156,11.5269
"ENSG00000175324",11.69193,11.3259,11.55378,11.41351,11.47552,11.16391,11.70202,11.34166,11.36811,11.56369,11.06819,11.11504,11.45348,10.80449,11.67719,11.84115,11.3474,11.21141,11.65028,11.55731,10.72171
"ENSG00000175334",12.64291,12.86896,11.50745,11.97146,11.30684,11.50225,11.89628,11.84878,13.16675,12.18034,12.79467,12.51797,11.7715,11.48455,11.11611,11.40919,11.55316,11.36821,11.1624,11.22272,10.81473
"ENSG00000175390",12.81215,12.59134,12.26684,12.4867,12.53398,11.79599,13.14653,12.76021,12.66254,12.28885,12.50283,12.61818,10.44223,10.21643,10.5736,10.55064,10.92449,10.35124,10.7369,10.16857,10.19813
"ENSG00000175455",13.03685,12.81887,12.99016,12.84068,12.94919,13.10611,12.48657,12.54706,12.70813,12.878,12.40478,12.72816,13.41528,13.20646,13.43995,13.4922,13.74949,14.11919,13.05144,12.98473,13.69763
"ENSG00000175470",9.488576,9.180281,9.579003,9.578897,9.630816,9.796307,9.710867,9.235717,8.825946,9.915875,9.380103,9.358814,11.00974,11.23513,10.92468,10.84545,10.38665,10.67316,10.8766,10.8862,10.92255
"ENSG00000175471",10.54228,10.88325,10.3928,10.10497,10.7643,10.48479,11.01646,11.35685,11.09296,10.37575,10.29756,10.41991,11.8717,11.67914,10.84157,10.71683,11.57056,11.28832,11.08646,10.82841,11.23745
"ENSG00000175538",11.48019,10.92947,11.6688,11.94685,11.47612,11.48882,11.27069,10.78432,11.98832,11.2631,11.76071,12.10566,11.12056,10.24059,10.28611,10.50609,10.16411,10.43741,11.07265,10.95696,10.32973
"ENSG00000175581",11.04482,10.12055,9.680877,10.4166,9.878112,9.896732,9.380953,9.999426,10.66235,10.06639,10.69607,10.1334,10.73305,10.7984,9.613311,9.833845,10.08747,10.24389,10.14244,10.43342,10.52046
"ENSG00000175582",12.04927,11.77219,12.01788,11.6762,11.74143,11.811,11.65423,11.85814,11.90232,12.20858,11.74378,11.56243,12.02465,12.46418,12.25877,12.27717,12.44753,12.22669,12.22535,12.23103,12.27717
"ENSG00000175806",11.14299,11.81639,9.794222,10.18164,10.73042,10.07793,10.94982,10.59915,10.63573,10.18065,10.28371,10.77499,9.694292,9.122053,9.298339,8.947805,9.382732,9.164324,8.901445,8.676659,8.748366
"ENSG00000175826",10.4807,10.4106,9.988824,9.656579,10.50667,10.15769,10.86948,10.84172,10.22104,10.1642,10.30208,10.51648,9.314843,9.120707,9.696983,8.994468,9.372322,9.107155,9.497075,9.373857,9.663846
"ENSG00000175857",13.49814,13.33315,13.62798,13.45337,13.75903,13.71908,13.56126,13.80635,12.87318,12.64778,13.41134,12.90009,13.66022,13.60516,13.5473,13.47796,13.68067,13.99317,13.68268,13.54721,14.07349
"ENSG00000176018",12.90849,12.43205,12.98352,12.77883,12.83552,12.83229,12.88254,12.50468,12.38545,12.67724,12.30293,11.98491,13.6327,13.68272,13.70395,14.0798,13.76107,13.65061,13.40739,13.52412,13.37057
"ENSG00000176095",11.09673,11.54738,11.58862,11.64429,11.46438,11.72832,9.699516,10.64546,10.37826,11.4432,10.86898,11.10361,11.82496,12.08246,11.97839,12.03155,11.81193,11.78862,12.1325,12.16134,12.12238
"ENSG00000176102",11.11201,11.37492,11.03887,11.20635,11.07973,10.93989,10.92578,10.40097,11.0952,10.50389,10.85499,10.92955,11.2929,11.27765,11.17952,11.0396,10.85648,10.57161,11.12791,11.25493,11.53674
"ENSG00000176105",9.735524,9.604495,10.56344,10.20945,10.97035,9.940138,10.61106,10.21,8.978687,11.13086,9.281671,9.485353,11.44219,13.43944,11.37986,10.75348,12.81609,11.2177,11.4872,11.90048,11.8072
"ENSG00000176142",10.33909,10.01721,10.18386,9.91937,10.44639,10.92534,10.74078,10.51447,10.6804,10.60625,11.19436,10.68353,11.14611,11.09503,11.05111,11.03144,11.16856,10.93128,10.98337,11.0786,10.99903
"ENSG00000176209",11.62612,11.69883,10.71907,10.89011,11.13318,11.10483,10.61904,10.63245,10.59959,10.35307,10.41877,10.66702,10.43276,9.929627,10.14034,9.997728,10.39486,10.15424,10.11886,10.07706,9.737449
"ENSG00000176386",13.1914,13.14017,13.20605,13.17706,13.25503,13.28773,13.65893,13.2508,13.60358,13.48652,13.82014,13.47345,13.25918,13.16837,13.46435,13.36023,13.06259,13.42791,13.1688,13.19731,12.78064
"ENSG00000176390",9.947203,10.2951,10.21283,10.4813,10.07561,9.682683,9.807545,10.25079,9.927814,10.20408,9.835079,9.005459,10.90088,11.1511,10.99559,11.19441,10.84814,10.58677,11.29116,11.19285,10.25094
"ENSG00000176407",12.18989,11.79903,12.14129,11.63393,12.17298,12.37093,11.7783,11.99674,11.92722,11.96678,11.87084,12.23716,12.76304,12.64084,12.741,12.56766,12.49945,12.62442,12.83204,12.73008,12.63427
"ENSG00000176463",13.79406,13.45013,13.97968,13.50438,14.34284,14.16242,14.25598,13.71913,14.05324,14.03264,14.38593,13.47861,13.79869,13.90587,14.60322,14.48488,13.81009,13.77788,14.11235,14.15495,14.48198
"ENSG00000176624",12.46034,12.49434,13.46333,13.08405,13.09655,12.87395,12.56308,12.95475,12.70305,12.94339,12.50928,12.95333,12.82026,12.28145,13.07024,12.8299,13.48041,12.9797,12.71119,12.68055,12.61227
"ENSG00000176681",14.53958,14.62601,13.46126,13.83073,13.56387,13.1143,13.83266,13.80676,14.40397,14.47891,13.65324,13.90965,14.18855,14.87045,14.31052,14.35627,14.4892,14.51984,13.70853,13.92701,13.35046
"ENSG00000176788",11.79062,12.28611,12.70174,12.29638,12.47891,12.1953,12.77174,12.89617,12.84299,12.74219,12.22114,12.68172,11.53306,11.98683,11.9645,11.71519,12.28208,12.07922,12.51592,12.48423,11.56551
"ENSG00000176809",12.73523,12.55328,11.63969,11.77334,12.03423,11.79667,11.8201,11.56985,12.58418,12.66234,11.37039,12.22445,12.38214,12.21492,11.74218,11.91649,13.08205,12.76404,11.7958,11.89902,11.77966
"ENSG00000176845",11.49566,10.92207,11.4068,10.85549,11.9803,10.70376,11.29922,10.82948,11.96822,11.93528,11.86239,11.46593,10.32229,11.77991,11.55266,11.79422,12.4421,11.09044,11.17599,10.77965,10.20577
"ENSG00000176853",11.2558,10.79867,11.82921,11.30558,11.82655,11.48687,11.42653,11.54632,11.5226,11.48518,11.46345,11.41328,12.46148,13.52134,12.84536,12.8478,12.96623,13.036,12.81189,12.92541,12.57606
"ENSG00000176871",11.8227,11.88625,12.32869,12.06719,11.8513,11.36386,11.97717,11.93168,12.67389,11.84236,12.73175,12.49751,11.73091,11.49068,11.73163,11.69507,11.64258,11.46267,11.39986,11.36918,11.45622
"ENSG00000176953",9.766906,10.25678,10.13357,10.28814,10.21988,9.672211,9.853338,9.89484,10.1158,10.14604,10.27078,10.17324,10.70846,11.10721,11.10334,10.79401,10.98584,10.71541,11.06532,10.93026,10.7526
"ENSG00000176994",10.52871,10.16159,10.49834,10.72428,10.96283,11.15526,10.48698,10.30687,10.844,11.20556,10.35169,11.04494,11.23271,11.62201,11.76982,11.84616,11.64267,11.30249,11.57714,11.32135,11.35787
"ENSG00000177042",10.27956,10.31085,9.661649,9.675432,10.8604,10.16309,9.224927,9.969398,9.975486,9.826144,10.1865,10.04737,9.883972,9.747636,9.562785,9.76463,9.435794,9.340104,9.500882,9.390526,9.5909
"ENSG00000177105",13.49901,13.62636,14.01516,13.74876,13.75125,13.7171,13.51272,13.69198,13.59836,13.5322,13.74503,13.65416,13.06353,13.22212,13.41377,13.33967,13.21492,13.16419,13.22095,13.21554,13.11781
"ENSG00000177156",13.45107,13.68187,13.47908,13.16071,13.76543,12.68982,13.44586,13.11382,13.18718,12.59686,13.28044,13.13622,13.53013,13.3341,13.37476,13.56051,13.47229,13.16236,13.48995,13.45553,13.27026
"ENSG00000177200",12.23924,12.21229,12.24692,12.3543,11.91718,11.80352,12.37656,11.97822,11.7529,11.85129,10.95495,10.97358,11.39251,11.3177,11.51407,11.71995,11.16199,11.31723,11.39513,11.48341,11.29891
"ENSG00000177311",11.36825,11.60673,12.47674,12.52083,11.84461,12.40869,11.7186,11.47031,11.12618,12.42519,10.70318,10.97845,12.24376,12.25532,12.68815,12.75384,12.23471,12.4633,12.47231,12.37381,12.5423
"ENSG00000177409",12.57963,12.37503,12.84235,12.85614,12.95998,12.58173,12.11791,11.73055,12.08199,12.09907,11.42687,10.26474,12.81472,13.07384,12.67743,12.78354,13.68609,14.83748,13.69116,13.64769,14.22172
"ENSG00000177426",11.37118,10.7888,11.66672,11.64257,11.26515,11.66386,11.08259,11.37199,12.00794,11.30263,11.50791,11.69033,11.07195,11.33113,11.0828,11.24111,11.2688,11.34978,11.27862,11.4523,11.29802
"ENSG00000177463",11.39371,11.94426,11.89066,11.53901,12.31504,11.67726,11.13748,11.4393,11.32149,11.34304,10.99578,11.28721,12.72473,12.76841,12.93254,12.88909,12.44201,12.6626,12.98431,12.85651,13.11124
"ENSG00000177476",11.18878,10.5045,11.09886,10.63896,11.54165,10.68566,11.35724,11.20331,12.05179,11.32375,11.71922,11.19248,10.0104,10.40409,9.588334,9.849892,10.20659,10.10583,10.98577,10.91522,10.06796
"ENSG00000177485",9.401937,9.353697,9.344275,9.2827,9.276422,9.368484,9.159479,8.787932,8.723663,9.480466,8.798822,8.761559,10.96654,10.80608,10.96008,10.95114,10.96298,11.17003,10.6901,11.0915,11.09054
"ENSG00000177600",15.83722,15.9295,15.62096,15.92466,15.71523,15.32769,16.21841,15.98749,15.899,15.50194,16.01901,16.05951,15.42669,15.09637,15.29697,15.26582,15.4486,15.25839,15.10055,14.94583,15.12355
"ENSG00000177628",12.71167,13.54655,12.48498,12.10572,13.03927,12.02546,12.22778,12.91902,12.92995,12.00875,12.99058,13.55124,12.52052,12.04092,12.63035,12.4256,12.44295,12.31905,12.27739,11.92226,13.02873
"ENSG00000177663",13.98287,13.94792,14.10162,14.05884,14.33312,14.38174,13.97741,14.10011,14.15419,13.96211,14.13885,14.13503,13.96072,13.82554,14.10679,13.96072,13.92514,13.7723,13.95834,14.04546,13.98123
"ENSG00000177674",13.48293,14.14993,14.21826,13.61724,14.10294,13.65432,13.85015,13.74955,13.75162,13.10624,13.98863,13.83989,12.45522,12.54139,12.67183,12.44302,12.31049,11.08189,12.40298,12.28176,11.7452
"ENSG00000177683",11.58524,11.79861,11.99154,12.04623,11.9183,11.56193,12.0049,11.67955,11.6027,11.56132,11.67078,11.58562,11.96221,11.78935,11.66478,12.11139,11.37126,11.69311,11.8205,11.70668,10.87321
"ENSG00000177721",10.96755,10.53221,10.29701,10.56505,10.1848,10.13635,11.20794,11.36907,11.84004,10.68664,11.34728,11.76633,10.64861,9.775236,10.04658,10.23886,9.578633,9.943848,10.17583,10.09645,10.2131
"ENSG00000177731",12.74492,13.1909,13.06143,12.77979,12.86945,12.65437,12.61442,12.79329,13.04208,12.87673,12.81163,12.96077,13.02379,12.88389,13.26647,13.39554,13.18336,12.57226,13.20294,13.02076,12.9396
"ENSG00000177733",10.24844,10.98463,10.6899,10.34009,10.49745,9.847021,9.421599,10.37465,10.71352,10.47494,10.82048,11.19567,10.66545,11.65775,10.89134,11.22347,11.2067,10.7172,10.707,10.66208,10.37152
"ENSG00000177879",12.30301,12.81377,11.74347,11.24993,12.02167,11.97676,10.82021,11.68578,11.19646,11.78788,11.59367,11.41586,11.81726,11.19993,11.78598,11.60071,11.51597,11.44958,11.4046,11.38838,11.31438
"ENSG00000177885",12.5288,12.53863,12.7732,12.7253,12.63417,12.54664,12.38816,12.37178,12.08068,12.36604,12.18142,12.14436,13.45338,13.68387,13.48829,13.48941,13.30112,13.00581,13.62191,13.45623,13.31957
"ENSG00000177889",10.73417,10.31163,10.53483,10.20463,10.47542,10.66096,10.24893,10.22262,10.54096,10.7485,10.11514,10.1202,10.84232,10.32642,10.43515,10.27797,10.62547,10.18071,10.48202,10.33508,10.67605
"ENSG00000177917",12.92755,12.16046,13.24499,12.55504,12.92909,12.78653,12.48003,12.58447,12.9287,12.52851,13.12628,13.2926,12.72096,12.63078,13.04101,12.9274,13.13285,13.17348,13.40937,13.32018,13.56486
"ENSG00000177954",15.3948,15.30681,15.35151,15.52428,15.41059,15.24277,15.46389,15.53391,15.68455,15.2141,15.55078,15.59464,14.67521,14.67765,14.82137,14.73679,14.89394,14.72437,14.43354,14.69664,14.49159
"ENSG00000177971",13.45012,13.21779,12.8364,12.95737,12.86747,13.29858,13.50145,13.21743,13.65077,13.20809,13.41695,13.697,12.89028,11.82789,12.39606,12.59918,12.26582,12.56447,12.39636,12.03207,12.22423
"ENSG00000177981",13.60549,13.45609,13.71801,13.55043,13.74154,14.02986,13.51392,13.8227,13.62116,14.06938,13.99556,13.56535,13.58253,13.67715,13.6354,13.77162,13.49597,13.50786,13.86176,13.87064,13.65356
"ENSG00000178149",10.12184,10.0728,9.292277,9.755065,9.820139,9.370213,10.03639,9.326118,10.33995,9.752977,10.08381,10.30245,9.596085,9.311651,9.713793,9.775881,9.482125,9.284157,9.508505,9.397633,9.670185
"ENSG00000178177",12.74326,12.56088,12.48359,12.50585,12.61303,12.50389,11.80843,12.24125,11.76952,12.51583,11.54748,11.12334,13.04471,13.05598,13.05598,12.95001,12.88246,13.08171,13.0581,13.13744,13.28176
"ENSG00000178381",12.57223,12.59468,13.26754,12.85907,13.25191,13.46208,13.15778,13.23062,13.01031,13.96145,12.82473,12.78324,11.97097,12.46632,12.87887,12.80551,13.20934,12.90598,12.38708,12.25802,12.10455
"ENSG00000178386",10.10983,9.287632,9.627073,10.41545,10.27513,9.993759,9.359329,9.179225,10.22964,10.20585,9.653106,10.39737,10.50338,9.715952,9.415776,9.773715,9.408092,9.87585,9.857897,9.78692,9.956741
"ENSG00000178449",12.31356,11.8985,12.28142,12.41614,12.18303,12.413,12.54771,12.18076,12.66365,12.84307,12.53535,12.67775,12.04553,12.06701,11.95523,11.81386,11.99436,11.93839,12.12528,12.17276,11.39598
"ENSG00000178538",11.39724,11.12442,12.59795,11.98914,12.05084,11.9108,11.18922,10.59075,11.10237,11.69863,11.48847,11.60698,12.43221,12.0893,10.97962,10.81668,12.09584,11.98778,12.32472,12.62177,12.09224
"ENSG00000178573",15.99892,15.77564,16.0686,16.05393,16.0514,16.3593,16.14799,16.1701,16.36959,16.36874,16.32771,16.35756,15.64194,15.13594,15.81793,15.82985,15.68835,15.84633,15.96137,15.96192,16.09014
"ENSG00000178607",14.78886,14.73643,14.49255,14.54455,14.99791,14.8569,14.36594,14.66081,14.5734,14.78798,14.73141,14.72967,14.86705,15.23635,15.10597,14.85475,14.96935,15.1359,15.33079,15.41994,15.46125
"ENSG00000178764",12.42892,12.22404,12.96315,12.82673,12.75063,12.82997,12.92139,12.70197,12.81321,12.86175,12.89296,12.96204,11.99469,12.42254,12.12153,12.29463,12.18103,12.26804,12.06316,12.06502,11.84408
"ENSG00000178821",10.02779,9.915977,10.09242,10.40555,10.3132,9.978662,9.831994,9.923181,10.13163,9.919011,10.28116,10.09803,11.37834,11.86031,11.6144,11.58949,11.58815,11.59947,11.63024,11.61337,11.68661
"ENSG00000178952",11.93611,12.09026,12.17959,11.90171,11.70989,11.68635,11.57903,11.28401,11.6095,12.13588,11.73077,11.3533,11.12399,10.88157,11.09327,11.26719,11.14761,10.75255,11.21745,11.23207,10.97832
"ENSG00000178971",9.990534,9.656296,10.14903,10.28587,10.31669,10.31493,10.79657,9.946147,10.68096,9.965947,10.19021,10.81123,10.31584,10.83697,10.20166,10.64778,10.33969,9.95303,10.50007,10.35225,10.49985
"ENSG00000178980",13.3865,13.01694,13.40828,13.12161,13.47673,13.34293,13.09502,13.33319,14.04199,13.77198,13.51142,13.52665,12.29203,11.80477,12.48624,12.47701,12.50809,12.47913,12.69312,12.49688,12.92714
"ENSG00000178982",15.09887,15.09126,14.84975,14.61972,14.8216,15.04537,14.99849,14.73741,14.58798,15.10001,14.62354,14.55869,14.30743,13.92583,14.23436,14.4001,14.12439,13.98334,14.11992,13.98932,14.18804
"ENSG00000178988",13.83707,13.30822,13.93273,13.73875,13.79116,13.81774,14.17408,13.91163,13.67479,13.23689,13.80025,13.99079,13.19145,13.79849,14.13135,14.26254,13.97257,13.99041,13.7572,13.61067,13.26351
"ENSG00000179010",12.13252,12.53946,12.56184,12.11522,12.48057,12.15835,11.48703,11.21235,10.55109,12.06346,10.43341,9.785285,12.2231,12.35144,12.62135,12.70182,12.30044,11.98337,12.32014,12.3161,11.11816
"ENSG00000179085",11.97415,11.83176,11.2671,10.99091,11.19881,10.97288,12.39458,11.65277,11.84978,11.47058,11.91384,11.97261,10.21875,9.79839,10.15474,10.41382,9.810566,9.909195,10.03219,9.976288,9.70747
"ENSG00000179091",12.00141,12.25323,11.24161,11.50769,11.43723,10.90076,12.52337,11.62403,11.8784,11.71481,12.34888,12.5542,10.88716,10.70686,10.82429,11.28063,10.92194,10.28586,10.5582,10.32878,10.22061
"ENSG00000179115",10.30671,10.58819,9.910457,10.06586,10.0659,9.230779,10.0809,10.54558,10.46656,10.1448,10.35663,10.15638,9.695331,9.934546,9.70732,9.922143,9.917335,9.824927,9.967863,9.856856,9.705434
"ENSG00000179134",12.52452,12.6541,12.7088,12.92447,12.9837,12.84052,12.16625,12.52028,12.55438,12.50934,12.7157,12.57228,13.41251,13.77983,13.5514,13.34044,13.49704,13.67825,13.33277,13.51084,13.56812
"ENSG00000179152",10.77826,10.57518,11.02478,11.26647,11.24234,11.4906,10.94609,11.16801,11.80646,11.55868,11.44337,11.64522,10.97818,11.59007,11.6834,11.42613,11.34076,10.96192,11.11251,11.1802,11.34237
"ENSG00000179218",11.32221,11.58884,11.45714,11.47894,11.52907,11.10706,10.29483,11.265,11.22426,11.16133,11.24075,11.08983,13.07004,12.68699,12.94451,12.76042,12.31312,12.49998,12.58748,12.37392,12.29952
"ENSG00000179262",10.48383,10.7159,9.764846,10.00544,9.555828,9.71649,9.83608,10.22067,10.64434,9.965854,10.30187,10.55516,10.44286,10.19627,10.19578,10.35431,10.45943,9.470851,9.862147,9.769305,9.229085
"ENSG00000179295",10.8414,10.64468,10.75031,10.50656,10.91183,10.70547,10.69078,11.01262,10.38857,10.77517,10.41389,10.35127,11.46593,11.49702,11.52761,11.44765,11.40638,11.33102,11.51355,11.50598,11.54966
"ENSG00000179335",10.33861,10.23841,10.83417,10.64361,10.55597,10.57342,10.68919,10.86253,11.07057,10.43372,10.91846,10.95467,10.40329,10.92344,10.5568,10.66646,10.62354,10.47051,10.56888,10.21523,10.4433
"ENSG00000179348",16.03447,15.69327,16.26655,16.36522,16.06513,16.0962,15.63368,16.01995,16.50756,16.1682,16.28364,16.52822,16.37381,16.57196,16.29909,16.37573,15.97974,16.07469,16.4264,16.34369,16.46178
"ENSG00000179542",8.866005,8.607871,10.076,9.683555,10.81047,11.15808,9.63881,9.27447,10.32779,10.421,10.90912,9.859754,10.69638,8.183244,9.826447,10.13741,9.297838,9.931691,10.94012,10.90621,9.872443
"ENSG00000179639",16.79375,16.77491,16.82176,16.82967,16.81973,16.73201,16.62538,16.76041,16.92071,16.6607,16.70118,16.76288,17.19512,17.06755,17.57383,17.45285,17.38662,17.4311,17.40216,17.4013,17.42155
"ENSG00000179750",12.22612,12.11851,13.23632,13.32057,12.91475,12.39649,12.48535,12.78701,13.21005,13.59274,12.5602,12.69928,12.62681,13.94629,13.04263,12.97336,13.1149,13.1197,14.25491,13.96784,13.26424
"ENSG00000179820",12.75772,12.40333,12.80306,12.20306,12.7451,12.4782,13.03518,12.88438,13.4712,12.83553,13.83893,13.6452,12.2521,12.37887,12.1127,11.8428,12.4169,12.01368,11.58206,11.43995,12.56534
"ENSG00000179912",12.78367,12.75116,13.10671,13.06158,13.09401,12.90668,13.29094,12.97505,12.99201,12.79424,13.07152,13.08492,11.68665,12.29281,12.02755,12.22414,12.07891,11.76468,12.02778,12.10418,11.94565
"ENSG00000180182",10.74919,10.07172,10.65959,10.36244,10.5759,10.43907,10.05657,10.03466,10.72291,10.57676,10.97694,10.44824,8.957227,9.179838,10.04633,10.11291,9.809813,9.661174,9.787011,9.696299,9.444502
"ENSG00000180198",11.94436,11.44075,12.24309,12.70382,12.25674,12.50366,10.50236,9.949966,11.93614,11.94361,12.26307,11.21962,12.95021,12.34962,12.38355,12.15017,12.66564,12.70681,12.56759,12.56759,13.28647
"ENSG00000180233",10.08961,9.806555,10.20236,10.29408,10.18977,10.2558,10.24864,10.23466,9.82542,10.00082,10.12905,10.29755,10.44233,10.29654,10.32573,10.25678,10.43514,10.56243,10.40379,10.55781,10.54147
"ENSG00000180316",12.0117,12.15485,13.29655,13.05365,12.77392,12.67796,13.03355,12.68936,13.23068,12.81723,12.76081,13.2979,13.30529,13.19875,13.37836,13.14054,13.17477,13.1421,12.98642,12.89019,13.06112
"ENSG00000180353",10.96535,10.9352,10.86646,10.98939,11.18394,10.66686,10.63894,11.05852,10.23161,10.78467,10.75906,10.67779,11.19016,11.81331,11.12942,11.38167,11.42858,11.38868,11.57511,11.45779,11.40065
"ENSG00000180357",11.29595,11.15927,11.85561,11.83989,11.99502,11.67688,11.53857,11.59288,11.31267,11.66849,11.29451,11.8692,12.33306,12.88658,12.45509,12.66034,12.21113,11.95256,12.31095,12.35874,12.90923
"ENSG00000180488",11.18338,10.37347,10.91418,10.95461,10.92239,11.10635,11.57733,10.80837,11.01303,11.21396,10.86725,10.92026,10.87695,10.74904,10.40852,10.72133,10.29866,10.49705,10.70277,10.73411,10.86729
"ENSG00000180535",12.16568,12.15531,12.68416,12.55326,12.79134,13.06401,12.33979,12.53614,12.62536,12.77816,12.55366,12.59903,11.97437,12.00745,12.2718,12.21658,11.92066,12.201,11.86987,12.2229,12.64108
"ENSG00000180573",13.06624,12.97987,13.05877,12.86091,12.98485,12.38004,12.96396,12.9171,13.47331,13.52652,13.19431,12.7716,12.65415,12.68585,12.90983,12.99824,12.88208,12.85149,13.07519,13.09955,12.80211
"ENSG00000180628",10.38064,10.4568,11.11125,10.64022,10.82909,10.50508,10.66899,10.74976,10.3158,10.54208,10.91728,10.13468,9.664599,10.00982,10.15338,9.964075,10.13242,10.2835,9.941931,9.968971,9.957476
"ENSG00000180879",12.32733,12.47767,11.65542,11.25562,11.77267,11.88568,12.62542,12.4437,12.47723,12.10532,12.52029,12.27544,10.70158,10.33875,10.57499,10.51246,10.55668,10.19525,9.922903,9.720822,9.999228
"ENSG00000180884",11.09233,10.99439,11.33562,11.25299,11.62082,11.69697,10.24497,11.19795,11.70398,11.24379,11.84354,11.38284,11.77543,11.37212,11.6973,11.43472,11.50269,11.65746,11.90048,11.63955,12.10051
"ENSG00000180953",11.84087,12.173,12.56932,12.45251,12.48063,12.363,12.67915,12.32071,12.57068,12.11112,12.60577,12.1411,11.4357,11.27619,11.43792,11.43069,11.45189,11.50673,11.49195,11.40154,10.87421
"ENSG00000180957",10.27307,9.96815,10.38691,10.66218,10.69653,10.58497,10.47317,10.38927,10.0792,10.44939,9.802743,9.895175,11.20925,11.2466,11.22274,11.09518,10.87009,10.86786,10.93418,11.01763,11.32081
"ENSG00000181029",9.707368,10.32623,10.38503,10.24922,11.04995,10.82722,11.96794,11.2066,9.946058,9.37992,11.37195,11.42781,8.819361,8.537183,8.479042,8.601744,9.126258,8.088348,8.867846,8.445894,7.881981
"ENSG00000181038",12.30637,11.97426,11.85849,11.7456,11.89266,12.425,11.81208,11.65697,11.94764,12.20086,11.78372,11.50747,11.64654,11.33432,11.25177,11.28716,11.34366,11.26083,11.23736,10.99645,10.71277
"ENSG00000181061",10.97555,10.84879,10.93022,10.70395,10.5614,10.70346,10.29038,10.09138,10.26678,10.78913,9.94759,9.99796,10.56086,10.42956,10.44547,10.50477,10.30545,10.50258,10.46817,10.44547,10.25749
"ENSG00000181090",9.563545,10.0111,10.20384,10.4763,10.22767,10.06224,9.91387,10.08042,10.10769,10.10618,10.09063,10.16259,9.794088,9.846428,9.856323,9.991761,9.592043,9.616955,9.664841,9.813605,10.02649
"ENSG00000181192",9.963023,10.05539,10.45098,10.44346,10.27325,9.951949,10.29619,10.22325,10.24605,9.939345,10.42425,10.30304,10.18697,10.49254,10.66806,10.82665,10.60701,10.29546,10.60726,10.8648,10.35255
"ENSG00000181404",13.79448,13.6643,13.79788,13.93858,13.60042,13.57148,13.52582,13.84647,14.01647,13.82784,14.04572,13.82608,12.24671,12.6717,12.92679,12.75737,12.56767,12.19587,12.52271,12.35022,12.6517
"ENSG00000181472",10.45539,10.30589,10.42869,10.14574,10.95767,10.98638,9.836478,10.38969,10.6906,10.85104,10.4002,10.44428,9.745035,9.808372,10.28276,10.13128,10.27122,10.24114,10.04984,10.39215,9.771076
"ENSG00000181555",10.73139,10.51105,11.00829,10.97983,11.04992,10.3242,10.99955,10.78514,10.66199,10.71414,10.19729,10.50984,12.02214,12.1018,11.79551,11.89956,12.0457,11.83473,12.24666,12.21983,12.04009
"ENSG00000181722",14.10349,13.73454,14.57865,14.68605,14.52363,14.55153,13.89352,13.87318,14.03354,14.25174,13.43023,13.69414,14.51483,14.6083,14.55721,14.33613,14.49208,14.72645,14.48584,14.74305,15.13329
"ENSG00000181788",9.952583,9.966736,10.86079,10.54036,10.20715,10.84291,10.5198,10.70577,10.26447,10.68372,10.35928,10.92618,8.979249,9.069261,9.502101,9.508888,9.725761,9.415633,8.463573,8.917477,8.533538
"ENSG00000181789",11.52459,11.29141,11.11124,11.03486,11.04178,11.10642,10.87753,10.97138,11.07008,11.1126,11.273,11.11831,11.47937,11.50955,11.7816,11.8337,11.50345,11.02522,11.51549,11.37903,11.38152
"ENSG00000181827",11.20826,11.15152,11.59569,11.30467,11.65714,11.65509,11.36948,11.41082,11.08302,11.67425,11.01533,10.63413,11.42815,11.5892,11.932,12.03695,11.7943,12.17148,12.01603,12.03949,12.19497
"ENSG00000181852",10.34393,10.75579,11.10857,10.79101,10.5927,9.74334,10.50358,10.7845,10.83362,10.69022,11.01022,10.64016,9.99668,10.34751,10.66913,10.42098,10.26675,10.09345,10.08117,10.2635,10.41408
"ENSG00000181929",14.3235,14.23925,14.58334,14.59871,14.46002,14.83073,14.16736,14.60204,14.46961,14.53501,14.67667,14.43466,14.46656,14.4641,14.15879,14.32821,14.20739,14.37029,14.35029,14.40321,14.48441
"ENSG00000182004",13.56595,13.83012,13.09316,12.90635,13.08416,13.15124,13.49535,13.41362,13.47417,13.42279,13.65345,13.73795,13.32483,12.37793,12.65813,13.00128,12.79317,12.9534,12.85747,12.76429,12.64552
"ENSG00000182087",11.55048,11.29176,11.2889,11.80842,11.34731,9.952269,10.10338,11.37643,12.10507,10.36389,11.81936,12.33896,10.74713,11.08543,11.02864,11.36491,11.19533,10.39255,10.71482,10.24221,10.25484
"ENSG00000182117",14.36222,14.33423,13.97091,13.91852,13.80671,13.43784,14.35682,14.19006,14.92871,14.08182,15.06884,14.48297,13.05568,12.59968,12.98181,12.94629,13.1926,13.16195,12.97184,13.07486,12.80062
"ENSG00000182141",10.93697,10.82804,10.91296,11.1115,11.15303,10.41205,10.01482,10.01075,10.30513,10.91386,9.720364,9.743663,11.31259,11.04092,10.86175,11.03117,10.96646,11.22026,11.36853,11.38627,11.28609
"ENSG00000182154",12.47405,12.08012,12.1541,12.3706,12.29624,11.78596,12.68877,12.2288,12.63792,12.20181,12.4559,12.36712,11.72022,11.60181,11.37178,11.50316,11.59616,11.46927,11.34287,11.59975,11.40096
"ENSG00000182158",12.39392,12.52645,12.49202,12.44544,12.84506,12.62744,12.62573,12.28777,12.54654,12.1866,12.67764,12.61703,11.58388,11.76618,11.59496,11.74016,11.50923,11.3242,11.23673,11.1363,11.58676
"ENSG00000182162",11.84357,11.78008,12.06805,12.07882,12.88731,11.92751,11.50042,12.26672,11.77888,12.02104,12.03794,12.0763,12.43381,13.03573,12.73156,12.56655,12.54997,12.46868,12.75595,12.74337,12.5866
"ENSG00000182179",14.02919,13.73771,14.11169,14.22781,14.2268,14.02009,14.05642,14.03426,14.43561,14.20494,14.4978,14.47501,13.00321,13.64112,13.30517,13.44327,13.14133,13.33877,13.68981,13.377,13.87533
"ENSG00000182180",11.23328,11.55477,10.66084,10.52423,10.60718,10.14527,10.8522,10.56087,10.91891,10.47423,10.36364,10.9085,10.48013,10.24867,10.17601,10.26711,10.38221,9.650758,10.19686,10.07086,9.41418
"ENSG00000182196",10.10755,10.29175,9.770159,9.876612,9.919085,9.127251,9.912052,10.00049,10.07376,9.937783,9.998028,10.10214,9.210235,9.401002,9.191335,9.48907,9.488678,9.123553,9.298458,8.906162,9.347536
"ENSG00000182220",12.21872,12.30432,11.65036,11.23563,11.84397,11.88956,11.76221,12.0408,11.77192,12.15884,12.06186,11.73168,11.79807,11.814,12.31545,12.00218,11.68211,11.80162,11.88523,11.74544,12.23438
"ENSG00000182287",10.6279,10.98314,10.48976,10.27021,10.86386,10.98593,11.11831,11.35086,11.41124,11.09291,11.65602,11.44495,10.19245,10.71485,10.91267,10.68421,11.05366,10.30941,10.66291,10.07003,10.67545
"ENSG00000182446",11.89537,12.4336,12.65247,12.6095,12.39001,11.33855,11.95724,12.41046,12.54993,11.77823,12.1747,12.05918,12.57263,12.63258,12.49703,12.67184,12.18152,11.91992,12.78945,12.44745,12.15907
"ENSG00000182473",10.71095,10.42358,10.91207,11.07919,11.06557,10.28158,9.2035,10.14176,9.72281,10.94549,9.947418,9.787299,10.89641,11.00121,11.07928,10.99414,10.73229,10.87084,10.89326,10.9891,10.88457
"ENSG00000182518",10.14964,10.68026,10.38525,10.24566,10.253,10.52026,10.21457,9.975697,10.59685,10.45747,10.25997,10.31026,10.50239,10.4423,10.77143,10.83512,10.63529,11.02017,10.66678,10.77409,10.795
"ENSG00000182541",10.98907,10.9255,10.90796,11.16697,11.58831,11.48908,10.67278,10.59582,10.79664,11.40613,11.25054,11.59688,11.59522,12.5405,11.514,11.4466,11.89658,11.69881,11.6625,11.45517,11.76961
"ENSG00000182552",10.32094,10.28,10.33088,10.36397,10.02011,10.02321,10.80206,10.44122,10.60106,10.00456,10.73826,10.89635,9.95256,9.751856,9.9393,10.03969,9.870699,9.807604,9.974228,10.20439,9.752251
"ENSG00000182568",14.11819,14.07523,14.48286,14.33715,14.66947,14.54451,13.57367,13.64913,14.03432,14.25228,13.66238,13.9607,14.56353,15.08683,14.78267,14.59587,14.62682,14.35856,14.66806,14.69325,14.78786
"ENSG00000182628",10.56563,10.76256,9.980843,9.675596,9.76335,10.189,9.855511,10.15448,10.14624,9.585632,9.287208,10.14954,9.914986,9.913216,10.05453,9.937979,10.24438,9.878409,9.739199,8.977727,9.59104
"ENSG00000182670",10.57993,10.60221,9.958131,10.53433,10.98478,10.96714,11.20894,10.99075,10.63492,10.95791,9.792003,10.10473,10.9854,11.39739,11.07516,10.76743,11.30972,11.00973,11.50076,11.35661,11.20842
"ENSG00000182718",12.84688,12.55402,13.15619,12.70744,13.24644,12.77948,12.43977,12.37876,12.43909,12.48194,12.5617,12.34392,13.06737,13.25899,13.01859,13.12927,12.82425,12.71367,13.18936,13.37459,13.46926
"ENSG00000182827",11.06781,10.69956,10.92999,11.40082,10.92011,11.05063,11.01151,11.18249,11.11334,11.02363,10.88676,10.90373,11.30069,11.57694,11.72643,11.63295,11.63036,11.66481,11.70189,11.48922,11.64877
"ENSG00000182885",11.16703,11.75008,12.1594,12.20708,12.05566,11.95678,11.74869,11.51167,11.91819,12.28742,11.96766,11.85736,12.1569,13.74023,12.27114,12.33622,13.09751,12.69173,11.82432,11.76801,11.85442
"ENSG00000182899",16.56651,16.51085,16.50027,16.59885,16.4502,16.46848,16.60282,16.61599,16.46172,16.43864,16.57917,16.48765,16.47691,16.19006,16.51266,16.37913,16.50334,16.41352,16.27521,16.28765,16.39755
"ENSG00000182923",12.26488,12.23107,12.54792,12.25332,12.45257,12.8295,12.538,12.41048,11.53451,12.82522,11.70691,11.67257,13.541,13.46882,13.18894,13.42479,12.62041,12.62514,13.56345,13.44872,13.41801
"ENSG00000182944",12.33116,12.26774,12.40764,12.60556,12.40058,12.41453,12.64833,12.11902,12.40159,12.58625,12.42828,12.39483,12.41256,12.68332,12.50419,12.63209,12.56415,12.53591,12.21039,12.29014,12.529
"ENSG00000182986",9.280778,9.317961,9.558767,9.62578,9.437514,9.589876,9.297611,9.060126,9.690039,9.603536,9.26273,9.429569,11.00294,10.93015,10.95439,10.53624,10.80301,11.62256,10.8311,11.06595,11.34124
"ENSG00000183020",11.29334,11.01627,11.02579,11.11866,10.81565,11.02287,10.841,10.76635,11.11216,10.74332,11.594,11.50886,11.56015,11.49451,11.61248,11.2475,11.2826,11.28379,11.45428,11.57437,11.62392
"ENSG00000183049",10.86346,10.29907,11.39575,11.33544,11.50339,11.24141,10.57887,10.29217,11.10376,11.09121,10.19645,10.19717,12.50752,11.83902,11.23519,11.2079,10.96761,10.83351,12.43266,12.25161,11.29935
"ENSG00000183066",10.08617,9.914959,10.30897,10.15074,10.29789,10.65374,10.27821,10.19003,10.25555,10.30186,10.18111,10.26734,9.62002,9.527035,9.761693,9.72865,9.580338,9.89161,9.694171,9.645525,9.711925
"ENSG00000183134",10.38757,10.34055,10.75178,10.45725,10.5529,10.6237,10.84992,10.79052,10.72461,10.66229,10.89898,10.7418,10.61069,10.53797,10.67454,10.82755,10.59374,10.71126,10.96643,11.05004,10.74334
"ENSG00000183155",10.41193,10.50072,10.04808,10.05446,10.50625,9.963289,10.64704,10.52109,10.50795,10.16864,10.59334,10.66246,10.18143,9.938105,9.929321,10.08942,10.40207,10.16109,9.791783,9.799211,9.997061
"ENSG00000183172",12.25696,12.81962,11.85183,11.67276,11.54846,11.08658,11.37005,11.71939,11.20447,11.1445,11.36944,11.35684,10.43299,10.36944,10.70285,10.60725,10.5765,10.18198,9.985163,10.01046,9.897244
"ENSG00000183283",13.621,13.76357,13.72729,13.46203,13.47475,13.65795,13.34264,13.41184,13.08288,13.82358,13.1786,13.27667,12.68613,13.09669,13.12992,13.22669,13.07185,12.88806,12.54778,12.62602,12.69451
"ENSG00000183291",14.45334,14.32068,14.20088,14.27587,14.33829,14.57001,14.02774,14.64065,14.26033,14.56402,14.18638,14.03372,14.17399,14.25726,14.56034,14.51731,14.2833,14.25345,14.29011,14.30634,14.3464
"ENSG00000183323",10.65295,10.41604,11.2426,11.39252,10.79251,10.94453,10.65778,10.50697,10.59477,10.8096,11.53671,11.12064,12.03569,12.43793,12.17603,12.01401,12.10469,12.06884,12.70842,12.90724,12.18981
"ENSG00000183336",11.29752,11.18027,10.25966,10.77016,10.68336,9.510909,11.37997,10.97014,11.42967,10.363,11.33272,10.94703,8.031287,8.984404,7.873039,7.982123,8.820077,7.749691,7.587395,7.268251,7.294336
"ENSG00000183337",10.84533,10.70628,10.79764,11.07799,10.56997,10.74079,10.2967,10.64541,10.80524,11.11801,10.57454,10.39547,11.20722,11.31408,11.54847,11.5109,11.09806,11.09481,10.95306,10.96235,11.21083
"ENSG00000183354",12.70543,12.53238,12.91095,12.92308,13.10335,12.65279,11.83938,12.24958,12.63057,12.80252,11.52375,10.94617,13.59895,13.85332,13.42716,13.56512,13.62718,13.57186,13.75526,13.86602,13.55455
"ENSG00000183426",11.35773,11.66515,11.26122,11.36231,11.55405,10.77187,11.37957,11.25902,11.32568,11.19187,10.98529,11.51149,11.48975,11.58246,11.00496,11.08904,11.70776,11.55972,11.4376,11.24908,11.65132
"ENSG00000183474",11.01057,10.23741,11.16776,11.37556,11.25973,10.93526,10.4691,10.3924,11.36852,11.20589,11.25193,10.39359,11.79158,11.06167,9.749722,10.38722,10.64237,10.81743,10.53732,10.42522,11.83192
"ENSG00000183495",10.81463,10.54108,10.66115,10.84862,10.51017,10.46339,11.23936,10.24904,11.00939,11.10356,10.81245,10.9354,11.02023,10.84459,10.83089,11.10594,10.76736,10.5776,10.64009,10.6542,10.59782
"ENSG00000183513",11.78813,11.58486,11.63561,11.50197,11.17214,11.48115,11.92008,11.46457,11.5298,11.80539,11.69559,11.95967,11.94646,11.85815,11.80887,11.81673,11.68495,11.72176,11.90972,11.92971,11.61746
"ENSG00000183530",11.51629,11.41798,12.41175,12.36308,11.79196,12.17559,10.98902,11.45408,11.15456,12.10624,11.11028,11.237,13.31998,13.43511,13.43182,13.41401,13.21867,13.34392,13.43145,13.81175,13.42041
"ENSG00000183576",10.12923,10.02392,10.12137,9.880276,10.16129,9.899451,9.801623,10.16869,10.39571,10.09695,10.27256,10.63434,10.58763,10.57116,10.74277,10.33667,10.94824,10.79422,10.82512,10.54863,10.73884
"ENSG00000183597",10.1769,10.61342,10.94385,10.95069,10.72068,10.59242,10.51156,10.29572,10.8889,10.83976,10.41576,10.45522,10.36444,10.20639,10.17776,10.24495,10.13312,9.979451,10.29256,10.09405,10.4034
"ENSG00000183621",10.77707,10.78569,10.49829,10.16665,10.40886,9.692587,11.46283,10.71511,11.08219,10.24573,10.31966,10.3144,10.34212,10.09586,9.858434,9.975352,9.669868,9.803622,9.933764,9.640457,9.004601
"ENSG00000183688",16.40815,16.36326,16.11559,16.15536,16.45326,16.37914,16.47373,16.49698,16.3931,16.29325,16.15462,16.26624,15.86421,16.68405,16.10518,16.02614,15.90906,15.89617,16.29832,16.40753,16.18197
"ENSG00000183696",11.44846,10.90335,12.02793,11.5425,12.09811,12.30537,11.72133,11.53251,10.88467,11.75357,11.23824,10.94167,11.16069,11.81237,11.28538,11.37892,11.57514,11.3741,11.46876,11.50508,10.65249
"ENSG00000183726",14.02535,13.96174,14.40226,13.98333,14.11341,14.48086,14.4558,14.46105,14.35603,14.31041,14.2162,14.16749,14.33065,14.37132,14.43032,14.26891,14.35419,14.31757,14.29842,14.29355,14.36606
"ENSG00000183735",10.35028,10.18744,10.9983,10.43341,10.63851,10.5933,9.821281,10.58108,9.95486,10.48616,9.514466,9.653844,11.12288,11.47802,11.50084,11.29436,11.34562,11.27569,11.26556,11.60756,11.26237
"ENSG00000183793",12.6943,12.70515,12.4225,12.63782,12.78941,12.0455,12.49475,12.39224,12.46224,12.27627,12.11105,12.46664,12.83486,13.05517,12.36633,12.24672,13.02381,12.91847,12.82902,12.73711,12.84689
"ENSG00000183891",12.64207,12.55354,12.87542,12.57827,13.11066,12.84601,12.51763,12.69185,11.88728,12.9879,11.85022,12.25227,11.08145,12.21697,12.0271,11.95211,12.1277,11.91056,11.61773,11.64364,11.51263
"ENSG00000183943",11.88789,11.45632,11.26832,11.40762,11.53024,11.2265,10.99285,11.36781,12.11821,12.06958,11.84666,11.25051,11.82582,12.02644,11.99403,11.92141,12.31062,12.01306,12.67162,12.79321,12.01775
"ENSG00000183978",11.12426,10.97839,10.63543,10.09842,10.60677,10.16764,10.90578,10.50084,10.83941,10.73238,10.47132,10.67607,8.90259,8.42,9.074071,9.319284,8.641759,8.592783,9.115665,8.540549,7.916244
"ENSG00000184007",15.47015,15.2935,15.86004,15.68713,15.7595,15.75638,16.03475,15.75159,15.74081,15.57285,15.74425,15.67325,15.80358,15.9193,16.03498,15.87646,15.96903,15.83484,15.98175,15.94439,15.91115
"ENSG00000184009",16.32228,16.5483,16.84459,16.5731,16.45197,16.34786,16.37003,16.71922,16.47874,16.31258,16.84427,16.5139,16.15448,16.48805,16.87973,16.8343,16.68396,16.25607,16.28284,16.43761,16.14152
"ENSG00000184076",13.93385,13.98464,13.42038,13.53261,13.18143,13.19184,13.68031,13.7482,14.15493,13.33791,14.03049,14.04899,12.87231,12.20685,12.74765,12.99453,12.63577,12.6948,12.67435,12.63795,12.27731
"ENSG00000184110",11.77949,11.80335,11.01139,11.04841,11.14,11.33529,11.4711,10.80622,10.88939,11.77424,11.42455,11.21711,11.09422,11.1743,11.08276,10.92303,10.76904,10.50915,11.34668,11.05722,11.06001
"ENSG00000184260",14.97171,14.85008,14.98246,14.91625,14.94532,15.0122,15.66781,15.35283,15.19127,15.00458,15.38488,15.36048,15.31135,15.17939,15.53121,15.63295,15.55672,15.49408,15.22056,15.12168,15.36439
"ENSG00000184270",13.23361,13.99034,12.22995,12.39203,12.82308,12.33757,13.29391,13.47292,13.10608,12.30634,13.36397,13.55351,10.74353,10.63459,11.08244,10.65549,11.25407,10.91064,10.56789,10.04536,10.74712
"ENSG00000184357",12.25929,13.96734,11.13641,11.30829,11.58616,10.11873,12.91989,12.56964,12.24803,10.60522,12.32105,12.16156,10.49474,9.972208,10.18818,10.04421,10.54408,10.278,9.900815,9.226649,8.729931
"ENSG00000184470",10.58933,10.01544,9.952503,9.915844,10.27411,10.16707,9.814843,10.18753,11.06962,9.658311,11.54844,11.40653,10.34151,10.46384,9.944131,9.903329,10.46733,10.14941,10.20716,10.23954,10.07671
"ENSG00000184584",13.30951,13.50353,12.39502,12.06155,12.18557,12.32059,12.92158,12.72265,12.9577,12.41039,13.03371,13.0154,13.39061,12.61306,12.32974,12.46658,11.99057,12.32809,12.01711,12.10253,12.20491
"ENSG00000184634",11.80387,11.92062,12.17508,12.36494,12.40891,12.05818,12.02275,12.24785,11.94795,12.38114,12.2457,11.85771,12.4579,12.42399,12.27936,12.32398,11.92531,12.20307,12.3925,12.26112,12.48106
"ENSG00000184640",10.50902,10.51133,10.49373,10.4215,10.92184,10.58086,10.37934,10.51654,11.37627,10.60204,11.44655,11.09783,10.46901,10.64459,10.78888,10.65944,10.53205,10.16965,10.59745,10.3593,10.98392
"ENSG00000184863",12.3954,12.23804,12.5091,12.75746,12.54929,12.4417,12.34519,12.16403,12.36084,12.40541,12.45173,12.31359,12.69191,13.13583,12.75118,12.80004,12.68418,12.72728,12.83565,13.09015,12.82115
"ENSG00000184922",14.00319,13.94654,14.1574,14.16377,14.12522,14.02855,13.97944,14.0143,14.34421,14.17212,14.23583,14.34054,13.58497,14.16252,14.15181,14.14694,13.98467,13.6981,13.96389,14.10355,14.16887
"ENSG00000184988",12.89614,12.27927,12.92444,13.22039,12.66504,13.11235,13.46777,12.9468,13.31379,13.01375,13.60287,13.54797,12.41067,13.07985,12.70388,12.71635,12.4656,12.45539,12.6402,12.65916,13.14389
"ENSG00000185000",11.69865,12.14637,10.68493,10.7098,11.2525,10.64603,10.98116,12.07941,12.33505,10.98053,11.86085,12.64522,11.35069,10.99965,11.06052,10.89167,10.93808,10.5901,10.80565,10.17125,10.52609
"ENSG00000185009",12.65671,12.41458,12.48723,12.73963,12.32112,12.37033,12.06315,12.18286,12.69118,12.59781,12.71487,12.67635,12.32732,12.14776,12.48344,12.55707,12.39625,12.46785,12.41517,12.20405,12.63532
"ENSG00000185049",12.37134,12.11302,12.11892,12.2724,12.08536,12.53365,12.82173,12.07572,12.84851,12.70383,12.64794,12.77901,12.02862,11.63535,11.37112,11.62867,11.50685,11.28358,11.5659,10.86596,11.43292
"ENSG00000185088",14.076,14.25294,14.20657,13.95151,14.01826,14.25657,14.04594,14.09101,14.41116,14.46402,14.00484,14.24932,13.58233,13.17182,13.55346,13.63686,13.71384,13.58837,13.73359,13.58141,12.74579
"ENSG00000185129",13.01094,13.42188,13.25028,13.2985,13.09844,13.05594,13.2942,13.06551,13.20888,13.03622,12.97541,13.13602,13.13094,12.9105,13.0912,13.0992,13.34383,13.14976,13.15236,13.13846,12.65217
"ENSG00000185158",11.92867,11.56849,11.62217,11.6027,11.69992,11.33848,11.47814,11.30324,11.48406,11.55106,11.58469,11.24524,11.91106,11.68705,11.25392,11.48616,11.691,11.93125,11.5901,11.82764,12.05588
"ENSG00000185164",10.26981,10.55173,9.39894,9.515751,9.537951,9.883981,9.875875,9.544424,10.13565,9.812455,10.09374,9.742823,11.39592,10.87735,10.98361,11.18117,10.58883,10.89238,10.58867,10.72468,10.77595
"ENSG00000185201",13.70133,13.59477,15.18098,14.60516,14.26692,14.16515,14.61762,14.1692,15.7766,14.66966,15.02288,15.14544,10.67367,11.9906,12.66224,12.50886,12.42305,12.3862,11.31928,11.58719,13.09489
"ENSG00000185236",10.98083,11.30429,11.34663,11.276,11.1902,10.32836,10.16955,10.70193,10.63492,10.6289,10.92441,11.21947,11.19744,11.56352,11.13685,11.32515,11.39932,10.5684,10.73443,10.22808,10.92178
"ENSG00000185262",11.11122,11.07356,11.09279,10.55627,11.24284,10.927,10.7768,11.22014,11.21204,10.92511,11.17439,11.70033,9.515967,9.63843,9.828415,9.554739,9.981771,9.861984,9.509815,10.05349,9.933332
"ENSG00000185305",9.971733,9.420154,10.27813,10.35897,10.37005,10.09296,9.397805,9.656663,9.552705,9.950597,8.227236,8.862698,11.243,11.12427,10.46976,10.56268,11.00618,10.76912,11.14645,10.98764,11.0981
"ENSG00000185344",14.42114,14.15314,14.80628,14.73581,14.91596,14.99892,14.62333,14.15803,14.40701,14.51079,14.50937,14.82501,14.21985,14.52808,14.43164,14.59973,14.66402,14.61227,14.3658,14.4975,14.50688
"ENSG00000185359",9.719027,10.14579,9.90644,10.14352,10.07837,9.269779,7.518537,9.025845,9.869104,9.190653,9.405868,9.766401,10.95751,11.26179,11.52209,11.33116,11.13216,10.8227,11.26971,10.94304,10.81697
"ENSG00000185404",10.04423,9.607366,10.18119,10.69884,10.63782,10.44193,10.98698,10.38366,9.754926,10.19054,10.021,9.405372,10.06925,10.57564,9.973229,10.17602,10.2138,10.16229,10.05657,10.22055,10.13525
"ENSG00000185432",14.57787,14.39555,14.96589,14.59981,14.84658,14.89434,13.40492,14.59897,14.92846,14.7999,15.18634,15.18324,15.51577,15.49118,15.75362,15.65575,15.45264,15.67144,15.84803,15.89175,16.17808
"ENSG00000185475",14.27781,14.06999,14.34327,13.93788,13.96277,14.35078,14.72496,14.50058,14.99986,14.16869,14.83666,14.9574,13.61351,13.42497,13.59676,13.74608,13.31275,13.49207,13.63738,13.51667,13.45379
"ENSG00000185591",12.83514,13.35604,13.18466,13.46036,13.45424,13.37314,12.54229,12.96599,12.6427,13.18184,12.55994,12.69359,13.65979,13.96906,14.10215,14.2495,13.77414,13.90989,13.91021,13.93526,14.04963
"ENSG00000185608",10.33143,10.18813,9.733812,9.737455,9.778898,9.984172,10.40217,9.752364,10.50887,10.65823,10.42509,10.24974,9.297497,8.953977,8.935324,9.242422,8.833079,8.742125,8.518768,8.589555,8.952293
"ENSG00000185624",10.76981,11.39896,10.49375,10.35688,10.55523,10.26248,11.19791,11.13198,11.44472,10.89646,11.31033,11.561,10.50678,10.46252,10.78961,10.53884,10.66945,10.09018,10.23753,10.04674,9.805831
"ENSG00000185627",12.00629,12.01722,11.94975,11.90375,12.14073,11.89348,11.39168,11.9961,12.03082,12.3225,11.84423,12.18419,12.29569,12.28426,12.38879,12.50163,12.16553,12.2065,12.12843,12.31092,12.05556
"ENSG00000185650",14.59543,14.1251,14.73711,14.80471,14.89715,14.68045,14.87696,14.54807,15.44298,14.70755,14.61639,14.48263,13.49121,13.46397,13.56687,13.48422,13.89001,13.97737,13.68585,13.49885,12.61657
"ENSG00000185651",14.44979,14.52498,14.31149,14.10576,14.28653,14.29076,13.92899,14.37409,14.40527,14.57553,14.2916,14.18302,13.68354,13.49136,13.87119,13.70269,13.65236,13.66095,13.26204,13.37677,13.45658
"ENSG00000185658",11.56396,11.17377,11.41284,11.56448,11.93639,11.94033,11.62331,11.391,11.16817,11.58269,11.23695,11.01307,13.36533,13.26131,13.26851,13.19867,13.23559,12.80225,13.23931,13.35422,13.68993
"ENSG00000185721",13.2609,13.05721,13.2295,13.33101,13.15327,13.0112,12.81273,13.17138,13.47586,13.414,13.51216,13.13241,13.00591,12.95031,13.04242,13.03312,13.0373,13.04657,13.18637,12.96478,13.09965
"ENSG00000185787",12.99602,13.24128,13.63667,13.34398,13.16372,12.99709,13.11118,13.06767,12.68407,13.39984,12.53815,12.62811,13.41548,13.50838,13.44411,13.58648,13.54939,13.34423,13.3492,13.42719,13.28873
"ENSG00000185798",10.16349,10.02021,10.02348,10.37992,9.984711,10.16173,10.71404,10.44526,11.4604,10.57604,11.29209,11.1224,10.00094,9.738118,9.862491,10.04077,9.701107,9.818071,9.728283,9.554563,10.05454
"ENSG00000185825",11.6875,12.37296,11.95585,11.76304,11.94998,11.86952,12.24943,11.6123,11.83128,11.93922,11.93546,11.93999,11.7161,11.43057,11.64151,11.77512,11.81754,11.29372,11.67675,11.56871,11.4027
"ENSG00000185864",15.09675,14.98902,14.98005,15.14434,15.18534,14.92116,14.90692,14.75784,14.84863,15.08133,14.94632,14.9252,15.3913,15.60963,15.14399,15.28477,15.27964,15.25528,15.20938,15.15475,15.41254
"ENSG00000185883",12.96948,13.03479,13.01489,12.8137,12.75707,12.43732,13.07927,12.96266,13.58257,12.95364,13.6005,13.45997,12.10098,12.50251,12.45793,12.08749,12.67668,12.15276,11.98099,11.73503,11.77506
"ENSG00000185885",13.25105,13.07325,14.03638,13.7532,13.65608,13.71426,13.50776,13.43474,14.96363,13.88738,13.97042,13.86189,10.5193,12.19253,12.2008,11.99158,12.2877,12.45921,11.71406,11.65713,13.04889
"ENSG00000185947",11.19696,11.07386,11.3457,11.31928,11.4245,11.51332,11.01675,11.05091,10.64052,11.44783,10.31586,10.48635,11.94116,12.19459,12.42512,12.61923,12.13378,12.28254,12.64716,12.50536,12.54168
"ENSG00000185950",10.80739,11.62612,11.03042,10.63313,10.9548,10.85509,9.629354,10.19474,9.823088,10.80983,10.12906,9.410048,10.60226,11.95865,11.78891,11.63486,12.16499,11.6626,11.62135,11.62338,10.52316
"ENSG00000185989",13.25869,12.90565,13.73628,13.47458,13.68388,13.49513,12.44891,12.94856,13.15943,13.75218,12.94353,12.98152,13.59231,13.91158,13.59575,13.52674,13.45994,13.30093,13.83603,13.9214,13.60908
"ENSG00000186187",12.32723,11.86024,12.49032,12.02234,12.65295,12.36395,13.13582,12.71306,12.71192,12.51594,12.60223,13.18965,11.82829,11.94963,11.73283,12.24164,11.95893,11.59324,11.52784,11.67517,11.80911
"ENSG00000186205",10.08346,9.902305,10.63794,9.73994,9.679882,8.717943,11.00565,11.0879,10.75133,10.41475,9.858131,9.515221,10.56338,10.93185,10.98236,10.74294,11.23795,10.95901,10.85779,10.62014,9.03392
"ENSG00000186226",14.26204,14.48331,14.67571,14.55951,14.40032,14.46462,14.51959,14.31177,14.74731,14.39044,14.49446,14.46822,15.00918,15.03015,14.9229,14.98551,14.88806,15.13973,14.90024,14.97615,15.26344
"ENSG00000186272",10.02622,9.742289,9.671399,10.17656,10.54275,10.24482,9.612763,10.462,10.04526,9.47121,9.75129,10.6692,10.68356,10.40033,10.44246,10.60867,10.36557,10.30851,10.79313,10.51431,10.58733
"ENSG00000186298",11.95307,12.15298,12.41668,12.1184,12.1133,12.31258,11.15209,11.65906,11.76201,12.20561,11.58128,11.09674,12.6194,12.4347,12.8247,12.58159,12.62965,12.47439,12.59939,12.48344,12.44374
"ENSG00000186468",16.92367,16.95364,16.67199,16.98701,16.88629,16.85886,16.84871,16.94851,16.70965,16.5686,16.8507,16.75953,16.82004,15.87929,16.52451,16.3308,16.46586,16.27039,16.3631,16.27799,16.41553
"ENSG00000186470",16.12489,15.91292,15.95668,15.95884,16.03609,16.29298,15.86019,15.93738,16.01679,16.00002,15.81184,15.80695,15.69447,15.40242,15.56674,15.54928,16.18669,16.3872,15.99287,15.87551,15.81118
"ENSG00000186517",11.54001,12.08391,12.04166,11.91292,11.96997,11.07906,11.32845,11.91511,11.99196,11.77337,12.27326,12.51995,12.49251,12.8748,12.53565,12.72699,12.58989,12.21183,12.82281,12.61801,12.8651
"ENSG00000186566",11.72563,11.23392,11.79608,11.57891,11.83247,11.60423,11.6363,11.43327,11.3702,11.64399,10.8138,10.6398,12.23783,12.36893,12.18218,12.26159,12.05115,11.96824,12.30059,12.19021,12.53842
"ENSG00000186591",11.50169,10.86709,11.89048,11.72987,11.89359,11.48486,12.04609,12.15986,12.16949,11.55293,11.98546,11.75859,11.75184,12.11937,11.91644,11.8435,12.35755,12.50784,12.78732,12.60212,12.01419
"ENSG00000186635",11.99208,12.22468,12.60236,12.72571,12.42427,11.83853,11.28698,12.11477,12.27611,12.06981,12.10991,12.33736,12.72852,12.91748,12.72739,12.70154,12.53617,12.14234,12.73242,12.70825,12.78817
"ENSG00000186660",11.43063,11.72241,11.5837,11.61356,11.69822,11.77335,11.95638,11.49102,11.43915,11.36585,11.42185,11.56276,11.82923,11.86404,11.98218,11.90797,12.04328,11.85027,11.91417,11.93626,11.97412
"ENSG00000186815",11.96249,11.62532,12.38755,12.98616,12.29274,11.7565,12.06233,12.5355,12.41643,11.90096,12.33811,13.14183,12.67708,12.50261,12.6779,12.69716,12.52878,12.38622,12.3487,11.90951,11.55261
"ENSG00000186834",11.53742,11.35888,12.05112,11.92731,11.32592,11.39277,12.29085,12.09302,12.08276,11.82787,11.65144,12.22228,12.50354,12.33765,12.53642,12.64328,12.17606,12.06753,12.52581,12.3904,12.50013
"ENSG00000187109",10.864,11.84282,9.045193,10.92617,9.099563,7.414441,11.92424,10.88554,10.33577,9.130128,11.06625,11.8261,9.620129,7.98905,9.775169,8.375286,9.725696,9.057718,8.85093,7.492604,7.591527
"ENSG00000187147",12.26563,12.34054,12.44529,12.22302,12.03293,12.19676,11.8507,12.24839,12.29341,12.462,12.14036,12.12887,12.65301,12.64257,12.53628,12.78844,12.59033,12.57555,12.83569,12.84309,12.51892
"ENSG00000187239",13.67677,13.36675,13.92579,13.75062,13.94551,13.98126,13.8473,13.86284,13.42372,13.99212,13.42048,13.28149,14.81578,14.82893,14.4975,14.62252,14.56615,14.61733,14.71147,14.79021,14.77706
"ENSG00000187257",11.21513,11.05265,11.16829,11.07333,11.40772,11.44729,10.65671,11.00523,11.13587,11.406,11.00014,10.66583,12.25053,12.20645,12.3372,12.06027,11.78989,12.08476,12.23569,12.25438,11.98518
"ENSG00000187446",13.00619,13.03826,13.48446,13.18755,13.07402,13.17272,13.50803,12.99959,13.36254,13.10441,13.11737,13.00838,13.02903,13.49461,13.18713,12.96538,13.36689,13.12728,13.12004,12.98732,12.97925
"ENSG00000187514",15.68249,15.71569,15.33704,15.58282,15.42301,15.57914,15.84579,15.92469,15.6952,15.62868,15.91143,15.63976,15.40072,15.46026,15.4168,15.47174,15.33006,15.33973,15.34954,15.27833,15.06127
"ENSG00000187608",12.71723,12.27428,12.86732,12.29607,13.07122,13.02592,12.82111,12.2485,12.60518,12.33977,12.97643,11.27078,9.674083,9.811319,10.26242,10.04581,11.19798,12.66874,9.910249,10.08865,10.92663
"ENSG00000187688",15.28454,14.88263,15.24557,15.12214,15.19868,15.31673,15.84588,15.25467,15.81342,15.31063,15.65187,15.65518,14.62006,14.55795,14.20572,14.42962,14.3583,14.15426,14.29004,14.42564,14.73959
"ENSG00000187742",13.07942,12.76974,13.32334,13.20134,13.14038,13.13703,13.59282,12.98647,13.08467,13.26571,12.63561,12.77831,13.10498,13.09673,12.62742,12.74344,12.93326,12.73884,12.95881,12.80024,12.88165
"ENSG00000187778",11.68879,11.55628,11.85133,11.59519,11.61024,11.43539,11.96161,11.86883,11.88082,11.78744,11.98535,11.74117,10.587,10.65648,10.74992,11.11692,10.83562,10.73314,10.58568,10.40884,10.23273
"ENSG00000187837",13.08869,12.47784,13.41473,12.92166,11.98123,11.72851,13.07543,12.64031,13.11763,13.12264,12.5617,12.31516,11.91813,12.40412,12.61842,12.32454,12.59461,12.73765,12.45515,12.38429,11.83226
"ENSG00000187862",10.37846,10.18034,10.39328,10.63231,10.01574,10.87718,10.77578,10.47769,10.357,10.32325,10.77502,10.48266,11.69163,11.46204,11.48212,11.34218,11.34314,11.80517,11.58194,11.8998,11.97327
"ENSG00000187954",13.02649,12.96848,13.00236,13.48908,12.61793,12.98113,12.75842,13.23408,13.17705,13.07303,13.37702,13.2646,13.91197,13.8911,13.87398,13.8343,13.66816,13.85041,13.88189,13.93027,14.00672
"ENSG00000188021",12.56625,12.34832,12.79593,12.69868,12.6333,12.84786,12.26659,12.41154,12.55668,13.07121,12.59747,12.60475,13.31312,13.22028,13.28003,13.39527,13.10896,12.93572,13.27677,13.21038,13.25799
"ENSG00000188033",9.470378,9.33871,10.19138,9.75373,10.04588,9.752756,9.203829,9.272551,8.922483,9.643719,9.409192,9.475771,10.85463,10.80883,11.01332,10.93875,10.58286,10.67757,10.82171,10.87994,10.83174
"ENSG00000188042",12.25522,11.94948,12.83721,12.38542,11.69834,11.53342,12.79995,12.95439,12.37392,13.21901,12.87087,12.27798,12.70025,14.27729,13.19738,13.33377,13.72592,13.49525,13.31793,13.30988,12.42153
"ENSG00000188171",10.34395,10.18975,10.95474,10.778,11.11642,11.09305,10.67239,10.88225,11.31704,10.59661,11.06267,11.08599,11.63112,11.27311,11.42591,11.53954,11.57403,11.83541,11.34826,11.32071,11.77665
"ENSG00000188186",13.49304,13.31144,13.59135,13.4225,13.78749,13.55351,14.05807,13.61488,13.9112,13.24123,13.81539,13.66627,12.78047,12.53849,12.46622,12.87536,12.55288,12.35738,12.80004,12.72162,12.31502
"ENSG00000188229",10.93555,10.87302,11.18426,10.83261,11.02147,11.03148,11.13882,11.32323,11.57748,10.70826,12.2311,12.07583,10.31553,10.34414,10.76774,10.93408,10.95823,10.81564,9.81307,10.31068,10.31204
"ENSG00000188234",12.9179,12.43282,12.68018,13.0395,12.56756,12.15225,12.58373,12.49947,12.25203,12.07982,13.11366,12.06962,12.4597,12.68985,12.84606,13.02397,12.63317,12.78577,12.58152,12.52795,12.94675
"ENSG00000188243",15.12656,14.96918,15.09323,15.02823,15.19939,15.39133,15.25327,15.16143,15.13791,15.03868,15.3478,15.22913,14.43926,13.95028,14.05056,14.12225,14.04971,14.10002,14.07017,13.86962,14.25697
"ENSG00000188340",14.1158,13.76269,14.96974,14.71498,14.62803,14.78627,15.46377,15.1612,15.17966,14.63504,15.25542,14.33646,14.44823,15.25445,14.72022,14.97983,14.87775,14.87623,15.8131,16.0592,13.59137
"ENSG00000188375",10.17131,10.51256,11.00863,10.23702,10.42098,9.997396,10.69554,10.81755,10.59688,11.01685,10.10652,10.13008,10.55057,11.07283,10.75946,10.65958,11.48367,10.58132,10.92759,10.70361,10.86659
"ENSG00000188388",11.87346,11.53611,12.36006,12.45819,12.18933,11.86443,12.20232,12.03954,10.96576,11.21764,11.87923,12.42811,11.6806,11.47027,11.41198,11.54084,11.47272,10.94178,10.64479,10.4792,11.71376
"ENSG00000188404",15.91222,15.53144,16.15923,16.00464,16.06706,15.91747,16.05434,16.10256,16.01255,16.27764,15.40979,15.75868,15.67551,15.74883,15.81027,15.91009,15.33062,15.55539,15.46863,15.15844,16.29361
"ENSG00000188428",11.47547,11.09459,11.08303,10.99485,10.87236,10.47727,11.63744,11.06102,10.73911,10.90037,10.3264,10.56578,10.47261,11.0327,11.41445,11.3564,11.2966,10.85737,10.69166,10.72825,10.60083
"ENSG00000188486",12.07201,12.01205,11.05011,10.78162,11.31475,11.25462,11.11572,11.47809,11.6531,10.85526,11.98674,12.23454,8.113533,8.048369,7.937021,8.049374,7.928815,7.905807,7.367187,7.806027,7.446614
"ENSG00000188529",12.96197,12.93109,12.83677,12.82175,12.72021,12.9259,13.0139,13.06562,12.76917,13.08882,12.76098,12.80355,13.15518,13.22368,13.252,13.05762,13.19312,13.16036,13.10114,13.00641,13.3046
"ENSG00000188603",11.74237,11.87881,11.84695,11.77237,11.66461,11.69034,11.6959,11.97451,11.93729,11.90225,11.78299,11.98807,11.84819,11.67292,11.3639,11.55762,11.64648,11.40683,11.64515,11.44125,11.5937
"ENSG00000188612",15.63989,15.79062,15.68508,15.60596,15.53776,15.60362,15.65322,15.82618,15.9328,15.84659,15.94087,16.11183,15.6507,15.5309,15.67164,15.67384,15.65532,15.43662,15.47948,15.53779,15.53266
"ENSG00000188641",13.18331,13.02147,13.0527,12.99163,13.13242,13.50552,13.46595,12.97677,12.91256,13.06475,13.19752,13.14155,13.11237,13.59472,13.11855,12.89131,13.25929,13.4938,13.26495,13.40059,13.45793
"ENSG00000188647",13.59008,13.18246,13.47698,13.30478,13.45698,13.58045,12.93478,12.64729,13.14666,13.44532,12.98724,12.79648,13.39613,13.22944,13.18214,13.22147,13.09874,13.33235,13.46621,13.37266,13.35965
"ENSG00000188659",11.48526,10.71561,11.41058,11.50883,11.31321,11.88756,12.85426,12.40248,12.61887,13.06447,11.61981,11.4396,12.43474,12.45398,12.15382,12.2279,12.407,12.5587,13.12465,12.80348,12.53903
"ENSG00000188739",12.5406,12.42771,12.53753,12.84626,12.44421,12.00384,12.72285,12.44776,12.32313,12.89296,11.94975,12.19554,13.11556,13.25311,13.07788,13.03067,13.16595,13.01073,12.72723,13.19586,12.8108
"ENSG00000188786",12.16654,12.71003,12.67737,12.5352,12.67513,12.33577,12.47124,12.05351,11.85289,12.25563,11.82511,11.87047,12.34769,12.67337,12.70067,12.5622,12.80233,12.50782,12.59068,12.58645,12.11294
"ENSG00000188827",10.14623,10.41228,10.72054,10.29836,10.11016,9.946734,9.794437,10.38171,10.14059,9.891023,10.39142,10.39727,10.61287,10.85693,10.44943,10.5249,10.3734,10.35032,10.56473,10.36501,10.72279
"ENSG00000188846",14.42806,14.50324,14.05381,14.16881,14.73073,14.51009,14.36087,14.26828,13.74692,14.16892,14.12815,13.75456,14.35522,13.53198,13.80219,13.82538,13.86672,13.66813,13.88957,13.86613,14.05605
"ENSG00000188917",9.645949,9.651423,9.620843,10.26059,9.973264,10.1963,8.482141,9.356072,10.04652,9.70121,9.440667,9.49106,11.02528,11.16421,11.05909,10.95058,10.86656,10.99698,11.05739,11.06537,11.11418
"ENSG00000188921",14.09455,13.84821,14.32516,14.05044,14.72458,14.82471,14.3333,14.26704,14.31986,14.14417,14.69402,14.29946,14.5998,14.13604,14.21762,14.27579,14.46378,14.62448,14.56686,14.62092,14.46965
"ENSG00000188938",12.75087,12.34339,12.50066,12.558,12.86785,12.79664,13.11423,12.68088,12.90966,12.73749,13.13623,13.14961,11.65082,12.0383,11.85893,11.63177,11.94077,11.84677,11.46078,11.65333,11.4934
"ENSG00000189043",15.62073,15.6945,15.56548,15.33027,15.541,15.42504,15.46161,15.41743,15.58045,15.51042,15.32919,15.43393,15.2692,14.82923,15.15214,15.0806,15.05004,15.05582,15.10267,15.06918,14.81566
"ENSG00000189060",11.27838,12.43012,9.173237,9.367458,8.733716,7.642739,10.52684,10.20319,10.43885,9.910441,9.433355,10.61883,9.805274,10.41808,12.15501,12.23774,12.23558,12.0903,10.15334,9.973961,10.11673
"ENSG00000189067",12.66176,12.1243,12.69157,12.28973,12.4611,12.53667,13.4028,13.17812,12.95067,13.07328,13.57807,12.41812,12.99675,13.8414,13.2704,13.45857,13.17631,12.78786,13.04313,13.2175,12.93397
"ENSG00000189068",11.97236,12.94241,11.25318,10.79717,10.93975,8.494944,11.94725,11.07595,10.66776,8.316229,11.53658,12.43243,10.35367,5.270465,9.331388,7.898839,10.91796,9.774239,9.988355,8.839014,7.510664
"ENSG00000189077",10.31999,10.13689,10.72967,10.17777,10.65541,10.00075,10.20113,10.62909,10.85087,10.30045,11.23383,11.08748,9.251404,10.02834,9.941052,9.574864,9.957495,9.320073,9.950867,9.398678,9.534439
"ENSG00000189159",12.72285,12.56853,13.05074,12.67621,12.5823,12.78129,13.48086,12.90284,13.21784,12.69656,12.98645,13.29441,11.88101,11.50274,12.22003,12.25626,11.80492,11.45992,11.72732,11.84022,11.58455
"ENSG00000189253",13.97805,13.95477,13.20106,12.92077,7.441398,8.26667,16.20035,16.29088,7.93126,8.601122,12.82738,13.8236,15.81803,15.59971,14.38221,14.45364,14.34749,14.74425,14.6186,14.56279,9.203924
"ENSG00000189266",14.15199,13.84306,14.43124,14.33113,14.13564,14.03176,14.1987,14.12453,14.15618,14.19607,14.00634,13.94581,14.17211,14.15868,14.76464,14.76968,14.43129,14.35907,14.21183,14.19111,14.44567
"ENSG00000189339",11.07895,11.17917,10.15384,10.50163,11.21578,11.10933,10.04994,10.97402,11.36594,11.11068,11.68073,11.67867,11.9206,12.02331,11.9761,11.92586,11.72805,11.54622,11.99154,11.91421,11.78626
"ENSG00000189403",13.57487,13.8643,13.55701,13.43048,14.24296,14.0363,13.7339,13.55487,13.16872,13.43503,13.0276,12.7563,13.17683,13.05209,12.91815,12.97707,13.18535,12.95884,12.82485,12.81919,13.4039
"ENSG00000196139",10.33003,10.32606,10.6658,10.29657,12.02849,11.65516,10.8055,11.26876,10.62155,11.74242,10.07973,10.62323,9.43976,11.42029,11.58672,11.2253,11.67905,11.1901,10.55731,10.10899,11.0937
"ENSG00000196141",11.67564,11.21562,12.31207,12.10761,12.21769,12.53363,11.41947,11.15158,12.33124,11.95246,11.55072,12.68309,12.65836,11.42458,12.7868,12.74285,11.65011,12.76672,12.54537,12.67367,13.42993
"ENSG00000196154",10.54125,10.41455,10.42443,9.428334,10.59158,10.13701,12.44378,11.50997,11.63534,10.69084,10.60954,10.71102,9.979981,10.18594,10.13972,10.0295,10.17954,9.195519,10.18479,9.611477,10.18185
"ENSG00000196187",12.38801,12.82689,12.09684,12.69444,13.09015,12.88314,11.96195,12.09507,12.81786,12.4104,12.42386,12.63111,12.09791,12.2679,12.2912,12.22602,12.28064,11.96676,12.08646,11.66688,12.52092
"ENSG00000196199",10.41287,10.29891,11.33975,11.15234,10.78602,10.4349,10.18846,10.61998,10.57464,10.51431,10.65151,10.29375,11.44389,11.47677,11.79125,12.03999,11.36127,11.59117,11.96972,11.98201,11.46385
"ENSG00000196230",11.35603,12.06357,10.84107,11.08019,11.07827,10.49644,11.90062,11.54088,11.86375,10.92098,11.75496,11.91775,10.36145,9.923406,10.67008,10.33187,10.74248,10.1319,10.43269,10.33434,9.763957
"ENSG00000196233",11.01064,10.80421,10.86619,10.97382,10.77409,10.7849,9.612439,9.710217,9.676846,11.16071,8.729692,9.430629,11.69974,11.88277,11.92024,11.90289,11.83579,11.7797,12.1566,12.04358,11.94559
"ENSG00000196235",12.0774,11.61559,12.20387,12.11141,11.9949,12.25348,11.86468,12.12183,11.98566,12.34026,12.58675,12.10321,12.35787,12.70744,12.35013,12.55224,12.38183,12.37073,12.53819,12.47189,12.4619
"ENSG00000196247",12.40656,11.68751,12.70227,12.62294,13.27034,13.48365,12.47649,12.61909,12.58288,13.21503,11.18067,12.4344,13.46819,13.23219,12.37994,12.37029,12.85171,13.09049,13.22411,13.13168,13.68003
"ENSG00000196268",10.56239,9.990565,10.11368,10.20459,10.53928,10.99342,10.54271,10.29142,10.62908,10.99247,9.857458,10.51346,9.918373,9.466974,9.182014,9.391821,9.698862,9.609563,9.270646,9.026344,9.815449
"ENSG00000196313",13.65743,13.52417,13.5622,13.60472,13.60319,13.80006,13.38162,13.29138,13.54339,13.81851,13.34468,13.54445,12.71013,12.90057,12.83764,12.54276,12.73038,12.62568,12.41246,12.3957,12.65112
"ENSG00000196323",10.03925,10.11934,10.27811,10.08853,10.60351,10.48516,10.33064,10.04923,9.837369,9.865124,10.06705,10.0908,10.22464,10.34811,10.3871,10.27453,10.40051,9.898125,10.30229,10.20736,10.54978
"ENSG00000196396",13.89107,14.17827,14.09761,14.22528,14.2486,14.05827,13.94787,13.96119,13.74813,14.36202,13.89314,13.97157,13.63918,14.23468,13.91958,13.80857,13.80369,13.70299,13.8837,13.82481,13.49748
"ENSG00000196405",10.70672,10.47773,10.57919,11.88592,10.86228,10.60441,11.01817,10.78168,10.66794,11.02537,11.55506,11.41777,9.884649,10.31376,9.716358,9.8102,9.664517,9.734932,9.062263,9.105182,9.274281
"ENSG00000196419",11.33746,11.49757,11.16951,11.06714,11.09743,11.37145,11.08218,11.03065,11.05046,11.41522,10.8803,11.11692,11.77639,11.73586,11.5857,11.60769,11.66409,11.57019,11.62573,11.44841,11.61644
"ENSG00000196428",10.59229,10.46452,10.92776,10.95424,10.75818,11.07635,11.30951,11.07031,10.71441,11.07058,10.56717,10.39974,10.00401,10.56284,11.11873,11.03716,10.67111,10.36626,10.46523,10.26928,10.49353
"ENSG00000196436",13.51421,13.26353,13.21181,13.57657,13.37087,12.77861,13.34884,13.18489,13.41368,13.09845,13.30764,13.55721,13.72554,13.97604,13.33034,13.54891,13.57313,13.60762,13.60498,13.67939,13.48047
"ENSG00000196459",10.68701,10.07056,10.66333,10.63706,11.12561,11.20115,10.59945,10.57539,10.7925,10.86401,11.07795,10.6172,10.29866,10.15017,10.65228,10.60416,10.35311,10.30614,10.28194,10.12094,10.26954
"ENSG00000196470",10.4231,10.0441,10.55389,10.29484,10.53041,10.4553,9.618413,9.425595,9.817016,9.823701,9.497395,9.327521,9.92602,10.16667,10.41689,10.23686,10.23511,10.08547,10.74185,10.42374,9.973038
"ENSG00000196504",11.84067,11.4616,11.85265,11.72921,12.02143,11.96227,11.60197,11.31529,11.45949,11.96315,11.10663,11.19654,10.86395,10.78751,11.18234,11.12606,11.10614,10.70726,10.9511,10.7212,11.01996
"ENSG00000196510",12.59158,11.88808,11.82958,12.33547,11.98536,11.91457,12.10102,12.37668,12.09008,12.28074,11.91432,12.31583,12.31514,12.08619,11.93222,12.01241,11.92011,12.03013,12.23599,12.45575,12.45538
"ENSG00000196531",12.5856,12.60788,12.27149,12.4257,12.4946,12.49912,12.40217,12.73336,12.6071,12.62029,12.58617,12.39235,12.64599,11.94935,12.36547,12.24786,12.24021,12.3222,12.00928,12.40586,12.38472
"ENSG00000196562",15.08088,14.64599,15.42581,15.13071,15.6473,15.54273,15.91514,15.6087,15.8469,15.47787,15.55565,15.3822,14.68297,15.71752,15.25679,15.08676,15.17799,15.06371,15.31206,15.3908,15.14929
"ENSG00000196655",12.12901,11.98446,12.43771,12.16095,11.80552,12.08953,11.74537,11.66076,12.45165,12.66652,11.81438,11.49761,12.04161,12.124,11.5835,11.98822,11.95396,11.85226,12.1644,11.91712,10.8934
"ENSG00000196684",13.73891,13.53773,14.16492,14.16006,14.47575,14.34963,13.81524,13.99351,14.14056,14.15578,14.21793,14.10895,13.39266,14.96199,13.77849,13.85409,14.17453,13.77289,13.60491,13.54445,14.02
"ENSG00000196704",11.73343,11.45276,11.67579,11.82993,11.67914,11.48392,11.92462,11.85778,11.83649,11.7287,11.80831,11.92922,11.73116,12.25198,11.82158,11.90059,11.71756,11.8119,11.42301,11.60354,11.64479
"ENSG00000196715",9.950758,9.943528,10.12109,9.749237,9.762723,10.02598,10.37423,10.14748,10.23508,9.607854,10.11104,10.36782,10.15284,9.754791,9.528292,9.8819,9.488437,9.639092,9.53871,9.476493,9.515658
"ENSG00000196730",9.67927,10.79469,10.36419,9.88579,9.982434,9.433084,9.300068,9.319171,9.06115,9.489717,9.121013,9.41578,10.36716,10.36859,10.17931,10.53919,11.33479,11.28662,11.37983,11.21108,10.9443
"ENSG00000196757",12.32573,11.74734,12.08887,12.32583,11.79666,11.40027,12.65105,12.6891,12.41447,11.85582,12.45851,12.67431,12.49107,11.80874,12.37221,12.58357,12.39257,12.02172,12.21725,12.01108,12.18762
"ENSG00000196776",14.667,14.85789,14.75986,14.57484,14.9208,14.90628,14.4645,14.41426,14.35684,14.8451,14.71199,14.56717,15.16017,14.75806,14.63597,14.82808,15.02552,14.98049,15.14602,15.08794,14.88373
"ENSG00000196787",14.56527,15.25324,13.07843,13.17776,13.71675,12.59617,14.81603,14.46731,14.09046,13.68619,14.50586,14.86703,12.8847,12.17797,13.2522,13.34071,13.44827,13.05531,12.00246,11.7235,12.75072
"ENSG00000196812",11.49255,10.86066,11.59623,11.36825,11.33685,11.54788,11.17212,10.78794,10.50241,11.80747,10.17319,9.73982,11.1334,11.74336,11.70604,11.94598,11.90156,11.60105,11.93125,11.85381,11.22842
"ENSG00000196814",11.02441,11.66359,10.39576,10.09486,10.07152,9.458495,11.28831,11.24184,10.74802,9.785439,11.44939,11.4404,10.38459,9.235209,9.900282,9.65731,9.756564,9.776618,9.240786,8.868625,10.03988
"ENSG00000196865",12.5031,12.19127,12.14573,12.00333,12.2367,12.26998,12.12096,12.09795,12.00223,11.9449,12.08495,12.2409,12.12449,11.86964,11.83611,11.98986,11.66125,11.67726,11.84988,11.62601,11.88227
"ENSG00000196873",13.09073,13.3091,12.96898,13.45468,13.12361,13.06836,12.9818,12.85061,12.95304,13.31623,12.58973,13.05276,13.47727,13.96569,13.0985,13.08058,13.44956,13.47952,13.671,13.56865,13.41727
"ENSG00000196912",12.61369,12.46688,11.87977,11.77636,12.58791,12.71327,12.23928,12.12462,11.22074,11.87351,11.75024,11.22134,13.43424,13.09039,13.04112,12.90655,12.71385,13.09537,12.88136,13.0513,13.50726
"ENSG00000196924",13.21379,13.67525,13.95744,13.47506,13.55318,12.76729,12.08854,13.43086,13.57592,13.57424,13.50918,13.76158,13.57124,13.84839,14.02085,13.83657,13.61334,12.96536,13.80966,13.66466,13.41978
"ENSG00000196954",14.81988,14.79601,15.28316,15.10069,14.97215,15.36724,14.74191,14.98251,14.77662,15.14905,14.55707,14.50925,14.44883,14.60527,14.88052,14.71267,14.85032,14.86502,14.43671,14.23853,14.52853
"ENSG00000196967",11.57443,11.26571,11.54616,11.32789,11.89765,11.87396,11.34752,11.53617,11.64781,11.33929,11.39801,11.40566,10.98913,10.66761,10.85703,10.98472,10.77641,10.81398,10.77115,10.84755,10.95811
"ENSG00000196993",13.37442,13.25577,13.24683,13.62875,13.55956,12.8363,13.36111,13.164,13.49194,12.97825,13.28676,13.35521,13.81608,14.25902,13.52357,13.67243,13.79734,13.77262,13.94108,13.87697,13.6354
"ENSG00000197006",13.86227,14.15014,14.71201,14.02397,14.56936,14.66776,14.21475,14.4368,13.99066,14.69218,13.79347,14.0485,13.73656,14.68072,14.49576,14.47772,15.16393,14.89716,14.45345,14.3519,14.31655
"ENSG00000197008",11.1647,10.13547,10.84424,10.86584,11.083,10.90505,11.36389,10.96746,11.27754,11.3075,10.36085,10.81672,11.88929,11.6537,11.19631,11.61141,11.35553,11.56545,11.82204,11.83963,11.78972
"ENSG00000197020",13.06237,13.20012,13.46101,13.48435,13.52237,13.58525,13.49159,13.64407,13.67642,13.05376,13.0625,13.53689,13.00518,13.3342,13.31771,13.47676,13.38173,13.36818,12.89443,12.90401,13.64675
"ENSG00000197045",10.50489,10.2756,10.80301,10.3815,10.28041,10.76665,10.99321,11.08354,10.58643,10.89865,11.08517,11.02624,11.50794,11.44893,11.03531,11.19207,11.4386,11.60422,10.70169,11.10919,11.29627
"ENSG00000197054",9.983276,9.06327,9.941355,9.431925,10.56405,10.2375,10.14079,10.17583,10.03215,9.532372,10.12959,9.900242,10.86211,10.08675,10.69724,11.06182,10.6679,10.69955,10.89727,10.66692,10.89362
"ENSG00000197061",16.06207,16.52061,15.9439,15.99113,16.04119,16.0767,16.54247,16.22266,16.28422,15.6763,16.5083,16.4805,16.41907,15.93018,16.01093,16.31402,15.92845,15.79568,16.09186,15.80071,15.48627
"ENSG00000197070",11.36319,11.26461,11.52751,11.7437,11.76267,11.16543,11.01726,11.83091,12.03079,11.32403,12.22612,12.49329,11.95179,12.01462,12.14301,11.95102,11.89721,11.86582,12.13159,12.0353,11.88913
"ENSG00000197084",11.36076,11.56572,11.69824,11.63816,11.39283,11.61313,11.61381,11.74516,11.5166,11.5803,11.66769,11.48921,12.20706,12.19009,12.15882,12.13577,12.21754,12.27622,12.2595,12.46055,12.45484
"ENSG00000197142",10.84569,10.57469,10.82948,10.93824,10.88265,11.123,10.83936,10.57122,10.57121,10.68903,10.28782,10.89552,11.33139,11.12753,10.81545,10.85794,11.21543,10.78841,10.97022,11.08185,10.80119
"ENSG00000197217",12.53213,12.47961,12.832,12.64041,12.89778,12.77807,12.6795,12.25769,12.17747,12.92116,11.82894,12.08515,12.903,13.13504,12.7413,12.72992,12.74819,12.77561,12.87743,12.72383,12.92831
"ENSG00000197223",10.21582,10.08346,10.24507,9.926645,9.797256,9.862374,10.43291,9.883385,10.74007,10.55388,10.83435,10.41949,9.65076,9.694842,9.447591,9.49984,9.690144,9.472023,9.143188,9.284369,9.424135
"ENSG00000197283",10.37169,9.856123,9.325645,10.06696,10.82431,9.908272,10.42897,10.08512,10.3331,10.15214,10.39261,10.8221,9.070869,9.637779,9.217558,9.312225,9.341866,9.07509,8.873638,9.015306,9.562655
"ENSG00000197323",14.73966,14.51744,14.84514,14.68777,14.94402,15.05034,14.86689,14.77346,14.56386,15.01311,14.38241,14.45069,14.52843,14.61435,14.52662,14.59441,14.58362,14.61582,14.54297,14.63778,14.65145
"ENSG00000197324",10.38379,10.89124,11.20213,10.84451,11.11348,10.65737,10.16942,10.39735,11.31261,10.57043,11.36829,11.02127,10.08655,10.31258,10.6928,10.59149,10.32916,10.15162,10.25819,10.26131,10.14817
"ENSG00000197329",9.65089,10.70589,10.84101,10.04302,11.65233,11.16061,10.29765,11.44671,10.33721,10.97643,10.16179,10.13583,10.46893,13.93091,12.09828,11.73013,12.72318,12.66798,11.50526,11.61591,11.6777
"ENSG00000197343",10.41665,10.58113,10.48828,10.60763,10.70962,10.79873,10.36048,10.73324,10.26812,10.54216,10.71717,10.33102,10.10954,10.55448,10.42365,10.38296,10.55789,10.05669,10.3399,10.31474,10.43319
"ENSG00000197372",11.0388,10.98393,11.50994,11.72737,11.40741,11.43899,11.38202,11.47699,11.5751,11.32911,11.52423,11.49377,11.62428,11.59545,11.63123,11.65928,11.80999,11.84754,11.50887,11.63123,11.54479
"ENSG00000197405",13.9876,14.07898,14.65678,14.49215,14.39002,14.16541,14.93075,14.53978,14.56943,14.43313,14.07243,14.51882,12.60417,14.75847,13.86891,13.8059,13.96459,13.63054,12.85886,12.81825,13.06049
"ENSG00000197442",12.00901,11.97788,12.22498,12.15077,12.52655,12.46383,11.72205,12.09944,11.50522,12.22131,11.88692,11.15563,12.73386,13.42387,13.13521,13.30287,13.42757,13.39314,13.29778,13.39965,13.00608
"ENSG00000197448",10.54546,10.37097,10.6099,10.38438,11.10474,10.67035,10.63519,10.81826,10.42335,10.5208,10.48661,10.44999,10.23717,10.32773,10.31443,10.37671,10.39042,10.00106,10.21051,10.32258,10.68328
"ENSG00000197451",11.27405,11.83292,9.968988,10.5175,10.89069,10.05753,10.84488,10.71072,10.54458,10.30472,10.41679,10.78288,11.07822,10.21184,10.5995,10.51224,10.56855,10.36303,10.46292,10.33918,9.806112
"ENSG00000197471",11.78752,12.80802,10.71844,10.71251,11.26123,10.58729,11.35152,11.47345,11.26234,10.4081,11.59831,12.69793,10.89892,9.87371,9.939943,10.02209,10.43586,10.38996,9.794928,9.553707,9.796839
"ENSG00000197548",15.93048,15.70856,15.63623,15.83341,15.79525,15.64019,15.6825,15.78262,15.86374,15.69455,15.85596,15.93811,15.80971,15.51663,15.79694,15.73371,15.91666,15.73072,15.82347,15.71559,15.33327
"ENSG00000197601",11.39061,11.29239,11.1639,10.79656,11.08034,11.05713,11.47108,11.08183,10.84366,10.87945,10.77352,10.49039,12.41876,11.89275,11.34355,11.09795,11.83521,11.9785,12.02058,11.82918,11.91042
"ENSG00000197622",14.04232,13.89663,14.16134,14.37503,14.2524,13.9371,14.25258,14.07373,14.46456,14.03951,14.64619,14.25198,14.67892,14.8691,14.8797,14.9646,14.73634,14.75593,15.1429,15.10548,15.02542
"ENSG00000197714",9.783481,9.48709,9.921638,9.55424,9.847457,9.552545,8.527173,8.823874,9.619521,9.966456,9.694086,9.546784,11.52135,11.73721,11.42966,11.20555,11.23299,11.06281,11.61256,11.33297,11.49
"ENSG00000197728",13.92809,13.36795,14.50088,14.78858,14.9923,14.97986,14.09536,13.29775,15.12467,14.51066,15.04256,15.21725,13.79197,13.67739,14.40479,14.09608,13.74895,13.6213,13.10876,13.41999,13.89421
"ENSG00000197746",13.63212,14.00729,13.38782,13.07859,13.44457,12.97379,13.40515,13.3536,13.37521,12.91517,13.29215,13.36402,13.39593,13.02759,13.4791,13.21028,13.27584,13.32184,14.20956,13.42854,13.35238
"ENSG00000197747",11.17288,10.4672,9.988869,9.682953,11.32383,10.70717,10.76015,10.7496,11.29158,11.2835,10.84319,9.333464,9.806071,10.05905,10.19326,10.05757,10.51874,10.22183,10.05918,9.620609,11.30842
"ENSG00000197756",16.61035,16.70733,16.43775,16.58529,16.54893,16.6239,16.70094,16.68964,16.64223,16.4252,16.73544,16.66323,16.25245,15.88789,16.1319,15.9822,16.23085,15.91972,16.26669,16.22641,15.97352
"ENSG00000197782",10.5691,10.61884,10.77603,10.7472,11.55764,11.11217,11.31507,10.13563,10.40948,10.0104,10.69811,9.926789,10.09401,10.50624,10.21179,10.14595,10.15593,9.707478,10.21081,10.1321,11.2506
"ENSG00000197798",10.41193,10.63659,10.32657,10.32132,10.34222,9.867988,10.12054,9.965755,10.39931,10.46553,9.859995,10.64567,10.58115,9.745091,10.01897,10.40935,9.570906,10.11024,10.2507,10.03347,10.36343
"ENSG00000197857",10.67183,10.44296,10.83312,10.42749,10.71652,10.70143,10.98352,10.83435,10.52138,10.49512,10.5323,10.31483,11.27217,11.316,11.37031,11.17616,11.34856,11.09717,11.39781,11.49559,11.54583
"ENSG00000197903",10.90083,12.08294,9.496983,9.528343,10.15867,8.828108,9.391069,10.97362,10.40445,9.868367,10.19277,11.03407,8.646875,8.368756,8.595262,9.07608,8.986403,8.639047,8.330084,8.341781,8.476412
"ENSG00000197930",12.69054,13.07965,12.51874,11.89062,12.9363,13.06267,11.69332,11.97947,11.53934,13.17736,10.6757,11.43656,13.08935,12.73475,12.6242,12.59799,12.81945,13.05623,12.94584,13.13976,12.9349
"ENSG00000197948",10.88269,11.14503,11.15616,11.74184,11.4466,11.12563,10.84586,11.032,11.29674,11.19041,11.75028,11.3156,11.34086,11.99707,11.6223,11.77849,11.96884,11.60857,12.01671,11.77868,11.62126
"ENSG00000197956",13.36173,13.12868,13.4363,13.03726,12.7053,13.03102,13.86691,13.80071,13.83882,13.23827,13.49704,13.6747,12.31922,12.64912,12.6371,12.69543,12.45946,12.21685,11.89437,11.83997,11.79557
"ENSG00000197958",14.29727,14.43129,13.44551,14.04893,13.57382,13.39529,14.20213,14.23961,13.69594,13.54506,13.93042,13.95434,13.89538,13.23318,13.40179,13.19545,13.45465,12.91976,13.11877,12.69213,13.58666
"ENSG00000197971",10.96746,10.89402,12.07603,11.39234,10.897,10.4268,10.18284,9.875956,9.519454,11.47774,8.916731,9.017305,11.26143,11.14126,11.01242,11.08807,11.1592,10.65163,11.338,11.54079,10.79906
"ENSG00000198000",11.1313,11.2343,10.97153,11.29761,11.09578,10.43751,10.5013,10.38939,10.35039,11.03419,10.81226,9.926931,11.80864,11.30894,11.46906,11.81763,11.29915,11.58143,11.83576,11.93842,11.49404
"ENSG00000198001",11.38478,11.17749,12.02809,11.79759,11.89858,11.84088,11.60147,10.92873,10.81761,11.61671,10.53324,10.29216,12.81257,12.87242,13.01501,13.0536,12.87258,13.12722,13.29459,13.15023,13.32516
"ENSG00000198015",13.21808,12.98034,13.06282,13.1942,13.3012,13.38,13.61128,13.55845,13.66435,13.33981,13.88207,13.47955,12.97811,13.09312,12.92192,12.86274,12.81991,12.8705,12.71011,12.46653,13.03796
"ENSG00000198034",15.91046,16.09857,15.47364,15.87682,15.62018,15.42826,15.45536,15.41286,15.44275,15.30929,15.79115,15.50894,15.32537,14.573,15.42319,15.38256,15.51684,15.20869,15.13814,14.77759,14.75325
"ENSG00000198053",10.66489,11.44538,10.55746,10.37332,10.54808,10.14015,10.52209,10.75948,10.83215,10.56839,10.66243,11.19065,10.23114,10.55949,10.31092,10.38401,10.12871,10.12908,10.51694,10.35399,9.145803
"ENSG00000198087",10.53037,10.25773,10.87234,10.83756,10.83696,10.98528,11.01447,10.7489,11.05509,10.98008,10.74697,10.68852,10.87229,11.07175,11.05542,11.06839,11.19982,10.88196,10.99047,11.06839,11.26853
"ENSG00000198130",10.37648,10.20999,10.50763,10.206,10.33113,9.838037,9.554621,9.718258,9.645735,10.15617,9.429159,9.810155,10.39535,10.3629,10.28338,10.00827,10.03476,10.2573,10.61961,10.55581,10.27632
"ENSG00000198156",14.44161,14.17776,14.13548,14.48766,14.62155,13.87986,14.1955,14.12852,14.37746,14.058,14.1602,14.33045,14.28233,14.72826,13.98581,14.19136,14.21903,14.23526,14.27506,14.30403,14.1586
"ENSG00000198160",11.33756,11.03469,11.10209,11.29084,11.19045,10.95151,11.22671,11.05204,10.74541,11.10351,10.12628,10.97442,12.40818,12.54307,12.71941,12.56115,12.44501,12.22166,12.45355,12.38395,12.36161
"ENSG00000198162",12.90744,12.47445,13.00269,12.51449,12.79501,13.34025,12.53607,13.0158,13.08749,12.95647,13.21147,13.19334,13.44939,13.37994,13.40239,13.4712,13.62236,13.55552,13.432,13.19824,13.46947
"ENSG00000198168",11.39415,12.25816,10.68213,10.82409,10.9708,10.85041,11.42216,11.16019,11.3406,11.01176,11.36339,11.38473,9.817698,9.232282,9.830629,9.41471,10.13808,9.789732,9.551208,9.314548,8.731196
"ENSG00000198171",10.44302,10.269,9.920228,9.489827,9.94804,10.21029,10.66016,10.13315,10.26274,9.898377,10.24334,10.49198,10.01639,10.22899,9.841413,9.515586,10.1165,9.278972,9.935951,9.661929,9.617676
"ENSG00000198176",10.77892,10.99533,11.44088,10.98797,11.4639,11.37182,11.715,11.39297,11.61494,11.12047,11.0328,11.19553,10.41705,11.81823,10.26611,10.18842,11.3071,10.76909,10.36291,10.46254,10.06123
"ENSG00000198218",11.94063,11.81028,12.22139,12.28896,12.15715,12.5214,12.07624,12.47828,12.19833,12.09129,12.15863,12.6238,12.34976,12.69378,12.27325,12.18149,12.15888,12.0608,12.35518,12.1856,12.41839
"ENSG00000198242",16.11876,16.10269,15.76299,16.24448,15.88953,15.94004,16.18495,16.14066,15.94912,15.86145,15.98066,16.03914,15.70711,15.2367,15.41057,15.48079,15.6454,15.53358,15.40698,15.3006,15.36311
"ENSG00000198252",10.22869,10.13401,10.72026,10.29119,10.51236,10.54907,10.10053,10.43223,10.02504,10.21581,10.31557,9.770596,10.83416,10.86295,11.60073,11.48146,11.29093,11.2274,11.14237,11.0543,11.13605
"ENSG00000198258",16.06453,15.99478,16.02587,15.95826,15.84889,15.92939,16.3362,16.12479,16.34888,16.14029,16.10477,16.27375,15.61328,15.44318,15.60132,15.68227,15.46255,15.36096,15.57058,15.44859,15.22836
"ENSG00000198265",9.691119,9.563073,10.12267,10.27328,10.21273,9.990735,9.641441,9.1591,9.010798,10.08694,7.881222,8.425929,11.11598,11.10438,11.16777,11.05756,11.02809,10.75637,11.28198,11.18145,11.58082
"ENSG00000198315",10.9401,10.72822,10.4372,10.68952,10.95317,10.20557,10.19582,10.57325,10.78596,10.85704,10.5063,10.89007,11.45753,11.99775,11.93357,11.88885,11.96033,11.5377,11.84277,11.89708,12.10994
"ENSG00000198363",11.40622,11.45062,10.30482,9.29381,10.72562,11.74084,10.51092,11.32747,10.24294,11.39828,11.57748,9.683782,11.8937,12.40854,11.58196,11.25451,12.00069,12.06786,11.81316,11.62005,11.9089
"ENSG00000198373",10.54258,10.42195,10.74927,10.79829,10.86693,10.475,10.29589,10.27877,11.11789,10.51515,11.15571,10.89167,10.8058,11.28597,11.37559,11.19744,11.12375,10.54784,11.0757,10.86271,10.93135
"ENSG00000198380",10.64447,10.83771,10.47307,10.35824,10.40678,10.44268,10.71215,10.58566,10.34324,10.72193,9.948938,10.81001,11.23743,10.9031,11.26276,10.86963,10.8214,10.77521,11.15845,11.24073,10.79042
"ENSG00000198399",12.87355,12.59904,13.74577,14.28299,14.04965,14.35777,13.92677,14.15423,13.26765,13.5539,14.31642,14.30177,14.41938,14.65455,14.39513,14.51879,14.52805,14.56794,14.57939,14.59912,14.69362
"ENSG00000198400",9.569294,9.475637,10.70659,10.29076,10.92793,10.08941,9.741814,10.19417,11.14655,10.25925,10.8171,10.56161,11.13056,11.77269,11.11033,11.22104,10.88483,10.55528,11.22432,10.91382,11.16133
"ENSG00000198417",10.76209,10.70816,10.72697,10.01436,10.14964,9.832481,11.27139,10.08788,11.71671,11.39581,10.86095,11.44228,9.558857,8.90764,9.358401,9.591749,10.1997,9.986959,9.341582,9.521486,10.39934
"ENSG00000198464",10.82404,10.48773,9.992955,10.45201,10.35237,10.85492,9.655254,9.662984,9.78,10.39687,9.368517,9.922728,11.21591,10.93629,10.8164,10.86049,10.71217,11.31724,10.92618,10.67337,11.07594
"ENSG00000198482",12.18229,11.80206,11.90146,12.30688,12.08904,11.45471,11.67394,11.94892,11.93721,12.06744,12.11392,11.97427,12.60668,12.27018,12.47454,12.60911,12.37529,12.54666,12.74173,12.68787,12.62149
"ENSG00000198521",10.24226,10.41758,10.52115,10.53068,10.67926,10.45928,10.1691,10.41585,10.56895,10.51309,9.871038,9.949119,11.11879,11.05447,10.94562,11.19318,11.17524,11.35009,10.99098,10.9253,11.35228
"ENSG00000198589",11.64866,11.22587,11.70462,11.61846,11.86147,12.36383,11.01766,11.7041,11.32404,12.04786,11.53233,11.24867,12.22741,12.05535,12.29388,12.16645,12.24771,12.40648,12.73422,12.64731,12.95236
"ENSG00000198604",12.36825,12.98102,11.6817,11.62116,12.06825,12.30236,12.79874,12.17467,11.74899,12.12078,11.34744,11.32066,12.0183,11.48851,12.04579,11.77796,11.93759,11.78916,11.65582,11.63053,11.29703
"ENSG00000198612",11.49485,11.22766,10.85084,11.03617,10.77722,10.71562,10.88978,10.33749,10.57836,11.13514,10.90447,10.35067,11.01485,10.72915,10.65902,10.69659,10.94044,11.1558,10.7834,10.53312,10.45664
"ENSG00000198625",11.72203,11.57378,12.10928,12.11335,11.91842,11.79678,12.13254,11.59431,11.50648,11.5561,12.16001,11.46506,12.00599,12.46268,12.20519,12.30605,12.1351,12.04433,12.35781,12.41751,12.26274
"ENSG00000198646",11.39217,11.45985,11.50967,11.45592,11.75988,11.28584,11.58383,11.33459,11.2609,11.70212,10.78429,11.13686,11.07967,11.28748,11.06953,11.35204,11.0132,10.84657,10.95669,11.01112,11.08997
"ENSG00000198648",10.92594,10.49805,10.64039,10.43941,10.79433,10.87749,11.11868,10.44808,11.50994,10.96291,11.44079,11.15298,10.29581,10.28171,9.789949,9.604968,10.28404,10.10662,10.32998,9.772955,10.70167
"ENSG00000198700",13.51587,13.48682,12.94368,13.1217,12.93503,12.69122,12.48528,11.91919,11.60282,13.04114,11.56758,11.92604,13.82044,13.76199,13.42004,13.51463,13.45159,13.44441,13.45815,13.59469,13.43865
"ENSG00000198728",12.56661,12.37674,12.60801,13.06781,12.69944,12.66215,12.6483,13.11224,12.85782,12.34639,13.37908,13.27597,12.50108,12.79052,12.84613,12.938,12.69726,12.39624,12.34379,12.67699,12.93829
"ENSG00000198730",11.55909,11.61473,12.06754,11.88302,11.76449,12.04629,11.71598,11.74456,11.68564,12.30156,11.58821,11.15518,12.48642,12.49612,12.44216,12.57073,12.33068,12.45191,12.80723,12.55657,12.64138
"ENSG00000198736",15.65107,16.40253,15.8882,15.63521,15.87368,15.35759,15.48128,15.78251,15.74525,15.47558,15.71032,15.83219,15.00479,14.68806,15.35096,14.92399,15.20566,14.89554,15.02024,14.73027,13.86741
"ENSG00000198740",13.72195,13.60932,14.22028,14.07876,13.9762,13.80312,14.28115,14.07131,13.81785,13.87738,14.08863,13.60836,13.66494,13.56089,13.84521,14.04852,13.44872,13.39967,13.78979,14.08748,13.74201
"ENSG00000198742",9.509071,9.432945,9.978362,10.3959,9.886048,9.297795,9.579706,10.0783,10.15657,9.495877,9.116977,10.12888,11.13415,11.35769,11.02518,11.01704,10.95707,11.17124,11.32826,11.39565,11.43588
"ENSG00000198755",11.51914,11.83172,10.11763,11.55336,10.29099,10.30794,10.8308,11.15173,10.69049,10.20405,11.13463,11.53134,10.26725,9.094582,9.559536,9.214204,9.596914,9.238999,9.043588,8.383044,9.119917
"ENSG00000198783",12.55448,12.15959,12.35286,12.16277,11.83352,12.18585,12.58749,12.38994,12.57841,12.53532,12.51346,12.63356,11.51622,11.6428,11.69448,12.11295,11.64535,11.65944,11.64499,11.71336,11.58864
"ENSG00000198815",12.70443,12.25984,12.77023,12.57356,12.65627,12.74057,12.52139,12.67853,12.72223,12.88418,12.40625,12.51702,12.53235,12.6318,12.35357,12.23946,12.32621,12.53695,12.43107,12.39933,12.49153
"ENSG00000198818",12.74706,12.75937,12.68193,12.30229,12.49566,12.57437,12.5519,12.45903,12.7938,12.35347,12.79956,12.51842,11.41752,11.49331,11.71767,11.99634,12.0785,11.81456,11.24209,11.07534,11.18366
"ENSG00000198830",13.6277,14.65169,12.31222,12.61285,12.9634,11.94625,13.23161,12.99258,12.89222,12.49863,12.98834,13.1529,12.72837,11.15139,12.21889,11.66687,12.44963,12.10429,12.03862,11.45414,11.60298
"ENSG00000198833",13.50442,13.62071,13.48296,13.46756,13.69218,13.94033,13.59623,14.02826,13.75204,13.65571,13.94654,13.84013,13.22773,13.76208,13.97139,13.85485,14.18352,13.7439,13.24043,13.07001,13.10192
"ENSG00000198841",12.04162,11.86199,12.31632,11.84008,11.94551,12.02625,11.30308,11.37823,11.29563,11.88504,11.31645,10.9455,11.47143,11.69713,11.7991,11.88682,11.36416,11.43251,11.26496,11.09431,11.96064
"ENSG00000198843",15.73992,15.82067,15.95367,15.84743,15.89772,16.12972,16.13283,16.12157,16.16448,16.00672,16.17621,16.09024,15.72938,15.70129,15.95159,15.85916,15.84954,15.76534,15.58894,15.66042,15.69172
"ENSG00000198846",10.83661,10.56115,10.98901,10.7475,11.69983,11.63385,11.53156,11.19899,11.05053,10.64113,11.49792,11.07105,10.68444,11.01526,11.46319,11.40818,10.98441,10.73918,10.61216,10.87343,11.30975
"ENSG00000198862",11.34614,10.88685,11.45276,11.33949,11.23233,11.37438,11.17777,11.47812,11.04079,11.78914,11.20608,10.98496,11.78081,11.4713,11.6195,11.39955,11.52101,11.58422,11.59387,11.48893,11.70075
"ENSG00000198876",11.64517,11.5252,11.54429,11.21784,11.70521,11.61038,11.27632,11.50341,11.32407,11.09573,11.79275,11.83737,11.69023,11.50654,11.62465,11.60661,11.32409,11.41552,11.91873,11.74253,11.91382
"ENSG00000198887",11.97353,11.9042,11.96637,12.05563,11.81008,11.84814,11.82818,11.93109,11.57214,12.05031,11.78155,11.4046,12.12757,12.09868,12.3067,12.36767,12.15255,12.27217,12.10217,12.1325,11.98515
"ENSG00000198909",10.85923,10.78662,11.35478,10.86438,10.44534,10.90699,10.24043,10.41184,10.74107,10.84833,10.44814,10.37176,10.43012,10.92321,11.07996,10.8708,10.6403,10.75738,11.2369,11.25138,11.02881
"ENSG00000198918",15.94727,16.03952,15.78502,15.97203,15.90043,15.71003,16.16046,16.01764,15.98097,15.71858,16.07977,15.89335,16.12172,15.65492,15.8477,15.9147,16.01162,15.89447,15.86294,15.883,15.75503
"ENSG00000198925",9.817117,10.07881,10.34105,10.28789,10.58852,10.48927,10.06347,10.15068,10.72862,10.13686,10.58509,10.11154,10.63652,11.07412,11.01814,11.02001,10.6484,10.62739,10.74697,10.52409,10.89518
"ENSG00000198948",9.778256,9.737036,11.10511,11.00042,10.60438,10.19162,10.43894,9.690894,10.39389,10.83742,9.280688,10.43948,10.53975,10.27073,10.085,10.35329,10.31499,9.985802,10.51285,10.49578,10.5885
"ENSG00000198961",12.22693,12.03744,12.04151,11.68976,12.3391,11.98834,12.47349,12.29551,12.66999,12.03343,12.24665,11.80646,13.05445,12.64764,12.61457,12.31604,12.32469,12.61526,12.88673,12.96671,12.71814
"ENSG00000203667",12.4775,12.23173,12.02512,12.11712,12.0132,12.42873,12.70554,12.29829,12.46658,12.16967,12.54044,12.40894,12.27355,12.0819,11.94934,12.25843,12.25853,12.07054,12.14585,12.07776,11.73748
"ENSG00000203757",9.926437,9.794461,11.59999,11.15446,11.36023,11.26919,10.8226,11.6245,11.69819,11.70415,9.64933,8.423021,10.82619,10.88387,12.5242,12.54726,9.997144,9.572071,12.63439,13.05461,11.06612
"ENSG00000203814",15.71238,16.2376,15.42102,15.29702,15.39147,15.18688,15.9296,15.84628,15.74286,15.55277,16.09542,16.0192,15.03884,14.57618,15.18367,15.1657,15.0392,14.97202,14.80292,14.6377,14.70268
"ENSG00000203879",12.35193,12.33545,12.46801,12.34258,12.26188,12.13111,11.12493,12.09541,12.54341,12.22897,12.3701,12.28583,11.77622,12.04182,12.11806,11.97924,11.75704,11.74549,11.99364,11.978,12.23709
"ENSG00000204020",9.281797,8.500004,9.494194,8.757328,12.26523,11.86691,10.18822,10.27324,8.561312,9.179165,9.890847,9.109358,10.88825,11.4325,9.455917,9.189352,10.91832,10.93187,10.75418,10.77422,10.55686
"ENSG00000204084",10.12988,9.560125,10.59436,10.70258,10.75044,10.45581,10.32151,10.60513,10.93411,10.52398,10.44073,10.97845,11.67072,12.02543,12.10148,12.2208,11.99145,12.04852,12.00673,11.80806,12.15131
"ENSG00000204120",9.916178,9.788071,10.22692,10.39248,10.17512,9.846368,10.59207,10.51575,10.37408,10.40238,10.24127,10.15616,10.6903,10.88213,10.44922,10.46536,10.83623,10.62724,11.02357,10.72082,10.35411
"ENSG00000204130",11.24051,10.28385,10.96597,10.76609,11.23475,10.68286,10.88639,11.00801,10.3944,11.24344,10.21642,10.31998,11.49577,11.55906,11.47638,11.52784,11.36422,11.45154,11.53202,11.60468,12.0183
"ENSG00000204131",10.90082,11.11041,11.5421,11.25407,11.71199,11.41705,10.55507,10.83145,11.24937,11.29226,10.92853,11.36926,11.85694,11.80426,11.95664,12.17559,11.86671,11.73868,12.32732,12.06539,12.20269
"ENSG00000204138",11.00242,10.95234,11.26352,11.35054,10.93052,10.43032,11.61252,10.99484,11.14666,10.74143,10.89015,11.00283,10.11592,10.09841,10.22943,10.15469,10.53168,10.22943,10.05509,10.0969,10.73408
"ENSG00000204149",13.06505,12.7387,12.93377,13.22962,12.78122,12.40416,12.89079,12.70896,12.58369,12.55157,13.21803,12.45333,13.17446,13.13315,13.14393,13.31333,12.92328,12.99507,13.19265,13.20256,13.08138
"ENSG00000204160",10.34037,10.42794,10.56803,10.71917,10.54718,10.35002,10.06312,10.11648,10.36599,9.971767,10.47231,10.67285,9.612277,11.57209,9.86829,9.709138,9.685244,9.540327,9.866724,9.492847,9.237612
"ENSG00000204178",11.24098,10.87317,11.36102,11.0131,11.22801,11.2966,11.48365,11.01863,11.1344,11.19936,10.81616,10.96444,11.7907,11.85816,11.7919,11.75858,11.84039,11.77788,11.75496,11.65655,12.0517
"ENSG00000204231",11.60682,11.68481,11.78013,11.79324,11.75528,11.68236,10.77771,11.68028,11.84086,11.50056,11.93268,12.25882,12.10837,12.12249,11.69545,11.91295,11.77025,11.46345,11.89049,11.5301,12.44938
"ENSG00000204256",12.9757,13.04494,13.30745,13.29402,13.26224,13.34523,13.55189,13.2908,13.59619,13.2311,13.3206,13.49547,13.05117,13.09732,12.85511,13.02396,13.10311,12.9407,12.74086,12.83917,12.4035
"ENSG00000204264",13.02565,12.82892,13.4851,13.37636,12.94697,12.90636,12.93317,12.73747,12.97449,12.97017,13.13765,12.52709,12.77191,12.41994,12.60523,12.72557,12.47015,12.40672,12.30678,12.34828,11.81215
"ENSG00000204304",10.33627,10.508,10.49003,11.19745,10.71295,10.36249,9.960468,10.73069,10.62799,10.43928,10.83115,10.81402,11.14169,11.02852,11.51744,11.40156,11.12533,10.91886,11.1154,10.97142,11.20243
"ENSG00000204310",10.47455,9.75423,10.54255,10.01836,10.43312,9.954789,9.52012,10.27395,11.61013,10.46321,11.20576,10.78936,8.767648,8.92135,9.491999,8.920444,9.072311,8.63887,9.066489,8.800742,8.773751
"ENSG00000204370",11.16482,10.73963,10.90279,10.70022,11.00483,11.1508,10.25426,10.14192,9.786057,11.07286,9.637329,9.129897,10.94749,10.77258,10.33547,10.45713,11.00384,10.79176,11.33047,11.08764,10.29184
"ENSG00000204397",16.21939,16.15437,16.32251,16.1575,16.09969,16.13292,16.15738,15.97301,16.31308,16.08209,15.74237,15.94368,15.7795,16.03732,15.69737,15.65216,16.01849,16.28099,15.40736,15.32109,15.38982
"ENSG00000204427",11.47313,11.82513,11.84481,11.72515,11.58613,11.41158,11.42743,11.44532,11.88041,11.74802,11.89517,11.69186,11.05781,11.41931,11.99049,11.91228,11.73042,11.13646,11.45478,11.58582,11.08288
"ENSG00000204438",10.1995,10.15459,10.43448,10.47926,10.56065,9.626613,10.29634,10.49174,10.84724,10.7979,10.25769,10.39111,9.722047,10.08988,10.2023,10.44397,9.706079,9.218136,10.12315,10.0399,9.969187
"ENSG00000204450",12.93319,12.50707,12.03449,11.78323,6.752438,7.739077,15.53309,15.58935,6.444361,7.487289,11.26633,12.60235,14.48477,14.33347,12.83722,12.86653,12.87645,13.11037,12.91679,12.94279,7.487475
"ENSG00000204463",11.92229,12.7963,12.31763,12.10125,12.11919,10.98677,9.792877,11.2362,12.23513,12.14777,12.32527,12.47465,12.48894,12.85762,12.77139,12.71892,12.3956,12.08098,12.58162,12.6108,12.57666
"ENSG00000204472",14.70795,16.14271,12.98235,13.24556,12.98822,10.46096,15.36351,14.65972,13.83269,11.72235,14.02519,14.51071,12.62388,9.900367,12.33772,10.70933,12.09453,11.53277,12.58607,9.528059,8.149531
"ENSG00000204482",13.57667,13.99856,13.42437,13.53033,13.28703,13.33626,14.4547,14.01614,13.78911,13.06032,14.23216,14.53447,12.36419,12.29213,11.7387,11.60806,12.16775,11.96222,12.40479,11.94209,11.68593
"ENSG00000204525",16.50156,16.39523,16.60392,16.72864,16.2774,15.97213,15.09725,14.96951,15.4325,14.91132,16.22895,14.80609,14.78679,15.84151,14.61725,14.70371,15.42901,15.44685,14.85523,14.71053,14.276
"ENSG00000204592",14.65808,14.31477,15.06608,15.06035,14.95205,14.86932,14.59834,14.94091,14.79279,14.90997,14.89281,14.71049,14.99104,15.09846,15.22624,15.26047,15.32953,15.12451,15.13006,15.27503,14.50341
"ENSG00000204632",12.92608,12.80232,13.88445,13.38627,13.19461,13.22198,12.90502,12.95596,13.036,12.82329,13.39998,12.97653,12.51532,12.8452,12.91661,12.98197,13.10501,12.94479,13.13717,13.16402,12.71129
"ENSG00000204642",16.60435,16.44156,16.72393,16.66294,16.78901,16.70095,16.79683,16.78694,16.70354,16.62765,16.68296,16.65487,16.84954,16.656,16.81746,16.8009,16.95066,17.05887,16.909,16.96114,16.98108
"ENSG00000204842",11.98307,11.77278,11.95031,11.93194,12.17357,12.16602,12.29292,11.91297,12.29846,12.25194,12.07805,12.15914,11.04053,10.48485,10.6651,10.71783,10.85109,10.4675,10.34906,10.60066,10.95232
"ENSG00000204977",11.38315,11.45125,11.23923,12.15268,11.24938,10.78051,12.56649,12.01247,12.82808,10.81043,13.09164,12.4798,12.07942,11.40874,11.39879,11.58355,11.37488,11.22969,11.74484,11.79953,11.58253
"ENSG00000205155",11.84118,12.52382,12.06595,11.82195,12.06646,11.80013,10.91638,11.91041,12.56232,12.25436,12.56338,13.04307,11.28846,10.83485,11.43187,11.41713,11.3203,11.05422,11.2341,10.97318,10.98513
"ENSG00000205220",13.26948,12.99285,13.44693,13.08676,13.15575,12.54305,13.75724,13.12045,13.3556,13.56634,11.93458,13.16585,11.27408,11.37317,11.92241,11.87827,11.92976,10.94651,11.28428,10.91047,10.29034
"ENSG00000205302",13.61802,13.55648,13.96357,13.86751,13.52743,13.69013,12.95609,13.06717,12.97171,14.0569,13.26156,13.25168,13.56417,13.59062,13.78171,13.76891,13.30093,13.7015,13.96616,14.10225,14.04318
"ENSG00000205307",10.42744,10.59582,10.76896,11.0858,10.54686,10.96941,9.965742,10.51413,11.36619,11.01796,11.40193,11.59757,8.567646,8.9361,8.683373,8.76179,8.672333,8.510362,8.642816,8.619143,9.253063
"ENSG00000205323",11.06766,11.30638,11.00591,11.04464,10.95348,10.92354,10.61659,10.86398,10.68504,11.20064,10.81979,10.66721,10.14958,10.10791,9.935128,10.02151,9.934434,9.733261,10.00048,9.803957,9.667712
"ENSG00000205352",13.98321,14.00962,13.86736,13.7279,13.93669,14.1445,14.00308,13.92571,13.8891,13.729,13.87278,13.95125,13.02415,12.80143,13.03811,13.11171,13.10678,12.9442,13.1073,13.02836,12.95375
"ENSG00000205362",10.39417,10.45709,10.45468,10.88909,10.44092,9.772266,10.54103,10.50208,10.54645,10.8384,10.14277,10.93159,10.37284,11.44319,10.68958,10.69877,10.82613,11.15871,10.59182,10.68505,11.04009
"ENSG00000205364",9.57291,9.853117,10.09431,10.12307,9.992252,9.956577,9.99957,10.08534,9.955229,10.55199,9.810867,10.02593,10.47524,11.56022,10.98999,10.87984,11.30408,11.04692,10.16637,10.79807,10.56431
"ENSG00000205413",12.60457,12.15918,13.1337,12.82002,12.9712,13.1259,11.98658,11.80738,11.66769,12.51518,11.17089,10.70685,13.06811,13.21243,13.50838,13.67062,13.54953,14.49465,13.6693,13.51866,13.82054
"ENSG00000205423",10.97036,10.60908,11.51331,10.57705,10.68058,11.02259,10.67005,10.76627,10.35152,11.27194,9.318768,9.9521,10.92469,10.84138,11.40201,11.0059,10.67862,10.9902,11.075,11.03403,11.28264
"ENSG00000205531",11.13249,10.58282,12.0022,11.8242,11.60392,11.18951,11.92965,11.70763,11.86093,11.57192,11.42494,12.25957,12.282,12.49264,12.17916,12.01955,12.51529,12.39439,12.56688,12.55851,12.62114
"ENSG00000205542",16.78918,16.99641,17.11692,16.9582,16.86861,16.93332,16.92177,16.78876,16.87412,16.89597,16.73238,16.6752,16.89131,16.87985,16.97982,16.97827,16.95645,16.9582,17.01917,17.12673,17.10963
"ENSG00000205581",11.03687,11.03761,10.46415,10.74553,10.62549,10.34486,10.45078,10.90333,11.769,10.72235,11.41121,11.76006,11.40876,11.62608,11.30306,11.62216,12.0594,11.85647,11.74088,11.49759,11.73715
"ENSG00000205629",11.50108,11.33178,11.34059,11.19322,10.97158,11.33706,11.34372,10.94084,11.42568,11.37533,11.39594,11.39606,11.66762,11.05709,11.1039,11.14761,11.47162,11.54147,11.40721,11.23795,11.20726
"ENSG00000205869",10.31419,10.30524,10.27525,10.67427,10.42315,10.79249,10.49734,10.38859,10.47843,10.86154,10.60173,10.51684,11.54735,11.15403,11.17031,11.23631,11.3324,11.46082,11.17799,11.31214,11.66583
"ENSG00000205937",12.32415,12.6255,12.75351,12.81943,12.72663,12.75174,12.42233,12.37796,12.77129,13.07777,12.70788,12.87224,12.23816,12.65885,12.42867,12.42529,12.92313,12.07208,12.24156,12.1135,12.29616
"ENSG00000206047",17.7277,17.89096,17.28611,17.52992,17.57309,17.00019,17.72604,17.69642,17.53621,17.40693,17.5775,17.78661,18.26968,13.54285,17.88494,17.5657,18.18873,17.77668,17.48706,13.64616,10.55737
"ENSG00000206503",14.22237,14.04238,14.45452,14.30052,14.38943,14.17091,14.19046,14.10756,13.4659,12.75428,14.17794,14.17052,11.60441,12.22705,10.6372,10.51036,12.53058,11.90565,10.84321,10.11137,11.0963
"ENSG00000206527",12.8007,12.66256,11.81115,12.20376,12.52772,12.73454,12.32042,12.49664,12.61946,12.59351,12.55771,12.56286,12.17922,12.24125,11.9152,11.94888,12.50863,12.43864,11.74232,11.73326,11.90026
"ENSG00000206531",12.35698,11.41996,12.01593,11.53244,11.95544,11.58969,12.534,12.01445,10.46586,11.09381,13.0161,10.82429,11.80884,11.44352,8.384425,8.798653,9.005356,9.039257,13.60738,13.24056,11.48263
"ENSG00000206560",10.98541,9.903364,9.908864,9.973748,10.71806,10.26568,9.90144,9.859133,8.923538,9.561967,9.033209,9.206907,11.6139,11.87211,11.30404,10.86937,11.40342,10.93503,11.88527,11.51713,12.15828
"ENSG00000211460",12.04067,12.19004,11.56195,11.66457,11.82924,11.73051,11.88153,11.91654,12.37549,11.90294,12.35501,12.51314,10.93978,10.89026,11.12153,10.85892,11.26004,11.12248,10.90039,10.63898,11.03512
"ENSG00000213020",13.8473,13.31597,13.43738,13.72414,13.46469,13.75434,13.34818,13.411,13.32202,13.72168,13.46603,13.1752,14.0683,13.68037,13.90995,13.93918,13.72355,14.00243,14.13641,14.02637,14.02188
"ENSG00000213047",11.95688,11.40172,11.9918,11.93404,11.54291,11.85004,11.98976,13.10025,11.99493,11.69594,12.11694,12.74551,12.70652,12.97976,12.64629,12.49545,12.58499,12.70729,13.16775,13.28494,12.32482
"ENSG00000213064",10.70751,11.00932,11.2803,11.38834,10.74387,10.88514,11.01127,10.95732,11.53986,11.20066,11.11857,11.32736,11.41785,11.55235,11.24231,11.27204,11.14247,11.38182,11.36184,11.55304,11.35839
"ENSG00000213079",11.18779,11.09602,11.40075,10.81311,11.15498,11.46035,10.78243,11.321,11.17334,11.52127,10.92332,11.13812,11.54221,11.44065,11.83871,11.48223,11.50472,11.67419,11.68021,11.7102,11.63219
"ENSG00000213096",12.80336,12.33146,13.22693,13.00273,12.67364,12.79008,13.1255,12.8544,13.14372,13.25844,12.59712,12.94924,13.40633,14.08891,13.72407,13.77515,13.55113,13.56427,13.28041,13.39388,13.62257
"ENSG00000213186",11.44196,11.00354,11.67269,11.35631,11.45243,11.66381,11.17444,11.6025,10.7327,11.45896,10.93978,10.43712,12.52176,12.13798,12.50641,12.93772,11.60196,12.06667,12.86227,12.81507,12.80361
"ENSG00000213213",10.55399,10.73047,9.341662,10.12476,10.46289,9.317618,9.4694,10.72536,11.23084,9.67763,10.38527,11.15704,10.77678,10.57283,10.37736,10.3979,10.44176,10.37661,10.79071,10.11261,9.832563
"ENSG00000213246",13.28814,13.20191,13.24859,13.2476,13.10647,12.9762,13.41729,13.28231,13.16885,13.05858,13.20308,12.94258,12.69321,12.45807,12.80752,12.93077,12.73759,12.66029,12.74352,12.84472,12.65252
"ENSG00000213390",10.63553,10.86611,10.34312,10.27866,10.11744,9.763554,9.817291,9.650499,9.234661,10.79272,8.882479,9.897604,10.80282,10.70016,10.66867,10.95495,10.63238,10.82402,11.09136,10.85719,10.66808
"ENSG00000213523",11.64267,11.39088,11.17508,11.38851,11.40322,11.39972,11.85461,11.50876,11.61522,11.38022,11.81548,11.69944,10.15782,10.44215,9.974403,10.44989,10.91399,10.36674,9.989626,10.05265,10.16183
"ENSG00000213593",11.65035,10.85592,10.98504,11.00048,10.5972,10.81769,11.53284,10.74256,11.63042,10.70186,11.58327,11.39995,9.971607,9.885931,9.906061,9.746301,9.943758,10.25069,9.655933,9.471642,9.885931
"ENSG00000213654",10.33467,10.14385,9.980856,9.988875,10.27342,10.0941,10.14435,10.35357,10.65664,10.45908,10.73881,10.78806,9.515748,9.717327,9.343257,9.407788,9.70737,9.705782,9.481322,9.332369,9.172705
"ENSG00000213658",10.5937,10.57007,11.37066,10.88673,11.17182,11.47151,10.88468,11.17043,11.85921,10.91556,11.3108,11.34098,10.2893,10.50891,10.54534,10.70728,10.45417,10.87755,10.19067,10.37581,10.5265
"ENSG00000213676",13.63385,14.28471,14.0458,14.07271,14.06274,13.7956,13.22827,13.9847,14.22054,14.28346,14.16308,14.65658,13.21503,13.65035,13.30246,13.32632,13.51609,13.16642,13.31778,13.0773,13.41398
"ENSG00000213719",15.34078,15.31902,15.55259,15.34198,15.22054,15.15894,15.33086,15.42435,15.36328,15.22583,15.54333,15.59243,15.08628,15.0944,15.24921,15.16624,15.17042,14.99452,14.8334,14.86012,15.14053
"ENSG00000213741",16.45808,16.40177,16.26422,16.33809,16.41619,16.34413,16.5687,16.48615,16.42805,16.31093,16.41364,16.3177,16.10839,15.90484,16.27131,16.05004,16.2304,15.96536,15.87799,15.82544,15.92228
"ENSG00000213759",14.01787,13.70747,13.88768,14.19004,14.16118,14.64943,13.2352,13.16337,13.80629,13.83291,14.33634,13.3617,14.01697,14.87449,14.75058,14.82506,14.71765,14.93295,15.45707,15.57363,14.18242
"ENSG00000213928",12.61086,12.68356,13.28364,13.29113,13.28652,13.24928,12.4327,12.46267,12.67083,12.3973,13.21732,12.71714,12.891,13.28259,13.08591,13.38058,13.48972,14.34384,12.90073,12.91823,13.74668
"ENSG00000214021",11.71007,11.46775,12.08612,12.07327,12.3547,11.75585,11.53588,11.61051,12.23948,11.85476,11.87653,12.0153,12.0382,12.14626,12.29125,12.10149,12.28631,11.89618,12.26666,12.2784,12.58512
"ENSG00000214046",12.57423,12.44679,12.79569,12.55852,12.78696,12.82147,12.77832,12.8571,13.27776,12.7724,13.18979,13.39512,13.33258,13.35979,13.14721,13.2048,13.30845,13.2201,13.02097,13.27789,12.92092
"ENSG00000214114",11.9131,11.7377,11.19761,10.74945,11.18224,11.12532,11.21053,11.20813,11.79547,11.00342,11.63984,11.80826,11.65219,10.76853,11.61241,11.33146,11.20366,10.83419,11.22792,11.02481,10.94212
"ENSG00000214253",12.97758,12.82807,12.90848,12.69037,12.2595,12.17173,13.26936,13.1487,12.65123,12.9057,12.94081,12.84025,11.84545,11.84452,11.97968,12.28609,11.88713,11.36633,12.12832,11.83685,11.17451
"ENSG00000214413",12.31266,11.77511,12.21169,12.28804,11.91784,12.34591,12.54147,12.47136,13.00257,12.26198,12.7137,12.70233,12.59975,12.69092,12.31936,12.65327,12.26836,12.46128,13.02082,12.89831,12.92962
"ENSG00000214655",10.12718,10.29156,10.35899,9.946413,10.12208,10.1134,10.08982,10.0118,10.45437,9.713623,10.71146,10.74834,10.60563,10.5483,10.6351,10.43753,10.41547,10.41547,10.43225,10.36389,10.41401
"ENSG00000214941",10.20857,9.753028,9.573993,9.703872,10.0248,9.415579,11.14362,11.20893,10.10181,9.907337,9.194303,10.80124,9.861159,9.650218,9.856995,9.947457,9.967664,9.947742,10.31937,10.2681,9.468092
"ENSG00000214967",12.31088,12.30698,11.92837,12.05602,12.37851,11.45098,12.13755,12.10453,12.10734,11.92959,11.67857,12.05746,11.88273,12.16759,11.24057,11.57373,12.01742,12.02349,11.94206,11.8111,11.86822
"ENSG00000215114",12.10019,12.14054,12.505,12.17551,12.0687,11.86479,12.57677,12.5592,12.53117,12.5548,12.28582,12.17195,12.30934,12.33459,12.21229,12.20036,12.50999,12.1997,12.7829,12.56437,12.26147
"ENSG00000215126",11.89151,11.89462,11.70771,11.98727,11.80734,11.74326,11.56841,11.63255,11.04906,11.95196,10.77936,10.70464,11.47675,11.96606,11.20971,11.38415,11.42481,11.59852,11.74873,11.6186,11.09564
"ENSG00000215421",10.52966,10.1806,10.22243,10.61774,9.994772,10.45684,10.23033,10.6889,10.4459,9.979311,10.07612,9.823057,11.45977,11.83913,11.44155,11.38677,11.69401,11.51018,11.78087,11.53975,11.67422
"ENSG00000215717",11.0883,11.74512,12.07214,11.70745,11.79533,11.49418,11.65176,12.19969,12.11822,11.75443,12.11981,12.42735,11.27772,11.75216,11.82077,11.79612,12.17365,11.68371,11.60081,11.19641,11.6289
"ENSG00000217128",12.22158,12.22487,12.28447,12.22806,12.26315,12.46791,12.21984,12.40334,12.32674,12.37929,12.01852,12.26804,12.99897,13.1045,13.13618,13.20152,13.19749,13.17382,13.31504,13.29714,13.28237
"ENSG00000217555",14.63365,14.49073,14.97603,14.64369,14.78821,14.99058,15.26319,15.02866,15.26102,15.05396,15.16227,15.01693,14.46912,14.99019,14.57801,14.57622,14.57797,14.62775,14.46976,14.55511,14.40827
"ENSG00000219200",16.19122,16.23888,16.3258,16.05775,16.39319,16.45806,16.5728,16.46571,16.44298,16.47486,16.48357,16.55062,15.65399,15.6096,15.59624,15.64559,15.6465,15.56751,15.56378,15.57675,15.2233
"ENSG00000219626",10.5038,10.12463,10.29368,10.27275,10.37665,9.642107,10.94457,10.95901,10.35082,9.869946,10.0342,10.73862,10.68192,10.52876,10.65011,10.69154,10.59841,10.46939,10.67775,10.62462,10.76529
"ENSG00000221823",12.78388,12.0965,12.63078,12.63304,12.81132,12.84487,12.85958,12.82786,12.83892,12.74773,12.89398,12.4106,13.498,13.92313,13.78393,13.84584,13.7667,13.75397,14.20246,14.07342,14.08568
"ENSG00000221874",10.72874,10.6975,10.8916,11.02198,10.6345,10.94444,10.6915,10.94639,10.47854,10.71616,10.47673,10.67462,12.4626,12.16294,11.92475,11.94279,12.17739,12.54252,12.32694,12.57092,12.58239
"ENSG00000221983",15.65509,15.88822,15.66881,15.78964,15.54388,15.30286,15.78648,15.81793,15.74337,15.56735,15.88452,15.87626,15.63695,15.03009,15.45445,15.45179,15.50475,15.38724,15.44832,15.34909,15.19073
"ENSG00000223417",11.57629,11.55351,12.44923,12.02178,13.07463,13.12062,15.41866,15.38649,11.53659,12.14204,12.40095,12.34877,13.70644,13.44564,14.00464,14.33409,12.15312,12.73965,12.94116,13.01999,11.9534
"ENSG00000223547",9.127873,8.829284,9.420725,9.64342,9.222425,9.294719,8.724438,8.705324,8.756833,9.712472,9.166925,8.772435,10.85336,10.32543,11.01961,11.47383,10.88099,10.94703,11.2261,11.15586,11.03755
"ENSG00000224470",12.16404,12.16827,12.30269,12.5721,12.09636,11.83606,11.19994,12.12717,11.86959,12.66889,12.06267,11.32382,11.14946,11.69753,11.64763,11.77594,11.69241,11.38723,11.23119,11.12366,11.56879
"ENSG00000224712",12.45428,12.44154,12.21296,12.43508,12.49263,11.8538,12.67393,12.55547,12.49452,12.34348,12.36696,12.42484,12.23614,12.43334,11.71412,11.84818,12.44258,12.22488,12.28087,12.18942,12.09123
"ENSG00000224831",12.22562,12.39644,12.20448,11.94225,12.22564,11.76066,11.77548,11.87627,11.92518,12.14037,11.65142,11.82407,11.76326,11.62399,11.87656,11.92346,11.90737,11.73327,11.87098,11.76302,11.66136
"ENSG00000225663",10.28267,10.54181,10.11737,10.31053,9.938472,9.297354,9.375509,10.19273,10.94013,9.610079,10.82427,11.22151,9.352127,9.492874,9.09895,9.406233,9.274813,8.854135,9.252911,9.021102,9.166823
"ENSG00000225830",10.49076,9.688257,10.28725,10.26733,9.82555,10.34728,9.845,10.93754,10.39222,10.953,10.31147,10.67983,11.6595,11.01571,11.16343,11.10629,11.30644,11.11356,11.16672,11.27983,11.43202
"ENSG00000225855",10.39509,9.718083,10.22753,9.92226,10.24926,10.88136,9.677395,9.861919,10.45578,9.862252,10.72671,10.21912,10.47199,10.1701,10.11202,9.872221,9.925804,10.00232,10.41859,10.62108,10.32084
"ENSG00000225921",12.98733,13.33434,12.73949,12.8864,13.21177,12.89783,13.0213,12.92793,12.86946,12.7761,12.63736,12.82145,12.6545,12.4542,12.56886,12.75788,12.52291,12.50839,12.71965,12.60336,12.40646
"ENSG00000226742",10.29327,9.67713,10.92508,10.73906,10.56064,9.85674,10.23435,10.43965,9.983872,9.992809,10.99148,10.35953,9.239236,11.07829,10.20767,10.04234,9.688393,9.63931,10.23712,10.24084,9.766534
"ENSG00000228696",11.36155,11.30056,10.1938,10.20192,11.6145,11.63514,11.77067,11.26144,11.48135,11.02762,11.46796,12.3774,12.08831,12.16384,11.42315,11.68948,12.0192,11.86413,10.54924,10.22142,11.61236
"ENSG00000228716",10.77005,11.91402,9.255705,9.50879,9.674391,8.864851,10.57372,9.85765,10.11817,8.940258,10.27908,10.90631,11.00053,8.931318,10.21226,9.352104,10.3736,10.35978,9.823697,9.66502,9.023628
"ENSG00000229117",16.21938,16.36001,16.33649,16.40564,16.28388,16.38662,16.37754,16.45766,16.45548,16.37534,16.37268,16.45068,16.58365,16.34262,16.51396,16.53682,16.50861,16.52817,16.49323,16.47026,16.53363
"ENSG00000229373",10.14501,9.359385,9.699705,9.682639,10.02276,10.29594,10.35396,10.0703,10.12854,10.1376,10.17876,9.971158,11.94878,11.97729,11.44146,11.93888,11.82944,11.93365,12.00145,12.06276,12.16655
"ENSG00000229833",16.08311,15.89314,15.98051,15.92362,15.8069,15.79685,16.33184,16.18728,16.22996,16.12823,16.0195,16.1874,15.6574,15.37971,15.50836,15.79002,15.43863,15.45251,15.41453,15.38371,15.3163
"ENSG00000231500",15.3546,15.38533,14.92317,15.33497,15.04843,15.13693,15.16167,15.27365,14.99687,15.14472,15.37026,15.25209,15.30288,14.24033,15.1906,15.04962,15.14399,14.88733,14.9254,14.71037,15.05833
"ENSG00000231887",10.3809,9.921469,9.873343,10.20546,10.78655,10.5328,10.6728,10.25622,10.50876,9.802322,10.77578,10.91798,8.67649,8.985934,8.806661,8.998318,8.768641,8.481228,9.856207,9.464412,9.993628
"ENSG00000232112",15.45335,15.56953,15.62354,15.65812,15.47605,15.40408,15.63927,15.72256,15.77117,15.5933,15.75083,15.4784,15.29831,15.13099,15.30287,15.38731,15.3093,15.29805,15.35823,15.48613,14.86362
"ENSG00000233276",15.60791,15.252,15.95389,15.73723,15.84643,15.66276,16.27748,15.93504,15.9199,15.72354,15.61445,15.83631,15.26315,15.09261,15.26918,15.41942,15.47215,15.08105,15.16129,15.17022,14.69918
"ENSG00000233802",12.09838,12.02798,12.96758,12.5171,13.37124,13.52558,15.41598,15.51463,11.90442,12.52321,12.8098,12.64902,13.97527,13.78509,14.26332,14.49981,12.2289,12.93773,13.15256,13.31716,12.43585
"ENSG00000233927",12.45475,12.45345,12.06785,12.37595,12.32974,12.33099,12.56387,12.34219,12.43457,12.19986,12.58493,12.48289,12.74799,12.27303,12.61038,12.43886,12.69503,12.52224,12.44387,12.48943,12.47616
"ENSG00000234545",11.66913,11.34533,10.90852,11.35732,11.46832,11.13663,12.58269,12.03991,11.33007,11.93214,11.47406,11.27589,10.7119,11.77309,10.91028,10.91835,11.7945,11.23794,11.18258,11.27017,10.80551
"ENSG00000235750",13.34817,13.19195,14.07444,13.97443,13.55898,14.35474,13.41267,13.2822,13.08607,13.58145,13.77224,13.21182,13.73253,13.32414,13.49872,13.67942,13.31668,13.51767,13.41758,13.49438,14.2511
"ENSG00000235863",11.76666,11.20225,11.35633,11.40046,12.04892,11.22891,12.24269,11.55104,11.80368,11.31539,11.63229,11.98236,11.08145,11.28149,11.29153,11.44489,11.0885,10.80511,11.54815,11.38925,11.28289
"ENSG00000237765",13.61288,13.59232,13.96941,13.68005,13.95273,13.88277,14.01926,13.95788,13.87567,13.47091,14.52349,13.90729,12.8009,13.03271,13.06453,13.22506,13.01188,13.01755,13.31405,13.18808,12.97105
"ENSG00000238243",9.483453,9.751026,10.01391,10.42959,9.30217,8.139334,9.753596,10.30894,9.888914,9.155241,10.23145,10.79812,10.22796,9.985488,10.20432,10.20958,9.924082,10.09311,10.30961,10.88236,10.31197
"ENSG00000239305",9.665371,9.11651,9.943691,9.304109,9.667614,9.97184,9.76094,9.81714,8.660933,9.873023,8.928263,9.303532,10.93802,11.49457,11.84514,11.78812,12.41533,12.24236,12.12064,11.98106,10.83484
"ENSG00000239704",11.95629,11.63265,10.78476,10.68556,12.1219,12.07066,12.01604,11.99949,10.31501,11.06706,10.413,11.1914,13.59225,12.3225,11.93295,11.91578,12.5668,12.74164,12.69839,12.83024,13.45717
"ENSG00000239779",14.65338,14.47742,14.59449,14.73871,14.54201,14.38554,14.54941,14.55458,14.87153,14.66384,15.07094,14.91777,14.69934,14.70791,14.69829,14.67313,14.56701,14.59475,14.79301,14.68541,14.67234
"ENSG00000239839",17.71777,17.89633,17.29129,17.5143,17.58123,16.88513,17.77224,17.67322,17.53441,17.39244,17.59323,17.80885,18.0504,13.59013,17.9765,17.61788,18.13967,17.77935,17.42804,13.69345,10.53648
"ENSG00000240065",13.95708,13.81542,14.25918,14.10624,13.94978,14.02557,13.94779,13.66142,14.00185,14.35442,14.02157,13.79844,13.62661,13.08244,13.5783,13.62626,13.96362,13.90803,13.95453,13.89135,13.64831
"ENSG00000240247",17.7277,17.89096,17.28611,17.52992,17.57309,17.00019,17.72604,17.69642,17.53621,17.40693,17.5775,17.78661,18.26968,13.54285,17.88494,17.5657,18.18873,17.77668,17.48706,13.64616,10.55737
"ENSG00000241258",12.59641,12.4354,12.09971,11.71936,12.23292,12.38366,12.06284,11.83094,12.10205,11.9126,11.55867,11.7665,12.04687,12.3534,11.62609,11.61199,11.66198,11.76345,11.63423,11.75009,12.20236
"ENSG00000241343",10.72652,10.89165,10.12951,10.63554,10.31565,10.52665,10.89988,10.76519,10.5657,10.52676,10.82373,10.72197,10.43301,9.511741,10.03232,9.958414,9.898239,9.985087,10.02435,9.772431,9.965574
"ENSG00000241468",14.82535,14.83922,14.4882,14.284,14.29873,14.36677,15.29191,14.96965,15.25931,14.62985,15.19829,14.91239,13.51829,13.25117,13.36036,13.25517,13.44785,13.25763,13.34707,13.35472,12.37708
"ENSG00000241553",9.797641,10.43681,10.52271,10.22732,10.33198,9.320235,9.883734,10.12371,10.50806,10.23157,9.98438,10.07905,10.16789,10.47888,10.79055,10.55307,10.53334,9.833578,10.52233,10.46239,10.0186
"ENSG00000241685",12.94651,12.70388,13.19856,12.78867,13.00519,12.9898,13.36596,12.69707,12.91113,13.124,12.71205,12.83835,12.18411,11.97208,12.33751,12.56589,12.14581,11.87853,12.55098,12.14176,12.05944
"ENSG00000241837",14.85764,14.77208,14.30229,14.11664,14.34065,14.43126,14.17155,14.16344,14.50639,14.30108,14.25444,14.49257,13.63605,13.1178,13.16088,13.22916,13.37602,13.22148,13.05933,12.9073,13.04085
"ENSG00000241878",8.826305,8.647988,10.71238,10.13107,10.01505,10.0847,10.17903,10.29358,10.39106,9.415983,10.76747,11.21966,8.247039,8.754551,9.243433,8.901445,7.767929,7.292466,9.276757,9.025712,8.837708
"ENSG00000241973",12.18897,12.78741,12.83331,13.04725,12.57931,12.0806,12.60954,12.24094,12.57577,12.72345,12.68987,13.10588,11.70045,12.5183,12.22362,12.23121,12.2254,11.84989,12.2455,12.15984,11.75804
"ENSG00000242028",12.08394,12.27508,11.86937,11.76862,11.72754,11.43034,12.52874,12.19247,12.45356,11.9833,12.01459,12.13269,11.15768,11.07201,11.19807,11.33192,11.44807,11.57694,11.53885,11.49071,10.83471
"ENSG00000242485",11.77591,12.02971,11.37762,11.19468,11.45732,11.56387,11.79173,11.66753,12.08632,11.46556,11.83368,12.00154,10.95533,10.6469,10.46617,10.6404,10.49807,10.00525,10.45704,10.20213,9.84722
"ENSG00000243147",14.38432,14.36751,14.51325,14.32931,14.37993,14.60521,14.7599,14.67208,14.6202,14.66341,14.43342,14.65654,13.78192,13.92787,13.6999,13.92504,13.74554,13.75842,13.63773,13.43994,13.66759
"ENSG00000243489",10.64773,11.07571,10.79113,10.94804,11.05102,11.39995,10.80498,10.97962,10.7074,10.7002,10.82138,10.74571,11.54563,11.56892,11.32496,11.35855,11.19368,11.67895,11.49051,11.85601,12.02099
"ENSG00000243646",11.38091,11.27026,12.08738,11.67607,11.76479,11.46467,11.57375,11.74905,11.55249,11.38321,11.74254,11.52616,12.39445,11.94949,11.96161,12.11357,11.91261,12.07064,12.31502,12.30974,12.18258
"ENSG00000243716",14.06394,13.85337,13.95062,14.07954,14.17314,14.13627,13.89783,14.06518,13.87658,14.23994,13.85164,14.06919,14.83516,15.07856,14.34426,14.4646,14.54625,14.4618,14.6679,14.62325,14.88202
"ENSG00000243749",10.47578,10.62897,10.90104,10.89055,10.69576,10.66926,10.51579,10.93768,11.17536,10.59817,11.3192,11.02023,10.46556,10.91704,10.66034,10.76032,10.71405,10.75333,10.74874,10.86667,11.01442
"ENSG00000243811",9.353467,9.349595,10.36919,10.44913,9.60063,9.518744,9.958108,10.08432,10.87823,10.31386,10.33189,10.21173,9.804111,9.811537,9.662618,9.780172,9.231426,9.322792,9.865285,9.402996,9.637333
"ENSG00000244509",12.35222,12.98959,13.13276,13.11836,12.91088,12.77679,13.78747,12.98944,13.76,13.17393,13.3298,13.61428,12.23279,12.20625,12.23428,12.4988,12.36998,12.3813,12.56456,12.3608,12.8518
"ENSG00000244687",14.72824,14.755,14.76609,14.71621,14.72446,14.41729,15.11751,14.83075,15.12122,14.67493,14.8483,14.74875,14.35721,14.28864,14.28489,14.2045,14.26727,14.27045,14.16927,14.08189,14.31646
"ENSG00000244734",12.57659,10.69232,8.647911,16.08888,16.932,10.72394,9.566225,12.32716,11.64543,15.32999,7.977047,8.617332,8.097359,10.37312,9.026498,7.797709,10.00607,11.47738,7.986882,8.046806,9.282441
"ENSG00000244754",16.84681,16.56022,16.93951,16.83936,17.04845,17.11772,16.7334,16.79738,16.59312,16.91261,16.67826,16.61926,16.92334,16.93949,16.78226,16.83041,16.77991,16.92287,17.0531,16.99885,17.0106
"ENSG00000245680",11.44444,10.95814,11.3062,11.68471,11.94477,11.35789,11.11793,11.04554,11.36629,11.36359,11.00653,10.70587,12.41079,12.31048,12.0414,12.37574,12.13509,12.37191,12.15441,12.19886,12.20506
"ENSG00000246705",10.0183,9.418591,9.914133,9.318911,10.73367,9.868986,10.24828,10.0278,9.724941,9.951809,10.13049,9.983967,8.903745,9.59618,8.879306,9.23597,9.233348,9.146745,9.164506,9.065599,9.039227
"ENSG00000248333",9.682467,9.152379,9.34152,9.36065,10.02369,9.921681,9.711691,10.20751,9.714975,9.962432,9.681293,9.758297,11.64418,12.05657,11.83979,11.68439,11.67742,11.27838,11.46093,11.64667,11.81457
"ENSG00000248672",13.06928,13.07469,12.79029,12.31972,12.94742,12.71802,13.55651,13.39413,13.15055,12.56534,13.45939,13.27428,13.34972,12.58322,13.38433,13.09709,13.27757,13.16754,13.0459,13.12992,12.62708
"ENSG00000249222",10.34515,10.3864,11.19457,10.53823,10.76586,10.97454,10.75765,10.73823,10.85945,9.782746,10.69623,11.07474,9.837093,10.17017,10.10433,10.12078,10.96445,10.41535,10.04522,10.08387,9.720476
"ENSG00000249437",10.565,10.73163,10.07162,10.25758,10.44606,10.37499,10.3923,10.52781,11.45475,11.05115,10.49526,10.63777,11.30033,11.85632,11.15301,11.32156,11.82316,11.8106,12.04443,12.0271,11.37592
"ENSG00000249884",11.83995,11.89943,12.1241,11.74782,11.86149,11.85521,11.30146,11.48883,11.01707,11.70083,11.312,11.10629,11.68319,11.74013,12.17285,12.39033,12.15378,12.08468,12.30474,12.38686,11.95913
"ENSG00000251201",10.66004,10.25455,10.14904,10.05873,10.36038,10.59124,10.30599,11.09751,10.23911,10.68341,10.7911,10.80323,11.59572,11.96063,12.32655,12.2799,12.37864,11.90618,11.71665,11.55429,11.95096
"ENSG00000253506",15.39009,15.53008,15.44388,15.53481,15.29611,15.27076,15.67507,15.6487,15.40952,15.33873,15.3803,15.43876,15.39933,15.19679,15.17576,15.32805,15.37144,15.1741,15.33333,15.24611,15.15964
"ENSG00000253719",11.27196,11.17679,11.33022,11.33154,11.37926,11.08198,11.22639,10.89061,10.5394,11.00024,10.64811,10.4349,10.67193,10.69429,10.78811,10.69495,10.74702,10.55571,10.66156,10.1226,10.72055
"ENSG00000254087",10.53692,10.48706,10.21275,10.24382,10.52737,9.798881,10.51446,9.894974,9.591507,10.05807,9.63345,9.845732,10.33991,11.52972,10.82763,10.80945,10.89637,10.47579,11.28914,10.82361,10.74051
"ENSG00000254206",15.79086,15.51256,15.5012,15.82017,15.85061,15.69605,15.58236,15.36025,15.63826,15.56498,15.53784,15.74769,15.60324,15.95915,15.11721,15.45528,15.44187,15.36668,15.47448,15.52867,15.68318
"ENSG00000254772",15.1222,15.18457,14.5345,14.97135,14.75883,14.56858,14.71155,15.22738,15.10032,14.67864,15.24755,15.24773,15.1482,14.5159,15.00908,14.65115,14.74388,14.62929,14.60935,14.25918,14.87735
"ENSG00000254788",10.54613,10.41003,10.83137,10.61511,10.6294,10.80268,11.24139,10.90822,10.92152,11.116,10.88653,10.96106,9.637633,10.85402,10.24587,10.25286,10.31082,10.30579,10.20998,10.35935,10.16848
"ENSG00000254901",11.55331,10.95494,10.82416,11.09001,10.89359,10.26706,11.31253,11.31952,11.53602,10.88017,11.76834,11.93478,10.20323,10.2628,9.931078,9.902609,10.06483,9.763651,10.25473,9.694176,9.483514
"ENSG00000255112",10.8988,10.7149,10.75279,10.66673,10.88638,11.02568,10.74699,11.07146,10.98346,11.06776,11.24977,11.05415,10.2003,10.57971,10.60578,10.86777,10.64102,10.60275,10.60219,10.40628,10.32717
"ENSG00000255302",10.82274,10.79782,11.11225,10.69329,10.88354,10.60072,10.42573,10.49131,9.913363,11.17808,9.577087,9.191033,10.10153,10.22014,10.57928,10.77101,10.33287,10.4092,10.42953,10.3255,10.37154
"ENSG00000255423",11.21637,10.49621,11.04556,10.98271,10.99098,10.92319,11.45346,11.139,10.97411,10.59317,10.87754,11.13959,9.922112,10.32566,10.37516,10.80035,10.30058,10.4238,10.88327,10.98169,10.53282
"ENSG00000255524",15.12623,15.09066,14.98985,15.30719,15.21335,14.74365,15.0928,15.00026,15.29937,14.96533,15.06042,15.09121,15.12291,15.43117,14.84259,14.99266,15.06146,15.04154,15.14066,15.1262,15.08991
"ENSG00000255587",14.27559,14.03336,14.27895,13.97804,14.16286,13.74181,13.69434,13.39486,14.12807,14.14942,13.95505,14.32006,14.55896,14.45861,13.95173,14.20206,14.15843,13.58569,14.27879,14.20159,14.15555
"ENSG00000256087",10.4649,10.16836,10.2318,10.19451,10.10457,10.75361,10.53916,9.886868,10.26059,9.932036,10.26912,9.892646,10.10632,10.74216,10.21213,10.31131,10.96671,10.49475,10.14172,10.05851,10.04546
"ENSG00000256771",10.60448,10.15236,10.46737,10.74417,10.56927,10.55703,10.11416,10.74928,10.31271,10.79758,10.36785,10.04072,12.50777,11.66421,12.10361,12.23231,12.08635,12.38813,11.74252,11.67467,12.21426
"ENSG00000257093",13.08977,12.95076,13.97466,13.80939,13.15576,13.44688,12.99185,13.8012,12.78624,13.08298,13.72768,13.12337,13.54217,14.04061,13.84784,13.70465,13.67929,13.76137,13.93986,14.04356,14.38858
"ENSG00000257103",10.84811,10.65197,10.79844,10.6726,10.62825,10.5755,10.49949,10.47371,10.2961,10.79388,9.98356,10.08474,11.19416,11.16321,11.23452,11.22552,11.0711,11.28234,11.3878,11.12094,10.95751
"ENSG00000257315",14.58862,14.40775,14.7865,14.66039,14.87673,14.97758,14.43146,14.45668,14.05769,14.78689,14.00159,13.93562,15.10006,15.26007,15.3556,15.26166,15.05873,15.26644,15.21934,15.24147,15.30161
"ENSG00000257727",11.46574,11.55489,11.46215,11.43895,12.27397,11.65989,11.74004,11.51827,11.68564,11.79791,12.14808,11.76359,11.19484,11.085,11.0723,11.26663,11.10947,11.11525,11.053,11.10398,11.07056
"ENSG00000257923",12.42619,12.30936,12.49983,12.48906,12.74893,12.61059,12.7161,12.65109,12.32998,12.36623,12.31757,12.66383,13.39201,13.72131,13.46394,13.32544,13.50008,13.44312,13.45967,13.49039,13.7709
"ENSG00000258289",12.08552,11.50011,11.81743,11.76076,11.28988,11.88595,12.33542,12.17102,12.03894,11.59653,12.44689,12.04255,11.41392,11.71802,11.60484,11.59377,11.86456,11.49103,11.50704,11.49388,11.60158
"ENSG00000258890",10.20357,9.725159,9.597138,10.15095,9.910597,10.18501,9.923622,9.917016,10.15599,10.31425,9.905088,9.541208,11.09717,11.09122,11.25129,11.09457,11.25408,11.13852,11.41434,11.11636,11.07231
"ENSG00000259112",13.11326,13.08331,12.82053,12.48245,12.66955,12.87129,12.8889,12.4761,12.81643,12.81314,12.56808,12.95147,11.45024,10.79809,10.66046,10.75473,10.85583,10.69059,11.11296,10.6564,10.35606
"ENSG00000259330",10.35353,10.57086,10.57126,10.10523,10.44095,10.5524,10.6366,10.52351,10.34118,10.39082,10.81397,10.59532,9.902679,9.408895,10.07409,10.18651,9.394397,9.73834,9.541586,9.590343,9.652927
"ENSG00000259332",11.02752,11.27472,10.43617,9.980568,11.04058,10.41416,10.4304,10.75076,10.3335,10.0511,10.63676,10.06894,9.82607,9.366569,10.19883,10.09186,9.542135,9.486424,10.24637,10.05919,9.391722
"ENSG00000259431",10.39971,10.62633,9.926586,10.43734,10.3691,9.356836,10.76831,10.65523,11.09828,10.28161,11.07036,11.52245,10.34049,9.998496,10.23141,10.30712,9.939498,10.01377,10.29774,10.22876,10.26781
"ENSG00000261371",10.24037,10.39209,10.67309,10.36434,10.14461,9.996999,10.47044,10.39073,10.36094,9.987869,10.43548,10.28304,10.4217,10.42236,10.65239,10.4863,10.38606,9.962335,10.7784,10.54352,10.5473
"ENSG00000263001",10.74723,10.8683,10.84427,10.84218,10.77383,10.60034,10.65885,10.77197,10.74393,10.41587,10.60638,11.10394,11.89723,11.72085,11.80693,11.66565,11.54685,11.72323,11.95322,11.9157,12.11803
"ENSG00000263956",10.32749,10.22286,10.84798,11.02775,10.35021,10.02057,10.35764,10.29048,10.05909,10.99548,9.885546,10.06858,11.69958,11.71862,11.75611,11.96554,11.77871,11.70638,11.49452,11.51763,11.09511
"ENSG00000264343",11.91523,11.96331,13.01198,12.99745,12.72415,12.56223,12.45074,12.28973,12.08809,12.65079,11.34534,11.47446,12.98761,13.08919,13.48814,13.60156,13.11085,12.89599,12.89773,13.04935,13.07335
"ENSG00000264364",13.01679,12.751,13.15706,13.15654,13.53028,13.77426,13.41858,13.19362,12.95019,13.38787,13.11648,13.25905,13.6614,13.51049,13.55031,13.62963,13.80823,13.81192,13.46119,13.62866,13.43307
"ENSG00000265491",11.75785,11.54067,11.72369,11.66495,11.82186,11.82619,11.91762,11.99442,11.56824,11.5178,11.90797,11.73639,12.14493,12.29737,12.45819,12.43323,12.12835,12.15172,12.41779,12.31552,12.31253
"ENSG00000265681",13.63588,13.78743,13.42111,13.74285,13.62592,13.3249,13.42037,13.56985,13.19326,13.43746,13.21657,12.97527,13.60175,13.41401,13.46161,13.42216,13.59019,13.45343,13.443,13.4257,13.41758
"ENSG00000265972",16.30319,16.19234,16.04766,16.1458,15.75935,15.6506,16.41859,16.23312,15.95934,15.78523,16.02402,15.70748,16.51674,16.80372,16.9748,16.86044,16.6622,16.73177,17.11692,17.22136,16.53902
"ENSG00000266173",11.45385,11.33725,11.63298,12.24097,11.64956,11.50747,11.65311,11.87356,12.02297,11.72823,12.41729,12.17824,11.60565,12.02709,11.78478,11.66822,11.53581,11.52119,12.03208,12.11423,11.93765
"ENSG00000266412",14.57213,14.70608,15.16683,14.95482,14.40987,14.18178,14.17515,14.60568,13.76609,14.41287,14.03326,13.91198,14.0174,14.77224,15.60542,15.71145,15.23803,15.19116,15.32066,15.22722,14.93132
"ENSG00000266472",14.18663,14.21297,13.78393,13.88004,14.05826,13.92654,13.99201,13.93192,13.78579,14.10415,13.70409,13.60996,13.51315,13.24686,13.12541,13.54146,13.20803,13.18879,13.43964,13.32509,13.18538
"ENSG00000267368",13.81231,13.78284,12.96429,13.34875,13.79251,13.4959,13.31403,13.49324,13.91445,13.13286,13.97966,14.20578,13.46465,12.73573,13.23337,13.21719,13.04206,12.97543,13.40591,13.22067,13.07008
"ENSG00000267534",13.47117,13.40838,14.31483,14.11613,13.86349,13.97137,14.28745,13.91845,14.33614,14.04746,14.32271,14.20678,14.21297,14.49848,14.42545,14.69696,13.85819,13.98697,14.01604,14.07185,14.29121
"ENSG00000268043",13.27551,13.32619,13.82523,14.03206,13.54251,13.32131,13.09643,13.48514,13.06387,13.8142,12.4641,12.92274,14.59158,14.75932,14.74474,14.93159,14.75973,14.74071,14.75195,14.56763,14.51933
"ENSG00000269713",9.836897,10.21547,10.75814,10.98538,10.32723,9.599105,9.901264,9.905731,9.820874,10.36959,10.02873,9.828337,11.89532,12.10527,12.15574,12.3423,12.1714,12.06408,11.62081,11.71716,11.06886
"ENSG00000269858",11.45413,11.68347,12.01864,11.8281,11.45615,11.02388,11.1878,11.98463,11.67108,11.31816,11.41556,12.2219,12.21652,12.22245,12.36691,12.40367,12.59071,12.26182,12.42467,12.49406,12.11932
"ENSG00000270629",12.95163,12.42621,13.44095,13.36989,13.01851,12.72162,12.69678,12.78023,12.36606,13.15918,12.14473,12.11683,14.9737,15.0082,14.95725,15.08619,14.95483,14.94031,14.98154,14.99071,15.03278
"ENSG00000270757",10.57516,10.45743,10.55565,10.30145,10.12143,10.61613,9.795564,9.638045,9.673825,10.44502,9.735773,9.797356,10.46861,10.14887,10.59685,10.47433,10.06294,10.29621,10.37336,10.29642,10.45129
"ENSG00000270800",10.97231,11.45051,11.4511,11.24221,11.26868,11.10526,11.59451,11.80752,11.33615,11.32644,11.38,11.33204,10.60431,10.75336,10.76838,10.56842,11.05053,10.58725,10.86349,10.65701,10.57437
"ENSG00000271425",13.48631,13.19683,13.81783,14.03481,13.43071,13.31129,13.39884,13.25801,12.97546,13.48632,12.49658,12.5819,14.63313,14.81953,14.69332,14.9074,14.63038,14.65163,14.82866,14.68829,14.74767
"ENSG00000271601",10.18676,10.12447,10.23776,9.841488,10.1509,10.32406,9.935461,10.08317,9.972135,10.19116,10.32469,10.13057,10.1141,9.882087,10.65681,10.75806,10.19761,10.40809,10.46094,10.53593,10.23015
"ENSG00000271605",14.50966,14.16506,14.45831,14.31502,14.71968,14.91755,14.34372,14.56149,14.92773,15.07849,14.70586,14.87431,14.96236,14.79605,13.87025,14.19295,14.26592,14.37594,14.23853,14.36994,15.04837
"ENSG00000272391",14.92549,14.93073,14.78708,14.92448,14.81075,14.89751,14.61607,14.83892,14.73285,14.98586,14.79475,15.01212,14.57739,14.64078,14.63204,14.39811,14.47691,14.54648,14.39725,14.5331,14.60669
"ENSG00000272398",12.62214,13.82487,10.13118,10.76965,11.23449,8.882597,11.71082,11.57888,11.53803,9.614038,11.41366,12.27166,11.20949,6.626169,11.06272,8.742684,11.27944,10.45374,8.625209,6.19742,6.274182
"ENSG00000273703",14.34954,15.55113,12.21144,12.70836,13.6578,11.05328,14.29843,14.39154,14.09744,11.65177,14.63081,14.73095,12.27189,10.1139,12.23153,10.01054,12.01234,10.43747,9.937946,7.927193,9.144213
"ENSG00000274211",10.12165,9.426967,10.20216,10.00792,10.14723,10.25904,9.914976,9.711623,10.33988,9.79711,9.884543,10.40778,9.855763,9.248476,9.439819,9.473144,9.357866,9.378828,9.348171,9.077237,9.136254
"ENSG00000275052",10.73176,10.68558,11.22478,10.91458,10.96476,10.83539,10.46978,10.40889,10.56226,11.14825,10.62583,10.71041,12.52805,12.37128,12.11125,12.20927,12.07042,12.38036,12.42763,12.43191,12.62158
"ENSG00000275066",12.55337,12.68221,13.16179,13.16628,12.81919,12.81947,12.15959,12.4831,12.6445,12.83337,12.36881,12.51555,13.91579,14.02665,13.84743,14.08136,13.7666,13.62648,13.94479,13.99265,13.69478
"ENSG00000275379",13.19295,14.2654,13.15793,12.95142,12.96399,12.54867,12.70495,13.51162,14.0906,12.71355,13.99597,13.96738,12.6169,12.043,12.69664,12.78527,12.38494,12.04009,12.00231,11.75495,11.69668
"ENSG00000275700",12.17525,12.24631,12.14024,12.01309,12.13075,11.62208,12.98005,12.10913,12.3361,12.24535,12.11899,12.19845,11.60677,11.37346,11.18244,11.39587,11.76388,11.29757,11.43479,11.30939,10.87137
"ENSG00000275713",10.02933,10.85095,8.717928,8.755945,9.051193,8.861334,10.35923,10.23212,10.65301,9.114408,10.68027,10.64796,8.57943,7.735079,8.376062,8.412006,8.526153,8.262135,7.925533,7.52087,7.636475
"ENSG00000276231",13.56187,13.17829,14.13046,13.9618,13.9269,13.31451,14.23695,13.86716,14.41099,13.95539,14.22676,14.50797,13.26747,13.64019,13.06635,12.93397,13.13056,12.88613,13.3373,13.34511,13.07216
"ENSG00000276368",13.16749,13.9845,12.48709,12.21007,12.76373,12.11527,13.08091,13.25046,12.94262,12.57289,13.4151,13.75296,13.04916,13.02147,13.31549,13.06921,13.38734,13.11461,13.02188,12.80589,12.80101
"ENSG00000276644",12.04002,11.8173,12.61438,12.45387,12.29281,12.01847,12.0272,11.96819,11.88865,12.43658,12.11136,12.02392,12.42866,12.61112,13.12458,13.11214,13.0326,12.74918,12.85189,13.08337,12.75501
"ENSG00000276903",10.6191,11.79138,9.503338,10.06002,10.60667,8.896776,11.05038,10.99529,10.69206,9.138145,10.57584,11.28024,7.527265,7.83703,8.026051,7.955591,8.427637,7.742642,7.662463,7.432089,7.522321
"ENSG00000276966",14.25604,14.30337,13.84258,13.79231,13.52229,13.2362,14.99926,14.35078,14.54829,13.62095,14.5909,14.38064,13.66248,13.68156,14.26228,14.06118,13.79816,13.80393,13.8651,13.73804,13.95281
"ENSG00000277791",14.48193,14.65302,14.64166,14.32458,14.62316,14.60901,14.73686,14.60436,14.32899,14.53662,14.40571,14.36548,14.2015,13.43151,14.0943,14.31952,14.12271,13.8765,13.88032,13.57975,13.96673
"ENSG00000278311",12.37339,12.04377,12.07453,12.06605,12.10388,11.93094,12.36931,12.23353,11.19687,12.16812,11.69975,11.46268,12.65557,12.75247,13.05463,12.95485,12.5273,12.57295,12.84132,12.88449,12.80161
"ENSG00000279968",8.626824,8.686137,8.775269,8.807971,8.3147,8.902044,8.247231,8.607465,8.906235,8.671024,8.810355,8.860394,11.3963,11.29576,10.67904,11.11074,10.97808,11.89062,10.98907,11.24661,11.48467
"ENSG00000281991",10.98191,11.16492,11.1061,11.14704,10.84211,11.16478,10.70324,10.87023,11.20242,11.27842,11.16167,11.07085,11.22804,11.25229,11.02053,11.19564,11.19631,10.69465,10.79755,10.95123,10.96345
"ENSG00000288709",10.10236,10.29101,9.571439,9.883963,9.934977,9.89346,10.72405,10.48543,10.4794,9.971424,10.58285,10.49338,10.31234,10.01149,10.2046,10.0501,10.37714,9.994854,9.702011,9.806342,9.672363
"ENSG00000288825",13.77844,13.60818,14.42042,13.81711,13.68332,12.75715,15.25139,14.57026,14.18896,14.15946,14.16714,14.06546,12.73358,13.02952,13.37467,13.90482,13.55992,13.59328,12.98808,13.01236,12.33704
"ENSG00000288859",13.62029,13.46746,14.14795,13.70582,13.46741,13.19286,14.99742,14.52225,13.94973,13.96461,13.8805,13.93708,12.89812,13.20864,13.41858,13.7323,13.46197,13.56207,12.81118,12.95254,12.52152
"ENSG00000290292",10.65141,10.25648,10.69615,10.59398,10.54909,10.67526,10.99396,10.04142,10.76154,10.22303,11.07423,10.43818,10.22302,9.874502,10.46559,10.64434,9.725882,9.784434,10.26491,10.37213,10.11796
"ENSG00000290796",11.03239,11.14025,11.01941,11.30505,11.32297,10.35569,10.78861,10.69136,10.67607,10.74968,10.71165,10.52654,10.91221,11.75985,11.10748,11.49568,11.23778,10.68394,11.16397,11.40504,10.28662
"ENSG00000293493",7.6481,8.167604,10.47283,9.601406,10.07008,9.999053,10.45632,11.23817,9.973481,10.99361,10.13001,8.942003,10.33064,12.23073,12.31754,11.69174,12.46372,12.30647,10.88496,10.9875,9.540626
"ENSG00000310517",11.91276,12.51961,10.71865,11.52831,12.15587,11.72963,12.60414,12.57082,12.17529,10.80339,10.92252,11.35816,12.23106,10.18281,11.67798,11.14274,11.52998,10.88477,10.29677,8.829231,12.48241
