"","CJI1.A.CD1.ET1.1","CJI2.B.CD1.ET2.1","CJI3.I.K5PP3W.ET1.1","CJI4.J.K5PP3W.ET2.1","CJI5.K.K5PP3W.Rap1.1","CJI6.L.K5PP3W.Rap2.1"
"ENSMUSG00000000001",2014,2003,2847,2355,2273,1926
"ENSMUSG00000000003",13736,19194,2853,5711,5413,4394
"ENSMUSG00000000028",40,48,321,198,95,66
"ENSMUSG00000000037",82,55,94,83,155,98
"ENSMUSG00000000049",25,22,19,16,8,18
"ENSMUSG00000000056",419,409,551,614,539,431
"ENSMUSG00000000058",5174,4992,6053,6967,7336,6775
"ENSMUSG00000000078",49738,43955,38960,45614,50105,46076
"ENSMUSG00000000085",2469,2220,1569,1857,2346,2183
"ENSMUSG00000000088",753,734,1432,1178,971,804
"ENSMUSG00000000093",1726,1127,1792,1909,3449,2587
"ENSMUSG00000000120",2082,2202,3647,2603,2724,3019
"ENSMUSG00000000126",232,210,99,108,257,140
"ENSMUSG00000000127",619,719,783,880,917,942
"ENSMUSG00000000131",2179,1960,2283,2347,2171,2063
"ENSMUSG00000000134",906,891,1827,1996,1804,1694
"ENSMUSG00000000142",2622,1731,684,842,1864,1733
"ENSMUSG00000000148",197,205,255,239,246,165
"ENSMUSG00000000149",1218,1223,1105,1321,1809,1647
"ENSMUSG00000000154",107,77,147,133,98,75
"ENSMUSG00000000159",238,230,2651,965,399,78
"ENSMUSG00000000167",26,46,37,43,34,27
"ENSMUSG00000000168",701,751,1028,860,870,684
"ENSMUSG00000000171",617,463,951,710,542,441
"ENSMUSG00000000184",4297,3702,4247,4219,9667,7459
"ENSMUSG00000000194",1940,1695,1331,1562,1720,1370
"ENSMUSG00000000197",40,60,0,4,11,16
"ENSMUSG00000000214",20,7,5,6,34,18
"ENSMUSG00000000216",493,404,405,447,969,906
"ENSMUSG00000000248",13,7,32,10,8,12
"ENSMUSG00000000253",84,72,521,269,226,91
"ENSMUSG00000000266",1383,1306,1116,1141,1280,1320
"ENSMUSG00000000275",1647,1441,1929,1508,1266,979
"ENSMUSG00000000276",374,376,387,378,304,373
"ENSMUSG00000000278",616,651,410,404,470,400
"ENSMUSG00000000282",986,1136,858,1114,1115,1348
"ENSMUSG00000000290",18,9,49,18,8,8
"ENSMUSG00000000295",140,138,311,232,131,140
"ENSMUSG00000000296",300,225,147,129,104,104
"ENSMUSG00000000301",27,21,42,39,29,18
"ENSMUSG00000000303",13364,14039,14643,15984,14643,17226
"ENSMUSG00000000305",21,26,10,15,16,37
"ENSMUSG00000000308",106,146,1412,896,237,169
"ENSMUSG00000000317",41,17,19,28,10,15
"ENSMUSG00000000318",9,8,19,11,10,6
"ENSMUSG00000000320",448,251,427,357,217,172
"ENSMUSG00000000325",2156,1859,1182,1469,1969,1551
"ENSMUSG00000000326",1403,1311,1218,1371,964,928
"ENSMUSG00000000339",336,313,566,484,422,348
"ENSMUSG00000000340",1017,1218,851,959,603,732
"ENSMUSG00000000346",4202,3849,3368,3358,3337,3070
"ENSMUSG00000000355",411,426,624,596,496,435
"ENSMUSG00000000359",32,29,2,8,11,6
"ENSMUSG00000000374",2767,2884,2653,2571,3121,2926
"ENSMUSG00000000378",295,272,275,280,262,239
"ENSMUSG00000000384",623,579,792,600,436,354
"ENSMUSG00000000385",462,383,1640,2369,873,293
"ENSMUSG00000000386",65,13,579,108,9,9
"ENSMUSG00000000392",19,16,10,8,16,12
"ENSMUSG00000000399",473,411,707,579,561,444
"ENSMUSG00000000402",191,174,4,10,54,43
"ENSMUSG00000000409",21,27,40,30,17,16
"ENSMUSG00000000416",1329,1147,498,808,1117,1609
"ENSMUSG00000000420",1665,1828,2080,1930,1809,1759
"ENSMUSG00000000439",1440,1274,1298,1275,1340,1246
"ENSMUSG00000000440",57,68,35,48,18,22
"ENSMUSG00000000441",2328,2078,2365,2361,2238,2144
"ENSMUSG00000000486",46,80,29,34,32,32
"ENSMUSG00000000489",180,114,152,124,151,63
"ENSMUSG00000000530",769,526,244,252,433,452
"ENSMUSG00000000531",69,83,43,51,43,69
"ENSMUSG00000000532",1328,1111,1287,1255,1505,1374
"ENSMUSG00000000538",1395,1315,829,889,1595,1162
"ENSMUSG00000000544",0,23,87,38,17,15
"ENSMUSG00000000552",343,230,329,350,550,515
"ENSMUSG00000000555",169,173,290,257,178,221
"ENSMUSG00000000561",707,798,1629,1150,976,707
"ENSMUSG00000000563",1967,1812,3306,2667,2224,1980
"ENSMUSG00000000567",5188,5050,4513,4880,5915,5703
"ENSMUSG00000000568",3674,3860,3879,3191,3198,3823
"ENSMUSG00000000579",51,49,26,28,28,24
"ENSMUSG00000000581",487,501,940,730,668,577
"ENSMUSG00000000594",1253,981,422,689,805,897
"ENSMUSG00000000600",1284,1179,1318,1510,1618,1489
"ENSMUSG00000000605",1344,1383,1325,1471,1375,1447
"ENSMUSG00000000628",3256,4450,5186,3942,3087,4401
"ENSMUSG00000000631",3726,3341,4190,3223,5903,3651
"ENSMUSG00000000682",32,36,21,8,8,2
"ENSMUSG00000000686",235,244,222,228,287,243
"ENSMUSG00000000690",178,166,101,112,123,83
"ENSMUSG00000000693",123,113,175,137,100,105
"ENSMUSG00000000708",1655,1843,924,1061,1090,1032
"ENSMUSG00000000711",1339,1170,976,1096,1227,1009
"ENSMUSG00000000724",51,26,17,11,16,27
"ENSMUSG00000000732",166,161,84,68,159,88
"ENSMUSG00000000738",766,774,910,940,788,708
"ENSMUSG00000000739",6778,4506,1065,2235,2524,3526
"ENSMUSG00000000740",9200,8420,8132,7400,8576,9232
"ENSMUSG00000000743",1227,1064,1397,1373,1258,1031
"ENSMUSG00000000751",4409,3381,3205,2761,4088,3659
"ENSMUSG00000000753",174,135,169,173,217,307
"ENSMUSG00000000759",1188,1022,1399,1318,1119,1006
"ENSMUSG00000000776",311,335,411,348,297,233
"ENSMUSG00000000782",545,463,370,308,447,447
"ENSMUSG00000000787",20473,23428,18999,16966,18909,22984
"ENSMUSG00000000792",186,214,725,896,1714,514
"ENSMUSG00000000794",56,76,7,15,20,18
"ENSMUSG00000000804",1995,1835,1438,1643,1929,2090
"ENSMUSG00000000811",388,277,292,260,276,394
"ENSMUSG00000000823",1595,1436,1173,1204,1260,1309
"ENSMUSG00000000826",3082,3269,3028,3158,2699,2990
"ENSMUSG00000000827",819,822,1056,1162,866,652
"ENSMUSG00000000838",2815,2812,2587,2436,2753,3006
"ENSMUSG00000000861",2760,2302,2467,2561,3420,3374
"ENSMUSG00000000869",45,39,31,35,36,22
"ENSMUSG00000000876",257,194,187,206,205,159
"ENSMUSG00000000881",1313,1278,1109,1284,1485,1287
"ENSMUSG00000000884",124,112,91,75,88,63
"ENSMUSG00000000901",46,26,49,55,22,27
"ENSMUSG00000000902",657,579,1054,1102,800,653
"ENSMUSG00000000915",2154,1803,1655,1709,1515,1551
"ENSMUSG00000000916",299,366,367,276,280,245
"ENSMUSG00000000934",476,434,595,602,609,496
"ENSMUSG00000000938",1099,928,1202,1110,1118,996
"ENSMUSG00000000948",98,149,111,89,85,89
"ENSMUSG00000000957",3360,3171,4005,4196,4323,4741
"ENSMUSG00000000958",177,85,28,36,49,38
"ENSMUSG00000000959",1117,992,1144,971,1002,794
"ENSMUSG00000000976",808,665,949,943,827,734
"ENSMUSG00000000982",42,30,25,18,16,9
"ENSMUSG00000000983",0,2,949,978,13,8
"ENSMUSG00000001014",20,27,5,10,19,16
"ENSMUSG00000001016",804,779,1065,971,795,771
"ENSMUSG00000001017",2754,2792,2834,2953,2598,2586
"ENSMUSG00000001018",991,834,798,852,844,864
"ENSMUSG00000001020",8,7,83,40,6,14
"ENSMUSG00000001021",4,8,21,16,6,44
"ENSMUSG00000001025",2145,1526,4232,3951,2315,3462
"ENSMUSG00000001027",21,12,2,4,0,16
"ENSMUSG00000001029",49,34,11,16,25,18
"ENSMUSG00000001034",289,256,409,354,319,284
"ENSMUSG00000001036",1011,833,699,701,819,700
"ENSMUSG00000001039",81,76,122,106,94,82
"ENSMUSG00000001052",2824,2508,2764,2516,2728,2494
"ENSMUSG00000001053",243,293,182,167,234,182
"ENSMUSG00000001054",394,263,344,361,334,258
"ENSMUSG00000001056",365,475,814,554,389,309
"ENSMUSG00000001062",371,290,254,305,358,309
"ENSMUSG00000001065",393,307,311,366,309,239
"ENSMUSG00000001082",525,409,619,518,392,343
"ENSMUSG00000001089",5726,5505,4896,4828,6155,6260
"ENSMUSG00000001098",1049,1042,912,869,1062,894
"ENSMUSG00000001100",855,784,954,860,903,701
"ENSMUSG00000001105",778,851,648,745,741,782
"ENSMUSG00000001119",360,459,92,120,142,141
"ENSMUSG00000001120",106,71,177,99,51,76
"ENSMUSG00000001123",63,27,496,106,20,24
"ENSMUSG00000001127",1378,1262,1013,1404,1048,938
"ENSMUSG00000001128",62,49,36,31,28,40
"ENSMUSG00000001131",26,45,154,97,36,43
"ENSMUSG00000001134",140,147,157,197,160,171
"ENSMUSG00000001138",777,597,587,600,608,426
"ENSMUSG00000001143",520,558,486,659,604,444
"ENSMUSG00000001150",1422,1357,1367,1312,1329,1146
"ENSMUSG00000001151",3016,2545,1527,1573,2039,2496
"ENSMUSG00000001156",616,733,355,313,370,527
"ENSMUSG00000001157",610,594,779,847,787,697
"ENSMUSG00000001158",419,399,448,410,414,374
"ENSMUSG00000001166",114,94,85,73,53,63
"ENSMUSG00000001173",1114,1144,887,949,1125,1040
"ENSMUSG00000001175",6279,6857,8654,9136,7850,8203
"ENSMUSG00000001211",2409,2226,1303,1645,2251,1838
"ENSMUSG00000001225",57,91,6,8,30,19
"ENSMUSG00000001227",78,35,17,7,18,28
"ENSMUSG00000001228",118,396,1663,848,331,198
"ENSMUSG00000001229",733,650,843,901,815,575
"ENSMUSG00000001240",767,739,994,949,835,662
"ENSMUSG00000001247",2169,2109,2197,2588,1792,1611
"ENSMUSG00000001248",567,563,403,472,510,383
"ENSMUSG00000001249",145,131,78,114,88,64
"ENSMUSG00000001270",104,242,25,38,22,54
"ENSMUSG00000001280",6285,6020,4733,4436,5642,4919
"ENSMUSG00000001281",64,40,24,20,32,59
"ENSMUSG00000001285",323,233,361,314,283,245
"ENSMUSG00000001288",2457,1989,2021,1883,2460,2529
"ENSMUSG00000001289",1438,1310,1226,1263,1635,1766
"ENSMUSG00000001300",1917,2852,5024,5113,3444,3875
"ENSMUSG00000001305",248,248,456,310,215,191
"ENSMUSG00000001313",237,201,325,329,295,262
"ENSMUSG00000001323",1081,1152,1092,908,933,827
"ENSMUSG00000001333",97,99,54,71,71,59
"ENSMUSG00000001334",24,43,65,35,6,8
"ENSMUSG00000001348",520,620,1014,928,823,605
"ENSMUSG00000001349",27,21,14,24,14,14
"ENSMUSG00000001366",752,668,577,704,668,557
"ENSMUSG00000001376",584,630,933,804,750,662
"ENSMUSG00000001380",688,732,1194,904,638,605
"ENSMUSG00000001383",940,1055,1004,937,915,829
"ENSMUSG00000001403",21,59,564,438,139,85
"ENSMUSG00000001415",996,965,1490,1287,1286,1122
"ENSMUSG00000001416",1934,2087,4174,3347,2677,2223
"ENSMUSG00000001418",1066,1076,1223,1406,1127,1022
"ENSMUSG00000001419",2037,1873,1392,1570,1749,1970
"ENSMUSG00000001420",292,254,448,390,368,291
"ENSMUSG00000001424",2854,3554,3472,3000,2297,2138
"ENSMUSG00000001435",14686,14554,8089,9938,17076,16649
"ENSMUSG00000001436",279,155,294,244,179,205
"ENSMUSG00000001440",4831,5701,8630,6556,6121,5717
"ENSMUSG00000001441",1503,1522,2128,2032,1967,1634
"ENSMUSG00000001445",729,597,677,640,597,460
"ENSMUSG00000001467",725,1070,1536,1019,424,634
"ENSMUSG00000001472",4215,3804,3285,3582,3474,3544
"ENSMUSG00000001473",451,773,868,679,491,627
"ENSMUSG00000001482",622,514,427,428,438,484
"ENSMUSG00000001497",343,362,238,320,287,262
"ENSMUSG00000001504",1693,1415,656,901,1063,871
"ENSMUSG00000001506",885,1029,354,390,147,301
"ENSMUSG00000001507",12532,9954,11689,9972,11842,10667
"ENSMUSG00000001517",51,87,547,410,244,171
"ENSMUSG00000001518",492,387,283,272,231,237
"ENSMUSG00000001520",133,83,76,83,95,85
"ENSMUSG00000001521",1216,1159,988,942,859,886
"ENSMUSG00000001524",117,94,146,166,131,73
"ENSMUSG00000001525",3576,4340,14852,9849,6995,5435
"ENSMUSG00000001542",1291,1905,2051,1928,1609,2266
"ENSMUSG00000001552",5238,4928,7823,7338,4793,4725
"ENSMUSG00000001555",325,313,118,169,278,252
"ENSMUSG00000001558",15,15,7,10,7,8
"ENSMUSG00000001569",793,673,950,815,702,710
"ENSMUSG00000001576",2320,2395,3016,3167,2567,2240
"ENSMUSG00000001583",919,944,479,642,580,639
"ENSMUSG00000001604",76,94,54,57,50,47
"ENSMUSG00000001627",12300,17985,11480,19950,13195,25744
"ENSMUSG00000001630",507,475,905,844,728,676
"ENSMUSG00000001632",1224,1099,1232,1089,1140,1200
"ENSMUSG00000001642",1392,1542,687,746,689,679
"ENSMUSG00000001663",284,126,158,157,166,175
"ENSMUSG00000001665",674,520,888,934,543,445
"ENSMUSG00000001666",230,239,277,263,181,157
"ENSMUSG00000001672",360,323,314,373,263,201
"ENSMUSG00000001674",690,635,1031,831,731,564
"ENSMUSG00000001687",2121,1732,1205,1430,2062,2231
"ENSMUSG00000001700",367,497,431,361,392,332
"ENSMUSG00000001707",126,188,466,284,192,140
"ENSMUSG00000001729",2399,2087,3409,3222,3084,2659
"ENSMUSG00000001741",386,200,50,88,91,178
"ENSMUSG00000001750",865,554,1361,1416,939,886
"ENSMUSG00000001751",315,277,294,363,262,224
"ENSMUSG00000001755",332,293,366,330,277,227
"ENSMUSG00000001761",2025,1958,3586,3791,3489,3201
"ENSMUSG00000001763",43,35,59,79,52,78
"ENSMUSG00000001767",1121,992,1305,1306,1167,1253
"ENSMUSG00000001768",3900,3832,4487,4712,5817,4337
"ENSMUSG00000001774",1038,985,1728,1677,1957,1108
"ENSMUSG00000001783",2247,2021,2648,2232,2344,2140
"ENSMUSG00000001785",639,620,873,696,588,434
"ENSMUSG00000001786",480,405,486,536,403,333
"ENSMUSG00000001794",4951,4596,6337,6307,5300,5051
"ENSMUSG00000001802",48,86,14,59,13,27
"ENSMUSG00000001815",304,298,197,186,340,320
"ENSMUSG00000001819",2365,2503,2573,2700,3129,2861
"ENSMUSG00000001823",32,44,96,150,106,91
"ENSMUSG00000001829",793,831,650,669,844,793
"ENSMUSG00000001833",3416,3484,4566,4472,4540,4349
"ENSMUSG00000001844",541,403,441,435,416,374
"ENSMUSG00000001847",5667,5583,7150,6542,6055,5416
"ENSMUSG00000001855",2015,1800,2320,1930,2077,1867
"ENSMUSG00000001864",29,38,117,101,39,21
"ENSMUSG00000001870",2190,1027,14784,11379,11581,7068
"ENSMUSG00000001891",1449,1965,1619,1826,1880,2048
"ENSMUSG00000001909",548,485,579,493,414,329
"ENSMUSG00000001910",1710,1674,2559,2237,1967,1665
"ENSMUSG00000001911",18085,17323,15457,16622,20240,22445
"ENSMUSG00000001918",2590,2224,1949,1880,1769,1765
"ENSMUSG00000001924",5099,5552,7374,7058,5790,5029
"ENSMUSG00000001930",454,205,103,65,134,86
"ENSMUSG00000001942",616,533,598,557,449,403
"ENSMUSG00000001946",246,160,72,116,122,91
"ENSMUSG00000001948",42,39,28,30,30,37
"ENSMUSG00000001962",707,676,838,962,823,711
"ENSMUSG00000001964",2011,2224,1414,1720,1919,2131
"ENSMUSG00000001983",128,95,203,169,182,101
"ENSMUSG00000001985",14,80,10,3,8,19
"ENSMUSG00000001986",496,713,573,635,947,774
"ENSMUSG00000001995",177,276,242,222,120,159
"ENSMUSG00000001998",524,533,617,565,637,678
"ENSMUSG00000001999",151,173,302,234,211,185
"ENSMUSG00000002006",158,104,148,145,136,131
"ENSMUSG00000002007",30,25,7,14,10,18
"ENSMUSG00000002010",1485,1348,1866,1696,1505,1463
"ENSMUSG00000002012",19,7,11,10,10,6
"ENSMUSG00000002014",1103,912,1023,971,693,602
"ENSMUSG00000002015",1444,1501,1515,1663,1608,1470
"ENSMUSG00000002017",774,816,1586,1214,1805,740
"ENSMUSG00000002020",441,206,2657,1098,212,136
"ENSMUSG00000002028",8254,7694,4439,4513,7083,6433
"ENSMUSG00000002031",855,785,754,763,684,637
"ENSMUSG00000002032",54,21,14,11,11,12
"ENSMUSG00000002043",254,180,268,272,164,146
"ENSMUSG00000002052",4828,5254,3772,3598,4116,3980
"ENSMUSG00000002055",18,73,421,283,131,62
"ENSMUSG00000002058",126,115,194,195,176,141
"ENSMUSG00000002059",464,369,520,456,432,386
"ENSMUSG00000002064",573,507,604,557,503,487
"ENSMUSG00000002068",12,48,199,77,36,47
"ENSMUSG00000002076",16,43,26,19,23,35
"ENSMUSG00000002083",37,43,59,51,32,40
"ENSMUSG00000002100",24,11,3,3,6,14
"ENSMUSG00000002102",1482,1247,2090,1777,1591,1439
"ENSMUSG00000002103",860,734,665,634,561,579
"ENSMUSG00000002105",451,413,327,370,429,386
"ENSMUSG00000002107",1254,1935,851,991,622,543
"ENSMUSG00000002108",36,38,19,22,37,27
"ENSMUSG00000002109",592,473,370,390,342,342
"ENSMUSG00000002111",10,7,11,15,7,6
"ENSMUSG00000002129",1757,1604,2580,2105,2060,1697
"ENSMUSG00000002147",1915,1544,1737,1734,1734,1573
"ENSMUSG00000002205",564,456,417,521,478,405
"ENSMUSG00000002210",498,419,476,455,513,484
"ENSMUSG00000002221",754,709,854,774,699,630
"ENSMUSG00000002222",4348,4377,2971,3281,4273,4006
"ENSMUSG00000002227",500,341,533,411,456,326
"ENSMUSG00000002228",15,13,5,15,10,11
"ENSMUSG00000002233",632,604,370,385,858,707
"ENSMUSG00000002249",1123,885,699,745,1053,858
"ENSMUSG00000002250",794,783,738,843,760,756
"ENSMUSG00000002257",489,358,565,567,555,471
"ENSMUSG00000002265",101,110,14,38,83,107
"ENSMUSG00000002274",25,32,40,28,28,22
"ENSMUSG00000002279",255,256,218,305,228,184
"ENSMUSG00000002280",316,243,299,272,298,216
"ENSMUSG00000002289",323,203,160,96,347,233
"ENSMUSG00000002297",226,298,494,353,311,319
"ENSMUSG00000002307",503,431,668,461,393,367
"ENSMUSG00000002308",215,172,207,216,204,159
"ENSMUSG00000002319",1249,1407,1833,1423,1180,1057
"ENSMUSG00000002320",1225,1161,1589,1517,1376,1191
"ENSMUSG00000002324",84,77,22,18,7,16
"ENSMUSG00000002325",690,388,1072,623,226,272
"ENSMUSG00000002326",419,366,468,484,441,373
"ENSMUSG00000002329",294,298,438,377,415,316
"ENSMUSG00000002332",595,585,510,573,612,602
"ENSMUSG00000002342",317,286,288,322,325,239
"ENSMUSG00000002343",93,87,184,134,133,73
"ENSMUSG00000002345",330,309,360,371,307,310
"ENSMUSG00000002346",207,223,348,325,742,265
"ENSMUSG00000002365",1177,1105,1042,1124,1285,1040
"ENSMUSG00000002372",1154,926,1103,1068,1049,920
"ENSMUSG00000002379",615,565,884,828,1015,814
"ENSMUSG00000002384",100,152,72,68,65,44
"ENSMUSG00000002393",506,446,566,614,607,470
"ENSMUSG00000002395",1390,1214,913,978,1363,1543
"ENSMUSG00000002396",694,576,603,659,668,573
"ENSMUSG00000002409",478,334,435,476,549,439
"ENSMUSG00000002413",3357,3190,2331,2492,2796,3071
"ENSMUSG00000002416",579,539,723,661,561,630
"ENSMUSG00000002428",1178,1478,1337,1461,1668,1432
"ENSMUSG00000002455",1347,1407,1189,1200,1170,1053
"ENSMUSG00000002458",178,142,330,370,273,223
"ENSMUSG00000002459",26,13,25,28,6,22
"ENSMUSG00000002475",54,50,10,27,19,24
"ENSMUSG00000002477",490,506,1101,869,644,524
"ENSMUSG00000002486",298,284,311,300,348,294
"ENSMUSG00000002489",1172,1237,877,565,707,772
"ENSMUSG00000002496",2428,2239,1921,2122,2059,1922
"ENSMUSG00000002504",388,275,259,387,277,229
"ENSMUSG00000002524",1912,1789,1917,2006,1698,1686
"ENSMUSG00000002546",1874,1784,1510,1656,1626,1467
"ENSMUSG00000002550",573,496,343,344,444,294
"ENSMUSG00000002565",759,650,198,203,376,425
"ENSMUSG00000002578",458,574,114,153,203,227
"ENSMUSG00000002580",222,234,220,171,192,166
"ENSMUSG00000002602",6187,7044,3904,3896,7334,5651
"ENSMUSG00000002603",1109,1176,1047,1004,1204,1086
"ENSMUSG00000002608",866,717,643,759,865,716
"ENSMUSG00000002617",257,206,167,162,174,166
"ENSMUSG00000002625",979,965,419,634,735,759
"ENSMUSG00000002633",2444,3611,610,1321,3286,2676
"ENSMUSG00000002635",161,126,162,162,111,117
"ENSMUSG00000002658",627,577,880,770,621,655
"ENSMUSG00000002660",332,291,392,324,284,217
"ENSMUSG00000002661",96,58,64,84,92,69
"ENSMUSG00000002668",52,54,5,14,17,25
"ENSMUSG00000002679",301,270,298,297,255,259
"ENSMUSG00000002688",47,55,17,15,23,41
"ENSMUSG00000002699",18,23,31,15,6,2
"ENSMUSG00000002718",2041,2269,3447,3060,2540,2234
"ENSMUSG00000002728",526,474,1010,704,551,531
"ENSMUSG00000002731",393,279,427,353,345,354
"ENSMUSG00000002732",35,57,35,51,42,59
"ENSMUSG00000002733",749,851,780,680,865,746
"ENSMUSG00000002741",1121,1105,1856,1753,1615,1457
"ENSMUSG00000002748",4012,4113,4291,4274,4597,3741
"ENSMUSG00000002763",709,672,598,618,659,524
"ENSMUSG00000002767",301,232,424,359,307,249
"ENSMUSG00000002768",281,232,362,353,313,297
"ENSMUSG00000002769",95,97,35,36,31,34
"ENSMUSG00000002771",153,108,32,47,73,53
"ENSMUSG00000002778",1651,1643,1671,1610,1559,1218
"ENSMUSG00000002781",189,150,161,151,153,105
"ENSMUSG00000002797",96,128,505,567,123,163
"ENSMUSG00000002799",11118,8964,5430,6465,9032,9042
"ENSMUSG00000002803",485,330,290,302,343,291
"ENSMUSG00000002804",237,215,305,251,289,220
"ENSMUSG00000002808",27,21,26,18,5,14
"ENSMUSG00000002812",2472,2131,2574,2290,2497,2092
"ENSMUSG00000002814",290,254,283,263,232,224
"ENSMUSG00000002820",649,553,640,538,594,422
"ENSMUSG00000002825",161,155,283,243,142,134
"ENSMUSG00000002831",260,253,64,97,79,108
"ENSMUSG00000002833",974,965,873,896,1041,1106
"ENSMUSG00000002835",172,226,617,363,264,220
"ENSMUSG00000002844",146,143,151,116,104,83
"ENSMUSG00000002845",736,788,725,844,632,589
"ENSMUSG00000002846",289,263,455,461,359,297
"ENSMUSG00000002847",56,52,5,4,14,16
"ENSMUSG00000002870",327,547,1626,979,655,389
"ENSMUSG00000002871",365,318,233,272,282,262
"ENSMUSG00000002881",1514,1588,2272,2100,1771,1925
"ENSMUSG00000002885",342,228,203,171,78,80
"ENSMUSG00000002897",558,590,417,408,448,460
"ENSMUSG00000002900",3364,2847,3352,2928,5733,4724
"ENSMUSG00000002908",23,38,20,16,15,14
"ENSMUSG00000002910",177,150,71,65,76,89
"ENSMUSG00000002944",191,142,22,42,48,16
"ENSMUSG00000002948",1063,1004,872,889,983,903
"ENSMUSG00000002949",583,508,750,581,484,423
"ENSMUSG00000002957",3593,3706,3077,3292,3707,3233
"ENSMUSG00000002963",321,243,342,277,373,307
"ENSMUSG00000002968",1101,1041,1056,996,904,806
"ENSMUSG00000002980",8582,6834,10202,11375,11417,10210
"ENSMUSG00000002981",2277,2063,2319,2257,2389,2131
"ENSMUSG00000002983",692,798,559,619,519,743
"ENSMUSG00000002984",399,369,854,563,333,301
"ENSMUSG00000002985",33973,35513,18488,27885,29261,37320
"ENSMUSG00000002996",3751,3755,3134,3700,3537,3862
"ENSMUSG00000002997",984,420,574,562,1110,817
"ENSMUSG00000003031",1962,1513,1328,1338,1729,1617
"ENSMUSG00000003032",4711,4406,3153,3631,4895,7777
"ENSMUSG00000003033",467,491,850,811,784,532
"ENSMUSG00000003037",1050,1046,1158,1212,1309,1064
"ENSMUSG00000003038",337,369,431,399,355,288
"ENSMUSG00000003039",1282,1189,1115,1038,1193,1067
"ENSMUSG00000003051",630,974,1204,827,459,452
"ENSMUSG00000003062",349,293,298,333,193,197
"ENSMUSG00000003068",1739,1565,1354,1420,1423,1319
"ENSMUSG00000003070",41,38,35,43,46,30
"ENSMUSG00000003072",1427,1313,1613,1508,1497,1185
"ENSMUSG00000003099",1269,1142,1715,1769,1820,1537
"ENSMUSG00000003119",2580,2930,2426,2377,2648,2712
"ENSMUSG00000003123",539,507,177,273,276,264
"ENSMUSG00000003131",2321,2048,2849,2671,2932,2422
"ENSMUSG00000003134",3945,3471,1253,1488,2184,2276
"ENSMUSG00000003135",1476,1111,826,900,1205,1034
"ENSMUSG00000003153",41,663,28,42,19,104
"ENSMUSG00000003154",1361,1250,973,1022,1460,1339
"ENSMUSG00000003161",1843,1827,1239,1337,1370,1340
"ENSMUSG00000003166",1849,1642,2247,2199,2030,1647
"ENSMUSG00000003184",813,640,582,734,654,519
"ENSMUSG00000003190",310,239,206,222,206,165
"ENSMUSG00000003198",177,192,155,171,135,175
"ENSMUSG00000003199",522,523,490,449,411,383
"ENSMUSG00000003200",903,817,896,900,863,694
"ENSMUSG00000003208",175,146,173,162,160,140
"ENSMUSG00000003226",9833,11315,8794,8204,9279,10184
"ENSMUSG00000003227",607,374,180,287,392,432
"ENSMUSG00000003228",201,177,111,137,209,232
"ENSMUSG00000003233",1213,962,1316,1375,1432,1163
"ENSMUSG00000003234",756,662,675,607,669,484
"ENSMUSG00000003235",967,954,1373,1214,1050,936
"ENSMUSG00000003269",887,805,788,883,761,848
"ENSMUSG00000003271",46,53,28,44,37,37
"ENSMUSG00000003273",27,30,5,8,21,6
"ENSMUSG00000003279",162,178,471,375,103,131
"ENSMUSG00000003282",71,114,9,27,61,64
"ENSMUSG00000003299",456,372,509,504,455,346
"ENSMUSG00000003308",722,580,861,759,787,650
"ENSMUSG00000003309",629,529,753,741,585,419
"ENSMUSG00000003316",7996,8263,8538,8596,7408,7638
"ENSMUSG00000003341",13,11,0,0,0,11
"ENSMUSG00000003344",950,845,740,758,851,625
"ENSMUSG00000003345",1693,1593,1743,1623,1652,1615
"ENSMUSG00000003346",410,363,443,457,390,297
"ENSMUSG00000003348",652,1120,410,497,450,665
"ENSMUSG00000003352",367,277,286,345,398,330
"ENSMUSG00000003355",179,160,42,46,58,34
"ENSMUSG00000003360",1788,1731,1737,1631,1617,1545
"ENSMUSG00000003363",1235,1184,1094,1273,1097,1013
"ENSMUSG00000003378",352,331,106,167,264,258
"ENSMUSG00000003380",978,701,458,493,693,534
"ENSMUSG00000003382",2732,2695,1559,1628,2673,2487
"ENSMUSG00000003402",1485,1489,1712,1856,1345,1343
"ENSMUSG00000003410",18,20,2,3,6,28
"ENSMUSG00000003411",15,6,16,10,4,2
"ENSMUSG00000003420",562,477,169,230,401,389
"ENSMUSG00000003421",601,520,529,487,564,528
"ENSMUSG00000003423",350,323,456,410,413,359
"ENSMUSG00000003429",3051,2962,4393,3682,3764,4066
"ENSMUSG00000003435",2463,2566,2487,2448,2158,2162
"ENSMUSG00000003437",1057,911,938,879,870,890
"ENSMUSG00000003438",246,216,473,375,260,191
"ENSMUSG00000003444",249,178,264,208,207,149
"ENSMUSG00000003452",1604,1955,3927,3407,3710,2797
"ENSMUSG00000003458",2953,2498,3886,4715,3100,3275
"ENSMUSG00000003464",837,798,909,971,924,891
"ENSMUSG00000003469",76,73,722,600,1161,418
"ENSMUSG00000003477",7292,5522,701,1916,2840,2580
"ENSMUSG00000003500",194,240,441,354,217,232
"ENSMUSG00000003518",695,653,332,455,452,374
"ENSMUSG00000003526",661,496,210,178,181,162
"ENSMUSG00000003527",295,254,352,304,289,252
"ENSMUSG00000003528",731,667,1026,971,596,537
"ENSMUSG00000003531",294,234,175,185,232,194
"ENSMUSG00000003534",2420,2113,3189,3223,2779,2619
"ENSMUSG00000003541",4776,6499,4530,4127,6239,6148
"ENSMUSG00000003545",50212,48989,35074,44197,34329,45860
"ENSMUSG00000003546",424,349,342,390,402,374
"ENSMUSG00000003549",465,551,536,573,340,387
"ENSMUSG00000003555",27,26,5,8,11,16
"ENSMUSG00000003559",120,110,43,68,91,76
"ENSMUSG00000003573",316,279,629,624,501,402
"ENSMUSG00000003575",442,451,493,540,680,439
"ENSMUSG00000003581",290,275,287,304,350,284
"ENSMUSG00000003585",103,53,277,285,83,137
"ENSMUSG00000003604",163,188,160,195,173,144
"ENSMUSG00000003617",24584,10877,5523,6514,8360,8171
"ENSMUSG00000003623",1186,1170,1438,1697,1552,1246
"ENSMUSG00000003644",1507,1173,1739,1528,1140,1279
"ENSMUSG00000003660",6420,6595,5466,4682,4950,4759
"ENSMUSG00000003662",718,659,496,517,653,602
"ENSMUSG00000003665",51,53,24,43,34,51
"ENSMUSG00000003680",476,353,451,510,471,393
"ENSMUSG00000003721",863,710,857,836,848,729
"ENSMUSG00000003731",1490,1385,1931,1720,1664,1431
"ENSMUSG00000003746",7703,8719,3552,4327,5562,6279
"ENSMUSG00000003752",1795,3715,1914,2506,2189,3545
"ENSMUSG00000003762",248,244,385,423,320,277
"ENSMUSG00000003778",1468,1545,1184,1273,1204,1089
"ENSMUSG00000003779",234,320,1212,924,587,390
"ENSMUSG00000003808",442,428,853,726,540,438
"ENSMUSG00000003809",366,373,365,342,290,252
"ENSMUSG00000003810",1286,1309,1753,1581,1642,1474
"ENSMUSG00000003812",276,281,333,424,306,266
"ENSMUSG00000003813",1145,1129,1224,1223,1158,1063
"ENSMUSG00000003814",10319,12882,10210,11050,7498,8353
"ENSMUSG00000003824",51,43,64,51,51,46
"ENSMUSG00000003847",13450,12522,6899,7465,10779,12026
"ENSMUSG00000003848",271,239,308,226,205,150
"ENSMUSG00000003849",62,77,20,23,17,28
"ENSMUSG00000003863",12,11,39,24,11,12
"ENSMUSG00000003865",533,557,766,663,599,458
"ENSMUSG00000003868",694,642,1293,975,797,714
"ENSMUSG00000003873",216,233,337,310,285,214
"ENSMUSG00000003923",623,508,762,623,618,544
"ENSMUSG00000003929",528,411,472,428,577,412
"ENSMUSG00000003934",18,11,6,8,10,16
"ENSMUSG00000003948",1416,974,332,472,541,730
"ENSMUSG00000003949",2181,1881,1182,1264,2037,2104
"ENSMUSG00000003955",425,446,1623,1290,598,599
"ENSMUSG00000003970",6846,6364,7513,6587,7018,7017
"ENSMUSG00000003992",1472,1185,1309,1631,1928,1949
"ENSMUSG00000004018",339,331,404,363,311,236
"ENSMUSG00000004032",205,186,258,280,290,277
"ENSMUSG00000004035",79,77,13,28,20,19
"ENSMUSG00000004038",48,30,5,10,20,15
"ENSMUSG00000004040",4333,5222,5492,4614,4493,5022
"ENSMUSG00000004043",3455,3476,2425,2664,5320,3130
"ENSMUSG00000004044",3917,3194,6070,5073,5467,5031
"ENSMUSG00000004054",824,779,777,796,1029,929
"ENSMUSG00000004056",1384,1338,1225,1192,1321,1122
"ENSMUSG00000004069",873,902,984,922,876,841
"ENSMUSG00000004070",832,757,678,716,720,566
"ENSMUSG00000004071",1313,1103,968,1060,1258,1108
"ENSMUSG00000004085",7304,4865,6977,6229,6552,7731
"ENSMUSG00000004096",992,1010,1207,1129,1197,1082
"ENSMUSG00000004098",82,44,12,15,19,14
"ENSMUSG00000004099",1606,1749,3852,2734,2316,1912
"ENSMUSG00000004100",348,246,357,271,209,189
"ENSMUSG00000004105",252,219,358,456,219,117
"ENSMUSG00000004127",293,269,261,276,223,201
"ENSMUSG00000004151",544,752,114,155,638,614
"ENSMUSG00000004187",173,137,91,173,132,173
"ENSMUSG00000004207",14484,14494,15841,19891,14769,16255
"ENSMUSG00000004221",1290,1154,1514,1490,1222,1102
"ENSMUSG00000004233",276,256,271,285,283,210
"ENSMUSG00000004263",3231,2960,2566,2627,3539,3474
"ENSMUSG00000004264",1576,1449,2490,2012,1666,1467
"ENSMUSG00000004266",287,303,301,308,258,223
"ENSMUSG00000004267",23,27,17,19,16,19
"ENSMUSG00000004268",682,609,960,839,658,678
"ENSMUSG00000004270",820,789,1118,1136,898,797
"ENSMUSG00000004285",460,461,614,751,627,591
"ENSMUSG00000004317",268,340,884,913,356,328
"ENSMUSG00000004319",2590,2713,2975,3396,3226,2800
"ENSMUSG00000004328",29,26,6,14,7,14
"ENSMUSG00000004347",23,22,3,6,6,11
"ENSMUSG00000004356",1482,1764,2960,1920,1580,1429
"ENSMUSG00000004360",252,246,25,34,196,94
"ENSMUSG00000004364",4200,4696,3802,3812,4227,4571
"ENSMUSG00000004371",20,15,11,8,8,14
"ENSMUSG00000004383",353,321,357,411,345,326
"ENSMUSG00000004393",452,408,558,424,386,266
"ENSMUSG00000004394",849,679,540,646,597,498
"ENSMUSG00000004446",208,248,377,252,240,192
"ENSMUSG00000004451",699,756,885,823,687,572
"ENSMUSG00000004455",854,783,1250,1098,1099,923
"ENSMUSG00000004460",800,982,1337,1231,1022,918
"ENSMUSG00000004462",255,261,311,344,258,219
"ENSMUSG00000004473",14,23,9,8,14,5
"ENSMUSG00000004500",314,253,225,257,278,181
"ENSMUSG00000004508",748,714,133,126,397,278
"ENSMUSG00000004530",692,722,2003,1479,995,852
"ENSMUSG00000004535",9830,9735,9851,9803,10738,11498
"ENSMUSG00000004552",42,31,61,117,16,8
"ENSMUSG00000004558",3227,3113,1131,1545,1678,1675
"ENSMUSG00000004561",246,209,296,329,248,214
"ENSMUSG00000004562",1648,1269,1433,1851,1664,1622
"ENSMUSG00000004565",842,646,765,959,859,771
"ENSMUSG00000004567",431,392,425,530,532,396
"ENSMUSG00000004568",3040,2380,1706,1961,2443,2298
"ENSMUSG00000004591",3644,3667,3200,3292,3768,3747
"ENSMUSG00000004609",21,16,35,19,18,9
"ENSMUSG00000004610",696,706,775,738,786,586
"ENSMUSG00000004626",1423,1235,1480,1603,1183,1130
"ENSMUSG00000004630",41,45,53,34,36,24
"ENSMUSG00000004631",237,234,71,114,273,214
"ENSMUSG00000004633",1567,2383,284,383,385,381
"ENSMUSG00000004637",356,285,324,306,363,325
"ENSMUSG00000004642",1106,1127,1328,1125,853,1037
"ENSMUSG00000004655",869,280,74,112,182,107
"ENSMUSG00000004661",296,359,71,158,183,221
"ENSMUSG00000004665",2562,2223,1049,1179,1640,1819
"ENSMUSG00000004667",536,480,551,444,446,352
"ENSMUSG00000004677",1505,1494,1925,1726,1498,1445
"ENSMUSG00000004698",146,261,41,110,49,152
"ENSMUSG00000004730",16,17,32,24,19,6
"ENSMUSG00000004748",16,20,18,27,11,5
"ENSMUSG00000004768",520,388,419,366,492,387
"ENSMUSG00000004771",1715,1574,2580,2384,1865,1582
"ENSMUSG00000004788",388,334,594,505,506,416
"ENSMUSG00000004789",1823,2113,2926,2602,2503,2210
"ENSMUSG00000004791",202,272,80,87,218,185
"ENSMUSG00000004798",1583,1445,981,1051,1575,1451
"ENSMUSG00000004815",555,461,528,596,550,482
"ENSMUSG00000004842",20,18,13,8,10,16
"ENSMUSG00000004843",1750,1561,2049,1876,1647,1656
"ENSMUSG00000004846",577,664,1031,938,794,740
"ENSMUSG00000004849",292,237,581,461,385,284
"ENSMUSG00000004864",540,491,601,498,391,368
"ENSMUSG00000004865",1336,1332,2260,1945,1887,1622
"ENSMUSG00000004880",1274,1207,1821,1447,1345,1141
"ENSMUSG00000004885",10,4,138,80,13,15
"ENSMUSG00000004891",78,66,40,36,36,96
"ENSMUSG00000004895",871,683,881,856,903,724
"ENSMUSG00000004896",589,512,643,595,482,500
"ENSMUSG00000004897",1514,1664,2417,1934,1990,1701
"ENSMUSG00000004902",103,57,16,34,36,59
"ENSMUSG00000004929",279,321,716,506,295,214
"ENSMUSG00000004931",330,271,368,402,385,287
"ENSMUSG00000004933",111,75,35,47,54,66
"ENSMUSG00000004934",424,374,442,386,445,358
"ENSMUSG00000004936",556,537,1009,774,654,467
"ENSMUSG00000004937",1070,895,1297,1142,1048,916
"ENSMUSG00000004939",46,23,5,6,14,27
"ENSMUSG00000004945",349,318,340,355,348,306
"ENSMUSG00000004947",293,331,405,461,450,409
"ENSMUSG00000004951",3244,3619,2736,3510,2681,2945
"ENSMUSG00000004952",98,161,619,691,408,428
"ENSMUSG00000004980",12278,12566,15075,16332,13474,13409
"ENSMUSG00000004988",238,191,444,657,257,216
"ENSMUSG00000004994",228,177,169,186,158,141
"ENSMUSG00000004996",153,127,187,169,143,136
"ENSMUSG00000005034",2591,2408,2464,2608,3169,2919
"ENSMUSG00000005043",512,478,434,533,518,471
"ENSMUSG00000005045",13,16,9,10,17,12
"ENSMUSG00000005054",787,903,1908,1704,972,1134
"ENSMUSG00000005057",70,48,131,87,62,76
"ENSMUSG00000005069",404,377,295,296,329,290
"ENSMUSG00000005078",358,299,410,428,418,335
"ENSMUSG00000005087",3869,4402,11587,9261,5772,6320
"ENSMUSG00000005089",13,22,11,27,9,32
"ENSMUSG00000005102",1682,1336,1063,1294,1148,1319
"ENSMUSG00000005103",4577,4861,6937,6852,5550,5618
"ENSMUSG00000005107",306,272,211,171,243,359
"ENSMUSG00000005124",63,69,70,59,65,146
"ENSMUSG00000005125",4122,3938,1987,1757,2111,4334
"ENSMUSG00000005142",915,648,3391,4080,1230,1429
"ENSMUSG00000005148",1366,2124,4929,5126,2074,3092
"ENSMUSG00000005150",522,505,779,718,575,537
"ENSMUSG00000005161",1421,1311,2486,2145,1739,1458
"ENSMUSG00000005198",4431,5623,4578,3983,4224,4640
"ENSMUSG00000005204",896,959,1051,974,922,829
"ENSMUSG00000005220",37,22,22,22,66,66
"ENSMUSG00000005225",310,371,333,365,432,397
"ENSMUSG00000005233",46,72,255,202,113,69
"ENSMUSG00000005237",38,27,4,8,13,14
"ENSMUSG00000005251",4504,3852,4300,4080,4727,4289
"ENSMUSG00000005262",764,701,968,942,754,810
"ENSMUSG00000005267",156,126,55,76,79,62
"ENSMUSG00000005268",1697,1998,751,1093,463,287
"ENSMUSG00000005299",865,796,1633,1296,1577,1246
"ENSMUSG00000005312",2666,2991,3605,3554,3412,2994
"ENSMUSG00000005320",8,17,7,7,11,11
"ENSMUSG00000005338",32,23,9,7,17,8
"ENSMUSG00000005354",722,787,1025,827,735,640
"ENSMUSG00000005360",923,637,207,268,688,502
"ENSMUSG00000005362",1458,1410,847,876,1084,1070
"ENSMUSG00000005370",1156,1207,2080,1545,1694,1136
"ENSMUSG00000005371",3364,3245,2864,2959,3308,3621
"ENSMUSG00000005373",62,63,17,19,20,21
"ENSMUSG00000005374",411,441,458,342,415,316
"ENSMUSG00000005378",375,329,516,510,417,325
"ENSMUSG00000005397",1122,1057,145,210,192,322
"ENSMUSG00000005410",172,368,1721,1039,536,271
"ENSMUSG00000005413",106,180,258,268,177,566
"ENSMUSG00000005417",11042,11875,7860,9125,9441,10091
"ENSMUSG00000005442",5568,5343,3457,3659,4209,4468
"ENSMUSG00000005447",251,202,275,248,206,201
"ENSMUSG00000005469",953,1018,1168,1142,1110,1019
"ENSMUSG00000005470",10,29,234,134,51,34
"ENSMUSG00000005481",381,362,980,647,329,280
"ENSMUSG00000005483",13839,15776,9127,11856,12131,12303
"ENSMUSG00000005493",25,17,19,10,7,27
"ENSMUSG00000005501",720,719,812,867,830,686
"ENSMUSG00000005505",306,256,343,324,383,229
"ENSMUSG00000005506",2678,2742,4403,3987,3669,3021
"ENSMUSG00000005510",561,511,760,728,527,394
"ENSMUSG00000005514",1279,1854,1626,1508,1268,1105
"ENSMUSG00000005533",10342,7605,2789,2667,5715,5221
"ENSMUSG00000005534",3551,3044,1219,1292,1898,1711
"ENSMUSG00000005566",2920,3038,5077,4300,3705,3064
"ENSMUSG00000005575",717,671,1100,982,1009,766
"ENSMUSG00000005580",332,367,188,215,286,198
"ENSMUSG00000005583",155,87,36,47,55,34
"ENSMUSG00000005609",2671,2399,4381,3782,3712,2916
"ENSMUSG00000005610",26752,27723,31681,30866,29935,30732
"ENSMUSG00000005611",145,83,28,19,37,32
"ENSMUSG00000005615",853,890,824,802,871,736
"ENSMUSG00000005621",1430,1205,1009,1098,1342,1138
"ENSMUSG00000005625",1093,1006,1409,1334,1243,1133
"ENSMUSG00000005628",194,151,46,59,81,89
"ENSMUSG00000005656",1264,1249,1566,1445,1380,1066
"ENSMUSG00000005667",1008,1256,668,819,1264,1173
"ENSMUSG00000005672",57,129,227,61,21,38
"ENSMUSG00000005674",205,203,211,198,204,147
"ENSMUSG00000005677",163,170,173,171,176,124
"ENSMUSG00000005682",782,622,841,842,773,679
"ENSMUSG00000005683",2338,2374,4834,3804,3445,2907
"ENSMUSG00000005686",1115,1110,1538,1361,2518,1131
"ENSMUSG00000005687",948,940,1372,1353,1117,1323
"ENSMUSG00000005698",1871,1744,2257,2241,2330,2024
"ENSMUSG00000005699",31,25,44,32,43,28
"ENSMUSG00000005705",15,9,16,14,11,11
"ENSMUSG00000005718",293,244,199,122,133,117
"ENSMUSG00000005732",836,1027,2456,1620,1122,884
"ENSMUSG00000005763",478,433,353,291,437,463
"ENSMUSG00000005774",804,738,810,947,714,672
"ENSMUSG00000005779",1474,1299,2193,1806,1435,1224
"ENSMUSG00000005800",9,11,20,30,13,11
"ENSMUSG00000005802",1713,1445,2110,1999,1963,1720
"ENSMUSG00000005803",382,437,595,598,202,175
"ENSMUSG00000005804",860,828,860,873,759,636
"ENSMUSG00000005813",844,911,1438,1414,1123,968
"ENSMUSG00000005823",807,831,634,705,647,637
"ENSMUSG00000005846",1517,1527,2574,1902,1557,1322
"ENSMUSG00000005871",5499,5716,5987,5440,5839,6500
"ENSMUSG00000005873",4119,4184,4570,4919,6583,5484
"ENSMUSG00000005881",973,875,997,1051,1009,1064
"ENSMUSG00000005882",344,343,361,288,304,232
"ENSMUSG00000005886",3664,3307,2161,2330,3331,3262
"ENSMUSG00000005893",2810,2448,2595,2708,3020,2762
"ENSMUSG00000005897",1193,1042,878,847,1050,963
"ENSMUSG00000005899",788,779,839,712,656,724
"ENSMUSG00000005907",766,679,561,643,808,656
"ENSMUSG00000005936",888,764,952,883,901,748
"ENSMUSG00000005947",15,12,12,14,7,14
"ENSMUSG00000005949",712,779,448,610,551,512
"ENSMUSG00000005950",29,29,12,31,16,30
"ENSMUSG00000005951",118,149,83,106,103,91
"ENSMUSG00000005958",837,634,1018,1010,842,1150
"ENSMUSG00000005968",5207,4930,1631,2149,2409,2449
"ENSMUSG00000005973",1547,2000,1786,2241,2574,1870
"ENSMUSG00000005980",106,124,83,68,80,85
"ENSMUSG00000005981",1257,1434,1821,1518,1206,1149
"ENSMUSG00000005982",864,935,1138,1133,1182,902
"ENSMUSG00000005983",336,357,454,439,428,357
"ENSMUSG00000005986",120,94,47,61,102,89
"ENSMUSG00000006005",7216,7357,7837,6919,7189,7164
"ENSMUSG00000006010",1019,1082,796,871,794,772
"ENSMUSG00000006014",160,160,161,154,158,150
"ENSMUSG00000006019",356,337,331,342,242,240
"ENSMUSG00000006021",215,178,133,182,171,207
"ENSMUSG00000006024",1883,1695,1651,1840,1611,1429
"ENSMUSG00000006050",988,853,899,971,852,877
"ENSMUSG00000006057",263,265,459,504,311,246
"ENSMUSG00000006058",411,399,354,416,428,403
"ENSMUSG00000006095",378,423,736,634,638,437
"ENSMUSG00000006127",1315,862,631,732,865,899
"ENSMUSG00000006134",1110,965,1203,1048,1258,935
"ENSMUSG00000006154",339,317,411,566,414,409
"ENSMUSG00000006169",4111,4959,4909,5635,3979,3945
"ENSMUSG00000006179",47,31,11,12,27,37
"ENSMUSG00000006191",661,636,465,455,553,566
"ENSMUSG00000006204",3798,10299,1634,3316,1437,2236
"ENSMUSG00000006205",1045,968,1773,2538,1431,1720
"ENSMUSG00000006215",367,279,406,418,370,339
"ENSMUSG00000006219",662,488,604,561,443,426
"ENSMUSG00000006241",68,62,36,38,32,37
"ENSMUSG00000006262",3210,2993,4472,4243,4527,3862
"ENSMUSG00000006269",15,16,3,11,7,8
"ENSMUSG00000006273",957,939,1210,1283,922,639
"ENSMUSG00000006276",1537,1344,1550,1615,1641,1343
"ENSMUSG00000006281",919,867,946,910,820,692
"ENSMUSG00000006288",321,355,309,366,323,285
"ENSMUSG00000006289",333,285,284,321,301,281
"ENSMUSG00000006299",1419,1385,1566,1652,1518,1502
"ENSMUSG00000006301",2870,2247,2313,2448,2350,2211
"ENSMUSG00000006304",4612,5039,6849,6413,6269,5975
"ENSMUSG00000006307",2294,1928,1790,1690,1871,1678
"ENSMUSG00000006313",460,461,81,118,49,101
"ENSMUSG00000006315",382,302,635,542,429,310
"ENSMUSG00000006333",6510,5661,8049,7159,6914,7148
"ENSMUSG00000006335",123,120,144,144,136,133
"ENSMUSG00000006342",123,133,29,30,33,56
"ENSMUSG00000006344",57,46,168,202,61,75
"ENSMUSG00000006345",312,391,380,440,685,575
"ENSMUSG00000006356",1246,965,1722,2040,1231,1114
"ENSMUSG00000006360",117,80,81,76,61,25
"ENSMUSG00000006362",93,49,7,8,23,16
"ENSMUSG00000006369",296,589,2557,1591,2238,1320
"ENSMUSG00000006373",2099,2101,1324,1496,1595,1694
"ENSMUSG00000006378",145,186,216,165,79,78
"ENSMUSG00000006386",129,106,22,30,29,27
"ENSMUSG00000006390",736,664,1046,852,691,586
"ENSMUSG00000006392",205,186,342,321,287,211
"ENSMUSG00000006395",282,221,95,117,153,149
"ENSMUSG00000006398",29,55,498,390,170,83
"ENSMUSG00000006403",69,76,21,22,23,32
"ENSMUSG00000006411",93,100,235,155,34,37
"ENSMUSG00000006412",326,300,457,393,358,319
"ENSMUSG00000006418",1364,1284,1861,1496,1503,1060
"ENSMUSG00000006423",1039,1037,970,924,1054,942
"ENSMUSG00000006435",23,18,53,50,28,31
"ENSMUSG00000006442",265,411,946,628,302,197
"ENSMUSG00000006445",4522,5361,3707,4051,3517,6667
"ENSMUSG00000006456",678,691,1203,1158,886,601
"ENSMUSG00000006462",146,170,34,42,72,133
"ENSMUSG00000006463",135,183,92,104,121,96
"ENSMUSG00000006464",328,285,174,215,332,242
"ENSMUSG00000006471",710,654,759,708,590,519
"ENSMUSG00000006476",849,691,508,714,678,774
"ENSMUSG00000006494",1320,1434,1934,1608,928,1186
"ENSMUSG00000006498",7953,7901,10764,9889,8402,8359
"ENSMUSG00000006517",37,58,93,59,30,35
"ENSMUSG00000006519",69,43,71,47,29,30
"ENSMUSG00000006526",334,243,293,320,367,284
"ENSMUSG00000006527",733,747,921,778,915,855
"ENSMUSG00000006538",18,15,4,11,4,5
"ENSMUSG00000006542",9,6,21,16,7,14
"ENSMUSG00000006567",13,8,32,19,15,9
"ENSMUSG00000006570",46,38,18,46,33,57
"ENSMUSG00000006575",86,94,44,43,49,43
"ENSMUSG00000006576",278,194,173,243,226,219
"ENSMUSG00000006585",172,246,611,353,242,179
"ENSMUSG00000006589",403,336,545,389,324,269
"ENSMUSG00000006599",891,899,1069,991,808,755
"ENSMUSG00000006611",131,101,189,253,169,146
"ENSMUSG00000006638",409,364,176,204,250,219
"ENSMUSG00000006641",520,498,328,348,492,352
"ENSMUSG00000006649",21,23,44,43,25,31
"ENSMUSG00000006651",71,54,20,28,55,66
"ENSMUSG00000006673",3233,3154,3176,3171,3137,3121
"ENSMUSG00000006675",84,69,10,14,23,24
"ENSMUSG00000006676",3233,3201,2935,3143,3340,2887
"ENSMUSG00000006678",520,685,1402,943,774,681
"ENSMUSG00000006699",6169,6549,8608,8302,7663,6910
"ENSMUSG00000006705",815,755,677,643,834,663
"ENSMUSG00000006715",47,59,180,85,69,50
"ENSMUSG00000006717",222,261,244,264,232,282
"ENSMUSG00000006720",101,95,71,63,40,44
"ENSMUSG00000006724",14,12,14,6,2,2
"ENSMUSG00000006728",1592,1699,3605,3089,1984,1621
"ENSMUSG00000006731",1446,1305,2166,1920,1318,1420
"ENSMUSG00000006732",204,249,306,224,137,134
"ENSMUSG00000006736",981,1010,1373,1451,1170,951
"ENSMUSG00000006740",6903,7050,10808,10110,8867,7822
"ENSMUSG00000006763",250,233,320,265,236,182
"ENSMUSG00000006777",194,109,118,252,85,91
"ENSMUSG00000006782",676,605,883,774,766,697
"ENSMUSG00000006784",10,17,4,7,10,5
"ENSMUSG00000006800",182,207,609,243,111,143
"ENSMUSG00000006818",1208,1404,1780,1134,1469,1111
"ENSMUSG00000006850",211,173,176,174,109,104
"ENSMUSG00000006906",639,631,465,524,529,474
"ENSMUSG00000006920",1762,1484,998,1043,1292,1093
"ENSMUSG00000006930",201,212,139,125,56,115
"ENSMUSG00000006931",369,254,328,328,398,343
"ENSMUSG00000006932",14359,14416,21115,19833,15358,14172
"ENSMUSG00000006941",295,217,255,261,319,208
"ENSMUSG00000006958",25,35,27,52,13,14
"ENSMUSG00000006998",2135,2363,4598,3912,3061,2685
"ENSMUSG00000007029",880,873,1682,1222,1036,694
"ENSMUSG00000007030",364,358,322,455,435,442
"ENSMUSG00000007033",23,25,26,38,29,28
"ENSMUSG00000007034",107,133,74,87,37,16
"ENSMUSG00000007035",67,53,55,101,41,40
"ENSMUSG00000007036",660,533,453,447,440,431
"ENSMUSG00000007038",265,303,286,341,240,207
"ENSMUSG00000007039",164,147,150,186,135,139
"ENSMUSG00000007041",1013,995,3094,2427,1603,1490
"ENSMUSG00000007050",182,168,420,351,254,191
"ENSMUSG00000007080",145,246,1039,606,346,239
"ENSMUSG00000007097",97,96,10,11,40,30
"ENSMUSG00000007122",38,25,2,22,25,27
"ENSMUSG00000007207",92,53,84,89,77,73
"ENSMUSG00000007216",140,104,48,73,72,57
"ENSMUSG00000007279",228,66,9,32,41,75
"ENSMUSG00000007338",451,405,466,416,446,307
"ENSMUSG00000007379",551,750,1138,1171,685,1987
"ENSMUSG00000007411",1599,1444,1841,1932,1765,1553
"ENSMUSG00000007415",1539,1519,1557,1440,1815,1495
"ENSMUSG00000007440",19,17,16,59,26,43
"ENSMUSG00000007458",2545,2556,3397,3051,2509,2337
"ENSMUSG00000007476",1584,1664,1236,1416,1489,1105
"ENSMUSG00000007564",3934,3939,4370,4194,3877,3449
"ENSMUSG00000007570",327,261,290,248,226,211
"ENSMUSG00000007589",299,277,287,277,272,224
"ENSMUSG00000007603",415,337,382,431,390,341
"ENSMUSG00000007610",199,166,231,202,178,168
"ENSMUSG00000007613",1906,2085,1821,1847,1996,2307
"ENSMUSG00000007617",1571,2806,1135,1472,1542,5020
"ENSMUSG00000007646",43,57,70,80,81,44
"ENSMUSG00000007655",2987,2586,3445,4157,5256,4859
"ENSMUSG00000007656",1630,1683,2633,2243,2182,1715
"ENSMUSG00000007659",1803,1249,839,864,1085,945
"ENSMUSG00000007670",2563,2540,3267,2876,2965,2631
"ENSMUSG00000007682",90,92,162,190,282,125
"ENSMUSG00000007721",235,258,419,359,417,368
"ENSMUSG00000007739",4371,4137,6663,5841,5386,4757
"ENSMUSG00000007777",157,159,264,220,258,178
"ENSMUSG00000007783",161,119,41,55,53,56
"ENSMUSG00000007805",524,512,118,122,237,307
"ENSMUSG00000007812",2186,3000,1713,2008,1681,2079
"ENSMUSG00000007815",7715,7963,9744,9338,9150,8072
"ENSMUSG00000007817",8337,7680,11546,12104,8970,10886
"ENSMUSG00000007827",438,471,515,414,495,508
"ENSMUSG00000007833",462,403,626,505,453,387
"ENSMUSG00000007836",3841,3547,4963,4280,4410,4070
"ENSMUSG00000007837",319,284,309,314,300,306
"ENSMUSG00000007850",8363,7954,8913,11041,7901,8928
"ENSMUSG00000007867",484,428,390,418,421,380
"ENSMUSG00000007872",4233,3281,1386,1619,2421,3374
"ENSMUSG00000007880",7019,6417,5715,5722,6946,6715
"ENSMUSG00000007888",12,2,13,8,17,27
"ENSMUSG00000007891",8087,8358,7249,9530,8110,8045
"ENSMUSG00000007892",4289,4733,4820,4326,4497,4316
"ENSMUSG00000007908",73,77,194,182,174,147
"ENSMUSG00000007944",25,16,6,7,15,16
"ENSMUSG00000007946",48,32,19,31,31,35
"ENSMUSG00000007950",166,141,155,178,206,153
"ENSMUSG00000007987",137,168,157,157,148,133
"ENSMUSG00000007989",299,311,214,243,240,205
"ENSMUSG00000008035",792,646,527,591,748,566
"ENSMUSG00000008036",441,369,737,656,612,467
"ENSMUSG00000008090",221,155,203,246,246,259
"ENSMUSG00000008129",25,22,18,14,8,9
"ENSMUSG00000008136",809,1147,1380,1779,985,1929
"ENSMUSG00000008140",911,736,1139,1143,974,814
"ENSMUSG00000008167",446,344,567,440,404,338
"ENSMUSG00000008200",1912,1578,1713,1608,1333,1628
"ENSMUSG00000008206",864,653,150,211,257,319
"ENSMUSG00000008226",431,599,364,446,444,367
"ENSMUSG00000008301",585,551,664,504,597,492
"ENSMUSG00000008305",1978,1798,2144,2655,2399,1848
"ENSMUSG00000008307",153,174,55,110,107,112
"ENSMUSG00000008318",75,58,62,53,58,79
"ENSMUSG00000008333",437,463,797,590,635,550
"ENSMUSG00000008348",4875,4336,1873,2203,1461,1752
"ENSMUSG00000008373",465,463,784,574,448,421
"ENSMUSG00000008384",1847,2165,699,875,1076,1624
"ENSMUSG00000008393",1423,1528,1176,1216,1654,1383
"ENSMUSG00000008398",524,358,818,720,401,444
"ENSMUSG00000008429",2222,2095,1318,1533,1804,1854
"ENSMUSG00000008435",484,355,391,306,320,281
"ENSMUSG00000008450",153,178,328,288,228,165
"ENSMUSG00000008475",1697,1692,2604,2651,2077,2053
"ENSMUSG00000008496",47,18,14,8,10,19
"ENSMUSG00000008540",2343,2502,2020,2244,2150,1806
"ENSMUSG00000008575",19287,19631,21110,21818,25923,27921
"ENSMUSG00000008601",460,349,402,434,270,197
"ENSMUSG00000008604",874,873,1076,904,818,500
"ENSMUSG00000008668",2254,2270,2591,2269,2264,2442
"ENSMUSG00000008682",10911,11554,10359,9913,8810,9292
"ENSMUSG00000008683",3353,3281,4588,3825,3815,4138
"ENSMUSG00000008690",1400,1369,1692,1585,1423,1204
"ENSMUSG00000008730",6943,6307,6014,5779,7111,6959
"ENSMUSG00000008734",1089,821,669,836,901,973
"ENSMUSG00000008763",3497,3324,5327,4637,4992,4413
"ENSMUSG00000008822",81,122,92,108,150,94
"ENSMUSG00000008845",31,20,26,23,19,11
"ENSMUSG00000008855",1062,836,429,498,742,659
"ENSMUSG00000008859",1012,885,1454,1521,1450,1184
"ENSMUSG00000008892",676,664,1288,1121,945,803
"ENSMUSG00000008958",498,442,542,537,464,434
"ENSMUSG00000008976",1913,1893,2335,2090,2599,2199
"ENSMUSG00000008999",2750,2766,2013,2820,3997,4805
"ENSMUSG00000009013",1067,1365,2667,2375,1746,1361
"ENSMUSG00000009030",1063,1042,1115,1200,1194,1117
"ENSMUSG00000009035",1611,1148,932,1023,1348,1191
"ENSMUSG00000009073",2118,2646,2962,2881,3338,2893
"ENSMUSG00000009075",41,66,49,53,78,50
"ENSMUSG00000009076",145,161,140,140,214,144
"ENSMUSG00000009079",4198,4240,5158,5174,4180,4892
"ENSMUSG00000009090",2163,1940,2278,2328,2105,2141
"ENSMUSG00000009092",474,368,39,96,106,98
"ENSMUSG00000009097",42,21,17,18,9,6
"ENSMUSG00000009108",13,20,11,10,9,11
"ENSMUSG00000009112",1067,1412,1436,1302,1432,1234
"ENSMUSG00000009114",27,12,18,11,19,9
"ENSMUSG00000009145",63,52,46,42,25,27
"ENSMUSG00000009207",572,607,655,643,666,583
"ENSMUSG00000009210",19,18,16,4,3,11
"ENSMUSG00000009246",35,36,28,26,29,19
"ENSMUSG00000009248",63,43,28,19,48,30
"ENSMUSG00000009281",164,138,59,75,114,91
"ENSMUSG00000009291",3172,2811,1839,2134,2286,2181
"ENSMUSG00000009292",16,18,29,42,18,16
"ENSMUSG00000009293",517,508,635,579,555,448
"ENSMUSG00000009356",32,49,158,215,125,70
"ENSMUSG00000009376",11996,8747,7371,8037,9560,11434
"ENSMUSG00000009378",41,35,151,253,36,6
"ENSMUSG00000009406",262,279,207,252,243,223
"ENSMUSG00000009418",630,673,2190,1308,738,698
"ENSMUSG00000009470",6931,7651,8808,7890,7804,7817
"ENSMUSG00000009535",734,748,976,941,842,825
"ENSMUSG00000009545",76,34,21,34,28,31
"ENSMUSG00000009549",833,916,953,896,915,775
"ENSMUSG00000009555",745,635,881,775,732,627
"ENSMUSG00000009563",243,229,318,324,267,220
"ENSMUSG00000009566",348,288,518,422,254,194
"ENSMUSG00000009569",3166,2632,4166,3942,3417,3085
"ENSMUSG00000009575",2915,3217,3449,2697,3447,2326
"ENSMUSG00000009585",1017,859,1796,1551,1454,1192
"ENSMUSG00000009614",308,409,846,1261,1315,1175
"ENSMUSG00000009621",1583,1300,1062,1355,1436,1442
"ENSMUSG00000009628",137,189,189,89,30,46
"ENSMUSG00000009630",1861,2017,1650,1536,1704,1739
"ENSMUSG00000009633",42,22,28,28,37,24
"ENSMUSG00000009640",293,276,266,244,254,230
"ENSMUSG00000009647",843,895,1597,1345,1053,1027
"ENSMUSG00000009654",42,59,10,15,11,24
"ENSMUSG00000009681",2365,2071,2876,2402,2856,2522
"ENSMUSG00000009687",58,80,48,30,31,18
"ENSMUSG00000009731",38,27,12,26,16,32
"ENSMUSG00000009733",320,326,315,287,324,216
"ENSMUSG00000009739",350,242,166,166,199,229
"ENSMUSG00000009741",1856,1615,2128,2343,1978,2002
"ENSMUSG00000009772",334,382,435,337,366,482
"ENSMUSG00000009828",1061,954,1017,1032,1037,1063
"ENSMUSG00000009863",673,646,990,800,632,607
"ENSMUSG00000009876",54,22,6,11,19,12
"ENSMUSG00000009894",1028,882,1004,1020,1193,958
"ENSMUSG00000009900",43,29,20,14,65,57
"ENSMUSG00000009905",1240,1148,1042,1203,1238,1284
"ENSMUSG00000009907",2421,2414,2935,2771,2735,2727
"ENSMUSG00000009927",5234,5510,6114,5354,5669,6791
"ENSMUSG00000009995",688,594,487,566,553,413
"ENSMUSG00000010021",18,12,6,12,4,3
"ENSMUSG00000010025",2184,2183,1408,1922,3083,2080
"ENSMUSG00000010045",518,350,398,326,434,333
"ENSMUSG00000010047",548,276,692,687,660,422
"ENSMUSG00000010048",276,254,559,371,258,223
"ENSMUSG00000010051",1611,1030,902,1585,1799,1763
"ENSMUSG00000010054",319,260,233,238,263,272
"ENSMUSG00000010057",201,132,194,215,224,131
"ENSMUSG00000010064",4,7,10,10,9,12
"ENSMUSG00000010066",18,12,10,8,6,14
"ENSMUSG00000010067",1825,1692,1097,1312,1375,1356
"ENSMUSG00000010080",893,710,1019,1030,978,827
"ENSMUSG00000010095",5831,5181,3669,4032,4515,4638
"ENSMUSG00000010097",2973,2460,2699,3215,2770,3047
"ENSMUSG00000010110",1674,1544,1054,1438,1298,1237
"ENSMUSG00000010175",36,60,22,28,21,73
"ENSMUSG00000010205",1527,1302,2112,1975,1591,1354
"ENSMUSG00000010277",5314,5799,6814,6160,5752,5084
"ENSMUSG00000010290",550,448,558,516,750,515
"ENSMUSG00000010307",71,36,42,40,34,28
"ENSMUSG00000010311",34,38,2,10,11,27
"ENSMUSG00000010342",35,32,12,7,8,21
"ENSMUSG00000010358",333,230,742,526,275,262
"ENSMUSG00000010362",164,119,64,60,66,57
"ENSMUSG00000010376",698,717,1108,959,873,717
"ENSMUSG00000010392",1057,1115,981,974,1157,966
"ENSMUSG00000010406",522,399,617,577,497,474
"ENSMUSG00000010453",1714,1448,967,954,1177,1220
"ENSMUSG00000010476",70,44,19,30,62,82
"ENSMUSG00000010492",252,237,165,214,200,214
"ENSMUSG00000010517",1424,1591,1663,1475,1347,1326
"ENSMUSG00000010538",42,41,48,75,58,47
"ENSMUSG00000010554",923,960,1194,1039,1037,758
"ENSMUSG00000010592",9,11,0,15,14,14
"ENSMUSG00000010607",252,198,172,159,205,127
"ENSMUSG00000010608",5325,5404,5649,5504,4772,5312
"ENSMUSG00000010609",235,240,174,175,165,147
"ENSMUSG00000010651",27,23,18,24,15,22
"ENSMUSG00000010660",356,311,752,695,192,233
"ENSMUSG00000010663",4842,4180,930,1239,2951,2545
"ENSMUSG00000010721",588,497,607,612,508,448
"ENSMUSG00000010751",153,202,259,203,162,133
"ENSMUSG00000010755",628,760,877,770,630,503
"ENSMUSG00000010760",89,85,42,43,43,94
"ENSMUSG00000010797",71,73,4,19,13,2
"ENSMUSG00000010830",171,177,146,220,118,147
"ENSMUSG00000010911",235,270,347,382,359,291
"ENSMUSG00000010914",268,275,380,383,277,285
"ENSMUSG00000010936",475,496,695,726,568,530
"ENSMUSG00000011008",266,142,17,22,21,12
"ENSMUSG00000011034",278,214,166,200,44,46
"ENSMUSG00000011096",660,562,671,668,583,541
"ENSMUSG00000011114",1132,873,1158,1026,793,675
"ENSMUSG00000011148",69,90,43,39,53,34
"ENSMUSG00000011158",935,768,733,921,883,858
"ENSMUSG00000011179",1331,2611,2793,1957,4180,4613
"ENSMUSG00000011254",126,157,231,194,139,155
"ENSMUSG00000011256",57,110,22,27,40,46
"ENSMUSG00000011257",1380,1794,2001,1619,1326,1464
"ENSMUSG00000011263",85,50,205,138,212,108
"ENSMUSG00000011267",147,137,157,136,126,131
"ENSMUSG00000011305",38,27,12,18,13,22
"ENSMUSG00000011306",641,586,606,596,580,612
"ENSMUSG00000011382",201,206,56,60,78,99
"ENSMUSG00000011427",385,252,315,320,347,243
"ENSMUSG00000011658",470,350,469,536,417,403
"ENSMUSG00000011751",47,40,13,19,25,11
"ENSMUSG00000011752",304,378,1203,889,492,429
"ENSMUSG00000011831",1648,1513,1684,1826,2015,1804
"ENSMUSG00000011832",504,326,307,389,437,467
"ENSMUSG00000011837",232,165,284,234,242,150
"ENSMUSG00000011877",1406,1207,1478,1529,1539,1324
"ENSMUSG00000011884",1687,1404,755,894,904,672
"ENSMUSG00000011958",2222,2016,2723,2882,3358,2993
"ENSMUSG00000011960",2346,2914,1678,1590,1893,1839
"ENSMUSG00000012017",1137,736,216,302,494,425
"ENSMUSG00000012076",640,558,699,646,941,726
"ENSMUSG00000012114",1527,1440,1768,1773,1631,1585
"ENSMUSG00000012117",567,562,642,615,626,512
"ENSMUSG00000012123",14,15,28,22,4,12
"ENSMUSG00000012126",134,114,275,248,173,146
"ENSMUSG00000012296",1428,1056,848,803,1125,1092
"ENSMUSG00000012350",8394,10230,18701,17866,16398,11415
"ENSMUSG00000012405",3351,3542,5388,4628,4431,4012
"ENSMUSG00000012422",864,829,1317,1198,1193,877
"ENSMUSG00000012428",5019,6046,13834,10113,9540,8303
"ENSMUSG00000012429",320,283,316,329,296,297
"ENSMUSG00000012443",68,164,1129,869,380,266
"ENSMUSG00000012483",135,175,238,226,203,152
"ENSMUSG00000012519",46,21,425,114,19,28
"ENSMUSG00000012535",1959,2044,2543,2326,2156,1813
"ENSMUSG00000012609",563,556,553,518,480,442
"ENSMUSG00000012640",556,477,441,371,564,451
"ENSMUSG00000012777",137,120,110,116,78,95
"ENSMUSG00000012819",21,3,14,10,13,21
"ENSMUSG00000012848",7270,6621,7499,6555,6421,6775
"ENSMUSG00000013033",550,600,636,832,1024,984
"ENSMUSG00000013076",14124,14214,6537,7604,11728,12268
"ENSMUSG00000013089",347,433,167,108,280,221
"ENSMUSG00000013091",24,23,29,24,22,19
"ENSMUSG00000013150",90,76,93,75,77,60
"ENSMUSG00000013155",59,54,84,85,77,67
"ENSMUSG00000013158",16,8,16,18,17,11
"ENSMUSG00000013160",964,1078,1164,1203,873,825
"ENSMUSG00000013236",9820,10344,13243,14584,15574,14855
"ENSMUSG00000013275",739,728,795,717,788,689
"ENSMUSG00000013338",13,15,34,20,3,3
"ENSMUSG00000013418",112,73,48,145,89,98
"ENSMUSG00000013419",579,459,255,275,508,516
"ENSMUSG00000013465",1063,891,1024,995,968,678
"ENSMUSG00000013483",202,243,137,155,166,139
"ENSMUSG00000013495",659,568,599,696,639,492
"ENSMUSG00000013523",52,66,2,6,38,12
"ENSMUSG00000013539",634,567,250,436,429,402
"ENSMUSG00000013584",62,53,18,7,9,16
"ENSMUSG00000013593",1149,1074,1665,1434,1448,1256
"ENSMUSG00000013622",728,645,613,681,688,540
"ENSMUSG00000013629",1094,1498,2076,1402,1143,934
"ENSMUSG00000013646",325,262,387,415,359,346
"ENSMUSG00000013662",1873,1850,2316,2154,2094,1697
"ENSMUSG00000013663",6519,6577,6891,7015,6507,5828
"ENSMUSG00000013698",1202,1102,796,865,1010,774
"ENSMUSG00000013701",485,548,798,724,555,463
"ENSMUSG00000013736",1434,1568,1142,973,1007,999
"ENSMUSG00000013766",13,9,24,20,2,8
"ENSMUSG00000013787",2348,2020,2448,2239,2544,2153
"ENSMUSG00000013822",321,260,436,338,398,306
"ENSMUSG00000013833",750,655,684,647,668,592
"ENSMUSG00000013846",370,406,757,430,704,399
"ENSMUSG00000013858",1211,990,1221,1289,1153,1114
"ENSMUSG00000013878",358,419,448,476,522,476
"ENSMUSG00000013921",47,58,7,16,11,12
"ENSMUSG00000013928",3,11,20,12,10,5
"ENSMUSG00000013973",723,667,591,594,669,479
"ENSMUSG00000013997",1096,1064,863,983,996,769
"ENSMUSG00000014039",469,434,491,485,528,386
"ENSMUSG00000014074",660,620,828,722,723,559
"ENSMUSG00000014075",103,69,61,83,90,66
"ENSMUSG00000014077",3582,3352,1628,1929,2621,2723
"ENSMUSG00000014158",1603,1194,617,1145,805,915
"ENSMUSG00000014164",118,115,19,27,40,51
"ENSMUSG00000014177",701,697,618,712,668,535
"ENSMUSG00000014195",1717,1861,1995,1802,1867,1816
"ENSMUSG00000014198",34,18,34,40,26,22
"ENSMUSG00000014226",874,940,2097,1688,1498,1051
"ENSMUSG00000014232",437,386,375,325,397,341
"ENSMUSG00000014243",43,36,55,38,34,40
"ENSMUSG00000014245",150,155,133,93,122,82
"ENSMUSG00000014294",501,450,648,611,482,422
"ENSMUSG00000014301",155,128,151,134,158,144
"ENSMUSG00000014303",402,385,342,390,470,428
"ENSMUSG00000014313",1158,1260,1988,1900,1696,1524
"ENSMUSG00000014329",1019,894,207,293,639,588
"ENSMUSG00000014349",1942,1935,2568,2590,2472,2141
"ENSMUSG00000014353",2243,2355,1134,1555,1850,1906
"ENSMUSG00000014355",3943,3965,4655,4357,4134,3486
"ENSMUSG00000014361",1843,1972,174,361,757,862
"ENSMUSG00000014402",1065,932,1515,1419,1228,1031
"ENSMUSG00000014418",775,685,840,889,830,716
"ENSMUSG00000014426",1361,1195,1246,1293,1424,1229
"ENSMUSG00000014444",2629,2137,1870,1457,1680,1964
"ENSMUSG00000014470",425,303,387,442,467,368
"ENSMUSG00000014496",1304,1269,1280,995,1016,1089
"ENSMUSG00000014498",2167,1944,3069,2995,2460,2269
"ENSMUSG00000014503",512,498,524,571,592,527
"ENSMUSG00000014504",328,307,505,467,368,323
"ENSMUSG00000014547",584,475,354,407,507,458
"ENSMUSG00000014550",753,741,565,570,703,601
"ENSMUSG00000014551",1330,1217,1392,1447,1517,1365
"ENSMUSG00000014554",411,392,365,399,401,373
"ENSMUSG00000014592",853,682,1242,1039,787,614
"ENSMUSG00000014599",726,608,967,502,1130,891
"ENSMUSG00000014601",876,715,905,917,986,871
"ENSMUSG00000014606",1184,1038,1068,998,1094,922
"ENSMUSG00000014633",67,66,117,102,88,51
"ENSMUSG00000014668",537,452,633,668,587,505
"ENSMUSG00000014704",46,23,14,30,25,28
"ENSMUSG00000014725",1463,1278,700,469,1220,1236
"ENSMUSG00000014748",975,817,1062,929,1096,823
"ENSMUSG00000014763",1013,904,787,847,881,620
"ENSMUSG00000014767",940,739,877,770,775,653
"ENSMUSG00000014769",1550,1473,2596,2322,1787,1702
"ENSMUSG00000014771",308,228,314,256,219,179
"ENSMUSG00000014773",1536,949,1272,1007,2206,1758
"ENSMUSG00000014776",73,89,88,92,63,60
"ENSMUSG00000014778",327,209,268,310,184,134
"ENSMUSG00000014786",30,18,55,51,16,8
"ENSMUSG00000014791",831,612,627,746,694,727
"ENSMUSG00000014813",56,38,24,19,21,18
"ENSMUSG00000014837",96,115,117,145,87,99
"ENSMUSG00000014846",69,83,26,36,30,21
"ENSMUSG00000014850",776,662,558,590,621,672
"ENSMUSG00000014856",308,291,444,408,276,179
"ENSMUSG00000014859",711,628,937,750,754,601
"ENSMUSG00000014867",2885,3149,3789,3779,3186,2666
"ENSMUSG00000014873",479,457,495,485,410,461
"ENSMUSG00000014905",2678,3630,1227,1815,1958,2800
"ENSMUSG00000014907",715,746,1054,769,805,734
"ENSMUSG00000014932",1477,1378,1752,1790,1851,1688
"ENSMUSG00000014956",8105,7642,9784,9636,8749,8446
"ENSMUSG00000014959",1915,2020,2132,2134,1995,1775
"ENSMUSG00000014980",259,238,261,226,241,200
"ENSMUSG00000015002",1910,2140,2961,2726,2636,2439
"ENSMUSG00000015013",151,140,133,130,108,120
"ENSMUSG00000015016",147,140,153,179,133,111
"ENSMUSG00000015023",877,847,1122,883,908,756
"ENSMUSG00000015027",122,123,173,138,80,130
"ENSMUSG00000015053",913,1426,428,439,398,450
"ENSMUSG00000015083",23,29,26,36,28,19
"ENSMUSG00000015085",221,220,204,218,95,108
"ENSMUSG00000015087",1225,1084,1300,1181,1278,1072
"ENSMUSG00000015092",902,903,1024,930,964,859
"ENSMUSG00000015093",24,7,21,24,6,15
"ENSMUSG00000015094",908,782,705,868,589,573
"ENSMUSG00000015095",722,706,887,851,720,595
"ENSMUSG00000015112",411,448,779,636,413,405
"ENSMUSG00000015120",1728,1598,2151,2235,1891,1817
"ENSMUSG00000015126",229,165,262,269,216,243
"ENSMUSG00000015127",531,413,212,261,336,378
"ENSMUSG00000015133",2958,2228,1164,1251,1390,1229
"ENSMUSG00000015134",42,43,101,56,17,21
"ENSMUSG00000015143",2904,2752,2984,2227,3067,2695
"ENSMUSG00000015149",995,965,665,758,879,810
"ENSMUSG00000015165",5402,4991,5017,5092,5374,5272
"ENSMUSG00000015176",1417,1843,2021,1426,1367,1409
"ENSMUSG00000015189",906,843,1116,1183,1303,1054
"ENSMUSG00000015202",2015,1878,518,671,1158,1200
"ENSMUSG00000015214",1049,1180,1034,961,1062,1050
"ENSMUSG00000015217",535,466,862,742,559,546
"ENSMUSG00000015222",1555,1478,1098,1245,1702,1820
"ENSMUSG00000015224",270,118,84,53,114,88
"ENSMUSG00000015243",4350,3841,4279,4615,7434,7754
"ENSMUSG00000015247",317,285,528,469,401,374
"ENSMUSG00000015289",189,127,176,181,164,141
"ENSMUSG00000015290",958,866,810,834,916,748
"ENSMUSG00000015291",1825,1852,1473,1839,1810,1556
"ENSMUSG00000015305",3072,2522,1470,1537,2155,2768
"ENSMUSG00000015312",875,1480,369,428,1076,1547
"ENSMUSG00000015335",85,75,111,113,73,57
"ENSMUSG00000015337",128,131,164,149,114,85
"ENSMUSG00000015340",49,31,117,43,48,32
"ENSMUSG00000015341",760,727,1005,929,973,759
"ENSMUSG00000015342",688,833,219,329,360,338
"ENSMUSG00000015357",2006,1891,1471,1496,1766,1563
"ENSMUSG00000015363",1041,911,914,855,704,592
"ENSMUSG00000015377",185,127,101,145,115,86
"ENSMUSG00000015396",68,60,37,48,21,37
"ENSMUSG00000015405",16,21,0,12,6,8
"ENSMUSG00000015451",35,21,25,20,20,19
"ENSMUSG00000015452",27,26,10,16,21,19
"ENSMUSG00000015461",540,560,841,807,612,579
"ENSMUSG00000015467",84,82,76,72,76,78
"ENSMUSG00000015468",111,60,19,22,11,16
"ENSMUSG00000015474",282,256,148,175,228,147
"ENSMUSG00000015476",58,64,7,34,40,24
"ENSMUSG00000015478",228,225,228,236,246,166
"ENSMUSG00000015488",1247,1304,1149,1128,1521,1144
"ENSMUSG00000015501",3283,3306,3476,3010,3486,4135
"ENSMUSG00000015522",1856,1833,1668,1698,1852,1673
"ENSMUSG00000015533",85,73,2765,1885,670,804
"ENSMUSG00000015536",261,317,773,689,527,522
"ENSMUSG00000015542",210,168,131,148,133,128
"ENSMUSG00000015568",135,154,69,75,60,34
"ENSMUSG00000015575",662,757,976,1024,812,640
"ENSMUSG00000015597",2142,1745,1375,1468,2349,2510
"ENSMUSG00000015605",4275,5030,2235,2898,3338,4074
"ENSMUSG00000015619",5703,4622,4278,4664,5491,4830
"ENSMUSG00000015647",18009,14069,16317,15556,16355,16641
"ENSMUSG00000015652",30,23,160,124,77,72
"ENSMUSG00000015653",1983,1647,2597,2532,3270,2730
"ENSMUSG00000015656",8156,9799,15651,14602,11099,11808
"ENSMUSG00000015659",343,355,212,227,203,188
"ENSMUSG00000015668",215,240,387,334,316,298
"ENSMUSG00000015671",1106,981,2130,1859,1412,1224
"ENSMUSG00000015672",322,304,620,551,413,319
"ENSMUSG00000015697",1161,1101,1307,1185,1108,919
"ENSMUSG00000015702",97,81,62,43,76,57
"ENSMUSG00000015709",67,82,5,14,17,18
"ENSMUSG00000015711",485,431,407,430,472,339
"ENSMUSG00000015714",1715,1537,1591,1661,1657,1333
"ENSMUSG00000015733",2953,2793,4196,3757,3388,3353
"ENSMUSG00000015745",67,41,42,40,25,30
"ENSMUSG00000015747",235,249,308,314,293,246
"ENSMUSG00000015748",369,418,454,424,405,320
"ENSMUSG00000015749",1348,1786,2208,1785,1634,1435
"ENSMUSG00000015750",551,516,733,643,569,528
"ENSMUSG00000015755",4092,4136,4563,4178,4864,4878
"ENSMUSG00000015757",1679,1582,1725,1559,1682,1556
"ENSMUSG00000015759",810,776,1323,1191,1082,952
"ENSMUSG00000015766",1976,1768,1382,1316,1061,1114
"ENSMUSG00000015776",1440,1304,1101,1326,1717,1307
"ENSMUSG00000015787",736,1276,117,383,229,351
"ENSMUSG00000015790",566,505,398,389,462,419
"ENSMUSG00000015804",542,455,617,508,573,490
"ENSMUSG00000015806",328,349,417,322,274,226
"ENSMUSG00000015812",32,17,24,18,18,38
"ENSMUSG00000015837",3993,4871,2469,3179,2809,3532
"ENSMUSG00000015839",5177,5712,5539,5383,7357,8132
"ENSMUSG00000015846",2695,2413,3234,3425,3632,3560
"ENSMUSG00000015850",292,203,235,267,251,258
"ENSMUSG00000015869",643,529,782,928,812,669
"ENSMUSG00000015879",185,109,55,35,242,226
"ENSMUSG00000015880",100,133,707,508,260,232
"ENSMUSG00000015882",793,627,972,887,1113,1035
"ENSMUSG00000015889",503,549,755,671,509,397
"ENSMUSG00000015932",13115,15236,10346,11763,12264,15416
"ENSMUSG00000015937",1014,1147,2243,1849,1582,1396
"ENSMUSG00000015942",411,326,270,351,365,367
"ENSMUSG00000015943",107,97,183,149,111,111
"ENSMUSG00000015944",200,115,290,334,414,232
"ENSMUSG00000015950",45,27,51,24,28,27
"ENSMUSG00000015957",42,40,19,22,23,59
"ENSMUSG00000015961",1417,1403,2725,2349,1526,1593
"ENSMUSG00000015966",90,76,164,183,63,82
"ENSMUSG00000015968",303,279,181,210,176,200
"ENSMUSG00000015970",862,925,1455,1521,739,768
"ENSMUSG00000015971",657,554,405,467,510,451
"ENSMUSG00000015980",46,36,19,31,27,22
"ENSMUSG00000015981",67,55,12,15,64,63
"ENSMUSG00000015994",1277,1134,1028,1048,1338,1176
"ENSMUSG00000016018",1346,1321,1571,1622,1450,1390
"ENSMUSG00000016024",8799,4318,5491,5465,3617,6147
"ENSMUSG00000016028",305,417,3158,1347,873,415
"ENSMUSG00000016087",86,59,26,23,26,8
"ENSMUSG00000016128",940,1045,459,395,725,686
"ENSMUSG00000016179",169,101,87,113,122,118
"ENSMUSG00000016181",314,286,361,272,272,216
"ENSMUSG00000016194",25,29,11,8,15,11
"ENSMUSG00000016206",26,21,39,23,23,22
"ENSMUSG00000016239",145,215,109,136,104,159
"ENSMUSG00000016252",230,249,362,301,357,301
"ENSMUSG00000016253",287,284,420,414,381,280
"ENSMUSG00000016256",608,593,442,460,567,496
"ENSMUSG00000016257",391,378,755,573,536,403
"ENSMUSG00000016262",1309,1112,1001,1069,1065,1182
"ENSMUSG00000016308",476,466,665,569,684,601
"ENSMUSG00000016319",3757,4049,7202,5523,5167,4516
"ENSMUSG00000016344",160,197,272,314,255,214
"ENSMUSG00000016356",277,442,74,140,182,189
"ENSMUSG00000016382",4075,4517,5319,5247,5235,5365
"ENSMUSG00000016386",284,232,470,318,240,365
"ENSMUSG00000016409",699,723,699,644,835,682
"ENSMUSG00000016427",218,266,314,309,269,268
"ENSMUSG00000016477",244,300,654,594,417,358
"ENSMUSG00000016481",1215,1062,920,990,876,932
"ENSMUSG00000016487",10885,9094,3705,4053,7631,7417
"ENSMUSG00000016493",204,104,53,60,83,64
"ENSMUSG00000016494",323,275,68,52,45,83
"ENSMUSG00000016495",327,265,350,345,316,277
"ENSMUSG00000016496",54,60,307,35,30,24
"ENSMUSG00000016503",420,337,493,526,387,336
"ENSMUSG00000016510",526,368,495,497,462,377
"ENSMUSG00000016520",607,694,747,724,680,628
"ENSMUSG00000016526",34,66,107,59,30,6
"ENSMUSG00000016528",2601,2886,2624,2375,2589,2746
"ENSMUSG00000016529",40,36,11,14,26,53
"ENSMUSG00000016534",8171,8965,11854,12679,12011,10194
"ENSMUSG00000016541",2365,2483,3004,3089,2545,2480
"ENSMUSG00000016552",562,775,165,193,386,310
"ENSMUSG00000016554",1660,1574,2596,1917,1810,1527
"ENSMUSG00000016559",21924,24268,14305,15270,14537,16109
"ENSMUSG00000016619",1515,1614,1928,1690,1549,1368
"ENSMUSG00000016624",24,7,21,27,10,5
"ENSMUSG00000016637",160,124,117,91,144,112
"ENSMUSG00000016664",2338,2317,1861,1827,1774,1643
"ENSMUSG00000016756",36,22,21,12,5,15
"ENSMUSG00000016757",590,572,1423,1147,1087,727
"ENSMUSG00000016758",120,114,99,72,62,41
"ENSMUSG00000016831",2052,2207,1514,1705,1811,1627
"ENSMUSG00000016833",226,169,346,297,239,242
"ENSMUSG00000016918",1943,1785,3846,3484,3225,3015
"ENSMUSG00000016921",6232,6309,6462,6498,5374,5808
"ENSMUSG00000016933",2425,1889,1983,2308,2114,2108
"ENSMUSG00000016940",317,252,317,320,339,336
"ENSMUSG00000016942",25,15,9,14,11,16
"ENSMUSG00000016946",356,420,714,559,451,506
"ENSMUSG00000016984",285,243,401,277,274,219
"ENSMUSG00000016995",67,75,59,67,36,149
"ENSMUSG00000017002",9,12,152,42,9,14
"ENSMUSG00000017007",134,168,90,117,78,275
"ENSMUSG00000017009",6483,7415,6682,5476,6491,5967
"ENSMUSG00000017057",1341,1255,4120,2836,1758,1840
"ENSMUSG00000017119",3875,4000,2806,2996,3870,3202
"ENSMUSG00000017132",511,385,456,526,543,543
"ENSMUSG00000017144",4064,5301,4124,4098,6710,6702
"ENSMUSG00000017146",25,135,653,398,174,112
"ENSMUSG00000017167",260,239,151,140,231,262
"ENSMUSG00000017176",389,353,385,381,345,307
"ENSMUSG00000017188",223,217,286,256,241,188
"ENSMUSG00000017204",1209,893,26,38,124,149
"ENSMUSG00000017210",743,651,1009,996,752,755
"ENSMUSG00000017221",1889,1738,2754,2186,1966,1740
"ENSMUSG00000017264",1403,1380,1597,1359,1286,1197
"ENSMUSG00000017286",1520,1471,1555,1521,1568,1923
"ENSMUSG00000017288",1083,1129,1231,1220,1072,1024
"ENSMUSG00000017291",8106,8252,7431,6845,9155,8490
"ENSMUSG00000017299",344,311,309,351,324,306
"ENSMUSG00000017307",194,142,128,146,135,137
"ENSMUSG00000017309",92,40,9,4,9,11
"ENSMUSG00000017314",117,86,96,104,170,125
"ENSMUSG00000017376",397,479,428,446,428,421
"ENSMUSG00000017386",529,411,676,611,542,439
"ENSMUSG00000017390",156,80,190,174,45,67
"ENSMUSG00000017400",14,15,0,0,7,15
"ENSMUSG00000017404",6503,6081,7485,6782,6630,7186
"ENSMUSG00000017405",349,242,157,194,244,232
"ENSMUSG00000017412",102,105,50,88,96,152
"ENSMUSG00000017417",493,571,829,1049,1037,1176
"ENSMUSG00000017418",3239,5496,2272,3538,3344,5244
"ENSMUSG00000017421",3817,3355,5668,5225,3954,3496
"ENSMUSG00000017428",1939,1993,2821,2479,2339,1887
"ENSMUSG00000017446",204,145,157,108,261,171
"ENSMUSG00000017453",43,22,6,8,25,40
"ENSMUSG00000017466",9984,9695,4918,5882,9371,8876
"ENSMUSG00000017478",1493,1486,1636,1467,1387,1300
"ENSMUSG00000017485",6725,6617,8177,7686,7900,8465
"ENSMUSG00000017491",355,368,447,341,348,355
"ENSMUSG00000017493",469,388,1754,1958,1638,748
"ENSMUSG00000017499",56,59,292,134,77,70
"ENSMUSG00000017548",1900,2170,2402,2204,2096,1928
"ENSMUSG00000017550",282,298,690,423,337,296
"ENSMUSG00000017561",486,519,443,491,506,553
"ENSMUSG00000017607",8602,6137,8153,7856,9680,8228
"ENSMUSG00000017615",3080,2515,2441,2210,2810,2666
"ENSMUSG00000017631",2958,2722,3129,3060,3765,3207
"ENSMUSG00000017639",348,477,206,359,184,173
"ENSMUSG00000017664",282,289,308,304,259,171
"ENSMUSG00000017667",211,151,62,59,142,72
"ENSMUSG00000017670",833,632,924,958,1172,935
"ENSMUSG00000017677",5694,6656,2790,3731,3963,5791
"ENSMUSG00000017679",1588,1473,1209,1263,1069,1086
"ENSMUSG00000017686",1328,1268,1365,1395,1499,1309
"ENSMUSG00000017692",210,138,308,173,252,234
"ENSMUSG00000017697",65,60,68,60,51,35
"ENSMUSG00000017707",34030,30286,18768,23616,29659,30021
"ENSMUSG00000017713",78,69,73,87,60,34
"ENSMUSG00000017715",364,326,577,518,439,399
"ENSMUSG00000017716",19,53,422,256,121,63
"ENSMUSG00000017718",163,163,101,106,119,75
"ENSMUSG00000017720",18,18,12,22,11,19
"ENSMUSG00000017721",1802,1784,2959,3002,2222,2088
"ENSMUSG00000017723",405,224,1938,1904,334,184
"ENSMUSG00000017724",821,452,131,57,190,232
"ENSMUSG00000017734",207,169,207,230,243,173
"ENSMUSG00000017737",27,26,46,19,13,14
"ENSMUSG00000017740",41,36,11,14,17,22
"ENSMUSG00000017747",136,122,133,141,124,102
"ENSMUSG00000017754",2744,2741,3684,5065,6082,5935
"ENSMUSG00000017756",1057,960,983,1094,888,797
"ENSMUSG00000017760",1936,1865,2290,2946,2854,2897
"ENSMUSG00000017764",254,179,255,265,249,189
"ENSMUSG00000017765",882,738,564,611,1103,1038
"ENSMUSG00000017767",53,39,42,43,48,59
"ENSMUSG00000017774",2987,2455,2707,2508,2590,2441
"ENSMUSG00000017776",3030,2801,3704,3538,3718,3255
"ENSMUSG00000017778",306,362,547,487,328,297
"ENSMUSG00000017781",2427,2409,4853,4527,3445,3050
"ENSMUSG00000017801",420,401,514,492,461,367
"ENSMUSG00000017802",2657,1990,1876,1998,2595,2028
"ENSMUSG00000017830",64,31,224,76,9,12
"ENSMUSG00000017831",2273,2589,1898,1959,2159,2426
"ENSMUSG00000017837",504,441,587,536,522,399
"ENSMUSG00000017843",2180,2092,2513,2300,2263,2170
"ENSMUSG00000017858",676,655,746,712,632,598
"ENSMUSG00000017861",29,242,136,76,30,72
"ENSMUSG00000017897",469,457,2646,3149,932,823
"ENSMUSG00000017929",341,275,487,363,333,261
"ENSMUSG00000017950",18,29,2,3,5,12
"ENSMUSG00000017969",42,63,17,15,25,21
"ENSMUSG00000017978",1465,1374,444,746,825,874
"ENSMUSG00000017999",819,854,1048,851,782,717
"ENSMUSG00000018001",2123,1889,1051,1126,1595,1620
"ENSMUSG00000018008",19,6,27,16,9,3
"ENSMUSG00000018012",152,105,195,159,188,121
"ENSMUSG00000018040",777,685,854,664,649,579
"ENSMUSG00000018042",4055,4281,3336,3129,2678,3428
"ENSMUSG00000018068",791,948,1138,1147,851,781
"ENSMUSG00000018076",4311,3985,3283,2935,3856,4202
"ENSMUSG00000018102",370,433,1053,951,653,495
"ENSMUSG00000018126",81,32,4,15,95,41
"ENSMUSG00000018143",3411,4060,1295,1841,2180,3064
"ENSMUSG00000018160",2118,2209,2159,1965,2063,1820
"ENSMUSG00000018166",2037,1503,821,770,794,672
"ENSMUSG00000018167",244,196,357,374,219,188
"ENSMUSG00000018168",53,13,13,15,5,15
"ENSMUSG00000018171",3606,5104,5753,7854,4218,4842
"ENSMUSG00000018189",443,460,959,789,674,544
"ENSMUSG00000018196",484,514,358,408,492,448
"ENSMUSG00000018199",1977,2000,1944,1966,2227,1900
"ENSMUSG00000018209",1054,1052,1318,1290,1318,1112
"ENSMUSG00000018217",2082,2089,337,449,1187,1345
"ENSMUSG00000018238",21,26,9,7,6,16
"ENSMUSG00000018239",71,108,174,138,127,78
"ENSMUSG00000018286",860,727,1199,1118,898,838
"ENSMUSG00000018287",785,793,873,783,799,663
"ENSMUSG00000018293",2891,2997,4820,4594,3707,3414
"ENSMUSG00000018322",544,510,644,664,599,471
"ENSMUSG00000018326",4281,4838,5758,5403,5016,4737
"ENSMUSG00000018334",207,165,76,69,121,112
"ENSMUSG00000018339",1225,1240,1758,1528,3222,756
"ENSMUSG00000018340",3077,2715,1934,2359,2393,2137
"ENSMUSG00000018341",298,316,117,108,324,290
"ENSMUSG00000018347",194,233,196,220,177,156
"ENSMUSG00000018362",336,431,1555,1309,936,782
"ENSMUSG00000018363",3269,3106,2606,3057,3384,3570
"ENSMUSG00000018372",424,419,250,359,316,310
"ENSMUSG00000018377",5280,4386,3876,4308,5642,5144
"ENSMUSG00000018378",1959,1662,1106,1374,1788,1791
"ENSMUSG00000018379",4113,4417,8083,6763,5572,4196
"ENSMUSG00000018381",411,358,421,555,877,595
"ENSMUSG00000018387",171,109,22,40,29,24
"ENSMUSG00000018395",420,405,385,332,440,374
"ENSMUSG00000018398",1706,1203,1091,1202,1339,1394
"ENSMUSG00000018401",1181,1420,1317,1453,1347,871
"ENSMUSG00000018405",124,100,128,117,96,96
"ENSMUSG00000018411",178,138,91,118,160,168
"ENSMUSG00000018412",3413,3158,2625,3032,3132,3263
"ENSMUSG00000018415",1529,1606,1029,1206,1564,1297
"ENSMUSG00000018417",523,498,1493,1060,708,512
"ENSMUSG00000018425",2236,2053,1064,1048,1310,1338
"ENSMUSG00000018427",467,405,432,518,299,216
"ENSMUSG00000018428",742,667,848,669,688,577
"ENSMUSG00000018433",752,757,1226,902,910,607
"ENSMUSG00000018442",842,1033,1019,1080,1016,666
"ENSMUSG00000018446",723,817,1835,1269,830,769
"ENSMUSG00000018449",140,132,106,122,132,95
"ENSMUSG00000018451",49,43,7,10,19,27
"ENSMUSG00000018470",23,11,17,22,18,19
"ENSMUSG00000018474",3628,4136,5344,5345,5220,5530
"ENSMUSG00000018476",4346,6171,3005,3546,3554,6154
"ENSMUSG00000018481",3578,3988,2930,3040,3399,3470
"ENSMUSG00000018500",182,127,145,116,149,76
"ENSMUSG00000018501",6833,7047,6297,6314,6886,6789
"ENSMUSG00000018507",21,17,9,7,13,12
"ENSMUSG00000018509",53,60,84,79,33,28
"ENSMUSG00000018537",903,776,607,683,784,859
"ENSMUSG00000018541",793,900,635,616,683,726
"ENSMUSG00000018543",29,13,9,11,14,15
"ENSMUSG00000018547",770,634,694,649,781,653
"ENSMUSG00000018548",799,908,883,783,785,633
"ENSMUSG00000018554",125,59,68,99,123,104
"ENSMUSG00000018559",885,875,1071,996,976,797
"ENSMUSG00000018565",588,571,642,667,551,476
"ENSMUSG00000018566",756,500,580,726,846,739
"ENSMUSG00000018567",1706,1860,1676,1856,1679,1583
"ENSMUSG00000018569",711,687,1239,1101,234,133
"ENSMUSG00000018570",30,27,33,34,31,21
"ENSMUSG00000018572",460,358,681,553,564,438
"ENSMUSG00000018574",874,769,851,819,856,798
"ENSMUSG00000018581",268,248,650,418,634,312
"ENSMUSG00000018583",3189,3298,5859,4661,4002,3561
"ENSMUSG00000018585",356,329,702,693,527,516
"ENSMUSG00000018593",4527,4612,4960,6420,6825,7866
"ENSMUSG00000018599",76,40,69,87,79,85
"ENSMUSG00000018604",9920,8520,5967,6351,7668,7638
"ENSMUSG00000018623",567,146,1044,1859,385,281
"ENSMUSG00000018648",539,326,646,598,687,623
"ENSMUSG00000018651",393,378,344,366,391,332
"ENSMUSG00000018654",24,26,71,88,28,18
"ENSMUSG00000018656",2096,7824,270,642,782,394
"ENSMUSG00000018659",106,168,238,239,150,110
"ENSMUSG00000018661",1218,1106,1204,1161,1347,1045
"ENSMUSG00000018666",1290,1259,1475,1524,1386,1226
"ENSMUSG00000018669",447,514,513,475,370,320
"ENSMUSG00000018672",293,312,225,268,269,285
"ENSMUSG00000018677",1129,1069,1388,1296,1342,934
"ENSMUSG00000018678",512,571,377,439,420,473
"ENSMUSG00000018697",330,337,454,452,321,291
"ENSMUSG00000018707",18389,18747,16391,14665,18441,18060
"ENSMUSG00000018733",224,193,197,189,195,136
"ENSMUSG00000018736",1525,1656,1463,1875,1304,1747
"ENSMUSG00000018740",292,283,256,277,254,208
"ENSMUSG00000018750",2249,2281,994,1370,1769,1646
"ENSMUSG00000018752",442,346,91,110,148,112
"ENSMUSG00000018761",435,357,518,476,344,330
"ENSMUSG00000018765",1298,1288,1070,1155,1415,1163
"ENSMUSG00000018770",903,866,1826,1432,1240,928
"ENSMUSG00000018774",217,198,95,181,98,181
"ENSMUSG00000018796",1017,1039,604,759,566,576
"ENSMUSG00000018800",4256,5874,878,1239,2113,2496
"ENSMUSG00000018809",272,221,167,171,241,229
"ENSMUSG00000018819",45,71,27,28,11,25
"ENSMUSG00000018820",775,742,487,624,595,502
"ENSMUSG00000018821",164,166,453,381,227,216
"ENSMUSG00000018830",1005,392,87,195,214,314
"ENSMUSG00000018841",338,291,205,207,258,172
"ENSMUSG00000018844",12,11,14,8,9,9
"ENSMUSG00000018846",4481,4648,4222,3815,4989,4433
"ENSMUSG00000018848",1397,1556,2603,2014,1662,1410
"ENSMUSG00000018849",1949,1858,898,883,966,997
"ENSMUSG00000018858",211,201,280,227,209,188
"ENSMUSG00000018861",100,91,116,99,102,73
"ENSMUSG00000018882",252,307,402,377,277,259
"ENSMUSG00000018899",1751,2898,1831,965,2132,2385
"ENSMUSG00000018900",332,263,188,191,173,217
"ENSMUSG00000018906",147,155,236,279,219,185
"ENSMUSG00000018907",75,3,585,329,176,82
"ENSMUSG00000018909",4669,4123,2848,3575,4509,3832
"ENSMUSG00000018920",1554,1695,1929,2056,1415,2034
"ENSMUSG00000018921",553,531,780,676,513,371
"ENSMUSG00000018923",292,221,228,273,249,246
"ENSMUSG00000018924",25,6,125,51,26,12
"ENSMUSG00000018927",24,34,83,36,18,9
"ENSMUSG00000018930",32,9,36,18,19,15
"ENSMUSG00000018931",448,441,407,577,551,423
"ENSMUSG00000018932",1164,1470,1169,1304,1057,1554
"ENSMUSG00000018965",1389,1179,1916,1884,1706,1234
"ENSMUSG00000018974",873,766,819,744,783,700
"ENSMUSG00000018983",18,18,76,50,11,15
"ENSMUSG00000018995",290,279,287,259,219,188
"ENSMUSG00000018999",1203,1056,848,973,1044,875
"ENSMUSG00000019027",98,64,14,31,54,50
"ENSMUSG00000019039",887,766,937,909,735,737
"ENSMUSG00000019054",650,590,784,823,828,759
"ENSMUSG00000019055",448,493,143,226,391,377
"ENSMUSG00000019066",1297,1124,1169,1087,770,614
"ENSMUSG00000019080",58,54,77,87,75,72
"ENSMUSG00000019082",184,156,291,248,180,121
"ENSMUSG00000019087",2411,2525,3212,3599,2681,2467
"ENSMUSG00000019088",227,224,172,186,147,171
"ENSMUSG00000019102",234,201,1448,908,1502,948
"ENSMUSG00000019122",18,15,69,27,19,8
"ENSMUSG00000019124",338,351,24,48,111,94
"ENSMUSG00000019132",6877,8374,6063,6552,6780,7804
"ENSMUSG00000019139",396,377,813,594,368,346
"ENSMUSG00000019143",431,359,481,530,413,412
"ENSMUSG00000019158",93,85,101,76,83,79
"ENSMUSG00000019173",1181,1116,1790,1461,1443,1300
"ENSMUSG00000019178",21,20,20,10,11,9
"ENSMUSG00000019179",1620,1662,3232,2681,1936,1734
"ENSMUSG00000019188",1476,1341,1287,1214,1158,918
"ENSMUSG00000019189",1140,1004,2278,2170,1624,1386
"ENSMUSG00000019194",37,35,57,57,27,30
"ENSMUSG00000019210",1295,1370,1448,1506,1317,1279
"ENSMUSG00000019214",26,52,222,114,51,35
"ENSMUSG00000019235",40,29,35,39,40,31
"ENSMUSG00000019254",623,600,510,622,645,601
"ENSMUSG00000019256",2672,2293,4498,4559,3270,3400
"ENSMUSG00000019261",508,417,596,600,598,425
"ENSMUSG00000019278",37,89,6,18,9,34
"ENSMUSG00000019295",272,238,257,208,234,182
"ENSMUSG00000019297",375,320,607,439,342,249
"ENSMUSG00000019302",886,1059,1038,1006,751,762
"ENSMUSG00000019303",108,94,180,141,116,101
"ENSMUSG00000019312",1008,545,520,577,562,439
"ENSMUSG00000019320",115,99,196,137,89,88
"ENSMUSG00000019326",120,59,19,12,17,32
"ENSMUSG00000019338",935,677,661,673,781,627
"ENSMUSG00000019359",21,27,1152,912,787,541
"ENSMUSG00000019362",436,438,440,424,408,390
"ENSMUSG00000019368",53,72,11,26,13,12
"ENSMUSG00000019370",1522,1692,2331,2333,2055,1663
"ENSMUSG00000019373",1062,1133,1458,1355,1185,1070
"ENSMUSG00000019428",1214,1068,1277,1336,1301,1150
"ENSMUSG00000019432",3104,2810,4375,4019,2867,2630
"ENSMUSG00000019433",289,248,634,611,301,224
"ENSMUSG00000019437",4212,4289,4548,4011,4000,4583
"ENSMUSG00000019461",1240,1070,1309,1289,1057,1016
"ENSMUSG00000019464",485,420,168,253,237,233
"ENSMUSG00000019467",334,210,108,158,274,320
"ENSMUSG00000019470",1386,1263,1036,932,949,829
"ENSMUSG00000019471",2126,2214,2357,2061,2217,2131
"ENSMUSG00000019478",436,382,151,206,239,223
"ENSMUSG00000019487",896,650,531,506,655,624
"ENSMUSG00000019494",634,535,942,822,783,614
"ENSMUSG00000019505",5463,5042,4942,5000,5093,6908
"ENSMUSG00000019518",628,669,690,692,629,518
"ENSMUSG00000019528",274,304,350,362,337,252
"ENSMUSG00000019539",71,99,7,18,16,25
"ENSMUSG00000019558",2916,2540,3063,3350,2379,2585
"ENSMUSG00000019564",107,101,70,93,135,117
"ENSMUSG00000019577",4400,4604,535,1038,6155,4063
"ENSMUSG00000019578",1229,1015,794,877,1008,891
"ENSMUSG00000019579",451,477,485,477,340,335
"ENSMUSG00000019590",559,697,651,565,367,336
"ENSMUSG00000019647",678,605,361,498,569,787
"ENSMUSG00000019659",370,348,370,367,320,316
"ENSMUSG00000019689",91,69,80,56,39,47
"ENSMUSG00000019699",723,628,810,561,762,718
"ENSMUSG00000019710",820,806,1028,1116,889,858
"ENSMUSG00000019715",855,718,610,582,711,570
"ENSMUSG00000019718",248,207,351,269,333,271
"ENSMUSG00000019726",1833,1724,1500,1377,1597,1540
"ENSMUSG00000019731",1649,2072,1118,1256,1429,1250
"ENSMUSG00000019732",56,30,9,12,15,22
"ENSMUSG00000019734",1959,1675,2731,2716,1859,1893
"ENSMUSG00000019737",177,145,108,149,116,79
"ENSMUSG00000019738",238,178,291,279,223,195
"ENSMUSG00000019761",78,75,100,101,102,101
"ENSMUSG00000019763",490,394,385,390,414,248
"ENSMUSG00000019768",6084,4225,4918,3620,9498,3611
"ENSMUSG00000019773",63,80,213,120,71,57
"ENSMUSG00000019774",171,123,145,153,104,107
"ENSMUSG00000019777",1383,1399,2648,2337,1840,1586
"ENSMUSG00000019779",1128,945,1321,1399,1263,1111
"ENSMUSG00000019782",584,520,820,795,739,636
"ENSMUSG00000019790",1419,1291,1408,1423,1518,1519
"ENSMUSG00000019791",467,473,332,416,366,365
"ENSMUSG00000019792",366,269,411,332,331,325
"ENSMUSG00000019794",737,783,761,746,716,830
"ENSMUSG00000019795",969,828,901,832,903,845
"ENSMUSG00000019796",36,57,22,39,21,24
"ENSMUSG00000019797",101,89,146,141,107,102
"ENSMUSG00000019802",3652,3879,3643,3627,3343,3278
"ENSMUSG00000019804",962,1062,1313,1385,1181,1002
"ENSMUSG00000019806",999,991,813,827,936,942
"ENSMUSG00000019808",157,150,209,161,122,137
"ENSMUSG00000019809",612,614,580,540,480,480
"ENSMUSG00000019810",798,802,1340,1524,1106,916
"ENSMUSG00000019813",119,135,173,174,151,121
"ENSMUSG00000019814",562,724,1139,959,633,708
"ENSMUSG00000019817",204,373,599,563,443,557
"ENSMUSG00000019818",6053,6935,8216,8249,7148,6695
"ENSMUSG00000019820",11762,11393,6264,6845,10124,10667
"ENSMUSG00000019822",358,299,273,328,295,287
"ENSMUSG00000019823",185,105,72,113,101,95
"ENSMUSG00000019826",520,373,313,370,490,335
"ENSMUSG00000019831",92,64,61,100,71,60
"ENSMUSG00000019832",95,69,646,326,89,131
"ENSMUSG00000019836",31,18,79,69,50,21
"ENSMUSG00000019837",498,450,817,750,502,521
"ENSMUSG00000019838",622,544,80,120,150,165
"ENSMUSG00000019841",6270,7380,5862,6492,9398,7995
"ENSMUSG00000019842",2002,1763,1768,1659,1900,1670
"ENSMUSG00000019843",182,212,113,146,182,179
"ENSMUSG00000019845",52,40,85,75,49,35
"ENSMUSG00000019846",233,331,111,57,68,69
"ENSMUSG00000019848",41,40,259,145,232,217
"ENSMUSG00000019849",1033,1088,2177,1692,1365,1112
"ENSMUSG00000019850",1994,3208,4745,4227,3993,4734
"ENSMUSG00000019851",10219,10018,12990,12410,12525,12438
"ENSMUSG00000019852",627,787,136,211,149,156
"ENSMUSG00000019853",103,141,329,284,190,195
"ENSMUSG00000019854",1263,1200,1255,1220,1339,1208
"ENSMUSG00000019856",271,309,57,125,131,143
"ENSMUSG00000019857",536,460,517,487,555,514
"ENSMUSG00000019861",1040,882,1065,970,1218,903
"ENSMUSG00000019863",97,104,330,198,201,156
"ENSMUSG00000019864",584,611,717,798,647,755
"ENSMUSG00000019866",6610,6850,8378,8731,7382,9395
"ENSMUSG00000019868",392,371,499,500,458,354
"ENSMUSG00000019872",433,248,88,84,125,114
"ENSMUSG00000019873",3050,3176,5343,4967,4416,3935
"ENSMUSG00000019877",4794,4441,3728,4105,4300,4217
"ENSMUSG00000019878",512,516,465,611,592,557
"ENSMUSG00000019880",49,69,7,8,15,15
"ENSMUSG00000019883",1286,1227,1486,1351,1408,1189
"ENSMUSG00000019889",2257,2166,2263,2422,2078,2189
"ENSMUSG00000019891",194,223,150,137,151,155
"ENSMUSG00000019897",508,498,532,553,471,484
"ENSMUSG00000019899",726,826,58,99,211,239
"ENSMUSG00000019906",14,22,5,4,13,5
"ENSMUSG00000019907",4588,4799,2808,3244,4204,4965
"ENSMUSG00000019916",558,825,1436,1430,999,842
"ENSMUSG00000019917",952,884,1582,1296,1610,1258
"ENSMUSG00000019920",3001,2605,2620,2665,2726,2756
"ENSMUSG00000019923",1121,1304,855,1065,750,957
"ENSMUSG00000019927",638,477,754,869,725,503
"ENSMUSG00000019929",45098,50134,41784,57938,59566,78588
"ENSMUSG00000019935",16,23,10,19,8,15
"ENSMUSG00000019936",13,18,5,3,4,11
"ENSMUSG00000019942",13,73,662,414,156,83
"ENSMUSG00000019943",5711,5425,3136,3142,4294,4493
"ENSMUSG00000019944",526,653,283,297,388,362
"ENSMUSG00000019947",2910,3946,3332,3697,3017,4020
"ENSMUSG00000019948",184,173,226,255,208,131
"ENSMUSG00000019951",2793,2970,3352,3195,2721,3349
"ENSMUSG00000019952",504,497,429,389,456,399
"ENSMUSG00000019960",11136,13819,9222,8215,10883,16138
"ENSMUSG00000019961",3133,2655,6136,5309,4164,3967
"ENSMUSG00000019966",10515,10813,9540,11474,13195,15973
"ENSMUSG00000019969",1850,1861,1909,1857,1959,1710
"ENSMUSG00000019970",4699,5795,9905,13575,5764,11116
"ENSMUSG00000019971",1003,1166,1139,848,1052,957
"ENSMUSG00000019975",512,455,435,495,441,505
"ENSMUSG00000019977",1369,1342,1294,1428,1363,1297
"ENSMUSG00000019978",1584,1528,443,472,718,771
"ENSMUSG00000019979",577,505,672,600,567,659
"ENSMUSG00000019982",73,99,487,354,86,130
"ENSMUSG00000019984",1199,1135,1264,1162,1240,1188
"ENSMUSG00000019986",311,346,307,340,402,377
"ENSMUSG00000019987",19,25,132,75,14,12
"ENSMUSG00000019988",539,631,731,623,621,583
"ENSMUSG00000019989",31,45,147,99,9,9
"ENSMUSG00000019990",444,664,125,265,445,454
"ENSMUSG00000019992",64,60,78,55,55,72
"ENSMUSG00000019996",2874,2840,2803,2731,2986,3631
"ENSMUSG00000019997",8055,4825,8804,12463,16086,15646
"ENSMUSG00000019998",1852,1607,1917,1786,1970,1862
"ENSMUSG00000020000",3436,3020,7727,7109,4599,6045
"ENSMUSG00000020003",541,457,561,594,561,511
"ENSMUSG00000020009",1731,1724,1520,1256,1137,1072
"ENSMUSG00000020015",761,815,910,894,762,749
"ENSMUSG00000020017",25,21,14,27,22,14
"ENSMUSG00000020018",166,219,412,287,251,200
"ENSMUSG00000020019",590,487,624,652,716,554
"ENSMUSG00000020021",1523,1199,648,696,831,979
"ENSMUSG00000020022",627,627,936,842,610,580
"ENSMUSG00000020023",174,243,1176,1390,217,226
"ENSMUSG00000020024",467,470,688,528,571,563
"ENSMUSG00000020027",1017,1443,752,626,1692,795
"ENSMUSG00000020029",2649,2571,1999,2516,2305,2138
"ENSMUSG00000020032",321,221,292,249,195,234
"ENSMUSG00000020034",1429,1581,311,546,812,1288
"ENSMUSG00000020038",422,535,428,427,410,400
"ENSMUSG00000020042",985,785,1418,1643,1677,1505
"ENSMUSG00000020044",29001,35308,16779,20748,21448,23812
"ENSMUSG00000020048",15697,21028,14690,16671,11838,11815
"ENSMUSG00000020053",566,973,47,61,102,204
"ENSMUSG00000020056",252,205,332,318,235,249
"ENSMUSG00000020057",142,118,1776,1214,446,391
"ENSMUSG00000020059",246,270,222,240,312,335
"ENSMUSG00000020061",3,2,11,24,13,9
"ENSMUSG00000020062",34,86,90,57,23,30
"ENSMUSG00000020063",1589,1759,907,1027,1359,1958
"ENSMUSG00000020064",1169,1051,1584,1427,1166,1054
"ENSMUSG00000020069",1186,1316,820,1093,1022,973
"ENSMUSG00000020070",1162,1198,705,781,860,833
"ENSMUSG00000020072",73,45,22,34,40,41
"ENSMUSG00000020074",2439,2351,3262,3310,3084,2801
"ENSMUSG00000020075",2870,3389,5025,3620,3523,3589
"ENSMUSG00000020076",2240,2235,1774,2037,2077,2167
"ENSMUSG00000020077",126,96,182,55,43,53
"ENSMUSG00000020078",1441,1510,1458,1518,1397,1425
"ENSMUSG00000020079",381,316,527,406,347,300
"ENSMUSG00000020083",107,94,64,52,57,38
"ENSMUSG00000020085",248,242,392,328,282,266
"ENSMUSG00000020086",287,242,376,399,430,373
"ENSMUSG00000020087",199,180,296,263,185,146
"ENSMUSG00000020088",2739,2959,2710,2865,2686,2579
"ENSMUSG00000020089",525,682,2035,1231,506,506
"ENSMUSG00000020091",2435,2114,1915,1959,1902,1583
"ENSMUSG00000020092",134,122,72,88,89,63
"ENSMUSG00000020097",2541,2359,2522,2836,2884,2612
"ENSMUSG00000020098",146,132,83,109,98,96
"ENSMUSG00000020099",1014,792,337,536,927,878
"ENSMUSG00000020100",830,729,927,893,790,774
"ENSMUSG00000020101",495,206,181,187,270,389
"ENSMUSG00000020102",2723,3641,2752,3204,2291,1390
"ENSMUSG00000020105",1740,1319,1068,1276,1720,1646
"ENSMUSG00000020107",759,653,592,598,614,474
"ENSMUSG00000020108",255,307,740,529,176,269
"ENSMUSG00000020109",1199,1129,1115,1108,1211,1011
"ENSMUSG00000020111",624,672,1071,1036,799,794
"ENSMUSG00000020114",3466,3596,4752,4142,4183,3183
"ENSMUSG00000020115",1361,1181,1335,1427,1371,1200
"ENSMUSG00000020116",305,367,927,618,464,374
"ENSMUSG00000020120",75,114,150,72,41,48
"ENSMUSG00000020121",23,58,740,479,21,41
"ENSMUSG00000020122",11302,10539,9495,10061,12124,14442
"ENSMUSG00000020124",1454,1601,1732,1663,1673,1540
"ENSMUSG00000020128",2159,1986,1810,1995,2099,2111
"ENSMUSG00000020130",1858,2189,1431,1435,1708,1662
"ENSMUSG00000020131",48,27,22,30,27,37
"ENSMUSG00000020132",1183,1162,1646,1439,1545,1480
"ENSMUSG00000020133",201,164,236,216,166,137
"ENSMUSG00000020134",1363,1614,1160,1178,1202,1659
"ENSMUSG00000020135",108,66,42,24,77,63
"ENSMUSG00000020137",629,655,665,631,844,564
"ENSMUSG00000020140",82,60,64,79,61,64
"ENSMUSG00000020142",498,547,1432,1786,1028,1548
"ENSMUSG00000020143",35,18,44,31,16,3
"ENSMUSG00000020149",5717,6318,6543,6702,6503,5715
"ENSMUSG00000020150",65,38,48,44,62,50
"ENSMUSG00000020152",4130,4323,6699,5939,5337,4698
"ENSMUSG00000020153",629,483,657,577,496,386
"ENSMUSG00000020154",1180,478,100,100,180,131
"ENSMUSG00000020156",525,461,438,508,382,387
"ENSMUSG00000020159",107,16,950,661,29,8
"ENSMUSG00000020160",1591,1649,2069,2452,2460,2215
"ENSMUSG00000020163",391,390,617,518,423,393
"ENSMUSG00000020166",1600,1612,1883,1984,1769,1595
"ENSMUSG00000020167",827,859,1285,1294,1131,934
"ENSMUSG00000020170",1966,1903,1786,1871,1968,1878
"ENSMUSG00000020171",316,288,438,367,304,343
"ENSMUSG00000020173",1172,1038,2264,1710,1374,845
"ENSMUSG00000020175",35,60,35,55,43,40
"ENSMUSG00000020176",836,895,606,900,642,764
"ENSMUSG00000020177",1910,233,4,12,106,159
"ENSMUSG00000020180",547,671,972,740,717,611
"ENSMUSG00000020181",42,32,16,8,21,25
"ENSMUSG00000020183",6592,4644,847,1436,828,1085
"ENSMUSG00000020184",3804,3390,2397,2763,2939,3032
"ENSMUSG00000020185",15,35,270,175,84,60
"ENSMUSG00000020186",140,209,1366,1351,324,618
"ENSMUSG00000020189",1586,1724,1396,1320,1607,1808
"ENSMUSG00000020190",4810,4912,3493,3852,4528,4365
"ENSMUSG00000020193",27,35,25,32,27,19
"ENSMUSG00000020196",1549,1411,1937,1713,1623,1258
"ENSMUSG00000020198",3019,2840,2984,3078,2875,2457
"ENSMUSG00000020205",4321,4857,5032,5652,7542,6509
"ENSMUSG00000020211",639,530,678,600,566,500
"ENSMUSG00000020212",85,110,168,137,121,107
"ENSMUSG00000020216",18,11,6,8,5,19
"ENSMUSG00000020218",546,525,752,359,282,482
"ENSMUSG00000020219",157,147,281,226,191,144
"ENSMUSG00000020220",5746,5486,5970,6652,6973,6299
"ENSMUSG00000020224",287,265,426,349,317,264
"ENSMUSG00000020225",583,543,454,492,446,375
"ENSMUSG00000020227",155,129,54,28,39,57
"ENSMUSG00000020228",385,429,322,344,351,339
"ENSMUSG00000020230",254,197,226,228,307,223
"ENSMUSG00000020231",911,705,717,775,964,938
"ENSMUSG00000020232",637,508,791,910,758,742
"ENSMUSG00000020234",82,90,53,50,54,41
"ENSMUSG00000020235",421,363,581,518,478,338
"ENSMUSG00000020238",742,681,1249,1076,746,576
"ENSMUSG00000020241",289,443,61,76,88,101
"ENSMUSG00000020246",731,631,554,628,676,543
"ENSMUSG00000020248",1027,1066,960,894,915,967
"ENSMUSG00000020250",3177,3803,2290,2359,2390,4113
"ENSMUSG00000020251",81,57,21,39,38,41
"ENSMUSG00000020253",281,225,157,177,200,245
"ENSMUSG00000020255",1011,1209,951,773,952,945
"ENSMUSG00000020256",200,180,120,97,58,108
"ENSMUSG00000020257",2212,2237,2417,2465,2386,1945
"ENSMUSG00000020258",43,40,27,38,32,28
"ENSMUSG00000020260",600,630,699,709,626,538
"ENSMUSG00000020261",1056,969,833,1128,1653,1080
"ENSMUSG00000020262",1038,940,619,596,1123,1047
"ENSMUSG00000020263",1260,930,1032,1222,851,827
"ENSMUSG00000020265",1314,1287,1797,1574,1540,1339
"ENSMUSG00000020267",985,825,1188,876,1001,849
"ENSMUSG00000020268",98,41,81,121,45,48
"ENSMUSG00000020271",1581,1560,1900,1673,1635,1534
"ENSMUSG00000020272",243,243,143,126,148,124
"ENSMUSG00000020273",687,659,577,677,699,553
"ENSMUSG00000020275",1785,2844,1572,1582,1396,2871
"ENSMUSG00000020277",678,770,1642,1445,786,692
"ENSMUSG00000020280",569,584,687,672,518,602
"ENSMUSG00000020282",1463,1154,1152,1320,1121,1152
"ENSMUSG00000020283",723,690,657,652,831,588
"ENSMUSG00000020284",262,207,166,215,204,213
"ENSMUSG00000020287",332,261,236,281,232,261
"ENSMUSG00000020288",1489,1499,1558,1737,1932,1781
"ENSMUSG00000020289",547,448,566,604,518,455
"ENSMUSG00000020290",3599,4512,5937,5053,4318,3446
"ENSMUSG00000020300",2477,3130,1931,2265,3242,3157
"ENSMUSG00000020303",32,36,1283,329,726,56
"ENSMUSG00000020305",360,337,342,348,434,355
"ENSMUSG00000020307",226,219,320,208,234,189
"ENSMUSG00000020308",200,143,194,231,197,166
"ENSMUSG00000020309",53,73,177,129,106,73
"ENSMUSG00000020311",1084,981,790,787,793,727
"ENSMUSG00000020315",16088,17043,10998,10577,11791,12790
"ENSMUSG00000020319",147,120,177,170,174,178
"ENSMUSG00000020321",2011,2191,2480,2387,1963,1742
"ENSMUSG00000020323",123,101,166,116,95,108
"ENSMUSG00000020325",144,118,211,145,114,125
"ENSMUSG00000020326",4034,4511,5972,5800,7458,5315
"ENSMUSG00000020328",163,194,429,393,243,213
"ENSMUSG00000020329",333,298,420,359,350,264
"ENSMUSG00000020330",25,105,760,534,302,159
"ENSMUSG00000020331",29,23,41,39,37,32
"ENSMUSG00000020334",73,86,81,96,32,76
"ENSMUSG00000020335",67,44,34,35,44,34
"ENSMUSG00000020340",207,209,47,38,39,28
"ENSMUSG00000020346",639,465,692,631,563,516
"ENSMUSG00000020349",4042,3870,4905,5031,4614,4378
"ENSMUSG00000020354",3,55,71,130,53,101
"ENSMUSG00000020357",65,31,10,20,9,6
"ENSMUSG00000020358",5010,5777,9208,7237,6168,5994
"ENSMUSG00000020359",5443,5267,6281,5452,4866,5193
"ENSMUSG00000020361",4370,5218,8695,7551,6306,5985
"ENSMUSG00000020362",3182,3127,5181,4623,4310,3720
"ENSMUSG00000020363",71,159,12,27,14,41
"ENSMUSG00000020364",97,80,42,65,98,66
"ENSMUSG00000020366",1116,1152,862,871,847,823
"ENSMUSG00000020368",10833,13993,13706,13089,10129,9988
"ENSMUSG00000020372",10482,9706,15396,13773,12418,12664
"ENSMUSG00000020375",595,515,432,487,448,418
"ENSMUSG00000020376",863,845,910,819,980,836
"ENSMUSG00000020377",10,8,5,8,10,11
"ENSMUSG00000020380",1898,1812,2004,1712,1927,1678
"ENSMUSG00000020381",227,243,113,145,114,157
"ENSMUSG00000020385",1516,1555,1093,1557,1153,1470
"ENSMUSG00000020386",862,856,1260,1145,951,846
"ENSMUSG00000020387",2729,2272,914,1002,2072,1955
"ENSMUSG00000020388",1319,898,946,1231,1062,1137
"ENSMUSG00000020389",295,253,217,212,234,253
"ENSMUSG00000020390",2639,2840,1897,2453,2809,2535
"ENSMUSG00000020392",665,588,825,636,678,506
"ENSMUSG00000020393",953,875,1143,1290,1340,1346
"ENSMUSG00000020397",486,658,592,547,504,402
"ENSMUSG00000020400",816,702,673,649,664,544
"ENSMUSG00000020402",2490,2876,3986,3286,3085,2563
"ENSMUSG00000020405",10,3,13,15,10,15
"ENSMUSG00000020407",31,85,57,34,23,60
"ENSMUSG00000020409",1290,1256,1056,995,1248,1125
"ENSMUSG00000020411",114,141,218,244,365,210
"ENSMUSG00000020412",1092,1167,1247,1308,1195,1059
"ENSMUSG00000020413",462,363,498,439,355,266
"ENSMUSG00000020415",57,50,291,167,99,78
"ENSMUSG00000020420",223,140,188,193,195,127
"ENSMUSG00000020422",15088,13802,10828,12425,18082,19920
"ENSMUSG00000020423",32058,31343,11640,17792,22687,18837
"ENSMUSG00000020424",238,209,364,412,511,406
"ENSMUSG00000020427",1017,405,1041,614,270,261
"ENSMUSG00000020430",1139,1034,1767,1298,1101,984
"ENSMUSG00000020431",1089,1279,288,738,1002,1250
"ENSMUSG00000020432",2413,2177,1262,2020,1587,1638
"ENSMUSG00000020434",16,25,20,14,11,11
"ENSMUSG00000020437",31,26,28,10,14,14
"ENSMUSG00000020439",2801,2127,5609,6048,5208,4750
"ENSMUSG00000020440",630,605,949,891,887,768
"ENSMUSG00000020441",502,441,320,295,329,348
"ENSMUSG00000020444",292,263,232,199,228,189
"ENSMUSG00000020447",41,13,4,3,14,12
"ENSMUSG00000020448",547,616,453,467,529,431
"ENSMUSG00000020451",6084,5159,2990,2798,3872,3490
"ENSMUSG00000020453",1635,1093,915,733,1251,729
"ENSMUSG00000020454",1586,1425,2188,1514,1870,1223
"ENSMUSG00000020455",522,388,503,501,503,391
"ENSMUSG00000020456",3846,4073,5268,5021,4702,4214
"ENSMUSG00000020457",794,807,1010,838,822,663
"ENSMUSG00000020458",2547,2733,5481,4476,3178,3449
"ENSMUSG00000020459",544,563,628,769,615,579
"ENSMUSG00000020460",4634,4813,5675,5171,5252,5901
"ENSMUSG00000020462",360,405,501,496,436,397
"ENSMUSG00000020463",2872,2600,2869,2770,2765,2698
"ENSMUSG00000020464",787,699,1475,1200,858,903
"ENSMUSG00000020467",2052,2321,1810,2645,3117,3163
"ENSMUSG00000020471",303,284,509,316,277,194
"ENSMUSG00000020472",1046,872,1039,983,976,867
"ENSMUSG00000020473",1725,2668,1105,1047,1143,1051
"ENSMUSG00000020474",256,216,277,265,232,191
"ENSMUSG00000020475",52,66,48,52,53,51
"ENSMUSG00000020476",886,854,1484,1245,1044,865
"ENSMUSG00000020477",184,172,231,183,224,140
"ENSMUSG00000020482",492,491,428,431,714,451
"ENSMUSG00000020483",2772,2554,2868,3089,3293,2590
"ENSMUSG00000020484",2293,2813,3282,3700,2226,1458
"ENSMUSG00000020485",402,343,335,306,394,346
"ENSMUSG00000020486",104,46,19,8,17,11
"ENSMUSG00000020491",226,146,98,105,120,73
"ENSMUSG00000020492",449,354,406,336,367,274
"ENSMUSG00000020493",26,81,487,298,151,82
"ENSMUSG00000020495",407,295,435,353,420,278
"ENSMUSG00000020496",1337,1167,1248,1235,1368,1005
"ENSMUSG00000020513",103,117,139,166,164,140
"ENSMUSG00000020514",137,137,240,206,166,178
"ENSMUSG00000020515",550,514,775,632,748,444
"ENSMUSG00000020516",1416,1259,1384,1267,1422,1367
"ENSMUSG00000020519",371,266,246,263,295,341
"ENSMUSG00000020520",567,507,295,340,484,402
"ENSMUSG00000020521",786,762,683,709,726,713
"ENSMUSG00000020522",1162,1004,973,977,1037,915
"ENSMUSG00000020523",1465,1296,1028,1026,1216,1067
"ENSMUSG00000020525",387,355,373,295,360,364
"ENSMUSG00000020526",160,140,133,133,113,94
"ENSMUSG00000020527",254,294,866,789,428,316
"ENSMUSG00000020528",278,335,298,260,258,246
"ENSMUSG00000020530",2624,2464,2242,2150,2203,2371
"ENSMUSG00000020532",1193,1213,1685,1211,1247,1213
"ENSMUSG00000020534",693,817,1012,638,531,589
"ENSMUSG00000020536",933,697,1470,1318,1063,920
"ENSMUSG00000020537",655,625,669,583,490,461
"ENSMUSG00000020538",2539,2487,3310,3896,2888,2914
"ENSMUSG00000020541",1296,1129,900,857,870,836
"ENSMUSG00000020544",237,147,187,148,177,127
"ENSMUSG00000020546",597,604,549,668,742,604
"ENSMUSG00000020547",630,655,2781,2183,964,682
"ENSMUSG00000020549",407,437,609,479,406,383
"ENSMUSG00000020553",75,52,74,39,62,53
"ENSMUSG00000020561",553,582,717,549,646,503
"ENSMUSG00000020564",792,847,715,608,718,739
"ENSMUSG00000020566",1203,1010,146,336,329,214
"ENSMUSG00000020570",3543,3217,4309,3992,4319,3618
"ENSMUSG00000020571",7360,7732,3948,4751,3501,3491
"ENSMUSG00000020572",5971,5486,5572,5987,6576,6607
"ENSMUSG00000020573",109,31,50,39,27,18
"ENSMUSG00000020576",1417,1549,1475,1377,1359,1279
"ENSMUSG00000020577",624,729,331,477,192,136
"ENSMUSG00000020580",11217,11136,6869,7164,10013,13149
"ENSMUSG00000020581",1434,1267,145,257,220,189
"ENSMUSG00000020585",8083,7600,7212,7959,7840,7697
"ENSMUSG00000020589",97,122,139,83,80,60
"ENSMUSG00000020590",2453,2326,2187,2422,2676,2460
"ENSMUSG00000020592",8152,7503,15010,15679,11859,11151
"ENSMUSG00000020593",1183,1646,468,695,918,1112
"ENSMUSG00000020594",7820,7582,7809,7134,7838,7586
"ENSMUSG00000020599",126,77,14,28,48,35
"ENSMUSG00000020601",211,156,154,214,169,99
"ENSMUSG00000020604",162,141,115,141,124,153
"ENSMUSG00000020605",319,266,277,296,275,171
"ENSMUSG00000020607",194,391,2262,1905,1039,636
"ENSMUSG00000020608",1805,1724,2432,2104,1983,1723
"ENSMUSG00000020610",672,686,850,802,718,592
"ENSMUSG00000020611",2935,2516,3056,2833,3003,2596
"ENSMUSG00000020612",5304,5398,5618,5774,6371,5583
"ENSMUSG00000020614",47,60,14,14,20,37
"ENSMUSG00000020620",52,87,17,22,32,47
"ENSMUSG00000020621",152,128,169,182,168,137
"ENSMUSG00000020623",359,357,154,203,255,291
"ENSMUSG00000020627",2017,1655,1384,1573,2017,2898
"ENSMUSG00000020628",611,581,810,836,693,500
"ENSMUSG00000020629",1095,950,527,671,882,694
"ENSMUSG00000020630",157,173,187,142,143,130
"ENSMUSG00000020634",1331,1323,1112,1171,1234,1231
"ENSMUSG00000020635",31,17,37,31,36,21
"ENSMUSG00000020638",75,30,900,114,16,19
"ENSMUSG00000020640",2594,2456,2143,2349,2713,2641
"ENSMUSG00000020641",31,16,1401,194,17,3
"ENSMUSG00000020642",47,45,13,12,14,12
"ENSMUSG00000020644",2806,2839,1930,2529,2713,4263
"ENSMUSG00000020646",391,391,422,451,896,684
"ENSMUSG00000020647",4198,3820,2941,3429,3966,5391
"ENSMUSG00000020648",171,179,231,158,161,121
"ENSMUSG00000020649",312,343,1782,967,832,586
"ENSMUSG00000020650",638,630,746,618,632,662
"ENSMUSG00000020651",85,112,16,48,18,41
"ENSMUSG00000020652",265,207,277,256,242,211
"ENSMUSG00000020653",2190,1932,1050,1396,1935,1788
"ENSMUSG00000020654",392,401,455,351,381,342
"ENSMUSG00000020656",1165,1380,715,725,510,878
"ENSMUSG00000020657",224,284,201,146,132,219
"ENSMUSG00000020658",60,48,10,15,7,15
"ENSMUSG00000020659",581,545,603,578,576,506
"ENSMUSG00000020661",1873,1611,1894,1898,1924,1967
"ENSMUSG00000020664",1659,1587,2458,2264,2001,1560
"ENSMUSG00000020668",595,457,294,373,461,438
"ENSMUSG00000020669",382,345,419,472,379,359
"ENSMUSG00000020671",4822,5238,7834,7229,6087,5467
"ENSMUSG00000020672",34,48,19,26,48,56
"ENSMUSG00000020674",814,620,2322,2194,906,942
"ENSMUSG00000020676",60,48,10,27,27,27
"ENSMUSG00000020677",937,814,1013,892,932,926
"ENSMUSG00000020679",1829,1235,989,1100,1055,999
"ENSMUSG00000020680",1128,1412,1616,1647,1445,1519
"ENSMUSG00000020681",2406,1680,617,859,496,519
"ENSMUSG00000020682",676,816,634,717,967,764
"ENSMUSG00000020687",1714,1641,2441,2300,2433,2128
"ENSMUSG00000020691",278,306,401,345,250,226
"ENSMUSG00000020692",114,106,170,124,108,99
"ENSMUSG00000020694",1899,2004,1645,1692,1893,2042
"ENSMUSG00000020695",141,349,321,132,360,89
"ENSMUSG00000020696",1196,1085,906,877,894,897
"ENSMUSG00000020697",1483,1384,1639,1453,1491,1220
"ENSMUSG00000020700",1166,870,597,559,848,787
"ENSMUSG00000020705",1960,1815,2070,1906,1891,1776
"ENSMUSG00000020706",952,921,1752,1239,945,909
"ENSMUSG00000020707",117,91,189,136,87,63
"ENSMUSG00000020708",769,645,1391,1242,1183,1018
"ENSMUSG00000020709",30,12,11,6,9,5
"ENSMUSG00000020715",2717,3022,1297,1618,2297,1832
"ENSMUSG00000020716",6152,6152,4708,4949,6355,6413
"ENSMUSG00000020717",785,451,173,206,220,237
"ENSMUSG00000020718",749,530,209,346,344,689
"ENSMUSG00000020719",47129,53923,31846,35764,38177,44565
"ENSMUSG00000020720",1111,1075,1950,1712,1278,1160
"ENSMUSG00000020721",2882,2859,2688,2607,2930,2727
"ENSMUSG00000020723",13,8,0,10,9,11
"ENSMUSG00000020728",296,246,85,73,190,195
"ENSMUSG00000020733",540,553,503,508,316,245
"ENSMUSG00000020736",251,177,392,313,259,197
"ENSMUSG00000020737",405,405,958,782,408,294
"ENSMUSG00000020738",701,671,877,869,852,637
"ENSMUSG00000020739",557,483,776,623,463,402
"ENSMUSG00000020740",433,376,419,426,406,313
"ENSMUSG00000020741",1384,1657,3795,2969,2238,1971
"ENSMUSG00000020743",392,271,272,332,354,281
"ENSMUSG00000020744",126,117,103,97,108,88
"ENSMUSG00000020745",5949,5935,5826,6137,6559,6150
"ENSMUSG00000020747",2395,2113,1767,1926,2435,1846
"ENSMUSG00000020752",464,381,432,423,364,281
"ENSMUSG00000020755",725,586,648,569,586,548
"ENSMUSG00000020758",15048,13796,19088,15469,16707,15848
"ENSMUSG00000020766",227,154,144,191,189,153
"ENSMUSG00000020770",765,602,597,656,544,509
"ENSMUSG00000020773",122,103,164,128,179,80
"ENSMUSG00000020774",36,21,64,67,22,19
"ENSMUSG00000020775",260,223,539,412,309,224
"ENSMUSG00000020776",1825,1785,1290,1385,1647,1454
"ENSMUSG00000020777",2145,2422,1583,1770,1671,1355
"ENSMUSG00000020778",128,113,173,195,162,144
"ENSMUSG00000020780",1421,1304,1212,1210,1149,961
"ENSMUSG00000020781",301,205,187,186,219,184
"ENSMUSG00000020782",1224,1036,441,593,626,636
"ENSMUSG00000020783",1197,1014,1217,1267,1449,1191
"ENSMUSG00000020785",75,45,79,105,25,32
"ENSMUSG00000020788",178,141,96,190,229,345
"ENSMUSG00000020790",3461,3300,4143,3663,3443,3000
"ENSMUSG00000020792",1092,942,1157,1051,1180,922
"ENSMUSG00000020793",56,34,14,26,41,19
"ENSMUSG00000020794",1355,1262,1824,1643,1560,1429
"ENSMUSG00000020801",142,156,168,141,151,124
"ENSMUSG00000020802",610,568,795,778,688,579
"ENSMUSG00000020803",855,851,1832,1428,1254,1134
"ENSMUSG00000020806",541,429,658,567,456,357
"ENSMUSG00000020807",482,385,411,422,444,343
"ENSMUSG00000020808",34,27,115,68,64,63
"ENSMUSG00000020810",112,160,32,51,34,64
"ENSMUSG00000020812",199,186,220,178,134,98
"ENSMUSG00000020814",62,85,118,137,71,66
"ENSMUSG00000020817",2996,3088,3168,3624,4466,3814
"ENSMUSG00000020818",968,840,1048,1026,717,769
"ENSMUSG00000020821",3031,2725,3612,3399,3568,3515
"ENSMUSG00000020823",2831,2425,2447,2925,3416,3330
"ENSMUSG00000020827",2789,2345,2193,2241,2469,2252
"ENSMUSG00000020828",1109,859,989,1063,889,1016
"ENSMUSG00000020829",153,106,109,105,97,92
"ENSMUSG00000020831",235,215,246,295,254,223
"ENSMUSG00000020832",252,274,323,268,295,246
"ENSMUSG00000020834",64,49,99,91,79,44
"ENSMUSG00000020836",137,91,427,624,78,121
"ENSMUSG00000020838",929,673,99,145,346,377
"ENSMUSG00000020839",5,9,48,32,14,9
"ENSMUSG00000020840",726,757,1555,1272,1100,958
"ENSMUSG00000020841",14327,14066,11616,10132,16841,15560
"ENSMUSG00000020843",153,161,227,206,191,146
"ENSMUSG00000020844",4511,4405,5624,5922,5383,5349
"ENSMUSG00000020846",3714,2888,3909,3794,3992,4445
"ENSMUSG00000020847",135,89,135,138,120,130
"ENSMUSG00000020848",474,210,27,43,55,99
"ENSMUSG00000020849",8389,8616,12888,11728,10636,9580
"ENSMUSG00000020850",10659,10659,10822,9111,9883,9144
"ENSMUSG00000020857",460,544,1167,755,432,429
"ENSMUSG00000020859",4678,4133,3667,4051,4802,5754
"ENSMUSG00000020863",2436,2497,2453,2632,2092,2210
"ENSMUSG00000020864",1295,1191,1078,1068,1657,1512
"ENSMUSG00000020865",3603,3172,3010,3354,3485,3153
"ENSMUSG00000020866",92,103,190,314,177,224
"ENSMUSG00000020868",469,385,347,371,428,370
"ENSMUSG00000020869",1604,1775,3748,2814,1713,1508
"ENSMUSG00000020873",720,948,1050,985,774,636
"ENSMUSG00000020875",188,192,56,101,103,99
"ENSMUSG00000020876",268,223,241,226,230,236
"ENSMUSG00000020877",30,25,33,26,29,21
"ENSMUSG00000020882",151,127,53,87,63,78
"ENSMUSG00000020883",1591,1334,1002,998,1480,1458
"ENSMUSG00000020884",5,12,3,11,10,6
"ENSMUSG00000020886",263,258,160,242,341,269
"ENSMUSG00000020888",836,752,722,671,725,736
"ENSMUSG00000020889",4633,2588,1558,1791,2525,2329
"ENSMUSG00000020892",92,85,19,38,28,88
"ENSMUSG00000020893",4591,5270,1888,3244,3760,4393
"ENSMUSG00000020894",1710,1782,655,932,1057,996
"ENSMUSG00000020895",70,83,83,60,75,41
"ENSMUSG00000020897",14,25,302,198,85,62
"ENSMUSG00000020898",651,636,819,746,745,579
"ENSMUSG00000020899",652,822,1485,1039,655,484
"ENSMUSG00000020900",3687,4215,1805,2032,3030,3333
"ENSMUSG00000020902",106,150,54,31,46,40
"ENSMUSG00000020903",309,308,323,342,309,323
"ENSMUSG00000020905",255,210,303,284,168,179
"ENSMUSG00000020910",188,119,130,175,169,144
"ENSMUSG00000020911",2036,2337,20376,19627,5683,5568
"ENSMUSG00000020914",120,411,4706,2651,1390,893
"ENSMUSG00000020916",3,3,20,16,5,14
"ENSMUSG00000020917",1818,2004,2589,2247,1771,1699
"ENSMUSG00000020918",630,582,1066,936,729,564
"ENSMUSG00000020919",1803,1658,1320,1317,2622,1553
"ENSMUSG00000020921",93,64,127,129,133,76
"ENSMUSG00000020922",1071,1191,2144,1765,1647,1378
"ENSMUSG00000020923",3100,2987,3764,3459,3579,3000
"ENSMUSG00000020925",328,349,418,469,328,281
"ENSMUSG00000020926",73,66,7,19,21,22
"ENSMUSG00000020929",1380,1427,2454,1894,1515,1317
"ENSMUSG00000020935",482,457,831,701,529,425
"ENSMUSG00000020936",1693,1720,1866,1697,1710,1582
"ENSMUSG00000020937",1555,1103,506,639,887,918
"ENSMUSG00000020941",469,738,391,361,642,534
"ENSMUSG00000020946",948,1009,1135,1109,1061,875
"ENSMUSG00000020948",381,326,419,345,414,296
"ENSMUSG00000020949",500,622,658,646,562,522
"ENSMUSG00000020952",1151,1218,1347,1265,939,903
"ENSMUSG00000020953",167,248,13,26,46,53
"ENSMUSG00000020954",3165,3154,2983,3072,3468,3534
"ENSMUSG00000020955",338,326,240,246,262,246
"ENSMUSG00000020956",147,129,152,99,106,96
"ENSMUSG00000020961",2742,1786,1479,1337,2103,2000
"ENSMUSG00000020962",2331,2691,2003,1896,2370,2047
"ENSMUSG00000020964",3127,3688,2957,3477,3062,2628
"ENSMUSG00000020973",156,154,285,179,189,121
"ENSMUSG00000020974",133,108,342,246,206,131
"ENSMUSG00000020978",1017,857,940,962,952,736
"ENSMUSG00000020982",1474,1540,1757,1898,1540,1383
"ENSMUSG00000020986",937,921,761,888,944,814
"ENSMUSG00000020988",486,496,508,452,467,415
"ENSMUSG00000020992",288,233,152,149,223,232
"ENSMUSG00000020993",602,576,507,483,577,448
"ENSMUSG00000020994",2124,2230,2172,2088,2018,1871
"ENSMUSG00000021000",2288,2484,1914,1909,1858,1781
"ENSMUSG00000021003",300,244,464,497,343,307
"ENSMUSG00000021007",173,161,165,137,151,139
"ENSMUSG00000021009",1685,1766,1035,1091,1370,1428
"ENSMUSG00000021010",163,140,61,31,151,163
"ENSMUSG00000021012",2877,2845,2893,2873,2939,2832
"ENSMUSG00000021013",331,396,461,432,599,541
"ENSMUSG00000021018",158,109,233,183,136,134
"ENSMUSG00000021022",419,414,601,566,400,413
"ENSMUSG00000021023",272,317,468,428,284,229
"ENSMUSG00000021024",1052,1019,1771,1418,1204,1040
"ENSMUSG00000021025",5727,7583,5618,5289,7295,8485
"ENSMUSG00000021027",3479,3610,2450,2590,3052,3170
"ENSMUSG00000021028",430,363,422,440,421,421
"ENSMUSG00000021033",682,586,365,382,492,403
"ENSMUSG00000021036",1366,1572,1813,1823,1722,1926
"ENSMUSG00000021037",765,870,1441,1349,1266,871
"ENSMUSG00000021038",566,544,669,685,657,473
"ENSMUSG00000021039",1642,1669,1589,1557,1555,1393
"ENSMUSG00000021040",712,764,848,843,759,673
"ENSMUSG00000021044",142,132,212,189,193,155
"ENSMUSG00000021047",19,29,7,16,50,41
"ENSMUSG00000021048",2957,3033,2912,2416,2309,2317
"ENSMUSG00000021051",2528,2374,2332,2267,2926,2747
"ENSMUSG00000021054",2079,1735,4168,3259,3041,2102
"ENSMUSG00000021055",16,31,9,14,13,12
"ENSMUSG00000021057",128,100,33,19,78,85
"ENSMUSG00000021061",953,741,232,223,335,405
"ENSMUSG00000021062",2639,2935,4240,3970,3717,3140
"ENSMUSG00000021065",1445,1339,1350,1616,1662,1420
"ENSMUSG00000021066",134,100,43,69,67,51
"ENSMUSG00000021067",1536,1097,1337,1306,1306,957
"ENSMUSG00000021068",752,908,1394,1092,1056,1133
"ENSMUSG00000021069",115,108,143,118,63,37
"ENSMUSG00000021070",36,30,24,31,64,57
"ENSMUSG00000021072",1321,1221,2024,1689,1652,1268
"ENSMUSG00000021076",1236,919,1284,1366,1380,1223
"ENSMUSG00000021078",13,15,18,19,14,12
"ENSMUSG00000021079",137,135,221,173,127,118
"ENSMUSG00000021086",36,29,35,42,41,32
"ENSMUSG00000021087",19,13,4,0,13,0
"ENSMUSG00000021091",257,306,1014,320,371,310
"ENSMUSG00000021094",404,308,233,239,241,223
"ENSMUSG00000021096",2088,2016,1638,1649,2001,1810
"ENSMUSG00000021097",350,290,281,358,147,187
"ENSMUSG00000021102",124,104,261,216,157,127
"ENSMUSG00000021103",798,637,625,573,642,641
"ENSMUSG00000021108",885,725,722,700,789,843
"ENSMUSG00000021109",6739,10182,30523,18245,16813,17781
"ENSMUSG00000021111",5080,4905,7920,7436,7653,6279
"ENSMUSG00000021112",2496,2842,1812,1936,1925,2422
"ENSMUSG00000021113",343,311,421,390,342,352
"ENSMUSG00000021114",1138,1254,1490,1500,1386,1157
"ENSMUSG00000021115",289,313,463,346,328,304
"ENSMUSG00000021116",1264,1434,2910,2155,1708,1461
"ENSMUSG00000021118",597,515,669,631,862,593
"ENSMUSG00000021120",591,623,521,555,531,413
"ENSMUSG00000021123",226,249,84,77,200,137
"ENSMUSG00000021124",749,686,655,697,693,609
"ENSMUSG00000021125",568,386,148,239,236,208
"ENSMUSG00000021127",15444,26086,11644,11206,16399,19169
"ENSMUSG00000021130",26,21,3,6,7,11
"ENSMUSG00000021131",482,511,1214,933,702,601
"ENSMUSG00000021133",2787,2976,4305,2580,3332,2917
"ENSMUSG00000021134",11102,10365,6410,8333,7926,8330
"ENSMUSG00000021135",298,214,56,138,127,223
"ENSMUSG00000021136",34,40,17,8,8,12
"ENSMUSG00000021139",528,547,549,526,507,429
"ENSMUSG00000021140",2550,2487,2944,3163,3539,3630
"ENSMUSG00000021143",2006,1709,1092,1155,1180,1101
"ENSMUSG00000021144",2717,2297,2771,2668,2937,2669
"ENSMUSG00000021147",815,737,607,730,702,623
"ENSMUSG00000021149",1126,1456,1697,1362,1124,1060
"ENSMUSG00000021156",3291,3231,3521,3629,3969,3888
"ENSMUSG00000021171",5270,5184,3556,3557,3949,4067
"ENSMUSG00000021175",518,602,1001,763,839,649
"ENSMUSG00000021176",2,7,27,15,11,8
"ENSMUSG00000021177",111,119,203,171,168,121
"ENSMUSG00000021178",831,816,1206,1036,909,827
"ENSMUSG00000021179",355,295,446,362,420,341
"ENSMUSG00000021180",473,457,214,253,447,407
"ENSMUSG00000021182",133,146,739,537,132,204
"ENSMUSG00000021185",405,426,360,332,264,214
"ENSMUSG00000021186",112,85,22,31,34,41
"ENSMUSG00000021187",733,679,139,214,141,181
"ENSMUSG00000021188",4169,4335,4056,3820,4212,4311
"ENSMUSG00000021189",1043,1107,1177,1008,1114,944
"ENSMUSG00000021190",528,381,1046,896,602,670
"ENSMUSG00000021192",1084,1181,999,1128,1124,1211
"ENSMUSG00000021193",1165,1357,1503,1230,789,1034
"ENSMUSG00000021194",32,27,5,28,14,8
"ENSMUSG00000021196",1014,992,1424,1243,625,1178
"ENSMUSG00000021198",75,26,10,12,18,31
"ENSMUSG00000021203",120,109,94,80,84,95
"ENSMUSG00000021209",63,55,76,68,51,48
"ENSMUSG00000021211",51,40,51,61,18,22
"ENSMUSG00000021213",41,43,46,32,28,21
"ENSMUSG00000021215",5717,6605,9713,8837,7105,5833
"ENSMUSG00000021217",211,150,107,134,247,207
"ENSMUSG00000021218",6431,6613,8825,8097,8091,7586
"ENSMUSG00000021222",399,353,353,340,288,272
"ENSMUSG00000021223",3871,2668,2308,2187,3380,2015
"ENSMUSG00000021224",3631,3037,2212,2174,3622,2695
"ENSMUSG00000021226",204,198,184,145,185,152
"ENSMUSG00000021234",67,101,44,72,90,69
"ENSMUSG00000021235",270,235,328,348,281,250
"ENSMUSG00000021236",1339,1239,829,961,1376,1294
"ENSMUSG00000021238",14626,13855,3919,5886,9037,8568
"ENSMUSG00000021240",190,133,202,179,166,137
"ENSMUSG00000021241",196,232,176,208,180,173
"ENSMUSG00000021242",1019,1111,1242,1276,763,791
"ENSMUSG00000021243",278,311,463,410,316,293
"ENSMUSG00000021244",2778,2626,2645,2755,3224,2948
"ENSMUSG00000021245",831,927,1020,951,915,893
"ENSMUSG00000021248",3802,3852,4035,3965,3395,2957
"ENSMUSG00000021250",45430,35131,33448,36414,40124,34693
"ENSMUSG00000021252",345,332,531,467,346,253
"ENSMUSG00000021253",586,538,250,231,336,346
"ENSMUSG00000021254",721,669,665,659,749,615
"ENSMUSG00000021256",31,16,43,51,36,43
"ENSMUSG00000021257",303,206,201,183,216,204
"ENSMUSG00000021258",963,1108,727,794,658,811
"ENSMUSG00000021259",51,25,9,23,34,27
"ENSMUSG00000021260",18,9,16,10,5,3
"ENSMUSG00000021262",537,432,851,937,725,919
"ENSMUSG00000021263",792,752,416,590,403,484
"ENSMUSG00000021264",2439,2321,2293,2260,2649,2419
"ENSMUSG00000021265",239,156,120,162,151,166
"ENSMUSG00000021266",1640,1687,1746,1706,1454,894
"ENSMUSG00000021268",41,97,4,22,10,16
"ENSMUSG00000021270",7602,11942,8189,8487,6789,7990
"ENSMUSG00000021271",486,392,344,349,376,258
"ENSMUSG00000021273",619,1190,1260,877,457,566
"ENSMUSG00000021275",703,637,616,594,691,605
"ENSMUSG00000021276",237,252,330,298,248,175
"ENSMUSG00000021277",1284,1309,1740,1602,1991,1912
"ENSMUSG00000021279",3941,3395,3079,3251,3542,3718
"ENSMUSG00000021280",10,11,17,6,6,3
"ENSMUSG00000021281",53,16,2264,15,16,18
"ENSMUSG00000021282",7420,8020,7839,7632,6076,7763
"ENSMUSG00000021285",1488,1156,880,1208,1298,1025
"ENSMUSG00000021286",306,237,159,199,202,163
"ENSMUSG00000021287",136,83,113,126,89,76
"ENSMUSG00000021288",1215,1047,1679,1626,1574,1307
"ENSMUSG00000021290",411,427,797,693,546,516
"ENSMUSG00000021294",47,21,17,11,34,9
"ENSMUSG00000021298",67,54,37,72,30,63
"ENSMUSG00000021301",13,12,5,10,0,15
"ENSMUSG00000021302",580,759,638,732,667,736
"ENSMUSG00000021306",118,120,62,65,56,57
"ENSMUSG00000021311",396,423,358,328,322,285
"ENSMUSG00000021313",20,43,77,87,122,134
"ENSMUSG00000021318",3340,3011,1882,2061,3265,3022
"ENSMUSG00000021326",537,508,754,657,566,407
"ENSMUSG00000021327",707,556,694,824,755,640
"ENSMUSG00000021338",2080,1794,1789,1832,1933,1836
"ENSMUSG00000021339",278,290,495,501,556,431
"ENSMUSG00000021340",2169,2289,1521,1892,2044,2384
"ENSMUSG00000021357",898,940,1181,1000,963,960
"ENSMUSG00000021359",2519,2360,2258,2116,2958,2679
"ENSMUSG00000021360",1177,1573,1391,1121,1422,2189
"ENSMUSG00000021361",308,297,533,485,375,328
"ENSMUSG00000021365",290,363,1453,1298,264,335
"ENSMUSG00000021366",4664,4498,3028,3191,4037,4098
"ENSMUSG00000021367",490,743,912,1012,1223,1268
"ENSMUSG00000021368",97,97,148,186,118,99
"ENSMUSG00000021371",1104,1045,873,958,813,960
"ENSMUSG00000021373",19,13,9,10,6,8
"ENSMUSG00000021374",3532,3783,3825,3085,3149,3324
"ENSMUSG00000021375",3719,3518,4220,4555,4974,5491
"ENSMUSG00000021376",37,49,65,85,75,48
"ENSMUSG00000021377",3796,3641,4715,3897,4000,3968
"ENSMUSG00000021379",1383,1111,2737,2241,1232,1336
"ENSMUSG00000021385",252,325,302,268,272,268
"ENSMUSG00000021388",106,150,17,32,30,28
"ENSMUSG00000021390",1434,1481,299,357,2188,877
"ENSMUSG00000021391",35,49,96,60,49,35
"ENSMUSG00000021392",700,745,1002,808,893,787
"ENSMUSG00000021395",3450,2873,4749,4150,4113,3707
"ENSMUSG00000021400",789,631,925,887,906,681
"ENSMUSG00000021408",1620,2072,1461,1490,1538,1659
"ENSMUSG00000021411",490,545,1440,1332,985,999
"ENSMUSG00000021413",2943,3022,3116,3116,3148,2917
"ENSMUSG00000021416",34,30,17,22,31,18
"ENSMUSG00000021417",984,908,842,747,898,790
"ENSMUSG00000021418",139,147,190,142,111,79
"ENSMUSG00000021420",267,257,412,316,274,287
"ENSMUSG00000021427",3937,4696,6131,5187,4559,4307
"ENSMUSG00000021428",710,714,659,725,556,527
"ENSMUSG00000021431",392,377,380,493,413,380
"ENSMUSG00000021432",252,237,227,306,206,204
"ENSMUSG00000021451",167,223,508,461,73,59
"ENSMUSG00000021453",552,701,305,423,501,540
"ENSMUSG00000021456",10,9,11,10,5,0
"ENSMUSG00000021457",71,87,198,133,39,47
"ENSMUSG00000021458",1253,909,1192,1349,1054,1279
"ENSMUSG00000021460",473,503,409,436,542,362
"ENSMUSG00000021461",500,288,306,314,368,412
"ENSMUSG00000021464",855,755,671,746,938,899
"ENSMUSG00000021466",2671,2302,989,1015,1469,1753
"ENSMUSG00000021468",818,778,1040,1039,871,769
"ENSMUSG00000021469",125,90,631,485,385,194
"ENSMUSG00000021470",1128,1108,1279,1084,1110,1173
"ENSMUSG00000021474",1940,2271,2245,2239,1667,1666
"ENSMUSG00000021476",306,277,146,186,190,168
"ENSMUSG00000021477",5771,5328,4042,4415,3950,5302
"ENSMUSG00000021481",277,224,276,220,236,176
"ENSMUSG00000021482",639,456,219,231,397,407
"ENSMUSG00000021483",98,78,61,48,66,72
"ENSMUSG00000021484",3451,3574,4054,3942,3495,2869
"ENSMUSG00000021485",196,175,494,383,274,232
"ENSMUSG00000021486",1549,1373,2931,2475,1759,1656
"ENSMUSG00000021488",7749,6880,9571,9060,9851,8885
"ENSMUSG00000021493",660,570,876,978,778,936
"ENSMUSG00000021494",398,441,535,529,518,450
"ENSMUSG00000021495",807,589,484,611,620,598
"ENSMUSG00000021496",142,152,129,93,125,95
"ENSMUSG00000021497",553,478,531,624,626,528
"ENSMUSG00000021500",3436,3315,3087,2810,3063,2984
"ENSMUSG00000021501",322,249,308,389,339,207
"ENSMUSG00000021504",217,173,176,191,174,121
"ENSMUSG00000021508",1593,770,809,1216,1881,2531
"ENSMUSG00000021509",86,71,59,84,34,54
"ENSMUSG00000021510",824,639,714,852,923,708
"ENSMUSG00000021514",405,377,337,358,387,316
"ENSMUSG00000021518",820,814,931,881,799,756
"ENSMUSG00000021519",524,500,455,538,527,484
"ENSMUSG00000021520",665,793,1114,1036,908,829
"ENSMUSG00000021532",196,214,201,171,180,143
"ENSMUSG00000021537",884,1036,1174,1057,1022,957
"ENSMUSG00000021540",3692,2840,3253,3067,4229,3478
"ENSMUSG00000021546",10411,10438,13521,12583,10953,11044
"ENSMUSG00000021548",824,778,745,791,889,765
"ENSMUSG00000021549",2959,2729,2719,2918,3268,2923
"ENSMUSG00000021550",643,553,628,579,537,413
"ENSMUSG00000021552",303,323,133,167,244,226
"ENSMUSG00000021553",115,110,146,89,27,40
"ENSMUSG00000021555",1180,1033,1251,1338,1232,1092
"ENSMUSG00000021556",1039,986,869,941,764,855
"ENSMUSG00000021557",992,912,500,555,818,820
"ENSMUSG00000021559",8576,9358,4022,6852,5996,5414
"ENSMUSG00000021567",67,54,21,36,83,35
"ENSMUSG00000021569",70,89,321,194,127,79
"ENSMUSG00000021572",87,87,107,106,78,128
"ENSMUSG00000021573",787,909,385,419,776,649
"ENSMUSG00000021576",711,636,1098,1084,794,660
"ENSMUSG00000021577",2026,1866,2236,2343,2155,1634
"ENSMUSG00000021578",868,899,966,1031,1133,938
"ENSMUSG00000021579",111,110,84,92,134,110
"ENSMUSG00000021583",2219,2409,2885,2159,2084,2323
"ENSMUSG00000021585",3670,3518,4741,3937,3386,3688
"ENSMUSG00000021589",635,637,831,740,751,750
"ENSMUSG00000021590",29,31,19,16,20,15
"ENSMUSG00000021591",96,100,147,102,77,136
"ENSMUSG00000021592",837,863,579,643,509,726
"ENSMUSG00000021594",1509,1775,1280,1521,1432,1543
"ENSMUSG00000021595",2071,2280,3462,2367,1894,1720
"ENSMUSG00000021596",25,17,5,15,7,14
"ENSMUSG00000021597",292,411,154,291,330,134
"ENSMUSG00000021598",169,170,257,247,208,171
"ENSMUSG00000021604",16,4,4,6,16,12
"ENSMUSG00000021606",306,316,405,324,354,300
"ENSMUSG00000021607",238,196,416,412,278,211
"ENSMUSG00000021608",358,274,318,251,325,237
"ENSMUSG00000021610",1554,1623,2480,2157,1924,1682
"ENSMUSG00000021611",148,172,121,186,213,124
"ENSMUSG00000021614",1391,2226,909,1684,5371,4581
"ENSMUSG00000021615",196,211,246,239,231,236
"ENSMUSG00000021619",188,149,150,140,136,175
"ENSMUSG00000021621",422,452,531,520,460,422
"ENSMUSG00000021624",199,188,172,154,212,197
"ENSMUSG00000021629",1309,1384,2102,1978,1707,1521
"ENSMUSG00000021635",522,478,552,479,573,495
"ENSMUSG00000021636",688,745,413,473,293,474
"ENSMUSG00000021638",1462,1744,616,920,604,1003
"ENSMUSG00000021639",464,387,434,464,386,418
"ENSMUSG00000021643",87,82,127,144,169,115
"ENSMUSG00000021645",345,348,508,423,386,296
"ENSMUSG00000021646",683,724,461,534,404,410
"ENSMUSG00000021650",319,269,456,365,355,281
"ENSMUSG00000021660",2875,2945,4615,3676,3294,3098
"ENSMUSG00000021661",323,260,308,340,323,269
"ENSMUSG00000021662",983,879,419,538,948,804
"ENSMUSG00000021665",1457,1444,687,938,867,710
"ENSMUSG00000021666",1288,1374,875,1049,1080,846
"ENSMUSG00000021668",788,843,636,766,790,724
"ENSMUSG00000021669",2844,2812,1991,2494,3021,2782
"ENSMUSG00000021670",1339,2530,2454,1897,1271,1483
"ENSMUSG00000021671",310,288,288,249,312,298
"ENSMUSG00000021675",37,17,18,15,22,9
"ENSMUSG00000021676",2693,3588,833,1027,1427,1383
"ENSMUSG00000021678",3080,2576,2195,3448,3457,3053
"ENSMUSG00000021681",1588,1484,1355,1338,1693,1569
"ENSMUSG00000021684",207,128,57,50,77,75
"ENSMUSG00000021686",2485,2676,2300,2359,2247,2553
"ENSMUSG00000021687",1765,1646,1591,1758,1935,1797
"ENSMUSG00000021690",2876,2935,2047,1929,3064,2865
"ENSMUSG00000021692",273,307,440,330,332,314
"ENSMUSG00000021693",1189,1198,1463,1381,1503,1481
"ENSMUSG00000021694",182,159,179,159,146,107
"ENSMUSG00000021696",1603,1657,1408,1566,1655,1480
"ENSMUSG00000021697",7,21,61,65,36,15
"ENSMUSG00000021699",260,288,275,350,253,285
"ENSMUSG00000021701",2953,4124,5448,6523,4224,6541
"ENSMUSG00000021703",1359,1093,2143,2354,1150,1207
"ENSMUSG00000021704",476,418,318,361,432,336
"ENSMUSG00000021706",1017,982,782,885,990,907
"ENSMUSG00000021707",197,196,490,308,218,153
"ENSMUSG00000021708",78,43,10,6,11,19
"ENSMUSG00000021709",14873,14229,11602,12228,15247,17958
"ENSMUSG00000021710",526,646,829,818,567,561
"ENSMUSG00000021711",1180,1133,1503,1471,1428,1096
"ENSMUSG00000021712",842,654,598,540,660,688
"ENSMUSG00000021713",407,463,564,562,538,450
"ENSMUSG00000021714",36,34,179,106,79,54
"ENSMUSG00000021715",410,408,365,297,342,389
"ENSMUSG00000021716",496,456,491,545,523,410
"ENSMUSG00000021719",35,31,10,15,14,16
"ENSMUSG00000021720",239,189,263,296,177,160
"ENSMUSG00000021725",996,958,1374,1373,1103,1128
"ENSMUSG00000021728",764,1036,201,1000,398,711
"ENSMUSG00000021731",413,339,622,500,393,358
"ENSMUSG00000021732",46,80,7,4,9,24
"ENSMUSG00000021733",942,1079,10985,7408,1998,2151
"ENSMUSG00000021737",1010,877,1639,1492,1287,1133
"ENSMUSG00000021738",2120,2096,1113,1475,1835,2266
"ENSMUSG00000021745",3873,3614,2932,2645,3314,3493
"ENSMUSG00000021748",802,821,1023,990,816,827
"ENSMUSG00000021749",201,290,191,271,63,75
"ENSMUSG00000021750",19,13,10,7,5,2
"ENSMUSG00000021752",194,133,150,149,144,134
"ENSMUSG00000021754",2816,2544,6240,5978,3998,3661
"ENSMUSG00000021756",16925,16169,10304,10244,13782,14681
"ENSMUSG00000021759",224,220,160,165,244,220
"ENSMUSG00000021760",415,436,591,590,483,484
"ENSMUSG00000021763",482,417,155,142,399,291
"ENSMUSG00000021764",504,519,764,647,627,544
"ENSMUSG00000021765",69,75,228,151,29,73
"ENSMUSG00000021767",2033,2428,1405,1762,1925,2115
"ENSMUSG00000021770",792,853,702,722,786,809
"ENSMUSG00000021771",1839,1614,3002,2419,1994,1710
"ENSMUSG00000021772",1123,996,1359,1263,1260,1159
"ENSMUSG00000021773",48,50,92,89,52,60
"ENSMUSG00000021774",1394,1218,1710,1622,1588,1476
"ENSMUSG00000021775",3957,3212,2502,2945,3489,4302
"ENSMUSG00000021779",694,713,269,375,487,457
"ENSMUSG00000021782",2229,2137,2676,2580,2638,2400
"ENSMUSG00000021785",810,788,717,706,773,745
"ENSMUSG00000021786",276,225,270,263,205,187
"ENSMUSG00000021792",444,448,347,236,196,125
"ENSMUSG00000021794",3802,3581,4269,3436,3250,3204
"ENSMUSG00000021796",9062,8996,6800,7689,10068,9763
"ENSMUSG00000021803",19,15,185,60,25,48
"ENSMUSG00000021806",63,194,12,24,16,47
"ENSMUSG00000021807",1707,1892,2010,1936,2181,2179
"ENSMUSG00000021809",254,221,132,171,200,133
"ENSMUSG00000021810",739,623,860,738,649,527
"ENSMUSG00000021811",308,297,661,446,425,303
"ENSMUSG00000021814",2364,2595,2353,2219,1969,1933
"ENSMUSG00000021815",34,21,28,30,23,35
"ENSMUSG00000021816",2154,2147,2224,2019,2378,2088
"ENSMUSG00000021819",2355,2189,2500,2453,2507,2832
"ENSMUSG00000021820",574,534,765,695,738,663
"ENSMUSG00000021822",93,115,1475,1170,365,307
"ENSMUSG00000021823",4521,4816,5246,5031,4144,5795
"ENSMUSG00000021824",2996,3159,3662,3580,2985,3646
"ENSMUSG00000021830",568,359,419,305,269,281
"ENSMUSG00000021831",650,739,1153,808,830,653
"ENSMUSG00000021832",1829,1883,2934,2645,2179,2124
"ENSMUSG00000021835",606,410,29,40,373,182
"ENSMUSG00000021838",380,280,192,271,164,195
"ENSMUSG00000021840",1734,2110,2323,2055,1611,1564
"ENSMUSG00000021843",10124,9394,8668,7792,9890,9946
"ENSMUSG00000021846",1640,1715,1118,1312,2044,1925
"ENSMUSG00000021866",465,441,298,322,289,365
"ENSMUSG00000021868",400,331,683,497,522,415
"ENSMUSG00000021870",3022,2836,3309,3541,3727,3630
"ENSMUSG00000021871",328,422,463,284,355,298
"ENSMUSG00000021874",65,44,21,36,29,41
"ENSMUSG00000021876",2307,2022,2574,3155,2908,3095
"ENSMUSG00000021877",7441,8030,6441,6719,6156,6605
"ENSMUSG00000021879",40,29,14,19,11,38
"ENSMUSG00000021884",193,129,146,145,144,124
"ENSMUSG00000021890",698,729,1031,873,763,777
"ENSMUSG00000021891",293,279,259,231,269,211
"ENSMUSG00000021892",454,422,368,320,351,335
"ENSMUSG00000021893",1717,1633,1512,1701,1762,1731
"ENSMUSG00000021895",3725,2696,1897,2118,3242,3151
"ENSMUSG00000021898",56,58,18,19,26,40
"ENSMUSG00000021900",282,202,286,326,249,213
"ENSMUSG00000021901",1094,981,964,925,1059,906
"ENSMUSG00000021902",153,133,131,105,131,137
"ENSMUSG00000021903",234,161,32,40,64,89
"ENSMUSG00000021904",93,32,10,10,14,21
"ENSMUSG00000021905",726,715,698,709,799,724
"ENSMUSG00000021906",463,611,404,408,468,399
"ENSMUSG00000021907",6616,4460,951,1485,659,624
"ENSMUSG00000021908",397,239,291,350,122,146
"ENSMUSG00000021910",6990,6861,7049,8974,7759,7123
"ENSMUSG00000021911",1282,1365,1532,1517,1492,1409
"ENSMUSG00000021916",288,311,259,314,271,216
"ENSMUSG00000021917",556,575,780,812,679,537
"ENSMUSG00000021918",274,271,347,325,286,230
"ENSMUSG00000021928",195,184,172,181,207,155
"ENSMUSG00000021929",1829,1796,2872,2248,2158,1952
"ENSMUSG00000021930",364,548,642,485,441,287
"ENSMUSG00000021932",114,126,394,283,185,160
"ENSMUSG00000021936",1443,1319,1376,1483,1366,1460
"ENSMUSG00000021938",906,733,987,970,911,771
"ENSMUSG00000021939",3842,3897,5913,5100,4322,3699
"ENSMUSG00000021943",29,78,50,42,65,32
"ENSMUSG00000021945",4326,3794,3482,3549,4410,4087
"ENSMUSG00000021947",486,419,412,416,301,284
"ENSMUSG00000021948",1857,1724,1915,2418,2353,2165
"ENSMUSG00000021950",43,22,4396,1851,308,278
"ENSMUSG00000021951",150,156,238,204,188,184
"ENSMUSG00000021952",956,1019,1159,912,881,811
"ENSMUSG00000021957",2995,3498,7100,6007,3992,3500
"ENSMUSG00000021958",135,141,299,296,183,152
"ENSMUSG00000021959",2600,2307,1031,1126,2065,2102
"ENSMUSG00000021962",1285,1346,1244,1116,1326,1247
"ENSMUSG00000021963",785,811,791,771,762,769
"ENSMUSG00000021965",54,75,174,100,55,104
"ENSMUSG00000021967",174,187,212,243,219,143
"ENSMUSG00000021969",2437,2400,2455,2261,1992,2425
"ENSMUSG00000021972",1403,1300,1352,1456,1411,1585
"ENSMUSG00000021973",1156,1168,1449,1232,1446,1303
"ENSMUSG00000021975",557,617,870,832,575,557
"ENSMUSG00000021978",1503,1262,1609,1529,1719,1447
"ENSMUSG00000021981",955,1177,923,938,794,788
"ENSMUSG00000021982",470,446,383,438,487,407
"ENSMUSG00000021983",42,67,92,138,84,125
"ENSMUSG00000021987",1383,1113,990,981,1237,1080
"ENSMUSG00000021990",829,778,442,579,263,304
"ENSMUSG00000021993",254,288,447,460,336,216
"ENSMUSG00000021994",301,410,701,496,1048,486
"ENSMUSG00000021996",1071,921,1923,1578,1161,1025
"ENSMUSG00000021998",827,810,376,334,187,229
"ENSMUSG00000022000",2232,2599,2134,1933,2322,2284
"ENSMUSG00000022003",558,711,397,444,265,210
"ENSMUSG00000022008",1329,1333,1337,1279,1403,1247
"ENSMUSG00000022009",266,288,418,295,261,216
"ENSMUSG00000022010",4147,4197,6538,7114,7089,5786
"ENSMUSG00000022012",210,202,310,248,434,495
"ENSMUSG00000022013",79,120,201,216,124,118
"ENSMUSG00000022014",13,3,47,48,2,0
"ENSMUSG00000022016",3040,3190,2425,2051,2605,2656
"ENSMUSG00000022018",134,80,48,59,46,57
"ENSMUSG00000022019",1348,1422,1254,1234,1433,1534
"ENSMUSG00000022020",698,669,557,513,650,425
"ENSMUSG00000022021",136,253,1038,790,542,365
"ENSMUSG00000022022",92,97,113,114,98,72
"ENSMUSG00000022023",818,799,810,789,827,825
"ENSMUSG00000022024",743,788,856,836,836,676
"ENSMUSG00000022031",1025,1126,1077,970,927,795
"ENSMUSG00000022032",78,147,13,27,23,60
"ENSMUSG00000022033",8,31,414,264,114,72
"ENSMUSG00000022034",5,147,368,186,89,69
"ENSMUSG00000022035",427,516,878,643,536,425
"ENSMUSG00000022037",2153,1558,7726,7009,536,957
"ENSMUSG00000022040",20,57,20,23,14,9
"ENSMUSG00000022043",999,986,1416,1619,1501,1179
"ENSMUSG00000022048",356,335,174,153,172,226
"ENSMUSG00000022051",2811,2619,2254,2431,2751,2859
"ENSMUSG00000022052",2545,2739,2651,2496,2425,2531
"ENSMUSG00000022057",338,280,123,68,263,291
"ENSMUSG00000022061",4916,4006,448,937,2397,1854
"ENSMUSG00000022064",522,553,527,532,487,569
"ENSMUSG00000022066",27,34,37,48,37,25
"ENSMUSG00000022070",125,180,316,271,165,175
"ENSMUSG00000022074",301,500,521,573,457,451
"ENSMUSG00000022075",436,400,464,457,403,460
"ENSMUSG00000022089",441,414,481,495,386,354
"ENSMUSG00000022090",877,686,220,448,470,396
"ENSMUSG00000022091",1314,985,746,853,1008,932
"ENSMUSG00000022092",234,209,257,292,273,277
"ENSMUSG00000022094",1542,1073,1999,2426,2863,3521
"ENSMUSG00000022095",1077,959,952,965,1167,870
"ENSMUSG00000022096",2499,2032,5205,5259,4721,3536
"ENSMUSG00000022098",1658,1776,2907,3970,3055,3085
"ENSMUSG00000022099",233,219,147,261,111,114
"ENSMUSG00000022100",2372,2455,2873,2855,2977,2407
"ENSMUSG00000022103",40,44,32,30,21,18
"ENSMUSG00000022105",2635,2522,2083,2210,2913,2425
"ENSMUSG00000022106",1046,936,1290,1302,1090,935
"ENSMUSG00000022108",33552,33360,26232,31745,32502,33912
"ENSMUSG00000022109",378,297,368,362,332,274
"ENSMUSG00000022110",1362,1473,1923,1800,1891,1592
"ENSMUSG00000022111",301,346,1167,688,567,413
"ENSMUSG00000022114",1666,1661,927,1298,2015,2015
"ENSMUSG00000022119",2702,2836,2454,2539,2667,2603
"ENSMUSG00000022120",257,239,355,261,330,227
"ENSMUSG00000022122",162,75,25,36,25,11
"ENSMUSG00000022123",43,15,48,27,19,11
"ENSMUSG00000022124",3142,3079,1917,2035,2371,2390
"ENSMUSG00000022125",522,577,653,767,584,656
"ENSMUSG00000022130",191,239,256,208,229,179
"ENSMUSG00000022131",331,314,357,398,377,296
"ENSMUSG00000022132",190,119,39,53,165,48
"ENSMUSG00000022136",5753,7194,4672,5343,5105,4602
"ENSMUSG00000022139",7940,7099,8587,8519,7866,8407
"ENSMUSG00000022141",7829,7263,5484,5443,7088,7423
"ENSMUSG00000022142",918,936,1739,1256,1112,999
"ENSMUSG00000022146",3051,2953,3013,2105,3471,2884
"ENSMUSG00000022148",46,35,76,36,65,44
"ENSMUSG00000022150",722,534,388,276,773,605
"ENSMUSG00000022151",559,483,459,440,644,500
"ENSMUSG00000022159",519,514,375,428,464,423
"ENSMUSG00000022160",804,750,606,639,691,563
"ENSMUSG00000022174",1068,1047,1262,1196,891,710
"ENSMUSG00000022175",1799,1637,2139,2170,2147,1881
"ENSMUSG00000022176",24,18,53,85,68,53
"ENSMUSG00000022177",139,119,217,142,136,96
"ENSMUSG00000022178",3450,2009,2934,2649,4009,2901
"ENSMUSG00000022179",169,178,157,173,183,147
"ENSMUSG00000022180",485,483,365,185,132,67
"ENSMUSG00000022184",202,207,300,344,238,220
"ENSMUSG00000022185",3376,3495,3631,3776,3933,3814
"ENSMUSG00000022186",2362,3481,4726,4866,2635,2900
"ENSMUSG00000022191",1575,1761,1734,1492,1514,1310
"ENSMUSG00000022193",161,137,362,265,218,169
"ENSMUSG00000022194",2137,2289,1912,2109,1894,1942
"ENSMUSG00000022195",416,460,786,724,681,759
"ENSMUSG00000022197",3956,2511,1310,1145,2784,2415
"ENSMUSG00000022199",298,275,238,375,263,272
"ENSMUSG00000022200",5341,5549,4598,5274,6026,5884
"ENSMUSG00000022201",4098,3818,4292,4490,4959,4259
"ENSMUSG00000022203",1226,1292,1253,1362,1510,1303
"ENSMUSG00000022204",394,433,448,363,422,298
"ENSMUSG00000022205",2048,2433,1915,1774,1897,2102
"ENSMUSG00000022206",185,126,6,16,65,38
"ENSMUSG00000022208",10,17,14,11,6,6
"ENSMUSG00000022210",230,203,426,415,305,268
"ENSMUSG00000022211",23,35,10,16,21,6
"ENSMUSG00000022214",1825,1407,1087,1337,1281,1229
"ENSMUSG00000022216",1092,944,1929,1411,1109,974
"ENSMUSG00000022217",182,136,277,187,126,162
"ENSMUSG00000022218",243,329,74,59,48,62
"ENSMUSG00000022219",34,29,42,36,27,27
"ENSMUSG00000022220",67,41,28,22,26,22
"ENSMUSG00000022221",24,22,47,34,18,31
"ENSMUSG00000022223",637,525,524,476,480,464
"ENSMUSG00000022228",1539,1410,1085,1210,1288,1075
"ENSMUSG00000022229",1025,825,102,198,181,252
"ENSMUSG00000022231",12407,11728,13673,18084,10907,11281
"ENSMUSG00000022234",3007,2896,5541,4420,4016,3672
"ENSMUSG00000022235",37,20,40,16,5,9
"ENSMUSG00000022237",25,18,11,8,6,11
"ENSMUSG00000022240",569,441,663,853,321,512
"ENSMUSG00000022241",1211,1311,2069,1716,1382,1340
"ENSMUSG00000022244",117,114,159,155,159,121
"ENSMUSG00000022246",599,685,1209,946,762,694
"ENSMUSG00000022247",957,1025,1547,1204,996,832
"ENSMUSG00000022248",162,156,284,232,231,146
"ENSMUSG00000022253",542,534,332,306,445,380
"ENSMUSG00000022255",2721,2507,3236,2746,2926,2914
"ENSMUSG00000022257",915,885,1439,1635,1404,1371
"ENSMUSG00000022261",1458,1341,755,888,1176,1274
"ENSMUSG00000022263",5006,4576,3623,3873,4496,5222
"ENSMUSG00000022265",1984,2115,2742,3218,2504,3092
"ENSMUSG00000022270",792,859,240,292,179,207
"ENSMUSG00000022272",4411,5025,5205,4827,4393,5044
"ENSMUSG00000022280",2885,3385,3042,3496,2762,4836
"ENSMUSG00000022283",24975,28578,33050,27219,27409,32188
"ENSMUSG00000022285",13510,15443,15909,15613,15392,15732
"ENSMUSG00000022286",4058,4064,4395,4676,4593,4627
"ENSMUSG00000022292",725,840,533,547,566,506
"ENSMUSG00000022295",615,725,855,885,838,669
"ENSMUSG00000022297",1743,1731,3374,2755,2224,2236
"ENSMUSG00000022299",498,497,457,435,498,429
"ENSMUSG00000022300",514,485,847,698,597,537
"ENSMUSG00000022305",375,340,640,619,714,655
"ENSMUSG00000022307",6285,5392,3858,3998,5066,5695
"ENSMUSG00000022309",311,381,285,344,455,406
"ENSMUSG00000022312",3009,2937,3677,3247,3589,3666
"ENSMUSG00000022313",95,110,139,126,155,89
"ENSMUSG00000022314",3756,3485,3753,3506,3525,3176
"ENSMUSG00000022322",5,20,353,226,90,37
"ENSMUSG00000022323",888,1033,494,851,1092,833
"ENSMUSG00000022324",1732,1979,2531,3678,4011,5574
"ENSMUSG00000022325",86,90,264,171,118,88
"ENSMUSG00000022329",767,959,646,718,788,686
"ENSMUSG00000022330",46,58,5,10,7,9
"ENSMUSG00000022332",91,85,27,28,39,47
"ENSMUSG00000022335",257,279,210,263,287,266
"ENSMUSG00000022336",3201,3392,4515,3769,4396,4352
"ENSMUSG00000022337",492,525,686,668,559,556
"ENSMUSG00000022338",1149,1092,1046,967,975,1101
"ENSMUSG00000022339",413,405,402,382,427,402
"ENSMUSG00000022340",48,39,11,11,34,27
"ENSMUSG00000022346",4255,5938,2856,3265,5037,6968
"ENSMUSG00000022350",1203,1159,1391,1328,1046,1013
"ENSMUSG00000022351",430,677,1115,771,266,418
"ENSMUSG00000022353",1100,1301,3900,2757,1502,787
"ENSMUSG00000022354",652,635,870,802,741,670
"ENSMUSG00000022358",3516,1666,1227,1247,2619,2258
"ENSMUSG00000022359",169,170,189,234,194,125
"ENSMUSG00000022360",645,977,2367,1620,1366,1106
"ENSMUSG00000022361",2070,1938,1397,1516,2100,1779
"ENSMUSG00000022362",520,487,500,534,485,421
"ENSMUSG00000022364",163,163,346,332,329,264
"ENSMUSG00000022365",1681,1674,1694,1766,1612,1262
"ENSMUSG00000022367",13,18,13,7,2,9
"ENSMUSG00000022369",208,192,298,234,192,146
"ENSMUSG00000022370",263,300,701,514,386,375
"ENSMUSG00000022371",174,205,206,481,64,76
"ENSMUSG00000022376",19,13,20,42,2,6
"ENSMUSG00000022377",917,979,1076,906,916,862
"ENSMUSG00000022378",628,706,1168,977,777,673
"ENSMUSG00000022382",392,390,1155,901,947,598
"ENSMUSG00000022383",332,426,114,159,281,281
"ENSMUSG00000022385",86,94,376,220,161,95
"ENSMUSG00000022386",179,132,182,181,142,107
"ENSMUSG00000022387",3587,3514,3147,3150,3703,3618
"ENSMUSG00000022389",1780,1874,828,898,1538,1364
"ENSMUSG00000022390",2934,2648,2327,2292,2842,2583
"ENSMUSG00000022391",575,838,1798,1439,1056,759
"ENSMUSG00000022394",201,205,248,210,224,143
"ENSMUSG00000022400",1050,1034,1379,1269,1322,1165
"ENSMUSG00000022401",418,451,453,465,461,352
"ENSMUSG00000022403",2069,2552,3213,3494,3129,2337
"ENSMUSG00000022404",858,824,1662,1498,1120,1108
"ENSMUSG00000022407",772,765,1307,1091,859,601
"ENSMUSG00000022408",111,94,343,242,162,120
"ENSMUSG00000022412",843,771,939,791,841,762
"ENSMUSG00000022414",216,166,240,269,192,176
"ENSMUSG00000022419",1784,1946,251,497,848,514
"ENSMUSG00000022420",266,238,254,238,320,204
"ENSMUSG00000022421",232,215,113,128,214,192
"ENSMUSG00000022422",13,8,109,75,23,19
"ENSMUSG00000022425",71,78,26,23,42,38
"ENSMUSG00000022426",967,986,908,844,970,759
"ENSMUSG00000022427",382,341,670,565,437,333
"ENSMUSG00000022428",107,87,113,104,114,82
"ENSMUSG00000022433",1408,1184,1131,1178,1027,906
"ENSMUSG00000022434",278,289,262,310,319,252
"ENSMUSG00000022436",858,745,1159,1014,1202,1112
"ENSMUSG00000022437",787,662,1078,852,771,634
"ENSMUSG00000022438",42,52,14,7,7,6
"ENSMUSG00000022440",129,99,235,300,306,211
"ENSMUSG00000022442",119,129,207,232,236,147
"ENSMUSG00000022443",48380,51590,34779,33152,42545,49186
"ENSMUSG00000022450",863,768,883,946,996,922
"ENSMUSG00000022451",1807,1881,3330,2959,2275,2104
"ENSMUSG00000022452",359,396,496,504,464,358
"ENSMUSG00000022453",654,544,705,720,466,551
"ENSMUSG00000022456",2,4,26,35,9,18
"ENSMUSG00000022462",14212,16598,14104,15936,15302,28146
"ENSMUSG00000022463",3507,3670,3217,2733,2129,2422
"ENSMUSG00000022466",374,286,446,410,375,285
"ENSMUSG00000022469",463,329,84,118,307,188
"ENSMUSG00000022471",519,575,624,565,420,368
"ENSMUSG00000022472",1054,941,1049,856,936,827
"ENSMUSG00000022474",210,177,129,89,96,120
"ENSMUSG00000022475",832,552,655,668,695,569
"ENSMUSG00000022476",353,277,459,333,295,250
"ENSMUSG00000022477",2130,2377,2806,2501,2241,1949
"ENSMUSG00000022479",1401,1066,1824,1879,2342,2545
"ENSMUSG00000022488",25,21,40,36,27,16
"ENSMUSG00000022494",4,8,18,7,46,22
"ENSMUSG00000022498",822,991,1019,1149,864,878
"ENSMUSG00000022500",1255,1662,1847,1607,1620,1765
"ENSMUSG00000022503",240,200,496,363,351,266
"ENSMUSG00000022504",36,26,114,23,30,22
"ENSMUSG00000022505",2399,2048,2654,2284,1980,1676
"ENSMUSG00000022507",3460,4006,2346,2398,3116,3595
"ENSMUSG00000022508",781,580,1434,1468,931,1332
"ENSMUSG00000022510",20036,18430,19119,18805,28067,22567
"ENSMUSG00000022512",9581,8984,6055,6982,7092,9221
"ENSMUSG00000022514",4438,4849,838,1189,2808,3272
"ENSMUSG00000022515",581,494,433,480,538,534
"ENSMUSG00000022516",397,286,450,435,473,301
"ENSMUSG00000022517",1444,1217,839,958,920,775
"ENSMUSG00000022518",366,262,59,122,183,265
"ENSMUSG00000022519",60,67,93,79,88,56
"ENSMUSG00000022521",10079,9043,6763,7276,9314,9146
"ENSMUSG00000022523",182,288,55,85,159,118
"ENSMUSG00000022526",332,229,384,419,399,288
"ENSMUSG00000022528",2323,3394,3410,3497,3218,4145
"ENSMUSG00000022529",612,512,521,541,463,434
"ENSMUSG00000022533",6177,6559,5768,6767,6875,6841
"ENSMUSG00000022536",2015,1978,2264,2279,2014,1784
"ENSMUSG00000022537",32,34,24,42,22,53
"ENSMUSG00000022538",683,605,795,705,539,516
"ENSMUSG00000022540",263,295,239,295,257,220
"ENSMUSG00000022543",32,45,19,14,18,9
"ENSMUSG00000022544",517,452,418,436,421,316
"ENSMUSG00000022545",624,589,517,493,596,548
"ENSMUSG00000022546",526,585,693,765,447,554
"ENSMUSG00000022548",420,695,243,306,224,423
"ENSMUSG00000022550",314,186,162,211,157,166
"ENSMUSG00000022551",430,401,960,651,518,458
"ENSMUSG00000022552",442,371,539,604,488,405
"ENSMUSG00000022553",1034,688,513,581,737,659
"ENSMUSG00000022554",166,95,213,134,146,136
"ENSMUSG00000022555",290,260,307,359,286,250
"ENSMUSG00000022556",555,473,597,635,624,476
"ENSMUSG00000022557",345,396,997,762,586,429
"ENSMUSG00000022558",1200,1039,1209,1279,1137,989
"ENSMUSG00000022559",265,235,330,289,219,179
"ENSMUSG00000022560",137,140,182,189,168,105
"ENSMUSG00000022561",433,327,676,634,511,447
"ENSMUSG00000022562",339,261,464,400,327,282
"ENSMUSG00000022564",738,646,841,924,752,548
"ENSMUSG00000022565",38635,36126,37001,29946,43630,42117
"ENSMUSG00000022568",1564,1427,1960,1840,1846,1506
"ENSMUSG00000022570",358,341,441,415,323,296
"ENSMUSG00000022571",233,237,300,251,206,179
"ENSMUSG00000022574",229,186,294,204,227,192
"ENSMUSG00000022575",79,52,80,38,26,28
"ENSMUSG00000022580",19,11,21,32,27,31
"ENSMUSG00000022584",14,16,115,53,11,14
"ENSMUSG00000022586",12,12,39,24,11,18
"ENSMUSG00000022587",4629,3782,14756,15438,12369,16046
"ENSMUSG00000022591",1139,868,247,259,905,803
"ENSMUSG00000022594",427,308,480,475,430,421
"ENSMUSG00000022598",279,210,138,269,17,24
"ENSMUSG00000022601",1955,2252,1368,1509,1598,1961
"ENSMUSG00000022602",4884,7657,6479,8431,8014,16521
"ENSMUSG00000022603",51,52,69,133,29,46
"ENSMUSG00000022604",432,363,254,398,501,389
"ENSMUSG00000022607",1425,1467,2084,1733,1712,1672
"ENSMUSG00000022610",107,95,44,44,25,38
"ENSMUSG00000022614",679,482,738,676,560,498
"ENSMUSG00000022615",200,193,265,240,206,160
"ENSMUSG00000022617",540,423,286,422,357,396
"ENSMUSG00000022620",238,193,108,114,155,143
"ENSMUSG00000022621",155,155,174,197,164,194
"ENSMUSG00000022623",123,45,14,11,22,18
"ENSMUSG00000022629",1424,1600,1344,1252,1245,1486
"ENSMUSG00000022634",474,362,427,410,468,447
"ENSMUSG00000022635",500,496,569,563,496,482
"ENSMUSG00000022636",1701,1940,3267,3169,939,769
"ENSMUSG00000022637",1653,1521,1280,1330,1478,1649
"ENSMUSG00000022639",336,225,87,91,166,149
"ENSMUSG00000022641",4107,4099,3594,3755,5044,5198
"ENSMUSG00000022656",296,318,485,526,985,708
"ENSMUSG00000022661",1264,1259,1831,955,1247,467
"ENSMUSG00000022663",966,1205,1483,1407,1216,1216
"ENSMUSG00000022664",846,775,813,1003,848,758
"ENSMUSG00000022665",556,696,4478,5078,683,1012
"ENSMUSG00000022667",29,18,204,220,11,6
"ENSMUSG00000022668",556,580,797,745,610,514
"ENSMUSG00000022671",131,133,130,138,149,115
"ENSMUSG00000022672",1290,1499,2124,1875,1931,2157
"ENSMUSG00000022673",1224,1639,2824,1818,1594,1053
"ENSMUSG00000022674",509,434,569,495,616,569
"ENSMUSG00000022676",2339,1741,2893,3481,3776,3140
"ENSMUSG00000022677",293,331,518,516,367,317
"ENSMUSG00000022678",613,465,835,936,785,652
"ENSMUSG00000022679",59,77,62,44,72,89
"ENSMUSG00000022680",2443,2627,2132,2255,2461,2253
"ENSMUSG00000022681",882,842,819,798,817,817
"ENSMUSG00000022682",1445,1772,1927,1615,1603,1204
"ENSMUSG00000022684",797,769,659,798,764,685
"ENSMUSG00000022685",808,811,953,888,803,723
"ENSMUSG00000022687",4734,4300,2439,2647,4108,5052
"ENSMUSG00000022696",113,66,66,51,20,15
"ENSMUSG00000022698",3108,3290,6459,5119,4342,3611
"ENSMUSG00000022701",410,368,290,295,363,275
"ENSMUSG00000022702",1010,935,1107,1094,1158,1105
"ENSMUSG00000022704",364,373,436,358,308,243
"ENSMUSG00000022706",356,313,487,422,353,253
"ENSMUSG00000022707",456,483,649,647,647,732
"ENSMUSG00000022708",14700,14623,7129,8133,11270,10308
"ENSMUSG00000022710",4781,4817,5145,5029,5151,5265
"ENSMUSG00000022711",700,688,626,671,497,525
"ENSMUSG00000022718",709,611,964,872,892,653
"ENSMUSG00000022721",608,582,833,728,623,464
"ENSMUSG00000022722",183,164,229,203,250,205
"ENSMUSG00000022723",638,535,753,730,1002,826
"ENSMUSG00000022724",285,299,494,411,406,294
"ENSMUSG00000022742",678,696,783,644,798,541
"ENSMUSG00000022744",1374,1378,1221,1320,1336,1194
"ENSMUSG00000022747",305,302,188,110,166,159
"ENSMUSG00000022748",56,55,94,32,43,22
"ENSMUSG00000022749",1079,1055,886,924,963,938
"ENSMUSG00000022750",646,586,501,520,565,463
"ENSMUSG00000022751",228,257,277,272,224,192
"ENSMUSG00000022752",1774,1768,3182,2469,2141,1842
"ENSMUSG00000022754",626,510,653,607,243,172
"ENSMUSG00000022755",48,16,55,47,15,12
"ENSMUSG00000022756",638,494,241,252,227,230
"ENSMUSG00000022757",1246,1316,2091,1982,1404,1223
"ENSMUSG00000022758",103,117,39,43,28,43
"ENSMUSG00000022760",172,123,199,161,181,120
"ENSMUSG00000022761",957,882,966,978,935,701
"ENSMUSG00000022763",46,39,9,15,10,11
"ENSMUSG00000022765",767,755,802,804,705,547
"ENSMUSG00000022766",20,11,7,12,18,14
"ENSMUSG00000022768",41,29,57,35,14,22
"ENSMUSG00000022769",432,489,332,304,183,144
"ENSMUSG00000022770",2877,3276,3408,3443,2805,2986
"ENSMUSG00000022771",1260,1071,1291,1441,1207,1031
"ENSMUSG00000022772",787,779,965,932,1022,894
"ENSMUSG00000022773",222,189,147,187,181,175
"ENSMUSG00000022774",519,644,935,863,818,644
"ENSMUSG00000022779",1147,1015,1043,1203,992,947
"ENSMUSG00000022781",4414,4577,3920,3762,4230,4116
"ENSMUSG00000022787",151,137,159,134,143,182
"ENSMUSG00000022788",1131,1301,749,831,854,926
"ENSMUSG00000022789",2428,2650,2699,2538,2409,2449
"ENSMUSG00000022791",1423,1138,1242,922,823,897
"ENSMUSG00000022792",169,174,246,194,150,127
"ENSMUSG00000022793",471,543,335,422,375,373
"ENSMUSG00000022797",711,1107,3530,2121,809,1245
"ENSMUSG00000022799",2709,1935,681,1165,1595,1917
"ENSMUSG00000022800",1885,1681,2633,2479,2344,2108
"ENSMUSG00000022801",1545,1444,986,1183,1295,1192
"ENSMUSG00000022802",112,112,189,128,172,155
"ENSMUSG00000022807",843,801,628,668,815,771
"ENSMUSG00000022808",1428,1293,1774,1506,1424,1371
"ENSMUSG00000022811",4164,4369,4054,4078,4765,4424
"ENSMUSG00000022812",7292,7778,8431,8203,8854,8122
"ENSMUSG00000022814",278,267,779,520,270,175
"ENSMUSG00000022816",967,728,2958,2992,1356,1173
"ENSMUSG00000022817",2469,2203,1836,2141,2184,2324
"ENSMUSG00000022820",114,113,165,133,125,105
"ENSMUSG00000022822",756,644,2164,2206,1859,1561
"ENSMUSG00000022824",14,16,16,2,6,16
"ENSMUSG00000022827",191,219,265,300,182,152
"ENSMUSG00000022828",230,252,454,407,390,262
"ENSMUSG00000022831",14,9,13,11,10,9
"ENSMUSG00000022833",168,161,172,144,137,95
"ENSMUSG00000022836",777,448,127,195,386,351
"ENSMUSG00000022837",643,549,338,369,357,390
"ENSMUSG00000022838",48,54,18,20,20,21
"ENSMUSG00000022840",92,63,9,22,20,30
"ENSMUSG00000022841",1449,1379,1858,1798,1606,1506
"ENSMUSG00000022842",42,41,99,43,38,27
"ENSMUSG00000022843",229,201,182,272,193,227
"ENSMUSG00000022844",113,114,109,102,64,47
"ENSMUSG00000022847",10,13,7,14,5,8
"ENSMUSG00000022848",687,594,492,530,563,592
"ENSMUSG00000022849",118,155,187,148,185,155
"ENSMUSG00000022853",453,395,194,183,192,214
"ENSMUSG00000022855",1876,1874,1357,1490,1515,1715
"ENSMUSG00000022856",93,73,106,80,61,35
"ENSMUSG00000022858",4300,4577,4187,4170,3742,3677
"ENSMUSG00000022860",76,66,14,31,21,12
"ENSMUSG00000022863",274,257,248,324,318,343
"ENSMUSG00000022864",1264,1107,1324,1381,1396,1666
"ENSMUSG00000022865",5277,6923,7822,6976,7714,8164
"ENSMUSG00000022867",4186,3909,4256,3651,4288,4717
"ENSMUSG00000022868",4,43,22,76,7,22
"ENSMUSG00000022871",19,94,95,133,19,35
"ENSMUSG00000022881",200,172,279,198,197,191
"ENSMUSG00000022883",3384,3711,4091,4570,3141,4026
"ENSMUSG00000022884",8383,9124,5838,6760,7158,7023
"ENSMUSG00000022885",282,186,62,59,148,125
"ENSMUSG00000022887",45,29,21,44,16,11
"ENSMUSG00000022889",386,413,622,640,556,447
"ENSMUSG00000022890",819,732,959,880,893,705
"ENSMUSG00000022892",26090,26360,21638,25120,27691,29738
"ENSMUSG00000022893",6316,7517,15348,20115,12037,14652
"ENSMUSG00000022894",129,131,21,20,25,38
"ENSMUSG00000022895",9704,12842,9106,11172,9883,13982
"ENSMUSG00000022897",2852,2868,2272,2282,2782,2846
"ENSMUSG00000022898",577,471,447,444,499,437
"ENSMUSG00000022899",84,55,444,377,23,18
"ENSMUSG00000022900",726,696,633,704,473,445
"ENSMUSG00000022901",12,9,26,15,3,8
"ENSMUSG00000022905",1533,1605,2076,2088,2144,1713
"ENSMUSG00000022906",585,419,1775,826,341,287
"ENSMUSG00000022911",895,1066,461,505,712,909
"ENSMUSG00000022912",1358,1066,1805,1701,1455,1556
"ENSMUSG00000022913",222,203,385,344,216,280
"ENSMUSG00000022914",4305,4332,3470,4249,4701,4945
"ENSMUSG00000022915",23,3,4,7,14,11
"ENSMUSG00000022940",361,336,402,394,403,357
"ENSMUSG00000022941",30,18,31,30,17,14
"ENSMUSG00000022945",73,113,398,198,138,134
"ENSMUSG00000022946",1480,1392,1196,1346,1038,1095
"ENSMUSG00000022947",98,58,87,89,86,72
"ENSMUSG00000022948",113,86,101,113,74,54
"ENSMUSG00000022949",26,31,88,110,36,18
"ENSMUSG00000022951",482,1074,1088,1316,812,1947
"ENSMUSG00000022952",4422,4603,6938,5596,6619,5205
"ENSMUSG00000022956",907,916,1616,1284,1046,854
"ENSMUSG00000022957",1233,1287,986,1094,1561,1271
"ENSMUSG00000022960",684,649,584,502,555,516
"ENSMUSG00000022961",19837,18365,14393,15232,15461,17037
"ENSMUSG00000022962",859,965,1735,1174,788,604
"ENSMUSG00000022964",945,911,1417,1434,1022,973
"ENSMUSG00000022965",908,762,1923,1925,1025,1041
"ENSMUSG00000022967",1379,1254,1414,1342,1507,1240
"ENSMUSG00000022969",309,263,295,238,292,188
"ENSMUSG00000022971",523,457,532,488,479,527
"ENSMUSG00000022972",251,226,388,291,251,227
"ENSMUSG00000022973",1050,886,844,891,1143,1047
"ENSMUSG00000022974",1170,1020,1217,1578,1065,1319
"ENSMUSG00000022978",82,85,242,216,167,127
"ENSMUSG00000022982",1856,1972,1421,1342,1506,1521
"ENSMUSG00000022983",1712,1392,1466,1403,1602,1590
"ENSMUSG00000022986",23,23,290,124,170,104
"ENSMUSG00000022987",80,67,11,26,17,12
"ENSMUSG00000022992",429,369,611,563,460,380
"ENSMUSG00000022994",3287,2830,1007,1271,2318,1801
"ENSMUSG00000022995",5158,5372,9970,9620,12335,9120
"ENSMUSG00000022999",907,688,316,451,534,515
"ENSMUSG00000023000",21,12,18,7,9,16
"ENSMUSG00000023004",2091,2060,3579,2592,2568,1994
"ENSMUSG00000023007",676,622,464,579,657,615
"ENSMUSG00000023008",169,96,181,179,104,125
"ENSMUSG00000023009",816,833,1080,1085,1368,1249
"ENSMUSG00000023010",9236,8936,7291,7820,8145,7206
"ENSMUSG00000023015",38,85,1042,714,375,210
"ENSMUSG00000023017",47,41,24,26,43,34
"ENSMUSG00000023018",618,553,549,498,513,454
"ENSMUSG00000023019",47,38,24,50,20,25
"ENSMUSG00000023020",186,172,202,215,164,166
"ENSMUSG00000023021",1713,1732,1463,1884,1961,1820
"ENSMUSG00000023022",11881,13162,14050,12669,12002,12874
"ENSMUSG00000023025",5205,6351,5398,4786,5185,5387
"ENSMUSG00000023026",3721,3592,3809,3799,4362,4221
"ENSMUSG00000023027",1444,1348,1573,1375,1611,1409
"ENSMUSG00000023030",564,641,1116,856,724,482
"ENSMUSG00000023034",40988,46800,16956,24684,32578,39404
"ENSMUSG00000023036",1345,1124,727,590,998,992
"ENSMUSG00000023039",2142,1680,1365,1202,1110,463
"ENSMUSG00000023041",36,34,332,195,51,53
"ENSMUSG00000023043",6572,5783,3360,4321,4571,5060
"ENSMUSG00000023044",1207,1112,816,1067,1228,1229
"ENSMUSG00000023046",93,143,4,23,18,18
"ENSMUSG00000023048",487,540,566,554,468,473
"ENSMUSG00000023050",3800,3600,3544,3312,3681,3724
"ENSMUSG00000023051",246,161,198,186,168,162
"ENSMUSG00000023052",45,35,18,24,30,57
"ENSMUSG00000023055",1813,1262,669,800,1238,1099
"ENSMUSG00000023064",15,12,12,7,5,11
"ENSMUSG00000023066",400,325,703,443,388,319
"ENSMUSG00000023067",683,1282,833,945,572,967
"ENSMUSG00000023068",1323,1402,1923,1668,1403,1088
"ENSMUSG00000023072",377,331,307,256,304,281
"ENSMUSG00000023074",279,272,280,271,273,242
"ENSMUSG00000023075",903,935,1875,1702,1693,1412
"ENSMUSG00000023078",29,94,446,374,8,47
"ENSMUSG00000023079",659,644,691,689,655,649
"ENSMUSG00000023084",459,318,337,328,358,397
"ENSMUSG00000023087",293,853,2203,2763,641,1173
"ENSMUSG00000023088",1021,1001,1318,1007,1003,899
"ENSMUSG00000023089",323,341,440,353,345,300
"ENSMUSG00000023092",3144,3228,1021,1828,2846,3288
"ENSMUSG00000023094",68,63,93,52,90,56
"ENSMUSG00000023104",481,487,715,547,520,426
"ENSMUSG00000023106",635,616,1095,912,740,716
"ENSMUSG00000023110",637,611,1032,937,936,588
"ENSMUSG00000023118",1548,1507,1866,1720,1784,1454
"ENSMUSG00000023122",24,31,18,36,11,8
"ENSMUSG00000023143",179,156,146,141,132,117
"ENSMUSG00000023147",180,156,266,322,174,133
"ENSMUSG00000023150",4052,4475,3906,4004,2870,3518
"ENSMUSG00000023153",23,20,26,50,45,25
"ENSMUSG00000023156",334,293,385,344,317,258
"ENSMUSG00000023169",540,631,122,200,124,120
"ENSMUSG00000023170",776,631,515,528,627,548
"ENSMUSG00000023175",8035,9010,6897,8756,8891,7793
"ENSMUSG00000023186",1940,1593,4092,3018,2480,2138
"ENSMUSG00000023191",294,271,261,269,284,306
"ENSMUSG00000023206",178,133,225,151,127,144
"ENSMUSG00000023224",913,1042,313,220,321,361
"ENSMUSG00000023232",785,622,2468,2220,1131,960
"ENSMUSG00000023235",114,117,96,112,94,107
"ENSMUSG00000023243",27,80,118,97,28,101
"ENSMUSG00000023249",92,103,188,170,80,95
"ENSMUSG00000023259",58,76,88,85,145,96
"ENSMUSG00000023262",89,94,92,75,55,70
"ENSMUSG00000023263",8481,10246,866,1783,1447,2057
"ENSMUSG00000023266",54,39,25,7,41,40
"ENSMUSG00000023272",991,1389,707,852,583,383
"ENSMUSG00000023277",221,256,145,148,151,92
"ENSMUSG00000023284",112,100,86,57,78,50
"ENSMUSG00000023286",561,551,761,646,616,499
"ENSMUSG00000023307",1208,1334,1419,1320,1294,1141
"ENSMUSG00000023330",129,101,122,88,84,46
"ENSMUSG00000023341",111,34,314,126,32,22
"ENSMUSG00000023345",46,60,99,85,44,50
"ENSMUSG00000023348",606,497,451,447,491,480
"ENSMUSG00000023353",1610,1306,1139,1064,1389,1272
"ENSMUSG00000023367",11542,12843,8721,8495,13823,10909
"ENSMUSG00000023393",47,62,21,38,22,18
"ENSMUSG00000023411",82,45,11,15,30,25
"ENSMUSG00000023452",378,396,463,414,298,264
"ENSMUSG00000023456",1005,1133,3049,2333,1148,1044
"ENSMUSG00000023460",1251,1186,995,1102,1369,1083
"ENSMUSG00000023467",232,237,105,124,108,131
"ENSMUSG00000023473",13,15,7,7,8,12
"ENSMUSG00000023484",42,25,6,15,5,18
"ENSMUSG00000023495",196,160,93,126,141,165
"ENSMUSG00000023505",26,43,394,281,141,92
"ENSMUSG00000023571",158,143,421,383,133,152
"ENSMUSG00000023572",704,621,594,600,647,689
"ENSMUSG00000023707",222,209,168,159,133,114
"ENSMUSG00000023723",327,253,459,389,377,329
"ENSMUSG00000023755",48,32,13,15,29,37
"ENSMUSG00000023764",1187,1149,912,734,989,762
"ENSMUSG00000023781",29,20,9,11,7,15
"ENSMUSG00000023791",503,382,435,510,405,284
"ENSMUSG00000023795",25,27,24,34,31,25
"ENSMUSG00000023800",805,819,580,709,644,679
"ENSMUSG00000023805",900,932,903,954,741,582
"ENSMUSG00000023806",123,78,85,137,100,56
"ENSMUSG00000023809",93,151,64,83,40,67
"ENSMUSG00000023826",118,94,116,105,138,112
"ENSMUSG00000023827",112,69,81,73,116,50
"ENSMUSG00000023829",342,381,63,118,133,101
"ENSMUSG00000023830",9446,9739,7570,8032,6720,8787
"ENSMUSG00000023832",230,277,484,366,166,191
"ENSMUSG00000023845",4922,4936,3164,2984,4656,4702
"ENSMUSG00000023852",4302,5019,4694,4431,5027,5195
"ENSMUSG00000023861",337,350,342,358,292,274
"ENSMUSG00000023868",19,21,5,8,13,15
"ENSMUSG00000023882",152,140,148,141,142,123
"ENSMUSG00000023883",955,951,1097,1186,1223,1245
"ENSMUSG00000023885",125,108,465,375,631,470
"ENSMUSG00000023886",605,410,2819,3395,4839,3707
"ENSMUSG00000023892",332,295,362,313,305,249
"ENSMUSG00000023903",24,23,10,16,6,28
"ENSMUSG00000023904",827,843,801,1022,832,814
"ENSMUSG00000023905",555,946,891,1015,497,935
"ENSMUSG00000023908",67,75,210,166,100,125
"ENSMUSG00000023909",78,66,144,145,74,56
"ENSMUSG00000023911",60,43,63,64,48,48
"ENSMUSG00000023912",270,135,127,128,100,124
"ENSMUSG00000023913",480,311,329,202,594,265
"ENSMUSG00000023915",5347,6186,2266,3268,4062,3298
"ENSMUSG00000023919",301,429,332,325,292,234
"ENSMUSG00000023921",1273,1555,1039,1061,1191,1099
"ENSMUSG00000023923",1252,1181,1313,1230,1255,1211
"ENSMUSG00000023927",1857,2082,989,1161,1366,1457
"ENSMUSG00000023932",1386,1412,1580,1443,1429,1323
"ENSMUSG00000023935",14,15,12,8,13,11
"ENSMUSG00000023938",190,138,266,242,262,243
"ENSMUSG00000023939",64,52,88,80,68,72
"ENSMUSG00000023940",36,99,339,193,104,78
"ENSMUSG00000023942",628,640,1434,1456,723,631
"ENSMUSG00000023944",21708,27635,39228,35548,27072,26824
"ENSMUSG00000023947",219,219,162,159,154,140
"ENSMUSG00000023951",903,1080,1276,1317,809,995
"ENSMUSG00000023952",700,515,487,628,690,540
"ENSMUSG00000023953",276,240,353,336,292,230
"ENSMUSG00000023959",628,404,90,116,73,62
"ENSMUSG00000023960",1373,1176,1503,2084,780,790
"ENSMUSG00000023961",972,720,1657,1385,948,955
"ENSMUSG00000023963",808,634,401,444,541,609
"ENSMUSG00000023965",1171,1117,1203,1283,1455,1495
"ENSMUSG00000023966",38,22,17,22,30,22
"ENSMUSG00000023967",342,339,401,385,287,210
"ENSMUSG00000023971",234,177,327,265,228,197
"ENSMUSG00000023972",2770,2553,2193,2035,2869,2300
"ENSMUSG00000023973",600,694,543,561,517,448
"ENSMUSG00000023977",3686,3503,2535,2892,3020,2804
"ENSMUSG00000023980",508,445,283,283,350,322
"ENSMUSG00000023984",444,431,427,361,444,362
"ENSMUSG00000023988",500,463,788,590,599,447
"ENSMUSG00000023990",182,152,100,104,149,120
"ENSMUSG00000023991",1061,960,1639,1648,1479,1231
"ENSMUSG00000023994",944,873,1241,1206,1210,806
"ENSMUSG00000023999",148,114,42,28,28,46
"ENSMUSG00000024002",4946,4714,4146,4101,4596,4754
"ENSMUSG00000024006",1092,1038,1243,1324,1125,1104
"ENSMUSG00000024007",91,101,337,218,144,83
"ENSMUSG00000024008",16,25,6,12,5,6
"ENSMUSG00000024011",98,112,13,52,17,30
"ENSMUSG00000024012",1285,1306,1707,1530,1365,1170
"ENSMUSG00000024013",57,23,59,38,38,38
"ENSMUSG00000024014",958,1505,1486,1128,1510,2295
"ENSMUSG00000024018",644,682,611,557,602,502
"ENSMUSG00000024019",1384,1371,1596,1375,1317,1137
"ENSMUSG00000024026",1877,1804,862,1228,1113,582
"ENSMUSG00000024030",30,20,25,22,7,9
"ENSMUSG00000024036",123,86,55,40,33,19
"ENSMUSG00000024037",306,275,372,334,295,204
"ENSMUSG00000024038",523,516,464,492,400,447
"ENSMUSG00000024039",1723,2242,2560,3743,5204,5336
"ENSMUSG00000024042",18705,19690,9144,12567,17269,18839
"ENSMUSG00000024043",781,531,194,267,274,333
"ENSMUSG00000024044",925,1039,1043,745,1590,1253
"ENSMUSG00000024045",2355,2031,1957,1876,1944,1823
"ENSMUSG00000024048",7671,8155,5689,6562,7106,7530
"ENSMUSG00000024049",104,57,31,34,29,72
"ENSMUSG00000024050",1469,1221,1137,1195,1282,1204
"ENSMUSG00000024052",1477,1536,1262,1595,1579,1772
"ENSMUSG00000024053",20,30,25,18,5,27
"ENSMUSG00000024054",2417,2654,2964,2775,2916,3086
"ENSMUSG00000024055",111,113,36,44,55,47
"ENSMUSG00000024056",18,44,266,197,104,80
"ENSMUSG00000024059",41,54,3474,2770,718,556
"ENSMUSG00000024063",2085,1684,951,876,2671,2278
"ENSMUSG00000024064",41,32,636,534,379,649
"ENSMUSG00000024065",195,210,55,53,122,127
"ENSMUSG00000024066",891,810,2364,978,1371,1192
"ENSMUSG00000024067",382,428,646,544,456,381
"ENSMUSG00000024068",1100,1028,1383,1312,1248,1143
"ENSMUSG00000024069",304,281,343,361,280,314
"ENSMUSG00000024070",2404,2247,2020,2218,2293,2249
"ENSMUSG00000024072",1269,1239,1066,1110,1344,1098
"ENSMUSG00000024073",13511,13425,13644,12033,13510,13091
"ENSMUSG00000024074",9808,8562,5920,5175,9045,8678
"ENSMUSG00000024076",503,576,55,79,161,105
"ENSMUSG00000024077",2181,2076,2099,2235,2355,2271
"ENSMUSG00000024078",372,399,554,443,342,314
"ENSMUSG00000024079",1085,995,1783,1035,822,1067
"ENSMUSG00000024081",1485,1466,1614,1489,1375,1279
"ENSMUSG00000024082",180,178,220,227,194,155
"ENSMUSG00000024083",3230,3415,2312,2440,3079,3009
"ENSMUSG00000024084",34,50,16,44,11,19
"ENSMUSG00000024085",15876,14493,9034,5935,10302,6272
"ENSMUSG00000024087",41,66,56,75,51,66
"ENSMUSG00000024091",2095,2203,2409,2313,2180,1880
"ENSMUSG00000024095",1740,1561,2100,2044,1818,2045
"ENSMUSG00000024096",3009,2552,1937,1849,2338,2167
"ENSMUSG00000024097",1869,2115,2338,2252,1859,1824
"ENSMUSG00000024098",4125,4354,3472,3419,4140,3955
"ENSMUSG00000024099",650,695,1034,1084,787,701
"ENSMUSG00000024101",341,266,270,306,331,271
"ENSMUSG00000024104",2530,2460,1849,2128,1956,1743
"ENSMUSG00000024109",120,77,12,14,84,30
"ENSMUSG00000024118",103,87,135,113,111,80
"ENSMUSG00000024120",2342,2408,2566,2382,2153,1894
"ENSMUSG00000024121",1088,803,1024,1109,888,791
"ENSMUSG00000024122",2815,2820,2399,2534,2799,2381
"ENSMUSG00000024125",2263,7130,406,1240,263,290
"ENSMUSG00000024127",847,960,964,1028,972,867
"ENSMUSG00000024128",5284,17227,3202,9432,1076,3086
"ENSMUSG00000024130",2729,2679,2055,2075,1952,1593
"ENSMUSG00000024131",148,173,120,154,160,133
"ENSMUSG00000024132",622,571,496,517,561,452
"ENSMUSG00000024135",422,645,688,541,506,442
"ENSMUSG00000024136",134,124,105,166,84,101
"ENSMUSG00000024137",530,405,329,382,381,349
"ENSMUSG00000024140",6631,6103,8237,7999,7743,11890
"ENSMUSG00000024142",201,197,276,218,224,216
"ENSMUSG00000024143",1291,1277,1935,2032,1603,1540
"ENSMUSG00000024145",397,373,580,521,457,391
"ENSMUSG00000024146",553,553,731,714,720,641
"ENSMUSG00000024150",717,737,749,683,569,390
"ENSMUSG00000024151",908,948,1149,860,799,614
"ENSMUSG00000024158",196,220,220,253,234,159
"ENSMUSG00000024160",446,386,384,397,353,355
"ENSMUSG00000024163",1932,1593,1313,1517,1489,1301
"ENSMUSG00000024164",1484,2521,2552,1231,563,912
"ENSMUSG00000024165",621,814,1946,1328,896,538
"ENSMUSG00000024168",53,73,9,12,18,27
"ENSMUSG00000024169",696,695,736,709,812,627
"ENSMUSG00000024170",381,299,395,320,250,187
"ENSMUSG00000024174",204,156,187,193,193,204
"ENSMUSG00000024177",23,26,24,16,13,16
"ENSMUSG00000024180",69,69,21,18,26,11
"ENSMUSG00000024181",182,138,301,281,226,153
"ENSMUSG00000024182",1109,978,1088,966,1100,1059
"ENSMUSG00000024186",207,169,127,191,108,88
"ENSMUSG00000024187",763,699,895,1011,867,721
"ENSMUSG00000024188",1306,1296,1409,1512,1206,983
"ENSMUSG00000024190",9365,6678,9920,11837,10097,8501
"ENSMUSG00000024191",232,174,246,263,220,173
"ENSMUSG00000024193",752,595,177,284,510,464
"ENSMUSG00000024194",405,378,595,559,507,390
"ENSMUSG00000024197",1170,1116,937,1076,946,726
"ENSMUSG00000024201",1040,903,680,777,822,775
"ENSMUSG00000024205",31,40,34,23,33,31
"ENSMUSG00000024206",261,244,227,239,224,171
"ENSMUSG00000024208",109,118,218,216,171,121
"ENSMUSG00000024209",34,32,13,11,28,18
"ENSMUSG00000024212",783,715,1033,958,944,707
"ENSMUSG00000024213",1019,1103,1540,1375,1468,1204
"ENSMUSG00000024215",133,108,48,47,27,27
"ENSMUSG00000024217",151,172,192,207,166,155
"ENSMUSG00000024218",254,201,255,256,236,157
"ENSMUSG00000024219",1077,900,981,1124,1123,912
"ENSMUSG00000024220",381,318,397,398,435,358
"ENSMUSG00000024222",5317,7618,2372,3530,6081,4318
"ENSMUSG00000024228",274,280,241,236,252,269
"ENSMUSG00000024231",1044,967,1219,1133,1158,983
"ENSMUSG00000024232",487,373,275,336,360,432
"ENSMUSG00000024234",1024,941,792,677,690,631
"ENSMUSG00000024235",474,660,144,167,272,316
"ENSMUSG00000024236",3483,2917,2698,2775,4029,3503
"ENSMUSG00000024238",309,394,41,46,67,76
"ENSMUSG00000024240",1446,1440,1128,1200,1288,1367
"ENSMUSG00000024241",2402,2454,2361,2408,3091,2837
"ENSMUSG00000024242",4645,4399,2510,2898,4401,4313
"ENSMUSG00000024246",97,95,66,81,49,59
"ENSMUSG00000024247",100,103,66,73,118,89
"ENSMUSG00000024248",2043,1860,1986,1897,2812,2525
"ENSMUSG00000024251",1520,1662,1640,1441,1607,1413
"ENSMUSG00000024253",376,394,198,186,253,227
"ENSMUSG00000024254",74,20,3,8,4,12
"ENSMUSG00000024258",239,225,372,330,301,252
"ENSMUSG00000024259",848,824,1016,1018,1042,819
"ENSMUSG00000024260",1653,1544,1359,1440,1588,1516
"ENSMUSG00000024268",141,145,131,150,98,111
"ENSMUSG00000024269",1001,983,634,802,1324,1339
"ENSMUSG00000024270",732,676,3144,1910,1192,846
"ENSMUSG00000024271",1134,1133,1658,1469,1165,1037
"ENSMUSG00000024273",222,161,210,202,187,123
"ENSMUSG00000024274",59,52,20,35,29,35
"ENSMUSG00000024276",1274,1120,1031,1015,1231,859
"ENSMUSG00000024277",774,835,617,736,1017,749
"ENSMUSG00000024283",4586,4165,4097,4370,4654,4827
"ENSMUSG00000024286",1692,1815,2117,2069,1914,1746
"ENSMUSG00000024287",783,879,1196,1170,880,825
"ENSMUSG00000024290",5604,5729,4292,4481,5904,5612
"ENSMUSG00000024293",1151,1056,1143,1243,1343,1115
"ENSMUSG00000024294",6510,6627,6777,6435,7813,7094
"ENSMUSG00000024298",2038,2138,1715,1800,2201,1864
"ENSMUSG00000024299",185,143,53,117,101,96
"ENSMUSG00000024300",10,13,26,11,11,6
"ENSMUSG00000024301",15,40,108,80,41,21
"ENSMUSG00000024302",135,120,34,47,68,41
"ENSMUSG00000024308",3019,2599,4052,3151,2170,2166
"ENSMUSG00000024309",172,172,251,223,226,165
"ENSMUSG00000024312",492,429,902,691,522,409
"ENSMUSG00000024317",742,761,831,902,811,765
"ENSMUSG00000024319",873,789,920,913,830,759
"ENSMUSG00000024325",333,258,273,291,288,243
"ENSMUSG00000024327",1380,1346,1383,1268,1118,1104
"ENSMUSG00000024330",152,99,47,64,52,98
"ENSMUSG00000024331",1372,1339,3617,2855,2060,1441
"ENSMUSG00000024335",8235,8856,5196,5139,5720,7745
"ENSMUSG00000024338",95,71,470,154,61,50
"ENSMUSG00000024339",411,334,727,359,340,293
"ENSMUSG00000024346",509,482,663,541,452,461
"ENSMUSG00000024347",27,20,20,34,64,69
"ENSMUSG00000024349",836,728,1231,856,620,521
"ENSMUSG00000024350",792,801,629,691,854,723
"ENSMUSG00000024352",74,63,64,72,56,70
"ENSMUSG00000024354",62,64,58,59,40,69
"ENSMUSG00000024357",465,561,470,456,328,317
"ENSMUSG00000024359",4662,5954,7854,6077,4674,4845
"ENSMUSG00000024360",8224,10758,7358,7178,7420,9953
"ENSMUSG00000024366",24,22,4,8,14,3
"ENSMUSG00000024369",410,411,569,456,474,406
"ENSMUSG00000024370",1050,1065,1428,1264,1335,1048
"ENSMUSG00000024371",128,89,109,65,69,60
"ENSMUSG00000024376",1161,1009,1701,1313,1379,1579
"ENSMUSG00000024378",1254,1632,1550,1069,793,1114
"ENSMUSG00000024381",299,249,275,247,231,159
"ENSMUSG00000024382",844,778,1018,930,880,903
"ENSMUSG00000024383",2766,2807,2331,2341,2960,3010
"ENSMUSG00000024384",2291,2081,2012,1957,2097,2265
"ENSMUSG00000024387",1006,1011,1732,1526,1333,1134
"ENSMUSG00000024392",3583,3006,3168,3084,2982,3026
"ENSMUSG00000024393",8643,8501,10751,10208,10016,9893
"ENSMUSG00000024395",80,44,9,14,20,19
"ENSMUSG00000024397",13,7,20,14,9,18
"ENSMUSG00000024400",1609,1574,1414,1342,1543,1406
"ENSMUSG00000024401",38,22,217,102,30,44
"ENSMUSG00000024403",100,83,72,97,62,51
"ENSMUSG00000024404",1622,1704,2538,1963,1495,1506
"ENSMUSG00000024410",502,427,602,684,468,441
"ENSMUSG00000024411",130,92,295,113,62,70
"ENSMUSG00000024413",1512,1304,1327,1488,1578,1627
"ENSMUSG00000024414",227,220,316,280,222,236
"ENSMUSG00000024420",322,275,239,304,293,330
"ENSMUSG00000024421",9898,11424,11686,11748,12103,12336
"ENSMUSG00000024422",1180,1180,1240,1114,1111,961
"ENSMUSG00000024423",903,1107,609,622,711,784
"ENSMUSG00000024424",100,105,173,179,103,105
"ENSMUSG00000024425",2145,1939,2130,2309,1979,1929
"ENSMUSG00000024426",325,275,280,522,426,312
"ENSMUSG00000024427",1077,1205,211,322,726,1143
"ENSMUSG00000024429",723,631,715,652,689,585
"ENSMUSG00000024430",49,39,16,11,23,35
"ENSMUSG00000024431",4339,4614,2248,2705,4618,4343
"ENSMUSG00000024436",249,272,330,328,190,140
"ENSMUSG00000024437",123,94,0,102,51,50
"ENSMUSG00000024440",70,27,9,11,22,12
"ENSMUSG00000024442",791,617,468,558,591,543
"ENSMUSG00000024446",103,63,100,69,76,51
"ENSMUSG00000024451",95,52,16,24,32,19
"ENSMUSG00000024454",1126,944,1329,1358,1103,1029
"ENSMUSG00000024456",3305,3184,2612,2565,2931,2821
"ENSMUSG00000024457",1095,1078,1154,1248,1154,1032
"ENSMUSG00000024462",887,803,515,844,827,925
"ENSMUSG00000024472",1416,1615,2483,1823,2350,1807
"ENSMUSG00000024474",2327,2335,2220,2304,2303,2138
"ENSMUSG00000024477",827,836,931,887,949,842
"ENSMUSG00000024479",1001,1125,1043,1045,562,307
"ENSMUSG00000024480",262,312,273,308,281,221
"ENSMUSG00000024483",4948,5117,4707,4628,4412,4398
"ENSMUSG00000024485",31,22,11,16,8,11
"ENSMUSG00000024486",7308,10289,7996,8746,6109,9904
"ENSMUSG00000024487",789,768,1083,1012,928,762
"ENSMUSG00000024491",2085,2118,2020,1767,2201,1864
"ENSMUSG00000024493",1682,1676,2340,1722,1455,1551
"ENSMUSG00000024498",2520,2637,3082,2693,2566,2744
"ENSMUSG00000024500",539,679,479,753,847,899
"ENSMUSG00000024501",672,810,84,118,327,221
"ENSMUSG00000024503",2332,4676,209,904,201,829
"ENSMUSG00000024505",81,124,78,89,80,91
"ENSMUSG00000024507",913,1015,1183,1171,1274,1093
"ENSMUSG00000024511",5147,3789,1875,2570,3050,4500
"ENSMUSG00000024513",1718,1486,2287,2163,1666,1822
"ENSMUSG00000024515",3314,2743,3528,3256,3357,3074
"ENSMUSG00000024516",541,785,580,747,830,451
"ENSMUSG00000024517",64,1717,269,505,1189,473
"ENSMUSG00000024521",150,294,1071,1006,316,432
"ENSMUSG00000024524",268,202,197,179,239,152
"ENSMUSG00000024525",326,312,263,279,359,234
"ENSMUSG00000024527",846,968,1066,848,728,737
"ENSMUSG00000024528",240,234,276,276,249,205
"ENSMUSG00000024529",330,340,69,84,49,121
"ENSMUSG00000024533",425,466,367,344,355,345
"ENSMUSG00000024534",1533,1545,906,1153,1678,1214
"ENSMUSG00000024535",157,188,226,199,178,168
"ENSMUSG00000024537",326,314,521,432,362,261
"ENSMUSG00000024538",345,343,1097,947,469,538
"ENSMUSG00000024539",1105,1481,1517,1415,1180,1422
"ENSMUSG00000024542",912,988,1412,1150,1031,964
"ENSMUSG00000024544",100,97,239,207,55,53
"ENSMUSG00000024548",6065,6146,3409,3983,5848,7644
"ENSMUSG00000024552",15,12,3,4,10,16
"ENSMUSG00000024556",251,298,346,242,218,214
"ENSMUSG00000024558",274,212,33,59,178,348
"ENSMUSG00000024560",1247,1064,1086,1177,1169,1066
"ENSMUSG00000024561",1578,1325,1134,1031,1425,1477
"ENSMUSG00000024563",863,935,1130,996,1109,1149
"ENSMUSG00000024565",2903,2608,2263,2679,3365,2946
"ENSMUSG00000024566",1658,1357,1506,1571,1520,1654
"ENSMUSG00000024570",235,211,331,281,244,262
"ENSMUSG00000024571",1405,1329,1964,1792,1501,1365
"ENSMUSG00000024576",10500,10808,13222,12735,11528,11382
"ENSMUSG00000024579",85,85,174,178,114,83
"ENSMUSG00000024580",370,325,636,542,435,399
"ENSMUSG00000024581",962,936,661,702,859,874
"ENSMUSG00000024583",1527,1524,1976,1681,1596,1506
"ENSMUSG00000024587",1750,2076,2774,2223,1722,1614
"ENSMUSG00000024588",1367,918,1086,1018,1077,1080
"ENSMUSG00000024589",2208,2254,1392,1382,1289,1316
"ENSMUSG00000024590",803,923,2196,1596,1312,1269
"ENSMUSG00000024592",131,152,161,206,174,111
"ENSMUSG00000024594",903,1001,892,982,968,809
"ENSMUSG00000024597",7667,6439,21618,21520,7999,6362
"ENSMUSG00000024598",13,17,16,15,9,21
"ENSMUSG00000024601",1145,1136,2323,1974,1290,1016
"ENSMUSG00000024603",2339,1721,2574,2479,2610,1980
"ENSMUSG00000024604",1296,1159,1228,1173,1329,1218
"ENSMUSG00000024608",3351,3269,3209,2982,2986,3146
"ENSMUSG00000024610",462,266,1040,473,322,329
"ENSMUSG00000024613",748,820,1290,970,790,620
"ENSMUSG00000024614",2508,2386,3057,3090,3417,3151
"ENSMUSG00000024620",405,186,39,42,58,44
"ENSMUSG00000024621",252,200,204,169,147,134
"ENSMUSG00000024622",1048,1084,969,906,1005,977
"ENSMUSG00000024639",4125,4440,3898,3815,4659,4682
"ENSMUSG00000024640",495,561,1782,1032,799,670
"ENSMUSG00000024642",1605,1836,1914,2052,2251,2074
"ENSMUSG00000024644",259,367,722,544,471,431
"ENSMUSG00000024645",249,188,342,261,249,229
"ENSMUSG00000024646",699,713,913,900,648,563
"ENSMUSG00000024654",453,563,180,301,201,217
"ENSMUSG00000024659",3182,2953,10870,9151,2466,2327
"ENSMUSG00000024660",144,239,1191,822,433,323
"ENSMUSG00000024661",13272,13209,11637,9354,10968,10225
"ENSMUSG00000024663",35,29,33,22,19,19
"ENSMUSG00000024664",233,164,153,102,178,187
"ENSMUSG00000024665",1229,928,510,782,1238,954
"ENSMUSG00000024666",145,124,170,149,134,112
"ENSMUSG00000024667",468,422,385,418,354,396
"ENSMUSG00000024668",523,433,632,652,601,490
"ENSMUSG00000024669",20,11,5,12,19,12
"ENSMUSG00000024683",224,269,305,297,204,248
"ENSMUSG00000024687",2260,2542,2011,2035,2078,1935
"ENSMUSG00000024691",25,59,795,330,129,47
"ENSMUSG00000024695",2981,3152,3982,3471,3747,3845
"ENSMUSG00000024697",257,246,74,88,118,94
"ENSMUSG00000024712",835,900,678,706,548,559
"ENSMUSG00000024713",1693,1523,1076,982,1798,1681
"ENSMUSG00000024725",909,770,895,917,903,794
"ENSMUSG00000024726",224,288,238,247,227,195
"ENSMUSG00000024727",16,12,11,6,6,6
"ENSMUSG00000024731",4,2,10,20,15,3
"ENSMUSG00000024732",325,311,669,465,300,258
"ENSMUSG00000024735",1983,1743,3027,2663,2211,1707
"ENSMUSG00000024736",391,374,646,695,786,589
"ENSMUSG00000024737",141,117,280,242,261,223
"ENSMUSG00000024740",10316,10049,11401,9951,9967,9162
"ENSMUSG00000024742",158,138,648,381,223,152
"ENSMUSG00000024743",843,1433,510,623,994,1169
"ENSMUSG00000024747",2232,3757,1447,2875,5078,3563
"ENSMUSG00000024749",7,16,10,10,30,14
"ENSMUSG00000024750",7887,10096,9149,12184,9176,13152
"ENSMUSG00000024754",1558,1330,1923,1826,1915,1669
"ENSMUSG00000024758",3157,2948,2910,2908,2931,2538
"ENSMUSG00000024759",4387,4189,5641,4986,5383,4413
"ENSMUSG00000024764",249,244,572,374,324,178
"ENSMUSG00000024766",156,145,217,239,146,111
"ENSMUSG00000024767",984,946,1457,1357,1388,1120
"ENSMUSG00000024769",3346,3179,2690,2741,3628,3214
"ENSMUSG00000024772",667,659,1757,1332,1282,983
"ENSMUSG00000024773",1023,879,841,954,1039,997
"ENSMUSG00000024774",9,12,98,46,16,12
"ENSMUSG00000024776",155,165,227,151,147,139
"ENSMUSG00000024777",311,220,324,349,556,402
"ENSMUSG00000024778",363,350,361,362,409,405
"ENSMUSG00000024780",734,793,979,1060,1120,929
"ENSMUSG00000024781",359,312,331,399,286,355
"ENSMUSG00000024782",2136,2290,2995,2804,2634,2088
"ENSMUSG00000024784",15,4,42,19,64,51
"ENSMUSG00000024785",152,200,280,257,108,114
"ENSMUSG00000024786",9,9,10,8,42,22
"ENSMUSG00000024787",130,108,160,166,174,143
"ENSMUSG00000024789",1959,1934,1968,1803,2078,1945
"ENSMUSG00000024790",95,59,142,117,107,48
"ENSMUSG00000024791",8,16,107,71,29,21
"ENSMUSG00000024792",430,380,342,383,347,250
"ENSMUSG00000024793",52,25,9,18,29,32
"ENSMUSG00000024795",153,207,880,635,306,234
"ENSMUSG00000024797",672,517,627,704,646,498
"ENSMUSG00000024799",237,175,174,228,187,153
"ENSMUSG00000024800",178,145,256,191,173,156
"ENSMUSG00000024805",411,348,295,190,250,293
"ENSMUSG00000024807",986,1462,1007,1366,1125,717
"ENSMUSG00000024810",3544,5582,33012,32766,22971,23325
"ENSMUSG00000024811",9027,9731,8819,9366,9151,9744
"ENSMUSG00000024812",3369,3503,2584,2737,2356,3452
"ENSMUSG00000024816",446,263,605,545,445,285
"ENSMUSG00000024817",1724,1262,2051,2206,1986,1695
"ENSMUSG00000024818",34,21,57,63,32,6
"ENSMUSG00000024824",366,321,384,340,345,296
"ENSMUSG00000024826",838,600,809,763,865,627
"ENSMUSG00000024827",37,26,18,14,6,14
"ENSMUSG00000024829",277,280,465,426,339,278
"ENSMUSG00000024830",245,232,225,216,214,208
"ENSMUSG00000024831",288,281,199,240,223,130
"ENSMUSG00000024833",123,149,392,247,156,85
"ENSMUSG00000024835",958,840,1488,1370,1067,999
"ENSMUSG00000024841",282,239,442,351,320,226
"ENSMUSG00000024842",20,11,6,7,9,16
"ENSMUSG00000024843",6018,6432,3908,6126,5267,7235
"ENSMUSG00000024844",228,220,491,325,276,227
"ENSMUSG00000024845",491,423,590,530,481,470
"ENSMUSG00000024847",268,274,313,312,323,277
"ENSMUSG00000024851",328,314,426,430,374,333
"ENSMUSG00000024853",3447,3496,4068,3918,3412,3182
"ENSMUSG00000024854",261,261,182,216,184,201
"ENSMUSG00000024855",1496,1371,1419,1647,1571,1422
"ENSMUSG00000024856",281,302,284,301,237,216
"ENSMUSG00000024858",1110,1069,1138,1081,1183,1016
"ENSMUSG00000024862",556,512,382,345,616,567
"ENSMUSG00000024866",69,77,34,42,46,35
"ENSMUSG00000024867",37,80,9,23,18,14
"ENSMUSG00000024869",199,164,296,292,217,188
"ENSMUSG00000024870",1330,1153,1374,1436,1331,1246
"ENSMUSG00000024871",92,63,117,120,84,70
"ENSMUSG00000024873",29,21,11,11,19,21
"ENSMUSG00000024875",394,322,350,394,313,217
"ENSMUSG00000024878",244,270,353,298,300,265
"ENSMUSG00000024883",881,727,1272,1312,1021,952
"ENSMUSG00000024885",52,27,29,28,14,27
"ENSMUSG00000024887",482,452,536,500,681,605
"ENSMUSG00000024889",273,196,336,306,274,250
"ENSMUSG00000024891",49,27,65,24,23,22
"ENSMUSG00000024892",425,492,823,779,562,423
"ENSMUSG00000024896",1114,1158,850,1047,1312,1246
"ENSMUSG00000024897",49,48,11,23,26,24
"ENSMUSG00000024899",10039,13543,3300,6293,9150,17101
"ENSMUSG00000024900",3398,3260,2065,1973,2253,2016
"ENSMUSG00000024901",155,123,106,84,94,88
"ENSMUSG00000024902",221,191,328,198,208,181
"ENSMUSG00000024905",19,20,7,15,8,15
"ENSMUSG00000024906",222,179,175,234,223,189
"ENSMUSG00000024908",3976,4175,3709,3897,4176,4134
"ENSMUSG00000024909",353,300,123,134,191,165
"ENSMUSG00000024910",35,23,14,24,15,50
"ENSMUSG00000024911",402,298,459,424,368,319
"ENSMUSG00000024912",824,1750,1315,1754,1356,3009
"ENSMUSG00000024913",4322,4122,3184,3614,4648,3933
"ENSMUSG00000024914",460,549,388,423,529,468
"ENSMUSG00000024921",9657,9925,4380,5526,11502,11563
"ENSMUSG00000024922",164,679,472,517,194,781
"ENSMUSG00000024924",4067,3408,1395,1451,2358,2192
"ENSMUSG00000024925",331,304,286,273,286,287
"ENSMUSG00000024926",864,865,753,786,797,761
"ENSMUSG00000024927",1811,2314,1284,1520,1413,1686
"ENSMUSG00000024936",24,8,10,10,8,16
"ENSMUSG00000024937",193,145,229,204,132,127
"ENSMUSG00000024939",331,256,350,377,360,280
"ENSMUSG00000024940",2525,2507,4472,5543,3595,3709
"ENSMUSG00000024941",1068,1043,1195,1351,1166,980
"ENSMUSG00000024942",2097,1994,2606,2689,2556,2461
"ENSMUSG00000024943",1571,1697,1314,1281,1450,1681
"ENSMUSG00000024944",223,187,247,234,267,223
"ENSMUSG00000024947",542,446,506,481,440,317
"ENSMUSG00000024948",781,919,696,863,1016,806
"ENSMUSG00000024949",5364,5835,4255,4435,4446,4698
"ENSMUSG00000024952",596,492,1031,793,743,583
"ENSMUSG00000024953",787,853,1018,1008,745,720
"ENSMUSG00000024955",387,307,443,422,353,282
"ENSMUSG00000024957",47,45,48,36,53,46
"ENSMUSG00000024958",263,254,369,444,353,303
"ENSMUSG00000024959",212,184,292,295,260,207
"ENSMUSG00000024960",1482,1500,2066,1893,1716,1410
"ENSMUSG00000024962",271,308,236,255,285,211
"ENSMUSG00000024963",272,243,255,277,250,204
"ENSMUSG00000024965",25,23,31,28,13,22
"ENSMUSG00000024966",1090,1328,2408,2267,1995,1324
"ENSMUSG00000024968",57,85,144,158,187,89
"ENSMUSG00000024969",2743,2404,2949,2741,2986,2419
"ENSMUSG00000024970",226,233,266,263,248,281
"ENSMUSG00000024972",10,8,11,15,4,8
"ENSMUSG00000024974",3803,3527,3521,3131,3763,3538
"ENSMUSG00000024975",3774,4244,6834,6678,7825,6814
"ENSMUSG00000024976",2831,2918,2922,2693,3047,3310
"ENSMUSG00000024978",903,931,746,796,1019,881
"ENSMUSG00000024981",1533,1473,1909,1730,1648,1460
"ENSMUSG00000024982",535,545,984,912,725,553
"ENSMUSG00000024983",914,1052,992,920,1056,1032
"ENSMUSG00000024985",2244,2584,1577,1977,2298,2345
"ENSMUSG00000024986",51,81,20,23,17,25
"ENSMUSG00000024989",12,69,517,337,127,94
"ENSMUSG00000024991",9805,11777,14514,12344,11128,11382
"ENSMUSG00000024993",707,678,579,619,429,492
"ENSMUSG00000024997",413,391,666,514,296,201
"ENSMUSG00000024998",2422,2099,2225,2591,3178,3743
"ENSMUSG00000024999",624,597,906,791,671,541
"ENSMUSG00000025001",281,478,2092,1084,636,450
"ENSMUSG00000025006",292,154,54,64,83,136
"ENSMUSG00000025007",814,826,1265,1105,820,779
"ENSMUSG00000025008",372,291,248,236,308,246
"ENSMUSG00000025010",168,114,196,170,200,159
"ENSMUSG00000025013",48,71,20,42,41,94
"ENSMUSG00000025016",10101,10348,8589,8828,10141,9587
"ENSMUSG00000025017",714,1207,412,590,701,498
"ENSMUSG00000025019",1034,1043,768,840,1165,910
"ENSMUSG00000025020",14,11,6,14,14,8
"ENSMUSG00000025024",1244,1399,1182,1199,1181,1194
"ENSMUSG00000025025",1079,879,633,591,554,595
"ENSMUSG00000025026",6097,6251,2664,2816,3538,4288
"ENSMUSG00000025027",923,1009,1571,1338,943,864
"ENSMUSG00000025034",2328,1889,2811,2435,3398,2803
"ENSMUSG00000025035",364,364,236,289,406,409
"ENSMUSG00000025036",447,392,253,234,289,335
"ENSMUSG00000025037",589,617,462,435,412,511
"ENSMUSG00000025038",21,20,5,8,20,15
"ENSMUSG00000025040",1105,1011,1159,1140,1287,1051
"ENSMUSG00000025041",1024,1082,1216,1255,981,939
"ENSMUSG00000025047",1105,1129,1574,1276,1162,939
"ENSMUSG00000025049",343,364,457,374,345,355
"ENSMUSG00000025050",279,295,545,444,389,345
"ENSMUSG00000025059",278,263,218,140,90,139
"ENSMUSG00000025060",4938,4599,5290,4889,4984,5052
"ENSMUSG00000025064",10364,11732,31765,27276,21024,21452
"ENSMUSG00000025066",1293,1694,2389,2265,2202,2342
"ENSMUSG00000025068",1227,1500,9920,9249,7210,6517
"ENSMUSG00000025069",68,76,111,140,119,275
"ENSMUSG00000025076",237,233,422,334,239,197
"ENSMUSG00000025077",493,485,560,493,514,470
"ENSMUSG00000025078",1126,1080,1279,1243,1452,1101
"ENSMUSG00000025081",20,17,26,3,29,59
"ENSMUSG00000025082",285,200,169,177,461,553
"ENSMUSG00000025083",2483,2087,936,1430,2180,2467
"ENSMUSG00000025085",2727,2501,537,928,1758,2849
"ENSMUSG00000025086",341,290,381,369,280,227
"ENSMUSG00000025089",87,126,462,220,42,32
"ENSMUSG00000025092",117,114,108,55,78,70
"ENSMUSG00000025094",162,123,203,169,196,191
"ENSMUSG00000025102",147,150,180,182,155,117
"ENSMUSG00000025103",1358,1418,1820,1673,2148,1750
"ENSMUSG00000025104",1731,1499,900,917,1435,1393
"ENSMUSG00000025105",15,7,662,310,215,78
"ENSMUSG00000025128",10,9,28,11,5,8
"ENSMUSG00000025130",7468,7817,9269,8936,5211,5262
"ENSMUSG00000025132",2760,2591,3588,3006,2551,2208
"ENSMUSG00000025133",1005,985,1372,1316,1230,1146
"ENSMUSG00000025134",827,774,1265,947,869,855
"ENSMUSG00000025135",400,404,433,365,378,288
"ENSMUSG00000025137",378,337,303,342,209,191
"ENSMUSG00000025138",512,348,505,590,452,380
"ENSMUSG00000025139",1499,1441,1503,1439,1379,1313
"ENSMUSG00000025140",112,114,46,84,38,34
"ENSMUSG00000025142",542,488,562,602,555,559
"ENSMUSG00000025144",108,117,118,104,112,99
"ENSMUSG00000025145",542,468,602,649,563,618
"ENSMUSG00000025147",682,526,365,366,594,540
"ENSMUSG00000025150",5490,5505,15780,13687,11457,8455
"ENSMUSG00000025151",6784,7374,4974,6472,6589,6493
"ENSMUSG00000025153",3211,3938,7853,6572,5348,4096
"ENSMUSG00000025154",101,123,346,273,185,118
"ENSMUSG00000025155",446,300,514,418,410,285
"ENSMUSG00000025156",778,830,1320,1208,1112,883
"ENSMUSG00000025157",491,369,543,525,488,405
"ENSMUSG00000025158",309,257,402,310,309,253
"ENSMUSG00000025159",1814,1505,1337,1509,1378,1317
"ENSMUSG00000025161",68,76,344,244,78,72
"ENSMUSG00000025162",2475,2371,2910,2835,2788,2337
"ENSMUSG00000025169",144,152,161,134,177,125
"ENSMUSG00000025170",63,55,32,30,32,43
"ENSMUSG00000025171",142,113,183,214,170,165
"ENSMUSG00000025173",1424,1547,1167,1174,1167,1104
"ENSMUSG00000025176",131,64,107,63,141,98
"ENSMUSG00000025178",887,1043,775,845,824,884
"ENSMUSG00000025184",1592,1586,851,977,1189,1098
"ENSMUSG00000025185",485,426,115,129,288,316
"ENSMUSG00000025188",363,404,412,473,266,252
"ENSMUSG00000025190",122,249,179,161,99,70
"ENSMUSG00000025192",339,334,539,561,423,284
"ENSMUSG00000025193",103,91,72,76,86,60
"ENSMUSG00000025194",56,38,7,8,17,19
"ENSMUSG00000025195",1105,1027,583,643,801,540
"ENSMUSG00000025198",814,907,973,881,883,662
"ENSMUSG00000025199",1093,1000,1298,1288,1262,1297
"ENSMUSG00000025200",283,269,327,281,286,182
"ENSMUSG00000025202",201,64,54,92,45,46
"ENSMUSG00000025203",13679,14244,24026,27028,16366,15477
"ENSMUSG00000025204",742,725,951,871,758,621
"ENSMUSG00000025207",419,291,133,191,241,169
"ENSMUSG00000025208",338,220,458,373,383,285
"ENSMUSG00000025209",331,329,351,291,355,234
"ENSMUSG00000025212",1606,1177,814,959,966,862
"ENSMUSG00000025213",113,112,40,71,38,63
"ENSMUSG00000025217",835,847,735,815,750,794
"ENSMUSG00000025218",131,141,138,126,134,92
"ENSMUSG00000025220",3672,3866,3654,3920,3500,3824
"ENSMUSG00000025223",2260,1763,1539,1684,1996,2040
"ENSMUSG00000025224",2373,2374,2505,2606,2483,2117
"ENSMUSG00000025225",1416,1574,1044,1187,957,1384
"ENSMUSG00000025226",36,23,66,63,50,38
"ENSMUSG00000025227",70,54,62,73,32,69
"ENSMUSG00000025228",1476,1241,2016,1880,1705,1497
"ENSMUSG00000025231",618,571,762,661,757,604
"ENSMUSG00000025232",305,432,251,306,178,120
"ENSMUSG00000025234",4448,4710,4038,4010,4578,4827
"ENSMUSG00000025235",345,372,201,224,310,297
"ENSMUSG00000025236",448,602,715,720,526,466
"ENSMUSG00000025237",621,609,494,569,525,516
"ENSMUSG00000025239",1498,1323,1281,1227,1422,1197
"ENSMUSG00000025240",1770,1814,1528,1679,1889,1663
"ENSMUSG00000025241",3345,3336,2124,2024,2793,2442
"ENSMUSG00000025243",981,988,834,905,1065,920
"ENSMUSG00000025245",758,840,692,747,980,778
"ENSMUSG00000025246",4141,4369,3550,3709,4213,4100
"ENSMUSG00000025255",30,76,5,12,11,22
"ENSMUSG00000025257",45,64,24,32,25,27
"ENSMUSG00000025260",507,598,505,414,414,394
"ENSMUSG00000025261",17452,18652,17820,16070,17045,17775
"ENSMUSG00000025262",673,834,754,755,750,593
"ENSMUSG00000025264",506,480,469,390,428,396
"ENSMUSG00000025265",517,440,584,549,565,486
"ENSMUSG00000025266",1455,1661,1799,1778,1603,1503
"ENSMUSG00000025268",627,544,479,569,723,586
"ENSMUSG00000025269",256,183,201,220,208,150
"ENSMUSG00000025270",65,48,29,43,32,37
"ENSMUSG00000025271",35,36,24,23,30,28
"ENSMUSG00000025272",27,27,5,4,8,15
"ENSMUSG00000025277",157,120,226,236,230,159
"ENSMUSG00000025278",3868,4221,8676,5931,4633,4093
"ENSMUSG00000025280",783,709,782,652,680,692
"ENSMUSG00000025283",3742,4591,5118,6554,4430,5589
"ENSMUSG00000025287",900,826,893,955,789,992
"ENSMUSG00000025289",600,426,515,521,403,364
"ENSMUSG00000025290",5306,6101,6174,5689,7167,8654
"ENSMUSG00000025314",1159,1198,816,706,473,450
"ENSMUSG00000025316",480,397,348,508,616,274
"ENSMUSG00000025318",23,21,11,7,14,27
"ENSMUSG00000025321",9989,9454,5800,5048,10569,8742
"ENSMUSG00000025323",1342,1394,892,894,1145,1185
"ENSMUSG00000025324",120,133,330,204,145,89
"ENSMUSG00000025326",5017,5265,5333,4851,5734,4750
"ENSMUSG00000025328",5695,6563,7601,9168,8698,8030
"ENSMUSG00000025329",1430,1097,4128,4025,3555,3237
"ENSMUSG00000025330",21,12,647,379,132,290
"ENSMUSG00000025332",2540,2432,2910,2867,2710,2269
"ENSMUSG00000025337",1644,1958,979,1038,1184,1227
"ENSMUSG00000025340",1681,2188,841,909,873,1093
"ENSMUSG00000025348",38,23,13,8,14,15
"ENSMUSG00000025350",355,270,288,367,307,336
"ENSMUSG00000025351",1885,1895,2468,2367,1756,1675
"ENSMUSG00000025352",49,27,35,52,29,48
"ENSMUSG00000025353",349,369,508,491,414,269
"ENSMUSG00000025354",1193,1055,1276,1296,1304,897
"ENSMUSG00000025355",84,71,50,51,65,38
"ENSMUSG00000025357",1619,1276,1727,1720,1630,1484
"ENSMUSG00000025358",360,306,561,491,424,320
"ENSMUSG00000025359",178,152,182,155,158,175
"ENSMUSG00000025362",6275,6459,8291,7692,6851,7725
"ENSMUSG00000025364",1852,1952,4212,2762,2323,2031
"ENSMUSG00000025366",980,873,912,979,772,839
"ENSMUSG00000025369",4410,4510,3310,3431,4075,4119
"ENSMUSG00000025371",164,140,246,203,196,153
"ENSMUSG00000025372",1479,1503,1485,1889,1226,1278
"ENSMUSG00000025373",646,500,453,516,608,470
"ENSMUSG00000025374",237,216,298,301,293,256
"ENSMUSG00000025375",73,44,10,28,21,22
"ENSMUSG00000025377",284,189,432,420,272,182
"ENSMUSG00000025380",47,22,18,19,29,38
"ENSMUSG00000025381",645,710,715,685,645,547
"ENSMUSG00000025384",316,280,406,414,374,195
"ENSMUSG00000025393",6619,7327,11152,9121,7682,6610
"ENSMUSG00000025395",153,180,435,271,172,157
"ENSMUSG00000025402",782,881,636,720,781,987
"ENSMUSG00000025403",504,437,1138,762,394,352
"ENSMUSG00000025404",2864,2679,2317,2300,2838,2987
"ENSMUSG00000025407",49,35,10,47,41,44
"ENSMUSG00000025408",381,502,238,389,354,509
"ENSMUSG00000025409",1282,1048,883,995,1055,1075
"ENSMUSG00000025410",1827,1642,2175,2150,1973,2002
"ENSMUSG00000025413",501,391,509,500,443,338
"ENSMUSG00000025417",1094,1074,1097,1215,1220,986
"ENSMUSG00000025421",629,594,601,541,708,495
"ENSMUSG00000025422",48,22,13,24,13,11
"ENSMUSG00000025423",1512,1618,1288,1396,1466,1445
"ENSMUSG00000025427",25,35,3,7,11,9
"ENSMUSG00000025428",8651,8941,12732,11155,10244,9003
"ENSMUSG00000025429",157,146,162,133,90,118
"ENSMUSG00000025432",92,58,2,12,27,46
"ENSMUSG00000025436",65,44,44,55,68,25
"ENSMUSG00000025437",2518,2322,2373,2624,2317,2284
"ENSMUSG00000025439",711,718,1066,987,875,698
"ENSMUSG00000025450",185,129,147,167,164,165
"ENSMUSG00000025451",1600,1575,1777,1926,2217,1798
"ENSMUSG00000025453",1214,1253,585,744,1339,1166
"ENSMUSG00000025464",309,290,327,267,238,224
"ENSMUSG00000025465",1230,1062,1149,1100,999,877
"ENSMUSG00000025466",223,194,181,177,196,123
"ENSMUSG00000025470",341,279,294,359,277,240
"ENSMUSG00000025473",64,39,552,464,66,41
"ENSMUSG00000025474",815,632,1025,698,758,663
"ENSMUSG00000025475",0,3,26,36,14,22
"ENSMUSG00000025477",876,839,1366,1651,1429,1535
"ENSMUSG00000025478",58,40,43,32,157,104
"ENSMUSG00000025481",376,406,2223,1220,566,575
"ENSMUSG00000025482",21,15,2,7,8,11
"ENSMUSG00000025484",493,437,328,390,373,368
"ENSMUSG00000025485",805,672,683,628,553,556
"ENSMUSG00000025486",177,152,130,128,134,140
"ENSMUSG00000025487",699,574,1182,1059,871,746
"ENSMUSG00000025489",8,6,10,12,15,2
"ENSMUSG00000025491",109,92,488,99,67,66
"ENSMUSG00000025492",4798,4432,12588,10159,6868,6857
"ENSMUSG00000025494",79,48,31,64,26,22
"ENSMUSG00000025495",270,212,271,288,264,200
"ENSMUSG00000025496",32,30,17,23,34,30
"ENSMUSG00000025498",1018,597,996,559,481,560
"ENSMUSG00000025499",1400,963,1477,1283,1498,1441
"ENSMUSG00000025500",82,64,81,83,72,85
"ENSMUSG00000025503",984,1065,1840,1710,1370,1380
"ENSMUSG00000025504",4887,3348,1725,2183,3425,2994
"ENSMUSG00000025505",223,143,124,116,166,169
"ENSMUSG00000025507",75,95,138,110,77,73
"ENSMUSG00000025508",3294,2982,3316,2916,2897,3060
"ENSMUSG00000025509",754,577,417,403,448,486
"ENSMUSG00000025510",3067,2526,3045,3347,3222,3060
"ENSMUSG00000025511",409,298,277,190,281,259
"ENSMUSG00000025512",1139,1461,739,790,757,752
"ENSMUSG00000025515",35,22,10,22,22,35
"ENSMUSG00000025521",188,156,231,263,143,172
"ENSMUSG00000025525",188,183,287,276,213,197
"ENSMUSG00000025529",224,232,239,313,258,391
"ENSMUSG00000025531",1159,1156,1236,1067,1153,1224
"ENSMUSG00000025532",304,304,491,448,393,391
"ENSMUSG00000025533",380,300,270,273,143,152
"ENSMUSG00000025534",667,639,1177,1346,839,739
"ENSMUSG00000025537",59,44,6,15,6,15
"ENSMUSG00000025538",142,112,105,121,54,48
"ENSMUSG00000025544",3226,3156,3212,3065,3136,2763
"ENSMUSG00000025545",101,117,98,81,90,98
"ENSMUSG00000025555",1836,1337,1423,1350,1482,1409
"ENSMUSG00000025558",2857,2577,1856,1804,1933,1746
"ENSMUSG00000025571",2220,2194,1547,1771,1961,1891
"ENSMUSG00000025572",815,585,655,618,692,697
"ENSMUSG00000025574",215,203,444,306,259,160
"ENSMUSG00000025575",815,667,898,943,823,593
"ENSMUSG00000025577",111,66,158,159,129,82
"ENSMUSG00000025578",107,129,132,140,194,124
"ENSMUSG00000025579",1862,2066,1586,2079,1432,1532
"ENSMUSG00000025580",1115,1045,1547,1329,1051,877
"ENSMUSG00000025582",10,6,11,6,21,18
"ENSMUSG00000025583",1549,1467,1342,1244,1357,1278
"ENSMUSG00000025584",364,322,123,163,260,245
"ENSMUSG00000025586",191,221,26,48,111,63
"ENSMUSG00000025591",246,254,347,288,209,203
"ENSMUSG00000025592",107,140,109,129,56,98
"ENSMUSG00000025602",124,123,137,132,100,105
"ENSMUSG00000025607",1858,1998,3012,2720,2471,2361
"ENSMUSG00000025608",1965,1255,466,638,865,721
"ENSMUSG00000025609",3266,3204,2618,3002,3523,3122
"ENSMUSG00000025610",98,59,6,7,19,16
"ENSMUSG00000025612",2217,2457,2263,2183,1737,3409
"ENSMUSG00000025613",2310,2551,4359,3656,2995,2595
"ENSMUSG00000025616",2848,2524,1713,2106,1867,2211
"ENSMUSG00000025626",955,944,1461,1192,1135,891
"ENSMUSG00000025630",918,965,1653,1400,1276,1095
"ENSMUSG00000025644",195,147,233,214,262,224
"ENSMUSG00000025645",130,126,188,165,174,99
"ENSMUSG00000025646",342,325,325,312,305,282
"ENSMUSG00000025647",1774,1265,2140,1857,1461,1348
"ENSMUSG00000025648",449,441,199,264,250,326
"ENSMUSG00000025650",7438,5089,17102,19468,12749,13264
"ENSMUSG00000025651",2702,2346,4568,3868,3366,2577
"ENSMUSG00000025656",186,194,168,171,168,197
"ENSMUSG00000025665",211,230,240,227,295,248
"ENSMUSG00000025666",558,977,315,415,949,739
"ENSMUSG00000025701",85,73,95,146,81,79
"ENSMUSG00000025702",2392,2118,1932,2031,2159,1447
"ENSMUSG00000025722",230,173,283,243,192,125
"ENSMUSG00000025723",21,13,7,10,8,11
"ENSMUSG00000025724",808,782,965,898,711,550
"ENSMUSG00000025728",1052,1034,1568,1547,1270,1063
"ENSMUSG00000025730",274,237,248,281,257,195
"ENSMUSG00000025731",301,298,242,255,272,205
"ENSMUSG00000025732",80,64,84,72,50,40
"ENSMUSG00000025733",1107,922,1064,1161,1219,955
"ENSMUSG00000025735",592,571,388,578,789,771
"ENSMUSG00000025736",1456,1445,1290,1427,1491,1351
"ENSMUSG00000025737",541,386,481,549,497,373
"ENSMUSG00000025738",34,38,7,12,21,32
"ENSMUSG00000025742",1149,1185,4008,2686,7035,2353
"ENSMUSG00000025743",900,1122,2152,1934,1543,1169
"ENSMUSG00000025745",3040,3089,3717,3607,3876,3545
"ENSMUSG00000025746",145,233,83,91,169,243
"ENSMUSG00000025747",206,183,572,415,239,136
"ENSMUSG00000025757",626,674,2213,1790,949,919
"ENSMUSG00000025758",252,266,569,444,317,271
"ENSMUSG00000025759",201,206,187,204,208,169
"ENSMUSG00000025762",933,1186,821,827,911,1111
"ENSMUSG00000025764",3594,3113,2097,2207,2644,2329
"ENSMUSG00000025766",200,271,143,151,165,155
"ENSMUSG00000025776",27,29,51,39,49,37
"ENSMUSG00000025779",58,52,118,133,64,82
"ENSMUSG00000025780",469,2022,204,370,329,118
"ENSMUSG00000025781",2656,2491,4248,3783,2714,2615
"ENSMUSG00000025782",1063,1148,635,676,927,928
"ENSMUSG00000025783",330,271,95,144,222,189
"ENSMUSG00000025784",40,83,10,19,13,25
"ENSMUSG00000025785",273,224,336,285,207,197
"ENSMUSG00000025786",13526,14758,2788,2876,4072,3310
"ENSMUSG00000025787",52264,57067,2201,4610,10685,8706
"ENSMUSG00000025790",478,695,1680,1369,1456,1503
"ENSMUSG00000025791",512,519,970,718,694,599
"ENSMUSG00000025792",185,210,532,416,251,171
"ENSMUSG00000025793",1229,1149,1224,1279,1214,1070
"ENSMUSG00000025794",7423,7125,7819,6694,7052,8056
"ENSMUSG00000025795",1434,982,709,989,1138,1287
"ENSMUSG00000025804",9,6,49,11,11,6
"ENSMUSG00000025808",102,62,83,112,76,91
"ENSMUSG00000025809",12910,13781,19125,17977,15000,15019
"ENSMUSG00000025810",334,295,108,150,164,111
"ENSMUSG00000025812",8992,9657,6327,7441,9061,10002
"ENSMUSG00000025813",485,708,164,328,482,502
"ENSMUSG00000025815",475,424,130,208,213,234
"ENSMUSG00000025816",436,385,383,554,414,384
"ENSMUSG00000025817",884,1010,1349,1137,1079,848
"ENSMUSG00000025821",1112,760,1380,1242,1229,1048
"ENSMUSG00000025823",5262,6200,4534,5207,3119,3143
"ENSMUSG00000025825",599,594,565,578,616,547
"ENSMUSG00000025854",591,460,164,395,509,516
"ENSMUSG00000025855",47,40,7,12,15,9
"ENSMUSG00000025856",5135,3763,2967,3159,6661,6650
"ENSMUSG00000025857",380,343,537,457,428,342
"ENSMUSG00000025858",654,591,561,518,503,413
"ENSMUSG00000025860",3782,3730,3510,3390,4090,3757
"ENSMUSG00000025862",8094,7284,4048,4202,5679,6014
"ENSMUSG00000025867",570,727,411,620,2634,1942
"ENSMUSG00000025868",413,367,558,651,550,482
"ENSMUSG00000025869",202,210,374,292,199,157
"ENSMUSG00000025870",306,240,145,151,222,195
"ENSMUSG00000025871",1554,1583,1936,2075,2452,2028
"ENSMUSG00000025872",304,294,551,399,327,296
"ENSMUSG00000025873",2200,2149,2597,2577,2501,2202
"ENSMUSG00000025875",151,131,152,118,278,160
"ENSMUSG00000025877",13,15,18,11,7,8
"ENSMUSG00000025878",671,605,687,679,638,662
"ENSMUSG00000025880",1581,1501,1594,1728,1629,2558
"ENSMUSG00000025885",1104,1069,381,403,623,589
"ENSMUSG00000025887",160,100,604,273,226,200
"ENSMUSG00000025893",81,82,86,75,79,63
"ENSMUSG00000025894",418,456,729,642,691,500
"ENSMUSG00000025898",977,1018,849,860,944,923
"ENSMUSG00000025899",534,566,527,514,519,375
"ENSMUSG00000025902",49,25,10,8,9,6
"ENSMUSG00000025903",1692,1898,3360,3019,3239,2569
"ENSMUSG00000025907",5183,4724,3956,4023,4803,4680
"ENSMUSG00000025911",305,193,55,20,38,16
"ENSMUSG00000025912",101,140,330,242,145,150
"ENSMUSG00000025915",818,746,607,880,799,833
"ENSMUSG00000025917",673,636,1401,1113,800,788
"ENSMUSG00000025920",674,677,856,804,943,724
"ENSMUSG00000025921",1615,1278,613,917,1027,1153
"ENSMUSG00000025925",956,876,662,675,943,768
"ENSMUSG00000025931",223,179,232,310,250,281
"ENSMUSG00000025932",45,77,14,22,26,28
"ENSMUSG00000025933",51,94,62,46,34,44
"ENSMUSG00000025934",322,318,61,88,147,175
"ENSMUSG00000025935",3631,4106,3707,3653,3144,2695
"ENSMUSG00000025937",590,776,687,705,474,544
"ENSMUSG00000025938",32,21,74,77,29,50
"ENSMUSG00000025939",956,978,962,946,1016,890
"ENSMUSG00000025940",296,247,463,485,397,285
"ENSMUSG00000025949",1635,1761,1794,1900,2017,1787
"ENSMUSG00000025950",1032,1068,4134,3504,1791,1599
"ENSMUSG00000025956",109,133,146,141,110,95
"ENSMUSG00000025958",2027,1901,2195,2234,2341,1917
"ENSMUSG00000025959",764,729,844,891,461,822
"ENSMUSG00000025962",271,295,533,456,300,249
"ENSMUSG00000025964",54,101,13,10,26,21
"ENSMUSG00000025967",5233,5366,7821,6768,6550,7080
"ENSMUSG00000025968",1128,1088,1865,1538,1392,1269
"ENSMUSG00000025969",191,174,226,121,158,188
"ENSMUSG00000025971",415,339,421,415,368,290
"ENSMUSG00000025978",134,114,33,36,33,32
"ENSMUSG00000025979",2050,2164,1995,2002,2078,1798
"ENSMUSG00000025980",2587,3033,5170,4070,3029,2377
"ENSMUSG00000025981",2871,3815,1522,2106,2094,3582
"ENSMUSG00000025982",12243,12687,10750,11693,11530,13095
"ENSMUSG00000025986",792,963,1914,1256,1294,1124
"ENSMUSG00000025993",408,314,1315,1316,449,355
"ENSMUSG00000025995",752,791,1455,1065,811,730
"ENSMUSG00000025997",1912,2714,3445,2917,2330,2150
"ENSMUSG00000026000",1813,1949,5205,4750,6781,3518
"ENSMUSG00000026003",1709,1584,1574,1128,1443,1330
"ENSMUSG00000026004",1956,2052,1516,1689,2185,2260
"ENSMUSG00000026005",619,731,1083,1049,966,790
"ENSMUSG00000026014",1252,1283,1773,1697,1229,1091
"ENSMUSG00000026017",394,377,397,472,495,484
"ENSMUSG00000026018",569,484,234,261,359,514
"ENSMUSG00000026019",344,371,739,530,404,307
"ENSMUSG00000026020",3921,4970,4492,3137,2648,2958
"ENSMUSG00000026021",1067,1101,1256,1223,1159,1127
"ENSMUSG00000026024",369,437,516,505,428,371
"ENSMUSG00000026027",213,179,177,210,266,189
"ENSMUSG00000026028",992,1057,1039,1117,1020,960
"ENSMUSG00000026029",682,654,1088,889,769,631
"ENSMUSG00000026031",3630,3367,2430,2464,3168,3220
"ENSMUSG00000026032",255,275,329,337,310,275
"ENSMUSG00000026034",8451,7392,4572,6600,5300,7087
"ENSMUSG00000026035",239,170,315,275,276,208
"ENSMUSG00000026036",464,403,702,585,471,435
"ENSMUSG00000026037",541,529,796,647,577,570
"ENSMUSG00000026039",70,127,515,379,260,141
"ENSMUSG00000026042",212,311,71,75,51,82
"ENSMUSG00000026043",1774,2141,655,795,1232,1229
"ENSMUSG00000026047",361,314,577,614,540,416
"ENSMUSG00000026048",1070,1080,755,693,955,1006
"ENSMUSG00000026049",156,209,204,191,147,162
"ENSMUSG00000026051",10,12,0,3,14,5
"ENSMUSG00000026062",868,729,90,132,115,115
"ENSMUSG00000026064",2885,4258,2900,3917,3298,5211
"ENSMUSG00000026070",232,78,195,101,143,47
"ENSMUSG00000026072",480,488,685,608,511,393
"ENSMUSG00000026073",54,35,1423,702,1920,829
"ENSMUSG00000026074",3762,3523,3742,3840,4714,4709
"ENSMUSG00000026077",2886,2366,924,883,1637,1368
"ENSMUSG00000026078",1538,1410,935,1134,1222,1333
"ENSMUSG00000026080",293,240,39,97,167,189
"ENSMUSG00000026082",853,917,873,804,955,923
"ENSMUSG00000026083",4009,4243,4500,3980,4059,3997
"ENSMUSG00000026087",413,369,493,382,301,361
"ENSMUSG00000026088",241,197,502,362,224,217
"ENSMUSG00000026090",422,418,264,297,142,150
"ENSMUSG00000026094",3172,3450,3409,4795,3729,5558
"ENSMUSG00000026095",838,759,977,921,751,541
"ENSMUSG00000026096",284,280,243,308,231,242
"ENSMUSG00000026097",270,229,342,308,224,160
"ENSMUSG00000026098",186,198,209,169,155,149
"ENSMUSG00000026102",369,327,340,310,333,281
"ENSMUSG00000026103",2930,2867,3182,3101,2494,3664
"ENSMUSG00000026104",1132,814,4803,1599,955,720
"ENSMUSG00000026107",1049,1453,1109,1248,778,1604
"ENSMUSG00000026110",694,1131,1524,1112,685,534
"ENSMUSG00000026111",599,450,606,536,563,450
"ENSMUSG00000026112",1794,2101,2154,1811,1848,1621
"ENSMUSG00000026113",431,415,310,358,429,393
"ENSMUSG00000026116",5703,5787,5404,5764,7233,7375
"ENSMUSG00000026121",668,539,1196,804,952,774
"ENSMUSG00000026123",1677,1609,2783,2506,2216,1704
"ENSMUSG00000026126",62,48,51,67,11,16
"ENSMUSG00000026127",827,808,857,783,765,553
"ENSMUSG00000026131",91822,77811,34860,38942,71432,88765
"ENSMUSG00000026134",229,210,464,329,240,208
"ENSMUSG00000026135",622,468,547,513,517,413
"ENSMUSG00000026141",31,12,22,2,15,12
"ENSMUSG00000026142",1355,1309,812,755,1083,1064
"ENSMUSG00000026150",1216,1001,1376,1498,1447,1237
"ENSMUSG00000026153",1024,1010,1725,1526,1231,1384
"ENSMUSG00000026154",67,44,102,88,84,79
"ENSMUSG00000026155",848,811,1425,1328,1207,1102
"ENSMUSG00000026156",509,491,894,826,703,643
"ENSMUSG00000026158",522,718,569,590,626,688
"ENSMUSG00000026159",1571,1463,2633,2351,2282,1758
"ENSMUSG00000026162",25,16,24,8,21,27
"ENSMUSG00000026166",5,2,1954,53,101,82
"ENSMUSG00000026167",19,27,354,220,194,118
"ENSMUSG00000026170",374,308,248,381,266,229
"ENSMUSG00000026171",364,346,255,326,300,256
"ENSMUSG00000026172",172,172,269,214,218,147
"ENSMUSG00000026173",175,114,102,105,122,105
"ENSMUSG00000026174",854,835,1536,1122,1008,743
"ENSMUSG00000026175",49,55,19,24,25,40
"ENSMUSG00000026176",1863,1352,1189,1288,1589,1348
"ENSMUSG00000026177",16,21,14,12,5,5
"ENSMUSG00000026179",968,1097,572,655,914,830
"ENSMUSG00000026181",838,718,575,618,816,631
"ENSMUSG00000026185",16126,24345,117606,167323,112101,152054
"ENSMUSG00000026187",841,862,1756,1322,999,1008
"ENSMUSG00000026189",95,112,114,89,52,57
"ENSMUSG00000026192",857,928,1703,1240,1024,791
"ENSMUSG00000026193",1610,1731,12914,9034,3352,3221
"ENSMUSG00000026196",29,86,321,220,145,92
"ENSMUSG00000026197",260,219,255,256,261,201
"ENSMUSG00000026198",208,209,168,167,150,131
"ENSMUSG00000026199",317,242,283,338,267,259
"ENSMUSG00000026200",334,280,265,337,312,275
"ENSMUSG00000026201",508,456,540,585,517,466
"ENSMUSG00000026202",855,940,1232,1052,503,656
"ENSMUSG00000026203",376,388,316,378,347,271
"ENSMUSG00000026204",122,103,25,39,39,80
"ENSMUSG00000026205",45,32,27,10,17,25
"ENSMUSG00000026207",21,9,9,16,4,14
"ENSMUSG00000026208",164,128,10,38,45,44
"ENSMUSG00000026209",331,334,788,661,292,223
"ENSMUSG00000026211",1106,970,861,800,722,624
"ENSMUSG00000026213",321,288,435,414,350,301
"ENSMUSG00000026219",8089,9089,10550,9785,9606,10119
"ENSMUSG00000026220",3,0,540,321,28,16
"ENSMUSG00000026222",301,105,385,149,30,70
"ENSMUSG00000026223",4236,3633,3594,4048,4500,4355
"ENSMUSG00000026224",14,9,3,6,18,15
"ENSMUSG00000026228",20,22,33,28,26,27
"ENSMUSG00000026229",2180,2419,4092,3505,2940,2701
"ENSMUSG00000026234",14580,16750,25945,17318,15200,16756
"ENSMUSG00000026235",300,493,1040,1708,1303,1753
"ENSMUSG00000026238",10527,12247,13763,12154,10559,10782
"ENSMUSG00000026239",204,138,255,223,219,181
"ENSMUSG00000026240",227,225,303,287,264,191
"ENSMUSG00000026241",14,4,7,12,2,12
"ENSMUSG00000026245",994,949,1391,1145,871,701
"ENSMUSG00000026248",217,126,377,332,271,169
"ENSMUSG00000026249",792,793,820,1121,636,716
"ENSMUSG00000026254",1375,1196,1362,1322,1261,1140
"ENSMUSG00000026259",179,165,19,39,60,30
"ENSMUSG00000026260",1273,1324,2164,1792,1619,1383
"ENSMUSG00000026269",1598,1362,1663,1676,1598,1197
"ENSMUSG00000026270",224,178,218,194,202,143
"ENSMUSG00000026271",13,11,17,10,13,12
"ENSMUSG00000026273",946,746,439,566,806,726
"ENSMUSG00000026274",57,75,280,240,116,70
"ENSMUSG00000026275",1107,1222,1167,909,1050,935
"ENSMUSG00000026276",3985,4217,6799,6314,4471,3946
"ENSMUSG00000026277",1350,1282,1054,1122,946,990
"ENSMUSG00000026278",91,86,254,167,73,56
"ENSMUSG00000026279",471,394,553,460,574,387
"ENSMUSG00000026280",610,560,503,608,568,448
"ENSMUSG00000026281",402,400,567,502,392,351
"ENSMUSG00000026283",1120,1353,669,717,822,899
"ENSMUSG00000026288",29,66,22,16,15,25
"ENSMUSG00000026289",679,613,691,770,619,543
"ENSMUSG00000026303",903,1055,264,444,253,137
"ENSMUSG00000026304",166,55,14,11,17,37
"ENSMUSG00000026305",1451,1371,2399,2202,1156,1066
"ENSMUSG00000026307",208,188,229,200,161,157
"ENSMUSG00000026309",766,701,762,863,702,621
"ENSMUSG00000026311",343,346,261,253,309,312
"ENSMUSG00000026313",3561,3431,2546,2951,3514,4077
"ENSMUSG00000026315",54,101,454,346,156,112
"ENSMUSG00000026317",507,637,530,594,634,596
"ENSMUSG00000026319",2063,1957,1851,1766,1720,1833
"ENSMUSG00000026321",144,123,335,214,96,114
"ENSMUSG00000026322",5,0,12,11,15,14
"ENSMUSG00000026327",14,0,78,80,4,3
"ENSMUSG00000026333",168,152,176,200,174,136
"ENSMUSG00000026335",4021,4348,2915,3439,2684,3093
"ENSMUSG00000026339",714,704,636,741,727,628
"ENSMUSG00000026341",4354,5171,5903,5611,4757,5600
"ENSMUSG00000026342",989,946,937,1003,855,891
"ENSMUSG00000026343",97,86,290,235,95,114
"ENSMUSG00000026344",43,43,135,118,45,72
"ENSMUSG00000026347",81,81,136,124,131,94
"ENSMUSG00000026349",2458,2175,1890,2390,2172,1790
"ENSMUSG00000026353",3349,3574,2974,3345,3221,3007
"ENSMUSG00000026354",29,43,17,10,8,18
"ENSMUSG00000026355",917,1154,3224,1954,1301,825
"ENSMUSG00000026356",1617,1688,2442,2208,1882,1577
"ENSMUSG00000026358",58,45,162,104,90,89
"ENSMUSG00000026360",1029,1604,1098,1786,1466,1836
"ENSMUSG00000026361",2908,3133,2397,2365,3111,3124
"ENSMUSG00000026365",3735,3829,3070,3583,3935,4597
"ENSMUSG00000026374",1129,1051,1322,1216,1220,890
"ENSMUSG00000026377",566,479,933,582,528,437
"ENSMUSG00000026380",1598,3096,4943,4436,1892,1317
"ENSMUSG00000026383",913,930,679,689,688,566
"ENSMUSG00000026384",2320,2401,2343,2086,2535,2615
"ENSMUSG00000026385",881,1259,1402,1725,1322,1509
"ENSMUSG00000026388",46,35,36,48,28,35
"ENSMUSG00000026389",64,89,136,128,58,48
"ENSMUSG00000026393",3752,3799,3521,3137,3095,3150
"ENSMUSG00000026395",49,43,125,46,34,14
"ENSMUSG00000026399",403,214,276,395,184,168
"ENSMUSG00000026404",186,191,243,170,184,155
"ENSMUSG00000026409",1056,1195,870,1179,1169,1041
"ENSMUSG00000026411",816,605,688,802,662,662
"ENSMUSG00000026413",7478,5646,8993,6766,6720,7455
"ENSMUSG00000026414",79,55,86,130,37,69
"ENSMUSG00000026415",47,60,191,100,121,99
"ENSMUSG00000026417",1005,203,3354,3775,889,720
"ENSMUSG00000026418",47,26,14,26,16,40
"ENSMUSG00000026421",9869,9845,6403,6996,9900,8532
"ENSMUSG00000026424",30,64,7,12,10,3
"ENSMUSG00000026425",3216,3038,1377,1408,1650,1772
"ENSMUSG00000026426",404,381,568,496,467,415
"ENSMUSG00000026427",637,599,764,710,693,577
"ENSMUSG00000026429",13,35,56,43,31,28
"ENSMUSG00000026430",1019,708,1090,973,1033,1111
"ENSMUSG00000026433",118,105,143,138,121,88
"ENSMUSG00000026434",6532,7073,7932,6607,6960,6459
"ENSMUSG00000026435",1394,1262,1102,1162,820,701
"ENSMUSG00000026436",5100,4849,4370,4451,4924,5369
"ENSMUSG00000026437",1126,987,1254,1232,1272,992
"ENSMUSG00000026439",809,734,743,648,797,589
"ENSMUSG00000026442",10,13,152,31,29,159
"ENSMUSG00000026447",776,590,598,590,435,412
"ENSMUSG00000026452",89,64,24,18,37,50
"ENSMUSG00000026455",608,608,456,524,527,445
"ENSMUSG00000026456",416,400,347,476,304,339
"ENSMUSG00000026457",3768,3657,2922,3051,3161,3160
"ENSMUSG00000026458",48,36,12,24,28,31
"ENSMUSG00000026463",523,485,366,340,249,208
"ENSMUSG00000026466",3281,3119,2245,2143,2447,2477
"ENSMUSG00000026469",3379,4012,3805,3486,5260,4654
"ENSMUSG00000026470",743,609,1287,1228,1236,1054
"ENSMUSG00000026471",1090,993,1064,1126,1090,1056
"ENSMUSG00000026473",17345,17466,13394,13308,18170,13458
"ENSMUSG00000026475",408,502,81,47,449,329
"ENSMUSG00000026478",9564,9367,8892,9702,9874,10196
"ENSMUSG00000026479",11165,14582,13661,13939,12858,15585
"ENSMUSG00000026480",53,27,42,36,31,34
"ENSMUSG00000026482",312,271,81,96,98,94
"ENSMUSG00000026483",1399,1947,1036,1432,2085,2258
"ENSMUSG00000026484",2042,1685,1552,1690,2044,1932
"ENSMUSG00000026489",528,405,582,394,542,447
"ENSMUSG00000026490",3298,3059,2179,2387,3164,3355
"ENSMUSG00000026491",3135,3426,3077,2614,3340,3115
"ENSMUSG00000026492",363,340,428,488,409,391
"ENSMUSG00000026494",73,68,633,276,63,72
"ENSMUSG00000026495",163,155,48,55,110,73
"ENSMUSG00000026496",1126,1353,1569,1306,1041,862
"ENSMUSG00000026499",1565,1649,1375,1530,1499,1383
"ENSMUSG00000026500",972,797,671,759,647,768
"ENSMUSG00000026502",486,491,797,596,587,406
"ENSMUSG00000026504",345,330,263,291,319,345
"ENSMUSG00000026509",1954,2132,2757,2353,2044,2160
"ENSMUSG00000026510",2529,2824,1947,2398,2119,3625
"ENSMUSG00000026511",380,362,290,325,317,307
"ENSMUSG00000026516",1218,1360,1543,1378,1532,1163
"ENSMUSG00000026519",890,632,1476,1342,902,801
"ENSMUSG00000026520",134,142,358,248,139,95
"ENSMUSG00000026525",49,46,40,50,21,25
"ENSMUSG00000026526",681,557,1380,1269,745,609
"ENSMUSG00000026527",21,2,37,40,2,6
"ENSMUSG00000026535",18,22,169,51,3,2
"ENSMUSG00000026544",37,30,28,72,41,44
"ENSMUSG00000026546",67,50,77,104,55,48
"ENSMUSG00000026547",1868,2812,5502,4659,2070,2088
"ENSMUSG00000026553",6210,6806,7128,8001,6326,6635
"ENSMUSG00000026554",2702,2163,2506,2689,2428,2332
"ENSMUSG00000026556",556,501,1011,867,1107,1048
"ENSMUSG00000026558",1092,1085,1549,1277,1347,1086
"ENSMUSG00000026563",363,304,510,537,468,338
"ENSMUSG00000026565",1841,1665,1350,1287,1662,1608
"ENSMUSG00000026566",2455,2304,606,607,522,516
"ENSMUSG00000026567",24,26,4,2,5,12
"ENSMUSG00000026568",659,602,343,324,304,297
"ENSMUSG00000026571",2222,1998,924,1101,1170,1221
"ENSMUSG00000026574",107,161,20,24,26,43
"ENSMUSG00000026575",2365,2283,3596,3841,2378,2355
"ENSMUSG00000026576",10099,8955,14813,16364,9240,9559
"ENSMUSG00000026577",580,571,565,594,623,527
"ENSMUSG00000026578",252,254,306,292,257,191
"ENSMUSG00000026579",95,35,92,126,107,53
"ENSMUSG00000026580",81,59,46,28,37,30
"ENSMUSG00000026582",43,30,7,6,22,15
"ENSMUSG00000026584",819,761,927,916,841,746
"ENSMUSG00000026585",990,946,848,807,1029,928
"ENSMUSG00000026586",125,145,17,51,53,44
"ENSMUSG00000026594",1890,1615,1110,1150,1260,1649
"ENSMUSG00000026596",1664,1593,2513,2506,2021,2872
"ENSMUSG00000026600",725,678,495,451,580,599
"ENSMUSG00000026601",7,12,10,7,8,14
"ENSMUSG00000026603",720,697,722,656,562,591
"ENSMUSG00000026604",24811,22692,7943,9936,20613,22756
"ENSMUSG00000026605",69,182,1792,1261,928,541
"ENSMUSG00000026608",663,694,881,873,765,672
"ENSMUSG00000026610",184,182,86,81,37,40
"ENSMUSG00000026615",4052,5453,5990,5854,4380,5087
"ENSMUSG00000026617",341,385,626,618,526,393
"ENSMUSG00000026618",1879,1909,2319,1973,1968,1592
"ENSMUSG00000026620",777,523,468,491,794,711
"ENSMUSG00000026622",10,43,277,182,95,54
"ENSMUSG00000026623",1114,1116,1160,967,1303,1162
"ENSMUSG00000026626",2301,1971,2523,2741,2540,2467
"ENSMUSG00000026627",228,194,176,231,239,197
"ENSMUSG00000026628",40445,46297,21354,28430,28908,34999
"ENSMUSG00000026630",15,23,2,6,3,19
"ENSMUSG00000026632",134,133,102,125,121,91
"ENSMUSG00000026634",1197,977,1138,1185,1289,1313
"ENSMUSG00000026637",158,122,85,87,52,105
"ENSMUSG00000026638",6364,6476,7408,7812,6020,5711
"ENSMUSG00000026639",9606,8859,10306,12193,9516,10899
"ENSMUSG00000026640",415,308,662,541,364,367
"ENSMUSG00000026641",301,240,351,345,315,282
"ENSMUSG00000026643",846,953,853,904,840,833
"ENSMUSG00000026646",109,112,198,126,141,85
"ENSMUSG00000026648",331,288,276,259,218,195
"ENSMUSG00000026649",15,13,10,8,18,21
"ENSMUSG00000026655",4393,5942,4411,5162,4918,9751
"ENSMUSG00000026656",30,27,36,30,21,37
"ENSMUSG00000026657",756,640,679,622,598,538
"ENSMUSG00000026659",204,183,229,194,199,187
"ENSMUSG00000026662",952,779,1246,1163,1190,1104
"ENSMUSG00000026663",2940,3300,1906,1918,2351,2252
"ENSMUSG00000026664",935,1255,898,582,523,483
"ENSMUSG00000026667",2546,2731,3486,3155,3502,2913
"ENSMUSG00000026669",30,110,367,200,54,63
"ENSMUSG00000026670",799,1057,990,965,855,1216
"ENSMUSG00000026672",370,409,404,378,236,314
"ENSMUSG00000026674",182,233,28,51,41,72
"ENSMUSG00000026675",193,359,752,399,192,221
"ENSMUSG00000026676",3612,3149,8933,10334,7078,6619
"ENSMUSG00000026678",1406,463,278,309,153,125
"ENSMUSG00000026679",4,11,11,8,5,22
"ENSMUSG00000026683",20,27,449,320,166,108
"ENSMUSG00000026687",940,1102,854,835,822,724
"ENSMUSG00000026688",590,507,1132,1128,639,522
"ENSMUSG00000026691",2536,2066,152,381,173,339
"ENSMUSG00000026692",16,13,13,31,15,24
"ENSMUSG00000026694",389,274,337,263,220,219
"ENSMUSG00000026696",756,669,441,517,575,496
"ENSMUSG00000026697",38,41,7,10,13,19
"ENSMUSG00000026698",251,179,328,351,300,224
"ENSMUSG00000026701",9446,8470,4098,4023,3892,3191
"ENSMUSG00000026705",559,508,626,624,600,509
"ENSMUSG00000026707",237,232,177,174,167,163
"ENSMUSG00000026708",177,155,288,210,168,204
"ENSMUSG00000026709",330,362,462,439,357,367
"ENSMUSG00000026712",167,187,121,145,76,63
"ENSMUSG00000026715",177,154,102,134,172,147
"ENSMUSG00000026718",1167,1051,1248,1316,1222,1147
"ENSMUSG00000026721",2124,1905,1377,1345,1654,1888
"ENSMUSG00000026723",268,253,224,243,228,208
"ENSMUSG00000026725",36,30,24,20,46,60
"ENSMUSG00000026727",1138,1013,1081,1069,1079,955
"ENSMUSG00000026728",727,769,327,239,197,210
"ENSMUSG00000026729",350,294,339,390,366,428
"ENSMUSG00000026730",135,150,184,169,106,85
"ENSMUSG00000026737",133,172,175,134,192,134
"ENSMUSG00000026739",852,895,1172,1125,1200,1095
"ENSMUSG00000026740",1690,1909,1387,1571,1549,1470
"ENSMUSG00000026743",2121,1980,1492,1736,1890,1909
"ENSMUSG00000026748",934,1082,632,791,955,871
"ENSMUSG00000026749",893,895,2057,1578,1491,1323
"ENSMUSG00000026750",687,713,1250,1016,854,848
"ENSMUSG00000026753",3238,3439,3572,3693,4004,3522
"ENSMUSG00000026754",922,853,1253,1199,1073,862
"ENSMUSG00000026755",459,392,725,679,552,438
"ENSMUSG00000026761",1504,1527,1749,1782,1689,1499
"ENSMUSG00000026764",437,343,70,76,100,192
"ENSMUSG00000026766",555,456,883,767,638,577
"ENSMUSG00000026767",643,589,1300,1096,858,761
"ENSMUSG00000026768",228,94,518,571,499,883
"ENSMUSG00000026771",979,955,945,896,961,952
"ENSMUSG00000026773",1806,2119,639,612,938,1072
"ENSMUSG00000026775",2839,2840,3223,3325,2867,2689
"ENSMUSG00000026779",135,103,502,344,225,181
"ENSMUSG00000026781",1741,1926,1735,1965,2136,2313
"ENSMUSG00000026782",1414,1612,1353,1290,1531,1429
"ENSMUSG00000026784",252,317,398,314,215,322
"ENSMUSG00000026785",92,68,79,73,73,54
"ENSMUSG00000026786",16,17,22,12,13,9
"ENSMUSG00000026788",535,512,523,533,534,418
"ENSMUSG00000026790",1078,1124,1093,1142,1096,1091
"ENSMUSG00000026791",155,108,85,71,101,88
"ENSMUSG00000026792",382,343,248,314,312,294
"ENSMUSG00000026796",4233,3684,3544,3412,3781,3106
"ENSMUSG00000026797",414,386,262,234,211,230
"ENSMUSG00000026798",167,141,213,193,154,112
"ENSMUSG00000026799",239,229,296,275,248,233
"ENSMUSG00000026803",409,452,398,451,424,333
"ENSMUSG00000026806",191,209,428,371,284,227
"ENSMUSG00000026810",288,272,325,297,258,201
"ENSMUSG00000026811",35,39,42,27,38,57
"ENSMUSG00000026812",966,834,603,651,649,668
"ENSMUSG00000026814",495,251,232,117,124,86
"ENSMUSG00000026816",523,517,648,644,644,452
"ENSMUSG00000026817",45,53,315,219,88,101
"ENSMUSG00000026819",3952,5030,1546,1438,2281,3910
"ENSMUSG00000026820",180,135,311,181,176,133
"ENSMUSG00000026821",783,872,1618,1336,1269,855
"ENSMUSG00000026822",1966,1715,12303,2928,2024,2051
"ENSMUSG00000026825",69,87,43,65,48,46
"ENSMUSG00000026826",1995,2353,1048,1841,2998,5211
"ENSMUSG00000026827",1036,1130,1327,1216,1254,1295
"ENSMUSG00000026828",21,20,13,6,3,8
"ENSMUSG00000026831",5,9,20,18,18,15
"ENSMUSG00000026832",106,62,108,124,123,73
"ENSMUSG00000026833",458,630,88,167,298,426
"ENSMUSG00000026834",157,131,2,11,17,19
"ENSMUSG00000026836",670,635,1284,1088,932,894
"ENSMUSG00000026837",530,464,180,281,212,259
"ENSMUSG00000026839",60,49,46,51,31,35
"ENSMUSG00000026840",303,284,6,12,55,56
"ENSMUSG00000026842",2534,2122,1818,1965,2505,2393
"ENSMUSG00000026843",1364,1256,1524,1363,1351,1625
"ENSMUSG00000026848",848,746,932,824,715,586
"ENSMUSG00000026849",284,192,265,276,267,194
"ENSMUSG00000026851",486,531,483,524,499,428
"ENSMUSG00000026853",478,391,269,316,354,281
"ENSMUSG00000026854",347,234,228,240,203,195
"ENSMUSG00000026856",217,180,280,242,187,194
"ENSMUSG00000026857",190,179,209,207,137,99
"ENSMUSG00000026858",304,254,367,373,321,248
"ENSMUSG00000026860",733,612,654,763,871,675
"ENSMUSG00000026864",19314,35035,16733,20629,14969,15817
"ENSMUSG00000026867",3223,3293,3273,3288,3404,2968
"ENSMUSG00000026869",862,840,1151,1048,859,742
"ENSMUSG00000026870",219,216,113,226,170,114
"ENSMUSG00000026872",418,269,116,121,115,127
"ENSMUSG00000026873",69,114,78,84,74,57
"ENSMUSG00000026874",2,2,69,63,11,31
"ENSMUSG00000026875",85,27,17,15,10,22
"ENSMUSG00000026878",3368,3473,3485,3774,3573,3051
"ENSMUSG00000026879",10720,14319,12341,13711,12570,8985
"ENSMUSG00000026880",135,128,2061,540,181,192
"ENSMUSG00000026883",2265,1888,2294,2365,2980,2865
"ENSMUSG00000026885",27,20,25,20,15,25
"ENSMUSG00000026887",416,396,434,452,417,361
"ENSMUSG00000026888",171,109,51,81,71,75
"ENSMUSG00000026889",1057,1034,812,791,918,873
"ENSMUSG00000026890",29,18,25,36,14,31
"ENSMUSG00000026893",178,136,58,88,66,59
"ENSMUSG00000026895",283,266,508,408,299,282
"ENSMUSG00000026896",783,632,1248,679,401,543
"ENSMUSG00000026914",879,1001,2345,1864,1257,1306
"ENSMUSG00000026915",2921,3524,2764,3444,3256,3231
"ENSMUSG00000026917",778,870,1105,857,840,666
"ENSMUSG00000026918",2638,2462,2258,2037,2800,2743
"ENSMUSG00000026921",148,78,32,39,48,32
"ENSMUSG00000026922",211,179,199,187,191,128
"ENSMUSG00000026923",6459,6411,11810,10192,10950,8133
"ENSMUSG00000026924",5130,5531,4269,4383,4280,4193
"ENSMUSG00000026925",915,806,1005,986,944,794
"ENSMUSG00000026926",1363,1485,1934,1701,1623,1333
"ENSMUSG00000026927",934,856,992,1049,1094,845
"ENSMUSG00000026930",451,275,142,216,220,268
"ENSMUSG00000026931",7,4,16,16,30,11
"ENSMUSG00000026932",925,834,920,1031,1228,1029
"ENSMUSG00000026933",1887,1500,2460,2220,2241,2032
"ENSMUSG00000026939",104,115,109,99,81,66
"ENSMUSG00000026941",282,229,253,242,276,232
"ENSMUSG00000026942",520,549,429,403,437,336
"ENSMUSG00000026944",848,907,979,1067,820,737
"ENSMUSG00000026946",212,184,374,204,189,157
"ENSMUSG00000026950",46,30,18,32,16,28
"ENSMUSG00000026955",3,3,69,38,21,9
"ENSMUSG00000026956",233,165,244,247,138,117
"ENSMUSG00000026958",100,201,308,252,148,160
"ENSMUSG00000026959",13,12,14,24,3,6
"ENSMUSG00000026960",586,598,749,705,667,546
"ENSMUSG00000026961",86,59,98,134,8,22
"ENSMUSG00000026965",1767,1463,1566,1676,1619,1375
"ENSMUSG00000026966",197,177,321,263,223,197
"ENSMUSG00000026969",341,388,473,318,244,281
"ENSMUSG00000026970",4452,4037,4035,3767,4723,4503
"ENSMUSG00000026971",1737,1841,3874,2292,3273,2736
"ENSMUSG00000026972",862,679,764,771,548,596
"ENSMUSG00000026974",168,183,433,268,255,189
"ENSMUSG00000026975",161,168,164,142,111,114
"ENSMUSG00000026976",10,18,5,2,4,11
"ENSMUSG00000026977",4092,4371,3107,3384,3174,3823
"ENSMUSG00000026979",572,487,709,603,363,354
"ENSMUSG00000026980",847,586,1584,1276,880,952
"ENSMUSG00000026981",15,22,527,211,16,21
"ENSMUSG00000026986",160,223,88,73,86,101
"ENSMUSG00000026987",4396,4409,2492,2743,3385,4491
"ENSMUSG00000026988",528,441,473,431,497,486
"ENSMUSG00000026989",23,30,2101,1647,243,265
"ENSMUSG00000026991",2236,2263,3712,3772,2779,2864
"ENSMUSG00000026994",712,682,1654,1545,1634,1096
"ENSMUSG00000026999",141,105,232,240,213,117
"ENSMUSG00000027001",112,128,172,198,182,107
"ENSMUSG00000027002",4767,5939,8607,7199,6716,6465
"ENSMUSG00000027006",10430,10346,4359,5799,4689,3958
"ENSMUSG00000027007",3654,3441,5023,5763,5958,5339
"ENSMUSG00000027009",56,29,62,34,16,21
"ENSMUSG00000027010",776,742,587,533,745,650
"ENSMUSG00000027011",1375,1115,1591,1722,1924,1838
"ENSMUSG00000027012",2491,2429,3267,3126,2905,2733
"ENSMUSG00000027014",964,2029,885,947,886,842
"ENSMUSG00000027015",26,23,20,11,13,14
"ENSMUSG00000027016",31,52,21,8,28,11
"ENSMUSG00000027018",643,696,1177,832,666,575
"ENSMUSG00000027030",1288,1537,1750,1812,1843,1881
"ENSMUSG00000027035",1306,2117,1910,2208,2487,1883
"ENSMUSG00000027067",1790,2007,2906,2354,2138,1811
"ENSMUSG00000027068",7,85,1389,1290,808,685
"ENSMUSG00000027071",46,54,57,42,43,56
"ENSMUSG00000027074",238,173,201,96,79,51
"ENSMUSG00000027075",122,97,32,31,97,75
"ENSMUSG00000027076",102,100,205,128,80,66
"ENSMUSG00000027078",194,109,271,116,92,107
"ENSMUSG00000027079",182,188,229,189,193,139
"ENSMUSG00000027080",619,637,992,892,776,593
"ENSMUSG00000027082",103,249,48,22,33,24
"ENSMUSG00000027086",349,364,292,287,348,269
"ENSMUSG00000027087",13807,14058,14031,16176,18513,20241
"ENSMUSG00000027088",349,288,395,355,324,258
"ENSMUSG00000027091",1608,2053,2013,2006,1862,2018
"ENSMUSG00000027099",520,496,749,659,657,522
"ENSMUSG00000027102",367,401,469,487,652,535
"ENSMUSG00000027104",2594,2608,2218,2310,2475,2356
"ENSMUSG00000027108",676,791,1562,1208,935,1002
"ENSMUSG00000027109",3617,3422,3291,3369,3715,3497
"ENSMUSG00000027111",14657,16091,22981,20928,21179,20846
"ENSMUSG00000027115",150,123,296,283,185,134
"ENSMUSG00000027122",825,783,903,900,903,766
"ENSMUSG00000027130",3407,2737,1454,1456,1799,1702
"ENSMUSG00000027131",383,320,419,371,352,330
"ENSMUSG00000027132",557,557,658,632,562,598
"ENSMUSG00000027133",341,498,507,510,458,425
"ENSMUSG00000027134",239,169,476,446,274,220
"ENSMUSG00000027160",404,354,1018,790,586,583
"ENSMUSG00000027162",3943,4180,4107,4255,4863,4510
"ENSMUSG00000027163",168,169,249,207,197,176
"ENSMUSG00000027164",1582,1233,1475,1276,1559,1372
"ENSMUSG00000027165",136,179,140,130,114,111
"ENSMUSG00000027166",208,189,214,239,189,125
"ENSMUSG00000027167",427,470,512,416,394,458
"ENSMUSG00000027168",29,18,7,19,21,22
"ENSMUSG00000027170",2038,1901,3047,2516,2485,2316
"ENSMUSG00000027171",262,260,649,480,159,146
"ENSMUSG00000027173",308,417,145,271,277,457
"ENSMUSG00000027175",533,478,525,554,706,573
"ENSMUSG00000027176",1478,1577,1116,1416,1499,1490
"ENSMUSG00000027177",7711,8388,6053,6062,8679,9883
"ENSMUSG00000027180",1780,1526,1772,1781,1685,1441
"ENSMUSG00000027184",5919,6219,13223,11342,9243,7673
"ENSMUSG00000027185",681,653,794,714,523,506
"ENSMUSG00000027186",107,140,71,73,17,27
"ENSMUSG00000027187",1139,1424,1424,1607,1187,1061
"ENSMUSG00000027188",13,26,19,27,7,8
"ENSMUSG00000027189",4302,4256,3439,3288,4159,3765
"ENSMUSG00000027193",2815,2756,4079,3645,3724,3188
"ENSMUSG00000027194",1320,1296,895,982,1351,1268
"ENSMUSG00000027195",1259,1370,1618,1363,1260,1282
"ENSMUSG00000027196",34,9,9,10,16,12
"ENSMUSG00000027198",2042,1689,1683,1991,1838,1792
"ENSMUSG00000027199",111,81,102,114,57,30
"ENSMUSG00000027200",1476,1133,1796,2154,2363,1984
"ENSMUSG00000027201",410,426,930,702,718,726
"ENSMUSG00000027203",305,288,949,712,540,354
"ENSMUSG00000027204",552,757,105,133,144,131
"ENSMUSG00000027206",2934,2969,3596,3220,3286,3080
"ENSMUSG00000027207",321,294,411,510,335,268
"ENSMUSG00000027208",24,31,10,15,13,31
"ENSMUSG00000027209",31,25,44,53,33,24
"ENSMUSG00000027210",646,602,1249,488,354,387
"ENSMUSG00000027215",513,514,380,358,287,297
"ENSMUSG00000027217",91,78,14,18,34,25
"ENSMUSG00000027220",21,17,11,8,23,15
"ENSMUSG00000027222",240,200,129,238,223,173
"ENSMUSG00000027223",759,650,686,936,1311,1279
"ENSMUSG00000027224",153,156,679,595,213,205
"ENSMUSG00000027227",1391,1184,869,946,1011,939
"ENSMUSG00000027230",65,91,16,10,18,19
"ENSMUSG00000027236",715,849,668,646,581,646
"ENSMUSG00000027239",79,109,480,532,185,201
"ENSMUSG00000027242",240,289,350,240,220,182
"ENSMUSG00000027243",210,173,143,165,143,111
"ENSMUSG00000027244",1055,987,628,730,823,743
"ENSMUSG00000027245",601,572,666,599,516,515
"ENSMUSG00000027246",80,59,47,44,49,70
"ENSMUSG00000027247",2203,2257,2213,2220,2135,1851
"ENSMUSG00000027248",10239,12340,12851,13720,8480,8891
"ENSMUSG00000027249",15,13,9,4,14,19
"ENSMUSG00000027253",4239,3523,1449,1737,3283,3050
"ENSMUSG00000027254",139,186,61,85,110,110
"ENSMUSG00000027255",1498,1288,1340,1349,1421,1124
"ENSMUSG00000027257",422,303,374,418,421,325
"ENSMUSG00000027259",345,280,361,394,375,282
"ENSMUSG00000027263",1085,991,1350,1265,1297,979
"ENSMUSG00000027272",2415,2326,2165,2097,2099,2274
"ENSMUSG00000027274",396,477,628,581,583,426
"ENSMUSG00000027276",4056,3644,4979,3738,5889,4730
"ENSMUSG00000027281",266,318,365,342,301,237
"ENSMUSG00000027282",931,928,1842,1583,1157,950
"ENSMUSG00000027284",868,731,661,774,920,851
"ENSMUSG00000027285",606,672,812,575,536,508
"ENSMUSG00000027286",250,233,232,211,246,189
"ENSMUSG00000027287",942,1032,1203,1239,1088,980
"ENSMUSG00000027288",7460,8669,6392,6077,6690,6658
"ENSMUSG00000027291",1142,1219,951,990,1143,1006
"ENSMUSG00000027293",1392,1771,1888,1851,1484,1729
"ENSMUSG00000027298",232,221,503,639,443,348
"ENSMUSG00000027300",421,357,353,288,327,229
"ENSMUSG00000027303",1964,1841,1679,1871,1858,1779
"ENSMUSG00000027304",1955,1826,2167,2012,2178,2079
"ENSMUSG00000027305",130,132,182,165,161,115
"ENSMUSG00000027306",64,60,605,475,286,188
"ENSMUSG00000027309",2229,2877,3874,4210,3735,2928
"ENSMUSG00000027312",3403,4142,11312,11543,6450,5728
"ENSMUSG00000027313",41,120,20,18,15,19
"ENSMUSG00000027314",114,49,7,11,25,21
"ENSMUSG00000027315",970,840,1515,1500,771,502
"ENSMUSG00000027316",13,17,5,3,10,9
"ENSMUSG00000027322",23,12,19,18,11,12
"ENSMUSG00000027323",199,267,589,362,262,189
"ENSMUSG00000027324",152,142,167,114,102,78
"ENSMUSG00000027326",38,135,895,664,367,242
"ENSMUSG00000027327",276,226,315,285,216,156
"ENSMUSG00000027329",334,281,331,306,297,261
"ENSMUSG00000027330",184,126,374,306,232,139
"ENSMUSG00000027331",64,60,589,487,277,131
"ENSMUSG00000027332",1236,1524,821,962,887,916
"ENSMUSG00000027333",196,155,451,375,333,179
"ENSMUSG00000027338",18,13,33,43,6,21
"ENSMUSG00000027339",2542,2769,360,446,1659,1577
"ENSMUSG00000027340",2742,2812,1374,1514,2405,1935
"ENSMUSG00000027341",517,440,434,524,498,451
"ENSMUSG00000027342",1304,1412,2529,1818,1309,1663
"ENSMUSG00000027346",681,946,540,632,1138,553
"ENSMUSG00000027347",190,94,42,24,45,38
"ENSMUSG00000027349",628,683,840,732,815,650
"ENSMUSG00000027351",6966,6208,3271,4068,6429,6144
"ENSMUSG00000027353",115,100,244,166,178,98
"ENSMUSG00000027356",2685,2475,2768,2823,2562,2917
"ENSMUSG00000027357",369,433,587,540,504,346
"ENSMUSG00000027358",288,256,354,312,200,530
"ENSMUSG00000027361",759,899,860,827,741,846
"ENSMUSG00000027363",2273,2312,2114,2200,2247,2351
"ENSMUSG00000027364",40,35,22,28,27,31
"ENSMUSG00000027365",4407,4605,3380,3374,3677,4159
"ENSMUSG00000027366",4053,3933,4922,3991,4059,3978
"ENSMUSG00000027367",1588,1389,1482,1353,1252,893
"ENSMUSG00000027368",20,9,24,15,5,11
"ENSMUSG00000027371",235,147,225,236,229,156
"ENSMUSG00000027374",667,824,931,811,702,640
"ENSMUSG00000027375",249,184,49,75,48,53
"ENSMUSG00000027376",2428,2548,1106,1525,1533,1464
"ENSMUSG00000027377",40,34,313,140,45,43
"ENSMUSG00000027378",251,225,355,310,318,342
"ENSMUSG00000027379",5,44,446,333,124,101
"ENSMUSG00000027381",835,806,550,590,625,819
"ENSMUSG00000027384",162,124,206,175,160,111
"ENSMUSG00000027386",41,43,31,20,39,28
"ENSMUSG00000027387",112,119,133,126,162,111
"ENSMUSG00000027394",567,445,444,320,487,431
"ENSMUSG00000027395",436,378,746,525,362,282
"ENSMUSG00000027397",413,595,953,875,777,967
"ENSMUSG00000027398",75,89,144,68,27,35
"ENSMUSG00000027399",42,45,155,87,23,25
"ENSMUSG00000027404",807,807,1226,1015,882,861
"ENSMUSG00000027405",854,976,1838,1298,943,774
"ENSMUSG00000027406",1257,1221,1364,1248,1127,1037
"ENSMUSG00000027408",34,43,59,50,27,53
"ENSMUSG00000027411",617,491,751,691,545,498
"ENSMUSG00000027412",128,126,162,199,137,141
"ENSMUSG00000027422",5512,5632,4911,5190,4659,5513
"ENSMUSG00000027423",1620,1662,3383,2505,1688,1666
"ENSMUSG00000027424",157,160,226,220,153,134
"ENSMUSG00000027425",881,794,789,721,819,809
"ENSMUSG00000027427",645,580,643,581,670,557
"ENSMUSG00000027428",632,534,456,439,578,458
"ENSMUSG00000027429",995,1256,1414,1398,1161,870
"ENSMUSG00000027430",294,271,184,148,238,217
"ENSMUSG00000027433",3260,3034,3168,2611,2307,3196
"ENSMUSG00000027435",277,105,76,61,44,34
"ENSMUSG00000027438",122,75,47,43,69,54
"ENSMUSG00000027439",726,609,568,585,683,579
"ENSMUSG00000027447",3572,3988,2362,3447,3142,3425
"ENSMUSG00000027452",890,930,624,774,673,705
"ENSMUSG00000027454",76,48,147,92,58,48
"ENSMUSG00000027455",584,561,725,643,556,531
"ENSMUSG00000027456",26,16,98,110,9,22
"ENSMUSG00000027457",79,62,51,91,102,105
"ENSMUSG00000027459",465,246,414,513,559,496
"ENSMUSG00000027460",47,30,10,10,18,19
"ENSMUSG00000027463",586,174,110,222,108,173
"ENSMUSG00000027465",1550,1208,1238,1318,1188,1060
"ENSMUSG00000027466",1089,945,1211,1165,1192,993
"ENSMUSG00000027469",37,137,1102,832,393,269
"ENSMUSG00000027472",535,441,567,516,507,419
"ENSMUSG00000027475",792,853,977,877,964,922
"ENSMUSG00000027478",79,86,96,91,77,78
"ENSMUSG00000027479",4147,4865,4822,4607,4750,5356
"ENSMUSG00000027487",126,156,133,118,121,104
"ENSMUSG00000027488",205,221,172,222,364,250
"ENSMUSG00000027489",38,26,16,18,28,27
"ENSMUSG00000027490",18,54,219,117,65,46
"ENSMUSG00000027495",859,834,1151,1263,635,656
"ENSMUSG00000027496",47,80,288,182,87,66
"ENSMUSG00000027498",363,331,533,455,371,275
"ENSMUSG00000027499",1011,589,418,469,551,540
"ENSMUSG00000027502",807,750,949,908,809,720
"ENSMUSG00000027505",25,22,5,10,14,15
"ENSMUSG00000027506",2371,2697,3526,3763,2419,2301
"ENSMUSG00000027508",1061,817,669,612,1069,1012
"ENSMUSG00000027509",550,529,791,716,607,479
"ENSMUSG00000027510",63,78,51,40,36,59
"ENSMUSG00000027514",7,2,351,39,6,24
"ENSMUSG00000027519",1192,1024,1087,1026,1226,1037
"ENSMUSG00000027520",12,97,6,7,9,53
"ENSMUSG00000027522",1215,1341,1068,1096,1051,989
"ENSMUSG00000027523",10552,10788,10536,10784,10553,10133
"ENSMUSG00000027531",721,808,1620,1641,1363,1173
"ENSMUSG00000027533",256,392,1735,971,2887,883
"ENSMUSG00000027534",266,260,234,288,254,187
"ENSMUSG00000027536",1558,1420,921,1219,1043,997
"ENSMUSG00000027540",3862,4238,5500,3986,6250,4736
"ENSMUSG00000027544",56,32,32,24,18,40
"ENSMUSG00000027546",1399,1789,1050,1102,952,1265
"ENSMUSG00000027550",1277,1231,1305,1301,1280,1391
"ENSMUSG00000027551",381,355,461,351,341,343
"ENSMUSG00000027552",459,485,498,563,445,431
"ENSMUSG00000027555",1472,1817,8996,8137,5021,5179
"ENSMUSG00000027562",1364,657,2218,1775,1689,772
"ENSMUSG00000027566",975,849,1619,1289,1020,990
"ENSMUSG00000027569",167,120,299,333,184,143
"ENSMUSG00000027570",26,20,20,24,8,18
"ENSMUSG00000027573",709,678,976,970,928,717
"ENSMUSG00000027575",807,635,714,891,714,560
"ENSMUSG00000027577",31,31,0,10,11,18
"ENSMUSG00000027580",2483,2137,1935,1920,1433,1769
"ENSMUSG00000027582",785,681,672,812,701,615
"ENSMUSG00000027583",126,59,19,32,38,60
"ENSMUSG00000027589",1681,1602,789,1002,1374,1198
"ENSMUSG00000027593",2147,2446,2783,2534,2501,2624
"ENSMUSG00000027596",218,187,268,240,200,219
"ENSMUSG00000027597",398,285,560,419,225,213
"ENSMUSG00000027598",2817,2930,2941,3138,3288,3183
"ENSMUSG00000027599",583,580,657,553,636,461
"ENSMUSG00000027601",1461,1776,1121,1157,1283,1138
"ENSMUSG00000027602",1521,1453,1173,1157,1676,1557
"ENSMUSG00000027603",52,35,7,12,26,27
"ENSMUSG00000027605",358,316,256,230,275,329
"ENSMUSG00000027610",239,228,354,334,213,233
"ENSMUSG00000027611",85,68,108,73,56,51
"ENSMUSG00000027612",217,177,147,133,167,155
"ENSMUSG00000027613",886,829,1305,1059,874,785
"ENSMUSG00000027615",2465,1785,838,1218,1345,1282
"ENSMUSG00000027618",551,608,716,702,682,512
"ENSMUSG00000027620",12068,11140,7651,9767,9196,9876
"ENSMUSG00000027624",1248,1313,732,782,771,893
"ENSMUSG00000027628",436,360,446,414,445,326
"ENSMUSG00000027630",2975,2985,4798,4453,3890,3747
"ENSMUSG00000027634",991,914,866,916,1183,1070
"ENSMUSG00000027635",76,67,182,150,97,62
"ENSMUSG00000027636",517,487,618,566,484,418
"ENSMUSG00000027637",754,681,898,758,664,569
"ENSMUSG00000027639",1857,1472,1932,1093,1007,1018
"ENSMUSG00000027641",338,406,1367,875,641,458
"ENSMUSG00000027642",3676,4318,3843,3855,2973,2872
"ENSMUSG00000027646",2414,1974,1616,1733,2410,2163
"ENSMUSG00000027649",520,556,699,574,404,422
"ENSMUSG00000027650",627,579,574,581,678,524
"ENSMUSG00000027651",6778,6552,3985,3829,8071,6391
"ENSMUSG00000027652",3367,2965,3181,3308,4001,3723
"ENSMUSG00000027654",21,31,170,149,64,51
"ENSMUSG00000027655",345,348,296,260,252,266
"ENSMUSG00000027660",4580,6201,5333,5692,3793,5362
"ENSMUSG00000027661",36,25,19,22,28,30
"ENSMUSG00000027663",737,858,1546,1520,1410,1006
"ENSMUSG00000027665",3133,2900,2145,2305,3315,3231
"ENSMUSG00000027667",457,374,409,407,350,371
"ENSMUSG00000027668",1068,948,1071,1002,1025,980
"ENSMUSG00000027669",141,126,39,42,69,53
"ENSMUSG00000027671",546,534,1177,969,734,655
"ENSMUSG00000027673",836,805,1190,1098,925,756
"ENSMUSG00000027676",240,221,125,161,165,134
"ENSMUSG00000027677",1939,1879,1248,1596,1515,1432
"ENSMUSG00000027678",5343,5187,2782,2910,5145,4624
"ENSMUSG00000027679",1079,1032,1098,982,991,897
"ENSMUSG00000027680",2513,2768,3252,3106,3264,2868
"ENSMUSG00000027684",3526,3394,2405,2143,4455,3345
"ENSMUSG00000027690",9,17,12,12,7,12
"ENSMUSG00000027692",1356,1436,2030,2317,2261,2819
"ENSMUSG00000027694",27,22,22,26,23,34
"ENSMUSG00000027695",1781,1955,1477,1750,1957,1856
"ENSMUSG00000027698",365,376,125,105,270,150
"ENSMUSG00000027699",45,168,952,721,381,237
"ENSMUSG00000027706",4341,4345,3175,3508,3905,3705
"ENSMUSG00000027708",1320,1277,1808,1765,1781,1499
"ENSMUSG00000027709",771,769,1132,1253,1084,996
"ENSMUSG00000027710",979,1124,2616,2553,3385,2635
"ENSMUSG00000027712",4635,3972,4434,4610,4633,4834
"ENSMUSG00000027713",27,11,17,22,13,14
"ENSMUSG00000027714",427,396,1116,920,546,518
"ENSMUSG00000027715",139,202,1657,1212,595,377
"ENSMUSG00000027722",649,706,729,622,661,688
"ENSMUSG00000027737",2833,4293,1053,1872,3087,6574
"ENSMUSG00000027739",651,474,498,510,576,512
"ENSMUSG00000027742",1073,935,1225,1332,1309,1120
"ENSMUSG00000027746",1989,2155,2019,1853,1969,1816
"ENSMUSG00000027748",188,147,78,118,364,373
"ENSMUSG00000027750",134,145,73,89,22,43
"ENSMUSG00000027751",1910,1940,1619,1851,1730,1528
"ENSMUSG00000027752",306,290,416,345,258,272
"ENSMUSG00000027763",11809,10845,8928,9262,12121,13986
"ENSMUSG00000027765",230,206,760,680,797,482
"ENSMUSG00000027770",1920,1956,2283,2137,1916,1912
"ENSMUSG00000027774",722,870,1209,1051,885,801
"ENSMUSG00000027775",1662,1222,1472,1373,1514,1368
"ENSMUSG00000027777",370,346,344,308,282,426
"ENSMUSG00000027778",542,520,523,512,693,634
"ENSMUSG00000027782",3836,4147,4084,3974,4006,4093
"ENSMUSG00000027784",1852,1499,2500,2407,2594,2281
"ENSMUSG00000027787",1090,1186,1419,1186,1146,1053
"ENSMUSG00000027792",303,561,180,194,341,301
"ENSMUSG00000027796",223,163,32,44,75,89
"ENSMUSG00000027797",215,247,1662,1879,991,1272
"ENSMUSG00000027799",1936,1701,2117,2394,2404,2401
"ENSMUSG00000027800",211,131,723,480,165,128
"ENSMUSG00000027801",9,18,41,47,9,32
"ENSMUSG00000027803",3053,3390,1640,1634,2150,2891
"ENSMUSG00000027804",968,1088,1428,1390,1275,823
"ENSMUSG00000027805",446,525,335,427,660,496
"ENSMUSG00000027806",3811,5319,4513,5599,4074,8032
"ENSMUSG00000027808",3502,4452,4271,4374,3058,2711
"ENSMUSG00000027809",1082,1466,1039,1161,1123,1037
"ENSMUSG00000027810",1670,1601,1924,1677,1650,1753
"ENSMUSG00000027811",42,57,109,101,79,66
"ENSMUSG00000027820",7235,9187,789,2088,1654,2102
"ENSMUSG00000027822",973,1172,1062,1206,944,858
"ENSMUSG00000027823",1860,2145,2583,2215,2113,1774
"ENSMUSG00000027827",71,64,29,43,36,38
"ENSMUSG00000027828",5909,6602,6397,5964,5659,5234
"ENSMUSG00000027829",13009,14968,6430,9278,9327,12321
"ENSMUSG00000027834",18,16,7,7,5,14
"ENSMUSG00000027835",673,709,925,940,835,887
"ENSMUSG00000027840",70,46,18,22,60,40
"ENSMUSG00000027845",255,212,331,267,297,216
"ENSMUSG00000027848",182,247,180,314,81,107
"ENSMUSG00000027852",2310,2425,3365,3271,2752,2835
"ENSMUSG00000027854",1651,1232,1098,1196,1603,1230
"ENSMUSG00000027855",68,55,31,57,40,24
"ENSMUSG00000027858",48,20,16,10,9,9
"ENSMUSG00000027860",4867,4168,4336,4706,6266,6698
"ENSMUSG00000027861",69,49,154,149,73,83
"ENSMUSG00000027864",3148,3304,4356,4934,3959,4323
"ENSMUSG00000027865",536,493,516,522,590,499
"ENSMUSG00000027867",71,63,92,79,53,64
"ENSMUSG00000027875",3228,4385,198,325,1303,864
"ENSMUSG00000027878",5840,5699,4986,4835,4096,4624
"ENSMUSG00000027879",1041,1005,966,957,934,791
"ENSMUSG00000027881",2532,2525,3035,3141,2682,2438
"ENSMUSG00000027882",1443,1300,1295,1382,1426,1370
"ENSMUSG00000027883",218,194,658,553,502,447
"ENSMUSG00000027884",1093,1008,928,842,873,817
"ENSMUSG00000027889",283,235,471,423,334,316
"ENSMUSG00000027890",104,108,106,100,81,69
"ENSMUSG00000027893",4160,3870,4545,4551,4770,4706
"ENSMUSG00000027896",119,113,99,118,106,108
"ENSMUSG00000027900",787,759,1062,1059,783,582
"ENSMUSG00000027901",369,320,962,722,354,310
"ENSMUSG00000027905",386,366,580,464,416,348
"ENSMUSG00000027907",1835,2164,6167,5444,2908,2589
"ENSMUSG00000027925",2,4,16,16,4,11
"ENSMUSG00000027931",134,71,26,39,54,43
"ENSMUSG00000027932",112,103,1013,684,323,242
"ENSMUSG00000027933",1219,1362,1416,1452,1413,960
"ENSMUSG00000027935",122,114,188,189,149,141
"ENSMUSG00000027936",935,713,642,737,857,720
"ENSMUSG00000027937",618,549,724,763,648,516
"ENSMUSG00000027938",115,91,98,84,53,50
"ENSMUSG00000027939",261,234,61,68,92,188
"ENSMUSG00000027940",2838,2894,4671,4101,3547,2769
"ENSMUSG00000027942",821,816,786,826,717,624
"ENSMUSG00000027944",330,330,425,402,282,266
"ENSMUSG00000027947",2422,2645,975,1242,1584,2223
"ENSMUSG00000027950",270,192,385,305,199,175
"ENSMUSG00000027951",1036,727,1545,1106,674,604
"ENSMUSG00000027952",137,149,152,138,85,78
"ENSMUSG00000027953",633,589,440,525,409,380
"ENSMUSG00000027954",1096,930,613,591,507,784
"ENSMUSG00000027955",563,505,124,204,397,639
"ENSMUSG00000027956",76,100,71,87,56,91
"ENSMUSG00000027957",3009,2720,3191,3312,2838,2702
"ENSMUSG00000027959",267,257,355,296,364,294
"ENSMUSG00000027961",92,83,80,81,85,86
"ENSMUSG00000027962",195,372,909,243,85,79
"ENSMUSG00000027963",471,473,359,423,414,413
"ENSMUSG00000027968",731,714,839,746,627,765
"ENSMUSG00000027978",82,67,68,73,52,76
"ENSMUSG00000027981",1374,1416,640,745,868,761
"ENSMUSG00000027983",53,57,35,61,62,67
"ENSMUSG00000027984",1455,1544,1647,1683,1331,1252
"ENSMUSG00000027985",228,78,49,112,240,307
"ENSMUSG00000027993",11498,10396,4427,5613,8124,10312
"ENSMUSG00000027995",90,95,476,249,104,120
"ENSMUSG00000027996",82,57,18,14,79,53
"ENSMUSG00000027997",306,253,574,472,400,381
"ENSMUSG00000027998",718,682,899,799,757,679
"ENSMUSG00000027999",182,184,213,161,132,94
"ENSMUSG00000028003",262,344,976,722,449,370
"ENSMUSG00000028005",321,364,123,223,229,330
"ENSMUSG00000028007",314,330,651,639,446,464
"ENSMUSG00000028010",356,423,698,488,411,365
"ENSMUSG00000028011",47,49,22,31,53,47
"ENSMUSG00000028012",31,34,7,19,16,22
"ENSMUSG00000028013",542,431,621,558,443,468
"ENSMUSG00000028015",788,642,677,856,959,807
"ENSMUSG00000028016",578,524,528,480,493,368
"ENSMUSG00000028017",1098,1135,131,206,178,162
"ENSMUSG00000028018",371,385,499,438,352,317
"ENSMUSG00000028019",1774,1661,1660,2181,2437,2955
"ENSMUSG00000028020",776,608,138,260,455,1540
"ENSMUSG00000028024",142,143,51,72,168,168
"ENSMUSG00000028028",551,622,398,594,348,633
"ENSMUSG00000028029",1027,803,1276,1030,1100,1060
"ENSMUSG00000028030",1263,1249,1328,1277,1268,1156
"ENSMUSG00000028031",40,15,25,22,13,38
"ENSMUSG00000028032",3208,3186,2221,2132,2507,2458
"ENSMUSG00000028034",2803,2995,3724,3591,2533,2367
"ENSMUSG00000028035",5063,6600,2245,2938,4246,5542
"ENSMUSG00000028037",172,7,944,279,9,3
"ENSMUSG00000028039",43,34,154,151,150,104
"ENSMUSG00000028040",126,94,269,275,288,204
"ENSMUSG00000028041",853,734,772,853,584,612
"ENSMUSG00000028042",557,455,725,661,595,416
"ENSMUSG00000028044",156,239,532,386,259,219
"ENSMUSG00000028047",53,68,90,76,32,50
"ENSMUSG00000028048",540,580,980,1018,600,483
"ENSMUSG00000028049",559,446,698,636,589,468
"ENSMUSG00000028051",23,18,10,16,13,24
"ENSMUSG00000028053",8072,8194,6469,6203,8328,8408
"ENSMUSG00000028057",365,242,316,313,307,328
"ENSMUSG00000028059",733,539,1857,1497,912,934
"ENSMUSG00000028060",1701,1997,1523,2040,1763,2470
"ENSMUSG00000028062",309,272,283,336,262,226
"ENSMUSG00000028063",4178,4414,7955,8011,5890,7299
"ENSMUSG00000028064",2234,2169,2744,2684,3412,2234
"ENSMUSG00000028066",169,184,409,289,249,156
"ENSMUSG00000028068",27,35,575,378,244,137
"ENSMUSG00000028069",164,168,306,220,164,153
"ENSMUSG00000028070",334,260,414,393,309,285
"ENSMUSG00000028073",235,117,61,48,45,70
"ENSMUSG00000028076",41,46,88,101,36,34
"ENSMUSG00000028078",109,151,34,61,83,83
"ENSMUSG00000028080",2786,2923,3250,2815,2803,2547
"ENSMUSG00000028081",8178,8263,7125,6233,7016,9559
"ENSMUSG00000028082",4390,3831,3716,3742,4368,4023
"ENSMUSG00000028085",239,233,228,206,238,191
"ENSMUSG00000028086",1604,1826,1514,1790,1824,2191
"ENSMUSG00000028088",366,314,235,246,355,230
"ENSMUSG00000028089",305,297,457,363,336,287
"ENSMUSG00000028093",374,371,339,381,330,236
"ENSMUSG00000028096",838,933,820,691,711,601
"ENSMUSG00000028098",973,903,958,861,993,845
"ENSMUSG00000028099",645,523,758,721,631,585
"ENSMUSG00000028100",30,17,11,18,10,9
"ENSMUSG00000028101",588,531,532,596,608,521
"ENSMUSG00000028102",260,233,279,252,212,173
"ENSMUSG00000028104",199,210,155,169,167,221
"ENSMUSG00000028106",2652,2428,1919,2044,2340,1852
"ENSMUSG00000028107",429,364,647,570,451,359
"ENSMUSG00000028108",409,434,1168,1566,428,375
"ENSMUSG00000028111",35,26,26,20,13,15
"ENSMUSG00000028114",432,354,488,439,402,323
"ENSMUSG00000028115",108,113,222,181,97,85
"ENSMUSG00000028121",969,876,1186,969,796,833
"ENSMUSG00000028124",3582,4479,8402,11208,6740,6751
"ENSMUSG00000028125",27,16,33,35,10,15
"ENSMUSG00000028126",988,927,896,871,902,871
"ENSMUSG00000028127",2994,2985,6760,6341,4418,3865
"ENSMUSG00000028128",1236,1978,4012,4049,3468,5471
"ENSMUSG00000028132",288,316,507,522,770,506
"ENSMUSG00000028133",126,129,115,141,127,123
"ENSMUSG00000028134",1379,974,1034,1643,1152,1399
"ENSMUSG00000028136",2008,2022,1729,1974,2061,1936
"ENSMUSG00000028137",82,38,26,28,41,34
"ENSMUSG00000028138",835,863,1075,1036,963,816
"ENSMUSG00000028139",31,17,6,3,17,11
"ENSMUSG00000028140",770,640,979,791,787,653
"ENSMUSG00000028141",155,127,244,177,148,137
"ENSMUSG00000028145",76,80,95,80,77,85
"ENSMUSG00000028148",5,3,76,35,31,30
"ENSMUSG00000028149",1698,1616,2047,1967,2285,2156
"ENSMUSG00000028150",683,493,140,187,347,288
"ENSMUSG00000028152",1137,1279,367,534,982,977
"ENSMUSG00000028156",1383,1463,2500,2100,2047,1685
"ENSMUSG00000028158",256,331,174,173,215,191
"ENSMUSG00000028159",133,113,241,173,98,144
"ENSMUSG00000028161",5348,5852,5941,6002,6215,6795
"ENSMUSG00000028163",3630,3925,4174,3992,3804,4750
"ENSMUSG00000028164",385,376,687,863,548,455
"ENSMUSG00000028165",1304,1148,1426,1456,1512,1309
"ENSMUSG00000028173",8599,7905,7812,8298,9689,9328
"ENSMUSG00000028175",0,15,205,175,71,47
"ENSMUSG00000028176",200,281,2,6,25,14
"ENSMUSG00000028179",169,234,109,52,56,73
"ENSMUSG00000028180",1051,1101,1254,1289,1106,910
"ENSMUSG00000028182",58,55,18,22,25,22
"ENSMUSG00000028184",3149,2760,2653,2778,4392,3304
"ENSMUSG00000028187",852,840,1127,894,859,766
"ENSMUSG00000028188",277,242,152,148,168,192
"ENSMUSG00000028189",513,397,262,277,276,245
"ENSMUSG00000028191",1662,2062,1594,1904,1835,2231
"ENSMUSG00000028194",25,78,11,6,8,15
"ENSMUSG00000028195",66593,61466,35736,49541,62182,70171
"ENSMUSG00000028197",29,6,3,65,11,19
"ENSMUSG00000028199",174,189,232,174,192,114
"ENSMUSG00000028207",7365,6960,4780,5798,7425,8103
"ENSMUSG00000028211",3888,5404,7922,9539,8647,8386
"ENSMUSG00000028212",228,237,564,385,332,271
"ENSMUSG00000028214",305,609,661,990,704,1354
"ENSMUSG00000028218",459,437,825,754,674,612
"ENSMUSG00000028221",1049,913,866,937,1021,826
"ENSMUSG00000028223",877,833,813,778,1036,883
"ENSMUSG00000028224",752,768,966,892,932,794
"ENSMUSG00000028226",36,53,7,30,29,27
"ENSMUSG00000028228",4153,4000,4677,3923,3816,3433
"ENSMUSG00000028229",374,343,311,393,510,362
"ENSMUSG00000028232",339,397,599,603,607,460
"ENSMUSG00000028233",745,681,843,728,853,636
"ENSMUSG00000028234",4873,5184,6298,5636,5573,6289
"ENSMUSG00000028243",627,673,818,977,1130,733
"ENSMUSG00000028245",1219,1018,847,941,734,794
"ENSMUSG00000028246",71,76,83,81,56,73
"ENSMUSG00000028247",114,108,256,198,178,125
"ENSMUSG00000028248",2908,2455,2128,2853,2621,2628
"ENSMUSG00000028249",5473,5949,8187,9230,7232,7706
"ENSMUSG00000028251",5,13,24,20,6,8
"ENSMUSG00000028252",591,637,932,803,831,614
"ENSMUSG00000028255",16,0,217,210,14,14
"ENSMUSG00000028256",430,386,581,620,466,451
"ENSMUSG00000028261",207,201,463,340,346,245
"ENSMUSG00000028262",355,381,5133,1583,812,1226
"ENSMUSG00000028266",2833,2290,2512,2734,2969,2913
"ENSMUSG00000028268",69,31,642,65,26,18
"ENSMUSG00000028270",160,114,2019,154,108,94
"ENSMUSG00000028271",1027,1139,959,865,818,997
"ENSMUSG00000028273",6475,7707,4950,5476,6162,8346
"ENSMUSG00000028274",602,687,715,659,678,641
"ENSMUSG00000028277",1934,2138,1260,1403,1506,1922
"ENSMUSG00000028278",142,149,34,44,43,44
"ENSMUSG00000028282",880,948,1128,905,1057,904
"ENSMUSG00000028284",1898,1847,2506,2492,2504,2465
"ENSMUSG00000028289",145,151,40,50,98,125
"ENSMUSG00000028291",1041,918,1306,1302,1287,1115
"ENSMUSG00000028292",414,413,672,659,437,336
"ENSMUSG00000028293",811,708,561,660,808,623
"ENSMUSG00000028295",84,113,142,145,158,124
"ENSMUSG00000028300",411,460,663,623,428,506
"ENSMUSG00000028309",1812,1777,1901,2015,2029,1755
"ENSMUSG00000028312",215,366,1849,1031,687,474
"ENSMUSG00000028318",160,151,369,302,223,192
"ENSMUSG00000028322",293,233,355,332,232,188
"ENSMUSG00000028328",296,271,305,275,320,208
"ENSMUSG00000028329",317,237,413,304,296,320
"ENSMUSG00000028330",859,922,1905,1575,1294,1069
"ENSMUSG00000028331",113,86,35,35,42,47
"ENSMUSG00000028333",2590,2925,4403,3496,3505,3125
"ENSMUSG00000028334",570,469,705,722,540,410
"ENSMUSG00000028337",3831,1350,1405,1453,1396,1351
"ENSMUSG00000028339",386,568,79,92,80,79
"ENSMUSG00000028341",7945,13385,2794,4814,9325,19650
"ENSMUSG00000028343",2295,2632,2389,2349,2008,1925
"ENSMUSG00000028344",676,709,462,547,620,566
"ENSMUSG00000028345",1944,2071,1857,1928,1619,1657
"ENSMUSG00000028347",174,229,501,512,250,298
"ENSMUSG00000028348",8,8,14,10,6,11
"ENSMUSG00000028358",295,353,191,210,215,166
"ENSMUSG00000028364",182,60,651,232,38,82
"ENSMUSG00000028367",946,1051,1826,1497,1157,1189
"ENSMUSG00000028369",451,882,129,235,294,486
"ENSMUSG00000028370",73,69,5,16,28,75
"ENSMUSG00000028373",42,22,5,12,16,15
"ENSMUSG00000028378",58,160,207,263,78,80
"ENSMUSG00000028381",1587,2044,1021,1214,1254,1734
"ENSMUSG00000028382",7200,6732,9139,7588,7454,7112
"ENSMUSG00000028383",1548,1444,1416,1529,1647,1598
"ENSMUSG00000028385",363,325,184,195,238,203
"ENSMUSG00000028389",263,217,109,114,196,141
"ENSMUSG00000028391",64,64,62,32,46,19
"ENSMUSG00000028392",166,113,254,227,50,51
"ENSMUSG00000028393",1353,1205,869,970,979,657
"ENSMUSG00000028394",545,547,780,570,591,471
"ENSMUSG00000028397",1214,1140,938,1072,1112,1136
"ENSMUSG00000028398",93,112,129,134,116,95
"ENSMUSG00000028399",6738,7092,5921,7502,10738,11888
"ENSMUSG00000028402",2866,2576,1842,1961,2705,2846
"ENSMUSG00000028403",1341,1536,2403,2010,2059,1737
"ENSMUSG00000028405",980,1006,1260,1125,1092,1011
"ENSMUSG00000028407",284,257,279,276,275,259
"ENSMUSG00000028409",1433,1268,1475,1294,1173,1195
"ENSMUSG00000028410",5578,6446,5818,7706,8341,9526
"ENSMUSG00000028411",551,525,364,402,380,538
"ENSMUSG00000028412",3192,3261,5300,4636,3179,3067
"ENSMUSG00000028413",3939,3772,6842,5481,4424,3888
"ENSMUSG00000028414",1099,1019,1219,1154,1239,1060
"ENSMUSG00000028416",1271,1231,1595,1418,1406,1153
"ENSMUSG00000028419",1456,1538,1840,1828,1889,1650
"ENSMUSG00000028420",334,257,392,418,460,374
"ENSMUSG00000028423",2843,2806,2204,2179,2103,2151
"ENSMUSG00000028426",2872,3065,4542,3762,3309,3173
"ENSMUSG00000028430",1014,1073,1735,1232,1007,897
"ENSMUSG00000028431",919,839,1158,973,734,676
"ENSMUSG00000028433",2409,2468,3349,3110,2611,2284
"ENSMUSG00000028434",1172,1196,1026,937,912,865
"ENSMUSG00000028435",8,41,917,485,57,24
"ENSMUSG00000028436",1094,1005,1460,1298,1261,1224
"ENSMUSG00000028437",1188,1222,1127,1187,1248,1080
"ENSMUSG00000028438",197,198,345,220,227,166
"ENSMUSG00000028439",260,189,168,198,239,253
"ENSMUSG00000028443",135,160,259,193,134,125
"ENSMUSG00000028444",282,303,1147,1481,610,672
"ENSMUSG00000028445",95,58,196,240,226,150
"ENSMUSG00000028447",347,366,432,477,472,377
"ENSMUSG00000028451",326,380,464,412,332,345
"ENSMUSG00000028452",3291,4146,5018,4538,3969,3827
"ENSMUSG00000028453",64,77,130,128,104,85
"ENSMUSG00000028454",371,335,392,434,290,306
"ENSMUSG00000028455",480,450,869,729,561,463
"ENSMUSG00000028456",1366,1348,494,536,507,464
"ENSMUSG00000028457",58,31,18,18,23,15
"ENSMUSG00000028458",530,465,419,453,672,522
"ENSMUSG00000028459",331,275,251,260,382,325
"ENSMUSG00000028461",3984,3018,5241,5433,5389,4298
"ENSMUSG00000028463",153,123,355,251,127,259
"ENSMUSG00000028464",898,677,2061,1661,810,995
"ENSMUSG00000028465",9720,8002,6594,5890,8296,7599
"ENSMUSG00000028466",444,363,379,418,445,320
"ENSMUSG00000028467",268,209,157,226,205,162
"ENSMUSG00000028468",940,880,1023,985,960,785
"ENSMUSG00000028469",592,554,251,367,622,591
"ENSMUSG00000028470",150,137,147,169,151,127
"ENSMUSG00000028476",211,212,105,95,179,182
"ENSMUSG00000028478",1977,1841,2649,2441,2156,1945
"ENSMUSG00000028479",2898,2515,683,995,1624,1149
"ENSMUSG00000028480",19,23,42,19,11,15
"ENSMUSG00000028483",799,833,1014,1126,1005,784
"ENSMUSG00000028484",1280,1328,1969,1726,1577,1374
"ENSMUSG00000028487",407,394,789,647,1398,1137
"ENSMUSG00000028488",694,755,114,212,282,341
"ENSMUSG00000028494",175,159,269,235,164,134
"ENSMUSG00000028495",5647,6039,7245,6419,6810,7152
"ENSMUSG00000028496",1296,1185,1043,1361,1258,1133
"ENSMUSG00000028497",967,918,976,938,984,809
"ENSMUSG00000028514",5284,4941,5045,4704,5513,5237
"ENSMUSG00000028517",1474,1333,1247,966,1247,870
"ENSMUSG00000028518",1772,2101,2018,2166,2679,2686
"ENSMUSG00000028519",112,100,11,20,73,66
"ENSMUSG00000028521",842,884,831,770,1086,964
"ENSMUSG00000028522",2858,2419,2450,2290,2950,2747
"ENSMUSG00000028524",23,12,2,3,10,2
"ENSMUSG00000028525",4992,9726,2606,2949,4413,7774
"ENSMUSG00000028527",25,87,249,112,34,43
"ENSMUSG00000028530",5935,6619,5039,4685,5353,5965
"ENSMUSG00000028532",2345,2877,2024,3496,3399,4172
"ENSMUSG00000028536",56,69,47,38,31,16
"ENSMUSG00000028538",259,327,307,375,293,293
"ENSMUSG00000028539",206,149,42,84,132,127
"ENSMUSG00000028540",69,63,167,85,64,78
"ENSMUSG00000028541",167,146,143,155,164,159
"ENSMUSG00000028542",690,456,418,553,867,816
"ENSMUSG00000028544",54,27,98,24,6,12
"ENSMUSG00000028545",467,376,70,72,125,115
"ENSMUSG00000028549",305,306,346,288,274,264
"ENSMUSG00000028550",408,353,427,386,415,375
"ENSMUSG00000028551",46,29,162,118,110,70
"ENSMUSG00000028552",3134,3094,2774,2847,3760,3343
"ENSMUSG00000028553",32,18,22,38,39,12
"ENSMUSG00000028555",422,406,367,418,247,314
"ENSMUSG00000028556",3012,3356,3382,3202,3048,3352
"ENSMUSG00000028557",1913,2037,2054,2232,2381,2182
"ENSMUSG00000028559",2854,2588,2159,2067,2142,2208
"ENSMUSG00000028560",957,802,1996,1412,1391,1130
"ENSMUSG00000028563",185,203,212,223,273,211
"ENSMUSG00000028565",6590,6668,5526,6231,8225,8280
"ENSMUSG00000028567",541,443,479,508,551,438
"ENSMUSG00000028568",731,618,458,502,462,503
"ENSMUSG00000028572",852,917,1182,999,644,489
"ENSMUSG00000028573",205,3,247,190,17,8
"ENSMUSG00000028576",396,322,596,495,511,512
"ENSMUSG00000028577",1005,1060,1946,1653,1400,1230
"ENSMUSG00000028578",290,341,413,354,389,309
"ENSMUSG00000028580",3314,3537,4084,4000,3873,3576
"ENSMUSG00000028581",51,77,100,76,30,19
"ENSMUSG00000028582",811,769,840,863,761,784
"ENSMUSG00000028583",4049,3530,1775,2032,4162,3558
"ENSMUSG00000028587",184,217,207,105,90,146
"ENSMUSG00000028591",20,46,47,53,75,25
"ENSMUSG00000028597",16,11,32,35,22,18
"ENSMUSG00000028599",339,297,273,292,360,201
"ENSMUSG00000028600",36,71,14,22,9,18
"ENSMUSG00000028601",480,507,287,408,375,332
"ENSMUSG00000028603",1920,2064,2005,1767,2041,1541
"ENSMUSG00000028607",319,235,454,424,358,203
"ENSMUSG00000028608",541,455,441,529,510,461
"ENSMUSG00000028609",833,956,1191,1068,857,814
"ENSMUSG00000028613",26,25,388,125,27,43
"ENSMUSG00000028614",529,566,1054,774,641,502
"ENSMUSG00000028617",232,225,429,426,357,288
"ENSMUSG00000028618",4623,4145,3678,4432,4621,4336
"ENSMUSG00000028619",770,664,546,667,728,598
"ENSMUSG00000028621",339,380,317,346,498,352
"ENSMUSG00000028622",500,488,659,661,589,454
"ENSMUSG00000028629",87,59,145,121,74,70
"ENSMUSG00000028630",668,492,787,740,957,688
"ENSMUSG00000028633",1490,1396,1492,1129,1627,1458
"ENSMUSG00000028634",451,387,436,346,189,240
"ENSMUSG00000028635",14,15,17,11,11,21
"ENSMUSG00000028636",204,133,287,271,239,127
"ENSMUSG00000028637",19,34,13,16,39,30
"ENSMUSG00000028639",4109,4672,7086,5980,5150,5269
"ENSMUSG00000028640",1485,1228,973,1118,1768,1467
"ENSMUSG00000028641",298,308,350,477,357,374
"ENSMUSG00000028642",29,27,13,8,32,19
"ENSMUSG00000028643",120,87,161,133,137,89
"ENSMUSG00000028644",31,22,12,15,13,38
"ENSMUSG00000028645",2630,3431,8446,6543,5412,5481
"ENSMUSG00000028646",1197,1096,1456,1457,1557,1213
"ENSMUSG00000028647",210,223,317,263,262,233
"ENSMUSG00000028648",97,131,144,141,164,120
"ENSMUSG00000028649",10773,11297,9159,8559,10353,10635
"ENSMUSG00000028651",337,411,360,334,301,284
"ENSMUSG00000028653",300,246,314,272,250,173
"ENSMUSG00000028654",1125,761,745,701,1148,695
"ENSMUSG00000028655",46,161,279,223,110,75
"ENSMUSG00000028656",3253,3481,4727,4534,3924,3916
"ENSMUSG00000028657",1951,1859,1476,1696,1494,1506
"ENSMUSG00000028664",19,30,418,215,31,21
"ENSMUSG00000028668",2022,2069,2127,1853,1950,2024
"ENSMUSG00000028669",363,300,347,253,242,280
"ENSMUSG00000028670",470,391,651,574,549,380
"ENSMUSG00000028671",82,108,292,330,135,88
"ENSMUSG00000028672",432,316,407,403,584,358
"ENSMUSG00000028673",1109,889,1278,1296,1443,1037
"ENSMUSG00000028675",2153,2189,2336,2195,2241,1827
"ENSMUSG00000028676",2167,2142,3182,2930,2781,1964
"ENSMUSG00000028677",837,757,801,757,828,750
"ENSMUSG00000028678",3,31,316,242,97,57
"ENSMUSG00000028680",504,688,375,520,611,679
"ENSMUSG00000028681",35,31,19,30,13,18
"ENSMUSG00000028683",262,295,516,321,270,191
"ENSMUSG00000028684",465,374,410,464,452,410
"ENSMUSG00000028687",62,25,43,28,42,32
"ENSMUSG00000028688",426,336,347,337,341,255
"ENSMUSG00000028689",497,473,284,395,350,325
"ENSMUSG00000028690",342,341,507,460,363,293
"ENSMUSG00000028691",3352,3986,5598,5334,3961,3765
"ENSMUSG00000028692",2503,2517,3594,3342,2664,2255
"ENSMUSG00000028693",1317,1660,1860,1473,1278,1612
"ENSMUSG00000028696",237,182,325,304,223,188
"ENSMUSG00000028698",299,339,1858,1863,635,627
"ENSMUSG00000028699",1980,2039,2738,3665,785,685
"ENSMUSG00000028700",2085,1992,1564,1698,2062,1554
"ENSMUSG00000028701",1136,880,657,877,1066,665
"ENSMUSG00000028702",660,668,827,673,691,503
"ENSMUSG00000028703",1297,1231,1632,1346,1534,982
"ENSMUSG00000028706",305,267,315,283,241,271
"ENSMUSG00000028708",386,348,283,350,368,294
"ENSMUSG00000028709",484,552,226,293,375,431
"ENSMUSG00000028710",186,168,169,175,172,155
"ENSMUSG00000028713",239,169,672,516,467,615
"ENSMUSG00000028716",95,82,25,36,19,14
"ENSMUSG00000028718",135,321,564,292,278,147
"ENSMUSG00000028719",687,628,1347,1138,649,575
"ENSMUSG00000028729",760,754,1190,909,783,701
"ENSMUSG00000028737",859,1101,668,770,722,665
"ENSMUSG00000028738",16,11,7,11,3,9
"ENSMUSG00000028741",244,246,549,435,285,322
"ENSMUSG00000028743",226,186,246,261,208,155
"ENSMUSG00000028744",233,124,84,114,120,118
"ENSMUSG00000028745",3467,3092,3875,3480,3773,3670
"ENSMUSG00000028756",1425,1082,539,583,886,925
"ENSMUSG00000028757",2216,2243,2685,2611,1902,1628
"ENSMUSG00000028758",31,34,3,8,3,12
"ENSMUSG00000028759",3247,2916,3041,3252,3045,2755
"ENSMUSG00000028760",3095,3124,5134,5031,4926,5063
"ENSMUSG00000028763",10896,9347,8299,7787,8966,8960
"ENSMUSG00000028766",1094,1084,1864,1452,3355,2009
"ENSMUSG00000028771",1073,1015,1573,1517,1585,1519
"ENSMUSG00000028772",410,446,567,512,469,351
"ENSMUSG00000028773",7,46,16,8,10,15
"ENSMUSG00000028776",2664,2237,662,1057,1921,2154
"ENSMUSG00000028778",12,4,4,24,42,34
"ENSMUSG00000028779",1166,985,842,1038,1066,986
"ENSMUSG00000028780",2838,2565,4132,3798,4333,3720
"ENSMUSG00000028782",391,443,638,692,647,836
"ENSMUSG00000028785",13,9,27,28,11,5
"ENSMUSG00000028786",48,41,184,126,66,48
"ENSMUSG00000028788",7432,7859,7866,7698,7197,7668
"ENSMUSG00000028789",100,77,86,83,78,62
"ENSMUSG00000028790",3206,3292,3697,3289,3237,3212
"ENSMUSG00000028792",349,501,1014,622,429,342
"ENSMUSG00000028793",622,821,1225,1117,723,814
"ENSMUSG00000028794",211,140,114,101,131,176
"ENSMUSG00000028795",172,133,65,83,97,111
"ENSMUSG00000028796",1506,1070,1587,1345,1633,1160
"ENSMUSG00000028797",1822,1766,1745,1628,1854,1673
"ENSMUSG00000028798",880,840,1305,1044,844,732
"ENSMUSG00000028799",1314,979,973,1049,1201,1104
"ENSMUSG00000028800",804,798,1018,881,745,877
"ENSMUSG00000028803",509,620,236,298,333,242
"ENSMUSG00000028807",492,395,377,383,451,317
"ENSMUSG00000028809",7886,8293,7293,7555,6981,7703
"ENSMUSG00000028811",944,905,966,852,796,721
"ENSMUSG00000028820",7052,7200,10061,10601,8837,7888
"ENSMUSG00000028821",1424,1457,935,1083,1415,1423
"ENSMUSG00000028822",1361,1108,927,990,1122,1072
"ENSMUSG00000028826",1582,1578,1443,1453,1422,1528
"ENSMUSG00000028830",1576,1552,1170,1321,1408,1255
"ENSMUSG00000028832",546,531,761,746,723,647
"ENSMUSG00000028833",766,720,591,573,590,506
"ENSMUSG00000028836",397,642,68,112,199,125
"ENSMUSG00000028837",1347,1228,2079,1804,1346,1064
"ENSMUSG00000028838",46,83,27,40,39,37
"ENSMUSG00000028840",243,238,247,198,159,150
"ENSMUSG00000028841",612,531,538,616,364,479
"ENSMUSG00000028842",1065,1019,988,1038,1310,1134
"ENSMUSG00000028843",341,261,775,673,481,354
"ENSMUSG00000028845",37,26,27,27,27,38
"ENSMUSG00000028847",438,390,565,600,511,393
"ENSMUSG00000028848",148,115,210,191,189,141
"ENSMUSG00000028849",617,577,1031,909,676,788
"ENSMUSG00000028850",73,44,47,47,41,48
"ENSMUSG00000028851",810,896,1152,1020,929,729
"ENSMUSG00000028854",1704,1430,2240,1906,1444,1442
"ENSMUSG00000028857",317,277,234,279,252,216
"ENSMUSG00000028860",613,548,688,759,661,534
"ENSMUSG00000028861",345,309,425,418,311,291
"ENSMUSG00000028862",393,322,273,202,176,173
"ENSMUSG00000028863",602,565,447,455,530,474
"ENSMUSG00000028864",2373,1456,1295,1098,2397,3154
"ENSMUSG00000028868",4070,3763,3297,3163,3660,3244
"ENSMUSG00000028869",1133,1139,1263,1117,981,1015
"ENSMUSG00000028873",74,104,507,361,215,107
"ENSMUSG00000028876",14,25,27,14,23,22
"ENSMUSG00000028878",925,1110,641,681,879,779
"ENSMUSG00000028879",1838,1925,2165,1934,2150,1870
"ENSMUSG00000028882",276,263,499,391,335,261
"ENSMUSG00000028883",685,773,330,612,548,966
"ENSMUSG00000028884",194,173,391,271,172,136
"ENSMUSG00000028885",18,16,98,47,8,8
"ENSMUSG00000028886",1029,1149,846,898,980,730
"ENSMUSG00000028889",394,441,346,301,300,277
"ENSMUSG00000028890",865,834,702,683,851,714
"ENSMUSG00000028893",624,706,690,664,724,721
"ENSMUSG00000028894",707,627,487,620,559,573
"ENSMUSG00000028896",164,216,553,344,226,205
"ENSMUSG00000028898",274,193,272,236,241,205
"ENSMUSG00000028899",365,357,447,442,486,351
"ENSMUSG00000028901",584,581,597,585,630,580
"ENSMUSG00000028902",706,628,964,781,734,534
"ENSMUSG00000028906",3352,3610,2579,2599,2286,2157
"ENSMUSG00000028907",536,603,591,573,566,442
"ENSMUSG00000028909",1079,683,1997,1933,991,718
"ENSMUSG00000028910",128,147,206,179,131,98
"ENSMUSG00000028911",1560,1330,1516,1412,1537,1423
"ENSMUSG00000028914",533,528,402,381,496,371
"ENSMUSG00000028917",660,571,546,590,540,553
"ENSMUSG00000028919",831,657,983,1173,1398,902
"ENSMUSG00000028920",1280,1106,1234,1169,1458,1335
"ENSMUSG00000028923",728,628,896,818,869,666
"ENSMUSG00000028926",606,556,479,565,525,547
"ENSMUSG00000028927",8,18,120,132,10,8
"ENSMUSG00000028931",41,26,16,15,21,19
"ENSMUSG00000028932",1073,1022,1774,1612,1364,1195
"ENSMUSG00000028933",59,53,197,130,103,44
"ENSMUSG00000028936",3710,4169,4594,3771,4405,4706
"ENSMUSG00000028937",79,82,84,61,71,60
"ENSMUSG00000028943",201,118,74,97,130,96
"ENSMUSG00000028944",774,765,523,536,517,713
"ENSMUSG00000028945",3955,4478,2627,3545,3405,4358
"ENSMUSG00000028948",497,534,873,716,556,506
"ENSMUSG00000028949",684,732,296,310,449,496
"ENSMUSG00000028950",35,27,17,15,20,25
"ENSMUSG00000028952",239,201,188,149,155,150
"ENSMUSG00000028953",838,778,1916,1567,1479,1112
"ENSMUSG00000028954",1803,1864,1331,1289,1583,1474
"ENSMUSG00000028955",1617,1695,2105,2203,1925,1492
"ENSMUSG00000028957",876,931,727,790,1020,801
"ENSMUSG00000028958",136,100,99,99,107,73
"ENSMUSG00000028959",738,603,835,807,750,595
"ENSMUSG00000028960",2468,2618,2188,2215,2434,2143
"ENSMUSG00000028961",933,937,2204,1965,1041,951
"ENSMUSG00000028962",990,768,1158,1072,1254,871
"ENSMUSG00000028964",1238,1253,1515,1448,1412,1288
"ENSMUSG00000028967",32885,45488,13593,22255,33141,43079
"ENSMUSG00000028969",175,173,246,275,255,185
"ENSMUSG00000028970",223,266,226,117,154,204
"ENSMUSG00000028973",263,266,322,284,297,226
"ENSMUSG00000028974",270,248,374,235,287,205
"ENSMUSG00000028975",525,479,579,517,513,454
"ENSMUSG00000028977",2472,2491,2380,2708,2550,2967
"ENSMUSG00000028978",56,26,4,16,20,9
"ENSMUSG00000028979",426,387,253,374,232,306
"ENSMUSG00000028980",1332,1307,740,665,481,506
"ENSMUSG00000028982",74,97,83,71,48,76
"ENSMUSG00000028986",837,856,611,616,645,637
"ENSMUSG00000028988",179,123,299,244,153,192
"ENSMUSG00000028989",53,67,18,30,18,16
"ENSMUSG00000028990",296,298,394,316,369,294
"ENSMUSG00000028991",2280,2304,1977,2003,2370,2025
"ENSMUSG00000028992",97,104,136,134,122,78
"ENSMUSG00000028995",345,312,656,530,391,396
"ENSMUSG00000028998",342,396,590,509,441,410
"ENSMUSG00000028999",858,741,722,720,632,559
"ENSMUSG00000029001",64,48,26,46,50,38
"ENSMUSG00000029003",140,135,224,166,153,101
"ENSMUSG00000029004",7129,6104,3961,4187,5383,5455
"ENSMUSG00000029007",568,489,265,263,356,364
"ENSMUSG00000029009",446,400,269,306,286,259
"ENSMUSG00000029012",498,563,499,485,445,405
"ENSMUSG00000029014",881,970,1656,1137,993,922
"ENSMUSG00000029016",435,291,218,218,178,219
"ENSMUSG00000029017",868,882,1049,1071,1054,916
"ENSMUSG00000029020",1109,1042,1238,1185,1341,967
"ENSMUSG00000029022",103,29,184,255,208,91
"ENSMUSG00000029026",40,16,196,151,342,275
"ENSMUSG00000029027",139,95,96,81,66,69
"ENSMUSG00000029028",1308,1236,1412,1211,1469,1141
"ENSMUSG00000029029",129,99,127,144,167,107
"ENSMUSG00000029030",2074,1471,1369,1357,2052,1830
"ENSMUSG00000029032",755,579,512,510,775,627
"ENSMUSG00000029033",330,252,429,475,464,393
"ENSMUSG00000029034",453,359,765,636,563,400
"ENSMUSG00000029036",649,677,1238,830,545,557
"ENSMUSG00000029038",907,873,1368,1256,1060,973
"ENSMUSG00000029047",119,105,120,125,118,82
"ENSMUSG00000029048",1231,1037,1693,1537,1362,1037
"ENSMUSG00000029049",111,99,49,77,103,99
"ENSMUSG00000029050",7643,7221,5705,5865,8127,8199
"ENSMUSG00000029053",250,271,150,202,94,70
"ENSMUSG00000029055",4141,3601,3487,4670,5316,5622
"ENSMUSG00000029056",443,380,366,456,392,394
"ENSMUSG00000029059",135,205,142,179,302,229
"ENSMUSG00000029060",649,577,387,472,573,471
"ENSMUSG00000029061",34,32,22,18,17,24
"ENSMUSG00000029062",1378,1644,1435,1383,1483,1492
"ENSMUSG00000029063",1868,1665,2919,2682,2252,1733
"ENSMUSG00000029064",5963,6138,7686,7315,7564,6573
"ENSMUSG00000029066",185,126,335,265,243,185
"ENSMUSG00000029068",2746,2442,2719,3819,2827,2439
"ENSMUSG00000029070",559,494,66,120,368,178
"ENSMUSG00000029071",934,844,870,950,1050,795
"ENSMUSG00000029072",177,146,80,116,91,108
"ENSMUSG00000029073",244,194,239,226,204,168
"ENSMUSG00000029074",753,618,311,414,312,278
"ENSMUSG00000029075",36,18,21,23,26,16
"ENSMUSG00000029076",3587,3416,2456,2783,3231,3265
"ENSMUSG00000029082",59,21,87,23,26,28
"ENSMUSG00000029084",115,100,365,432,383,306
"ENSMUSG00000029086",635,520,1278,1055,939,1000
"ENSMUSG00000029088",49,41,25,44,46,43
"ENSMUSG00000029089",227,193,242,265,234,188
"ENSMUSG00000029090",855,833,1366,1614,835,1047
"ENSMUSG00000029093",2247,1970,6003,5690,5379,5188
"ENSMUSG00000029094",1391,1177,1935,1676,1295,1234
"ENSMUSG00000029096",85,126,12,38,18,43
"ENSMUSG00000029097",158,141,198,149,160,104
"ENSMUSG00000029098",627,500,853,1121,990,790
"ENSMUSG00000029101",2970,2729,4702,4855,5441,5102
"ENSMUSG00000029102",135,117,85,128,123,140
"ENSMUSG00000029103",1445,1361,878,981,1017,1136
"ENSMUSG00000029104",2524,2431,2686,2431,2204,2210
"ENSMUSG00000029106",3630,3367,3823,3688,3686,3246
"ENSMUSG00000029108",2251,2709,1250,604,4223,2085
"ENSMUSG00000029110",2471,2844,2913,2615,2227,2175
"ENSMUSG00000029111",435,401,527,530,580,437
"ENSMUSG00000029119",1199,1070,1283,1543,1076,1076
"ENSMUSG00000029120",79,73,272,249,235,41
"ENSMUSG00000029122",365,307,381,395,523,442
"ENSMUSG00000029125",327,372,323,321,283,285
"ENSMUSG00000029126",95,86,50,46,44,54
"ENSMUSG00000029127",161,132,100,116,144,123
"ENSMUSG00000029128",400,434,599,616,603,553
"ENSMUSG00000029130",339,469,118,204,341,348
"ENSMUSG00000029131",1654,1688,1546,1588,1551,1367
"ENSMUSG00000029135",5638,6706,11890,10940,9029,9254
"ENSMUSG00000029136",80,40,54,50,50,30
"ENSMUSG00000029141",623,584,629,561,599,476
"ENSMUSG00000029145",511,423,514,489,493,389
"ENSMUSG00000029146",1027,903,973,884,970,778
"ENSMUSG00000029147",1099,1106,2290,1770,1654,1465
"ENSMUSG00000029148",1567,1324,1623,1688,1633,1447
"ENSMUSG00000029149",223,170,377,316,177,172
"ENSMUSG00000029152",1970,1826,1944,1950,1917,1646
"ENSMUSG00000029153",65,68,147,117,25,27
"ENSMUSG00000029154",36,23,24,15,5,12
"ENSMUSG00000029156",226,159,180,186,111,250
"ENSMUSG00000029161",58,50,6,8,6,18
"ENSMUSG00000029162",276,173,110,117,160,147
"ENSMUSG00000029163",80,75,18,16,19,25
"ENSMUSG00000029165",1093,1089,1040,1105,1056,918
"ENSMUSG00000029166",1292,1177,814,1133,1457,1329
"ENSMUSG00000029167",1017,1196,155,281,313,511
"ENSMUSG00000029168",371,408,87,114,289,172
"ENSMUSG00000029169",5875,5711,7337,6570,6333,6193
"ENSMUSG00000029171",276,321,640,608,359,282
"ENSMUSG00000029173",604,581,539,498,533,461
"ENSMUSG00000029174",484,558,3787,2906,1192,934
"ENSMUSG00000029175",624,500,1285,1032,683,573
"ENSMUSG00000029176",1182,1156,1728,1553,1134,1111
"ENSMUSG00000029177",57,99,409,345,158,111
"ENSMUSG00000029178",3741,3103,5171,5035,4653,4273
"ENSMUSG00000029179",265,226,238,200,225,237
"ENSMUSG00000029185",451,422,715,697,393,460
"ENSMUSG00000029186",690,612,551,583,464,534
"ENSMUSG00000029188",103,16,110,72,20,32
"ENSMUSG00000029189",2455,2852,1249,2210,1037,1945
"ENSMUSG00000029190",1268,1327,1187,1158,1547,1314
"ENSMUSG00000029191",1463,1577,1714,1379,1473,1336
"ENSMUSG00000029192",696,632,1116,1000,847,742
"ENSMUSG00000029195",23,11,4,6,10,14
"ENSMUSG00000029196",599,520,505,468,568,458
"ENSMUSG00000029198",695,676,713,607,553,532
"ENSMUSG00000029199",397,351,448,386,414,435
"ENSMUSG00000029201",646,751,1164,978,943,939
"ENSMUSG00000029202",4198,4405,5835,5455,5322,5269
"ENSMUSG00000029203",2055,1974,2471,2324,2458,2308
"ENSMUSG00000029205",16,32,10,18,8,19
"ENSMUSG00000029206",35,22,10,15,28,34
"ENSMUSG00000029207",2822,2632,3298,2698,3540,3997
"ENSMUSG00000029208",754,634,901,940,763,704
"ENSMUSG00000029209",562,488,616,653,634,553
"ENSMUSG00000029212",27,30,3,10,19,18
"ENSMUSG00000029213",646,590,668,713,637,639
"ENSMUSG00000029217",85,63,122,116,48,31
"ENSMUSG00000029221",1498,1433,1728,1745,1644,1489
"ENSMUSG00000029227",1758,1792,1945,1814,2120,1836
"ENSMUSG00000029228",308,413,293,291,355,268
"ENSMUSG00000029229",1540,1415,1297,1263,1491,1572
"ENSMUSG00000029231",717,1149,95,157,249,303
"ENSMUSG00000029233",312,266,358,344,333,287
"ENSMUSG00000029234",660,556,943,871,854,701
"ENSMUSG00000029238",2948,2733,3919,3498,3513,3333
"ENSMUSG00000029246",363,489,878,504,481,320
"ENSMUSG00000029247",2836,2637,3061,2566,2308,2195
"ENSMUSG00000029249",2213,2254,2706,2441,2600,2497
"ENSMUSG00000029250",1628,1674,3308,2734,2989,2104
"ENSMUSG00000029253",580,544,592,603,444,515
"ENSMUSG00000029254",16,27,32,63,32,32
"ENSMUSG00000029260",19,39,1201,736,60,59
"ENSMUSG00000029263",487,515,543,497,523,351
"ENSMUSG00000029265",1131,1090,1421,1305,1352,1098
"ENSMUSG00000029267",789,1051,992,969,969,888
"ENSMUSG00000029270",596,717,1281,1336,1367,944
"ENSMUSG00000029272",101,244,32,72,150,72
"ENSMUSG00000029276",224,219,236,198,151,178
"ENSMUSG00000029279",68,40,28,30,22,35
"ENSMUSG00000029283",40,55,242,159,110,95
"ENSMUSG00000029287",16585,17519,5204,7469,15944,18568
"ENSMUSG00000029290",968,979,1389,1430,1190,1060
"ENSMUSG00000029291",414,433,320,374,412,345
"ENSMUSG00000029298",86,34,488,28,16,12
"ENSMUSG00000029304",7,155,203,104,14,37
"ENSMUSG00000029309",1006,645,179,220,263,338
"ENSMUSG00000029310",407,340,419,357,411,335
"ENSMUSG00000029311",667,562,269,316,397,346
"ENSMUSG00000029312",289,340,175,155,212,345
"ENSMUSG00000029313",8085,8792,4773,4673,6814,7609
"ENSMUSG00000029314",226,219,161,215,123,146
"ENSMUSG00000029319",375,399,492,547,283,255
"ENSMUSG00000029321",36,44,7,7,10,24
"ENSMUSG00000029322",128,68,55,47,31,25
"ENSMUSG00000029326",304,281,517,447,401,362
"ENSMUSG00000029328",3466,3245,2743,2996,2295,3137
"ENSMUSG00000029330",1103,1355,976,1035,1158,1406
"ENSMUSG00000029335",69,85,113,76,466,220
"ENSMUSG00000029338",633,668,598,627,626,657
"ENSMUSG00000029344",177,228,244,174,235,205
"ENSMUSG00000029345",819,801,738,790,799,611
"ENSMUSG00000029346",185,188,207,211,205,163
"ENSMUSG00000029352",150,60,41,46,57,99
"ENSMUSG00000029359",45,26,5,16,15,22
"ENSMUSG00000029360",315,297,336,271,271,248
"ENSMUSG00000029361",4,32,1450,558,6,14
"ENSMUSG00000029363",569,631,1101,864,666,640
"ENSMUSG00000029364",788,889,1164,1057,945,875
"ENSMUSG00000029366",78,118,492,314,172,163
"ENSMUSG00000029370",296,336,250,248,235,357
"ENSMUSG00000029371",3,3,1251,61,10,6
"ENSMUSG00000029375",162,66,1257,542,725,191
"ENSMUSG00000029376",279,257,259,293,294,264
"ENSMUSG00000029377",272,330,109,50,169,217
"ENSMUSG00000029378",10,7,109,125,9,48
"ENSMUSG00000029380",1375,1140,1623,589,1603,1487
"ENSMUSG00000029381",2483,2120,1480,1463,1623,1752
"ENSMUSG00000029385",1220,1306,1182,1427,1778,2128
"ENSMUSG00000029386",205,211,227,259,365,285
"ENSMUSG00000029387",271,329,396,365,312,258
"ENSMUSG00000029388",569,475,740,573,411,342
"ENSMUSG00000029389",230,212,258,246,225,168
"ENSMUSG00000029390",1236,1264,1478,1412,952,1024
"ENSMUSG00000029392",533,440,257,353,448,377
"ENSMUSG00000029394",305,260,596,489,447,380
"ENSMUSG00000029397",1000,903,869,993,903,865
"ENSMUSG00000029401",103,109,100,92,108,62
"ENSMUSG00000029402",160,123,155,114,129,101
"ENSMUSG00000029403",386,395,385,257,392,346
"ENSMUSG00000029404",545,400,612,638,502,496
"ENSMUSG00000029405",5588,6022,5287,5600,6136,5163
"ENSMUSG00000029406",1814,1841,1898,2128,1444,1676
"ENSMUSG00000029407",2760,3281,2705,2857,2565,2476
"ENSMUSG00000029408",93,73,37,80,66,91
"ENSMUSG00000029413",136,170,114,132,62,80
"ENSMUSG00000029414",20,133,707,393,216,112
"ENSMUSG00000029415",714,798,1088,819,616,633
"ENSMUSG00000029416",408,411,468,430,320,224
"ENSMUSG00000029417",81,26,2658,39,14,16
"ENSMUSG00000029419",30,30,9,14,25,15
"ENSMUSG00000029422",2631,2614,2248,2433,2254,2490
"ENSMUSG00000029426",18286,17492,12105,9020,18138,10479
"ENSMUSG00000029427",1125,923,851,955,992,887
"ENSMUSG00000029428",152,129,160,159,219,159
"ENSMUSG00000029430",1479,1665,4498,3304,2443,1947
"ENSMUSG00000029431",43,25,35,39,31,41
"ENSMUSG00000029432",950,958,842,906,925,851
"ENSMUSG00000029433",498,441,537,547,467,391
"ENSMUSG00000029434",672,676,636,551,685,561
"ENSMUSG00000029436",34,30,9,16,39,31
"ENSMUSG00000029438",1407,1071,944,836,1157,993
"ENSMUSG00000029439",1364,1286,1071,1162,1213,1213
"ENSMUSG00000029440",262,275,345,292,307,262
"ENSMUSG00000029442",47,40,6,12,16,8
"ENSMUSG00000029446",281,302,679,672,742,669
"ENSMUSG00000029447",2228,2325,4641,3611,3176,2772
"ENSMUSG00000029449",41,32,41,32,19,22
"ENSMUSG00000029452",237,201,296,281,212,184
"ENSMUSG00000029454",709,673,612,595,637,676
"ENSMUSG00000029455",9043,8987,3427,4738,8004,7472
"ENSMUSG00000029456",402,349,362,453,567,444
"ENSMUSG00000029458",1843,1560,1582,1713,2118,2026
"ENSMUSG00000029461",2332,2284,1653,2212,2263,2085
"ENSMUSG00000029462",659,630,873,918,851,794
"ENSMUSG00000029463",255,252,275,325,316,290
"ENSMUSG00000029464",341,339,292,285,272,259
"ENSMUSG00000029465",1227,1325,2031,1933,1397,1355
"ENSMUSG00000029466",936,852,890,852,874,826
"ENSMUSG00000029467",6898,8803,12484,11327,10035,9071
"ENSMUSG00000029468",1060,881,381,541,664,617
"ENSMUSG00000029469",692,747,416,510,684,518
"ENSMUSG00000029470",1150,992,629,822,734,713
"ENSMUSG00000029471",391,358,629,412,406,352
"ENSMUSG00000029472",4542,3884,3712,3636,3674,3393
"ENSMUSG00000029474",1033,1445,821,885,829,771
"ENSMUSG00000029475",1369,1270,909,868,947,939
"ENSMUSG00000029477",10,12,7,2,6,15
"ENSMUSG00000029478",6598,6415,5662,5624,6020,6533
"ENSMUSG00000029480",548,502,762,573,549,457
"ENSMUSG00000029482",414,519,761,708,379,381
"ENSMUSG00000029484",5020,4094,7023,6134,3354,3417
"ENSMUSG00000029486",348,411,475,442,375,316
"ENSMUSG00000029490",70,58,24,35,41,41
"ENSMUSG00000029499",97,63,20,27,17,22
"ENSMUSG00000029500",344,311,471,345,319,249
"ENSMUSG00000029501",2098,1755,1713,1790,1921,1758
"ENSMUSG00000029502",1944,2080,1866,1791,2044,2021
"ENSMUSG00000029503",112,87,641,786,104,144
"ENSMUSG00000029504",386,355,513,403,316,285
"ENSMUSG00000029505",5008,4939,4952,4792,5248,5118
"ENSMUSG00000029507",219,216,446,330,215,181
"ENSMUSG00000029510",128,89,350,400,286,187
"ENSMUSG00000029512",3187,3247,2307,2865,3865,3821
"ENSMUSG00000029513",1624,1427,1179,1256,1467,1320
"ENSMUSG00000029516",25,85,419,318,136,91
"ENSMUSG00000029517",18,15,3,7,4,12
"ENSMUSG00000029518",774,681,849,810,871,764
"ENSMUSG00000029521",118,136,355,446,281,182
"ENSMUSG00000029524",84,118,114,129,92,101
"ENSMUSG00000029528",5331,4474,3508,3836,4529,4747
"ENSMUSG00000029530",71,36,18,34,39,32
"ENSMUSG00000029534",343,371,348,386,399,310
"ENSMUSG00000029535",140,122,155,158,151,107
"ENSMUSG00000029536",562,516,685,591,672,516
"ENSMUSG00000029538",385,409,738,651,594,447
"ENSMUSG00000029545",337,252,480,357,304,210
"ENSMUSG00000029547",1216,1186,1512,1318,1180,976
"ENSMUSG00000029550",2306,1868,2630,2694,2596,2330
"ENSMUSG00000029551",157,97,146,100,113,80
"ENSMUSG00000029552",2946,3082,3928,5000,2846,3707
"ENSMUSG00000029554",215,308,587,537,462,409
"ENSMUSG00000029557",64,44,80,53,58,43
"ENSMUSG00000029559",507,403,380,371,322,335
"ENSMUSG00000029560",148,165,219,195,148,108
"ENSMUSG00000029561",884,382,1713,796,45,44
"ENSMUSG00000029563",177,197,42,77,194,105
"ENSMUSG00000029569",1050,991,1435,1243,1197,958
"ENSMUSG00000029570",480,300,491,435,615,464
"ENSMUSG00000029571",3974,3507,3196,3824,3583,4103
"ENSMUSG00000029575",189,223,211,170,106,130
"ENSMUSG00000029576",30,34,3,6,13,11
"ENSMUSG00000029577",1681,1503,1663,1708,1655,1383
"ENSMUSG00000029578",2071,1791,1366,1333,1696,1746
"ENSMUSG00000029580",51134,63850,54293,56843,52046,59342
"ENSMUSG00000029581",82,180,799,190,34,37
"ENSMUSG00000029587",585,372,379,395,516,335
"ENSMUSG00000029591",49,106,311,150,75,46
"ENSMUSG00000029592",616,502,432,428,483,435
"ENSMUSG00000029594",387,434,455,321,288,310
"ENSMUSG00000029597",20,17,6,15,14,15
"ENSMUSG00000029598",1285,1288,1288,1423,1583,1564
"ENSMUSG00000029599",1241,1290,1229,1281,1253,1149
"ENSMUSG00000029600",115,72,58,83,88,57
"ENSMUSG00000029601",16,9,7,11,20,21
"ENSMUSG00000029602",14,6,33,11,3,3
"ENSMUSG00000029605",62,26,66,52,15,24
"ENSMUSG00000029607",182,138,144,142,166,134
"ENSMUSG00000029610",458,337,509,423,404,325
"ENSMUSG00000029613",1120,978,1075,1061,1126,986
"ENSMUSG00000029614",6176,6063,7860,6894,7069,7577
"ENSMUSG00000029616",1093,1053,1573,1438,1101,1096
"ENSMUSG00000029617",673,700,988,848,763,630
"ENSMUSG00000029621",963,922,1139,1116,904,761
"ENSMUSG00000029622",2647,2722,4364,4104,3097,3358
"ENSMUSG00000029623",1556,1531,1969,1853,1607,1627
"ENSMUSG00000029624",481,443,404,374,363,368
"ENSMUSG00000029625",243,223,318,256,281,304
"ENSMUSG00000029627",97,71,32,61,52,47
"ENSMUSG00000029629",1659,1648,2137,2036,1745,1854
"ENSMUSG00000029632",545,582,1087,836,609,570
"ENSMUSG00000029633",7,8,4,11,16,18
"ENSMUSG00000029634",1728,1794,1851,1984,1752,1563
"ENSMUSG00000029635",958,978,1033,1287,1020,1054
"ENSMUSG00000029638",515,516,625,725,693,775
"ENSMUSG00000029640",1205,1071,924,1034,1168,1105
"ENSMUSG00000029641",199,86,49,52,80,96
"ENSMUSG00000029642",619,764,574,550,467,438
"ENSMUSG00000029647",4014,3676,3487,3574,4323,4137
"ENSMUSG00000029648",559,343,49,59,84,72
"ENSMUSG00000029649",578,548,1091,953,730,602
"ENSMUSG00000029650",257,251,85,118,107,85
"ENSMUSG00000029651",148,83,100,101,79,104
"ENSMUSG00000029655",3598,3171,2953,3145,3432,3035
"ENSMUSG00000029657",901,1456,1899,2524,2419,1080
"ENSMUSG00000029659",255,170,203,182,141,111
"ENSMUSG00000029661",1013,1320,251,314,190,328
"ENSMUSG00000029669",734,563,851,744,803,519
"ENSMUSG00000029670",745,888,560,681,681,787
"ENSMUSG00000029671",8,4,20,12,15,6
"ENSMUSG00000029672",1257,1595,2968,3477,1900,1554
"ENSMUSG00000029673",1666,1882,1703,1908,2640,2512
"ENSMUSG00000029674",81,120,197,175,171,130
"ENSMUSG00000029675",145,207,63,85,81,141
"ENSMUSG00000029676",413,423,350,306,311,224
"ENSMUSG00000029681",503,515,359,442,481,413
"ENSMUSG00000029684",3281,3624,2908,2961,3253,3025
"ENSMUSG00000029686",3083,2728,2690,2901,2870,2726
"ENSMUSG00000029687",507,565,1261,1007,824,823
"ENSMUSG00000029695",148,164,11,26,16,16
"ENSMUSG00000029699",19,25,25,34,20,19
"ENSMUSG00000029701",888,794,1265,1091,915,1002
"ENSMUSG00000029703",279,225,384,342,302,233
"ENSMUSG00000029705",5815,5859,5650,5780,6850,6295
"ENSMUSG00000029707",24,15,3,14,3,6
"ENSMUSG00000029708",2976,3512,789,851,1864,1336
"ENSMUSG00000029710",1270,964,1055,1076,1014,829
"ENSMUSG00000029711",48,63,70,47,60,51
"ENSMUSG00000029713",1254,1116,1553,1439,1213,1048
"ENSMUSG00000029714",1187,965,618,729,868,891
"ENSMUSG00000029715",74,68,154,150,87,78
"ENSMUSG00000029718",107,166,142,158,36,46
"ENSMUSG00000029720",881,761,871,979,691,660
"ENSMUSG00000029722",616,602,801,881,885,787
"ENSMUSG00000029723",1071,872,1301,1194,1255,1016
"ENSMUSG00000029725",89,63,102,104,95,75
"ENSMUSG00000029726",1138,925,617,628,848,926
"ENSMUSG00000029729",3161,2968,3089,3288,3527,3180
"ENSMUSG00000029730",721,830,2217,1386,1073,743
"ENSMUSG00000029735",339,286,293,302,274,264
"ENSMUSG00000029736",41,23,7,11,14,28
"ENSMUSG00000029752",588,858,464,284,253,223
"ENSMUSG00000029755",13,12,3,11,5,2
"ENSMUSG00000029759",676,825,829,1064,599,718
"ENSMUSG00000029761",626,427,342,227,243,352
"ENSMUSG00000029762",191,173,684,538,243,296
"ENSMUSG00000029763",1321,1370,1611,1496,1531,1579
"ENSMUSG00000029765",205,225,50,92,215,269
"ENSMUSG00000029767",4560,5463,5814,6187,5257,5599
"ENSMUSG00000029769",288,289,263,287,432,461
"ENSMUSG00000029771",294,331,477,498,377,348
"ENSMUSG00000029772",2669,2856,2751,3530,4250,4292
"ENSMUSG00000029775",1761,1749,2365,2000,2486,2015
"ENSMUSG00000029776",897,1061,1053,996,807,663
"ENSMUSG00000029777",1949,1768,2606,1836,1406,1063
"ENSMUSG00000029778",46,38,29,51,15,28
"ENSMUSG00000029780",617,565,631,593,516,633
"ENSMUSG00000029781",1783,1743,2050,2305,2338,2160
"ENSMUSG00000029782",959,1042,906,828,892,742
"ENSMUSG00000029787",2135,2413,1947,2167,2045,2073
"ENSMUSG00000029790",133,193,176,177,136,105
"ENSMUSG00000029797",89,69,12,16,30,19
"ENSMUSG00000029798",244,189,420,200,126,141
"ENSMUSG00000029802",191,175,671,644,337,407
"ENSMUSG00000029804",312,254,198,208,207,214
"ENSMUSG00000029810",9860,9639,7736,7252,10445,8620
"ENSMUSG00000029814",314,357,79,99,98,128
"ENSMUSG00000029815",491,482,342,324,315,243
"ENSMUSG00000029816",195,211,721,709,92,72
"ENSMUSG00000029817",3543,3689,3369,3880,3231,3696
"ENSMUSG00000029821",441,418,506,473,521,490
"ENSMUSG00000029822",218,155,707,435,191,118
"ENSMUSG00000029823",6487,5795,5222,5922,5931,5949
"ENSMUSG00000029826",2629,2585,3129,2473,1985,2383
"ENSMUSG00000029828",56,38,12,18,16,25
"ENSMUSG00000029830",32,17,7,8,11,21
"ENSMUSG00000029832",452,336,327,399,223,312
"ENSMUSG00000029833",2147,1952,2184,2234,1786,2028
"ENSMUSG00000029836",848,894,1176,986,932,874
"ENSMUSG00000029837",15,11,4,2,7,15
"ENSMUSG00000029838",374,374,1464,1195,1021,813
"ENSMUSG00000029840",3874,3882,5696,5086,4652,4010
"ENSMUSG00000029843",41,32,16,19,13,16
"ENSMUSG00000029844",10,16,3,7,20,5
"ENSMUSG00000029851",1544,2433,1012,1271,1307,1416
"ENSMUSG00000029859",2254,1921,1473,1676,2132,2307
"ENSMUSG00000029860",4115,4020,2603,3375,3330,4076
"ENSMUSG00000029863",1147,1018,1102,1071,968,733
"ENSMUSG00000029864",293,325,113,175,149,185
"ENSMUSG00000029868",223,232,140,179,149,227
"ENSMUSG00000029869",1131,891,979,1333,1135,1300
"ENSMUSG00000029910",168,206,980,649,831,317
"ENSMUSG00000029911",424,371,545,529,430,313
"ENSMUSG00000029913",145,150,140,126,114,127
"ENSMUSG00000029916",312,274,212,288,249,253
"ENSMUSG00000029918",146,149,227,208,168,162
"ENSMUSG00000029919",48,30,42,31,57,63
"ENSMUSG00000029920",1230,1337,1616,1512,1420,1290
"ENSMUSG00000029922",1067,967,905,1023,1113,970
"ENSMUSG00000029923",85,66,84,71,46,54
"ENSMUSG00000029924",803,791,1042,913,902,700
"ENSMUSG00000029925",29,29,24,23,15,21
"ENSMUSG00000029992",3921,4742,4720,5044,3925,3871
"ENSMUSG00000029993",396,429,422,438,352,345
"ENSMUSG00000029994",4725,4631,2767,2999,2721,2526
"ENSMUSG00000029998",2516,2557,3293,3374,2903,2877
"ENSMUSG00000029999",1970,1778,1116,1031,1584,1476
"ENSMUSG00000030002",4281,3766,4446,4506,4527,3829
"ENSMUSG00000030007",2041,2083,3530,2747,2411,2124
"ENSMUSG00000030008",84,64,94,92,45,48
"ENSMUSG00000030016",2921,2997,2904,3153,3142,2788
"ENSMUSG00000030017",5,2,621,167,29,25
"ENSMUSG00000030019",774,722,730,728,863,710
"ENSMUSG00000030020",131,136,197,187,110,134
"ENSMUSG00000030022",2038,2095,4267,4080,6234,5780
"ENSMUSG00000030029",1800,1909,821,1023,1374,1191
"ENSMUSG00000030030",38,39,14,20,22,18
"ENSMUSG00000030031",128,161,194,137,143,123
"ENSMUSG00000030032",496,451,417,457,447,354
"ENSMUSG00000030034",361,303,273,267,318,300
"ENSMUSG00000030035",366,368,422,447,380,338
"ENSMUSG00000030036",568,491,827,777,606,448
"ENSMUSG00000030037",167,154,209,187,171,155
"ENSMUSG00000030042",722,764,803,791,782,721
"ENSMUSG00000030045",334,284,506,446,327,357
"ENSMUSG00000030047",125,77,80,75,182,155
"ENSMUSG00000030051",255,228,195,238,281,213
"ENSMUSG00000030054",16,11,0,3,4,14
"ENSMUSG00000030055",1232,876,691,851,1049,942
"ENSMUSG00000030056",945,1094,920,767,805,811
"ENSMUSG00000030057",8159,7409,8506,7127,7035,6468
"ENSMUSG00000030058",2447,2706,3338,3178,2723,2346
"ENSMUSG00000030059",2574,2418,2688,2763,2885,3146
"ENSMUSG00000030060",271,251,373,361,301,297
"ENSMUSG00000030061",914,913,1602,1493,1292,1086
"ENSMUSG00000030062",2607,2905,3671,3383,2609,2301
"ENSMUSG00000030064",4164,5080,2473,3263,3469,5403
"ENSMUSG00000030067",7629,6891,4191,4457,6523,6814
"ENSMUSG00000030068",501,385,446,403,464,503
"ENSMUSG00000030074",389,447,55,76,79,95
"ENSMUSG00000030077",67,50,180,59,100,256
"ENSMUSG00000030079",310,314,649,479,345,306
"ENSMUSG00000030082",3186,3244,3862,3619,2704,2445
"ENSMUSG00000030083",342,235,128,169,196,195
"ENSMUSG00000030084",6380,4323,4998,4959,6688,6212
"ENSMUSG00000030086",89,100,103,87,84,70
"ENSMUSG00000030087",1017,714,211,304,531,477
"ENSMUSG00000030088",240,321,139,92,58,56
"ENSMUSG00000030089",85,55,36,44,44,40
"ENSMUSG00000030091",37,96,87,59,21,30
"ENSMUSG00000030094",1216,1093,809,906,1114,1013
"ENSMUSG00000030095",599,539,1177,900,670,534
"ENSMUSG00000030096",9985,5781,9089,7591,15122,15234
"ENSMUSG00000030098",60,21,20,14,22,43
"ENSMUSG00000030101",707,737,866,806,867,861
"ENSMUSG00000030102",13371,12910,3510,5481,7534,6487
"ENSMUSG00000030103",2365,4032,6412,5330,2379,2287
"ENSMUSG00000030104",1806,2230,2262,2281,2074,1906
"ENSMUSG00000030105",2535,2696,3781,3477,2979,2653
"ENSMUSG00000030107",108,45,634,190,43,16
"ENSMUSG00000030110",164,170,31,76,122,95
"ENSMUSG00000030116",49,75,19,19,11,28
"ENSMUSG00000030120",1088,1051,1373,1379,1260,1072
"ENSMUSG00000030122",3528,3545,3601,3828,4229,4252
"ENSMUSG00000030123",469,276,189,169,146,162
"ENSMUSG00000030124",107,94,51,48,58,153
"ENSMUSG00000030126",1167,974,975,943,1076,1032
"ENSMUSG00000030127",1422,1351,1551,1328,1285,971
"ENSMUSG00000030137",8,3,53,18,16,2
"ENSMUSG00000030138",1307,1306,1522,1253,1251,1061
"ENSMUSG00000030142",10,9,53,19,3,2
"ENSMUSG00000030145",178,136,118,101,118,124
"ENSMUSG00000030157",588,1185,1898,1693,1738,1112
"ENSMUSG00000030161",1695,2013,588,783,873,1070
"ENSMUSG00000030162",4,20,24,11,5,51
"ENSMUSG00000030166",326,298,231,284,271,309
"ENSMUSG00000030168",1364,1493,1262,1272,1145,1029
"ENSMUSG00000030170",78,46,53,40,40,30
"ENSMUSG00000030172",1625,1680,1870,1767,1957,2042
"ENSMUSG00000030177",352,344,279,260,227,229
"ENSMUSG00000030180",4475,5059,3505,3339,3762,4378
"ENSMUSG00000030188",92,73,135,129,108,73
"ENSMUSG00000030189",4738,4895,4194,3184,3548,3894
"ENSMUSG00000030199",2875,2941,2987,2449,2661,2810
"ENSMUSG00000030200",188,192,68,93,29,24
"ENSMUSG00000030201",5846,5597,4803,5494,6523,6307
"ENSMUSG00000030203",1287,1549,1165,1340,980,1115
"ENSMUSG00000030204",855,748,930,962,774,721
"ENSMUSG00000030207",594,641,592,616,443,387
"ENSMUSG00000030208",1949,2119,4047,3954,1296,2503
"ENSMUSG00000030213",4611,4300,3626,3735,4339,4028
"ENSMUSG00000030214",68,27,63,30,28,31
"ENSMUSG00000030216",1549,1621,1352,1302,1416,1189
"ENSMUSG00000030217",1363,1212,535,561,976,842
"ENSMUSG00000030218",432,655,143,166,201,175
"ENSMUSG00000030220",137,99,469,284,203,175
"ENSMUSG00000030222",353,359,338,248,184,246
"ENSMUSG00000030223",32,21,26,28,16,15
"ENSMUSG00000030224",2123,2123,3150,2681,2459,2131
"ENSMUSG00000030225",284,270,468,442,346,277
"ENSMUSG00000030228",23,27,20,40,10,27
"ENSMUSG00000030231",1631,1632,1240,1501,1433,1431
"ENSMUSG00000030232",1955,2312,3026,2970,2686,2848
"ENSMUSG00000030243",519,584,829,754,719,615
"ENSMUSG00000030245",776,904,1014,966,781,700
"ENSMUSG00000030246",476,460,216,220,240,203
"ENSMUSG00000030249",212,69,28,24,40,35
"ENSMUSG00000030254",153,216,517,321,226,207
"ENSMUSG00000030255",394,280,426,393,620,570
"ENSMUSG00000030256",1752,1726,6222,5560,4323,3422
"ENSMUSG00000030257",227,118,125,137,95,73
"ENSMUSG00000030259",769,819,784,750,883,817
"ENSMUSG00000030264",670,717,1021,771,783,567
"ENSMUSG00000030265",1030,1131,1514,1357,1303,970
"ENSMUSG00000030269",501,535,327,361,439,399
"ENSMUSG00000030270",70,41,12,11,22,27
"ENSMUSG00000030271",171,122,138,134,114,88
"ENSMUSG00000030272",657,374,390,350,399,361
"ENSMUSG00000030275",2157,2251,1314,1285,1595,1541
"ENSMUSG00000030276",604,514,535,573,460,457
"ENSMUSG00000030279",652,672,436,430,503,511
"ENSMUSG00000030281",383,359,390,422,421,332
"ENSMUSG00000030282",493,399,716,823,382,307
"ENSMUSG00000030284",190,217,160,179,167,172
"ENSMUSG00000030286",1048,918,1241,1149,1114,979
"ENSMUSG00000030287",2156,1976,2746,2339,2618,2784
"ENSMUSG00000030291",279,294,503,473,380,336
"ENSMUSG00000030298",827,746,1241,1112,969,928
"ENSMUSG00000030301",668,702,662,724,818,688
"ENSMUSG00000030302",32,23,0,2,4,22
"ENSMUSG00000030303",563,584,525,585,572,528
"ENSMUSG00000030304",1388,1385,1397,1480,1415,1265
"ENSMUSG00000030306",774,697,108,141,658,387
"ENSMUSG00000030309",507,420,173,191,281,397
"ENSMUSG00000030313",1813,1940,900,930,1394,1294
"ENSMUSG00000030314",822,783,750,681,707,700
"ENSMUSG00000030315",1427,1328,988,1093,1281,1157
"ENSMUSG00000030316",276,197,273,224,215,210
"ENSMUSG00000030317",567,560,14,97,57,118
"ENSMUSG00000030319",1803,1648,1903,1830,1827,2096
"ENSMUSG00000030321",35,17,11,14,7,14
"ENSMUSG00000030322",196,191,165,145,172,123
"ENSMUSG00000030323",490,438,390,373,436,351
"ENSMUSG00000030327",391,497,357,385,357,246
"ENSMUSG00000030329",435,403,69,4,8,8
"ENSMUSG00000030330",627,542,572,659,634,509
"ENSMUSG00000030335",358,337,472,383,392,309
"ENSMUSG00000030336",26,17,11,24,14,11
"ENSMUSG00000030337",361,387,183,257,242,310
"ENSMUSG00000030339",1024,759,1070,993,968,759
"ENSMUSG00000030340",1759,1459,273,309,604,378
"ENSMUSG00000030341",2433,2004,1875,1702,2012,1891
"ENSMUSG00000030342",3797,3413,5853,5824,5809,5676
"ENSMUSG00000030346",5,29,124,96,38,27
"ENSMUSG00000030347",207,235,280,252,224,195
"ENSMUSG00000030351",38,35,6,14,22,19
"ENSMUSG00000030352",1821,1841,3061,2922,2826,2365
"ENSMUSG00000030353",166,151,275,191,141,114
"ENSMUSG00000030357",2590,2732,4017,4047,4264,2356
"ENSMUSG00000030359",23,18,7,39,54,40
"ENSMUSG00000030374",1227,1009,1589,1615,1572,1214
"ENSMUSG00000030376",64,44,5,18,13,40
"ENSMUSG00000030380",40,27,43,42,23,30
"ENSMUSG00000030386",474,309,364,375,412,312
"ENSMUSG00000030393",41,38,88,59,60,46
"ENSMUSG00000030397",920,898,1169,1161,1332,1186
"ENSMUSG00000030400",781,552,596,545,534,437
"ENSMUSG00000030401",331,154,98,182,188,200
"ENSMUSG00000030402",43,11,22,23,21,18
"ENSMUSG00000030403",988,877,1388,1443,1194,1186
"ENSMUSG00000030407",479,479,275,305,360,380
"ENSMUSG00000030409",173,126,72,101,98,117
"ENSMUSG00000030410",386,323,229,313,400,296
"ENSMUSG00000030413",51,23,159,220,16,21
"ENSMUSG00000030417",372,288,513,411,430,351
"ENSMUSG00000030421",1894,1874,2085,2128,1858,2010
"ENSMUSG00000030423",261,244,291,411,230,250
"ENSMUSG00000030424",109,86,64,77,94,66
"ENSMUSG00000030428",29,22,10,10,15,12
"ENSMUSG00000030431",140,95,225,163,102,79
"ENSMUSG00000030432",4723,4530,5233,4988,4948,5664
"ENSMUSG00000030435",2391,2438,2831,2484,2055,2029
"ENSMUSG00000030443",74,67,32,56,73,31
"ENSMUSG00000030446",54,50,42,43,65,27
"ENSMUSG00000030447",4175,3921,6494,5751,4536,4445
"ENSMUSG00000030451",4121,4651,4024,3901,4711,4871
"ENSMUSG00000030452",1592,1910,1842,1672,1731,1644
"ENSMUSG00000030465",3693,4311,3063,3314,4858,4647
"ENSMUSG00000030469",382,364,268,304,365,293
"ENSMUSG00000030471",871,877,1154,1288,862,920
"ENSMUSG00000030483",68,82,352,653,45,133
"ENSMUSG00000030486",59,45,37,56,68,47
"ENSMUSG00000030493",79,40,114,87,69,51
"ENSMUSG00000030494",271,247,115,251,62,69
"ENSMUSG00000030498",87,58,76,68,76,66
"ENSMUSG00000030499",929,885,980,970,1196,1070
"ENSMUSG00000030505",544,678,960,777,644,560
"ENSMUSG00000030509",651,554,537,534,610,458
"ENSMUSG00000030510",113,82,368,377,133,163
"ENSMUSG00000030512",332,373,733,563,359,316
"ENSMUSG00000030513",482,554,1006,680,676,857
"ENSMUSG00000030515",336,364,286,324,265,329
"ENSMUSG00000030516",7403,7047,4628,4379,5253,5693
"ENSMUSG00000030518",184,161,5,11,15,37
"ENSMUSG00000030521",530,511,865,669,613,505
"ENSMUSG00000030522",873,747,680,680,892,790
"ENSMUSG00000030527",1321,1172,950,1019,1085,1144
"ENSMUSG00000030528",120,230,456,283,173,162
"ENSMUSG00000030530",4302,4035,6203,6845,6418,6587
"ENSMUSG00000030532",1252,1307,1010,1422,1253,1497
"ENSMUSG00000030533",3897,3743,2447,3118,3746,4089
"ENSMUSG00000030534",868,715,765,868,782,644
"ENSMUSG00000030536",9789,9734,11417,9321,9412,9303
"ENSMUSG00000030538",221,179,865,750,459,403
"ENSMUSG00000030539",2173,1577,2217,2063,2122,1928
"ENSMUSG00000030541",964,922,1301,1373,1119,836
"ENSMUSG00000030545",42,66,100,77,46,50
"ENSMUSG00000030551",2315,2060,1930,2125,2178,1601
"ENSMUSG00000030554",897,959,1043,1539,1761,1394
"ENSMUSG00000030555",194,277,885,765,761,717
"ENSMUSG00000030556",892,936,700,996,1037,1047
"ENSMUSG00000030557",4752,4785,3558,3987,4335,4699
"ENSMUSG00000030559",51,78,234,177,122,85
"ENSMUSG00000030560",1209,968,2623,1771,798,729
"ENSMUSG00000030562",18,17,11,6,7,6
"ENSMUSG00000030579",20,6,27,14,10,12
"ENSMUSG00000030583",3742,3420,2414,2912,3292,3416
"ENSMUSG00000030584",43,34,11,14,9,48
"ENSMUSG00000030587",174,128,284,253,109,112
"ENSMUSG00000030588",325,267,374,374,217,187
"ENSMUSG00000030589",125,118,90,79,61,95
"ENSMUSG00000030590",184,151,108,125,98,117
"ENSMUSG00000030591",1560,1551,2145,2080,1606,1513
"ENSMUSG00000030595",491,471,328,289,299,293
"ENSMUSG00000030598",118,71,31,32,44,67
"ENSMUSG00000030600",113,96,111,84,123,114
"ENSMUSG00000030602",1050,1016,1127,946,980,823
"ENSMUSG00000030603",951,863,1914,1652,1421,1214
"ENSMUSG00000030604",300,272,240,320,295,224
"ENSMUSG00000030605",3543,2852,8600,9878,4170,4657
"ENSMUSG00000030606",26,32,47,39,21,98
"ENSMUSG00000030607",18,17,14,23,5,59
"ENSMUSG00000030609",347,400,502,345,318,239
"ENSMUSG00000030610",207,159,281,227,214,153
"ENSMUSG00000030611",87,96,172,142,125,125
"ENSMUSG00000030612",196,160,320,263,236,137
"ENSMUSG00000030613",378,327,427,451,507,467
"ENSMUSG00000030614",277,248,205,228,209,211
"ENSMUSG00000030615",257,265,298,328,285,291
"ENSMUSG00000030616",9,21,19,32,4,15
"ENSMUSG00000030619",693,709,813,876,806,708
"ENSMUSG00000030621",350,290,211,113,718,250
"ENSMUSG00000030623",2084,1620,1443,1236,4694,2415
"ENSMUSG00000030629",1284,1168,1177,1373,1211,1217
"ENSMUSG00000030630",627,516,270,373,352,527
"ENSMUSG00000030641",52,90,222,136,96,96
"ENSMUSG00000030643",191,237,290,308,358,301
"ENSMUSG00000030647",337,335,710,683,441,370
"ENSMUSG00000030649",303,387,295,264,232,239
"ENSMUSG00000030652",98,101,221,191,151,108
"ENSMUSG00000030653",323,233,109,134,157,107
"ENSMUSG00000030654",1386,1503,2354,2255,1810,1410
"ENSMUSG00000030655",9691,8927,7440,7449,8894,8482
"ENSMUSG00000030657",118,186,61,48,96,94
"ENSMUSG00000030659",1216,1551,924,1277,608,813
"ENSMUSG00000030660",4415,4034,4137,4198,4237,5289
"ENSMUSG00000030662",3318,4405,7076,5575,4087,4288
"ENSMUSG00000030663",1094,968,1634,1346,1178,1077
"ENSMUSG00000030670",13,16,70,53,51,19
"ENSMUSG00000030671",1588,2251,1216,1553,2351,2092
"ENSMUSG00000030672",20,49,14,19,16,16
"ENSMUSG00000030677",36,46,340,232,111,75
"ENSMUSG00000030678",989,820,1446,1329,1361,1072
"ENSMUSG00000030680",215,192,264,215,294,178
"ENSMUSG00000030681",975,948,1433,1032,755,724
"ENSMUSG00000030682",728,688,982,962,869,746
"ENSMUSG00000030683",21,23,9,15,11,9
"ENSMUSG00000030685",103,100,121,92,126,101
"ENSMUSG00000030688",1554,1367,1076,1242,1388,1140
"ENSMUSG00000030689",388,385,330,361,405,391
"ENSMUSG00000030691",1538,1604,733,945,1182,1295
"ENSMUSG00000030695",3548,4157,7103,6143,3609,3423
"ENSMUSG00000030697",1093,1036,1157,1143,901,855
"ENSMUSG00000030699",67,43,9,12,26,37
"ENSMUSG00000030701",179,113,64,87,127,105
"ENSMUSG00000030703",205,38,20,19,19,46
"ENSMUSG00000030704",3045,3618,3506,3815,3597,3842
"ENSMUSG00000030706",821,847,856,859,845,928
"ENSMUSG00000030707",18,6,36,27,22,8
"ENSMUSG00000030708",758,663,189,362,264,487
"ENSMUSG00000030711",106,78,13,14,16,21
"ENSMUSG00000030714",160,131,247,215,227,150
"ENSMUSG00000030717",76,151,622,741,13,27
"ENSMUSG00000030718",695,653,818,860,691,612
"ENSMUSG00000030720",301,163,191,208,168,205
"ENSMUSG00000030722",224,392,253,232,265,204
"ENSMUSG00000030725",58,44,57,38,33,30
"ENSMUSG00000030726",656,557,871,769,692,560
"ENSMUSG00000030727",574,501,417,455,536,477
"ENSMUSG00000030729",2255,2146,624,769,1110,714
"ENSMUSG00000030730",56,29,25,31,20,28
"ENSMUSG00000030731",93,67,29,51,92,73
"ENSMUSG00000030733",619,483,508,537,629,498
"ENSMUSG00000030735",18,6,34,23,27,12
"ENSMUSG00000030737",58,27,21,20,30,21
"ENSMUSG00000030738",6778,6275,8188,6827,6349,6276
"ENSMUSG00000030739",352,366,339,379,134,98
"ENSMUSG00000030741",244,221,241,236,215,146
"ENSMUSG00000030744",6895,6997,10382,8887,8506,8955
"ENSMUSG00000030745",12,8,20,10,4,2
"ENSMUSG00000030747",67,91,137,113,38,67
"ENSMUSG00000030748",195,142,1191,304,153,149
"ENSMUSG00000030750",277,348,470,302,305,285
"ENSMUSG00000030751",1220,1166,2265,1831,1459,1243
"ENSMUSG00000030752",59,67,92,69,87,64
"ENSMUSG00000030753",2690,2501,3126,2868,3450,3034
"ENSMUSG00000030754",3853,3819,4385,4245,3872,3951
"ENSMUSG00000030759",3134,3357,5105,5151,3276,3330
"ENSMUSG00000030760",1134,1158,1962,1743,1830,1505
"ENSMUSG00000030761",4,7,85,87,71,67
"ENSMUSG00000030763",595,580,502,583,469,486
"ENSMUSG00000030766",863,814,676,820,784,838
"ENSMUSG00000030768",164,151,102,51,109,43
"ENSMUSG00000030770",3291,2840,2376,2335,2364,2455
"ENSMUSG00000030771",14,11,26,8,15,11
"ENSMUSG00000030772",436,313,1005,1373,916,980
"ENSMUSG00000030774",937,718,1854,1385,952,843
"ENSMUSG00000030779",4762,4970,3427,3391,3901,5279
"ENSMUSG00000030780",540,465,492,587,426,348
"ENSMUSG00000030781",235,197,162,174,146,130
"ENSMUSG00000030782",566,378,255,312,331,345
"ENSMUSG00000030786",21,13,68,34,22,19
"ENSMUSG00000030787",30,44,24,14,13,16
"ENSMUSG00000030788",1932,1727,2828,2459,2638,2339
"ENSMUSG00000030789",13,12,34,11,15,6
"ENSMUSG00000030790",2380,1784,858,1056,1827,2335
"ENSMUSG00000030793",519,374,775,636,516,511
"ENSMUSG00000030795",7003,6571,5470,5455,4414,5994
"ENSMUSG00000030796",71,48,63,97,79,56
"ENSMUSG00000030800",537,362,291,344,284,240
"ENSMUSG00000030801",504,438,367,411,394,415
"ENSMUSG00000030802",1170,986,967,894,903,790
"ENSMUSG00000030804",519,492,590,498,498,435
"ENSMUSG00000030805",846,683,884,851,873,868
"ENSMUSG00000030806",41,21,5,10,7,15
"ENSMUSG00000030811",743,658,831,891,885,806
"ENSMUSG00000030814",769,650,503,549,726,655
"ENSMUSG00000030815",506,474,495,528,393,406
"ENSMUSG00000030816",1845,1776,1732,1592,1754,1556
"ENSMUSG00000030822",1023,861,812,909,914,888
"ENSMUSG00000030823",140,114,50,65,79,62
"ENSMUSG00000030824",6135,6252,4383,5688,4528,4765
"ENSMUSG00000030826",465,502,353,350,287,252
"ENSMUSG00000030830",19,11,28,7,4,8
"ENSMUSG00000030835",1181,1411,1975,1526,1478,1307
"ENSMUSG00000030839",113,99,77,76,72,51
"ENSMUSG00000030842",591,538,539,569,573,455
"ENSMUSG00000030844",213,177,557,557,555,378
"ENSMUSG00000030846",1583,1513,1990,2151,1925,1774
"ENSMUSG00000030847",3584,4069,2648,2888,3750,4161
"ENSMUSG00000030849",8981,10816,14326,17629,16049,17553
"ENSMUSG00000030850",1421,1440,1012,1102,1112,968
"ENSMUSG00000030851",18,18,4,6,4,12
"ENSMUSG00000030852",1931,1731,1887,2121,1218,1692
"ENSMUSG00000030861",2113,2041,1386,1565,1629,1602
"ENSMUSG00000030862",133,146,90,79,80,83
"ENSMUSG00000030867",24,45,480,334,145,59
"ENSMUSG00000030868",498,475,651,642,541,476
"ENSMUSG00000030869",589,484,980,736,654,505
"ENSMUSG00000030870",759,888,1184,1108,1088,797
"ENSMUSG00000030871",158,191,261,212,197,149
"ENSMUSG00000030872",728,863,1297,1346,1577,1015
"ENSMUSG00000030873",604,667,496,638,1135,974
"ENSMUSG00000030876",1492,1471,2413,2163,2331,1750
"ENSMUSG00000030877",9,16,12,20,6,9
"ENSMUSG00000030878",103,142,303,283,249,204
"ENSMUSG00000030879",1127,1172,1091,897,863,716
"ENSMUSG00000030880",626,579,693,631,656,534
"ENSMUSG00000030881",752,711,594,693,599,548
"ENSMUSG00000030882",306,281,148,157,144,144
"ENSMUSG00000030884",1222,1099,1818,1630,1391,1191
"ENSMUSG00000030887",339,322,507,461,400,354
"ENSMUSG00000030888",476,443,583,569,592,495
"ENSMUSG00000030890",1768,1413,1769,1998,2345,1986
"ENSMUSG00000030894",2337,2215,2571,3069,3253,2589
"ENSMUSG00000030895",16,23,5,11,13,19
"ENSMUSG00000030911",15,13,3,3,2,15
"ENSMUSG00000030917",520,478,327,469,415,432
"ENSMUSG00000030921",48,29,258,38,7,18
"ENSMUSG00000030922",74,77,70,81,68,70
"ENSMUSG00000030924",288,426,172,235,330,406
"ENSMUSG00000030929",595,558,507,574,583,534
"ENSMUSG00000030930",962,653,639,667,1133,1054
"ENSMUSG00000030934",12995,13164,7052,7783,13461,15114
"ENSMUSG00000030935",432,380,261,313,379,358
"ENSMUSG00000030942",1057,944,1162,982,941,742
"ENSMUSG00000030946",145,152,143,109,129,118
"ENSMUSG00000030956",869,639,957,922,947,721
"ENSMUSG00000030960",180,174,192,171,177,139
"ENSMUSG00000030965",755,729,783,710,762,589
"ENSMUSG00000030966",234,201,359,216,182,141
"ENSMUSG00000030967",2913,2992,1870,2097,2763,3146
"ENSMUSG00000030970",2206,2163,1722,2020,2598,2614
"ENSMUSG00000030978",1296,1209,3743,2526,1912,1479
"ENSMUSG00000030979",201,220,209,210,180,140
"ENSMUSG00000030980",1604,1244,1850,1521,1315,1246
"ENSMUSG00000030981",14,11,3,0,7,12
"ENSMUSG00000030982",1112,1039,1092,1163,1050,957
"ENSMUSG00000030983",712,718,844,718,655,694
"ENSMUSG00000030986",1003,953,589,512,493,649
"ENSMUSG00000030987",2810,2514,1330,1541,1798,1710
"ENSMUSG00000030990",2234,2254,2338,3061,1967,1846
"ENSMUSG00000030994",89,114,10,10,7,25
"ENSMUSG00000031004",206,373,6825,4764,2333,1721
"ENSMUSG00000031007",1485,1509,1386,1513,1155,1340
"ENSMUSG00000031010",9831,10873,8617,8159,10486,10822
"ENSMUSG00000031012",2102,2203,2085,2012,2407,2579
"ENSMUSG00000031015",2408,2097,1050,1336,1526,2031
"ENSMUSG00000031016",1269,2132,1866,2228,1200,1252
"ENSMUSG00000031021",972,879,797,924,980,769
"ENSMUSG00000031023",148,128,128,145,137,123
"ENSMUSG00000031024",4541,3726,3421,3151,3631,3015
"ENSMUSG00000031026",20,11,25,6,4,12
"ENSMUSG00000031029",4322,4233,5069,4350,4507,5094
"ENSMUSG00000031059",831,806,811,781,851,846
"ENSMUSG00000031060",951,908,1403,1378,1224,941
"ENSMUSG00000031065",2099,2191,2283,2383,2252,2064
"ENSMUSG00000031066",785,715,263,302,426,378
"ENSMUSG00000031068",868,900,1412,1245,1024,873
"ENSMUSG00000031072",1366,1177,907,520,631,843
"ENSMUSG00000031075",11405,12105,17104,15480,21636,14435
"ENSMUSG00000031077",241,173,281,242,259,205
"ENSMUSG00000031078",2750,2796,4973,4721,3771,3648
"ENSMUSG00000031079",92,34,34,40,43,44
"ENSMUSG00000031089",24,22,181,61,3,9
"ENSMUSG00000031090",153,140,124,120,100,99
"ENSMUSG00000031093",418,271,657,298,376,330
"ENSMUSG00000031095",1492,1546,1614,1567,1516,1468
"ENSMUSG00000031097",5,4,21,20,15,5
"ENSMUSG00000031098",31,27,124,100,40,27
"ENSMUSG00000031099",255,239,34,44,179,171
"ENSMUSG00000031103",778,679,1336,1259,1016,1114
"ENSMUSG00000031105",56,54,68,65,60,50
"ENSMUSG00000031107",163,170,241,186,159,141
"ENSMUSG00000031109",415,349,318,267,365,381
"ENSMUSG00000031112",1813,1648,2134,2145,1852,1627
"ENSMUSG00000031119",2932,2780,2691,2925,4158,3542
"ENSMUSG00000031129",98,69,101,88,76,99
"ENSMUSG00000031133",238,207,233,230,167,210
"ENSMUSG00000031134",1301,1364,1150,1260,812,913
"ENSMUSG00000031137",12,18,46,30,8,9
"ENSMUSG00000031143",230,216,320,305,219,213
"ENSMUSG00000031145",752,576,1021,924,788,716
"ENSMUSG00000031146",1717,1549,2885,2341,1909,1721
"ENSMUSG00000031148",1129,1210,1205,1083,1216,1080
"ENSMUSG00000031149",177,234,231,302,218,211
"ENSMUSG00000031150",678,586,315,377,366,343
"ENSMUSG00000031153",541,552,594,614,548,563
"ENSMUSG00000031154",1570,1384,1217,1238,1361,1227
"ENSMUSG00000031155",89,104,44,56,57,83
"ENSMUSG00000031156",255,260,202,202,196,223
"ENSMUSG00000031157",711,663,655,757,730,787
"ENSMUSG00000031158",283,201,222,283,272,192
"ENSMUSG00000031161",501,548,443,477,430,495
"ENSMUSG00000031166",1181,1127,840,1036,1155,1002
"ENSMUSG00000031167",1750,1476,3086,2334,1759,1730
"ENSMUSG00000031168",202,138,174,140,123,120
"ENSMUSG00000031169",194,140,102,169,165,162
"ENSMUSG00000031171",241,239,323,263,257,256
"ENSMUSG00000031174",156,136,176,226,147,130
"ENSMUSG00000031176",1770,1766,2932,2873,2703,2215
"ENSMUSG00000031189",67,73,10,18,20,31
"ENSMUSG00000031196",119,124,109,134,158,147
"ENSMUSG00000031197",774,810,959,989,1019,915
"ENSMUSG00000031198",601,533,878,773,808,740
"ENSMUSG00000031200",191,159,100,208,132,146
"ENSMUSG00000031201",804,743,972,881,828,730
"ENSMUSG00000031202",484,588,69,151,249,192
"ENSMUSG00000031207",1899,1537,4053,2215,1971,2021
"ENSMUSG00000031209",1118,1129,1094,1157,1548,1172
"ENSMUSG00000031214",643,733,717,951,843,928
"ENSMUSG00000031216",239,170,43,36,56,70
"ENSMUSG00000031217",1312,1239,1328,1518,1823,1763
"ENSMUSG00000031220",20,18,7,8,19,21
"ENSMUSG00000031221",1169,1029,1374,1158,1341,1281
"ENSMUSG00000031226",515,621,759,726,725,700
"ENSMUSG00000031227",278,244,108,159,317,272
"ENSMUSG00000031229",7692,7672,8728,8336,8833,8724
"ENSMUSG00000031231",562,715,1051,891,754,707
"ENSMUSG00000031232",1378,2029,1372,1575,1168,963
"ENSMUSG00000031239",100,82,21,48,86,46
"ENSMUSG00000031242",891,870,1009,987,1049,870
"ENSMUSG00000031245",1038,1124,694,782,880,1120
"ENSMUSG00000031246",4609,4753,4493,5436,5658,5490
"ENSMUSG00000031255",113,161,106,100,78,94
"ENSMUSG00000031256",994,1161,1789,1539,1387,1056
"ENSMUSG00000031257",122,136,180,133,134,102
"ENSMUSG00000031262",16,53,288,227,85,46
"ENSMUSG00000031266",244,321,225,265,195,296
"ENSMUSG00000031273",2535,3242,2668,3844,2518,2744
"ENSMUSG00000031274",2228,1923,2582,3400,2497,2544
"ENSMUSG00000031278",5074,6588,4435,4897,4178,5049
"ENSMUSG00000031283",87,103,4,20,23,22
"ENSMUSG00000031284",232,211,264,216,474,234
"ENSMUSG00000031286",172,140,315,317,223,181
"ENSMUSG00000031290",65,63,6,10,27,41
"ENSMUSG00000031292",1138,1073,700,869,1114,1111
"ENSMUSG00000031293",27,31,16,18,32,31
"ENSMUSG00000031295",574,524,552,638,572,473
"ENSMUSG00000031297",15,15,10,4,5,15
"ENSMUSG00000031298",296,340,315,338,335,333
"ENSMUSG00000031299",3129,3495,3546,3271,3517,3166
"ENSMUSG00000031302",42,36,12,6,19,19
"ENSMUSG00000031303",888,1005,989,883,1003,880
"ENSMUSG00000031304",16,21,17,14,6,11
"ENSMUSG00000031309",2536,2340,3816,3016,3056,2747
"ENSMUSG00000031310",1120,1090,931,994,877,816
"ENSMUSG00000031311",4152,4311,7089,6383,5394,4720
"ENSMUSG00000031312",12,8,10,15,5,8
"ENSMUSG00000031314",2886,2982,2164,2184,2411,2522
"ENSMUSG00000031320",10806,10729,12097,10544,11413,12338
"ENSMUSG00000031323",58,68,19,23,28,34
"ENSMUSG00000031327",420,423,302,357,433,371
"ENSMUSG00000031328",22884,21038,21541,21811,23365,26132
"ENSMUSG00000031333",758,778,1257,1043,1049,769
"ENSMUSG00000031337",475,427,350,349,409,328
"ENSMUSG00000031340",41,25,6,16,21,31
"ENSMUSG00000031342",1220,1253,872,1371,1561,1776
"ENSMUSG00000031347",310,335,428,420,418,381
"ENSMUSG00000031349",245,280,382,333,206,223
"ENSMUSG00000031351",551,576,513,463,444,348
"ENSMUSG00000031352",359,322,597,463,474,468
"ENSMUSG00000031353",4675,5196,5476,5645,4503,4461
"ENSMUSG00000031354",3,11,2,16,13,11
"ENSMUSG00000031355",726,727,403,590,967,976
"ENSMUSG00000031357",1507,1701,1545,1693,1923,1939
"ENSMUSG00000031358",775,789,915,879,864,814
"ENSMUSG00000031360",528,432,362,322,449,333
"ENSMUSG00000031365",1598,1401,895,881,1101,915
"ENSMUSG00000031367",112,104,122,132,112,117
"ENSMUSG00000031370",715,794,640,676,662,698
"ENSMUSG00000031371",211,189,240,255,239,195
"ENSMUSG00000031373",411,336,207,276,298,326
"ENSMUSG00000031375",1284,1750,1098,1113,1089,1106
"ENSMUSG00000031376",31,26,4,0,3,15
"ENSMUSG00000031378",262,174,162,197,173,144
"ENSMUSG00000031379",70,49,120,116,68,79
"ENSMUSG00000031380",62,60,68,77,127,105
"ENSMUSG00000031381",706,927,812,958,621,607
"ENSMUSG00000031382",15,11,21,15,8,2
"ENSMUSG00000031383",4,20,32,22,7,11
"ENSMUSG00000031385",49,45,6,14,19,14
"ENSMUSG00000031386",3429,3175,4235,3811,3721,3336
"ENSMUSG00000031387",82,85,65,113,80,95
"ENSMUSG00000031388",400,372,687,532,430,313
"ENSMUSG00000031389",407,341,581,444,371,266
"ENSMUSG00000031391",509,288,224,195,241,297
"ENSMUSG00000031392",1358,1371,1707,1669,1611,1545
"ENSMUSG00000031393",3057,3046,1959,1830,2834,2497
"ENSMUSG00000031397",345,286,39,73,114,380
"ENSMUSG00000031398",739,826,952,1232,824,700
"ENSMUSG00000031399",431,386,259,342,324,271
"ENSMUSG00000031400",832,908,2453,2003,902,698
"ENSMUSG00000031402",1285,1299,1235,1212,1272,1025
"ENSMUSG00000031403",665,765,1490,913,782,726
"ENSMUSG00000031410",42,44,17,8,10,3
"ENSMUSG00000031422",2974,3686,5823,5901,4000,3948
"ENSMUSG00000031425",140,159,64,67,91,85
"ENSMUSG00000031428",35,26,17,18,17,18
"ENSMUSG00000031429",136,147,336,304,222,191
"ENSMUSG00000031430",18,18,20,30,2,2
"ENSMUSG00000031431",2782,2839,1255,2220,3206,3087
"ENSMUSG00000031432",542,685,551,504,463,476
"ENSMUSG00000031433",292,295,277,287,371,278
"ENSMUSG00000031434",433,475,270,238,293,250
"ENSMUSG00000031438",3850,3527,2919,3669,3033,3497
"ENSMUSG00000031441",8369,7857,16192,16214,16089,12422
"ENSMUSG00000031442",293,211,46,87,45,48
"ENSMUSG00000031445",36,20,17,10,13,12
"ENSMUSG00000031446",1906,1679,2189,1959,2018,1747
"ENSMUSG00000031447",5705,6134,7345,8035,6806,6679
"ENSMUSG00000031451",13307,12733,6766,8258,15113,12884
"ENSMUSG00000031452",27,12,3,3,10,8
"ENSMUSG00000031453",2006,1481,671,585,1172,1099
"ENSMUSG00000031458",24,20,31,31,30,31
"ENSMUSG00000031465",78,50,96,73,63,53
"ENSMUSG00000031467",934,918,627,538,731,743
"ENSMUSG00000031478",52,49,40,48,43,54
"ENSMUSG00000031479",966,903,1392,1317,1386,1243
"ENSMUSG00000031480",98,55,44,27,51,64
"ENSMUSG00000031482",234,266,339,300,307,246
"ENSMUSG00000031483",2159,2277,2305,2480,2376,2122
"ENSMUSG00000031485",775,706,724,822,543,647
"ENSMUSG00000031486",164,163,53,61,50,48
"ENSMUSG00000031487",182,129,136,110,120,75
"ENSMUSG00000031488",5468,3581,3073,3437,1823,2188
"ENSMUSG00000031489",48,109,53,69,26,27
"ENSMUSG00000031490",338,364,263,242,251,234
"ENSMUSG00000031493",82,72,61,116,61,89
"ENSMUSG00000031497",26,22,17,12,16,18
"ENSMUSG00000031502",8237,6751,6161,7201,10820,11196
"ENSMUSG00000031503",5519,3588,3054,4037,6499,6711
"ENSMUSG00000031504",831,981,644,616,991,742
"ENSMUSG00000031505",693,598,834,800,735,602
"ENSMUSG00000031508",1518,1231,1999,2181,1821,1833
"ENSMUSG00000031511",1313,1116,1401,1312,1250,1124
"ENSMUSG00000031513",758,614,653,653,761,518
"ENSMUSG00000031516",613,523,490,577,497,470
"ENSMUSG00000031519",205,203,236,199,194,123
"ENSMUSG00000031520",51,57,34,38,66,53
"ENSMUSG00000031521",194,170,191,198,170,140
"ENSMUSG00000031523",276,335,49,61,137,191
"ENSMUSG00000031527",857,879,1344,1118,990,620
"ENSMUSG00000031529",3603,3916,3567,3335,3816,3663
"ENSMUSG00000031530",157,120,98,81,53,133
"ENSMUSG00000031532",3327,2861,1446,1864,1920,2010
"ENSMUSG00000031533",267,244,331,263,315,252
"ENSMUSG00000031534",372,337,323,318,438,322
"ENSMUSG00000031536",595,554,764,852,753,589
"ENSMUSG00000031537",1111,884,1361,1268,1057,979
"ENSMUSG00000031538",146,138,626,684,121,146
"ENSMUSG00000031539",124,110,88,89,61,48
"ENSMUSG00000031540",5952,5482,4578,4384,5659,4885
"ENSMUSG00000031543",15,13,10,12,3,11
"ENSMUSG00000031545",1841,1794,1216,1479,1880,1614
"ENSMUSG00000031546",229,205,238,197,229,168
"ENSMUSG00000031548",210,345,135,109,160,149
"ENSMUSG00000031555",1342,1634,2475,2602,1887,1922
"ENSMUSG00000031556",550,443,515,505,437,431
"ENSMUSG00000031557",569,579,736,710,579,544
"ENSMUSG00000031558",74,75,40,46,113,82
"ENSMUSG00000031561",1396,1311,2087,2535,2494,2518
"ENSMUSG00000031562",63,187,329,175,83,64
"ENSMUSG00000031563",2447,2328,1406,1398,2124,2383
"ENSMUSG00000031565",3334,2328,1179,1811,2487,2930
"ENSMUSG00000031568",476,568,672,581,507,448
"ENSMUSG00000031570",448,456,354,359,252,282
"ENSMUSG00000031574",270,238,154,157,250,239
"ENSMUSG00000031575",915,896,1301,1211,1129,987
"ENSMUSG00000031577",765,663,1261,954,755,724
"ENSMUSG00000031578",621,563,1316,970,726,669
"ENSMUSG00000031583",1176,1010,970,773,957,1005
"ENSMUSG00000031584",1708,1815,3965,2566,2128,1579
"ENSMUSG00000031585",320,399,553,525,427,397
"ENSMUSG00000031586",1702,1447,780,868,1173,1390
"ENSMUSG00000031590",540,464,472,448,498,336
"ENSMUSG00000031591",1236,1212,1949,1758,1142,1080
"ENSMUSG00000031592",5795,5468,4892,4443,5323,5137
"ENSMUSG00000031594",175,59,61,55,44,47
"ENSMUSG00000031595",49,48,14,20,18,15
"ENSMUSG00000031596",283,288,120,77,77,75
"ENSMUSG00000031600",2068,2036,2701,2722,2980,2893
"ENSMUSG00000031601",1851,1930,2060,2276,1781,1667
"ENSMUSG00000031604",449,1039,1413,1227,381,554
"ENSMUSG00000031605",1055,1039,786,894,960,1011
"ENSMUSG00000031608",233,234,310,226,294,250
"ENSMUSG00000031609",212,179,416,398,344,280
"ENSMUSG00000031613",3186,4308,7411,6202,8639,5474
"ENSMUSG00000031616",113,103,46,38,23,21
"ENSMUSG00000031617",592,581,766,783,693,628
"ENSMUSG00000031618",266,280,179,197,273,160
"ENSMUSG00000031622",1063,931,753,810,878,739
"ENSMUSG00000031626",3667,2913,1020,1610,1281,1579
"ENSMUSG00000031627",1010,1018,880,832,831,819
"ENSMUSG00000031628",319,380,764,529,332,413
"ENSMUSG00000031629",196,193,271,206,188,144
"ENSMUSG00000031631",800,725,944,851,948,656
"ENSMUSG00000031633",996,946,1655,1313,1225,1027
"ENSMUSG00000031634",301,323,447,509,371,332
"ENSMUSG00000031636",96,89,6,16,25,28
"ENSMUSG00000031637",37,32,24,28,25,27
"ENSMUSG00000031639",618,539,896,612,432,349
"ENSMUSG00000031640",227,182,65,51,114,70
"ENSMUSG00000031641",320,271,315,370,304,317
"ENSMUSG00000031642",2935,3066,2708,2569,2830,3099
"ENSMUSG00000031644",928,1015,969,917,1072,939
"ENSMUSG00000031647",9228,9909,9056,9476,12543,12729
"ENSMUSG00000031652",1451,1410,1684,1407,1536,1176
"ENSMUSG00000031657",668,665,1247,912,782,617
"ENSMUSG00000031659",103,91,55,63,60,56
"ENSMUSG00000031660",950,935,1316,1230,1175,955
"ENSMUSG00000031661",418,359,29,52,131,131
"ENSMUSG00000031662",26,13,11,4,6,6
"ENSMUSG00000031666",3391,2747,1048,1216,1827,2040
"ENSMUSG00000031667",1493,1420,638,769,913,841
"ENSMUSG00000031668",964,1080,740,879,685,561
"ENSMUSG00000031669",58,75,111,85,74,51
"ENSMUSG00000031671",188,166,323,289,190,179
"ENSMUSG00000031672",1905,1957,5089,3896,2669,2393
"ENSMUSG00000031673",204,254,80,65,176,187
"ENSMUSG00000031681",2402,2713,3375,2590,1940,2324
"ENSMUSG00000031683",293,327,590,468,400,338
"ENSMUSG00000031684",497,487,614,595,532,455
"ENSMUSG00000031691",2046,2120,2996,2822,2490,2153
"ENSMUSG00000031696",3052,2922,4268,3898,3178,2861
"ENSMUSG00000031697",296,275,472,314,227,243
"ENSMUSG00000031700",2639,2110,1118,1268,1537,1066
"ENSMUSG00000031701",3312,3515,4271,3859,3899,3320
"ENSMUSG00000031703",2627,2784,3098,3223,3443,3061
"ENSMUSG00000031706",530,395,502,591,484,364
"ENSMUSG00000031708",1580,1392,1634,1693,1411,1115
"ENSMUSG00000031709",716,715,228,361,339,471
"ENSMUSG00000031711",1145,1260,855,828,804,662
"ENSMUSG00000031712",184,205,58,69,76,56
"ENSMUSG00000031714",2863,2678,2241,2530,2560,2768
"ENSMUSG00000031715",4382,5172,5429,4909,4560,4676
"ENSMUSG00000031722",2,3,96,14,11,6
"ENSMUSG00000031723",112,85,118,102,101,62
"ENSMUSG00000031728",333,246,309,371,342,297
"ENSMUSG00000031729",2137,2006,2152,2643,2292,2292
"ENSMUSG00000031730",133,99,109,105,86,67
"ENSMUSG00000031731",4624,5070,4412,4351,4814,4467
"ENSMUSG00000031732",667,591,532,512,717,682
"ENSMUSG00000031734",326,337,367,416,348,541
"ENSMUSG00000031736",31,31,47,67,33,60
"ENSMUSG00000031737",803,664,1020,908,936,875
"ENSMUSG00000031740",419,353,377,540,590,579
"ENSMUSG00000031748",146,86,13,38,57,92
"ENSMUSG00000031749",553,548,1094,1014,975,596
"ENSMUSG00000031750",79,46,12,10,26,40
"ENSMUSG00000031751",3320,3002,2790,2875,3651,2910
"ENSMUSG00000031753",785,742,1116,1036,957,692
"ENSMUSG00000031754",1143,1181,1188,1106,1316,1125
"ENSMUSG00000031755",568,477,286,300,433,432
"ENSMUSG00000031756",48,57,216,169,97,57
"ENSMUSG00000031758",120,132,63,79,80,98
"ENSMUSG00000031760",223,155,6,18,26,35
"ENSMUSG00000031762",5518,7001,4943,3016,4875,5610
"ENSMUSG00000031765",6953,8104,5404,4112,5687,5904
"ENSMUSG00000031767",161,133,152,162,187,104
"ENSMUSG00000031770",2920,4254,1298,1867,1748,1184
"ENSMUSG00000031774",745,738,775,791,660,634
"ENSMUSG00000031775",133,82,25,63,21,41
"ENSMUSG00000031776",736,674,688,684,662,682
"ENSMUSG00000031778",709,667,1301,794,889,942
"ENSMUSG00000031781",435,376,621,475,481,415
"ENSMUSG00000031782",535,471,486,513,433,370
"ENSMUSG00000031783",471,418,436,439,435,378
"ENSMUSG00000031785",1449,1293,1131,1305,1467,1537
"ENSMUSG00000031787",575,417,328,332,428,416
"ENSMUSG00000031788",1432,930,290,362,875,854
"ENSMUSG00000031790",915,1119,5420,6289,2792,2449
"ENSMUSG00000031791",89,59,36,50,52,48
"ENSMUSG00000031792",215,187,220,190,156,149
"ENSMUSG00000031796",600,571,705,779,572,518
"ENSMUSG00000031799",5691,6715,7307,6615,5817,7322
"ENSMUSG00000031802",65,46,71,51,87,51
"ENSMUSG00000031803",249,196,166,140,57,28
"ENSMUSG00000031805",344,312,265,187,189,139
"ENSMUSG00000031807",338,256,582,537,380,303
"ENSMUSG00000031808",1745,1361,1292,1501,1983,1653
"ENSMUSG00000031812",3106,2483,2034,2186,2493,2234
"ENSMUSG00000031813",201,192,308,265,244,179
"ENSMUSG00000031816",377,313,259,310,266,229
"ENSMUSG00000031818",2806,2599,3120,2725,2753,2489
"ENSMUSG00000031819",1452,1228,1490,1337,1470,1255
"ENSMUSG00000031820",766,685,812,750,719,647
"ENSMUSG00000031821",667,780,854,704,689,528
"ENSMUSG00000031822",1335,1639,1365,1288,1305,1136
"ENSMUSG00000031823",377,263,409,349,401,253
"ENSMUSG00000031824",287,415,144,154,184,124
"ENSMUSG00000031825",526,648,59,81,222,131
"ENSMUSG00000031826",1325,1223,2253,2051,2021,1516
"ENSMUSG00000031827",111,128,833,582,360,245
"ENSMUSG00000031828",133,103,108,99,155,92
"ENSMUSG00000031831",29,23,34,46,18,15
"ENSMUSG00000031832",97,101,144,128,99,67
"ENSMUSG00000031833",966,932,500,679,822,714
"ENSMUSG00000031834",1956,1567,2020,2268,2704,2303
"ENSMUSG00000031835",5426,5207,5045,5872,5915,5741
"ENSMUSG00000031837",32,18,7,14,22,25
"ENSMUSG00000031838",555,620,809,981,737,646
"ENSMUSG00000031839",893,899,1132,1042,1040,922
"ENSMUSG00000031840",196,128,92,96,79,112
"ENSMUSG00000031841",1244,1079,1712,1652,2004,1846
"ENSMUSG00000031842",58,39,26,22,15,43
"ENSMUSG00000031843",211,210,318,236,189,207
"ENSMUSG00000031847",18,20,13,36,39,25
"ENSMUSG00000031848",194,198,291,220,172,157
"ENSMUSG00000031851",82,106,131,122,88,79
"ENSMUSG00000031853",103,109,63,68,87,89
"ENSMUSG00000031858",2059,1727,1561,1762,1738,1589
"ENSMUSG00000031861",229,128,176,198,218,187
"ENSMUSG00000031862",1056,856,1531,1373,1048,843
"ENSMUSG00000031864",820,802,739,758,676,559
"ENSMUSG00000031865",3111,2939,2673,2618,2723,2471
"ENSMUSG00000031870",265,302,103,92,346,169
"ENSMUSG00000031871",518,196,59,72,79,46
"ENSMUSG00000031875",234,161,155,186,155,149
"ENSMUSG00000031877",2190,1843,1917,1679,1261,1207
"ENSMUSG00000031878",935,872,1189,1159,1091,865
"ENSMUSG00000031879",152,152,257,231,224,160
"ENSMUSG00000031880",80,55,175,110,78,112
"ENSMUSG00000031883",25,13,12,3,5,11
"ENSMUSG00000031885",1543,1485,2693,2366,2254,1906
"ENSMUSG00000031886",2191,2766,367,744,720,788
"ENSMUSG00000031887",163,101,275,268,180,165
"ENSMUSG00000031889",506,584,560,512,476,368
"ENSMUSG00000031891",25,27,19,16,17,15
"ENSMUSG00000031896",27,9,4,11,4,16
"ENSMUSG00000031897",202,133,456,204,127,112
"ENSMUSG00000031901",90,90,135,148,106,67
"ENSMUSG00000031902",3176,2868,3245,2987,3145,2699
"ENSMUSG00000031903",277,207,116,124,178,136
"ENSMUSG00000031904",1844,1775,1479,1705,1741,1800
"ENSMUSG00000031906",31,25,16,23,13,27
"ENSMUSG00000031907",202,126,219,206,166,146
"ENSMUSG00000031910",354,392,2779,1683,1306,1208
"ENSMUSG00000031913",783,630,676,618,785,750
"ENSMUSG00000031916",840,663,972,1002,890,700
"ENSMUSG00000031917",278,275,476,321,297,288
"ENSMUSG00000031918",1049,1027,1595,1410,1298,1239
"ENSMUSG00000031921",644,700,428,463,560,573
"ENSMUSG00000031922",706,642,752,732,561,560
"ENSMUSG00000031924",5486,6268,4749,5619,6100,5673
"ENSMUSG00000031925",2355,2031,1458,1271,2004,2423
"ENSMUSG00000031928",763,755,1038,851,713,637
"ENSMUSG00000031930",1251,1177,864,800,990,907
"ENSMUSG00000031931",304,326,518,400,366,258
"ENSMUSG00000031932",63,32,3,8,6,32
"ENSMUSG00000031934",218,165,588,431,313,264
"ENSMUSG00000031935",575,551,698,684,619,447
"ENSMUSG00000031937",41,38,33,27,19,30
"ENSMUSG00000031938",908,927,671,733,807,806
"ENSMUSG00000031939",1425,1542,2360,1991,1315,1670
"ENSMUSG00000031948",1214,1177,2046,1402,1204,1037
"ENSMUSG00000031949",145,154,123,91,130,69
"ENSMUSG00000031950",794,859,614,712,731,668
"ENSMUSG00000031951",168,194,199,179,213,162
"ENSMUSG00000031953",369,325,218,260,280,261
"ENSMUSG00000031954",1010,1187,1387,1223,1090,1008
"ENSMUSG00000031955",1254,1144,1232,1124,1564,999
"ENSMUSG00000031958",479,391,658,522,429,406
"ENSMUSG00000031959",492,530,512,566,373,422
"ENSMUSG00000031960",1339,1740,2319,1951,1574,1356
"ENSMUSG00000031966",2592,404,55,95,262,290
"ENSMUSG00000031967",506,349,686,684,598,468
"ENSMUSG00000031969",270,329,290,288,296,252
"ENSMUSG00000031970",80,29,25,31,50,34
"ENSMUSG00000031971",52,72,49,40,39,48
"ENSMUSG00000031974",398,405,299,301,298,221
"ENSMUSG00000031976",559,653,831,648,529,409
"ENSMUSG00000031979",618,567,621,663,584,496
"ENSMUSG00000031982",158,110,135,157,96,88
"ENSMUSG00000031983",1649,1399,916,869,1041,999
"ENSMUSG00000031984",616,780,749,626,621,495
"ENSMUSG00000031985",802,731,1028,959,975,772
"ENSMUSG00000031986",665,511,598,512,531,482
"ENSMUSG00000031987",1209,1096,1608,1428,1866,1364
"ENSMUSG00000031988",1456,1251,1251,1249,1471,1204
"ENSMUSG00000031990",58,62,17,19,33,34
"ENSMUSG00000031993",1191,1090,1142,1151,1205,1041
"ENSMUSG00000031994",32,73,10,19,25,14
"ENSMUSG00000031995",2335,1886,3484,2928,1782,1823
"ENSMUSG00000031996",19096,22825,14119,15704,16706,16755
"ENSMUSG00000032000",2480,2645,2009,1683,1467,1588
"ENSMUSG00000032002",747,830,1084,981,801,778
"ENSMUSG00000032006",185,216,73,120,65,78
"ENSMUSG00000032009",7396,7901,13643,14788,15171,14768
"ENSMUSG00000032010",292,302,142,244,344,280
"ENSMUSG00000032011",78,59,206,243,292,429
"ENSMUSG00000032012",10653,10330,12453,12939,13527,13954
"ENSMUSG00000032013",1489,1378,3465,2983,1801,2106
"ENSMUSG00000032014",29,72,159,121,139,75
"ENSMUSG00000032015",53,35,26,84,75,47
"ENSMUSG00000032017",128,155,113,125,229,234
"ENSMUSG00000032018",895,990,1359,1182,706,859
"ENSMUSG00000032020",1139,1079,220,231,455,489
"ENSMUSG00000032021",123,82,4,4,7,34
"ENSMUSG00000032024",27,44,13,7,9,16
"ENSMUSG00000032026",504,531,735,716,673,534
"ENSMUSG00000032028",476,188,22,30,91,112
"ENSMUSG00000032030",1451,1461,1709,1551,1781,1550
"ENSMUSG00000032033",45,39,583,321,42,31
"ENSMUSG00000032035",2896,2613,1919,2207,2021,3494
"ENSMUSG00000032036",87,92,42,50,87,98
"ENSMUSG00000032038",611,778,966,1105,1114,974
"ENSMUSG00000032040",314,322,322,306,285,243
"ENSMUSG00000032041",682,593,996,845,793,639
"ENSMUSG00000032042",3439,3440,2560,2639,2635,2311
"ENSMUSG00000032044",204,186,222,154,188,125
"ENSMUSG00000032046",3598,4151,2145,3096,3485,3042
"ENSMUSG00000032047",1259,1333,1468,1365,924,964
"ENSMUSG00000032050",5209,4603,4998,5121,6193,5414
"ENSMUSG00000032051",441,424,370,367,366,377
"ENSMUSG00000032053",21,32,13,24,25,27
"ENSMUSG00000032058",1341,1212,1771,1481,1566,1387
"ENSMUSG00000032059",580,438,617,563,471,386
"ENSMUSG00000032060",35,34,13,7,11,15
"ENSMUSG00000032062",380,304,275,316,265,237
"ENSMUSG00000032064",161,152,33,28,54,54
"ENSMUSG00000032067",545,452,515,541,516,373
"ENSMUSG00000032068",2666,2131,2010,2631,1321,2519
"ENSMUSG00000032076",2057,1597,2108,2104,2150,2169
"ENSMUSG00000032077",259,233,235,232,231,191
"ENSMUSG00000032078",537,505,607,549,455,348
"ENSMUSG00000032085",530,299,199,234,282,255
"ENSMUSG00000032086",2191,1887,1502,1698,2218,1827
"ENSMUSG00000032089",14,12,28,12,11,11
"ENSMUSG00000032092",5008,4880,3667,2921,3474,2593
"ENSMUSG00000032093",56,53,46,84,27,124
"ENSMUSG00000032096",5453,5133,5392,5660,4853,4516
"ENSMUSG00000032097",9542,11043,10326,9796,11493,11258
"ENSMUSG00000032098",29,13,4,8,5,14
"ENSMUSG00000032103",185,157,198,218,200,144
"ENSMUSG00000032109",219,198,279,259,158,120
"ENSMUSG00000032110",21,25,14,22,15,24
"ENSMUSG00000032112",397,418,524,498,448,282
"ENSMUSG00000032113",155,265,2330,2798,874,676
"ENSMUSG00000032114",212,210,127,146,102,66
"ENSMUSG00000032115",3293,4984,3840,3758,2831,2496
"ENSMUSG00000032116",3721,4765,5456,5184,3835,3486
"ENSMUSG00000032118",35,16,20,18,14,24
"ENSMUSG00000032119",432,447,353,361,430,329
"ENSMUSG00000032120",200,211,175,182,238,162
"ENSMUSG00000032121",102,104,121,113,80,89
"ENSMUSG00000032122",107,94,71,64,96,76
"ENSMUSG00000032123",262,207,394,350,253,165
"ENSMUSG00000032125",112,34,10,12,16,12
"ENSMUSG00000032126",274,295,463,378,301,248
"ENSMUSG00000032127",1049,900,699,759,871,848
"ENSMUSG00000032135",245,82,196,161,188,110
"ENSMUSG00000032171",230,242,308,261,248,178
"ENSMUSG00000032172",53,41,11,12,17,34
"ENSMUSG00000032174",63,32,29,26,32,27
"ENSMUSG00000032175",484,428,449,517,455,377
"ENSMUSG00000032177",48,41,35,43,26,25
"ENSMUSG00000032178",1682,1708,2351,2265,2061,1758
"ENSMUSG00000032179",36,20,6,8,25,22
"ENSMUSG00000032180",315,254,309,389,312,288
"ENSMUSG00000032182",1001,987,893,1020,908,915
"ENSMUSG00000032184",137,137,331,267,181,144
"ENSMUSG00000032185",1669,1568,1879,1835,1736,1593
"ENSMUSG00000032186",79,112,26,27,39,40
"ENSMUSG00000032187",3879,4289,5959,5296,4702,4433
"ENSMUSG00000032192",73,71,63,63,39,48
"ENSMUSG00000032193",1204,2493,2368,1725,480,884
"ENSMUSG00000032194",996,836,513,524,608,679
"ENSMUSG00000032198",638,447,206,197,277,269
"ENSMUSG00000032199",3331,3221,3369,3203,3401,3108
"ENSMUSG00000032202",645,678,1010,883,1396,835
"ENSMUSG00000032204",16,16,21,18,11,30
"ENSMUSG00000032207",14,12,17,20,8,9
"ENSMUSG00000032212",2093,2034,2402,2505,2328,2403
"ENSMUSG00000032215",650,621,951,786,722,615
"ENSMUSG00000032216",32285,33208,32689,32686,37020,37028
"ENSMUSG00000032217",2373,2349,2309,2359,2381,2010
"ENSMUSG00000032218",43,81,493,374,157,102
"ENSMUSG00000032220",1482,1605,1301,1383,1216,1436
"ENSMUSG00000032221",145,179,173,145,123,162
"ENSMUSG00000032224",8,36,13,11,4,3
"ENSMUSG00000032228",4088,4183,5152,5048,5273,4875
"ENSMUSG00000032231",4878,4838,10125,9195,6297,6161
"ENSMUSG00000032232",898,1002,722,896,728,544
"ENSMUSG00000032235",454,428,440,448,395,391
"ENSMUSG00000032238",2185,2494,981,1175,2142,2664
"ENSMUSG00000032239",589,390,406,379,511,447
"ENSMUSG00000032243",42,31,11,10,11,19
"ENSMUSG00000032244",3220,3866,2539,2441,3447,3307
"ENSMUSG00000032245",983,882,635,532,607,489
"ENSMUSG00000032246",49,26,14,24,15,22
"ENSMUSG00000032249",2470,2891,3099,2890,3328,2435
"ENSMUSG00000032251",35,27,39,57,78,46
"ENSMUSG00000032252",1083,1127,1426,1363,1612,1285
"ENSMUSG00000032253",9370,8939,5852,5696,8233,8920
"ENSMUSG00000032254",90,138,1038,873,483,300
"ENSMUSG00000032258",128,131,123,95,252,108
"ENSMUSG00000032261",1515,1200,1767,1673,1055,602
"ENSMUSG00000032262",9,23,16,18,11,34
"ENSMUSG00000032263",490,660,656,661,329,464
"ENSMUSG00000032264",644,531,703,697,645,514
"ENSMUSG00000032265",986,1138,2134,2431,1723,1746
"ENSMUSG00000032267",1276,1097,459,521,883,791
"ENSMUSG00000032278",229,186,56,56,168,115
"ENSMUSG00000032279",974,847,1952,1615,1227,1029
"ENSMUSG00000032280",4360,4122,3664,4546,5412,4253
"ENSMUSG00000032281",19,7,64,30,5,11
"ENSMUSG00000032285",375,387,361,451,403,399
"ENSMUSG00000032288",716,545,500,447,443,438
"ENSMUSG00000032289",52,22,198,75,321,40
"ENSMUSG00000032290",1843,1592,1790,1701,2272,2070
"ENSMUSG00000032291",7,23,26,51,169,105
"ENSMUSG00000032293",2811,2654,3263,3122,3121,2858
"ENSMUSG00000032294",3801,4593,15806,11449,4977,5096
"ENSMUSG00000032295",1001,821,733,843,732,656
"ENSMUSG00000032298",115,95,81,92,79,80
"ENSMUSG00000032299",224,180,228,251,188,181
"ENSMUSG00000032300",1794,1472,1301,1665,1673,1402
"ENSMUSG00000032301",1024,1129,2219,1965,1623,1336
"ENSMUSG00000032305",407,337,248,263,366,317
"ENSMUSG00000032306",273,225,367,471,331,277
"ENSMUSG00000032307",1819,1660,2208,2151,2059,1849
"ENSMUSG00000032308",378,322,233,253,261,271
"ENSMUSG00000032309",523,491,641,740,600,486
"ENSMUSG00000032311",199,212,268,329,237,200
"ENSMUSG00000032312",635,473,610,607,729,557
"ENSMUSG00000032313",8,3,191,99,28,27
"ENSMUSG00000032314",1143,1186,2101,1803,1703,1391
"ENSMUSG00000032316",1600,1342,995,1251,1218,1179
"ENSMUSG00000032318",117,112,101,92,157,82
"ENSMUSG00000032320",2372,2263,2151,2477,2040,2375
"ENSMUSG00000032322",27,23,31,28,18,14
"ENSMUSG00000032324",1494,1480,2374,2341,1774,1864
"ENSMUSG00000032327",308,275,4196,2239,549,426
"ENSMUSG00000032328",5464,5592,4591,4845,6066,5939
"ENSMUSG00000032329",1137,1153,831,926,948,894
"ENSMUSG00000032330",685,801,1109,970,860,768
"ENSMUSG00000032332",863,1170,1041,1036,882,1287
"ENSMUSG00000032333",385,334,342,314,312,291
"ENSMUSG00000032334",40,43,29,32,13,16
"ENSMUSG00000032336",2283,2290,3975,3990,3678,3005
"ENSMUSG00000032338",25,26,3,8,6,19
"ENSMUSG00000032340",4257,4377,2531,2865,4204,3914
"ENSMUSG00000032342",453,388,355,332,352,312
"ENSMUSG00000032344",29,48,196,61,32,21
"ENSMUSG00000032348",552,697,839,753,255,313
"ENSMUSG00000032349",1176,1417,2082,2174,1352,1294
"ENSMUSG00000032350",1452,1346,2271,1806,2321,2310
"ENSMUSG00000032352",2080,1738,1494,1489,1816,1820
"ENSMUSG00000032353",1514,1546,966,1044,870,816
"ENSMUSG00000032356",85,99,13,27,19,22
"ENSMUSG00000032358",1619,1413,2330,2624,2392,1973
"ENSMUSG00000032359",382,196,358,318,191,111
"ENSMUSG00000032363",244,197,155,178,208,188
"ENSMUSG00000032366",12228,12280,15404,20940,17612,21012
"ENSMUSG00000032369",2364,1864,2049,2064,1778,1854
"ENSMUSG00000032370",319,411,1100,1192,926,1082
"ENSMUSG00000032372",563,321,115,129,200,261
"ENSMUSG00000032373",1288,799,10630,6927,12991,5871
"ENSMUSG00000032374",382,516,523,514,796,665
"ENSMUSG00000032375",584,604,411,488,639,570
"ENSMUSG00000032376",1214,1164,1516,1532,1464,1403
"ENSMUSG00000032377",249,50,59,43,114,31
"ENSMUSG00000032380",186,203,499,467,459,271
"ENSMUSG00000032381",283,267,473,403,300,184
"ENSMUSG00000032382",1583,1297,1232,1385,1412,1246
"ENSMUSG00000032383",2558,2359,2967,2890,2249,2086
"ENSMUSG00000032384",1369,1350,1641,1418,1530,1317
"ENSMUSG00000032386",720,756,803,773,885,804
"ENSMUSG00000032387",23,124,22,32,43,43
"ENSMUSG00000032388",581,543,781,668,610,495
"ENSMUSG00000032392",407,232,100,121,94,99
"ENSMUSG00000032393",3625,3267,3758,4029,4448,4013
"ENSMUSG00000032396",480,448,594,534,680,471
"ENSMUSG00000032397",394,387,869,570,417,467
"ENSMUSG00000032398",215,217,182,194,248,208
"ENSMUSG00000032399",19631,21938,22966,20129,23434,26095
"ENSMUSG00000032400",64,155,450,284,112,101
"ENSMUSG00000032401",16,20,55,50,15,8
"ENSMUSG00000032402",1241,1038,1249,823,790,598
"ENSMUSG00000032403",91,119,93,64,89,88
"ENSMUSG00000032405",3884,3570,1338,1794,2593,2311
"ENSMUSG00000032407",3338,3162,3153,3007,2963,2837
"ENSMUSG00000032409",873,936,1419,1052,1044,935
"ENSMUSG00000032410",2759,2739,2465,2162,2577,2679
"ENSMUSG00000032411",3442,2770,1476,1460,2691,2913
"ENSMUSG00000032412",8653,8867,10247,9499,11724,11749
"ENSMUSG00000032413",1079,973,970,1138,1102,1295
"ENSMUSG00000032415",131,99,124,117,88,99
"ENSMUSG00000032417",14,15,9,15,4,8
"ENSMUSG00000032418",650,1122,2417,2347,1365,1566
"ENSMUSG00000032420",444,330,130,92,119,110
"ENSMUSG00000032422",1410,1323,1060,1113,1013,974
"ENSMUSG00000032423",6860,7420,8965,7596,7901,7706
"ENSMUSG00000032425",473,258,175,165,253,205
"ENSMUSG00000032431",437,395,533,518,471,460
"ENSMUSG00000032434",1713,1573,1870,1712,1538,1423
"ENSMUSG00000032435",1337,1329,1408,1473,1369,1324
"ENSMUSG00000032436",124,129,129,137,75,131
"ENSMUSG00000032437",5602,5972,5819,5685,5659,5256
"ENSMUSG00000032440",3647,2760,4798,4289,3504,3484
"ENSMUSG00000032443",21,20,5,10,18,19
"ENSMUSG00000032449",3660,3510,1913,2366,2752,2695
"ENSMUSG00000032452",21,27,31,30,51,47
"ENSMUSG00000032456",248,234,192,183,181,236
"ENSMUSG00000032458",3856,4340,5115,5229,4082,4055
"ENSMUSG00000032459",263,203,428,362,273,249
"ENSMUSG00000032462",1036,925,903,996,878,753
"ENSMUSG00000032463",174,184,295,261,213,198
"ENSMUSG00000032468",940,814,766,880,1008,817
"ENSMUSG00000032469",246,212,353,283,253,208
"ENSMUSG00000032470",189,256,294,283,410,248
"ENSMUSG00000032475",818,695,860,887,1089,700
"ENSMUSG00000032477",422,406,624,521,359,288
"ENSMUSG00000032478",119,112,115,106,77,59
"ENSMUSG00000032479",3510,3796,3815,3113,3388,3625
"ENSMUSG00000032480",1173,1127,1336,1272,1289,1102
"ENSMUSG00000032481",2812,3135,4644,4119,3973,3619
"ENSMUSG00000032482",63,57,24,34,43,66
"ENSMUSG00000032485",1357,1380,1971,1669,1509,1333
"ENSMUSG00000032487",144,257,2189,648,856,1009
"ENSMUSG00000032489",87,81,57,75,80,80
"ENSMUSG00000032491",131,132,311,289,139,131
"ENSMUSG00000032492",24,17,4,10,10,6
"ENSMUSG00000032496",47,2,1095,338,9,5
"ENSMUSG00000032497",770,792,1204,1121,899,1028
"ENSMUSG00000032498",325,382,597,598,387,329
"ENSMUSG00000032500",118,127,6,26,39,22
"ENSMUSG00000032501",3330,5170,8299,8501,6183,8449
"ENSMUSG00000032504",6616,6233,7807,7575,6605,6793
"ENSMUSG00000032507",232,206,229,264,230,249
"ENSMUSG00000032508",617,842,605,471,485,409
"ENSMUSG00000032512",1397,1510,1197,1419,1568,1489
"ENSMUSG00000032513",656,817,653,689,729,579
"ENSMUSG00000032514",376,349,78,145,121,400
"ENSMUSG00000032515",6690,8198,3738,4629,5758,7136
"ENSMUSG00000032518",3928,4249,8622,7123,6434,6623
"ENSMUSG00000032519",400,390,205,289,222,266
"ENSMUSG00000032525",5165,5052,3531,5098,4479,4193
"ENSMUSG00000032526",142,151,105,113,98,95
"ENSMUSG00000032527",1052,1074,1003,1039,754,766
"ENSMUSG00000032528",265,267,269,397,193,194
"ENSMUSG00000032531",9191,7556,2152,2545,5604,5955
"ENSMUSG00000032532",13,7,481,346,403,253
"ENSMUSG00000032534",864,866,659,778,853,793
"ENSMUSG00000032536",1436,1471,1453,1581,1402,1365
"ENSMUSG00000032537",234,64,13,28,42,130
"ENSMUSG00000032540",573,597,665,538,659,601
"ENSMUSG00000032547",1993,1776,2193,1949,2399,2019
"ENSMUSG00000032548",6733,6549,4375,4057,4275,5619
"ENSMUSG00000032549",54,41,44,77,86,67
"ENSMUSG00000032551",250,200,261,272,269,189
"ENSMUSG00000032553",597,507,772,687,608,432
"ENSMUSG00000032554",232,566,57,61,89,54
"ENSMUSG00000032555",1286,1394,2779,2263,1854,1775
"ENSMUSG00000032557",1500,1464,1468,1453,1271,1038
"ENSMUSG00000032558",581,556,318,341,365,375
"ENSMUSG00000032560",3386,3415,3878,3684,3990,3910
"ENSMUSG00000032561",5013,4018,3997,4117,5122,5317
"ENSMUSG00000032562",3467,3236,3561,3394,3190,3047
"ENSMUSG00000032563",464,466,706,591,490,429
"ENSMUSG00000032565",157,100,63,64,63,50
"ENSMUSG00000032567",454,377,372,325,415,374
"ENSMUSG00000032570",3028,2839,2599,2610,3194,2906
"ENSMUSG00000032571",984,936,968,954,1014,766
"ENSMUSG00000032572",869,889,250,0,499,437
"ENSMUSG00000032575",1251,2132,1621,1737,1243,1075
"ENSMUSG00000032577",282,334,659,465,358,378
"ENSMUSG00000032578",1326,2163,553,769,987,1138
"ENSMUSG00000032579",158,205,160,173,141,144
"ENSMUSG00000032580",2990,2556,2945,3608,3204,2766
"ENSMUSG00000032582",1998,2068,1922,2010,1949,1827
"ENSMUSG00000032583",212,197,262,247,271,141
"ENSMUSG00000032584",40,27,433,328,84,46
"ENSMUSG00000032586",27,48,147,87,28,41
"ENSMUSG00000032589",14,6,87,69,13,5
"ENSMUSG00000032590",507,452,722,679,546,412
"ENSMUSG00000032591",48,34,18,30,17,11
"ENSMUSG00000032593",166,100,101,121,89,82
"ENSMUSG00000032594",2376,1750,1210,1227,1648,1458
"ENSMUSG00000032595",15,20,6,2,4,12
"ENSMUSG00000032596",456,289,715,591,292,304
"ENSMUSG00000032598",141,172,276,312,229,191
"ENSMUSG00000032599",881,857,870,994,621,755
"ENSMUSG00000032601",1282,1444,1623,1309,1326,1138
"ENSMUSG00000032602",385,409,367,349,460,359
"ENSMUSG00000032604",1980,1972,2401,2187,2072,2031
"ENSMUSG00000032606",366,403,277,314,350,335
"ENSMUSG00000032607",553,582,247,363,280,359
"ENSMUSG00000032609",830,636,567,570,701,607
"ENSMUSG00000032611",49,30,16,18,25,57
"ENSMUSG00000032612",1828,1741,1966,2129,2253,2064
"ENSMUSG00000032615",139,131,172,162,166,128
"ENSMUSG00000032621",2513,2168,2181,2757,2410,2375
"ENSMUSG00000032624",1514,1657,2843,2447,1670,1958
"ENSMUSG00000032625",654,392,459,712,714,781
"ENSMUSG00000032633",803,591,628,787,666,639
"ENSMUSG00000032637",3055,3208,2920,3027,2926,3066
"ENSMUSG00000032640",442,395,806,586,752,614
"ENSMUSG00000032641",80,73,42,50,46,51
"ENSMUSG00000032643",93,87,235,191,90,108
"ENSMUSG00000032648",289,149,22,56,58,118
"ENSMUSG00000032649",67,49,7,24,42,51
"ENSMUSG00000032652",678,674,151,193,270,287
"ENSMUSG00000032656",173,164,73,121,124,172
"ENSMUSG00000032657",252,214,108,158,165,162
"ENSMUSG00000032666",2086,1893,1050,1252,1820,2067
"ENSMUSG00000032667",1402,1379,2127,2350,1759,1871
"ENSMUSG00000032673",102,99,120,151,120,114
"ENSMUSG00000032679",1345,646,41,84,202,144
"ENSMUSG00000032688",873,653,589,631,608,688
"ENSMUSG00000032690",14,2,256,46,2,0
"ENSMUSG00000032691",20,50,62,26,13,28
"ENSMUSG00000032698",475,337,49,60,155,130
"ENSMUSG00000032702",2016,2029,657,691,1283,1338
"ENSMUSG00000032705",429,357,300,296,318,316
"ENSMUSG00000032712",4644,4596,4706,3361,5109,3725
"ENSMUSG00000032714",808,475,190,267,432,367
"ENSMUSG00000032715",74,44,20,22,25,15
"ENSMUSG00000032717",157,133,557,521,255,213
"ENSMUSG00000032718",239,224,217,288,91,78
"ENSMUSG00000032719",2117,2178,949,1550,3841,3077
"ENSMUSG00000032724",325,314,392,514,418,466
"ENSMUSG00000032725",32,25,11,11,13,16
"ENSMUSG00000032727",1924,2000,1461,1542,2199,2236
"ENSMUSG00000032733",2140,1564,1372,1496,1774,1574
"ENSMUSG00000032735",46,54,36,32,60,25
"ENSMUSG00000032737",1626,1352,898,979,1281,982
"ENSMUSG00000032739",141,99,26,39,38,57
"ENSMUSG00000032740",548,765,951,1047,1141,1089
"ENSMUSG00000032741",1200,959,399,492,799,692
"ENSMUSG00000032743",1114,1094,655,759,920,896
"ENSMUSG00000032744",71,35,11,16,5,18
"ENSMUSG00000032745",2586,2815,2504,2702,2810,2808
"ENSMUSG00000032750",56,49,12,36,39,27
"ENSMUSG00000032754",251,146,95,105,136,130
"ENSMUSG00000032757",305,320,316,390,316,304
"ENSMUSG00000032763",444,377,300,349,321,352
"ENSMUSG00000032773",189,117,17,44,29,44
"ENSMUSG00000032776",581,510,514,410,421,487
"ENSMUSG00000032777",2642,2327,3928,3885,3817,3007
"ENSMUSG00000032782",229,216,266,300,194,203
"ENSMUSG00000032783",12,13,99,67,41,40
"ENSMUSG00000032786",1106,1269,1199,1239,1309,857
"ENSMUSG00000032788",2334,2077,1834,1820,1550,1358
"ENSMUSG00000032796",6230,5698,1088,1484,2470,3952
"ENSMUSG00000032802",539,374,524,676,389,820
"ENSMUSG00000032803",2892,3390,3247,2969,2868,2871
"ENSMUSG00000032806",418,340,379,389,445,394
"ENSMUSG00000032812",1536,1355,1113,1163,1146,1061
"ENSMUSG00000032815",179,197,448,395,209,179
"ENSMUSG00000032816",43,67,225,240,171,232
"ENSMUSG00000032826",139,129,21,24,44,44
"ENSMUSG00000032827",457,563,233,273,543,198
"ENSMUSG00000032834",326,367,449,342,228,259
"ENSMUSG00000032839",56,39,13,18,33,47
"ENSMUSG00000032840",391,387,374,342,377,313
"ENSMUSG00000032841",451,225,253,224,495,328
"ENSMUSG00000032842",1780,1210,791,979,1611,1436
"ENSMUSG00000032846",1337,1771,1365,1741,1822,2830
"ENSMUSG00000032849",696,755,1433,987,612,473
"ENSMUSG00000032850",13,26,31,28,14,21
"ENSMUSG00000032855",3417,2806,1616,1755,2506,2259
"ENSMUSG00000032860",162,132,202,102,28,35
"ENSMUSG00000032867",945,945,995,853,828,755
"ENSMUSG00000032869",657,589,580,540,569,431
"ENSMUSG00000032870",370,359,422,390,427,343
"ENSMUSG00000032872",399,348,468,526,578,326
"ENSMUSG00000032875",4212,3210,3756,3265,3895,3438
"ENSMUSG00000032878",30,17,0,0,8,11
"ENSMUSG00000032883",1344,1561,1669,1971,1027,1194
"ENSMUSG00000032889",10,11,10,8,11,11
"ENSMUSG00000032890",9,12,6,10,16,8
"ENSMUSG00000032892",101,90,127,112,80,57
"ENSMUSG00000032897",857,862,801,815,755,739
"ENSMUSG00000032898",781,673,584,602,682,575
"ENSMUSG00000032899",18,16,25,22,18,11
"ENSMUSG00000032902",1849,2040,2347,1084,1996,2946
"ENSMUSG00000032905",968,1027,836,860,1003,857
"ENSMUSG00000032908",31,11,14,12,16,16
"ENSMUSG00000032911",246,123,379,329,296,307
"ENSMUSG00000032913",1790,1577,1066,1061,1680,1781
"ENSMUSG00000032915",26,20,0,8,8,18
"ENSMUSG00000032925",100,206,11,22,28,28
"ENSMUSG00000032932",1255,1171,1294,1245,1282,1111
"ENSMUSG00000032939",430,482,1143,842,665,576
"ENSMUSG00000032940",20,16,0,2,11,18
"ENSMUSG00000032942",2,7,10,11,8,11
"ENSMUSG00000032946",146,100,10,26,18,76
"ENSMUSG00000032952",326,340,425,389,392,293
"ENSMUSG00000032959",881,844,1197,1113,799,711
"ENSMUSG00000032965",283,304,272,252,331,285
"ENSMUSG00000032966",1070,1085,1542,1268,1224,982
"ENSMUSG00000032968",156,132,93,108,97,73
"ENSMUSG00000032977",440,358,457,430,483,391
"ENSMUSG00000032988",34,29,11,11,19,21
"ENSMUSG00000032997",403,487,293,381,225,258
"ENSMUSG00000032998",1887,1835,1564,1622,1764,1917
"ENSMUSG00000033004",7235,7328,6452,5704,6467,7347
"ENSMUSG00000033006",31,22,4,11,17,15
"ENSMUSG00000033009",623,705,486,514,525,493
"ENSMUSG00000033014",2644,3004,2510,2551,2823,2938
"ENSMUSG00000033016",684,657,435,513,538,686
"ENSMUSG00000033020",205,225,321,289,258,226
"ENSMUSG00000033021",486,448,591,646,373,374
"ENSMUSG00000033022",877,1378,179,297,549,219
"ENSMUSG00000033029",2957,3111,2277,2837,3844,3323
"ENSMUSG00000033031",120,173,841,620,266,250
"ENSMUSG00000033032",922,437,322,379,643,647
"ENSMUSG00000033033",278,240,398,288,370,274
"ENSMUSG00000033036",4,0,34,23,22,19
"ENSMUSG00000033039",5088,5305,3797,4725,6459,5785
"ENSMUSG00000033047",2126,2128,3758,2943,2583,2310
"ENSMUSG00000033054",1545,1466,1666,1497,1486,1458
"ENSMUSG00000033055",278,205,299,289,246,204
"ENSMUSG00000033059",4823,5598,7040,6884,6766,5780
"ENSMUSG00000033060",4372,3879,2035,3562,1507,2096
"ENSMUSG00000033065",347,335,310,338,333,332
"ENSMUSG00000033066",604,461,125,126,971,277
"ENSMUSG00000033068",387,254,551,529,397,351
"ENSMUSG00000033075",908,925,1442,1219,1153,996
"ENSMUSG00000033083",552,598,797,701,717,495
"ENSMUSG00000033088",1062,796,1087,1028,1301,804
"ENSMUSG00000033096",797,836,838,751,734,743
"ENSMUSG00000033099",349,320,455,371,332,314
"ENSMUSG00000033102",433,431,191,175,364,362
"ENSMUSG00000033105",546,692,791,620,343,409
"ENSMUSG00000033106",756,662,543,602,574,682
"ENSMUSG00000033107",130,110,79,51,66,62
"ENSMUSG00000033111",440,489,554,495,424,400
"ENSMUSG00000033114",130,118,70,69,55,78
"ENSMUSG00000033124",557,441,591,583,621,531
"ENSMUSG00000033126",191,128,174,154,168,112
"ENSMUSG00000033128",833,881,831,832,903,855
"ENSMUSG00000033147",772,614,935,982,898,1038
"ENSMUSG00000033149",2170,1892,2719,2673,2272,2669
"ENSMUSG00000033152",46,53,32,36,18,24
"ENSMUSG00000033157",211,192,247,224,212,179
"ENSMUSG00000033159",892,782,661,628,623,573
"ENSMUSG00000033161",33626,38407,46151,45717,42521,42604
"ENSMUSG00000033166",737,793,1248,916,718,726
"ENSMUSG00000033170",545,446,738,771,689,525
"ENSMUSG00000033174",316,169,13,18,16,41
"ENSMUSG00000033184",4641,5115,5182,5285,5362,5193
"ENSMUSG00000033186",640,708,1018,1208,983,952
"ENSMUSG00000033187",40,52,111,161,31,51
"ENSMUSG00000033191",119,45,13,18,18,12
"ENSMUSG00000033192",1219,948,780,810,843,750
"ENSMUSG00000033207",219,221,93,109,296,336
"ENSMUSG00000033208",10,11,2,7,5,14
"ENSMUSG00000033209",2688,2258,609,872,1884,1540
"ENSMUSG00000033216",265,194,389,283,257,214
"ENSMUSG00000033220",14,12,33,27,5,3
"ENSMUSG00000033222",233,283,537,426,379,335
"ENSMUSG00000033227",35,18,61,46,275,139
"ENSMUSG00000033228",6034,6163,5879,5308,5803,5661
"ENSMUSG00000033233",131,136,99,142,194,127
"ENSMUSG00000033237",6384,5934,4052,4843,5662,6115
"ENSMUSG00000033249",67,67,49,48,97,76
"ENSMUSG00000033253",1159,922,1002,1124,1085,904
"ENSMUSG00000033256",84,63,105,76,63,76
"ENSMUSG00000033257",1038,799,1235,1226,1192,915
"ENSMUSG00000033268",89,99,466,400,123,101
"ENSMUSG00000033272",972,765,1314,1117,937,697
"ENSMUSG00000033276",47,55,61,77,71,54
"ENSMUSG00000033278",529,469,108,202,297,374
"ENSMUSG00000033282",496,517,677,652,786,548
"ENSMUSG00000033285",706,710,1081,914,830,663
"ENSMUSG00000033287",246,257,353,422,331,274
"ENSMUSG00000033294",332,302,695,438,346,277
"ENSMUSG00000033295",16263,15617,19429,20855,20502,18762
"ENSMUSG00000033306",12132,11958,16782,14220,16028,14304
"ENSMUSG00000033307",656,748,3598,2978,961,929
"ENSMUSG00000033308",665,725,848,832,437,458
"ENSMUSG00000033313",122,71,129,113,135,85
"ENSMUSG00000033318",125,96,74,72,27,11
"ENSMUSG00000033319",2788,2725,2002,2188,3135,2377
"ENSMUSG00000033323",727,842,618,720,713,816
"ENSMUSG00000033326",1922,1961,2105,2267,1935,1859
"ENSMUSG00000033327",473,679,87,114,111,115
"ENSMUSG00000033335",2015,1898,2515,2800,2272,2086
"ENSMUSG00000033350",484,135,627,659,951,734
"ENSMUSG00000033352",1704,1712,1858,1836,1738,1938
"ENSMUSG00000033355",111,16,572,155,9,11
"ENSMUSG00000033356",70,101,217,125,100,82
"ENSMUSG00000033361",728,414,250,257,350,477
"ENSMUSG00000033364",1658,2052,1503,1622,1764,1775
"ENSMUSG00000033365",3124,2438,2469,2969,3229,3029
"ENSMUSG00000033368",18,23,9,8,6,31
"ENSMUSG00000033373",695,628,694,577,650,508
"ENSMUSG00000033377",161,166,1138,910,457,444
"ENSMUSG00000033379",446,450,528,628,565,432
"ENSMUSG00000033382",2229,2043,2143,2282,2399,2122
"ENSMUSG00000033386",1366,1367,2393,1912,1521,1410
"ENSMUSG00000033389",179,105,65,77,129,123
"ENSMUSG00000033392",1525,1549,1464,1506,1542,1670
"ENSMUSG00000033396",1553,1510,1493,1570,1596,1476
"ENSMUSG00000033400",1181,1180,1118,1182,1200,1418
"ENSMUSG00000033405",12,9,19,24,18,14
"ENSMUSG00000033409",58,50,59,80,44,30
"ENSMUSG00000033411",1679,1735,1398,1297,1768,1586
"ENSMUSG00000033416",657,558,549,642,630,393
"ENSMUSG00000033417",1340,1445,1332,1298,1515,1393
"ENSMUSG00000033419",12,73,3,22,8,18
"ENSMUSG00000033420",6355,5806,4448,5560,5334,6652
"ENSMUSG00000033423",641,631,641,659,598,547
"ENSMUSG00000033427",47,60,4,7,5,12
"ENSMUSG00000033429",303,312,220,267,213,175
"ENSMUSG00000033430",626,516,568,505,598,499
"ENSMUSG00000033434",506,382,253,342,381,343
"ENSMUSG00000033436",462,424,266,365,542,511
"ENSMUSG00000033439",201,194,246,228,219,179
"ENSMUSG00000033444",2912,2725,2079,2153,2520,2797
"ENSMUSG00000033446",2391,1992,964,1614,2320,1782
"ENSMUSG00000033450",73,75,62,63,72,54
"ENSMUSG00000033453",103,131,151,63,43,18
"ENSMUSG00000033454",1816,1443,2179,2057,2091,2323
"ENSMUSG00000033458",243,246,205,200,159,217
"ENSMUSG00000033460",320,291,180,246,301,348
"ENSMUSG00000033467",60,100,128,95,66,159
"ENSMUSG00000033475",360,390,513,468,404,316
"ENSMUSG00000033478",1375,1184,1143,1206,1470,1168
"ENSMUSG00000033486",75,66,47,68,42,27
"ENSMUSG00000033487",2965,3264,3212,3320,2702,2554
"ENSMUSG00000033488",42,31,29,35,10,11
"ENSMUSG00000033491",2,13,41,30,6,6
"ENSMUSG00000033498",7,12,64,47,10,14
"ENSMUSG00000033499",3551,3720,4890,4464,4061,4752
"ENSMUSG00000033502",1188,926,687,663,562,631
"ENSMUSG00000033510",57,60,11,15,9,3
"ENSMUSG00000033526",498,535,850,741,648,531
"ENSMUSG00000033530",358,373,111,141,179,314
"ENSMUSG00000033533",5,7,68,60,19,21
"ENSMUSG00000033538",1011,1153,788,493,614,743
"ENSMUSG00000033540",305,308,188,238,246,203
"ENSMUSG00000033542",4787,4105,3445,3984,4008,4244
"ENSMUSG00000033543",454,465,518,538,551,457
"ENSMUSG00000033544",36,29,16,24,31,19
"ENSMUSG00000033545",933,899,1527,1285,960,899
"ENSMUSG00000033554",233,258,328,283,192,185
"ENSMUSG00000033557",4828,4625,5035,4831,5851,5677
"ENSMUSG00000033565",2525,2403,2282,2354,2568,2811
"ENSMUSG00000033576",21,15,78,11,11,16
"ENSMUSG00000033577",4816,4302,4201,4897,4081,4820
"ENSMUSG00000033581",85,203,136,79,111,128
"ENSMUSG00000033585",27,30,6,8,7,12
"ENSMUSG00000033589",885,752,788,758,810,611
"ENSMUSG00000033590",764,621,428,627,188,216
"ENSMUSG00000033594",215,119,138,157,153,110
"ENSMUSG00000033595",29,38,14,14,25,22
"ENSMUSG00000033596",941,1041,1195,1032,945,772
"ENSMUSG00000033597",98,66,57,59,81,60
"ENSMUSG00000033610",391,455,473,557,471,471
"ENSMUSG00000033618",157,150,64,100,104,108
"ENSMUSG00000033623",1932,1801,2754,2641,2741,2096
"ENSMUSG00000033624",1048,1000,838,777,1080,910
"ENSMUSG00000033628",1254,1066,780,921,1069,976
"ENSMUSG00000033629",769,747,1554,1628,1036,1069
"ENSMUSG00000033632",787,926,611,611,868,945
"ENSMUSG00000033644",21,31,18,8,18,19
"ENSMUSG00000033653",537,636,673,589,517,489
"ENSMUSG00000033658",617,713,695,579,630,585
"ENSMUSG00000033669",378,297,569,559,340,246
"ENSMUSG00000033671",5262,5372,3906,3782,4936,4467
"ENSMUSG00000033684",420,372,1315,847,515,467
"ENSMUSG00000033685",6859,6210,11520,12086,8536,7356
"ENSMUSG00000033697",312,300,310,322,280,253
"ENSMUSG00000033701",721,788,905,712,893,848
"ENSMUSG00000033703",295,243,352,355,363,319
"ENSMUSG00000033705",261,219,115,113,149,112
"ENSMUSG00000033706",167,210,324,220,132,123
"ENSMUSG00000033707",161,140,124,159,167,168
"ENSMUSG00000033712",1352,1287,1294,1190,1092,976
"ENSMUSG00000033713",2118,2034,1597,1973,2319,2672
"ENSMUSG00000033717",180,94,55,65,61,98
"ENSMUSG00000033720",199,211,184,159,123,121
"ENSMUSG00000033721",1942,2353,2917,2991,2468,2682
"ENSMUSG00000033722",145,131,47,60,79,73
"ENSMUSG00000033728",326,280,310,309,299,224
"ENSMUSG00000033730",948,1319,488,888,959,1561
"ENSMUSG00000033731",19,15,7,20,19,11
"ENSMUSG00000033732",2594,2755,4380,3563,2818,2365
"ENSMUSG00000033735",602,487,431,391,490,394
"ENSMUSG00000033739",52,23,47,51,42,35
"ENSMUSG00000033751",523,516,555,530,492,502
"ENSMUSG00000033752",163,172,146,129,103,131
"ENSMUSG00000033760",824,736,469,623,664,644
"ENSMUSG00000033762",36,50,94,56,34,38
"ENSMUSG00000033763",1917,1657,823,1035,1642,1835
"ENSMUSG00000033767",1277,1247,1458,1653,1443,1506
"ENSMUSG00000033769",2026,2155,1905,1905,2071,1992
"ENSMUSG00000033773",259,294,309,260,265,250
"ENSMUSG00000033777",7,13,27,18,6,9
"ENSMUSG00000033781",223,270,291,276,265,224
"ENSMUSG00000033788",76,29,44,19,10,6
"ENSMUSG00000033790",755,685,691,691,654,636
"ENSMUSG00000033792",2377,2663,1214,1683,2108,2278
"ENSMUSG00000033793",1105,1152,1331,1369,1289,1112
"ENSMUSG00000033799",2499,2751,2559,2008,2138,2223
"ENSMUSG00000033808",1781,1558,1774,1886,1496,1317
"ENSMUSG00000033809",131,133,340,308,267,163
"ENSMUSG00000033813",1715,1732,2217,2026,2106,1989
"ENSMUSG00000033819",375,309,404,350,445,362
"ENSMUSG00000033826",40,263,0,8,14,21
"ENSMUSG00000033845",272,298,610,460,335,265
"ENSMUSG00000033847",24,23,99,42,22,38
"ENSMUSG00000033849",205,183,192,253,228,192
"ENSMUSG00000033852",195,150,140,91,66,89
"ENSMUSG00000033855",1534,1276,796,982,1350,1192
"ENSMUSG00000033857",65,66,145,96,76,47
"ENSMUSG00000033862",440,378,373,472,357,335
"ENSMUSG00000033863",4674,4972,1404,2076,2410,2662
"ENSMUSG00000033871",179,137,253,99,129,82
"ENSMUSG00000033872",34,18,11,16,9,8
"ENSMUSG00000033880",284,106,1040,346,58,56
"ENSMUSG00000033882",234,284,130,112,162,258
"ENSMUSG00000033883",836,748,937,942,1496,1143
"ENSMUSG00000033885",929,893,665,692,887,609
"ENSMUSG00000033900",495,600,243,318,488,556
"ENSMUSG00000033902",1822,1549,1429,1408,1398,1983
"ENSMUSG00000033904",448,574,535,492,679,633
"ENSMUSG00000033906",117,166,151,134,124,91
"ENSMUSG00000033909",868,811,750,696,631,710
"ENSMUSG00000033910",407,450,121,271,364,435
"ENSMUSG00000033916",1558,1505,1523,1460,1357,1368
"ENSMUSG00000033917",528,576,477,493,461,467
"ENSMUSG00000033918",411,410,714,525,496,474
"ENSMUSG00000033931",306,262,506,386,286,261
"ENSMUSG00000033933",359,290,299,310,316,277
"ENSMUSG00000033938",319,284,428,381,324,234
"ENSMUSG00000033940",706,642,873,798,805,720
"ENSMUSG00000033943",5408,5632,3527,3669,4467,4324
"ENSMUSG00000033948",125,152,174,179,170,147
"ENSMUSG00000033949",19,27,10,16,6,27
"ENSMUSG00000033952",45,104,1021,836,414,296
"ENSMUSG00000033953",2705,2566,4052,3853,3957,3490
"ENSMUSG00000033955",2353,2184,2550,2179,1962,1944
"ENSMUSG00000033960",1088,1034,313,248,458,434
"ENSMUSG00000033961",267,230,128,144,129,141
"ENSMUSG00000033964",1302,1301,2050,1865,1943,1527
"ENSMUSG00000033965",597,517,540,424,426,464
"ENSMUSG00000033967",294,254,78,53,42,48
"ENSMUSG00000033970",266,225,642,512,470,346
"ENSMUSG00000033972",278,224,242,244,229,240
"ENSMUSG00000033983",184,133,162,124,166,115
"ENSMUSG00000033985",770,713,478,542,526,503
"ENSMUSG00000033987",135,99,107,80,102,127
"ENSMUSG00000033991",1032,1163,1895,1524,1142,1063
"ENSMUSG00000033998",3052,3032,1651,2206,2150,2104
"ENSMUSG00000034006",2119,2364,998,1102,1563,1714
"ENSMUSG00000034007",1570,1526,1162,1153,1520,1463
"ENSMUSG00000034021",2228,2205,2432,2196,2665,2314
"ENSMUSG00000034022",1304,1167,1579,1321,1134,1102
"ENSMUSG00000034023",113,99,272,165,124,78
"ENSMUSG00000034024",3083,3425,5592,4625,4012,3659
"ENSMUSG00000034032",512,533,862,793,578,489
"ENSMUSG00000034035",123,54,62,99,66,70
"ENSMUSG00000034037",142,99,16,12,31,40
"ENSMUSG00000034040",52,136,32,28,9,11
"ENSMUSG00000034041",47,44,44,42,60,75
"ENSMUSG00000034042",3369,3099,2536,2844,3117,2891
"ENSMUSG00000034055",635,700,385,557,611,567
"ENSMUSG00000034063",43,34,14,16,28,34
"ENSMUSG00000034064",1076,1069,1161,1121,1355,1118
"ENSMUSG00000034066",855,792,784,777,718,620
"ENSMUSG00000034071",78,52,47,61,56,47
"ENSMUSG00000034075",2548,2791,3428,3253,2998,2602
"ENSMUSG00000034083",374,350,346,326,339,326
"ENSMUSG00000034088",9872,12206,12525,12571,9842,10818
"ENSMUSG00000034101",9656,9850,8422,8127,7617,7777
"ENSMUSG00000034105",205,166,205,189,173,125
"ENSMUSG00000034107",54,21,9,24,18,35
"ENSMUSG00000034108",191,202,270,228,249,211
"ENSMUSG00000034109",2300,2161,5874,5619,4572,4943
"ENSMUSG00000034110",131,85,58,52,55,64
"ENSMUSG00000034111",1090,900,728,754,1087,1000
"ENSMUSG00000034112",89,106,131,125,66,53
"ENSMUSG00000034116",20,15,24,14,10,8
"ENSMUSG00000034117",49,49,69,59,52,22
"ENSMUSG00000034118",1373,1103,538,544,1315,1444
"ENSMUSG00000034120",4329,4683,6257,5431,3844,4416
"ENSMUSG00000034121",207,197,169,175,155,121
"ENSMUSG00000034126",643,542,475,612,637,559
"ENSMUSG00000034127",321,142,1588,1687,148,192
"ENSMUSG00000034135",1659,1499,979,1117,1410,1371
"ENSMUSG00000034152",1370,1350,1440,1308,1506,1246
"ENSMUSG00000034154",1855,1824,1614,1574,1536,1726
"ENSMUSG00000034156",106,85,22,32,79,79
"ENSMUSG00000034157",657,599,614,631,654,535
"ENSMUSG00000034158",8351,7910,7652,7209,7639,7841
"ENSMUSG00000034159",15,6,41,52,45,41
"ENSMUSG00000034160",5003,4254,3436,4857,4290,3864
"ENSMUSG00000034161",29,18,37,31,46,40
"ENSMUSG00000034163",2510,2474,2056,2399,2364,2336
"ENSMUSG00000034164",24,17,33,71,73,64
"ENSMUSG00000034165",1126,990,1038,985,1084,897
"ENSMUSG00000034168",2754,2304,2080,2150,2618,2073
"ENSMUSG00000034171",533,437,72,108,137,124
"ENSMUSG00000034173",56,50,74,76,37,30
"ENSMUSG00000034175",485,577,649,651,555,730
"ENSMUSG00000034177",1472,1421,1204,1436,2009,1576
"ENSMUSG00000034187",701,766,774,746,711,607
"ENSMUSG00000034189",323,291,259,277,322,144
"ENSMUSG00000034190",589,581,631,730,664,521
"ENSMUSG00000034192",145,183,317,235,212,191
"ENSMUSG00000034194",314,303,346,312,246,264
"ENSMUSG00000034201",300,262,317,355,389,268
"ENSMUSG00000034203",114,112,210,153,123,75
"ENSMUSG00000034205",68,77,46,35,31,37
"ENSMUSG00000034206",64,123,207,142,89,80
"ENSMUSG00000034209",35,30,16,34,20,16
"ENSMUSG00000034210",2942,3015,2404,2591,2737,2566
"ENSMUSG00000034211",583,584,635,689,618,439
"ENSMUSG00000034212",122,112,109,126,81,115
"ENSMUSG00000034216",382,382,471,438,359,335
"ENSMUSG00000034218",1769,1782,2302,1611,1668,1527
"ENSMUSG00000034220",605,599,1044,985,810,848
"ENSMUSG00000034226",25,31,196,128,21,18
"ENSMUSG00000034235",1587,1637,1090,1199,1207,1569
"ENSMUSG00000034243",7043,8201,4596,4941,5726,6046
"ENSMUSG00000034245",838,599,140,193,325,278
"ENSMUSG00000034247",1025,754,790,733,764,569
"ENSMUSG00000034248",1915,1708,916,1014,1495,1204
"ENSMUSG00000034252",4009,4127,3973,4089,4438,4442
"ENSMUSG00000034254",747,664,781,759,752,524
"ENSMUSG00000034255",540,419,634,590,474,394
"ENSMUSG00000034258",371,373,58,106,179,147
"ENSMUSG00000034259",179,114,290,231,207,159
"ENSMUSG00000034263",588,517,685,672,588,471
"ENSMUSG00000034265",173,123,51,42,74,85
"ENSMUSG00000034269",5138,5078,4590,4592,4428,4738
"ENSMUSG00000034271",243,211,418,465,549,538
"ENSMUSG00000034274",425,465,779,624,565,425
"ENSMUSG00000034275",62,149,21,28,26,40
"ENSMUSG00000034278",103,85,158,133,118,107
"ENSMUSG00000034282",577,620,944,697,435,332
"ENSMUSG00000034285",265,339,388,389,301,272
"ENSMUSG00000034290",1849,1856,1658,1619,1759,1602
"ENSMUSG00000034292",404,399,549,520,636,490
"ENSMUSG00000034295",1924,1515,949,773,1741,2112
"ENSMUSG00000034297",9228,9130,7177,7005,9670,9715
"ENSMUSG00000034300",1285,1385,1194,1288,1522,1272
"ENSMUSG00000034303",184,223,145,118,188,157
"ENSMUSG00000034308",322,243,283,301,329,256
"ENSMUSG00000034311",68,109,642,480,244,187
"ENSMUSG00000034312",1770,1523,964,1101,1469,1461
"ENSMUSG00000034317",177,173,764,587,334,378
"ENSMUSG00000034320",632,727,1302,845,700,713
"ENSMUSG00000034321",448,390,634,522,452,370
"ENSMUSG00000034324",59,38,3,35,13,30
"ENSMUSG00000034327",594,556,576,612,624,727
"ENSMUSG00000034329",62,54,479,281,157,110
"ENSMUSG00000034330",369,395,1211,941,658,576
"ENSMUSG00000034333",58,95,166,124,89,47
"ENSMUSG00000034334",42,46,42,61,43,54
"ENSMUSG00000034339",2,0,10,12,8,15
"ENSMUSG00000034341",1172,1245,1036,1195,1085,1027
"ENSMUSG00000034342",4001,3847,3754,3485,4613,3791
"ENSMUSG00000034343",694,653,975,885,1055,877
"ENSMUSG00000034345",517,473,640,529,464,393
"ENSMUSG00000034349",1172,1307,2967,2345,1936,1617
"ENSMUSG00000034353",34,22,21,43,43,21
"ENSMUSG00000034354",3393,3212,2301,2618,3489,3010
"ENSMUSG00000034361",109,117,250,136,132,128
"ENSMUSG00000034362",9,16,64,57,3,5
"ENSMUSG00000034371",227,215,277,275,283,207
"ENSMUSG00000034377",5327,5542,4951,4914,5833,5663
"ENSMUSG00000034379",106,66,39,68,49,41
"ENSMUSG00000034382",1301,1039,1194,1096,1142,1027
"ENSMUSG00000034390",2682,2542,2462,2317,2539,2708
"ENSMUSG00000034394",272,466,1802,1039,596,883
"ENSMUSG00000034401",597,501,293,261,330,358
"ENSMUSG00000034403",1374,1186,866,962,1332,1101
"ENSMUSG00000034412",1019,900,1066,1093,1263,990
"ENSMUSG00000034413",86,55,138,167,329,95
"ENSMUSG00000034422",1439,903,3679,1252,750,756
"ENSMUSG00000034424",182,261,651,444,269,194
"ENSMUSG00000034427",45,26,13,11,10,11
"ENSMUSG00000034429",386,230,124,124,195,165
"ENSMUSG00000034430",715,600,636,589,723,615
"ENSMUSG00000034432",601,558,676,656,624,466
"ENSMUSG00000034435",2952,2521,3409,3313,3974,3268
"ENSMUSG00000034437",29,44,64,61,37,50
"ENSMUSG00000034442",272,228,359,292,262,173
"ENSMUSG00000034445",303,297,316,354,329,234
"ENSMUSG00000034449",69,80,86,116,86,83
"ENSMUSG00000034453",1559,1672,1249,1155,1243,1301
"ENSMUSG00000034457",111,140,138,118,97,88
"ENSMUSG00000034459",240,77,2092,687,56,69
"ENSMUSG00000034460",1682,1283,893,978,1752,1519
"ENSMUSG00000034462",2125,2590,1663,1953,2783,2695
"ENSMUSG00000034463",115,78,381,346,79,57
"ENSMUSG00000034471",2197,1620,1094,1245,2306,1567
"ENSMUSG00000034472",62,38,20,16,41,14
"ENSMUSG00000034473",378,302,368,416,386,281
"ENSMUSG00000034480",1521,1393,1331,1179,1327,1432
"ENSMUSG00000034484",1571,1318,1856,1742,1459,1383
"ENSMUSG00000034485",837,802,831,766,627,804
"ENSMUSG00000034487",301,304,449,406,325,364
"ENSMUSG00000034488",16,12,6,8,18,25
"ENSMUSG00000034493",136,117,243,150,111,110
"ENSMUSG00000034501",424,433,324,309,362,326
"ENSMUSG00000034509",71,54,68,56,60,60
"ENSMUSG00000034518",492,635,573,553,555,474
"ENSMUSG00000034520",48,53,4,7,14,19
"ENSMUSG00000034522",1441,1462,913,962,1187,1233
"ENSMUSG00000034525",2519,2405,1727,1814,2105,1912
"ENSMUSG00000034532",35,55,5,15,10,5
"ENSMUSG00000034538",80,80,77,80,83,47
"ENSMUSG00000034543",1643,1772,2101,2016,1765,1811
"ENSMUSG00000034544",619,589,627,521,612,621
"ENSMUSG00000034551",20,18,3,12,6,8
"ENSMUSG00000034557",2170,1907,1762,1800,2121,2175
"ENSMUSG00000034560",1392,1429,1323,1362,1290,1207
"ENSMUSG00000034563",2106,2037,1281,1387,1793,1579
"ENSMUSG00000034566",1187,1200,1380,1238,1289,1172
"ENSMUSG00000034570",21,39,17,23,7,8
"ENSMUSG00000034573",5061,4058,6326,5576,4769,4788
"ENSMUSG00000034574",2042,2011,2251,2349,1966,1963
"ENSMUSG00000034575",917,766,1079,991,1038,881
"ENSMUSG00000034579",30,34,2,8,15,16
"ENSMUSG00000034584",190,238,106,129,63,86
"ENSMUSG00000034586",261,345,84,171,77,54
"ENSMUSG00000034587",58,62,72,59,69,47
"ENSMUSG00000034591",229,214,160,260,131,191
"ENSMUSG00000034593",725,817,1535,1129,976,1114
"ENSMUSG00000034595",290,423,381,390,388,419
"ENSMUSG00000034601",604,593,516,464,549,498
"ENSMUSG00000034602",4288,3998,2945,3391,3440,3566
"ENSMUSG00000034607",1293,1304,2122,1909,1536,1621
"ENSMUSG00000034610",2257,2117,1803,1745,1760,1942
"ENSMUSG00000034612",1221,1069,2315,2092,2845,2772
"ENSMUSG00000034613",411,520,448,473,410,373
"ENSMUSG00000034614",1929,1089,479,424,696,560
"ENSMUSG00000034616",1150,959,1241,1230,1127,970
"ENSMUSG00000034617",283,359,417,359,317,216
"ENSMUSG00000034620",501,461,494,418,428,426
"ENSMUSG00000034621",2091,1810,1574,1563,1943,1854
"ENSMUSG00000034634",123,127,2960,2065,680,682
"ENSMUSG00000034636",3250,2972,2530,2497,3209,2906
"ENSMUSG00000034639",87,59,98,133,95,79
"ENSMUSG00000034640",7963,12757,4299,5447,8722,11918
"ENSMUSG00000034647",2738,2692,1224,1410,2412,2486
"ENSMUSG00000034648",10,17,9,48,5,15
"ENSMUSG00000034652",31,17,3,8,13,11
"ENSMUSG00000034653",818,734,869,794,732,833
"ENSMUSG00000034656",173,120,70,68,67,48
"ENSMUSG00000034659",896,657,896,726,825,621
"ENSMUSG00000034663",1514,1371,1735,1774,2566,1926
"ENSMUSG00000034664",60,45,21,27,23,35
"ENSMUSG00000034667",1931,1889,2790,2354,2622,2119
"ENSMUSG00000034673",574,517,487,522,717,599
"ENSMUSG00000034674",259,293,478,443,295,294
"ENSMUSG00000034675",112,136,244,255,133,141
"ENSMUSG00000034681",493,477,669,505,417,407
"ENSMUSG00000034684",2077,1889,4226,4358,3855,3009
"ENSMUSG00000034685",32,31,144,104,52,41
"ENSMUSG00000034686",38,34,56,77,62,79
"ENSMUSG00000034687",3045,2619,1861,1936,2074,1721
"ENSMUSG00000034707",2134,2303,2945,3184,1727,1699
"ENSMUSG00000034708",2711,2197,2360,2818,2135,1855
"ENSMUSG00000034709",837,779,681,811,790,714
"ENSMUSG00000034714",240,188,509,562,433,412
"ENSMUSG00000034723",750,844,659,692,777,740
"ENSMUSG00000034724",4714,4307,3868,3624,4694,4786
"ENSMUSG00000034729",292,320,406,355,261,224
"ENSMUSG00000034730",5327,5219,3329,5195,4691,6010
"ENSMUSG00000034731",398,368,278,324,519,402
"ENSMUSG00000034738",42,25,33,38,13,14
"ENSMUSG00000034739",46,25,7,7,25,16
"ENSMUSG00000034744",366,288,256,337,231,210
"ENSMUSG00000034748",218,170,248,232,177,168
"ENSMUSG00000034751",4209,4625,3767,3827,4782,5138
"ENSMUSG00000034757",484,424,417,463,483,399
"ENSMUSG00000034758",82,71,83,81,63,67
"ENSMUSG00000034761",2820,2383,1633,1679,2392,2169
"ENSMUSG00000034762",12,16,2,4,6,14
"ENSMUSG00000034765",1106,1572,932,1271,1915,2095
"ENSMUSG00000034768",115,83,120,88,124,88
"ENSMUSG00000034771",314,299,137,269,294,364
"ENSMUSG00000034773",5,17,90,73,20,11
"ENSMUSG00000034774",2,2,31,27,10,16
"ENSMUSG00000034781",1052,918,1254,1198,1152,923
"ENSMUSG00000034786",29,32,17,16,19,18
"ENSMUSG00000034789",410,372,502,469,376,445
"ENSMUSG00000034792",180,170,265,203,194,137
"ENSMUSG00000034793",524,443,628,618,556,407
"ENSMUSG00000034795",168,155,222,275,121,252
"ENSMUSG00000034796",78,99,9,11,28,54
"ENSMUSG00000034799",201,192,187,173,139,107
"ENSMUSG00000034800",114,117,130,175,142,98
"ENSMUSG00000034801",2081,2110,1494,1610,2013,2194
"ENSMUSG00000034807",1287,1198,1626,1423,1034,939
"ENSMUSG00000034810",356,422,110,134,205,166
"ENSMUSG00000034813",108,58,501,489,340,314
"ENSMUSG00000034820",1937,1856,1653,1599,1751,1697
"ENSMUSG00000034825",73,59,18,26,25,31
"ENSMUSG00000034826",703,694,906,661,766,588
"ENSMUSG00000034832",3351,2950,3292,3521,3753,3547
"ENSMUSG00000034837",27,18,14,15,9,16
"ENSMUSG00000034842",677,780,1421,430,448,556
"ENSMUSG00000034845",367,146,61,65,71,48
"ENSMUSG00000034848",619,651,607,615,714,621
"ENSMUSG00000034850",1932,1850,1943,1830,2074,1625
"ENSMUSG00000034853",174,214,129,141,162,136
"ENSMUSG00000034854",172,186,131,121,129,99
"ENSMUSG00000034855",1554,2336,5039,1243,801,1290
"ENSMUSG00000034858",2092,1832,788,1079,1141,1064
"ENSMUSG00000034863",256,202,331,304,257,197
"ENSMUSG00000034867",722,668,794,847,870,652
"ENSMUSG00000034868",2782,2808,3084,3625,3377,3602
"ENSMUSG00000034871",64,75,49,43,45,38
"ENSMUSG00000034875",347,336,409,211,292,266
"ENSMUSG00000034880",111,67,136,120,99,53
"ENSMUSG00000034883",3,12,77,26,16,8
"ENSMUSG00000034889",387,261,442,332,370,301
"ENSMUSG00000034892",1719,1426,1969,1791,1734,1823
"ENSMUSG00000034893",1220,1176,1055,1207,959,963
"ENSMUSG00000034898",53,30,10,6,13,19
"ENSMUSG00000034902",787,628,686,677,685,567
"ENSMUSG00000034903",5174,5817,2797,2721,2972,3135
"ENSMUSG00000034906",71,105,537,399,201,146
"ENSMUSG00000034908",3687,3144,3449,3682,4091,3509
"ENSMUSG00000034910",226,263,277,292,381,397
"ENSMUSG00000034911",98,27,5,23,18,21
"ENSMUSG00000034912",147,120,39,68,526,293
"ENSMUSG00000034917",200,260,680,415,168,149
"ENSMUSG00000034919",122,78,74,35,80,47
"ENSMUSG00000034926",555,840,1367,835,282,237
"ENSMUSG00000034928",2236,2106,1816,1984,2375,2042
"ENSMUSG00000034930",709,614,572,591,601,516
"ENSMUSG00000034931",1235,1144,1070,1044,1147,944
"ENSMUSG00000034932",255,284,368,397,312,253
"ENSMUSG00000034936",199,413,142,169,131,281
"ENSMUSG00000034940",1747,1652,1450,1391,1516,1272
"ENSMUSG00000034947",78,66,102,83,53,64
"ENSMUSG00000034949",388,403,197,332,323,346
"ENSMUSG00000034951",334,674,716,747,818,480
"ENSMUSG00000034957",851,728,677,577,825,662
"ENSMUSG00000034973",1878,1882,1661,1739,1861,1855
"ENSMUSG00000034974",596,528,523,559,541,527
"ENSMUSG00000034981",2244,2180,3611,2984,1658,1303
"ENSMUSG00000034990",92,145,625,876,563,541
"ENSMUSG00000034993",1196,1084,1720,1615,1259,1040
"ENSMUSG00000034994",40106,43658,44524,39114,50912,52998
"ENSMUSG00000034998",767,881,1179,982,715,625
"ENSMUSG00000035000",616,488,117,214,121,89
"ENSMUSG00000035004",37,18,53,43,46,31
"ENSMUSG00000035007",531,500,339,361,453,345
"ENSMUSG00000035011",2272,2048,2342,1970,2352,2015
"ENSMUSG00000035020",51,104,169,112,97,253
"ENSMUSG00000035021",1320,1403,2068,1934,1773,2394
"ENSMUSG00000035024",615,691,1167,881,843,750
"ENSMUSG00000035027",853,742,1029,1080,964,787
"ENSMUSG00000035032",18,17,7,10,3,5
"ENSMUSG00000035045",90,83,46,42,102,128
"ENSMUSG00000035047",542,508,605,540,483,380
"ENSMUSG00000035048",411,514,358,391,438,387
"ENSMUSG00000035049",343,521,838,600,425,402
"ENSMUSG00000035051",1258,1125,816,961,926,916
"ENSMUSG00000035062",47,67,61,72,56,60
"ENSMUSG00000035064",3770,3281,1654,1843,2480,2272
"ENSMUSG00000035067",49,50,18,42,32,35
"ENSMUSG00000035069",316,371,382,375,418,291
"ENSMUSG00000035078",891,821,1054,1053,972,942
"ENSMUSG00000035085",139,166,136,136,214,165
"ENSMUSG00000035086",1156,1125,1444,1514,1425,1323
"ENSMUSG00000035093",7913,7098,4659,6578,7375,7782
"ENSMUSG00000035095",9,20,72,95,9,8
"ENSMUSG00000035104",435,279,528,510,702,556
"ENSMUSG00000035105",786,429,1214,811,909,809
"ENSMUSG00000035107",683,704,772,500,486,476
"ENSMUSG00000035109",534,502,469,407,464,467
"ENSMUSG00000035112",616,558,409,631,819,798
"ENSMUSG00000035125",235,223,281,251,220,243
"ENSMUSG00000035126",112,175,81,117,100,91
"ENSMUSG00000035133",4718,5367,4897,5010,5413,4962
"ENSMUSG00000035139",513,512,516,551,462,422
"ENSMUSG00000035142",147,150,172,146,161,127
"ENSMUSG00000035150",986,990,1288,1020,976,951
"ENSMUSG00000035151",531,658,722,790,679,655
"ENSMUSG00000035152",5203,5353,6074,5665,5662,5234
"ENSMUSG00000035158",696,912,153,296,342,489
"ENSMUSG00000035161",1510,1855,1172,1137,1271,1617
"ENSMUSG00000035164",2020,1992,1273,1057,1782,1708
"ENSMUSG00000035165",16,7,47,30,2,8
"ENSMUSG00000035168",3247,3043,2143,2130,2621,2670
"ENSMUSG00000035171",353,331,429,422,406,377
"ENSMUSG00000035172",689,545,427,418,671,636
"ENSMUSG00000035173",2285,2140,1648,1879,2551,2243
"ENSMUSG00000035181",1676,1329,1377,1222,1287,1234
"ENSMUSG00000035183",124,152,323,251,247,243
"ENSMUSG00000035184",317,117,106,118,201,124
"ENSMUSG00000035189",7,13,83,30,30,22
"ENSMUSG00000035198",208,215,491,422,383,242
"ENSMUSG00000035199",961,958,1269,1159,917,1393
"ENSMUSG00000035202",5549,7715,5365,7698,4584,6006
"ENSMUSG00000035203",1158,1048,1226,1202,1117,1025
"ENSMUSG00000035206",284,249,478,461,395,312
"ENSMUSG00000035208",12,7,199,52,10,5
"ENSMUSG00000035211",76,57,21,28,37,59
"ENSMUSG00000035212",844,741,872,795,758,681
"ENSMUSG00000035215",103,147,234,170,138,124
"ENSMUSG00000035227",1542,1801,1897,1783,1533,1178
"ENSMUSG00000035228",147,96,79,109,122,82
"ENSMUSG00000035232",511,558,1018,985,742,759
"ENSMUSG00000035234",215,168,281,244,207,152
"ENSMUSG00000035235",119,192,381,332,231,139
"ENSMUSG00000035236",1096,789,835,957,985,950
"ENSMUSG00000035237",43,26,14,15,27,46
"ENSMUSG00000035239",2638,1464,725,553,1624,967
"ENSMUSG00000035242",1414,1258,1851,1792,1485,1428
"ENSMUSG00000035245",2339,1786,1566,1806,2047,2339
"ENSMUSG00000035246",7,32,61,44,6,14
"ENSMUSG00000035247",9896,10470,8424,8633,9619,9588
"ENSMUSG00000035248",2821,2931,2364,2516,2658,2740
"ENSMUSG00000035258",79,110,28,32,27,41
"ENSMUSG00000035262",14,13,9,12,8,16
"ENSMUSG00000035266",240,188,183,202,202,187
"ENSMUSG00000035268",478,479,239,269,321,330
"ENSMUSG00000035270",19,22,19,26,20,21
"ENSMUSG00000035273",12,9,51,20,5,2
"ENSMUSG00000035274",1818,2023,1984,2448,1640,2111
"ENSMUSG00000035275",955,967,370,668,743,1101
"ENSMUSG00000035278",400,344,523,506,501,400
"ENSMUSG00000035279",49,48,14,14,15,31
"ENSMUSG00000035283",97,44,125,117,124,62
"ENSMUSG00000035284",3659,3383,2873,2677,3479,3253
"ENSMUSG00000035285",71,90,26,50,38,78
"ENSMUSG00000035293",830,853,1202,1101,834,811
"ENSMUSG00000035295",1331,1486,1676,1465,1375,1647
"ENSMUSG00000035297",1043,930,1425,1293,1113,1013
"ENSMUSG00000035298",51,38,20,36,14,25
"ENSMUSG00000035299",1265,1101,949,1043,980,1082
"ENSMUSG00000035305",556,868,436,648,806,1032
"ENSMUSG00000035310",626,674,890,704,635,663
"ENSMUSG00000035311",1847,1877,2147,2183,1788,1654
"ENSMUSG00000035314",977,794,1118,1230,766,601
"ENSMUSG00000035325",4120,4942,5034,5481,4486,4313
"ENSMUSG00000035329",1746,1896,888,961,1231,2191
"ENSMUSG00000035337",16,22,37,26,19,16
"ENSMUSG00000035342",772,566,590,689,603,535
"ENSMUSG00000035349",129,175,128,171,95,112
"ENSMUSG00000035351",145,146,301,224,156,137
"ENSMUSG00000035354",865,852,626,635,765,827
"ENSMUSG00000035356",12100,9689,6460,6239,6504,5971
"ENSMUSG00000035357",1287,1376,238,291,626,548
"ENSMUSG00000035364",18,20,19,16,18,27
"ENSMUSG00000035365",19,36,192,157,72,47
"ENSMUSG00000035367",131,143,199,185,153,127
"ENSMUSG00000035370",436,474,729,668,451,361
"ENSMUSG00000035372",339,442,461,414,328,300
"ENSMUSG00000035373",16,20,19,10,11,16
"ENSMUSG00000035376",1373,1410,1355,971,1079,1022
"ENSMUSG00000035378",169,178,255,198,171,124
"ENSMUSG00000035382",701,501,621,622,697,611
"ENSMUSG00000035383",3,6,42,24,13,8
"ENSMUSG00000035385",14,23,70,11,3,11
"ENSMUSG00000035390",147,147,43,63,109,133
"ENSMUSG00000035392",1297,1240,638,710,958,986
"ENSMUSG00000035394",54,20,9,6,21,28
"ENSMUSG00000035397",375,380,318,280,300,405
"ENSMUSG00000035399",486,611,295,386,362,553
"ENSMUSG00000035401",1635,1530,1413,1628,1787,1740
"ENSMUSG00000035403",64,52,18,14,30,46
"ENSMUSG00000035407",4586,4793,303,496,1796,1688
"ENSMUSG00000035413",416,211,516,528,444,381
"ENSMUSG00000035437",2573,2617,2346,2537,2481,2551
"ENSMUSG00000035439",54,71,115,63,52,69
"ENSMUSG00000035441",3978,3684,2716,2653,2545,2930
"ENSMUSG00000035443",474,401,417,411,445,399
"ENSMUSG00000035451",11986,13190,10850,12718,12341,13586
"ENSMUSG00000035455",20,96,473,261,129,50
"ENSMUSG00000035458",4,15,3,11,15,14
"ENSMUSG00000035459",49,40,33,34,33,43
"ENSMUSG00000035469",579,651,537,510,516,463
"ENSMUSG00000035472",78,67,62,63,103,82
"ENSMUSG00000035473",173,154,90,129,111,69
"ENSMUSG00000035476",1352,1314,1006,1015,1097,1200
"ENSMUSG00000035478",1019,889,1283,1211,1184,1024
"ENSMUSG00000035493",327,332,1915,350,248,264
"ENSMUSG00000035495",760,779,885,836,886,617
"ENSMUSG00000035498",7436,6192,7762,6105,7406,6777
"ENSMUSG00000035504",111,132,574,524,101,92
"ENSMUSG00000035505",250,239,470,379,283,275
"ENSMUSG00000035506",64,101,56,28,63,88
"ENSMUSG00000035509",54,44,9,20,21,43
"ENSMUSG00000035513",396,442,251,366,409,505
"ENSMUSG00000035517",752,547,706,574,771,724
"ENSMUSG00000035521",459,357,382,406,417,383
"ENSMUSG00000035529",1045,1046,887,799,892,829
"ENSMUSG00000035530",6175,7134,4485,4571,4867,5881
"ENSMUSG00000035545",3803,3055,2073,3273,2593,2585
"ENSMUSG00000035547",443,478,680,624,254,252
"ENSMUSG00000035557",5934,6904,6716,6352,6898,9088
"ENSMUSG00000035559",273,216,340,344,224,208
"ENSMUSG00000035566",45,27,7,10,11,32
"ENSMUSG00000035569",7612,7058,5419,5362,6512,8444
"ENSMUSG00000035572",1070,1052,1158,1189,1205,1060
"ENSMUSG00000035575",1222,1213,1545,1279,1368,1000
"ENSMUSG00000035576",108,58,19,12,29,76
"ENSMUSG00000035578",64,77,50,72,56,53
"ENSMUSG00000035585",880,651,796,800,796,679
"ENSMUSG00000035595",60,78,63,63,53,54
"ENSMUSG00000035596",866,794,681,781,783,537
"ENSMUSG00000035597",1872,1815,1471,1679,1582,1579
"ENSMUSG00000035601",174,183,145,151,160,150
"ENSMUSG00000035614",1584,1508,1582,1607,2077,1739
"ENSMUSG00000035615",9,7,43,32,10,11
"ENSMUSG00000035620",760,752,499,635,715,714
"ENSMUSG00000035621",3631,3846,2529,2811,3224,3839
"ENSMUSG00000035623",3393,3179,2812,2912,3850,3766
"ENSMUSG00000035629",1017,918,1007,1048,973,707
"ENSMUSG00000035632",1476,1371,1466,1600,1532,1310
"ENSMUSG00000035637",337,302,354,373,284,208
"ENSMUSG00000035638",46,45,29,19,6,8
"ENSMUSG00000035640",876,764,402,528,609,540
"ENSMUSG00000035642",134,112,73,83,115,99
"ENSMUSG00000035649",1390,1208,1335,1559,1265,1304
"ENSMUSG00000035666",873,821,1050,796,1106,884
"ENSMUSG00000035671",1285,1397,745,1227,892,1336
"ENSMUSG00000035673",1980,2648,2493,1685,1625,1737
"ENSMUSG00000035674",348,290,520,479,452,399
"ENSMUSG00000035678",37,23,28,12,15,32
"ENSMUSG00000035683",10,48,484,268,118,73
"ENSMUSG00000035692",34,8,305,64,13,5
"ENSMUSG00000035696",3738,3552,2588,2757,3415,3175
"ENSMUSG00000035697",27,34,28,20,15,14
"ENSMUSG00000035704",119,106,275,234,147,75
"ENSMUSG00000035711",10,15,10,7,15,19
"ENSMUSG00000035713",155,122,101,141,120,140
"ENSMUSG00000035722",276,202,465,440,399,378
"ENSMUSG00000035725",3022,3113,1577,1966,2869,3282
"ENSMUSG00000035726",2403,2825,3775,3012,2672,2653
"ENSMUSG00000035735",479,383,114,178,383,234
"ENSMUSG00000035745",63,67,50,61,62,59
"ENSMUSG00000035754",419,355,507,391,324,256
"ENSMUSG00000035757",704,577,572,651,648,548
"ENSMUSG00000035759",47,57,25,30,39,24
"ENSMUSG00000035762",359,378,339,342,301,326
"ENSMUSG00000035764",387,409,451,386,447,406
"ENSMUSG00000035765",813,858,736,781,690,659
"ENSMUSG00000035769",90,90,106,73,44,41
"ENSMUSG00000035770",2176,2015,2090,2212,2207,2077
"ENSMUSG00000035772",289,242,498,365,355,184
"ENSMUSG00000035773",37,18,10,14,18,16
"ENSMUSG00000035776",1148,1113,851,868,838,857
"ENSMUSG00000035778",2309,2478,2060,1595,1888,2500
"ENSMUSG00000035781",1225,1074,1648,1451,1402,1272
"ENSMUSG00000035783",648,243,248,177,169,175
"ENSMUSG00000035790",268,225,224,239,300,200
"ENSMUSG00000035798",676,663,601,734,682,900
"ENSMUSG00000035811",24,30,7,39,37,9
"ENSMUSG00000035818",1315,600,1974,1067,1366,1377
"ENSMUSG00000035824",486,463,221,257,313,266
"ENSMUSG00000035828",2984,2905,842,1151,1704,2323
"ENSMUSG00000035829",568,497,266,361,543,346
"ENSMUSG00000035834",202,302,229,194,183,182
"ENSMUSG00000035835",1514,1323,1893,1804,1357,1473
"ENSMUSG00000035840",1706,2071,868,1178,1266,1702
"ENSMUSG00000035842",189,193,345,310,211,149
"ENSMUSG00000035845",193,214,209,260,222,163
"ENSMUSG00000035847",2624,2244,2924,2200,2885,2433
"ENSMUSG00000035851",4783,4903,3537,4094,3927,4372
"ENSMUSG00000035852",42,21,87,72,28,28
"ENSMUSG00000035863",134,113,139,132,173,171
"ENSMUSG00000035864",117,117,4,10,34,40
"ENSMUSG00000035868",142,114,62,81,123,85
"ENSMUSG00000035873",3594,3824,1910,2358,2939,3988
"ENSMUSG00000035875",12,7,11,3,9,18
"ENSMUSG00000035877",2216,1685,1114,1528,1854,1763
"ENSMUSG00000035878",361,314,124,170,258,187
"ENSMUSG00000035885",896,888,1238,1014,832,714
"ENSMUSG00000035890",446,405,757,691,669,451
"ENSMUSG00000035891",177,161,942,708,629,506
"ENSMUSG00000035896",652,1153,195,328,425,99
"ENSMUSG00000035898",1280,1339,1329,1301,1512,1345
"ENSMUSG00000035900",207,200,232,190,161,136
"ENSMUSG00000035901",1522,1290,1397,1712,2102,1942
"ENSMUSG00000035914",476,417,1788,1407,827,820
"ENSMUSG00000035916",2458,1755,33,96,596,444
"ENSMUSG00000035919",618,534,344,408,482,416
"ENSMUSG00000035929",1235,1047,1614,852,615,726
"ENSMUSG00000035933",1115,1190,1092,1200,1063,1162
"ENSMUSG00000035934",860,913,567,856,781,918
"ENSMUSG00000035936",541,614,464,472,471,437
"ENSMUSG00000035941",1686,1997,1819,2059,1526,1250
"ENSMUSG00000035944",662,625,255,363,390,343
"ENSMUSG00000035948",106,119,24,23,139,21
"ENSMUSG00000035949",1208,1112,1307,1252,1164,1044
"ENSMUSG00000035953",799,724,1066,864,679,534
"ENSMUSG00000035954",197,182,132,189,201,242
"ENSMUSG00000035958",591,558,542,540,565,631
"ENSMUSG00000035960",315,404,758,529,336,294
"ENSMUSG00000035967",1576,1332,761,1284,1355,1486
"ENSMUSG00000035969",936,1006,236,289,520,500
"ENSMUSG00000035983",1154,1583,907,1441,997,1992
"ENSMUSG00000035984",9,15,13,14,27,15
"ENSMUSG00000035992",1663,1789,1722,1971,1334,1888
"ENSMUSG00000036002",518,502,617,769,611,752
"ENSMUSG00000036006",70,64,16,7,19,2
"ENSMUSG00000036009",180,168,220,178,174,172
"ENSMUSG00000036019",829,834,455,468,612,627
"ENSMUSG00000036022",265,242,346,259,287,265
"ENSMUSG00000036023",496,502,577,595,435,466
"ENSMUSG00000036026",1142,940,1580,1590,1712,1281
"ENSMUSG00000036036",30,261,63,59,36,40
"ENSMUSG00000036040",5,13,14,30,27,14
"ENSMUSG00000036046",1018,1092,1367,1035,1288,1018
"ENSMUSG00000036052",204,276,122,235,113,146
"ENSMUSG00000036053",1717,2013,1545,1341,1527,1412
"ENSMUSG00000036054",459,429,604,626,844,480
"ENSMUSG00000036057",1452,1499,1737,1832,1538,1560
"ENSMUSG00000036061",232,159,188,190,192,124
"ENSMUSG00000036067",19,21,46,18,10,8
"ENSMUSG00000036073",420,321,238,288,235,230
"ENSMUSG00000036078",436,323,663,607,406,296
"ENSMUSG00000036086",227,220,236,232,226,242
"ENSMUSG00000036087",1628,1744,1892,1792,2312,1816
"ENSMUSG00000036091",210,143,132,190,191,211
"ENSMUSG00000036093",1723,1416,1721,1337,1925,1634
"ENSMUSG00000036095",49,15,3,2,9,21
"ENSMUSG00000036097",1686,1661,1503,1387,1792,1525
"ENSMUSG00000036099",639,538,549,714,616,484
"ENSMUSG00000036103",130,318,691,541,179,214
"ENSMUSG00000036104",1582,1573,1223,1305,1338,1284
"ENSMUSG00000036106",252,230,33,79,96,110
"ENSMUSG00000036109",1029,896,1668,1341,1555,1351
"ENSMUSG00000036111",52,80,729,622,634,194
"ENSMUSG00000036112",3230,3112,4828,4061,3945,3599
"ENSMUSG00000036114",74,38,106,85,67,46
"ENSMUSG00000036120",356,309,343,345,266,297
"ENSMUSG00000036136",1194,1850,1320,1492,1670,3147
"ENSMUSG00000036138",506,437,684,555,589,426
"ENSMUSG00000036151",21,6,7,10,16,8
"ENSMUSG00000036155",903,1013,2227,1869,2053,1287
"ENSMUSG00000036158",588,520,229,265,287,421
"ENSMUSG00000036160",621,597,485,553,609,415
"ENSMUSG00000036162",68,46,33,48,62,59
"ENSMUSG00000036167",884,1022,1560,1316,1158,880
"ENSMUSG00000036168",129,196,335,232,205,166
"ENSMUSG00000036169",3,11,13,10,5,11
"ENSMUSG00000036180",1816,1704,2930,2484,2229,1904
"ENSMUSG00000036181",3660,3828,2616,2963,2585,2654
"ENSMUSG00000036185",76,62,59,83,81,88
"ENSMUSG00000036186",46,41,59,53,46,32
"ENSMUSG00000036188",599,589,733,818,736,525
"ENSMUSG00000036192",422,496,19,36,145,163
"ENSMUSG00000036196",32,18,6,18,16,9
"ENSMUSG00000036197",1123,1172,803,852,869,967
"ENSMUSG00000036199",299,302,343,406,336,216
"ENSMUSG00000036202",2611,2925,2708,2178,2530,2175
"ENSMUSG00000036206",2015,1727,1373,1088,1212,1031
"ENSMUSG00000036208",507,520,820,783,556,575
"ENSMUSG00000036214",65,55,80,50,61,35
"ENSMUSG00000036216",24,18,6,7,17,15
"ENSMUSG00000036223",2,8,90,63,36,24
"ENSMUSG00000036225",1021,914,1832,1551,1866,1560
"ENSMUSG00000036241",1998,1718,2527,2477,2467,2308
"ENSMUSG00000036242",196,135,87,117,86,112
"ENSMUSG00000036246",256,196,210,226,237,201
"ENSMUSG00000036249",365,295,412,306,282,197
"ENSMUSG00000036256",1055,965,3604,3084,3890,1576
"ENSMUSG00000036257",1696,1746,1205,1276,1577,1618
"ENSMUSG00000036270",1427,1258,1194,1272,1270,1035
"ENSMUSG00000036273",361,253,151,153,158,185
"ENSMUSG00000036275",3245,2891,4109,4166,3447,3127
"ENSMUSG00000036278",254,219,106,116,139,134
"ENSMUSG00000036281",517,411,461,416,348,278
"ENSMUSG00000036282",1882,1590,1408,1423,1792,1500
"ENSMUSG00000036285",327,249,488,455,304,211
"ENSMUSG00000036291",739,833,673,664,890,673
"ENSMUSG00000036292",197,209,137,133,168,181
"ENSMUSG00000036295",13,6,11,7,16,16
"ENSMUSG00000036298",46,58,9,10,19,47
"ENSMUSG00000036299",805,895,1090,1023,857,823
"ENSMUSG00000036304",23,21,16,20,22,19
"ENSMUSG00000036305",60,76,106,64,89,83
"ENSMUSG00000036306",103,104,405,428,480,328
"ENSMUSG00000036309",4461,4715,5118,5447,5257,5349
"ENSMUSG00000036315",248,219,202,227,292,201
"ENSMUSG00000036323",3181,3738,4240,3828,3201,3173
"ENSMUSG00000036327",513,503,856,610,655,538
"ENSMUSG00000036330",223,228,22,34,41,34
"ENSMUSG00000036333",3880,3537,2578,2758,4194,3872
"ENSMUSG00000036334",767,747,527,587,418,596
"ENSMUSG00000036339",763,766,760,806,874,627
"ENSMUSG00000036352",260,256,385,386,318,237
"ENSMUSG00000036356",224,168,44,53,146,125
"ENSMUSG00000036368",92,75,73,101,69,56
"ENSMUSG00000036371",9146,10247,12817,10535,11165,9664
"ENSMUSG00000036372",216,193,280,252,209,176
"ENSMUSG00000036376",204,194,177,134,142,144
"ENSMUSG00000036377",41,31,16,44,10,11
"ENSMUSG00000036381",15,21,17,12,10,6
"ENSMUSG00000036390",1265,2022,1559,1778,3282,2784
"ENSMUSG00000036391",2811,3550,2381,2580,2508,3135
"ENSMUSG00000036395",703,695,179,264,369,326
"ENSMUSG00000036398",589,538,624,587,672,525
"ENSMUSG00000036402",6774,7584,24692,13532,25273,12225
"ENSMUSG00000036403",586,529,421,479,449,461
"ENSMUSG00000036411",36,31,26,16,34,22
"ENSMUSG00000036427",2877,2844,5044,4281,3496,2990
"ENSMUSG00000036430",175,117,167,182,166,108
"ENSMUSG00000036432",681,851,346,471,608,758
"ENSMUSG00000036435",1242,1037,1431,1415,1072,1050
"ENSMUSG00000036437",70,13,2,15,30,30
"ENSMUSG00000036438",5107,5956,6282,5808,5023,6584
"ENSMUSG00000036442",243,166,204,182,244,173
"ENSMUSG00000036446",117,189,65,102,64,95
"ENSMUSG00000036450",1048,1014,973,1011,1180,875
"ENSMUSG00000036452",1194,1066,529,540,576,640
"ENSMUSG00000036459",398,339,286,263,320,301
"ENSMUSG00000036461",4072,4150,4022,3930,3922,4801
"ENSMUSG00000036466",1117,1010,945,1231,1586,1550
"ENSMUSG00000036469",16,18,29,11,8,12
"ENSMUSG00000036473",218,207,254,242,394,232
"ENSMUSG00000036478",6082,7980,6055,6568,6039,6910
"ENSMUSG00000036492",567,681,185,312,429,496
"ENSMUSG00000036499",2406,2634,2463,2190,2052,2320
"ENSMUSG00000036501",1772,1729,1742,1877,2107,2038
"ENSMUSG00000036502",167,186,275,204,573,277
"ENSMUSG00000036503",1812,1521,1181,1227,1197,1333
"ENSMUSG00000036504",189,165,211,171,211,188
"ENSMUSG00000036513",293,210,396,308,330,287
"ENSMUSG00000036523",117,110,714,371,863,88
"ENSMUSG00000036528",830,872,536,660,253,333
"ENSMUSG00000036529",1414,1301,1420,1423,1478,1258
"ENSMUSG00000036533",1010,945,982,1275,1400,2005
"ENSMUSG00000036534",308,277,298,334,271,226
"ENSMUSG00000036537",31,18,35,22,28,19
"ENSMUSG00000036545",480,732,78,268,292,362
"ENSMUSG00000036550",6185,6350,8212,7518,7063,6597
"ENSMUSG00000036551",14,4,14,2,10,14
"ENSMUSG00000036552",211,156,106,137,142,185
"ENSMUSG00000036553",30,29,22,27,7,15
"ENSMUSG00000036555",410,363,377,480,510,390
"ENSMUSG00000036557",23,21,11,12,15,27
"ENSMUSG00000036560",1523,1512,2240,2039,1698,1574
"ENSMUSG00000036561",1001,829,787,896,960,928
"ENSMUSG00000036564",46,45,33,46,28,44
"ENSMUSG00000036565",548,690,3461,3081,1425,1525
"ENSMUSG00000036568",1918,1683,692,738,1190,1127
"ENSMUSG00000036570",31,15,4,2,6,14
"ENSMUSG00000036572",885,1009,910,975,866,944
"ENSMUSG00000036580",807,728,723,835,913,659
"ENSMUSG00000036585",2979,4505,1882,2714,3923,5061
"ENSMUSG00000036591",4390,4146,3308,3162,3341,4020
"ENSMUSG00000036594",230,113,451,261,185,166
"ENSMUSG00000036599",178,163,81,88,100,92
"ENSMUSG00000036606",6252,5431,8347,6281,5390,5128
"ENSMUSG00000036611",304,297,158,189,235,200
"ENSMUSG00000036613",134,115,170,173,181,136
"ENSMUSG00000036615",223,146,205,155,237,192
"ENSMUSG00000036617",3041,2835,2319,2228,1753,1787
"ENSMUSG00000036620",863,764,648,737,788,665
"ENSMUSG00000036622",1034,1061,1081,1300,819,732
"ENSMUSG00000036632",310,304,412,337,310,281
"ENSMUSG00000036636",546,538,522,566,694,499
"ENSMUSG00000036639",68,44,98,76,60,43
"ENSMUSG00000036641",20,16,17,15,15,16
"ENSMUSG00000036644",2055,1920,1379,1533,1846,1896
"ENSMUSG00000036646",1109,1110,1035,1100,1165,1043
"ENSMUSG00000036661",212,136,142,97,55,82
"ENSMUSG00000036667",1211,1037,794,1045,927,1011
"ENSMUSG00000036672",76,95,161,161,90,78
"ENSMUSG00000036676",2662,2343,2975,2765,3183,2800
"ENSMUSG00000036678",148,169,403,308,197,131
"ENSMUSG00000036686",671,664,708,728,690,618
"ENSMUSG00000036687",1454,1133,431,549,706,793
"ENSMUSG00000036693",769,925,1001,704,595,732
"ENSMUSG00000036698",3586,3730,4105,3787,4143,3654
"ENSMUSG00000036707",4102,4114,3865,3930,4252,4063
"ENSMUSG00000036712",2857,3027,2084,2065,2247,2342
"ENSMUSG00000036718",131,99,71,73,27,43
"ENSMUSG00000036721",126,97,125,120,142,80
"ENSMUSG00000036733",870,785,981,937,929,826
"ENSMUSG00000036737",1003,1177,1120,1073,1077,935
"ENSMUSG00000036745",161,129,610,532,346,252
"ENSMUSG00000036748",394,359,440,461,392,359
"ENSMUSG00000036751",469,628,937,751,580,508
"ENSMUSG00000036752",2432,2611,3616,2787,2289,2034
"ENSMUSG00000036764",65,53,26,32,18,12
"ENSMUSG00000036766",51,100,4,4,14,19
"ENSMUSG00000036768",53,135,757,512,274,182
"ENSMUSG00000036769",683,708,658,693,707,721
"ENSMUSG00000036770",23,13,5,0,6,11
"ENSMUSG00000036775",391,369,373,438,369,290
"ENSMUSG00000036777",113,289,2023,1365,800,381
"ENSMUSG00000036779",1123,1015,932,975,1133,1106
"ENSMUSG00000036781",855,896,1362,1251,980,890
"ENSMUSG00000036782",186,300,62,109,146,155
"ENSMUSG00000036792",1318,1394,1140,1245,1373,1387
"ENSMUSG00000036805",19,9,36,30,30,21
"ENSMUSG00000036810",559,609,684,586,632,544
"ENSMUSG00000036817",2121,1978,1262,1208,1385,1112
"ENSMUSG00000036819",929,554,351,435,608,496
"ENSMUSG00000036820",134,85,100,108,103,78
"ENSMUSG00000036822",2652,2570,1988,2008,3141,3253
"ENSMUSG00000036825",639,701,1113,938,980,787
"ENSMUSG00000036826",84,45,72,77,87,75
"ENSMUSG00000036832",68,62,181,261,174,162
"ENSMUSG00000036833",235,201,121,118,103,91
"ENSMUSG00000036834",93,101,487,261,71,54
"ENSMUSG00000036835",512,450,607,611,620,473
"ENSMUSG00000036840",673,593,514,542,586,557
"ENSMUSG00000036845",210,163,187,191,205,134
"ENSMUSG00000036850",108,106,201,161,145,134
"ENSMUSG00000036853",21,22,12,4,14,11
"ENSMUSG00000036854",171,135,139,151,86,102
"ENSMUSG00000036856",1701,1606,2836,2525,3349,2881
"ENSMUSG00000036860",136,129,136,146,127,91
"ENSMUSG00000036862",179,103,19,39,50,60
"ENSMUSG00000036863",1664,1907,816,913,1700,1570
"ENSMUSG00000036864",294,198,201,263,200,140
"ENSMUSG00000036867",692,516,324,349,408,458
"ENSMUSG00000036873",336,326,285,279,343,301
"ENSMUSG00000036875",18,50,199,144,57,19
"ENSMUSG00000036879",3340,3367,2375,2905,3572,3584
"ENSMUSG00000036880",1335,1230,1072,1143,3747,3446
"ENSMUSG00000036882",326,244,189,206,258,317
"ENSMUSG00000036885",629,575,322,459,624,441
"ENSMUSG00000036887",25,21,28,20,9,8
"ENSMUSG00000036890",325,269,280,242,330,316
"ENSMUSG00000036893",2101,1653,1887,2026,2040,1775
"ENSMUSG00000036894",1006,1284,2227,2931,1842,2243
"ENSMUSG00000036896",42,26,59,55,29,6
"ENSMUSG00000036898",432,197,234,247,219,157
"ENSMUSG00000036902",68,81,336,284,156,175
"ENSMUSG00000036904",506,483,258,321,534,511
"ENSMUSG00000036905",31,29,56,36,27,14
"ENSMUSG00000036908",310,194,449,330,227,208
"ENSMUSG00000036916",624,520,794,632,600,608
"ENSMUSG00000036918",782,677,1106,844,770,707
"ENSMUSG00000036923",98,81,10,6,114,27
"ENSMUSG00000036925",15,8,10,10,8,9
"ENSMUSG00000036928",29,101,136,113,122,75
"ENSMUSG00000036931",27,40,25,26,20,32
"ENSMUSG00000036932",506,588,702,693,532,470
"ENSMUSG00000036934",473,388,342,313,381,371
"ENSMUSG00000036940",2491,2414,2608,2441,2410,2599
"ENSMUSG00000036941",621,478,278,288,481,310
"ENSMUSG00000036943",893,930,1197,1064,972,1056
"ENSMUSG00000036944",27,6,36,24,8,0
"ENSMUSG00000036948",256,233,325,348,292,250
"ENSMUSG00000036955",679,614,510,571,609,502
"ENSMUSG00000036957",123,96,70,84,135,104
"ENSMUSG00000036959",674,465,477,438,710,577
"ENSMUSG00000036960",29,11,325,170,54,22
"ENSMUSG00000036964",267,209,618,516,309,258
"ENSMUSG00000036966",643,588,532,537,534,464
"ENSMUSG00000036968",151,314,315,357,370,317
"ENSMUSG00000036975",74,80,65,57,62,35
"ENSMUSG00000036977",237,252,273,252,282,227
"ENSMUSG00000036980",548,594,681,647,674,476
"ENSMUSG00000036983",151,191,166,208,189,118
"ENSMUSG00000036985",745,679,657,611,539,512
"ENSMUSG00000036986",1638,1268,1923,1149,1467,993
"ENSMUSG00000036989",687,473,271,375,437,386
"ENSMUSG00000036990",4538,4183,4989,4323,3915,4244
"ENSMUSG00000036992",155,96,290,210,164,128
"ENSMUSG00000036995",135,85,154,118,99,107
"ENSMUSG00000037001",245,112,159,158,184,121
"ENSMUSG00000037003",2927,2422,968,1251,1776,1769
"ENSMUSG00000037005",10,41,111,130,101,152
"ENSMUSG00000037007",489,400,392,383,461,268
"ENSMUSG00000037010",32,20,35,18,23,19
"ENSMUSG00000037012",2296,2164,2266,2284,2529,2512
"ENSMUSG00000037013",1802,1648,1882,1892,1890,1697
"ENSMUSG00000037016",639,674,92,149,520,281
"ENSMUSG00000037017",462,406,317,330,360,322
"ENSMUSG00000037020",80,82,191,138,88,56
"ENSMUSG00000037022",385,380,533,586,492,394
"ENSMUSG00000037029",750,677,910,755,767,724
"ENSMUSG00000037031",183,112,207,251,134,143
"ENSMUSG00000037032",277,141,25,46,118,136
"ENSMUSG00000037035",98,63,488,273,196,152
"ENSMUSG00000037049",645,560,398,451,525,563
"ENSMUSG00000037053",139,642,10,16,11,6
"ENSMUSG00000037058",2090,2018,1917,1991,2154,2095
"ENSMUSG00000037060",207,169,235,199,182,155
"ENSMUSG00000037062",3086,2991,3983,3149,3902,3486
"ENSMUSG00000037070",606,591,669,544,515,451
"ENSMUSG00000037071",8307,6336,4086,5719,2422,3141
"ENSMUSG00000037072",3467,3027,3946,4098,3709,3471
"ENSMUSG00000037075",1275,1039,1031,1077,1405,1195
"ENSMUSG00000037085",90,64,107,80,97,79
"ENSMUSG00000037089",484,386,505,497,506,490
"ENSMUSG00000037095",89,64,247,136,43,35
"ENSMUSG00000037096",76,83,90,69,86,88
"ENSMUSG00000037098",879,825,779,936,1018,822
"ENSMUSG00000037103",287,242,281,328,288,252
"ENSMUSG00000037104",788,646,1472,1236,1355,1028
"ENSMUSG00000037108",59,48,68,85,40,54
"ENSMUSG00000037110",1326,1126,752,910,1009,1000
"ENSMUSG00000037111",2540,2331,2554,2935,3289,2816
"ENSMUSG00000037112",1335,1209,1065,1154,1444,1218
"ENSMUSG00000037119",4228,4254,4160,4155,3736,4074
"ENSMUSG00000037126",520,558,232,314,327,530
"ENSMUSG00000037129",437,351,895,812,346,256
"ENSMUSG00000037134",416,313,513,559,444,386
"ENSMUSG00000037138",216,188,409,334,137,313
"ENSMUSG00000037145",119,8,42,15,2,2
"ENSMUSG00000037148",544,530,533,542,637,609
"ENSMUSG00000037149",1484,1612,2536,2019,1778,1567
"ENSMUSG00000037151",68,76,145,140,73,75
"ENSMUSG00000037152",388,454,575,551,497,407
"ENSMUSG00000037157",19,9,105,32,6,12
"ENSMUSG00000037166",30,17,0,6,13,12
"ENSMUSG00000037171",30,25,4,3,6,16
"ENSMUSG00000037172",1173,1015,661,928,947,851
"ENSMUSG00000037174",2088,1942,1942,2207,2185,2300
"ENSMUSG00000037185",21,27,29,27,9,30
"ENSMUSG00000037188",9,18,169,191,21,18
"ENSMUSG00000037190",76,64,93,99,81,72
"ENSMUSG00000037196",16,15,11,12,2,6
"ENSMUSG00000037197",1104,1097,1328,1138,1169,1060
"ENSMUSG00000037204",332,266,271,263,302,346
"ENSMUSG00000037206",320,329,93,112,167,280
"ENSMUSG00000037210",2050,1703,1779,1847,2196,2019
"ENSMUSG00000037211",6996,5579,1212,2034,5799,4911
"ENSMUSG00000037214",182,196,179,174,216,166
"ENSMUSG00000037216",81,55,73,75,42,56
"ENSMUSG00000037217",23,30,18,19,18,15
"ENSMUSG00000037221",230,147,323,279,216,223
"ENSMUSG00000037225",185,217,79,83,90,94
"ENSMUSG00000037234",5113,4618,3567,3795,5599,4577
"ENSMUSG00000037235",5292,3889,3701,5006,6313,5153
"ENSMUSG00000037236",6148,6187,6746,6176,6143,5814
"ENSMUSG00000037239",139,151,54,97,87,134
"ENSMUSG00000037242",6323,9139,6507,7043,6549,8931
"ENSMUSG00000037243",240,175,327,312,184,181
"ENSMUSG00000037251",301,303,340,350,370,249
"ENSMUSG00000037253",2235,2207,2690,2663,2832,2699
"ENSMUSG00000037254",480,1323,595,1018,561,474
"ENSMUSG00000037257",506,442,539,469,516,377
"ENSMUSG00000037259",98,99,27,39,74,72
"ENSMUSG00000037260",591,483,502,512,542,566
"ENSMUSG00000037262",212,215,253,261,216,216
"ENSMUSG00000037266",3974,4149,2455,3439,2785,3410
"ENSMUSG00000037270",5752,5254,3542,4121,5258,5863
"ENSMUSG00000037275",793,826,1202,954,759,567
"ENSMUSG00000037278",228,308,288,179,131,134
"ENSMUSG00000037279",125,83,44,61,85,79
"ENSMUSG00000037286",3457,3786,3610,3407,4065,3951
"ENSMUSG00000037287",703,632,453,479,692,598
"ENSMUSG00000037295",1830,1295,1003,1036,1603,1310
"ENSMUSG00000037296",240,253,257,257,260,229
"ENSMUSG00000037300",441,441,875,840,682,607
"ENSMUSG00000037306",1214,967,401,736,528,556
"ENSMUSG00000037313",86,115,621,366,179,134
"ENSMUSG00000037315",364,317,369,313,332,301
"ENSMUSG00000037316",1043,1073,868,695,1052,923
"ENSMUSG00000037318",115,188,132,125,94,147
"ENSMUSG00000037321",370,283,1335,435,306,287
"ENSMUSG00000037325",52,64,87,93,90,66
"ENSMUSG00000037326",1062,774,879,896,822,729
"ENSMUSG00000037331",4418,4323,6712,4984,5837,4672
"ENSMUSG00000037336",111,69,24,12,77,47
"ENSMUSG00000037339",447,427,462,455,414,352
"ENSMUSG00000037341",191,284,125,130,108,57
"ENSMUSG00000037343",1055,1113,1345,1469,1359,1112
"ENSMUSG00000037344",175,137,166,146,149,112
"ENSMUSG00000037348",1280,956,458,643,911,795
"ENSMUSG00000037349",155,87,131,109,131,102
"ENSMUSG00000037351",844,748,1002,1114,979,877
"ENSMUSG00000037353",546,445,351,375,358,288
"ENSMUSG00000037355",1180,1111,870,924,786,907
"ENSMUSG00000037361",619,561,1373,1132,783,733
"ENSMUSG00000037363",308,234,80,113,179,224
"ENSMUSG00000037364",1428,1255,1866,1802,1388,1396
"ENSMUSG00000037366",347,362,433,434,385,355
"ENSMUSG00000037369",2600,2480,1574,1844,2121,2183
"ENSMUSG00000037370",4925,3684,2246,2418,2898,3060
"ENSMUSG00000037373",2550,2343,2499,2510,2466,2140
"ENSMUSG00000037375",182,155,105,112,101,70
"ENSMUSG00000037376",392,415,890,595,715,438
"ENSMUSG00000037379",4710,5292,397,505,1084,1169
"ENSMUSG00000037386",20,26,10,11,5,5
"ENSMUSG00000037395",1306,1083,753,795,1129,1162
"ENSMUSG00000037400",2008,2030,2397,2306,2214,2351
"ENSMUSG00000037405",3730,4581,4136,2023,3287,3599
"ENSMUSG00000037406",21,18,9,10,10,9
"ENSMUSG00000037408",969,1126,705,799,902,990
"ENSMUSG00000037410",2213,1896,1577,1641,2015,1826
"ENSMUSG00000037411",71,515,342,375,197,495
"ENSMUSG00000037415",896,796,900,820,825,803
"ENSMUSG00000037416",3588,3749,2839,2920,3687,3281
"ENSMUSG00000037418",27,26,11,12,14,47
"ENSMUSG00000037419",1548,1464,2456,2093,2180,1567
"ENSMUSG00000037426",1186,1149,816,999,1087,830
"ENSMUSG00000037432",120,132,80,126,133,155
"ENSMUSG00000037434",679,854,752,603,612,1013
"ENSMUSG00000037440",349,294,34,16,48,62
"ENSMUSG00000037443",174,174,339,305,242,179
"ENSMUSG00000037446",14,16,5,8,10,6
"ENSMUSG00000037447",1997,2565,885,1465,1386,1758
"ENSMUSG00000037455",308,377,364,387,348,213
"ENSMUSG00000037458",6357,9730,5768,6848,7341,11187
"ENSMUSG00000037461",714,819,1367,1126,850,732
"ENSMUSG00000037465",1364,1485,1927,1513,1695,1830
"ENSMUSG00000037466",60,46,241,203,107,60
"ENSMUSG00000037470",5527,6502,4472,4567,4311,4189
"ENSMUSG00000037474",130,281,898,480,250,195
"ENSMUSG00000037475",4549,4783,4154,4329,4788,5047
"ENSMUSG00000037486",2136,1907,2140,2020,2157,1765
"ENSMUSG00000037487",7734,8222,8594,7812,8583,9561
"ENSMUSG00000037490",382,464,336,326,608,288
"ENSMUSG00000037493",223,119,155,145,213,181
"ENSMUSG00000037499",288,254,294,265,321,316
"ENSMUSG00000037503",3586,3524,3282,3272,3658,3372
"ENSMUSG00000037509",1273,1079,1584,1443,1460,1362
"ENSMUSG00000037514",728,722,1107,981,1001,697
"ENSMUSG00000037519",2276,2251,3238,3237,2874,2784
"ENSMUSG00000037523",704,590,567,627,544,412
"ENSMUSG00000037525",42,29,47,40,43,19
"ENSMUSG00000037526",391,314,249,308,328,309
"ENSMUSG00000037531",707,634,1078,953,794,609
"ENSMUSG00000037533",2808,2787,2077,1939,2057,2316
"ENSMUSG00000037536",391,579,613,615,447,521
"ENSMUSG00000037541",134,89,48,63,42,62
"ENSMUSG00000037544",30,59,438,385,138,98
"ENSMUSG00000037548",9,12,22,22,18,8
"ENSMUSG00000037552",1189,925,714,800,1048,1147
"ENSMUSG00000037553",568,525,752,593,645,429
"ENSMUSG00000037563",2901,2982,3460,3027,3157,3173
"ENSMUSG00000037568",71,52,42,57,53,117
"ENSMUSG00000037570",490,408,535,489,461,426
"ENSMUSG00000037572",153,180,509,340,151,140
"ENSMUSG00000037573",3499,3746,1772,1990,2310,3311
"ENSMUSG00000037577",20,20,6,3,13,18
"ENSMUSG00000037580",106,200,276,174,69,178
"ENSMUSG00000037593",13,9,9,10,10,2
"ENSMUSG00000037594",111,87,147,101,170,133
"ENSMUSG00000037600",526,373,495,575,533,389
"ENSMUSG00000037601",250,267,842,540,236,201
"ENSMUSG00000037605",15,16,9,4,40,35
"ENSMUSG00000037606",1087,894,875,803,790,701
"ENSMUSG00000037608",6059,7021,6331,6192,6165,6000
"ENSMUSG00000037613",37,55,191,170,36,35
"ENSMUSG00000037617",229,117,123,155,144,223
"ENSMUSG00000037621",389,229,13,27,57,88
"ENSMUSG00000037622",1067,894,879,836,896,689
"ENSMUSG00000037624",344,286,101,121,490,406
"ENSMUSG00000037628",7,8,40,40,27,8
"ENSMUSG00000037636",35,32,19,18,25,16
"ENSMUSG00000037638",841,565,473,521,687,636
"ENSMUSG00000037640",539,403,583,602,650,441
"ENSMUSG00000037643",8920,8554,5931,6135,8101,9285
"ENSMUSG00000037646",3446,3415,3093,2558,3053,3124
"ENSMUSG00000037649",46,35,47,31,25,16
"ENSMUSG00000037652",6860,5977,3852,4274,5341,4815
"ENSMUSG00000037656",1712,1447,1775,1530,1560,1451
"ENSMUSG00000037660",93,85,4,4,21,30
"ENSMUSG00000037661",284,194,182,167,126,149
"ENSMUSG00000037664",635,235,662,1071,1280,1252
"ENSMUSG00000037669",518,544,620,644,564,492
"ENSMUSG00000037674",2808,2959,2973,2612,2940,3205
"ENSMUSG00000037679",1617,1758,1382,1574,2217,1590
"ENSMUSG00000037681",331,367,499,741,325,387
"ENSMUSG00000037685",1137,1241,419,375,537,454
"ENSMUSG00000037692",1911,1615,1586,1644,2657,1753
"ENSMUSG00000037697",733,754,472,607,647,618
"ENSMUSG00000037703",263,215,80,157,197,248
"ENSMUSG00000037706",2954,2478,3506,3358,2763,2230
"ENSMUSG00000037709",782,699,288,370,597,561
"ENSMUSG00000037710",330,304,422,375,400,306
"ENSMUSG00000037712",1857,1856,870,1186,1387,1574
"ENSMUSG00000037720",1725,1766,2086,2211,2223,1656
"ENSMUSG00000037722",427,438,635,546,409,452
"ENSMUSG00000037725",34,95,709,518,351,205
"ENSMUSG00000037730",915,862,730,778,990,730
"ENSMUSG00000037735",111,77,146,128,209,194
"ENSMUSG00000037736",1007,1051,380,602,381,428
"ENSMUSG00000037740",364,309,418,334,325,297
"ENSMUSG00000037742",65561,68284,79209,73628,69129,78650
"ENSMUSG00000037747",42,30,10,15,14,21
"ENSMUSG00000037750",522,471,470,508,529,373
"ENSMUSG00000037752",56,44,24,28,32,30
"ENSMUSG00000037754",92,49,16,18,25,14
"ENSMUSG00000037761",224,152,122,166,141,125
"ENSMUSG00000037762",211,506,404,422,537,604
"ENSMUSG00000037772",195,141,244,202,222,165
"ENSMUSG00000037773",251,212,187,178,195,173
"ENSMUSG00000037784",311,226,627,561,467,460
"ENSMUSG00000037787",257,240,346,350,330,277
"ENSMUSG00000037788",737,667,962,1118,832,669
"ENSMUSG00000037791",2150,1872,1639,1685,1968,1893
"ENSMUSG00000037795",1560,1299,1217,1277,1377,1383
"ENSMUSG00000037805",4748,4765,6072,5104,4976,6118
"ENSMUSG00000037808",1027,891,1134,1114,1092,1134
"ENSMUSG00000037813",21,27,6,4,21,31
"ENSMUSG00000037815",12008,11582,11264,10543,10882,11360
"ENSMUSG00000037816",119,87,202,105,165,69
"ENSMUSG00000037818",237,163,110,132,136,134
"ENSMUSG00000037820",25448,23980,13184,13298,34518,26552
"ENSMUSG00000037822",2586,2646,1679,2129,2343,2220
"ENSMUSG00000037824",1835,1665,1753,1881,1738,1483
"ENSMUSG00000037826",847,849,703,803,676,718
"ENSMUSG00000037827",14,20,21,18,17,15
"ENSMUSG00000037833",117,106,44,64,121,111
"ENSMUSG00000037845",96,97,123,138,85,98
"ENSMUSG00000037846",12,13,19,20,9,16
"ENSMUSG00000037847",306,279,138,181,178,240
"ENSMUSG00000037851",1340,1514,2130,1730,1324,1109
"ENSMUSG00000037852",3517,1623,5474,6696,6421,6382
"ENSMUSG00000037855",150,179,43,23,30,46
"ENSMUSG00000037857",3877,4229,3434,3309,3877,3925
"ENSMUSG00000037860",20,83,22,6,2,2
"ENSMUSG00000037868",1707,2386,1005,1367,1916,2236
"ENSMUSG00000037876",5555,6348,4612,5433,4878,6789
"ENSMUSG00000037885",755,756,877,859,891,650
"ENSMUSG00000037887",1231,1385,806,1369,1038,1043
"ENSMUSG00000037890",498,493,347,369,460,407
"ENSMUSG00000037892",1503,1029,921,1039,1499,938
"ENSMUSG00000037894",1006,899,2300,1861,1208,1149
"ENSMUSG00000037896",2232,2427,2953,3125,3065,2752
"ENSMUSG00000037902",1878,1646,2030,1889,2390,1904
"ENSMUSG00000037904",101,94,92,84,79,88
"ENSMUSG00000037905",475,409,724,591,418,394
"ENSMUSG00000037907",175,145,440,428,267,214
"ENSMUSG00000037916",964,928,1571,1302,1158,951
"ENSMUSG00000037921",120,22,406,96,15,18
"ENSMUSG00000037922",24,27,10,16,3,3
"ENSMUSG00000037926",2974,2710,2069,2268,2543,2428
"ENSMUSG00000037933",2236,2358,2106,2073,2914,2410
"ENSMUSG00000037935",1362,1318,1966,2014,1541,1566
"ENSMUSG00000037936",337,209,368,370,126,105
"ENSMUSG00000037938",249,225,228,203,213,150
"ENSMUSG00000037940",279,120,246,166,324,187
"ENSMUSG00000037946",102,58,25,24,87,25
"ENSMUSG00000037949",430,404,298,256,299,296
"ENSMUSG00000037957",497,418,461,469,485,421
"ENSMUSG00000037958",835,884,693,700,763,736
"ENSMUSG00000037960",327,200,145,174,168,201
"ENSMUSG00000037962",82,64,35,57,52,41
"ENSMUSG00000037965",2033,1924,2139,2367,1833,1864
"ENSMUSG00000037966",666,521,357,310,310,429
"ENSMUSG00000037971",416,408,348,379,331,358
"ENSMUSG00000037972",257,194,892,924,949,684
"ENSMUSG00000037973",7,4,130,106,20,22
"ENSMUSG00000037977",9,21,6,10,8,11
"ENSMUSG00000037979",70,69,29,44,39,30
"ENSMUSG00000037982",287,284,269,249,259,258
"ENSMUSG00000037989",1118,820,212,420,579,797
"ENSMUSG00000037990",215,178,88,134,173,230
"ENSMUSG00000037991",19,27,58,27,33,12
"ENSMUSG00000037992",520,475,906,709,822,564
"ENSMUSG00000037993",1029,918,945,867,963,923
"ENSMUSG00000037995",168,129,323,397,108,101
"ENSMUSG00000037997",261,272,353,318,318,271
"ENSMUSG00000037999",1913,2201,1709,1777,1747,1851
"ENSMUSG00000038000",250,205,276,243,205,195
"ENSMUSG00000038002",1505,1365,1235,1242,1274,1214
"ENSMUSG00000038005",590,514,1032,902,761,618
"ENSMUSG00000038007",343,343,265,191,213,157
"ENSMUSG00000038010",122,122,103,140,133,134
"ENSMUSG00000038013",1225,1288,1240,1200,1495,1197
"ENSMUSG00000038014",6444,6608,10639,9478,8177,7972
"ENSMUSG00000038020",842,833,1359,1334,1682,1291
"ENSMUSG00000038022",448,313,207,289,373,349
"ENSMUSG00000038023",983,967,1256,1260,1390,1186
"ENSMUSG00000038024",2509,2087,2098,2055,2506,2237
"ENSMUSG00000038025",2328,2168,1884,1889,2390,2369
"ENSMUSG00000038028",109,147,221,145,123,95
"ENSMUSG00000038034",370,288,718,530,286,242
"ENSMUSG00000038037",57,78,103,35,57,123
"ENSMUSG00000038039",2060,2100,1528,1716,1776,1715
"ENSMUSG00000038042",126,145,95,87,98,95
"ENSMUSG00000038046",377,297,199,239,286,438
"ENSMUSG00000038047",528,631,907,677,540,521
"ENSMUSG00000038055",322,200,283,324,406,288
"ENSMUSG00000038056",10098,10279,6979,8166,9034,9668
"ENSMUSG00000038057",40,44,28,30,45,51
"ENSMUSG00000038058",760,648,715,649,568,575
"ENSMUSG00000038059",222,92,527,460,257,201
"ENSMUSG00000038060",29,29,24,35,14,15
"ENSMUSG00000038064",31,18,12,8,20,31
"ENSMUSG00000038065",2151,1703,453,574,1820,1688
"ENSMUSG00000038067",41,57,235,61,74,91
"ENSMUSG00000038068",1159,893,1626,1537,1464,1162
"ENSMUSG00000038069",1219,1425,696,697,836,1188
"ENSMUSG00000038070",622,484,805,648,731,761
"ENSMUSG00000038072",1104,1435,560,679,681,1091
"ENSMUSG00000038074",79,104,123,144,84,111
"ENSMUSG00000038077",26,27,7,3,19,16
"ENSMUSG00000038079",239,252,246,235,299,268
"ENSMUSG00000038080",764,756,680,755,775,643
"ENSMUSG00000038084",2174,2247,2108,2098,2224,2127
"ENSMUSG00000038085",517,341,206,190,257,312
"ENSMUSG00000038095",4710,4977,4689,4538,5627,5475
"ENSMUSG00000038102",1273,1235,1394,1312,1265,1122
"ENSMUSG00000038116",1554,1632,1044,1048,1333,1342
"ENSMUSG00000038119",1081,1099,1097,1162,1485,1448
"ENSMUSG00000038121",1455,1457,1483,1555,1668,1259
"ENSMUSG00000038122",475,604,464,431,476,479
"ENSMUSG00000038126",276,368,677,596,546,489
"ENSMUSG00000038127",4448,4119,3756,3716,4543,4196
"ENSMUSG00000038128",5484,4738,614,1283,3674,4113
"ENSMUSG00000038132",7,3,56,38,16,16
"ENSMUSG00000038141",161,154,588,510,459,389
"ENSMUSG00000038143",2061,1919,1718,1884,1766,1878
"ENSMUSG00000038145",1308,987,1167,1125,953,843
"ENSMUSG00000038146",486,191,374,244,87,72
"ENSMUSG00000038147",10,9,19,26,3,2
"ENSMUSG00000038150",1419,1167,1056,1216,1277,1339
"ENSMUSG00000038151",381,493,150,170,283,541
"ENSMUSG00000038152",51,67,68,80,89,76
"ENSMUSG00000038155",73,66,43,56,55,79
"ENSMUSG00000038156",327,351,137,161,272,229
"ENSMUSG00000038160",1203,1068,1949,2089,1705,1589
"ENSMUSG00000038167",616,538,598,575,770,570
"ENSMUSG00000038168",201,140,301,153,305,226
"ENSMUSG00000038170",1652,1367,965,1301,1108,1037
"ENSMUSG00000038172",881,739,1732,908,877,958
"ENSMUSG00000038174",1207,1221,769,749,1065,982
"ENSMUSG00000038175",1282,1000,3001,2979,2339,2101
"ENSMUSG00000038178",407,340,1858,1639,963,678
"ENSMUSG00000038181",890,814,627,627,615,649
"ENSMUSG00000038187",343,326,542,514,482,377
"ENSMUSG00000038195",19,9,12,6,15,12
"ENSMUSG00000038201",23,15,11,15,18,18
"ENSMUSG00000038203",833,683,820,742,1143,841
"ENSMUSG00000038205",663,748,528,819,710,954
"ENSMUSG00000038206",513,455,350,387,505,448
"ENSMUSG00000038208",184,175,202,187,151,124
"ENSMUSG00000038209",4,385,73,0,176,9
"ENSMUSG00000038210",288,252,247,190,234,229
"ENSMUSG00000038212",1480,1352,1702,1549,1753,1365
"ENSMUSG00000038213",241,258,510,320,283,259
"ENSMUSG00000038214",480,521,801,586,506,577
"ENSMUSG00000038215",305,253,240,301,278,268
"ENSMUSG00000038217",233,238,350,321,176,373
"ENSMUSG00000038225",380,386,360,313,319,265
"ENSMUSG00000038227",841,673,791,815,810,711
"ENSMUSG00000038235",4772,4002,3173,3322,3551,3477
"ENSMUSG00000038236",420,325,338,318,347,277
"ENSMUSG00000038239",16,17,14,11,5,11
"ENSMUSG00000038240",199,200,173,170,176,153
"ENSMUSG00000038241",672,528,411,367,496,412
"ENSMUSG00000038244",282,211,647,406,215,240
"ENSMUSG00000038248",20,66,24,47,31,98
"ENSMUSG00000038250",1421,1477,1134,1161,1307,1245
"ENSMUSG00000038252",690,704,2098,1973,1540,1476
"ENSMUSG00000038253",179,114,77,81,68,101
"ENSMUSG00000038256",1313,1065,1310,1069,1281,1204
"ENSMUSG00000038257",8,4,17,12,15,18
"ENSMUSG00000038260",829,512,595,585,486,341
"ENSMUSG00000038264",75,23,21,23,13,21
"ENSMUSG00000038267",476,443,907,887,752,412
"ENSMUSG00000038268",325,330,348,389,309,258
"ENSMUSG00000038271",62,54,12,26,16,34
"ENSMUSG00000038274",4114,3589,3765,3439,3558,4192
"ENSMUSG00000038279",479,473,1028,665,581,442
"ENSMUSG00000038280",634,650,890,989,870,669
"ENSMUSG00000038286",360,329,353,367,362,314
"ENSMUSG00000038290",2368,2366,1523,1603,1888,2015
"ENSMUSG00000038291",287,254,331,332,263,216
"ENSMUSG00000038296",3595,3508,997,1422,1807,2063
"ENSMUSG00000038298",418,641,269,300,293,224
"ENSMUSG00000038299",914,909,1814,1240,925,858
"ENSMUSG00000038301",470,404,701,440,280,224
"ENSMUSG00000038302",173,166,187,198,159,115
"ENSMUSG00000038304",42,45,19,28,19,27
"ENSMUSG00000038305",763,720,231,256,522,511
"ENSMUSG00000038311",14,25,16,7,18,21
"ENSMUSG00000038312",740,917,561,676,594,412
"ENSMUSG00000038319",27,26,12,8,7,11
"ENSMUSG00000038323",162,149,236,191,203,115
"ENSMUSG00000038324",2334,1969,2008,2048,2037,1792
"ENSMUSG00000038331",80,186,121,197,129,136
"ENSMUSG00000038332",1713,1427,936,1154,1772,1617
"ENSMUSG00000038335",1131,1295,1768,1171,1032,891
"ENSMUSG00000038342",2479,2128,1523,1578,2165,2070
"ENSMUSG00000038344",799,806,559,651,685,668
"ENSMUSG00000038346",1249,1105,1214,1306,1308,1128
"ENSMUSG00000038347",98,90,33,31,57,19
"ENSMUSG00000038349",104,60,14,27,40,35
"ENSMUSG00000038351",581,635,782,947,745,593
"ENSMUSG00000038352",21,16,9,15,5,12
"ENSMUSG00000038354",96,101,79,84,40,57
"ENSMUSG00000038365",426,345,360,373,386,371
"ENSMUSG00000038366",2664,2378,3545,3468,2873,2680
"ENSMUSG00000038368",737,845,905,677,646,516
"ENSMUSG00000038369",3011,2676,2432,2366,2721,2595
"ENSMUSG00000038370",24,18,10,42,87,86
"ENSMUSG00000038371",3083,2805,2276,2275,2597,2864
"ENSMUSG00000038372",317,369,402,359,302,249
"ENSMUSG00000038374",737,784,887,847,873,710
"ENSMUSG00000038375",980,1653,2084,2268,1707,1519
"ENSMUSG00000038379",10,49,290,215,83,59
"ENSMUSG00000038383",781,651,947,849,711,641
"ENSMUSG00000038384",2196,1628,1451,1374,1720,1470
"ENSMUSG00000038387",1154,1239,617,676,851,804
"ENSMUSG00000038388",879,875,1093,954,1021,997
"ENSMUSG00000038390",29,26,10,19,16,21
"ENSMUSG00000038393",15648,7879,5689,5704,10691,7772
"ENSMUSG00000038398",463,433,522,567,594,641
"ENSMUSG00000038400",146,201,3122,2664,344,515
"ENSMUSG00000038406",1553,1449,1316,1273,1365,1214
"ENSMUSG00000038412",289,311,506,496,386,367
"ENSMUSG00000038415",341,595,1598,1559,501,784
"ENSMUSG00000038416",978,912,1324,1340,1067,887
"ENSMUSG00000038417",503,538,424,422,425,416
"ENSMUSG00000038418",107147,82908,38550,50133,67737,68478
"ENSMUSG00000038422",68,40,46,28,41,28
"ENSMUSG00000038425",133,170,130,114,123,80
"ENSMUSG00000038429",1043,1115,1639,1473,1246,1152
"ENSMUSG00000038437",2583,2256,1436,1508,2327,2173
"ENSMUSG00000038446",1230,1247,917,1040,922,951
"ENSMUSG00000038451",57,52,41,50,51,43
"ENSMUSG00000038453",56,82,34,112,80,88
"ENSMUSG00000038456",24,29,14,6,11,5
"ENSMUSG00000038457",865,739,401,501,897,641
"ENSMUSG00000038459",985,905,1351,1215,840,663
"ENSMUSG00000038462",1107,948,1509,1224,992,871
"ENSMUSG00000038463",81,60,65,56,25,56
"ENSMUSG00000038467",2773,3116,3144,2881,2309,2609
"ENSMUSG00000038473",112,120,90,122,131,168
"ENSMUSG00000038481",2178,2330,3313,3559,2603,2544
"ENSMUSG00000038482",862,968,2677,1991,1454,1106
"ENSMUSG00000038485",2472,2639,1329,1587,2532,2676
"ENSMUSG00000038486",14,13,14,14,7,14
"ENSMUSG00000038489",120,95,93,99,104,125
"ENSMUSG00000038491",85,91,120,138,87,110
"ENSMUSG00000038495",1865,1499,1579,1557,1631,1518
"ENSMUSG00000038496",31,20,13,11,10,12
"ENSMUSG00000038497",476,395,446,541,580,484
"ENSMUSG00000038500",354,270,232,263,209,233
"ENSMUSG00000038502",1149,949,1322,1310,1166,1037
"ENSMUSG00000038503",870,669,892,838,715,583
"ENSMUSG00000038506",270,283,317,313,411,288
"ENSMUSG00000038507",555,367,1060,452,347,280
"ENSMUSG00000038508",15,21,12,15,16,9
"ENSMUSG00000038510",250,238,589,398,273,226
"ENSMUSG00000038515",1273,1364,1509,1644,1379,1454
"ENSMUSG00000038517",37,23,21,10,22,12
"ENSMUSG00000038518",1229,1330,781,1012,1044,941
"ENSMUSG00000038520",825,568,420,414,509,458
"ENSMUSG00000038521",430,488,347,175,158,157
"ENSMUSG00000038524",229,169,117,141,142,159
"ENSMUSG00000038525",518,466,517,508,429,448
"ENSMUSG00000038526",68,64,84,87,74,64
"ENSMUSG00000038527",51,9,19,18,17,25
"ENSMUSG00000038530",135,25,12,24,9,8
"ENSMUSG00000038533",1471,1309,1154,1134,1469,1287
"ENSMUSG00000038534",311,251,263,253,226,214
"ENSMUSG00000038535",1638,1547,1420,1426,1473,1320
"ENSMUSG00000038538",3545,3204,3505,3640,4264,3490
"ENSMUSG00000038539",240,284,250,224,181,168
"ENSMUSG00000038540",338,228,64,110,130,160
"ENSMUSG00000038541",19,15,12,4,10,8
"ENSMUSG00000038542",518,482,405,426,521,380
"ENSMUSG00000038544",265,239,588,436,406,268
"ENSMUSG00000038545",1048,811,807,834,1169,888
"ENSMUSG00000038546",1388,1436,1322,1487,1386,1708
"ENSMUSG00000038550",18,30,24,14,13,14
"ENSMUSG00000038552",167,108,57,92,138,114
"ENSMUSG00000038555",35,20,19,19,13,21
"ENSMUSG00000038563",520,498,729,676,542,490
"ENSMUSG00000038564",1039,1107,776,881,1055,935
"ENSMUSG00000038569",493,477,358,355,435,373
"ENSMUSG00000038570",64,64,37,56,43,44
"ENSMUSG00000038576",30,21,172,67,41,27
"ENSMUSG00000038578",85,104,83,61,56,37
"ENSMUSG00000038582",1001,958,1085,945,1179,944
"ENSMUSG00000038583",64,32,29,26,27,24
"ENSMUSG00000038587",317,746,68,72,74,208
"ENSMUSG00000038593",545,447,323,395,466,438
"ENSMUSG00000038594",813,879,417,390,553,682
"ENSMUSG00000038600",87,52,18,27,60,85
"ENSMUSG00000038602",12,16,3,11,10,15
"ENSMUSG00000038604",654,574,444,529,527,605
"ENSMUSG00000038605",278,314,153,155,155,101
"ENSMUSG00000038607",257,244,295,236,197,189
"ENSMUSG00000038608",42,32,29,27,28,16
"ENSMUSG00000038611",4164,3740,3047,3100,3636,3961
"ENSMUSG00000038612",8577,9542,5446,5750,6455,6744
"ENSMUSG00000038615",5479,6037,5489,5248,5888,4975
"ENSMUSG00000038618",1090,625,599,591,784,787
"ENSMUSG00000038619",1441,1570,1294,1518,1635,1352
"ENSMUSG00000038622",180,161,303,257,180,141
"ENSMUSG00000038623",345,293,154,155,260,264
"ENSMUSG00000038628",471,465,866,808,594,567
"ENSMUSG00000038633",1005,1000,1626,1287,1131,1050
"ENSMUSG00000038637",87,78,78,84,99,83
"ENSMUSG00000038642",69,32,196,129,62,30
"ENSMUSG00000038644",237,242,574,408,287,146
"ENSMUSG00000038646",490,485,596,581,534,500
"ENSMUSG00000038648",3149,3861,1870,2379,2183,2394
"ENSMUSG00000038650",1515,1288,2545,2347,1454,1304
"ENSMUSG00000038658",2080,2057,1620,1811,2150,2372
"ENSMUSG00000038664",4872,4637,3932,3627,4535,4222
"ENSMUSG00000038665",321,455,109,146,292,272
"ENSMUSG00000038668",133,173,99,122,33,57
"ENSMUSG00000038671",470,456,442,456,479,362
"ENSMUSG00000038677",62,58,21,43,49,50
"ENSMUSG00000038679",1931,2140,4351,3849,3764,3211
"ENSMUSG00000038683",765,760,977,812,789,678
"ENSMUSG00000038685",371,341,518,428,290,243
"ENSMUSG00000038690",596,665,833,822,637,612
"ENSMUSG00000038692",57,39,29,46,31,18
"ENSMUSG00000038695",133,147,195,220,174,171
"ENSMUSG00000038696",1166,1242,1432,1378,1516,1463
"ENSMUSG00000038697",666,646,688,522,563,576
"ENSMUSG00000038700",53,44,32,32,57,30
"ENSMUSG00000038702",666,639,546,634,623,694
"ENSMUSG00000038705",688,778,557,644,588,546
"ENSMUSG00000038708",4814,5522,4390,4856,4473,4645
"ENSMUSG00000038712",1775,1426,1145,1136,1542,1121
"ENSMUSG00000038717",367,420,575,567,445,447
"ENSMUSG00000038718",86,109,152,181,184,195
"ENSMUSG00000038721",45,46,58,36,53,22
"ENSMUSG00000038722",824,893,795,799,746,787
"ENSMUSG00000038725",36,34,27,12,17,19
"ENSMUSG00000038729",2399,2811,1573,1418,2827,2422
"ENSMUSG00000038732",1396,1078,1580,1385,941,941
"ENSMUSG00000038733",6632,6448,6383,6323,6988,7357
"ENSMUSG00000038736",667,829,1297,936,692,666
"ENSMUSG00000038738",84,78,27,53,130,178
"ENSMUSG00000038740",744,528,1043,1016,1029,954
"ENSMUSG00000038742",60,49,68,36,48,51
"ENSMUSG00000038759",1291,1490,2819,2222,1879,1663
"ENSMUSG00000038762",1671,1637,2216,1934,1832,1519
"ENSMUSG00000038764",2543,2520,1660,1604,1638,1830
"ENSMUSG00000038766",2702,2432,2451,2497,2733,2563
"ENSMUSG00000038770",148,137,173,169,129,120
"ENSMUSG00000038773",3318,3101,2879,2656,3085,3098
"ENSMUSG00000038774",2124,2455,2552,2149,2056,2115
"ENSMUSG00000038775",108,78,886,861,76,72
"ENSMUSG00000038776",3106,2404,1130,1293,2094,1846
"ENSMUSG00000038777",62,57,7,24,18,21
"ENSMUSG00000038780",1188,1070,797,704,933,954
"ENSMUSG00000038781",537,552,790,693,399,492
"ENSMUSG00000038784",1467,1355,1285,1390,1560,1432
"ENSMUSG00000038797",81,59,66,85,71,53
"ENSMUSG00000038803",895,930,927,953,866,769
"ENSMUSG00000038806",1412,1981,959,1030,1057,976
"ENSMUSG00000038807",163,152,1220,2006,447,288
"ENSMUSG00000038812",813,802,712,704,693,630
"ENSMUSG00000038816",6867,6353,3009,3808,5209,5424
"ENSMUSG00000038822",835,801,678,783,808,714
"ENSMUSG00000038827",468,475,826,804,646,493
"ENSMUSG00000038828",1246,1139,1175,1330,1107,913
"ENSMUSG00000038831",109,92,101,100,75,51
"ENSMUSG00000038836",183,166,129,120,179,153
"ENSMUSG00000038838",246,197,383,342,311,249
"ENSMUSG00000038843",1331,1293,185,171,555,907
"ENSMUSG00000038844",1647,1683,1312,1310,1436,1400
"ENSMUSG00000038845",568,673,1108,910,650,573
"ENSMUSG00000038848",1514,1449,1605,1619,1630,1282
"ENSMUSG00000038855",789,702,614,634,741,570
"ENSMUSG00000038859",456,457,517,566,400,362
"ENSMUSG00000038860",74,71,28,18,41,50
"ENSMUSG00000038861",1699,1459,1369,1375,1575,1473
"ENSMUSG00000038866",1640,1470,1561,1435,1516,1426
"ENSMUSG00000038871",152,145,270,257,215,192
"ENSMUSG00000038872",6179,6572,2482,2745,4751,4747
"ENSMUSG00000038876",1523,1430,1528,1472,1631,1351
"ENSMUSG00000038879",278,288,521,377,182,153
"ENSMUSG00000038880",605,437,750,667,645,480
"ENSMUSG00000038884",301,173,333,252,219,261
"ENSMUSG00000038886",5933,6043,5508,7457,6270,6737
"ENSMUSG00000038888",101,55,99,83,80,50
"ENSMUSG00000038893",100,172,180,181,156,144
"ENSMUSG00000038894",11267,15856,1618,2554,6120,8671
"ENSMUSG00000038895",396,307,184,263,285,293
"ENSMUSG00000038900",6498,6482,8645,7541,7123,8260
"ENSMUSG00000038902",2368,2136,1975,2199,2409,2276
"ENSMUSG00000038903",496,424,132,216,249,266
"ENSMUSG00000038909",2216,2097,1789,1822,1879,1543
"ENSMUSG00000038910",541,505,174,204,568,468
"ENSMUSG00000038914",2688,2649,2260,2195,2667,2724
"ENSMUSG00000038917",31,23,4,7,26,15
"ENSMUSG00000038930",441,451,597,585,509,489
"ENSMUSG00000038936",316,267,347,374,409,303
"ENSMUSG00000038943",475,414,1478,1153,877,743
"ENSMUSG00000038949",1617,1541,1183,1336,1955,2197
"ENSMUSG00000038954",205,221,211,228,197,179
"ENSMUSG00000038957",1017,831,773,863,846,743
"ENSMUSG00000038963",6848,6041,2693,3092,7115,8354
"ENSMUSG00000038965",1498,1787,2545,2443,2008,1734
"ENSMUSG00000038967",539,501,198,289,295,249
"ENSMUSG00000038970",1180,1278,1201,1253,1145,922
"ENSMUSG00000038975",874,824,1168,975,669,695
"ENSMUSG00000038976",1830,1675,2531,2178,2433,1933
"ENSMUSG00000038980",48,49,44,22,25,14
"ENSMUSG00000038982",211,166,206,195,228,147
"ENSMUSG00000038987",73,62,70,79,44,53
"ENSMUSG00000038990",497,408,449,504,584,527
"ENSMUSG00000038991",2121,2355,2774,2700,2229,1707
"ENSMUSG00000039000",2282,2312,3109,2792,2945,2351
"ENSMUSG00000039001",1765,1758,1648,1501,1432,1553
"ENSMUSG00000039005",500,440,601,747,424,470
"ENSMUSG00000039007",279,383,294,336,278,298
"ENSMUSG00000039016",243,263,416,436,294,250
"ENSMUSG00000039018",125,154,157,137,133,115
"ENSMUSG00000039021",74,58,83,91,63,57
"ENSMUSG00000039031",1493,1402,633,728,911,1316
"ENSMUSG00000039033",216,257,235,235,228,194
"ENSMUSG00000039037",18,18,7,2,13,9
"ENSMUSG00000039041",685,622,851,782,728,640
"ENSMUSG00000039043",474,434,662,530,510,502
"ENSMUSG00000039046",1521,1314,1413,1679,1947,1731
"ENSMUSG00000039047",977,1025,1288,1261,1357,1109
"ENSMUSG00000039048",243,339,350,316,262,259
"ENSMUSG00000039050",1060,983,787,827,833,762
"ENSMUSG00000039055",271,289,568,473,280,287
"ENSMUSG00000039058",32,32,7,18,14,27
"ENSMUSG00000039062",2185,1657,6960,7220,4890,4512
"ENSMUSG00000039063",87,66,37,34,38,25
"ENSMUSG00000039065",169,169,151,174,165,125
"ENSMUSG00000039067",1348,1236,1821,1549,1228,1109
"ENSMUSG00000039068",3124,3014,2534,2196,2898,2772
"ENSMUSG00000039069",277,178,159,204,149,127
"ENSMUSG00000039081",2261,1715,1164,1155,1794,1880
"ENSMUSG00000039084",117,68,32,47,60,32
"ENSMUSG00000039086",196,152,148,219,196,203
"ENSMUSG00000039087",3460,3694,3855,3272,3358,3220
"ENSMUSG00000039089",1176,1184,1303,1419,1548,1544
"ENSMUSG00000039092",182,114,154,140,46,57
"ENSMUSG00000039096",227,179,187,179,254,194
"ENSMUSG00000039100",3963,3792,3198,3150,3756,3297
"ENSMUSG00000039103",959,826,777,635,453,689
"ENSMUSG00000039105",573,501,732,696,544,447
"ENSMUSG00000039108",496,501,753,685,767,586
"ENSMUSG00000039109",56,113,54,34,28,14
"ENSMUSG00000039110",37,40,33,61,30,32
"ENSMUSG00000039114",107,261,17,55,73,30
"ENSMUSG00000039115",158,131,10,11,55,62
"ENSMUSG00000039116",3765,3683,4158,4023,3360,3007
"ENSMUSG00000039117",1007,983,913,938,1191,1069
"ENSMUSG00000039126",52,64,113,81,43,56
"ENSMUSG00000039128",592,551,779,718,646,544
"ENSMUSG00000039130",243,170,264,199,236,172
"ENSMUSG00000039131",63,77,192,110,90,57
"ENSMUSG00000039133",20,21,26,20,22,18
"ENSMUSG00000039137",48,44,42,31,27,14
"ENSMUSG00000039145",2245,3209,1004,1427,1013,2176
"ENSMUSG00000039148",1084,946,998,888,1027,929
"ENSMUSG00000039153",586,484,953,864,584,489
"ENSMUSG00000039156",546,521,836,804,685,726
"ENSMUSG00000039157",1638,1424,1876,1659,1681,1662
"ENSMUSG00000039158",90,52,118,84,29,21
"ENSMUSG00000039159",2682,2965,3070,3121,2915,2728
"ENSMUSG00000039163",321,267,362,344,344,355
"ENSMUSG00000039164",312,323,226,203,215,200
"ENSMUSG00000039166",685,792,269,208,471,544
"ENSMUSG00000039167",228,108,25,24,33,27
"ENSMUSG00000039168",1572,1581,2151,2399,1676,1447
"ENSMUSG00000039176",1329,1199,1083,1161,1106,947
"ENSMUSG00000039178",568,558,443,518,513,457
"ENSMUSG00000039182",194,141,227,212,183,120
"ENSMUSG00000039183",273,221,401,310,250,155
"ENSMUSG00000039187",266,335,427,367,270,252
"ENSMUSG00000039191",1839,1697,1432,1300,1827,1681
"ENSMUSG00000039194",42,22,13,28,17,44
"ENSMUSG00000039195",514,432,641,656,609,561
"ENSMUSG00000039197",923,1113,900,961,855,745
"ENSMUSG00000039199",459,447,427,547,385,390
"ENSMUSG00000039201",292,228,224,186,253,165
"ENSMUSG00000039202",16103,21614,8222,11482,13265,12585
"ENSMUSG00000039205",1578,1339,1218,1394,1376,1432
"ENSMUSG00000039206",1098,1062,1353,1199,1171,944
"ENSMUSG00000039208",41,30,54,36,22,24
"ENSMUSG00000039210",592,654,598,602,631,686
"ENSMUSG00000039217",74,58,85,92,43,57
"ENSMUSG00000039218",26192,24716,20852,21876,22284,22939
"ENSMUSG00000039219",3215,3510,2850,3098,3052,3765
"ENSMUSG00000039220",4759,6145,1723,1975,2358,4398
"ENSMUSG00000039221",1677,1736,2035,1971,1676,1981
"ENSMUSG00000039230",1003,1042,1678,1414,1283,1176
"ENSMUSG00000039231",314,325,463,419,362,280
"ENSMUSG00000039232",67,132,129,91,50,121
"ENSMUSG00000039233",738,769,962,983,672,807
"ENSMUSG00000039234",1403,1703,1945,2109,1115,1122
"ENSMUSG00000039236",251,258,133,162,122,130
"ENSMUSG00000039238",45,57,561,328,45,43
"ENSMUSG00000039239",789,757,1105,982,906,1115
"ENSMUSG00000039242",952,912,1202,1170,982,887
"ENSMUSG00000039244",358,312,479,449,386,310
"ENSMUSG00000039246",171,207,154,191,135,79
"ENSMUSG00000039252",13,32,11,15,6,14
"ENSMUSG00000039253",166,188,143,155,150,89
"ENSMUSG00000039254",440,335,305,317,335,272
"ENSMUSG00000039262",10142,9971,8669,8645,8619,8514
"ENSMUSG00000039263",617,517,590,582,576,544
"ENSMUSG00000039270",4677,5353,4090,4961,7244,6373
"ENSMUSG00000039275",1169,1380,1962,1759,1979,1702
"ENSMUSG00000039285",1692,1531,1576,1687,1749,1550
"ENSMUSG00000039286",6832,7799,6453,6857,6767,7623
"ENSMUSG00000039294",572,392,481,500,467,431
"ENSMUSG00000039298",707,708,973,883,1079,1005
"ENSMUSG00000039304",97,38,2179,475,37,22
"ENSMUSG00000039307",211,172,177,178,168,140
"ENSMUSG00000039308",501,359,606,575,539,407
"ENSMUSG00000039313",1007,840,478,680,1555,1356
"ENSMUSG00000039316",102,71,14,15,6,16
"ENSMUSG00000039318",1802,1921,1672,1909,1737,1704
"ENSMUSG00000039323",152,100,804,218,2246,245
"ENSMUSG00000039328",348,484,288,313,318,312
"ENSMUSG00000039345",71,67,71,64,53,48
"ENSMUSG00000039347",130,124,74,72,46,35
"ENSMUSG00000039349",513,257,392,536,471,663
"ENSMUSG00000039354",709,558,649,681,622,582
"ENSMUSG00000039356",166,179,305,208,162,166
"ENSMUSG00000039357",895,760,774,887,1143,902
"ENSMUSG00000039361",6503,7397,9102,9364,8809,11056
"ENSMUSG00000039364",12,4,84,47,19,6
"ENSMUSG00000039367",2948,3108,3498,3848,3312,2859
"ENSMUSG00000039372",2,2,42,20,10,3
"ENSMUSG00000039382",518,383,183,251,325,312
"ENSMUSG00000039384",364,366,454,563,290,386
"ENSMUSG00000039391",19,17,3,0,25,21
"ENSMUSG00000039395",202,447,1124,842,829,732
"ENSMUSG00000039396",3,9,81,84,25,24
"ENSMUSG00000039405",3490,2706,2477,2174,8373,4254
"ENSMUSG00000039414",1088,1159,929,1020,1173,888
"ENSMUSG00000039419",57,67,7,20,8,14
"ENSMUSG00000039427",370,364,323,419,405,280
"ENSMUSG00000039428",1121,1279,1243,1422,1268,1418
"ENSMUSG00000039431",128,124,117,88,73,69
"ENSMUSG00000039449",1000,1050,839,853,937,851
"ENSMUSG00000039450",596,551,539,587,438,343
"ENSMUSG00000039452",1347,1260,1531,1500,1175,1121
"ENSMUSG00000039456",1039,1076,1328,1132,1162,955
"ENSMUSG00000039457",4047,3707,1996,2204,2757,2711
"ENSMUSG00000039458",1965,1895,1231,1365,1591,1717
"ENSMUSG00000039461",626,565,309,316,381,351
"ENSMUSG00000039462",13,20,20,16,11,11
"ENSMUSG00000039463",1132,1057,742,849,724,698
"ENSMUSG00000039470",462,508,552,497,375,437
"ENSMUSG00000039473",2214,2355,1811,1945,2063,2240
"ENSMUSG00000039474",563,491,529,536,479,410
"ENSMUSG00000039476",20,13,6,6,4,11
"ENSMUSG00000039477",8303,7487,4885,4874,6794,7507
"ENSMUSG00000039478",393,364,367,472,426,490
"ENSMUSG00000039480",436,464,532,440,434,431
"ENSMUSG00000039481",344,193,169,146,208,219
"ENSMUSG00000039483",305,206,253,247,282,165
"ENSMUSG00000039485",226,229,85,91,113,121
"ENSMUSG00000039492",25,18,44,67,145,73
"ENSMUSG00000039496",57,73,54,36,46,41
"ENSMUSG00000039497",189,212,91,81,165,160
"ENSMUSG00000039501",1821,1491,2535,1745,1770,1230
"ENSMUSG00000039509",563,485,884,656,555,432
"ENSMUSG00000039512",745,780,814,842,806,605
"ENSMUSG00000039515",1441,1198,1651,1669,1695,1210
"ENSMUSG00000039519",151,66,231,77,75,64
"ENSMUSG00000039521",81,103,113,101,86,75
"ENSMUSG00000039523",815,904,725,702,897,785
"ENSMUSG00000039529",3056,3036,2302,2280,2899,3026
"ENSMUSG00000039530",1222,1251,927,1219,1191,1012
"ENSMUSG00000039531",273,233,288,257,253,211
"ENSMUSG00000039536",2477,2206,2198,2200,2538,2487
"ENSMUSG00000039542",2869,4253,4375,5395,4816,5733
"ENSMUSG00000039543",47,38,21,14,25,27
"ENSMUSG00000039545",38,32,9,20,22,12
"ENSMUSG00000039556",86,91,44,48,60,78
"ENSMUSG00000039568",1286,1147,957,1189,1150,1182
"ENSMUSG00000039577",38,52,58,55,66,53
"ENSMUSG00000039578",298,274,176,232,158,157
"ENSMUSG00000039579",26,13,9,8,23,27
"ENSMUSG00000039585",2767,2671,1420,1358,2042,2470
"ENSMUSG00000039599",522,519,450,468,488,467
"ENSMUSG00000039601",90,48,3,10,13,9
"ENSMUSG00000039607",8731,7928,5959,6232,8628,6657
"ENSMUSG00000039611",98,80,29,22,51,43
"ENSMUSG00000039615",1655,1530,1540,1712,1745,1604
"ENSMUSG00000039616",168,141,120,73,76,73
"ENSMUSG00000039617",10,9,12,14,7,12
"ENSMUSG00000039620",195,160,70,75,58,54
"ENSMUSG00000039621",104,87,53,35,33,21
"ENSMUSG00000039623",339,234,219,285,261,182
"ENSMUSG00000039628",8,3,24,22,10,6
"ENSMUSG00000039629",87,106,99,150,111,150
"ENSMUSG00000039630",16764,17234,19524,19204,17103,16997
"ENSMUSG00000039633",748,833,899,1028,906,779
"ENSMUSG00000039634",109,72,59,61,103,66
"ENSMUSG00000039637",657,508,622,587,578,630
"ENSMUSG00000039640",363,284,806,550,397,313
"ENSMUSG00000039646",667,1000,377,590,418,1211
"ENSMUSG00000039648",418,390,299,362,306,290
"ENSMUSG00000039652",224,303,83,125,199,189
"ENSMUSG00000039656",500,460,417,400,488,410
"ENSMUSG00000039660",374,378,491,436,355,265
"ENSMUSG00000039662",926,852,1308,1228,1364,1088
"ENSMUSG00000039670",24,11,19,22,21,12
"ENSMUSG00000039671",2004,2201,1901,2137,2164,2242
"ENSMUSG00000039676",26,40,58,51,17,16
"ENSMUSG00000039678",460,485,427,529,446,277
"ENSMUSG00000039680",2104,1985,958,1302,1768,1641
"ENSMUSG00000039682",678,750,809,618,520,439
"ENSMUSG00000039683",9146,9679,5208,6110,11506,10264
"ENSMUSG00000039686",1200,981,620,762,992,820
"ENSMUSG00000039693",265,220,554,416,439,355
"ENSMUSG00000039697",2536,3618,1745,1762,2308,2904
"ENSMUSG00000039699",36,36,78,40,51,43
"ENSMUSG00000039701",3225,3053,1517,1883,2502,2804
"ENSMUSG00000039703",1386,1218,1749,1728,1598,1323
"ENSMUSG00000039704",1154,1217,962,954,971,859
"ENSMUSG00000039706",118,50,17,16,28,19
"ENSMUSG00000039713",612,443,275,334,404,451
"ENSMUSG00000039714",29,17,4,10,9,9
"ENSMUSG00000039715",229,206,210,203,194,176
"ENSMUSG00000039716",24,22,19,11,13,21
"ENSMUSG00000039725",123,89,154,102,109,75
"ENSMUSG00000039735",5078,4516,3305,3959,3616,4375
"ENSMUSG00000039737",244,212,177,197,195,150
"ENSMUSG00000039738",338,288,438,418,446,278
"ENSMUSG00000039740",709,584,640,671,708,547
"ENSMUSG00000039741",1663,1420,895,894,1229,1484
"ENSMUSG00000039745",102,126,192,206,164,139
"ENSMUSG00000039747",216,169,668,452,400,480
"ENSMUSG00000039748",31,54,238,153,56,41
"ENSMUSG00000039753",2487,1866,3581,2984,2840,2784
"ENSMUSG00000039754",87,45,63,57,66,46
"ENSMUSG00000039756",1361,1343,1694,1440,1165,1124
"ENSMUSG00000039759",175,91,103,117,119,118
"ENSMUSG00000039763",100,75,28,39,46,46
"ENSMUSG00000039765",632,665,723,611,595,636
"ENSMUSG00000039768",622,579,937,818,722,546
"ENSMUSG00000039770",925,870,731,898,1021,977
"ENSMUSG00000039771",235,197,303,280,283,197
"ENSMUSG00000039774",18,15,18,22,4,11
"ENSMUSG00000039781",229,211,263,310,252,224
"ENSMUSG00000039782",1542,2115,1248,1542,1923,3147
"ENSMUSG00000039787",113,126,40,52,56,66
"ENSMUSG00000039789",281,289,256,248,355,341
"ENSMUSG00000039795",325,317,422,382,322,284
"ENSMUSG00000039798",25,16,16,10,9,14
"ENSMUSG00000039801",1339,1135,1024,1120,1354,1307
"ENSMUSG00000039804",579,535,636,663,667,435
"ENSMUSG00000039810",465,413,158,219,305,232
"ENSMUSG00000039813",666,404,694,636,508,400
"ENSMUSG00000039824",49,39,21,30,34,31
"ENSMUSG00000039826",279,308,388,350,282,258
"ENSMUSG00000039828",328,360,295,305,310,323
"ENSMUSG00000039831",2301,1892,1277,1163,1056,1245
"ENSMUSG00000039834",1073,1016,979,1032,998,859
"ENSMUSG00000039835",846,1130,2210,1716,953,1173
"ENSMUSG00000039838",69,35,9,26,27,34
"ENSMUSG00000039840",2260,2388,1413,1555,1410,1772
"ENSMUSG00000039841",1048,1064,931,924,1008,893
"ENSMUSG00000039842",235,308,512,460,348,310
"ENSMUSG00000039844",2096,1842,1810,1812,2415,2247
"ENSMUSG00000039849",1609,1438,1080,1158,1284,1160
"ENSMUSG00000039850",525,461,346,367,413,390
"ENSMUSG00000039852",7135,6206,3663,4082,4860,5385
"ENSMUSG00000039853",375,180,181,174,123,120
"ENSMUSG00000039865",679,794,318,529,430,506
"ENSMUSG00000039873",70,45,40,53,68,83
"ENSMUSG00000039878",16,22,19,14,10,15
"ENSMUSG00000039879",1931,1828,1520,1598,2025,2095
"ENSMUSG00000039886",161,188,204,189,162,121
"ENSMUSG00000039887",288,242,498,501,432,361
"ENSMUSG00000039891",27,18,21,16,19,12
"ENSMUSG00000039899",237,210,110,76,73,63
"ENSMUSG00000039901",493,497,486,492,518,502
"ENSMUSG00000039903",611,366,350,329,351,452
"ENSMUSG00000039908",106,92,54,71,81,72
"ENSMUSG00000039910",2344,2354,1722,2559,2525,1971
"ENSMUSG00000039911",171,123,150,102,62,62
"ENSMUSG00000039914",217,203,143,175,177,157
"ENSMUSG00000039917",493,657,572,570,475,333
"ENSMUSG00000039929",1000,1002,907,755,755,851
"ENSMUSG00000039934",135,96,401,161,75,86
"ENSMUSG00000039936",82,45,34,44,31,24
"ENSMUSG00000039942",496,704,417,397,404,454
"ENSMUSG00000039943",1331,1304,271,345,523,607
"ENSMUSG00000039952",6468,6510,8599,8686,8322,7494
"ENSMUSG00000039953",17165,16672,11240,14785,18847,17800
"ENSMUSG00000039958",592,468,635,569,820,560
"ENSMUSG00000039959",558,405,351,366,387,422
"ENSMUSG00000039960",1357,1401,1567,1908,2558,1935
"ENSMUSG00000039967",3916,4105,2879,3080,3658,3788
"ENSMUSG00000039968",2855,2748,1678,1779,2419,2413
"ENSMUSG00000039976",622,673,247,305,415,384
"ENSMUSG00000039977",20,13,12,16,17,6
"ENSMUSG00000039981",12,20,66,27,7,2
"ENSMUSG00000039982",770,739,1232,1264,874,541
"ENSMUSG00000039983",171,114,183,162,125,118
"ENSMUSG00000039985",467,515,597,524,466,431
"ENSMUSG00000039987",397,450,459,479,539,499
"ENSMUSG00000039988",2594,2905,2835,2807,3832,3750
"ENSMUSG00000039989",1589,1595,959,940,1707,1958
"ENSMUSG00000039990",811,794,686,697,678,676
"ENSMUSG00000039994",117,163,438,317,211,108
"ENSMUSG00000039997",107,77,102,34,18,15
"ENSMUSG00000040003",115,109,46,35,83,95
"ENSMUSG00000040006",1182,1135,1026,1063,1159,1079
"ENSMUSG00000040007",486,445,521,603,614,439
"ENSMUSG00000040009",25,49,28,28,27,28
"ENSMUSG00000040010",1474,1938,3068,2245,2477,2218
"ENSMUSG00000040016",1396,941,294,436,1031,976
"ENSMUSG00000040018",525,500,638,520,559,422
"ENSMUSG00000040021",3775,3744,4148,4019,4271,4106
"ENSMUSG00000040022",866,891,524,536,901,819
"ENSMUSG00000040025",1673,1666,2261,1831,2013,1461
"ENSMUSG00000040028",2087,2229,2870,2611,2471,2185
"ENSMUSG00000040029",1658,1609,1658,1626,1749,1503
"ENSMUSG00000040033",424,353,1100,566,224,242
"ENSMUSG00000040034",147,157,390,293,193,163
"ENSMUSG00000040040",698,663,590,692,644,649
"ENSMUSG00000040043",2267,2092,1544,1618,1903,1996
"ENSMUSG00000040044",1241,1134,1154,1105,1335,1117
"ENSMUSG00000040048",579,483,707,577,612,490
"ENSMUSG00000040054",3685,3642,2720,2798,3396,3073
"ENSMUSG00000040055",9,11,155,145,316,214
"ENSMUSG00000040061",45,50,24,19,18,53
"ENSMUSG00000040078",285,353,392,369,311,268
"ENSMUSG00000040084",27,101,631,464,220,117
"ENSMUSG00000040093",454,234,269,249,218,264
"ENSMUSG00000040097",374,309,313,247,328,296
"ENSMUSG00000040102",920,815,894,832,1203,772
"ENSMUSG00000040105",279,298,295,301,285,229
"ENSMUSG00000040111",356,235,153,243,77,83
"ENSMUSG00000040112",517,445,508,495,448,341
"ENSMUSG00000040118",6388,5754,3324,4073,7956,9758
"ENSMUSG00000040121",58,38,9,28,34,37
"ENSMUSG00000040123",1896,1496,1130,1338,1485,1531
"ENSMUSG00000040124",217,175,246,216,197,139
"ENSMUSG00000040128",11292,14152,9887,10041,11595,13864
"ENSMUSG00000040139",85,85,101,102,75,92
"ENSMUSG00000040146",221,192,41,120,156,70
"ENSMUSG00000040147",84,246,197,487,131,169
"ENSMUSG00000040151",1834,1415,2120,2085,2178,1920
"ENSMUSG00000040152",15118,25705,30563,43792,36087,60310
"ENSMUSG00000040158",332,294,569,569,445,419
"ENSMUSG00000040163",75,48,28,35,62,35
"ENSMUSG00000040167",914,870,811,728,887,784
"ENSMUSG00000040170",20346,18905,13639,17129,17515,23923
"ENSMUSG00000040174",233,194,192,271,209,172
"ENSMUSG00000040177",330,293,358,310,373,269
"ENSMUSG00000040181",314,567,795,1267,1402,1508
"ENSMUSG00000040183",241,217,108,80,114,96
"ENSMUSG00000040187",9,8,160,80,34,40
"ENSMUSG00000040188",937,973,1046,1117,925,732
"ENSMUSG00000040195",355,399,308,244,327,307
"ENSMUSG00000040204",10,32,584,369,87,56
"ENSMUSG00000040209",6028,5570,3810,4702,6739,6119
"ENSMUSG00000040212",47,38,18,26,14,18
"ENSMUSG00000040213",300,256,142,137,91,99
"ENSMUSG00000040219",194,188,224,200,253,200
"ENSMUSG00000040220",326,286,329,301,277,245
"ENSMUSG00000040225",15077,16469,15851,14767,14644,16291
"ENSMUSG00000040229",26,18,16,22,27,41
"ENSMUSG00000040234",1035,1092,776,728,762,732
"ENSMUSG00000040236",353,263,398,342,298,245
"ENSMUSG00000040242",1797,1675,1829,1886,2126,1838
"ENSMUSG00000040249",14869,13125,11408,12418,13091,13306
"ENSMUSG00000040250",1344,1242,1334,1396,1456,1442
"ENSMUSG00000040253",296,234,1025,162,134,121
"ENSMUSG00000040254",18,30,4,3,15,9
"ENSMUSG00000040260",592,515,117,136,169,221
"ENSMUSG00000040263",232,258,368,344,321,268
"ENSMUSG00000040264",5,0,88,92,55,67
"ENSMUSG00000040265",166,92,64,61,63,47
"ENSMUSG00000040268",935,821,2542,2339,1108,979
"ENSMUSG00000040269",174,159,181,173,143,110
"ENSMUSG00000040270",1039,859,136,187,713,734
"ENSMUSG00000040272",243,142,182,170,155,150
"ENSMUSG00000040274",2699,2574,5376,3934,3264,2829
"ENSMUSG00000040280",18,11,64,77,5,5
"ENSMUSG00000040282",223,224,388,393,266,173
"ENSMUSG00000040287",47,17,32,20,19,25
"ENSMUSG00000040289",49,50,34,47,34,44
"ENSMUSG00000040296",1115,699,2376,1551,856,870
"ENSMUSG00000040297",6263,8203,5056,7391,6234,8250
"ENSMUSG00000040302",389,313,173,191,223,208
"ENSMUSG00000040312",282,214,284,285,251,163
"ENSMUSG00000040321",338,243,275,232,324,226
"ENSMUSG00000040322",1038,1078,1734,1538,1171,1207
"ENSMUSG00000040323",19,8,16,11,22,12
"ENSMUSG00000040325",2095,2210,1789,1742,1937,2092
"ENSMUSG00000040327",901,788,496,518,669,669
"ENSMUSG00000040329",596,605,687,656,843,970
"ENSMUSG00000040331",718,644,715,698,747,637
"ENSMUSG00000040339",1951,1559,881,1210,2474,2047
"ENSMUSG00000040340",41,25,9,11,20,27
"ENSMUSG00000040350",372,392,262,370,366,301
"ENSMUSG00000040351",1633,1478,2100,1922,2095,2038
"ENSMUSG00000040354",671,727,1168,940,778,748
"ENSMUSG00000040356",963,853,1136,1137,972,883
"ENSMUSG00000040359",2333,1796,1303,1453,1404,1274
"ENSMUSG00000040363",2410,2631,1308,1337,1632,2742
"ENSMUSG00000040365",1089,990,728,824,909,775
"ENSMUSG00000040370",693,717,597,553,567,495
"ENSMUSG00000040372",182,182,159,177,244,171
"ENSMUSG00000040374",574,542,701,668,565,498
"ENSMUSG00000040383",1781,1753,2360,2049,1819,1717
"ENSMUSG00000040385",1784,1530,2317,2061,1923,1566
"ENSMUSG00000040387",150,77,72,48,79,53
"ENSMUSG00000040389",377,404,465,497,486,432
"ENSMUSG00000040390",223,207,172,198,274,213
"ENSMUSG00000040396",1341,1113,1368,1269,1398,1130
"ENSMUSG00000040407",5936,6207,5353,5184,5456,5962
"ENSMUSG00000040410",481,503,440,461,453,438
"ENSMUSG00000040412",2562,2710,381,569,482,601
"ENSMUSG00000040414",309,262,261,181,220,248
"ENSMUSG00000040415",444,396,313,404,358,384
"ENSMUSG00000040423",3902,3641,3885,3865,4233,4010
"ENSMUSG00000040424",27,15,11,7,9,18
"ENSMUSG00000040428",111,100,32,28,32,28
"ENSMUSG00000040429",41,25,43,28,34,30
"ENSMUSG00000040430",957,879,753,620,940,913
"ENSMUSG00000040432",65,112,300,203,145,134
"ENSMUSG00000040433",1803,1817,1285,1264,1653,1423
"ENSMUSG00000040434",3232,2530,1903,2632,3605,2936
"ENSMUSG00000040435",6996,8585,2323,2626,4006,4855
"ENSMUSG00000040441",52,46,25,34,17,32
"ENSMUSG00000040446",481,600,463,404,508,393
"ENSMUSG00000040447",126,64,101,105,15,43
"ENSMUSG00000040451",1789,1822,1061,1304,1312,1476
"ENSMUSG00000040455",528,574,749,673,718,753
"ENSMUSG00000040459",2843,2556,2299,3176,2833,2432
"ENSMUSG00000040462",3860,3738,2876,3286,2857,3210
"ENSMUSG00000040463",2572,2722,4957,3044,2195,2085
"ENSMUSG00000040464",404,392,471,419,373,330
"ENSMUSG00000040466",219,189,102,116,139,147
"ENSMUSG00000040467",21,23,17,16,19,24
"ENSMUSG00000040471",25,20,71,43,37,44
"ENSMUSG00000040472",427,387,502,439,362,348
"ENSMUSG00000040473",92,64,85,109,177,168
"ENSMUSG00000040479",693,529,1069,1000,891,748
"ENSMUSG00000040481",6634,6260,4586,4575,5971,6602
"ENSMUSG00000040482",243,205,251,226,212,150
"ENSMUSG00000040483",160,94,439,348,29,34
"ENSMUSG00000040488",21007,24083,13057,17449,18736,24168
"ENSMUSG00000040502",68,82,124,118,139,111
"ENSMUSG00000040505",189,66,3,3,5,27
"ENSMUSG00000040506",1268,1177,1164,1158,1227,1169
"ENSMUSG00000040511",282,445,472,630,217,557
"ENSMUSG00000040514",18,18,24,26,31,40
"ENSMUSG00000040520",1633,1560,938,943,1232,1178
"ENSMUSG00000040521",125,124,265,232,166,120
"ENSMUSG00000040524",3905,3903,2405,2604,3253,3271
"ENSMUSG00000040525",374,272,308,265,255,201
"ENSMUSG00000040528",202,131,37,72,79,185
"ENSMUSG00000040532",252,224,284,264,182,198
"ENSMUSG00000040537",1432,1781,458,624,1068,1051
"ENSMUSG00000040540",197,119,13,44,69,14
"ENSMUSG00000040543",919,761,940,1075,1278,1066
"ENSMUSG00000040548",1211,1385,1090,1174,1391,1259
"ENSMUSG00000040549",2192,2505,2898,2580,2649,2553
"ENSMUSG00000040550",907,973,1328,1072,1038,973
"ENSMUSG00000040552",63,38,59,46,36,21
"ENSMUSG00000040554",21,9,11,10,20,31
"ENSMUSG00000040557",1591,1399,366,461,809,890
"ENSMUSG00000040560",893,1085,1002,906,994,967
"ENSMUSG00000040562",1718,1531,668,786,1218,960
"ENSMUSG00000040563",118,73,72,92,60,50
"ENSMUSG00000040564",678,1032,678,620,845,948
"ENSMUSG00000040565",2956,3605,2895,3151,3156,3849
"ENSMUSG00000040570",26,29,9,12,10,27
"ENSMUSG00000040584",119,68,9,16,9,18
"ENSMUSG00000040586",589,603,582,567,516,518
"ENSMUSG00000040591",895,784,644,610,741,585
"ENSMUSG00000040594",79,124,125,95,51,59
"ENSMUSG00000040596",1605,1501,962,1067,1381,1092
"ENSMUSG00000040599",559,457,770,689,658,390
"ENSMUSG00000040600",87,77,57,69,74,76
"ENSMUSG00000040605",366,325,883,981,616,548
"ENSMUSG00000040606",501,508,404,428,367,441
"ENSMUSG00000040612",41,64,7,12,15,9
"ENSMUSG00000040613",842,699,2186,2061,1282,1329
"ENSMUSG00000040616",525,581,591,510,518,502
"ENSMUSG00000040618",946,635,610,639,537,450
"ENSMUSG00000040620",897,863,928,761,833,710
"ENSMUSG00000040621",179,179,121,132,187,134
"ENSMUSG00000040624",211,229,424,296,115,111
"ENSMUSG00000040631",263,182,165,173,171,156
"ENSMUSG00000040640",24,29,2,4,10,5
"ENSMUSG00000040648",1118,1152,2188,1773,1201,1204
"ENSMUSG00000040649",37,46,5,8,26,18
"ENSMUSG00000040651",4381,4460,2843,3116,3822,3802
"ENSMUSG00000040652",744,616,655,733,818,689
"ENSMUSG00000040658",24,48,101,50,38,31
"ENSMUSG00000040659",1412,1526,1471,1490,1460,1419
"ENSMUSG00000040661",1565,1452,1251,1261,1434,1314
"ENSMUSG00000040663",68,55,69,81,44,47
"ENSMUSG00000040667",1122,1025,1360,1289,1190,936
"ENSMUSG00000040669",814,828,465,475,705,768
"ENSMUSG00000040675",174,179,413,203,121,114
"ENSMUSG00000040681",4237,4520,7725,6880,5351,4449
"ENSMUSG00000040687",744,650,774,807,876,569
"ENSMUSG00000040688",402,353,1047,684,433,394
"ENSMUSG00000040690",8140,8088,13556,20120,17647,20273
"ENSMUSG00000040693",577,873,81,235,195,104
"ENSMUSG00000040697",898,773,818,876,1157,865
"ENSMUSG00000040699",345,239,251,320,249,192
"ENSMUSG00000040701",349,311,471,451,382,301
"ENSMUSG00000040703",2433,1718,803,1324,3119,2342
"ENSMUSG00000040710",48,18,20,28,16,11
"ENSMUSG00000040711",1762,1750,5356,4534,3184,2807
"ENSMUSG00000040712",811,725,590,718,832,707
"ENSMUSG00000040713",1268,1235,387,487,423,390
"ENSMUSG00000040714",742,436,335,325,342,338
"ENSMUSG00000040715",1894,1847,1338,1338,1467,1359
"ENSMUSG00000040717",418,303,244,295,379,266
"ENSMUSG00000040720",2134,1969,2319,2182,2167,1806
"ENSMUSG00000040721",333,341,258,321,224,201
"ENSMUSG00000040722",13,32,36,19,5,30
"ENSMUSG00000040723",150,119,51,32,51,40
"ENSMUSG00000040724",74,54,21,24,50,47
"ENSMUSG00000040725",4420,4424,4662,4372,4586,4361
"ENSMUSG00000040728",2098,1847,3239,2795,2106,1936
"ENSMUSG00000040729",283,325,248,248,220,234
"ENSMUSG00000040731",3749,3558,4092,3755,3523,3223
"ENSMUSG00000040732",46,29,7,11,4,9
"ENSMUSG00000040734",1384,1133,1404,1220,868,871
"ENSMUSG00000040738",1006,1014,1373,1290,1310,955
"ENSMUSG00000040746",1397,1150,732,834,978,1011
"ENSMUSG00000040747",23,11,54,35,14,8
"ENSMUSG00000040749",58,62,132,122,89,69
"ENSMUSG00000040751",106,58,33,40,57,53
"ENSMUSG00000040760",2421,2387,2094,2126,2306,2368
"ENSMUSG00000040761",4773,4086,3267,2995,4333,3975
"ENSMUSG00000040767",58,53,35,46,42,32
"ENSMUSG00000040771",358,345,355,312,304,236
"ENSMUSG00000040774",1039,923,1611,1382,1217,775
"ENSMUSG00000040782",1562,1536,1959,1983,2051,1977
"ENSMUSG00000040785",4781,4614,5022,5431,5690,5160
"ENSMUSG00000040794",103,68,36,39,51,54
"ENSMUSG00000040795",171,147,175,132,197,110
"ENSMUSG00000040808",5,11,108,34,5,2
"ENSMUSG00000040811",671,582,414,469,578,484
"ENSMUSG00000040812",29,25,17,10,22,35
"ENSMUSG00000040813",597,482,403,439,492,415
"ENSMUSG00000040818",1742,1561,1381,1390,1700,1393
"ENSMUSG00000040820",478,543,587,412,415,377
"ENSMUSG00000040822",290,238,426,381,355,316
"ENSMUSG00000040824",391,371,543,432,353,352
"ENSMUSG00000040828",953,774,145,240,313,317
"ENSMUSG00000040829",442,480,587,508,359,522
"ENSMUSG00000040836",245,269,256,228,364,329
"ENSMUSG00000040840",293,299,352,361,346,355
"ENSMUSG00000040841",385,314,198,304,380,236
"ENSMUSG00000040842",1209,1177,1321,1242,1451,1233
"ENSMUSG00000040843",925,834,816,831,903,689
"ENSMUSG00000040848",5884,4953,3753,3766,4112,3580
"ENSMUSG00000040850",3049,3260,5420,5109,3953,4419
"ENSMUSG00000040852",3359,2187,749,851,2513,2451
"ENSMUSG00000040855",964,941,641,691,520,460
"ENSMUSG00000040857",1538,1313,1142,1052,1165,1461
"ENSMUSG00000040859",1243,1413,717,898,950,865
"ENSMUSG00000040860",299,302,217,218,208,182
"ENSMUSG00000040865",3815,3587,3026,3072,4129,3288
"ENSMUSG00000040875",164,180,225,264,168,155
"ENSMUSG00000040877",74,73,71,75,67,44
"ENSMUSG00000040883",215,224,249,226,184,165
"ENSMUSG00000040888",545,450,509,249,483,217
"ENSMUSG00000040896",53,71,4,18,10,32
"ENSMUSG00000040904",865,734,1049,1125,946,723
"ENSMUSG00000040913",522,401,376,393,440,374
"ENSMUSG00000040918",832,646,538,634,597,644
"ENSMUSG00000040928",1377,1242,868,990,1318,1282
"ENSMUSG00000040929",643,692,636,619,806,718
"ENSMUSG00000040935",16,8,13,11,11,31
"ENSMUSG00000040936",4466,4566,6854,6290,4878,4477
"ENSMUSG00000040938",430,336,266,238,313,399
"ENSMUSG00000040940",2214,1803,1997,1963,1906,1763
"ENSMUSG00000040943",2345,2732,2277,2159,1944,2358
"ENSMUSG00000040945",2301,2341,3991,3485,3609,3164
"ENSMUSG00000040952",2491,2392,2841,2248,2641,3159
"ENSMUSG00000040957",256,156,277,212,236,227
"ENSMUSG00000040964",1043,844,1389,1496,1275,1108
"ENSMUSG00000040969",108,67,39,76,19,24
"ENSMUSG00000040987",325,217,74,47,125,127
"ENSMUSG00000040990",188,143,501,452,91,111
"ENSMUSG00000040997",2635,1891,1620,1802,2064,1606
"ENSMUSG00000040998",533,510,806,1134,325,262
"ENSMUSG00000041000",1109,634,1196,993,1521,1311
"ENSMUSG00000041012",59,69,55,72,18,19
"ENSMUSG00000041025",1063,1042,1754,1984,1586,1795
"ENSMUSG00000041028",3368,3782,3517,3539,3486,3593
"ENSMUSG00000041035",372,355,376,394,403,306
"ENSMUSG00000041037",1451,1859,1345,1557,1519,1625
"ENSMUSG00000041040",2342,2078,1127,1257,1572,1916
"ENSMUSG00000041046",26,22,0,7,2,19
"ENSMUSG00000041057",1788,1736,3216,2223,1797,1576
"ENSMUSG00000041058",6980,6817,7708,9759,11169,9633
"ENSMUSG00000041064",3,17,88,61,28,8
"ENSMUSG00000041073",48,39,16,12,33,28
"ENSMUSG00000041075",1866,1401,1537,1377,1661,1605
"ENSMUSG00000041079",140,87,120,104,75,64
"ENSMUSG00000041084",424,524,943,913,509,418
"ENSMUSG00000041096",689,825,365,467,428,537
"ENSMUSG00000041112",630,568,286,348,194,434
"ENSMUSG00000041115",1056,812,382,500,682,678
"ENSMUSG00000041117",381,249,268,301,302,271
"ENSMUSG00000041119",276,249,146,208,81,105
"ENSMUSG00000041120",1038,1034,524,795,1757,1746
"ENSMUSG00000041124",536,494,809,783,869,639
"ENSMUSG00000041126",641,586,523,575,724,548
"ENSMUSG00000041130",930,751,1128,1035,984,884
"ENSMUSG00000041132",349,269,87,106,141,182
"ENSMUSG00000041133",3650,4068,3361,3018,3514,3739
"ENSMUSG00000041134",97,83,16,14,28,19
"ENSMUSG00000041135",217,192,300,228,283,265
"ENSMUSG00000041143",210,239,438,355,211,191
"ENSMUSG00000041144",32,23,74,57,18,25
"ENSMUSG00000041147",420,515,865,530,516,483
"ENSMUSG00000041153",495,539,584,669,891,701
"ENSMUSG00000041161",156,152,162,158,165,120
"ENSMUSG00000041164",984,914,916,893,724,611
"ENSMUSG00000041168",1534,1353,1682,1586,1394,1117
"ENSMUSG00000041180",517,506,477,635,689,682
"ENSMUSG00000041187",707,560,696,655,670,537
"ENSMUSG00000041189",323,285,63,91,137,128
"ENSMUSG00000041199",109,87,127,100,81,62
"ENSMUSG00000041203",681,524,918,916,813,666
"ENSMUSG00000041205",34,30,17,22,14,15
"ENSMUSG00000041215",1446,1338,1495,1582,1496,1371
"ENSMUSG00000041216",764,866,447,612,808,891
"ENSMUSG00000041219",45,92,706,446,269,201
"ENSMUSG00000041220",1427,1731,1054,766,1518,1464
"ENSMUSG00000041225",1983,1706,1538,1706,1527,1855
"ENSMUSG00000041229",1221,1050,753,722,967,698
"ENSMUSG00000041231",387,331,521,534,529,455
"ENSMUSG00000041235",1429,1420,1218,1261,1746,1769
"ENSMUSG00000041236",1247,1355,1440,1367,1376,1391
"ENSMUSG00000041238",2295,2348,2516,2354,2464,3393
"ENSMUSG00000041241",495,530,348,351,321,266
"ENSMUSG00000041245",81,92,41,42,72,72
"ENSMUSG00000041258",1155,1226,1209,1293,1471,1277
"ENSMUSG00000041261",924,931,967,1424,966,1051
"ENSMUSG00000041263",323,251,216,214,168,192
"ENSMUSG00000041264",756,729,698,683,630,602
"ENSMUSG00000041268",862,663,505,590,632,765
"ENSMUSG00000041272",240,452,331,615,502,675
"ENSMUSG00000041278",580,585,545,521,485,397
"ENSMUSG00000041287",62,31,169,150,45,50
"ENSMUSG00000041293",128,92,46,60,40,56
"ENSMUSG00000041297",3422,3523,3130,3084,3561,4073
"ENSMUSG00000041298",349,471,220,242,330,281
"ENSMUSG00000041301",38,30,53,59,25,34
"ENSMUSG00000041303",805,839,1086,1010,821,791
"ENSMUSG00000041308",4778,4756,4022,3872,6182,6792
"ENSMUSG00000041309",75,64,92,129,120,127
"ENSMUSG00000041313",7486,9316,4522,4261,7693,10479
"ENSMUSG00000041319",430,345,427,522,392,535
"ENSMUSG00000041324",27,23,26,61,29,53
"ENSMUSG00000041328",6193,7272,3083,3549,4392,7475
"ENSMUSG00000041329",142,58,14,15,28,28
"ENSMUSG00000041341",1812,1926,1633,1638,1798,1717
"ENSMUSG00000041343",279,220,216,230,252,226
"ENSMUSG00000041346",92,71,159,163,112,80
"ENSMUSG00000041351",40,49,54,59,71,66
"ENSMUSG00000041353",243,215,333,387,366,297
"ENSMUSG00000041354",458,454,657,628,509,460
"ENSMUSG00000041355",864,944,1408,1194,836,689
"ENSMUSG00000041360",1030,1185,2097,1526,1200,1118
"ENSMUSG00000041361",1299,1351,477,747,851,966
"ENSMUSG00000041362",747,705,1027,775,551,532
"ENSMUSG00000041372",310,217,195,219,244,277
"ENSMUSG00000041375",859,655,499,624,527,647
"ENSMUSG00000041378",45,17,5,0,7,14
"ENSMUSG00000041390",1326,1299,917,840,1304,952
"ENSMUSG00000041396",74,53,36,42,48,25
"ENSMUSG00000041406",328,321,490,449,353,272
"ENSMUSG00000041408",4782,4745,5047,4880,5189,4852
"ENSMUSG00000041415",2913,2618,2547,2530,3211,2638
"ENSMUSG00000041417",16326,18199,26790,28220,37549,30383
"ENSMUSG00000041420",180,136,43,51,101,95
"ENSMUSG00000041423",45,39,6,6,16,21
"ENSMUSG00000041426",311,299,271,333,262,243
"ENSMUSG00000041429",62,71,47,42,57,41
"ENSMUSG00000041431",15,118,746,547,237,159
"ENSMUSG00000041438",563,673,1110,729,623,585
"ENSMUSG00000041439",2109,1963,2224,2210,2438,2115
"ENSMUSG00000041440",564,584,299,349,296,431
"ENSMUSG00000041444",5508,4877,3587,3318,4026,4852
"ENSMUSG00000041445",277,127,44,53,71,51
"ENSMUSG00000041449",147,228,1249,414,335,144
"ENSMUSG00000041453",3546,6730,3954,3660,3751,4166
"ENSMUSG00000041459",3247,3298,5671,5484,3792,3130
"ENSMUSG00000041471",381,399,191,190,205,226
"ENSMUSG00000041477",377,294,216,279,298,303
"ENSMUSG00000041479",67,20,14,20,25,21
"ENSMUSG00000041481",46,46,521,61,58,44
"ENSMUSG00000041482",2704,3376,893,1832,879,1593
"ENSMUSG00000041483",1386,1360,1421,1341,1583,1740
"ENSMUSG00000041488",868,914,878,1100,790,980
"ENSMUSG00000041491",223,188,395,329,265,239
"ENSMUSG00000041498",15,50,406,295,148,101
"ENSMUSG00000041506",141,149,339,242,121,131
"ENSMUSG00000041515",173,154,65,50,31,51
"ENSMUSG00000041528",951,794,952,1023,980,857
"ENSMUSG00000041530",3732,2782,2468,2606,3544,3162
"ENSMUSG00000041540",30,12,14,22,20,14
"ENSMUSG00000041548",1597,1544,970,925,1496,1391
"ENSMUSG00000041550",43,226,2,4,7,15
"ENSMUSG00000041556",18,15,6,4,27,18
"ENSMUSG00000041559",16387,11790,1771,3596,6365,10311
"ENSMUSG00000041560",5875,5380,4311,4365,6201,6397
"ENSMUSG00000041566",10,15,6,8,13,12
"ENSMUSG00000041570",3879,3678,3565,3425,4641,4629
"ENSMUSG00000041571",937,765,1168,1026,1102,865
"ENSMUSG00000041577",13575,12004,1547,2718,8410,9860
"ENSMUSG00000041592",3856,3551,966,1600,3216,3350
"ENSMUSG00000041594",331,401,524,464,330,367
"ENSMUSG00000041598",661,701,899,812,589,620
"ENSMUSG00000041605",794,651,1572,1457,1071,1021
"ENSMUSG00000041607",1493,1087,2469,2031,1225,1213
"ENSMUSG00000041608",190,197,43,57,60,32
"ENSMUSG00000041609",63,60,33,50,32,27
"ENSMUSG00000041617",34,25,21,11,17,37
"ENSMUSG00000041623",152,155,201,207,248,117
"ENSMUSG00000041624",81,58,11,16,23,38
"ENSMUSG00000041625",323,304,287,353,343,320
"ENSMUSG00000041629",597,551,557,504,695,516
"ENSMUSG00000041632",305,272,560,423,302,296
"ENSMUSG00000041633",964,709,455,734,561,515
"ENSMUSG00000041638",2365,2489,3386,3007,2943,2657
"ENSMUSG00000041642",151,131,243,267,191,374
"ENSMUSG00000041645",2129,2008,2399,2085,1782,1577
"ENSMUSG00000041649",183,163,128,203,208,352
"ENSMUSG00000041650",607,574,585,668,611,628
"ENSMUSG00000041654",190,191,292,214,159,121
"ENSMUSG00000041658",140,113,11,42,72,83
"ENSMUSG00000041660",67,50,657,268,108,63
"ENSMUSG00000041671",491,482,664,577,452,451
"ENSMUSG00000041674",19,9,10,10,10,9
"ENSMUSG00000041679",139,85,58,55,77,59
"ENSMUSG00000041684",342,420,481,442,425,298
"ENSMUSG00000041685",3648,3570,2384,2788,3339,3239
"ENSMUSG00000041688",758,531,315,377,590,537
"ENSMUSG00000041695",1688,1499,1085,1158,1982,1593
"ENSMUSG00000041697",978,796,1165,1060,827,730
"ENSMUSG00000041700",57,53,214,243,243,173
"ENSMUSG00000041702",2032,1887,1678,1714,2133,1939
"ENSMUSG00000041712",781,695,891,714,682,537
"ENSMUSG00000041716",385,385,370,369,316,281
"ENSMUSG00000041718",736,806,290,280,331,319
"ENSMUSG00000041720",2061,2238,1647,1822,1808,1572
"ENSMUSG00000041729",25,36,5,8,8,18
"ENSMUSG00000041731",2835,2910,536,1398,1255,3477
"ENSMUSG00000041733",353,325,345,265,317,275
"ENSMUSG00000041734",2474,1801,1390,1435,2165,2128
"ENSMUSG00000041736",460,374,1278,1141,468,264
"ENSMUSG00000041737",886,558,170,137,415,214
"ENSMUSG00000041740",3245,3507,4582,4253,3996,3718
"ENSMUSG00000041741",388,473,12,31,41,54
"ENSMUSG00000041747",605,671,803,656,564,519
"ENSMUSG00000041757",6276,6448,1701,2255,2440,2942
"ENSMUSG00000041762",772,842,665,949,480,705
"ENSMUSG00000041763",2738,2986,3256,2965,2434,2606
"ENSMUSG00000041765",448,382,606,596,549,498
"ENSMUSG00000041769",1138,1080,862,924,909,952
"ENSMUSG00000041771",30,30,12,12,89,40
"ENSMUSG00000041773",630,839,770,853,862,1418
"ENSMUSG00000041774",391,470,727,635,485,506
"ENSMUSG00000041775",308,262,117,155,166,160
"ENSMUSG00000041777",717,622,505,480,600,598
"ENSMUSG00000041779",1011,904,539,726,913,935
"ENSMUSG00000041781",1089,970,1998,1567,1479,1354
"ENSMUSG00000041782",1060,896,4135,3138,1250,1002
"ENSMUSG00000041789",71,29,2,7,13,24
"ENSMUSG00000041794",63,69,32,15,44,24
"ENSMUSG00000041797",64,96,25,24,33,28
"ENSMUSG00000041801",956,609,1306,1102,1049,779
"ENSMUSG00000041809",109,135,58,92,96,80
"ENSMUSG00000041815",2711,2756,2240,2492,2693,2275
"ENSMUSG00000041817",570,654,140,97,348,561
"ENSMUSG00000041827",47,22,262,124,20,3
"ENSMUSG00000041828",119,183,21,38,77,108
"ENSMUSG00000041831",370,299,164,251,157,175
"ENSMUSG00000041836",216,99,202,167,192,155
"ENSMUSG00000041837",369,321,251,208,250,290
"ENSMUSG00000041840",160,180,271,166,170,160
"ENSMUSG00000041841",2568,2734,2989,2755,3036,3291
"ENSMUSG00000041842",1303,959,957,1114,1245,1102
"ENSMUSG00000041845",250,221,324,283,251,200
"ENSMUSG00000041846",2894,2817,3260,2921,3125,2794
"ENSMUSG00000041849",381,270,293,238,201,123
"ENSMUSG00000041852",4612,5103,5706,5864,8854,8915
"ENSMUSG00000041859",306,551,1841,974,543,290
"ENSMUSG00000041870",1572,1717,2191,1949,1928,1813
"ENSMUSG00000041879",1802,1837,2764,2400,1947,1807
"ENSMUSG00000041881",707,646,603,558,619,553
"ENSMUSG00000041886",796,835,1102,1040,940,679
"ENSMUSG00000041889",45,34,36,43,42,51
"ENSMUSG00000041890",1460,1182,1441,1418,1565,1259
"ENSMUSG00000041891",2543,3078,3196,2951,2761,2538
"ENSMUSG00000041895",766,607,463,469,603,577
"ENSMUSG00000041912",35,29,14,16,15,24
"ENSMUSG00000041915",2115,1921,1894,2030,2404,2074
"ENSMUSG00000041920",175,191,369,204,143,150
"ENSMUSG00000041921",316,192,298,365,286,294
"ENSMUSG00000041926",745,802,1772,1834,1340,1192
"ENSMUSG00000041930",204,172,24,55,108,80
"ENSMUSG00000041935",1677,1823,1235,1496,1397,1511
"ENSMUSG00000041936",24965,21874,27260,31252,31992,33179
"ENSMUSG00000041939",124,142,177,142,98,85
"ENSMUSG00000041945",158,101,199,207,141,104
"ENSMUSG00000041949",426,308,1373,1238,722,809
"ENSMUSG00000041954",128,92,78,72,65,46
"ENSMUSG00000041957",360,380,42,55,60,46
"ENSMUSG00000041958",474,448,780,771,513,437
"ENSMUSG00000041959",1309,1387,1528,1698,1548,1721
"ENSMUSG00000041961",3298,2628,1386,1453,2249,2522
"ENSMUSG00000041966",688,692,665,702,688,530
"ENSMUSG00000041974",660,552,514,375,510,415
"ENSMUSG00000041975",171,188,254,268,192,153
"ENSMUSG00000041977",2904,2487,2107,2404,2567,2714
"ENSMUSG00000041992",278,275,420,310,185,176
"ENSMUSG00000041995",502,437,596,537,576,397
"ENSMUSG00000041997",2722,2571,2204,2232,2544,2460
"ENSMUSG00000042010",303,223,129,92,123,189
"ENSMUSG00000042015",915,829,769,810,852,714
"ENSMUSG00000042029",306,357,1300,761,528,461
"ENSMUSG00000042032",1252,1112,1149,1110,1240,1125
"ENSMUSG00000042035",4420,4022,7189,6427,6190,5673
"ENSMUSG00000042042",1131,1264,878,949,999,1034
"ENSMUSG00000042043",729,631,1038,891,932,829
"ENSMUSG00000042046",1635,1438,1453,1561,1641,1448
"ENSMUSG00000042050",446,432,418,389,406,418
"ENSMUSG00000042055",1386,1366,1293,1293,1369,1227
"ENSMUSG00000042063",968,618,738,885,742,550
"ENSMUSG00000042066",213,276,322,291,261,182
"ENSMUSG00000042073",440,388,109,166,207,197
"ENSMUSG00000042079",2384,2357,3255,2795,2402,2144
"ENSMUSG00000042082",1081,1130,1063,1448,1249,1204
"ENSMUSG00000042087",328,308,391,377,300,288
"ENSMUSG00000042097",25,23,14,15,11,8
"ENSMUSG00000042099",157,140,95,93,92,96
"ENSMUSG00000042104",202,244,136,154,199,232
"ENSMUSG00000042105",1907,1739,1105,1298,1590,1830
"ENSMUSG00000042106",101,50,116,93,104,89
"ENSMUSG00000042109",304,235,11,22,27,66
"ENSMUSG00000042111",299,276,315,292,208,175
"ENSMUSG00000042115",3,9,25,24,6,11
"ENSMUSG00000042116",514,304,875,859,878,607
"ENSMUSG00000042121",1214,1010,1019,1030,1380,1277
"ENSMUSG00000042129",430,237,50,24,34,69
"ENSMUSG00000042133",2800,3004,2589,2500,2811,2551
"ENSMUSG00000042138",349,332,233,317,333,317
"ENSMUSG00000042148",208,234,308,257,257,255
"ENSMUSG00000042155",316,323,387,378,311,242
"ENSMUSG00000042156",243,211,668,819,991,705
"ENSMUSG00000042165",36,31,51,36,34,37
"ENSMUSG00000042167",1132,1119,1101,1117,1006,958
"ENSMUSG00000042178",648,637,656,708,775,589
"ENSMUSG00000042179",367,371,62,231,453,246
"ENSMUSG00000042185",1018,894,765,651,688,723
"ENSMUSG00000042190",38,60,20,15,15,15
"ENSMUSG00000042195",27,50,32,10,7,6
"ENSMUSG00000042197",1869,1707,2164,2067,2150,1778
"ENSMUSG00000042198",272,261,146,198,195,259
"ENSMUSG00000042202",931,914,775,798,830,698
"ENSMUSG00000042203",733,679,791,855,827,665
"ENSMUSG00000042207",3210,3371,3602,3591,3427,3407
"ENSMUSG00000042208",321,332,484,375,258,245
"ENSMUSG00000042210",107,95,77,80,73,47
"ENSMUSG00000042211",2076,1842,1784,1820,1847,1756
"ENSMUSG00000042213",142,132,240,228,185,134
"ENSMUSG00000042215",262,187,399,351,228,230
"ENSMUSG00000042216",24,29,16,4,3,8
"ENSMUSG00000042225",495,508,1988,1378,734,580
"ENSMUSG00000042228",400,340,997,677,543,413
"ENSMUSG00000042229",381,318,409,358,378,300
"ENSMUSG00000042246",62,89,640,860,348,163
"ENSMUSG00000042249",597,657,407,374,342,534
"ENSMUSG00000042251",1038,928,284,309,656,527
"ENSMUSG00000042254",142,274,62,97,38,40
"ENSMUSG00000042258",47,59,3,8,18,14
"ENSMUSG00000042268",46,15,31,22,16,30
"ENSMUSG00000042271",681,688,662,624,771,721
"ENSMUSG00000042272",612,591,916,815,621,685
"ENSMUSG00000042275",267,214,273,246,360,303
"ENSMUSG00000042284",1778,1106,406,361,890,935
"ENSMUSG00000042286",117,81,285,220,49,53
"ENSMUSG00000042289",210,183,250,239,169,153
"ENSMUSG00000042292",1428,1101,1284,1361,1237,1243
"ENSMUSG00000042293",52,34,25,30,28,22
"ENSMUSG00000042298",703,746,676,734,703,742
"ENSMUSG00000042302",1554,1489,804,1007,1562,1747
"ENSMUSG00000042303",919,651,1888,1773,1661,1093
"ENSMUSG00000042305",1334,1193,1262,1326,1090,1054
"ENSMUSG00000042306",183,196,2122,1473,671,351
"ENSMUSG00000042308",1883,1579,1529,1513,1654,1727
"ENSMUSG00000042312",108,136,115,104,133,104
"ENSMUSG00000042320",119,72,84,75,91,75
"ENSMUSG00000042323",4843,4954,5632,5194,5445,5894
"ENSMUSG00000042328",295,260,338,398,293,245
"ENSMUSG00000042331",941,922,1769,1448,1191,1528
"ENSMUSG00000042333",119,75,69,63,31,27
"ENSMUSG00000042340",361,327,197,253,355,303
"ENSMUSG00000042348",986,970,1091,1276,1513,1483
"ENSMUSG00000042349",996,678,655,626,602,569
"ENSMUSG00000042350",981,857,1227,1158,1172,1073
"ENSMUSG00000042354",957,1272,1810,1373,820,1077
"ENSMUSG00000042357",115,62,50,38,17,30
"ENSMUSG00000042359",1723,1869,466,884,1896,1388
"ENSMUSG00000042363",1395,1251,1413,1338,1687,1367
"ENSMUSG00000042364",915,1005,873,945,1050,871
"ENSMUSG00000042367",619,387,272,271,182,208
"ENSMUSG00000042369",393,404,544,512,502,487
"ENSMUSG00000042371",189,209,137,141,154,306
"ENSMUSG00000042377",1296,1671,1065,1238,1533,2246
"ENSMUSG00000042380",140,108,158,145,168,114
"ENSMUSG00000042388",20,22,5,2,19,19
"ENSMUSG00000042389",147,118,157,120,126,89
"ENSMUSG00000042390",4768,4770,4337,4327,5029,4929
"ENSMUSG00000042396",1140,1115,1123,1089,1138,935
"ENSMUSG00000042404",343,276,137,163,180,149
"ENSMUSG00000042406",7597,7967,3893,3988,3884,5182
"ENSMUSG00000042408",727,816,502,547,580,537
"ENSMUSG00000042410",1559,1408,5698,3816,1848,1311
"ENSMUSG00000042417",146,165,19,24,57,128
"ENSMUSG00000042419",193,170,160,170,171,137
"ENSMUSG00000042423",1264,1055,929,1154,1154,968
"ENSMUSG00000042426",575,650,1080,995,1032,826
"ENSMUSG00000042428",36,34,22,24,21,21
"ENSMUSG00000042429",131,202,21,31,52,46
"ENSMUSG00000042436",100,124,28,30,19,16
"ENSMUSG00000042439",682,768,1094,1157,936,982
"ENSMUSG00000042444",2159,2071,2580,2039,2431,2083
"ENSMUSG00000042446",1764,1743,1421,1391,1682,1508
"ENSMUSG00000042447",692,653,768,675,718,593
"ENSMUSG00000042451",42,82,9,14,23,16
"ENSMUSG00000042453",148,367,34,34,162,107
"ENSMUSG00000042460",1891,1772,3041,2400,2208,1377
"ENSMUSG00000042462",65,73,189,125,71,48
"ENSMUSG00000042472",509,471,626,610,495,397
"ENSMUSG00000042473",1116,1204,1280,1215,1104,1079
"ENSMUSG00000042476",25,20,10,11,13,28
"ENSMUSG00000042477",227,106,94,100,126,141
"ENSMUSG00000042485",32,20,13,4,15,9
"ENSMUSG00000042487",503,519,613,619,438,343
"ENSMUSG00000042489",19,64,722,336,137,85
"ENSMUSG00000042492",534,434,580,479,630,390
"ENSMUSG00000042496",630,560,564,570,586,673
"ENSMUSG00000042498",52,25,86,91,29,22
"ENSMUSG00000042499",475,475,542,623,700,835
"ENSMUSG00000042500",1817,1355,855,840,2026,1589
"ENSMUSG00000042502",718,688,847,782,883,748
"ENSMUSG00000042505",125,123,106,106,127,86
"ENSMUSG00000042506",4217,3801,4705,4561,4101,3661
"ENSMUSG00000042507",2751,3242,2634,2763,2550,3378
"ENSMUSG00000042508",1501,1579,1109,1370,1324,1371
"ENSMUSG00000042510",681,922,552,793,692,561
"ENSMUSG00000042515",1109,1314,261,438,943,851
"ENSMUSG00000042520",4565,4603,5063,5227,4928,4407
"ENSMUSG00000042523",547,590,505,577,676,669
"ENSMUSG00000042524",3128,2678,1389,1787,2118,1980
"ENSMUSG00000042535",793,759,922,816,975,758
"ENSMUSG00000042541",853,890,1373,1238,976,1194
"ENSMUSG00000042548",2049,1610,1507,1326,1571,1519
"ENSMUSG00000042549",35,71,29,57,20,69
"ENSMUSG00000042557",2853,2511,2127,2056,2632,2627
"ENSMUSG00000042558",341,226,376,297,274,232
"ENSMUSG00000042564",71,31,34,68,68,56
"ENSMUSG00000042569",171,147,206,223,158,115
"ENSMUSG00000042570",309,271,370,371,353,271
"ENSMUSG00000042572",1224,1079,1420,1395,1508,1426
"ENSMUSG00000042579",108,81,68,87,91,82
"ENSMUSG00000042589",150,80,20,16,39,27
"ENSMUSG00000042590",912,1102,1269,1153,1025,919
"ENSMUSG00000042594",1127,835,594,555,865,704
"ENSMUSG00000042595",1339,1236,1487,1449,1760,1390
"ENSMUSG00000042599",2494,2608,1894,2014,2195,2445
"ENSMUSG00000042605",2812,2357,2656,2800,3518,3241
"ENSMUSG00000042606",184,280,431,324,251,213
"ENSMUSG00000042608",1000,1127,784,860,784,954
"ENSMUSG00000042613",1325,1121,1271,1411,1230,1317
"ENSMUSG00000042616",89,80,76,60,102,85
"ENSMUSG00000042622",9897,9713,2446,4109,6316,9540
"ENSMUSG00000042625",2084,1790,1554,1831,1610,1625
"ENSMUSG00000042626",2099,1842,1388,1493,1420,1263
"ENSMUSG00000042628",805,650,659,696,725,583
"ENSMUSG00000042632",626,611,266,314,401,503
"ENSMUSG00000042641",84,68,10,11,27,34
"ENSMUSG00000042642",305,279,277,285,228,165
"ENSMUSG00000042644",5299,4778,5529,5233,4570,4606
"ENSMUSG00000042647",106,114,77,61,112,89
"ENSMUSG00000042650",4247,3989,4299,4469,4692,4252
"ENSMUSG00000042659",1449,1029,1992,1639,3042,1675
"ENSMUSG00000042660",113,109,254,169,136,114
"ENSMUSG00000042670",281,261,309,284,319,246
"ENSMUSG00000042672",109,86,42,51,45,62
"ENSMUSG00000042675",595,355,137,189,293,341
"ENSMUSG00000042677",882,1164,1396,434,700,640
"ENSMUSG00000042678",128,52,24,26,56,66
"ENSMUSG00000042680",484,442,344,359,367,291
"ENSMUSG00000042682",1274,1541,1013,1130,1092,1173
"ENSMUSG00000042684",57,96,130,95,154,160
"ENSMUSG00000042686",146,187,165,140,137,192
"ENSMUSG00000042688",1597,1916,3219,3024,1972,2138
"ENSMUSG00000042694",195,280,327,308,206,185
"ENSMUSG00000042699",5622,6470,9327,7975,7193,6830
"ENSMUSG00000042700",4020,3531,2176,2410,2779,2840
"ENSMUSG00000042705",359,392,487,399,417,361
"ENSMUSG00000042707",45,35,46,27,22,31
"ENSMUSG00000042708",42,18,22,16,10,19
"ENSMUSG00000042709",281,243,362,351,353,322
"ENSMUSG00000042712",2612,2235,3502,3424,3216,2571
"ENSMUSG00000042717",79,34,37,55,188,110
"ENSMUSG00000042719",1204,1226,2020,1422,1265,1083
"ENSMUSG00000042724",402,362,590,394,220,243
"ENSMUSG00000042726",1353,1162,1803,1643,1257,1349
"ENSMUSG00000042729",182,172,290,263,191,162
"ENSMUSG00000042734",5,6,481,204,14,8
"ENSMUSG00000042737",174,120,132,126,121,107
"ENSMUSG00000042742",748,768,828,785,869,1002
"ENSMUSG00000042743",180,179,73,73,114,117
"ENSMUSG00000042744",4237,3436,2875,3039,3594,3329
"ENSMUSG00000042745",2391,1658,2057,1706,1775,2080
"ENSMUSG00000042747",561,426,431,460,390,323
"ENSMUSG00000042750",19,20,10,23,15,6
"ENSMUSG00000042751",87,137,32,71,58,152
"ENSMUSG00000042759",30,23,88,75,13,31
"ENSMUSG00000042761",219,50,9,16,16,22
"ENSMUSG00000042763",54,53,19,28,34,27
"ENSMUSG00000042766",18,15,10,10,7,6
"ENSMUSG00000042770",65,91,69,57,32,24
"ENSMUSG00000042772",2722,2787,2997,2798,2597,2662
"ENSMUSG00000042784",26,26,162,59,26,28
"ENSMUSG00000042787",151,131,199,200,160,115
"ENSMUSG00000042788",40,39,11,8,21,16
"ENSMUSG00000042790",1454,1292,995,1167,1537,1354
"ENSMUSG00000042797",161,128,42,65,78,69
"ENSMUSG00000042804",46,40,32,35,14,30
"ENSMUSG00000042807",90,86,26,32,44,54
"ENSMUSG00000042808",35,75,2116,1583,106,248
"ENSMUSG00000042810",742,544,512,624,616,484
"ENSMUSG00000042812",38,45,9,8,22,15
"ENSMUSG00000042814",125,131,109,141,132,121
"ENSMUSG00000042816",10,18,5,7,19,11
"ENSMUSG00000042821",45,25,10,3,8,18
"ENSMUSG00000042826",85,68,39,38,57,44
"ENSMUSG00000042828",91,55,28,30,18,67
"ENSMUSG00000042831",157,128,161,157,141,125
"ENSMUSG00000042834",522,494,1942,2269,948,1529
"ENSMUSG00000042842",63,43,99,85,100,69
"ENSMUSG00000042851",842,641,476,419,436,576
"ENSMUSG00000042854",34,39,40,28,42,37
"ENSMUSG00000042857",51,72,80,67,46,59
"ENSMUSG00000042870",218,214,190,231,189,259
"ENSMUSG00000042874",118,75,118,126,108,92
"ENSMUSG00000042895",24,11,4,8,16,11
"ENSMUSG00000042901",1103,884,1061,954,987,759
"ENSMUSG00000042903",628,471,308,357,506,438
"ENSMUSG00000042942",75,76,63,85,68,76
"ENSMUSG00000042961",65,72,10,20,26,15
"ENSMUSG00000042962",53,29,56,40,39,25
"ENSMUSG00000042978",134,108,285,259,232,155
"ENSMUSG00000042988",40,75,16,14,22,21
"ENSMUSG00000042992",158,168,216,212,206,133
"ENSMUSG00000042993",2,3,25,12,14,8
"ENSMUSG00000042997",739,570,499,575,546,535
"ENSMUSG00000043003",1795,2011,1236,1480,1030,984
"ENSMUSG00000043004",32,75,13,14,18,22
"ENSMUSG00000043015",285,267,278,271,199,213
"ENSMUSG00000043019",3923,4746,2636,3125,4634,4111
"ENSMUSG00000043024",14,20,16,7,10,16
"ENSMUSG00000043029",23,43,183,161,42,59
"ENSMUSG00000043051",7,11,11,3,13,6
"ENSMUSG00000043059",306,283,287,333,305,277
"ENSMUSG00000043061",492,433,508,533,523,464
"ENSMUSG00000043065",334,327,303,337,339,272
"ENSMUSG00000043067",396,336,567,534,606,508
"ENSMUSG00000043068",43,30,21,22,29,11
"ENSMUSG00000043079",1691,1487,2842,2289,2368,1890
"ENSMUSG00000043088",1115,791,518,581,622,559
"ENSMUSG00000043090",425,419,352,318,353,290
"ENSMUSG00000043091",3468,4177,3264,3149,2975,3362
"ENSMUSG00000043099",68,94,13,16,34,30
"ENSMUSG00000043102",64,32,12,3,26,43
"ENSMUSG00000043131",5187,5029,5472,5318,6264,5275
"ENSMUSG00000043140",194,142,190,166,148,107
"ENSMUSG00000043153",134,113,99,112,89,96
"ENSMUSG00000043154",3674,3795,3624,3717,3646,3598
"ENSMUSG00000043155",10,11,10,4,4,8
"ENSMUSG00000043162",372,367,330,377,311,343
"ENSMUSG00000043165",298,286,204,281,327,450
"ENSMUSG00000043183",541,525,450,427,693,652
"ENSMUSG00000043190",251,239,210,194,200,182
"ENSMUSG00000043192",47,58,72,39,37,53
"ENSMUSG00000043207",2592,2177,2322,2268,2450,2316
"ENSMUSG00000043219",69,45,24,16,19,34
"ENSMUSG00000043241",2092,2272,1604,1498,1897,2146
"ENSMUSG00000043243",64,53,47,75,37,41
"ENSMUSG00000043251",26,23,16,12,15,18
"ENSMUSG00000043252",3951,3680,2476,2314,3135,2917
"ENSMUSG00000043257",336,295,170,223,302,160
"ENSMUSG00000043259",98,77,9,18,21,31
"ENSMUSG00000043262",531,488,746,689,602,498
"ENSMUSG00000043279",3063,2895,2473,2361,3087,2846
"ENSMUSG00000043284",312,303,366,260,240,200
"ENSMUSG00000043290",199,183,102,134,143,118
"ENSMUSG00000043298",60,31,16,24,40,37
"ENSMUSG00000043300",41,62,13,11,15,22
"ENSMUSG00000043311",173,118,166,175,162,108
"ENSMUSG00000043313",16,16,53,55,43,38
"ENSMUSG00000043323",1547,1429,1197,1298,956,1195
"ENSMUSG00000043333",91,106,207,146,88,89
"ENSMUSG00000043336",2617,3426,2719,4135,3433,4908
"ENSMUSG00000043340",93,82,94,101,92,80
"ENSMUSG00000043342",78,50,113,95,97,73
"ENSMUSG00000043372",37,31,19,16,23,22
"ENSMUSG00000043384",1396,1265,522,685,951,883
"ENSMUSG00000043385",24,18,9,15,19,24
"ENSMUSG00000043391",789,704,537,634,936,768
"ENSMUSG00000043398",23,15,20,16,15,21
"ENSMUSG00000043411",2398,2455,1932,1970,1952,1739
"ENSMUSG00000043415",650,493,311,381,627,705
"ENSMUSG00000043419",45,27,70,39,67,54
"ENSMUSG00000043421",131,266,99,145,197,275
"ENSMUSG00000043424",194,251,296,179,176,185
"ENSMUSG00000043430",69,57,204,158,87,62
"ENSMUSG00000043432",443,420,271,367,347,325
"ENSMUSG00000043439",85,182,88,64,27,47
"ENSMUSG00000043445",234,179,398,354,305,198
"ENSMUSG00000043458",18,13,22,52,17,30
"ENSMUSG00000043461",90,97,27,28,38,19
"ENSMUSG00000043467",1331,1101,804,914,1138,1019
"ENSMUSG00000043468",69,39,9,19,26,62
"ENSMUSG00000043483",155,172,218,202,206,181
"ENSMUSG00000043487",304,226,302,304,297,210
"ENSMUSG00000043488",46,20,64,56,49,41
"ENSMUSG00000043496",2487,1583,2971,4371,5357,5516
"ENSMUSG00000043501",35,45,48,51,31,47
"ENSMUSG00000043510",142,110,175,142,137,146
"ENSMUSG00000043518",284,237,74,116,239,287
"ENSMUSG00000043535",3264,3179,3997,3373,3863,3353
"ENSMUSG00000043541",60,54,36,55,31,48
"ENSMUSG00000043542",2367,1746,1392,1227,2003,1832
"ENSMUSG00000043556",41,36,13,42,38,41
"ENSMUSG00000043557",13,12,175,121,77,131
"ENSMUSG00000043572",70,40,49,63,45,31
"ENSMUSG00000043587",431,409,391,426,322,256
"ENSMUSG00000043602",84,45,51,39,50,32
"ENSMUSG00000043613",0,2,22,16,3,16
"ENSMUSG00000043614",40,26,17,16,32,37
"ENSMUSG00000043623",133,76,111,91,63,60
"ENSMUSG00000043629",101,135,39,52,67,70
"ENSMUSG00000043631",74,96,21,20,23,21
"ENSMUSG00000043633",24,27,18,12,18,19
"ENSMUSG00000043635",15,20,51,35,11,16
"ENSMUSG00000043639",12,50,66,42,49,53
"ENSMUSG00000043644",56,25,34,57,49,50
"ENSMUSG00000043648",70,45,16,30,39,46
"ENSMUSG00000043664",21,16,12,11,19,14
"ENSMUSG00000043668",347,230,174,348,355,197
"ENSMUSG00000043671",544,625,512,488,436,467
"ENSMUSG00000043673",261,263,1191,910,369,303
"ENSMUSG00000043681",4,50,77,71,0,9
"ENSMUSG00000043683",1017,702,905,830,980,625
"ENSMUSG00000043687",13,9,10,6,11,11
"ENSMUSG00000043702",2141,1777,1268,1198,1631,1265
"ENSMUSG00000043705",34,20,992,744,212,333
"ENSMUSG00000043716",12508,11953,13642,12474,13389,14697
"ENSMUSG00000043719",12,30,2,4,6,11
"ENSMUSG00000043733",2831,3171,2525,2530,2989,2855
"ENSMUSG00000043760",629,692,117,226,575,271
"ENSMUSG00000043770",10,13,7,10,15,12
"ENSMUSG00000043773",15,34,17,12,11,24
"ENSMUSG00000043782",249,219,158,232,151,351
"ENSMUSG00000043794",46,30,13,20,31,41
"ENSMUSG00000043801",29,22,34,32,28,43
"ENSMUSG00000043811",13,16,9,15,4,3
"ENSMUSG00000043822",325,300,180,198,275,272
"ENSMUSG00000043831",514,415,338,371,395,437
"ENSMUSG00000043833",47,40,18,27,36,15
"ENSMUSG00000043866",2219,1940,2451,2671,3043,2525
"ENSMUSG00000043872",490,410,382,324,344,297
"ENSMUSG00000043881",709,575,458,532,711,550
"ENSMUSG00000043885",814,706,679,730,863,798
"ENSMUSG00000043889",150,174,133,154,139,165
"ENSMUSG00000043895",166,123,242,165,202,134
"ENSMUSG00000043909",3435,3370,3008,2975,3965,3196
"ENSMUSG00000043923",699,649,774,732,623,748
"ENSMUSG00000043924",15,7,17,14,4,2
"ENSMUSG00000043929",666,682,561,530,625,679
"ENSMUSG00000043940",5414,5191,4127,4490,5114,4911
"ENSMUSG00000043943",68,76,20,20,27,30
"ENSMUSG00000043953",156,154,234,76,80,73
"ENSMUSG00000043962",3915,3914,3964,3922,3536,3755
"ENSMUSG00000043964",396,304,284,341,354,243
"ENSMUSG00000043987",1726,1584,1967,1978,2206,2154
"ENSMUSG00000043991",1725,1684,1471,1498,1992,1736
"ENSMUSG00000043993",79,59,24,43,43,53
"ENSMUSG00000043998",972,1024,1451,1297,1134,868
"ENSMUSG00000043999",31,29,9,11,7,31
"ENSMUSG00000044005",23,39,33,50,27,28
"ENSMUSG00000044006",948,655,479,922,1136,1217
"ENSMUSG00000044017",64,101,13,36,29,38
"ENSMUSG00000044018",290,283,493,464,401,293
"ENSMUSG00000044022",8,8,18,22,18,35
"ENSMUSG00000044024",65,43,36,42,38,59
"ENSMUSG00000044026",124,161,1007,708,496,364
"ENSMUSG00000044030",562,360,545,460,515,338
"ENSMUSG00000044033",36,43,35,34,23,32
"ENSMUSG00000044037",279,243,572,475,185,152
"ENSMUSG00000044041",200,127,6534,4308,342,325
"ENSMUSG00000044042",979,857,1137,860,689,788
"ENSMUSG00000044043",42,31,64,48,56,57
"ENSMUSG00000044052",26,7,10,12,26,15
"ENSMUSG00000044056",32,20,12,12,18,11
"ENSMUSG00000044060",133,159,165,120,148,143
"ENSMUSG00000044066",1071,968,811,815,794,721
"ENSMUSG00000044067",23,8,24,30,27,12
"ENSMUSG00000044068",1341,1045,442,740,1148,1311
"ENSMUSG00000044072",345,460,154,301,184,489
"ENSMUSG00000044080",446,408,404,407,446,378
"ENSMUSG00000044081",31,41,31,20,38,44
"ENSMUSG00000044083",41,23,7,8,20,21
"ENSMUSG00000044092",13,15,7,10,5,3
"ENSMUSG00000044098",1986,1796,1204,1235,1619,1561
"ENSMUSG00000044122",106,77,32,27,49,38
"ENSMUSG00000044125",41,43,61,63,28,24
"ENSMUSG00000044134",140,94,103,85,94,76
"ENSMUSG00000044139",60,75,146,114,76,67
"ENSMUSG00000044145",52,57,29,31,41,37
"ENSMUSG00000044147",3113,3177,4645,4358,3878,3227
"ENSMUSG00000044148",847,792,901,877,789,716
"ENSMUSG00000044149",484,563,485,447,506,521
"ENSMUSG00000044150",555,627,433,422,526,505
"ENSMUSG00000044155",805,733,885,826,881,724
"ENSMUSG00000044156",19,27,3,3,7,14
"ENSMUSG00000044162",14,21,737,365,67,146
"ENSMUSG00000044165",8,8,70,20,16,19
"ENSMUSG00000044167",4417,4437,2699,3219,3830,3868
"ENSMUSG00000044197",602,387,68,80,267,178
"ENSMUSG00000044201",5,16,155,126,39,37
"ENSMUSG00000044211",74,81,28,23,22,22
"ENSMUSG00000044217",54,38,24,24,9,6
"ENSMUSG00000044221",1756,1796,1817,1739,1939,1763
"ENSMUSG00000044224",740,870,679,569,652,636
"ENSMUSG00000044229",76,25,54,48,53,73
"ENSMUSG00000044231",56,54,70,63,66,62
"ENSMUSG00000044244",200,191,221,200,252,127
"ENSMUSG00000044250",276,263,148,199,177,176
"ENSMUSG00000044252",1084,793,399,362,581,652
"ENSMUSG00000044254",80,80,63,39,32,35
"ENSMUSG00000044258",101,67,14,24,14,9
"ENSMUSG00000044268",18,26,29,19,31,22
"ENSMUSG00000044276",14,9,11,10,8,2
"ENSMUSG00000044279",84,85,41,51,48,25
"ENSMUSG00000044285",1083,1778,347,1015,344,458
"ENSMUSG00000044288",0,20,9,10,42,28
"ENSMUSG00000044296",46,29,16,24,33,31
"ENSMUSG00000044306",40,29,78,55,50,35
"ENSMUSG00000044308",4083,4106,3368,3411,3749,4196
"ENSMUSG00000044313",20,21,339,80,23,22
"ENSMUSG00000044317",58,46,20,31,21,25
"ENSMUSG00000044320",20,12,26,46,22,27
"ENSMUSG00000044322",16,12,16,28,23,30
"ENSMUSG00000044328",161,131,117,124,138,111
"ENSMUSG00000044337",4631,3701,1196,1607,2048,2970
"ENSMUSG00000044338",57,17,22,19,9,9
"ENSMUSG00000044339",93,69,78,64,67,41
"ENSMUSG00000044340",1790,1697,1188,1359,1746,2109
"ENSMUSG00000044345",886,738,795,875,834,798
"ENSMUSG00000044348",172,142,91,126,125,147
"ENSMUSG00000044349",26,60,118,228,184,102
"ENSMUSG00000044350",56,43,343,193,83,105
"ENSMUSG00000044352",32,25,3,8,6,12
"ENSMUSG00000044365",372,454,29,69,100,120
"ENSMUSG00000044367",537,422,428,408,569,477
"ENSMUSG00000044390",26,18,9,10,16,19
"ENSMUSG00000044393",4947,4902,6066,5750,5226,5333
"ENSMUSG00000044408",1816,1667,1468,1722,1586,1608
"ENSMUSG00000044424",29,25,55,52,31,22
"ENSMUSG00000044433",886,779,321,377,425,296
"ENSMUSG00000044442",639,709,777,706,630,641
"ENSMUSG00000044447",3082,2850,961,1102,1681,1761
"ENSMUSG00000044452",948,789,1033,1008,1084,784
"ENSMUSG00000044456",1754,1334,908,1222,2200,1445
"ENSMUSG00000044461",58,27,63,130,86,28
"ENSMUSG00000044465",800,762,675,737,831,646
"ENSMUSG00000044468",1822,2109,266,491,775,684
"ENSMUSG00000044469",32,17,33,32,11,14
"ENSMUSG00000044471",673,548,206,354,497,598
"ENSMUSG00000044475",585,501,549,553,588,451
"ENSMUSG00000044477",1456,1221,1181,1314,1399,1322
"ENSMUSG00000044496",716,579,895,831,629,506
"ENSMUSG00000044501",290,290,276,288,341,316
"ENSMUSG00000044502",425,408,547,500,536,445
"ENSMUSG00000044505",24,17,5,11,13,6
"ENSMUSG00000044522",5,7,13,12,17,9
"ENSMUSG00000044533",4411,4500,3082,2565,2055,2066
"ENSMUSG00000044544",13,22,4,7,4,16
"ENSMUSG00000044548",153,203,17,24,62,118
"ENSMUSG00000044550",19,22,0,3,8,11
"ENSMUSG00000044551",84,63,84,145,60,66
"ENSMUSG00000044562",102,44,26,23,16,22
"ENSMUSG00000044566",160,164,87,113,133,89
"ENSMUSG00000044573",349,350,878,732,378,301
"ENSMUSG00000044595",25,21,31,35,23,18
"ENSMUSG00000044600",1384,1329,977,1048,1066,1048
"ENSMUSG00000044609",18,23,19,22,18,22
"ENSMUSG00000044617",678,561,530,506,603,438
"ENSMUSG00000044626",237,237,123,87,41,59
"ENSMUSG00000044627",805,849,1121,1015,833,675
"ENSMUSG00000044628",15,11,16,11,5,2
"ENSMUSG00000044636",190,206,246,197,213,185
"ENSMUSG00000044641",446,485,444,602,719,463
"ENSMUSG00000044645",69,112,48,51,65,69
"ENSMUSG00000044646",308,318,744,534,607,489
"ENSMUSG00000044674",4954,3398,2477,2480,3826,3717
"ENSMUSG00000044676",574,595,227,283,240,163
"ENSMUSG00000044678",93,91,517,88,48,24
"ENSMUSG00000044694",1559,2106,170,359,769,944
"ENSMUSG00000044700",983,954,717,692,753,736
"ENSMUSG00000044702",60,77,133,108,98,50
"ENSMUSG00000044707",278,228,352,325,491,316
"ENSMUSG00000044709",462,308,404,391,416,349
"ENSMUSG00000044712",371,207,285,316,309,261
"ENSMUSG00000044715",199,173,343,321,277,223
"ENSMUSG00000044716",49,30,10,26,18,53
"ENSMUSG00000044719",10,12,10,10,6,8
"ENSMUSG00000044724",31,20,7,3,15,16
"ENSMUSG00000044730",265,214,117,186,149,98
"ENSMUSG00000044734",133,38,263,125,58,47
"ENSMUSG00000044748",3756,4337,1381,2114,3093,3128
"ENSMUSG00000044749",47,38,9,12,14,22
"ENSMUSG00000044751",15,8,25,24,14,28
"ENSMUSG00000044763",410,318,553,385,363,288
"ENSMUSG00000044768",493,498,536,522,572,445
"ENSMUSG00000044770",37,36,14,18,8,16
"ENSMUSG00000044783",607,605,1483,994,774,477
"ENSMUSG00000044786",24469,26778,10334,13789,17856,17788
"ENSMUSG00000044791",5620,5745,4931,4586,5615,5693
"ENSMUSG00000044792",1363,1365,895,1128,1148,980
"ENSMUSG00000044795",266,225,165,134,160,165
"ENSMUSG00000044807",312,243,80,144,255,226
"ENSMUSG00000044813",323,455,422,399,353,291
"ENSMUSG00000044816",4,12,49,18,14,14
"ENSMUSG00000044820",119,152,225,234,183,157
"ENSMUSG00000044827",14,8,71,65,10,8
"ENSMUSG00000044847",199,133,182,151,236,140
"ENSMUSG00000044854",13,16,16,11,6,5
"ENSMUSG00000044857",557,520,473,449,554,466
"ENSMUSG00000044864",1266,1230,2841,1962,1646,1625
"ENSMUSG00000044876",298,206,173,218,187,136
"ENSMUSG00000044881",80,71,51,75,31,34
"ENSMUSG00000044894",345,394,514,460,364,313
"ENSMUSG00000044906",32,41,79,53,29,37
"ENSMUSG00000044916",145,129,109,141,204,194
"ENSMUSG00000044921",217,206,102,63,148,91
"ENSMUSG00000044927",85,89,144,134,133,88
"ENSMUSG00000044934",151,235,662,434,357,259
"ENSMUSG00000044937",38,63,25,39,34,34
"ENSMUSG00000044948",1100,1458,543,721,862,966
"ENSMUSG00000044949",207,183,190,186,227,232
"ENSMUSG00000044950",661,688,570,506,620,621
"ENSMUSG00000044952",117,112,80,110,167,95
"ENSMUSG00000044957",82,58,27,34,50,47
"ENSMUSG00000044966",10,17,40,26,16,16
"ENSMUSG00000044968",36,63,47,47,36,46
"ENSMUSG00000044976",9,15,26,19,20,8
"ENSMUSG00000044982",238,187,172,158,169,163
"ENSMUSG00000044986",358,265,201,232,108,98
"ENSMUSG00000044991",86,78,46,53,67,50
"ENSMUSG00000044997",24,17,28,35,25,24
"ENSMUSG00000045004",25,16,9,14,6,22
"ENSMUSG00000045005",1688,1759,620,730,933,1184
"ENSMUSG00000045007",70,43,28,31,38,43
"ENSMUSG00000045009",48,26,10,16,34,14
"ENSMUSG00000045027",169,169,181,136,113,137
"ENSMUSG00000045031",30,32,24,22,39,24
"ENSMUSG00000045038",481,562,446,412,673,546
"ENSMUSG00000045039",1688,1357,1389,1513,1692,1551
"ENSMUSG00000045045",254,225,640,549,378,314
"ENSMUSG00000045055",4,17,24,12,11,18
"ENSMUSG00000045062",27,20,121,95,64,56
"ENSMUSG00000045064",376,302,288,305,459,316
"ENSMUSG00000045071",514,521,490,561,673,609
"ENSMUSG00000045078",1824,1688,1404,1365,1847,1609
"ENSMUSG00000045087",23,20,96,75,20,30
"ENSMUSG00000045092",106,58,20,18,16,8
"ENSMUSG00000045094",45,72,35,30,28,31
"ENSMUSG00000045095",2257,3000,1848,2211,1896,2656
"ENSMUSG00000045098",2871,2732,2056,2190,2612,2471
"ENSMUSG00000045100",153,163,117,132,157,163
"ENSMUSG00000045102",89,77,54,60,65,53
"ENSMUSG00000045103",715,705,1471,1761,1415,1044
"ENSMUSG00000045106",243,212,306,248,241,210
"ENSMUSG00000045107",74,60,76,67,72,44
"ENSMUSG00000045114",34,15,17,44,26,24
"ENSMUSG00000045128",7480,7168,8305,7729,8945,8984
"ENSMUSG00000045136",34,106,68,43,11,31
"ENSMUSG00000045140",67,81,110,96,133,70
"ENSMUSG00000045160",183,161,214,158,179,147
"ENSMUSG00000045176",164,110,108,118,133,117
"ENSMUSG00000045180",1537,1440,1308,1259,1445,1601
"ENSMUSG00000045193",1978,1536,981,962,1050,1240
"ENSMUSG00000045205",2232,2159,1564,1729,2273,2211
"ENSMUSG00000045210",2601,2420,2369,2210,2672,2471
"ENSMUSG00000045211",196,186,168,210,134,131
"ENSMUSG00000045215",14,16,6,4,4,11
"ENSMUSG00000045216",2614,1891,3835,2603,2713,2611
"ENSMUSG00000045237",252,281,242,292,278,285
"ENSMUSG00000045248",414,374,355,285,373,284
"ENSMUSG00000045251",74,50,55,59,48,53
"ENSMUSG00000045252",619,455,417,453,551,425
"ENSMUSG00000045257",27,30,29,32,53,50
"ENSMUSG00000045259",76,76,83,79,74,91
"ENSMUSG00000045268",114,91,99,104,118,83
"ENSMUSG00000045273",20,45,175,96,43,31
"ENSMUSG00000045275",64,60,44,52,52,62
"ENSMUSG00000045282",42,38,19,53,48,40
"ENSMUSG00000045284",153,295,76,114,90,80
"ENSMUSG00000045287",371,359,128,272,169,229
"ENSMUSG00000045294",501,954,631,634,264,428
"ENSMUSG00000045302",1575,1433,868,938,1068,871
"ENSMUSG00000045312",103,110,62,71,53,32
"ENSMUSG00000045314",166,291,109,146,58,133
"ENSMUSG00000045316",76,64,91,93,99,57
"ENSMUSG00000045319",196,275,424,616,308,236
"ENSMUSG00000045322",21,18,11,8,5,12
"ENSMUSG00000045327",40,13,47,31,25,46
"ENSMUSG00000045328",56,151,1233,782,487,309
"ENSMUSG00000045333",60,69,14,15,37,38
"ENSMUSG00000045348",63,63,61,46,61,51
"ENSMUSG00000045349",12,6,78,15,13,11
"ENSMUSG00000045374",556,417,591,557,536,498
"ENSMUSG00000045377",200,175,199,182,173,191
"ENSMUSG00000045382",60,50,37,48,43,64
"ENSMUSG00000045391",74,64,94,88,80,64
"ENSMUSG00000045392",5,7,84,43,52,62
"ENSMUSG00000045394",5464,5316,5067,5109,1474,2022
"ENSMUSG00000045409",807,679,507,626,595,572
"ENSMUSG00000045410",350,114,143,117,223,63
"ENSMUSG00000045411",896,891,980,912,634,793
"ENSMUSG00000045414",674,833,656,742,936,996
"ENSMUSG00000045427",2123,2197,2384,2284,2226,2252
"ENSMUSG00000045435",157,131,140,140,127,114
"ENSMUSG00000045438",162,127,184,167,146,127
"ENSMUSG00000045441",282,258,270,194,235,211
"ENSMUSG00000045464",79,77,122,108,132,111
"ENSMUSG00000045466",204,189,123,148,142,137
"ENSMUSG00000045467",52,45,16,34,27,38
"ENSMUSG00000045482",5007,4480,5279,5134,5341,4850
"ENSMUSG00000045498",30,36,49,47,26,21
"ENSMUSG00000045502",1082,1385,1300,1194,1443,1861
"ENSMUSG00000045503",389,376,462,374,360,314
"ENSMUSG00000045519",217,207,192,199,241,160
"ENSMUSG00000045538",92,66,135,110,99,60
"ENSMUSG00000045545",13090,13838,25858,21786,19571,28724
"ENSMUSG00000045573",199,434,33,55,107,211
"ENSMUSG00000045576",630,603,572,655,671,519
"ENSMUSG00000045594",290,299,303,501,243,500
"ENSMUSG00000045598",622,496,459,371,354,300
"ENSMUSG00000045624",1144,1179,1384,1129,1173,1056
"ENSMUSG00000045629",167,156,103,151,104,123
"ENSMUSG00000045636",5158,5016,2321,3314,3399,2625
"ENSMUSG00000045639",1082,819,795,806,1019,861
"ENSMUSG00000045658",3455,3902,1068,2202,2562,3212
"ENSMUSG00000045659",2902,2441,1454,1220,1501,2290
"ENSMUSG00000045664",54,46,115,130,78,85
"ENSMUSG00000045665",404,248,585,487,404,300
"ENSMUSG00000045667",14,91,18,7,2,9
"ENSMUSG00000045671",7240,6681,4121,4685,6404,7642
"ENSMUSG00000045672",294,229,19,44,86,79
"ENSMUSG00000045679",853,717,570,646,850,1034
"ENSMUSG00000045680",51,43,4,8,16,18
"ENSMUSG00000045689",24,12,41,32,20,38
"ENSMUSG00000045690",244,225,239,206,195,176
"ENSMUSG00000045691",456,427,427,434,445,330
"ENSMUSG00000045725",166,131,76,117,41,47
"ENSMUSG00000045730",453,440,321,386,250,365
"ENSMUSG00000045744",89,64,107,69,72,64
"ENSMUSG00000045751",112,203,779,430,287,229
"ENSMUSG00000045752",237,159,244,203,169,99
"ENSMUSG00000045757",190,205,133,165,159,96
"ENSMUSG00000045761",4,3,105,67,6,11
"ENSMUSG00000045763",232,170,1223,611,54,53
"ENSMUSG00000045767",3703,3540,3654,3992,4709,3736
"ENSMUSG00000045777",763,738,433,469,599,750
"ENSMUSG00000045790",158,166,49,80,37,48
"ENSMUSG00000045795",421,369,286,263,287,281
"ENSMUSG00000045799",315,400,451,426,337,293
"ENSMUSG00000045802",20,17,10,10,10,16
"ENSMUSG00000045817",9062,8714,5634,7003,11401,13264
"ENSMUSG00000045822",106,103,70,48,63,99
"ENSMUSG00000045826",19,11,3,6,2,11
"ENSMUSG00000045827",737,663,618,575,808,643
"ENSMUSG00000045838",326,217,159,210,201,194
"ENSMUSG00000045854",190,189,232,182,169,143
"ENSMUSG00000045867",172,220,140,155,180,136
"ENSMUSG00000045871",212,238,1098,1310,1160,803
"ENSMUSG00000045876",19,7,29,28,29,31
"ENSMUSG00000045877",63,38,54,65,86,66
"ENSMUSG00000045896",1218,1300,749,656,597,718
"ENSMUSG00000045917",20,11,16,8,11,6
"ENSMUSG00000045930",57,26,14,7,16,15
"ENSMUSG00000045932",1224,928,1105,312,391,383
"ENSMUSG00000045934",372,299,647,656,455,375
"ENSMUSG00000045948",147,103,118,108,88,76
"ENSMUSG00000045954",235,90,20,34,49,37
"ENSMUSG00000045962",10535,11265,9302,9525,11615,11344
"ENSMUSG00000045968",1947,1791,1308,1353,1841,1375
"ENSMUSG00000045969",855,849,620,636,1054,947
"ENSMUSG00000045973",1658,1752,1632,1696,1591,1309
"ENSMUSG00000045975",567,655,621,627,736,570
"ENSMUSG00000045980",382,321,294,337,403,265
"ENSMUSG00000045983",8205,9173,12549,11226,10202,9841
"ENSMUSG00000045996",80,77,150,118,95,127
"ENSMUSG00000046010",233,280,173,199,248,188
"ENSMUSG00000046020",715,785,803,758,683,633
"ENSMUSG00000046027",1967,1627,1288,1710,1524,1749
"ENSMUSG00000046032",671,748,1117,1110,915,841
"ENSMUSG00000046034",377,336,380,369,377,329
"ENSMUSG00000046056",34,20,249,242,25,24
"ENSMUSG00000046058",49,40,73,63,48,25
"ENSMUSG00000046062",2882,3221,2856,2811,2541,3053
"ENSMUSG00000046070",36,62,70,105,71,40
"ENSMUSG00000046079",771,725,2423,1857,975,717
"ENSMUSG00000046085",130,99,108,122,95,98
"ENSMUSG00000046093",21,16,33,6,34,31
"ENSMUSG00000046095",7,2,46,68,8,19
"ENSMUSG00000046096",924,870,537,558,835,813
"ENSMUSG00000046101",51,64,26,35,21,66
"ENSMUSG00000046110",810,854,517,643,664,544
"ENSMUSG00000046111",1118,1105,1284,1183,1179,1297
"ENSMUSG00000046138",2674,2776,2154,2182,3122,3176
"ENSMUSG00000046139",1241,1082,946,947,1045,1057
"ENSMUSG00000046145",462,349,520,419,401,316
"ENSMUSG00000046152",152,112,121,95,101,83
"ENSMUSG00000046157",211,160,228,248,211,152
"ENSMUSG00000046159",84,60,102,157,87,140
"ENSMUSG00000046168",20,16,24,14,20,16
"ENSMUSG00000046169",65,67,85,93,60,62
"ENSMUSG00000046179",25,58,479,297,171,146
"ENSMUSG00000046182",23,18,20,32,19,15
"ENSMUSG00000046185",530,363,629,559,656,455
"ENSMUSG00000046186",104,126,153,158,63,98
"ENSMUSG00000046191",16,8,25,51,39,22
"ENSMUSG00000046201",2406,2341,2034,2100,2205,2098
"ENSMUSG00000046219",31,11,16,22,20,19
"ENSMUSG00000046223",142,261,813,802,222,528
"ENSMUSG00000046229",498,432,365,351,456,432
"ENSMUSG00000046230",2345,2577,2152,1901,2222,2010
"ENSMUSG00000046242",18,8,4,10,9,12
"ENSMUSG00000046245",7,15,20,11,5,3
"ENSMUSG00000046269",164,178,61,76,120,157
"ENSMUSG00000046280",183,123,13,23,38,69
"ENSMUSG00000046295",5,11,56,47,23,12
"ENSMUSG00000046311",1095,1065,954,1028,1126,849
"ENSMUSG00000046312",233,201,242,277,260,208
"ENSMUSG00000046314",667,631,384,573,389,374
"ENSMUSG00000046318",5377,6192,1057,1951,3087,4304
"ENSMUSG00000046324",4333,4918,3621,3996,4960,3304
"ENSMUSG00000046329",512,510,94,161,215,195
"ENSMUSG00000046330",3138,3092,3731,3376,3410,3853
"ENSMUSG00000046337",18,18,46,40,32,21
"ENSMUSG00000046338",65,52,21,14,27,21
"ENSMUSG00000046341",31,29,63,43,52,25
"ENSMUSG00000046351",363,359,434,422,424,301
"ENSMUSG00000046352",101,101,1260,481,67,91
"ENSMUSG00000046364",4349,4466,4698,4310,4075,4762
"ENSMUSG00000046380",218,172,229,150,181,102
"ENSMUSG00000046387",35,31,128,102,65,83
"ENSMUSG00000046388",64,73,43,51,65,43
"ENSMUSG00000046402",999,990,1483,2007,1434,1579
"ENSMUSG00000046404",1050,1223,930,1088,1285,1673
"ENSMUSG00000046410",31,23,32,26,11,18
"ENSMUSG00000046413",91,80,73,121,84,115
"ENSMUSG00000046415",84,62,22,20,66,67
"ENSMUSG00000046417",86,76,49,64,37,59
"ENSMUSG00000046432",934,738,959,942,866,695
"ENSMUSG00000046434",6467,6784,10508,9013,7360,7413
"ENSMUSG00000046441",161,131,211,177,160,92
"ENSMUSG00000046442",113,101,19,27,37,25
"ENSMUSG00000046447",1043,773,188,242,639,559
"ENSMUSG00000046449",103,192,210,378,648,328
"ENSMUSG00000046456",63,72,18,24,40,66
"ENSMUSG00000046460",23,21,21,22,23,31
"ENSMUSG00000046463",122,114,130,124,111,115
"ENSMUSG00000046470",58,25,14,11,11,9
"ENSMUSG00000046480",80,41,49,50,57,47
"ENSMUSG00000046516",207,228,272,220,188,176
"ENSMUSG00000046519",681,641,577,569,588,437
"ENSMUSG00000046523",16,18,25,24,25,15
"ENSMUSG00000046532",8139,8745,7256,7833,10297,8351
"ENSMUSG00000046541",413,358,257,247,293,274
"ENSMUSG00000046546",272,200,147,149,173,172
"ENSMUSG00000046550",86,48,59,72,101,53
"ENSMUSG00000046556",979,598,686,708,981,634
"ENSMUSG00000046561",2,8,101,61,4,11
"ENSMUSG00000046562",888,704,828,782,956,634
"ENSMUSG00000046567",223,240,209,169,222,143
"ENSMUSG00000046572",182,165,241,204,246,143
"ENSMUSG00000046573",112,113,136,141,122,75
"ENSMUSG00000046574",2581,2179,1462,1464,2072,1939
"ENSMUSG00000046580",57,73,107,60,60,64
"ENSMUSG00000046589",123,87,111,121,76,79
"ENSMUSG00000046591",14,145,375,203,71,63
"ENSMUSG00000046598",30,55,130,93,9,15
"ENSMUSG00000046603",208,187,181,185,179,192
"ENSMUSG00000046605",288,232,251,214,224,237
"ENSMUSG00000046613",14,12,6,2,13,11
"ENSMUSG00000046618",5547,2500,3719,4229,6716,7099
"ENSMUSG00000046623",257,170,322,338,77,203
"ENSMUSG00000046636",75,75,69,50,49,51
"ENSMUSG00000046652",51,39,6,8,19,46
"ENSMUSG00000046658",813,713,567,502,689,596
"ENSMUSG00000046667",107,104,91,88,120,117
"ENSMUSG00000046668",367,284,783,571,486,341
"ENSMUSG00000046671",1032,953,604,753,643,739
"ENSMUSG00000046675",306,417,275,341,274,389
"ENSMUSG00000046679",424,369,328,373,399,317
"ENSMUSG00000046687",10,18,20,7,2,2
"ENSMUSG00000046688",353,485,359,292,257,294
"ENSMUSG00000046691",1468,1323,2101,1950,1989,1358
"ENSMUSG00000046694",501,252,183,141,375,124
"ENSMUSG00000046707",986,1000,1294,1174,1222,1099
"ENSMUSG00000046709",70,45,22,14,46,94
"ENSMUSG00000046711",361,529,333,186,356,387
"ENSMUSG00000046718",100,59,369,89,27,12
"ENSMUSG00000046719",106,62,17,7,32,34
"ENSMUSG00000046721",212,211,284,243,183,272
"ENSMUSG00000046722",1021,833,1485,1248,1260,910
"ENSMUSG00000046727",366,391,346,497,215,192
"ENSMUSG00000046731",152,124,177,210,171,101
"ENSMUSG00000046733",926,1445,1031,1255,715,1162
"ENSMUSG00000046743",1988,1505,1314,1987,2594,1721
"ENSMUSG00000046747",80,69,53,60,63,54
"ENSMUSG00000046753",1139,1010,592,705,789,836
"ENSMUSG00000046756",348,322,492,394,331,282
"ENSMUSG00000046761",1850,1731,2626,2286,1889,1535
"ENSMUSG00000046768",478,353,142,224,151,285
"ENSMUSG00000046782",1181,834,527,639,725,848
"ENSMUSG00000046785",1646,1355,1643,1669,1552,1285
"ENSMUSG00000046791",98,71,203,117,113,50
"ENSMUSG00000046792",355,322,238,283,311,243
"ENSMUSG00000046794",71,66,599,476,131,146
"ENSMUSG00000046798",633,588,389,406,559,479
"ENSMUSG00000046805",98,38,456,144,88,46
"ENSMUSG00000046806",267,151,323,228,223,198
"ENSMUSG00000046807",1725,1561,1327,1966,2881,3007
"ENSMUSG00000046808",1948,1875,1787,1346,2614,2406
"ENSMUSG00000046814",12,13,12,15,5,2
"ENSMUSG00000046818",30,38,203,64,45,25
"ENSMUSG00000046822",358,289,300,320,296,227
"ENSMUSG00000046826",119,99,55,112,85,76
"ENSMUSG00000046834",29,30,101,50,36,25
"ENSMUSG00000046836",1321,1217,1279,1361,1320,1214
"ENSMUSG00000046841",569,694,1727,1256,599,589
"ENSMUSG00000046854",15,17,6,4,3,14
"ENSMUSG00000046861",844,737,552,468,599,521
"ENSMUSG00000046862",1511,1615,515,676,1131,936
"ENSMUSG00000046865",515,634,1012,798,646,564
"ENSMUSG00000046873",915,930,1305,1108,998,971
"ENSMUSG00000046876",4724,5193,4483,4457,6028,6530
"ENSMUSG00000046879",462,263,2027,672,374,261
"ENSMUSG00000046881",15,16,5,3,5,11
"ENSMUSG00000046897",2277,1855,1469,1623,1794,1737
"ENSMUSG00000046908",128,119,480,279,240,226
"ENSMUSG00000046909",70,53,94,81,77,43
"ENSMUSG00000046947",498,470,444,411,430,287
"ENSMUSG00000046949",319,308,369,351,295,236
"ENSMUSG00000046959",69,66,54,64,48,41
"ENSMUSG00000046962",1938,2501,1029,1363,1294,1519
"ENSMUSG00000046971",38,66,115,169,40,91
"ENSMUSG00000046982",4334,4043,2008,2314,3657,4490
"ENSMUSG00000046985",1408,1357,1368,1386,1467,1502
"ENSMUSG00000046994",451,353,375,272,381,265
"ENSMUSG00000046997",9,9,62,67,148,89
"ENSMUSG00000047003",133,90,143,137,172,136
"ENSMUSG00000047022",622,498,355,353,406,416
"ENSMUSG00000047030",419,451,436,410,508,390
"ENSMUSG00000047033",7,7,18,7,15,18
"ENSMUSG00000047036",2995,2634,2436,2363,2737,2470
"ENSMUSG00000047037",195,140,196,182,211,185
"ENSMUSG00000047040",152,117,133,158,65,53
"ENSMUSG00000047044",146,156,177,146,158,117
"ENSMUSG00000047045",2192,2154,1728,2210,2501,2284
"ENSMUSG00000047061",46,89,54,64,44,53
"ENSMUSG00000047067",146,123,115,101,139,99
"ENSMUSG00000047084",597,423,473,456,521,275
"ENSMUSG00000047090",168,142,140,146,158,91
"ENSMUSG00000047098",711,622,609,467,485,429
"ENSMUSG00000047115",59,62,59,53,34,38
"ENSMUSG00000047117",75,57,58,51,61,51
"ENSMUSG00000047123",484,480,399,418,356,284
"ENSMUSG00000047126",16362,18487,15124,15225,13534,13537
"ENSMUSG00000047139",5887,6633,13324,12536,3300,4193
"ENSMUSG00000047141",1795,2055,1339,1457,1669,1872
"ENSMUSG00000047146",534,783,488,562,451,544
"ENSMUSG00000047150",79,55,79,91,91,64
"ENSMUSG00000047153",999,930,365,447,573,521
"ENSMUSG00000047161",135,54,54,61,67,22
"ENSMUSG00000047180",59,41,80,36,25,15
"ENSMUSG00000047181",161,143,278,300,173,165
"ENSMUSG00000047187",3113,3288,3276,3424,3279,3080
"ENSMUSG00000047193",1785,1911,1295,1337,1866,1776
"ENSMUSG00000047205",244,307,246,247,168,149
"ENSMUSG00000047213",3650,3815,3917,4085,4300,3913
"ENSMUSG00000047215",4739,4590,5468,4787,5172,5260
"ENSMUSG00000047216",27,40,18,18,32,19
"ENSMUSG00000047220",24,18,4,3,10,24
"ENSMUSG00000047221",122,114,202,166,133,96
"ENSMUSG00000047227",100,117,40,63,113,94
"ENSMUSG00000047238",63,59,49,61,73,50
"ENSMUSG00000047242",418,471,279,313,456,518
"ENSMUSG00000047246",415,357,764,642,378,391
"ENSMUSG00000047248",1299,1222,1377,1314,1178,1050
"ENSMUSG00000047250",922,968,1161,1614,804,890
"ENSMUSG00000047260",386,372,572,430,412,298
"ENSMUSG00000047264",377,232,292,338,350,268
"ENSMUSG00000047281",1988,3136,8412,8007,4976,6596
"ENSMUSG00000047284",888,916,699,783,856,720
"ENSMUSG00000047307",9,7,44,22,11,11
"ENSMUSG00000047330",254,340,1201,1091,1392,995
"ENSMUSG00000047342",40,27,14,12,20,24
"ENSMUSG00000047343",98,87,27,42,56,69
"ENSMUSG00000047344",1797,1784,136,293,543,790
"ENSMUSG00000047361",65,26,16,14,10,15
"ENSMUSG00000047368",553,497,747,753,731,609
"ENSMUSG00000047369",213,214,277,202,206,179
"ENSMUSG00000047370",13,12,7,16,7,14
"ENSMUSG00000047371",387,233,277,301,308,253
"ENSMUSG00000047379",288,212,256,288,336,242
"ENSMUSG00000047388",786,655,638,643,800,601
"ENSMUSG00000047394",32,25,5,7,18,15
"ENSMUSG00000047407",3014,5232,4564,6166,4129,6112
"ENSMUSG00000047409",5710,4833,3564,3829,4927,5350
"ENSMUSG00000047412",2981,2597,2258,2081,3136,2448
"ENSMUSG00000047414",142,177,54,52,102,73
"ENSMUSG00000047415",51,36,31,22,22,18
"ENSMUSG00000047417",825,815,635,684,683,628
"ENSMUSG00000047419",26,29,9,7,15,24
"ENSMUSG00000047420",113,109,4,6,7,43
"ENSMUSG00000047423",436,260,328,375,362,374
"ENSMUSG00000047428",2362,1699,755,889,1688,1792
"ENSMUSG00000047434",257,279,406,359,339,358
"ENSMUSG00000047443",35,31,42,36,23,24
"ENSMUSG00000047446",1045,1514,566,800,855,1390
"ENSMUSG00000047454",852,973,954,951,912,912
"ENSMUSG00000047459",1063,988,1313,1248,1185,1153
"ENSMUSG00000047466",919,935,946,916,1014,947
"ENSMUSG00000047473",177,92,49,85,112,88
"ENSMUSG00000047496",179,129,213,158,366,171
"ENSMUSG00000047497",49,34,27,27,37,28
"ENSMUSG00000047501",13588,17080,9630,12375,9107,13272
"ENSMUSG00000047502",19,23,3,3,13,11
"ENSMUSG00000047507",115,68,81,96,133,110
"ENSMUSG00000047514",1444,1480,1120,1340,1445,1053
"ENSMUSG00000047515",265,242,164,190,218,205
"ENSMUSG00000047517",0,0,389,145,0,107
"ENSMUSG00000047518",56,31,16,24,22,31
"ENSMUSG00000047534",47,96,426,312,162,140
"ENSMUSG00000047539",1123,1171,1346,1230,1328,1266
"ENSMUSG00000047547",1033,1015,1266,1108,1108,1118
"ENSMUSG00000047554",695,759,529,612,538,498
"ENSMUSG00000047557",254,355,456,492,415,307
"ENSMUSG00000047583",108,81,83,71,75,72
"ENSMUSG00000047591",200,159,203,195,554,470
"ENSMUSG00000047603",218,150,145,161,201,130
"ENSMUSG00000047604",189,237,167,215,242,467
"ENSMUSG00000047613",166,120,242,178,192,114
"ENSMUSG00000047617",197,143,92,85,101,79
"ENSMUSG00000047619",21,29,5,22,5,5
"ENSMUSG00000047631",175,168,61,105,31,19
"ENSMUSG00000047632",57,50,24,52,30,50
"ENSMUSG00000047635",100,105,130,124,123,75
"ENSMUSG00000047641",25,18,12,6,8,6
"ENSMUSG00000047648",1071,1306,701,789,870,1432
"ENSMUSG00000047649",366,322,449,366,257,219
"ENSMUSG00000047654",15,9,26,23,20,16
"ENSMUSG00000047656",89,75,28,56,53,62
"ENSMUSG00000047658",12,13,2,3,5,16
"ENSMUSG00000047669",48,48,81,60,43,31
"ENSMUSG00000047671",43,35,22,30,22,27
"ENSMUSG00000047675",6250,6496,6582,6078,6214,7205
"ENSMUSG00000047676",2954,2736,2434,2020,1727,1772
"ENSMUSG00000047678",37,35,25,39,50,47
"ENSMUSG00000047692",141,124,28,40,77,73
"ENSMUSG00000047694",2274,2193,2209,2320,2217,1822
"ENSMUSG00000047710",854,815,907,812,938,595
"ENSMUSG00000047712",314,321,701,993,785,750
"ENSMUSG00000047714",1432,1292,1660,1683,1288,1476
"ENSMUSG00000047719",222,206,265,238,230,149
"ENSMUSG00000047721",235,210,294,301,215,200
"ENSMUSG00000047730",4653,3330,759,668,677,839
"ENSMUSG00000047731",1905,1754,1774,1808,2239,1758
"ENSMUSG00000047733",20,15,21,15,23,18
"ENSMUSG00000047735",898,625,1791,913,689,560
"ENSMUSG00000047747",114,117,152,76,44,54
"ENSMUSG00000047749",726,556,465,467,645,506
"ENSMUSG00000047757",53,73,140,100,91,54
"ENSMUSG00000047759",240,205,29,39,214,131
"ENSMUSG00000047766",276,239,277,264,168,219
"ENSMUSG00000047767",581,511,222,297,436,357
"ENSMUSG00000047777",1073,946,621,533,938,765
"ENSMUSG00000047786",27,59,14,36,32,30
"ENSMUSG00000047787",283,336,2730,928,7421,817
"ENSMUSG00000047789",343,275,218,255,293,258
"ENSMUSG00000047793",3113,2403,893,1656,2686,2666
"ENSMUSG00000047797",49,40,40,64,19,21
"ENSMUSG00000047804",945,835,875,746,1056,903
"ENSMUSG00000047807",74,92,35,38,67,78
"ENSMUSG00000047810",13,8,21,11,0,0
"ENSMUSG00000047821",985,1471,979,1137,761,938
"ENSMUSG00000047824",911,798,703,742,829,608
"ENSMUSG00000047832",403,400,782,634,464,484
"ENSMUSG00000047843",182,132,246,187,176,150
"ENSMUSG00000047844",31,36,7,10,38,11
"ENSMUSG00000047854",107,112,48,56,85,83
"ENSMUSG00000047861",24,21,2,11,17,24
"ENSMUSG00000047866",1774,1561,1288,1363,1426,1441
"ENSMUSG00000047867",64,35,10,15,7,15
"ENSMUSG00000047875",111,75,43,38,27,50
"ENSMUSG00000047878",2213,1667,455,857,1303,859
"ENSMUSG00000047879",1196,1299,2186,1902,1427,1186
"ENSMUSG00000047880",47,49,73,48,50,82
"ENSMUSG00000047881",526,531,1122,894,656,608
"ENSMUSG00000047888",5286,5088,3995,3705,5262,4849
"ENSMUSG00000047905",10,13,10,7,6,14
"ENSMUSG00000047907",6536,6552,1946,2504,4936,5355
"ENSMUSG00000047909",409,263,366,423,278,406
"ENSMUSG00000047910",54,40,125,85,68,107
"ENSMUSG00000047911",19,17,17,11,15,24
"ENSMUSG00000047921",640,602,617,585,577,579
"ENSMUSG00000047945",1690,1920,2668,2739,3459,2250
"ENSMUSG00000047963",2064,1675,1009,391,1969,655
"ENSMUSG00000047965",8,22,13,20,8,15
"ENSMUSG00000047976",53,48,9,15,26,27
"ENSMUSG00000047988",233,178,88,108,134,184
"ENSMUSG00000047989",300,243,333,300,302,272
"ENSMUSG00000047990",7,23,19,14,11,21
"ENSMUSG00000047996",217,194,161,117,190,159
"ENSMUSG00000048000",2526,2688,2387,2492,2888,2423
"ENSMUSG00000048003",27,35,19,20,5,22
"ENSMUSG00000048007",27,30,65,48,36,21
"ENSMUSG00000048012",47,38,28,35,38,53
"ENSMUSG00000048022",62,120,220,407,602,399
"ENSMUSG00000048027",1279,1176,1035,1265,1519,1320
"ENSMUSG00000048029",34,27,21,14,22,12
"ENSMUSG00000048038",4,12,7,18,29,32
"ENSMUSG00000048039",853,718,1138,958,874,762
"ENSMUSG00000048040",70,72,42,52,79,66
"ENSMUSG00000048047",1396,1407,1771,1694,1916,1413
"ENSMUSG00000048058",811,900,930,1081,1113,1072
"ENSMUSG00000048070",103,92,22,39,19,27
"ENSMUSG00000048076",3853,4197,4671,4533,3636,3435
"ENSMUSG00000048078",792,556,5232,3984,3165,2612
"ENSMUSG00000048087",86,169,340,295,150,131
"ENSMUSG00000048096",93,63,26,28,30,53
"ENSMUSG00000048100",531,695,718,868,636,724
"ENSMUSG00000048106",265,97,90,105,104,69
"ENSMUSG00000048109",1450,1646,1498,1416,1510,1200
"ENSMUSG00000048118",1921,2026,1198,1226,1621,1846
"ENSMUSG00000048120",194,123,49,47,42,57
"ENSMUSG00000048126",771,1547,168,346,112,155
"ENSMUSG00000048142",19,32,2,3,4,11
"ENSMUSG00000048153",23,7,3,4,10,12
"ENSMUSG00000048154",9908,9171,7034,7354,10392,8978
"ENSMUSG00000048163",23,9,20,14,3,14
"ENSMUSG00000048170",2960,2432,2580,2314,2810,2374
"ENSMUSG00000048174",81,59,43,50,66,57
"ENSMUSG00000048175",289,232,307,293,333,242
"ENSMUSG00000048186",148,201,62,104,118,62
"ENSMUSG00000048191",305,173,92,125,220,176
"ENSMUSG00000048200",967,488,189,256,335,333
"ENSMUSG00000048218",160,157,94,97,109,120
"ENSMUSG00000048222",539,494,388,329,461,316
"ENSMUSG00000048232",380,322,194,232,274,274
"ENSMUSG00000048234",2737,2718,1435,1351,1573,1797
"ENSMUSG00000048240",95,105,26,42,21,48
"ENSMUSG00000048249",3517,3620,1083,1392,2516,3086
"ENSMUSG00000048251",16,13,434,177,159,98
"ENSMUSG00000048264",1022,1191,736,769,1271,1000
"ENSMUSG00000048271",3857,3769,2411,2836,3446,3724
"ENSMUSG00000048277",1074,922,1454,1392,936,758
"ENSMUSG00000048279",47,95,42,52,60,70
"ENSMUSG00000048280",515,438,433,469,498,378
"ENSMUSG00000048285",5946,7196,5563,7041,7826,8981
"ENSMUSG00000048307",731,594,581,537,658,569
"ENSMUSG00000048310",791,711,693,683,811,701
"ENSMUSG00000048316",150,146,98,113,147,152
"ENSMUSG00000048327",57,109,899,631,320,271
"ENSMUSG00000048330",70,57,96,75,72,40
"ENSMUSG00000048332",520,326,243,314,742,750
"ENSMUSG00000048347",23,18,37,39,20,27
"ENSMUSG00000048351",104,115,166,134,101,64
"ENSMUSG00000048355",25,35,6,11,28,16
"ENSMUSG00000048368",70,43,14,23,86,12
"ENSMUSG00000048371",1074,1105,580,614,677,701
"ENSMUSG00000048373",592,637,1071,589,526,580
"ENSMUSG00000048376",723,507,925,778,572,625
"ENSMUSG00000048379",1765,1616,2055,2016,2275,1781
"ENSMUSG00000048387",74,41,40,23,30,24
"ENSMUSG00000048388",20,57,9,6,9,34
"ENSMUSG00000048399",40,43,102,97,157,102
"ENSMUSG00000048402",9,67,6,3,19,25
"ENSMUSG00000048406",51,39,34,39,54,66
"ENSMUSG00000048410",1216,1190,1181,1206,1273,1324
"ENSMUSG00000048416",18,15,16,18,5,8
"ENSMUSG00000048429",743,649,604,596,667,569
"ENSMUSG00000048439",125,110,166,166,103,94
"ENSMUSG00000048440",128,89,136,142,87,80
"ENSMUSG00000048442",130,92,16,28,28,30
"ENSMUSG00000048445",211,175,118,108,149,124
"ENSMUSG00000048450",24,26,4,14,6,14
"ENSMUSG00000048458",95,64,142,114,157,88
"ENSMUSG00000048478",32,53,43,59,49,37
"ENSMUSG00000048481",75,81,63,125,96,83
"ENSMUSG00000048485",1039,759,254,467,803,345
"ENSMUSG00000048486",308,265,303,215,301,213
"ENSMUSG00000048489",213,68,58,43,46,51
"ENSMUSG00000048490",13295,14000,12410,12747,14894,11870
"ENSMUSG00000048495",295,284,394,418,330,269
"ENSMUSG00000048497",330,285,176,167,146,144
"ENSMUSG00000048503",26,36,16,14,16,21
"ENSMUSG00000048521",24,15,22,27,17,14
"ENSMUSG00000048534",14,9,11,20,13,14
"ENSMUSG00000048537",1991,1505,788,1240,1675,1920
"ENSMUSG00000048546",1441,1768,975,1149,1313,1144
"ENSMUSG00000048550",63,101,123,120,78,37
"ENSMUSG00000048562",2605,2295,3297,3072,3109,2101
"ENSMUSG00000048572",1032,1018,173,464,437,1355
"ENSMUSG00000048578",3923,4277,6830,6847,5288,3855
"ENSMUSG00000048581",180,179,179,150,158,99
"ENSMUSG00000048583",137,60,18,7,60,50
"ENSMUSG00000048600",10,11,5,11,14,22
"ENSMUSG00000048603",859,909,1335,1101,966,955
"ENSMUSG00000048612",2850,2824,9496,7762,3745,2907
"ENSMUSG00000048617",85,58,12,8,14,48
"ENSMUSG00000048621",19,21,17,19,10,14
"ENSMUSG00000048636",168,151,281,304,480,375
"ENSMUSG00000048644",26,34,81,80,41,27
"ENSMUSG00000048647",125,120,48,72,132,136
"ENSMUSG00000048652",14,9,22,11,14,2
"ENSMUSG00000048661",1566,1777,1204,1199,1283,1617
"ENSMUSG00000048668",193,178,308,351,266,259
"ENSMUSG00000048677",167,126,219,211,144,134
"ENSMUSG00000048696",420,260,560,529,409,393
"ENSMUSG00000048699",4,7,24,14,9,14
"ENSMUSG00000048701",2713,2737,3064,3166,3148,2817
"ENSMUSG00000048706",777,636,550,798,761,572
"ENSMUSG00000048707",212,150,463,397,253,155
"ENSMUSG00000048709",80,96,169,69,125,104
"ENSMUSG00000048720",459,557,337,452,526,492
"ENSMUSG00000048728",36,22,18,14,27,15
"ENSMUSG00000048731",435,367,632,626,415,330
"ENSMUSG00000048732",847,801,722,718,909,825
"ENSMUSG00000048747",201,202,164,151,234,249
"ENSMUSG00000048755",222,113,218,199,170,123
"ENSMUSG00000048756",7262,7314,3528,4443,6818,6475
"ENSMUSG00000048758",173,137,247,210,173,214
"ENSMUSG00000048763",221,106,111,114,142,108
"ENSMUSG00000048772",68,53,61,39,73,43
"ENSMUSG00000048776",98,122,6,11,50,31
"ENSMUSG00000048779",36,25,165,73,11,8
"ENSMUSG00000048787",1126,1530,886,1122,1234,1274
"ENSMUSG00000048794",69,54,20,22,39,27
"ENSMUSG00000048796",243,216,207,202,200,144
"ENSMUSG00000048799",1046,1087,827,842,990,1022
"ENSMUSG00000048807",157,150,249,231,180,114
"ENSMUSG00000048814",319,281,22,68,95,111
"ENSMUSG00000048826",102,78,253,173,232,125
"ENSMUSG00000048827",375,359,355,411,352,445
"ENSMUSG00000048832",481,465,468,498,405,341
"ENSMUSG00000048833",1726,1903,1734,1656,1818,1416
"ENSMUSG00000048852",14,8,318,16,5,9
"ENSMUSG00000048856",37,30,20,23,17,19
"ENSMUSG00000048865",19,15,27,15,16,12
"ENSMUSG00000048874",4828,4488,3564,3759,4972,4513
"ENSMUSG00000048878",2487,2530,1353,1566,2281,2714
"ENSMUSG00000048895",65,41,31,43,34,47
"ENSMUSG00000048897",433,367,555,509,379,290
"ENSMUSG00000048911",370,340,409,435,530,400
"ENSMUSG00000048915",984,1164,1367,726,953,1054
"ENSMUSG00000048916",155,145,16,18,28,27
"ENSMUSG00000048920",557,424,561,616,638,390
"ENSMUSG00000048921",107,89,80,87,87,64
"ENSMUSG00000048922",206,251,565,428,441,339
"ENSMUSG00000048924",425,373,348,438,253,280
"ENSMUSG00000048930",579,599,435,472,506,458
"ENSMUSG00000048949",123,145,135,140,119,83
"ENSMUSG00000048960",723,493,46,79,107,124
"ENSMUSG00000048965",52,53,49,52,44,34
"ENSMUSG00000048967",56,36,19,26,30,22
"ENSMUSG00000048970",400,325,369,378,335,312
"ENSMUSG00000048981",15,12,10,14,19,31
"ENSMUSG00000048988",71,69,207,181,19,21
"ENSMUSG00000048997",102,106,105,124,113,121
"ENSMUSG00000049001",13,9,13,7,46,22
"ENSMUSG00000049013",63,52,34,46,43,28
"ENSMUSG00000049038",56,49,59,56,37,40
"ENSMUSG00000049044",91,90,71,72,73,128
"ENSMUSG00000049047",391,388,244,370,318,325
"ENSMUSG00000049076",3268,3310,3484,3603,3699,3409
"ENSMUSG00000049086",394,248,624,582,280,248
"ENSMUSG00000049090",913,776,722,755,926,873
"ENSMUSG00000049091",506,715,579,505,369,422
"ENSMUSG00000049092",14,17,14,18,3,15
"ENSMUSG00000049100",43,50,28,8,57,82
"ENSMUSG00000049103",24,2,61,38,11,16
"ENSMUSG00000049106",1581,1412,1213,1353,1531,1400
"ENSMUSG00000049107",59,22,2,2,36,8
"ENSMUSG00000049115",2861,3324,1796,2468,2708,2156
"ENSMUSG00000049119",180,133,176,204,266,205
"ENSMUSG00000049124",79,100,173,136,137,143
"ENSMUSG00000049128",3,7,515,635,27,28
"ENSMUSG00000049130",27,38,29,10,10,12
"ENSMUSG00000049134",188,95,31,51,69,94
"ENSMUSG00000049164",1210,1195,929,967,1068,886
"ENSMUSG00000049176",9,4,196,101,166,69
"ENSMUSG00000049184",90,60,48,48,81,60
"ENSMUSG00000049191",144,113,34,47,97,101
"ENSMUSG00000049225",475,451,470,452,506,499
"ENSMUSG00000049230",24,32,55,36,44,37
"ENSMUSG00000049232",447,401,407,468,418,317
"ENSMUSG00000049241",13,13,14,16,22,8
"ENSMUSG00000049265",92,133,32,76,25,70
"ENSMUSG00000049285",32,43,39,35,27,16
"ENSMUSG00000049287",204,201,118,138,138,125
"ENSMUSG00000049288",182,128,210,182,125,117
"ENSMUSG00000049295",1937,1545,1101,1260,1557,1413
"ENSMUSG00000049299",243,209,385,414,292,220
"ENSMUSG00000049300",153,133,231,214,155,91
"ENSMUSG00000049303",70,90,247,206,172,118
"ENSMUSG00000049305",655,511,781,661,803,500
"ENSMUSG00000049307",129,87,229,257,184,104
"ENSMUSG00000049313",9740,9489,5839,6880,7041,7043
"ENSMUSG00000049321",196,126,105,126,157,121
"ENSMUSG00000049323",1507,1683,1325,1324,1509,1346
"ENSMUSG00000049327",1499,1583,2709,2260,2077,1835
"ENSMUSG00000049336",4910,3671,1531,1701,4890,5359
"ENSMUSG00000049339",956,828,923,910,936,734
"ENSMUSG00000049354",2334,2180,3205,2975,2836,2228
"ENSMUSG00000049357",23,32,6,11,15,14
"ENSMUSG00000049382",4964,4872,5869,6558,4066,4906
"ENSMUSG00000049396",533,521,493,505,458,702
"ENSMUSG00000049401",562,475,853,581,476,455
"ENSMUSG00000049409",42,32,46,64,57,48
"ENSMUSG00000049411",97,131,133,102,69,73
"ENSMUSG00000049421",1016,871,1206,1298,1177,811
"ENSMUSG00000049422",65,131,109,76,26,18
"ENSMUSG00000049436",372,377,1183,1587,373,332
"ENSMUSG00000049439",345,326,288,329,236,230
"ENSMUSG00000049470",11329,11965,9028,9646,9687,11776
"ENSMUSG00000049482",528,516,479,370,408,452
"ENSMUSG00000049488",421,459,308,291,350,346
"ENSMUSG00000049489",71,40,72,79,68,54
"ENSMUSG00000049493",71,92,143,174,44,51
"ENSMUSG00000049502",893,658,2764,1387,662,505
"ENSMUSG00000049504",1090,848,1047,1125,1003,973
"ENSMUSG00000049515",21,13,2,6,11,16
"ENSMUSG00000049516",3999,5481,2204,2730,3053,4016
"ENSMUSG00000049517",2614,2677,3401,2810,2978,3378
"ENSMUSG00000049521",420,432,823,845,476,559
"ENSMUSG00000049526",46,64,50,51,34,22
"ENSMUSG00000049532",334,267,179,228,294,214
"ENSMUSG00000049536",217,180,92,158,214,173
"ENSMUSG00000049539",56,109,728,453,162,184
"ENSMUSG00000049550",3316,3184,2956,3035,3331,3654
"ENSMUSG00000049551",23,18,11,14,56,24
"ENSMUSG00000049553",1025,1260,1771,1399,1166,1099
"ENSMUSG00000049555",29,45,20,20,18,19
"ENSMUSG00000049556",18,12,72,77,39,48
"ENSMUSG00000049562",205,203,147,159,196,163
"ENSMUSG00000049565",3,2,58,43,29,12
"ENSMUSG00000049571",48,53,9,22,28,44
"ENSMUSG00000049577",692,580,535,611,676,608
"ENSMUSG00000049580",473,364,727,555,975,702
"ENSMUSG00000049600",238,179,285,246,251,195
"ENSMUSG00000049604",2214,1842,851,1305,1760,1681
"ENSMUSG00000049606",4692,5071,3817,4176,5664,5647
"ENSMUSG00000049612",40,31,27,35,48,31
"ENSMUSG00000049624",511,461,313,346,388,346
"ENSMUSG00000049643",266,209,222,203,199,197
"ENSMUSG00000049649",62,59,11,23,30,62
"ENSMUSG00000049657",427,314,531,483,611,402
"ENSMUSG00000049658",2872,3487,2324,2288,2739,3134
"ENSMUSG00000049659",2236,2115,2153,2286,2171,1920
"ENSMUSG00000049670",125,151,44,47,54,44
"ENSMUSG00000049672",416,337,427,359,436,271
"ENSMUSG00000049676",58,29,13,27,14,27
"ENSMUSG00000049680",657,591,575,566,657,519
"ENSMUSG00000049686",172,150,128,130,156,140
"ENSMUSG00000049687",46,45,57,72,88,69
"ENSMUSG00000049690",133,179,201,243,189,134
"ENSMUSG00000049699",56,38,129,130,81,96
"ENSMUSG00000049709",503,460,943,1275,312,172
"ENSMUSG00000049717",142,120,220,146,234,152
"ENSMUSG00000049721",49,22,139,133,27,19
"ENSMUSG00000049723",25,8,12,15,20,27
"ENSMUSG00000049728",429,286,493,498,437,403
"ENSMUSG00000049734",197,184,251,162,149,118
"ENSMUSG00000049739",1569,1233,1364,1214,1565,1239
"ENSMUSG00000049751",1033,1038,1512,1293,1090,1105
"ENSMUSG00000049755",484,414,476,476,474,387
"ENSMUSG00000049760",283,302,391,414,334,317
"ENSMUSG00000049764",233,219,365,247,473,223
"ENSMUSG00000049775",9173,10178,9474,11302,10786,11850
"ENSMUSG00000049791",714,556,627,942,504,704
"ENSMUSG00000049792",519,461,565,447,501,423
"ENSMUSG00000049800",1993,2108,1594,1591,1964,2458
"ENSMUSG00000049804",166,137,120,169,94,171
"ENSMUSG00000049807",2539,1944,1071,1227,1479,2114
"ENSMUSG00000049811",706,500,253,341,508,543
"ENSMUSG00000049823",174,160,142,153,203,153
"ENSMUSG00000049832",36,22,18,19,18,30
"ENSMUSG00000049858",1271,1259,515,876,1246,1002
"ENSMUSG00000049866",2202,2081,2945,2905,2210,1936
"ENSMUSG00000049871",97,63,33,23,43,48
"ENSMUSG00000049878",1975,2155,1718,1701,1796,1856
"ENSMUSG00000049881",75,76,117,85,85,73
"ENSMUSG00000049882",103,77,108,122,85,57
"ENSMUSG00000049891",14,12,33,18,9,12
"ENSMUSG00000049892",895,1006,1404,1539,1243,1098
"ENSMUSG00000049904",43,25,68,67,58,40
"ENSMUSG00000049907",440,478,277,345,456,794
"ENSMUSG00000049922",249,146,455,338,225,137
"ENSMUSG00000049928",43,39,10,8,67,25
"ENSMUSG00000049929",20,12,10,4,22,12
"ENSMUSG00000049932",268,374,1206,820,522,402
"ENSMUSG00000049939",91,87,175,130,65,48
"ENSMUSG00000049940",1085,923,930,863,917,778
"ENSMUSG00000049950",62,72,116,88,62,46
"ENSMUSG00000049957",367,325,309,326,340,268
"ENSMUSG00000049960",145,152,211,174,164,123
"ENSMUSG00000049969",1216,1189,1398,1351,1481,1239
"ENSMUSG00000049971",34,129,143,138,5,9
"ENSMUSG00000049999",20,17,11,18,25,6
"ENSMUSG00000050002",237,179,226,218,155,112
"ENSMUSG00000050010",67,71,21,24,32,14
"ENSMUSG00000050017",1942,2002,2404,2008,2252,2198
"ENSMUSG00000050022",478,468,440,501,715,655
"ENSMUSG00000050029",941,815,992,934,994,891
"ENSMUSG00000050043",517,547,700,636,538,378
"ENSMUSG00000050050",179,166,127,73,147,83
"ENSMUSG00000050052",238,200,53,79,159,115
"ENSMUSG00000050064",405,409,153,195,267,192
"ENSMUSG00000050071",35,80,9,27,14,15
"ENSMUSG00000050074",177,100,5,6,28,8
"ENSMUSG00000050079",661,608,718,742,673,543
"ENSMUSG00000050088",967,856,984,1088,1136,951
"ENSMUSG00000050097",93,53,107,93,101,67
"ENSMUSG00000050103",537,529,405,436,463,412
"ENSMUSG00000050106",75,35,31,28,27,32
"ENSMUSG00000050107",13,11,107,52,36,19
"ENSMUSG00000050132",25,17,3,10,13,14
"ENSMUSG00000050144",848,755,661,687,937,739
"ENSMUSG00000050148",2997,2825,2277,2902,2851,2704
"ENSMUSG00000050150",26,29,2,4,11,25
"ENSMUSG00000050157",9,30,25,12,6,2
"ENSMUSG00000050174",130,132,63,75,100,99
"ENSMUSG00000050188",63,58,68,92,89,53
"ENSMUSG00000050192",146,124,167,137,144,189
"ENSMUSG00000050195",97,23,47,56,32,44
"ENSMUSG00000050199",8143,8123,10824,9911,9570,10209
"ENSMUSG00000050212",120,114,69,80,86,75
"ENSMUSG00000050213",322,271,357,328,286,240
"ENSMUSG00000050222",76,62,34,38,46,44
"ENSMUSG00000050229",1023,842,1047,969,1127,740
"ENSMUSG00000050234",53,22,7,11,6,8
"ENSMUSG00000050240",634,608,160,236,354,338
"ENSMUSG00000050244",1140,1231,2306,1581,1387,1281
"ENSMUSG00000050248",804,760,828,852,971,852
"ENSMUSG00000050270",145,122,47,47,62,79
"ENSMUSG00000050271",1060,797,4830,3698,2039,1858
"ENSMUSG00000050288",890,668,858,916,1336,1096
"ENSMUSG00000050295",1822,1670,1392,1416,2315,2181
"ENSMUSG00000050299",277,230,265,212,230,326
"ENSMUSG00000050304",37,21,10,16,20,21
"ENSMUSG00000050310",3541,3422,2124,2230,3052,3211
"ENSMUSG00000050312",452,483,549,497,410,348
"ENSMUSG00000050315",497,344,287,279,425,319
"ENSMUSG00000050323",103,82,98,91,89,98
"ENSMUSG00000050332",826,783,786,667,710,768
"ENSMUSG00000050335",115,113,1375,1365,87,91
"ENSMUSG00000050357",65,49,77,50,45,70
"ENSMUSG00000050359",175,1103,3675,4309,680,859
"ENSMUSG00000050368",222,230,250,297,329,373
"ENSMUSG00000050370",16,26,44,15,52,54
"ENSMUSG00000050373",304,226,172,206,205,198
"ENSMUSG00000050379",238,239,229,212,160,188
"ENSMUSG00000050382",126,124,120,132,120,105
"ENSMUSG00000050390",3062,2318,3128,3065,2795,2198
"ENSMUSG00000050394",67,48,44,61,81,48
"ENSMUSG00000050410",101,91,403,253,178,117
"ENSMUSG00000050428",400,349,298,289,375,297
"ENSMUSG00000050447",13,23,3,6,14,9
"ENSMUSG00000050463",24,30,90,81,7,15
"ENSMUSG00000050471",868,760,700,737,784,720
"ENSMUSG00000050503",212,215,167,182,224,203
"ENSMUSG00000050511",91,141,93,118,99,137
"ENSMUSG00000050520",1611,1607,355,525,587,348
"ENSMUSG00000050530",295,308,183,247,259,285
"ENSMUSG00000050538",25,15,7,7,5,22
"ENSMUSG00000050545",15,20,24,16,18,21
"ENSMUSG00000050549",408,311,387,341,472,399
"ENSMUSG00000050550",128,110,173,177,90,110
"ENSMUSG00000050552",167,178,194,219,196,168
"ENSMUSG00000050555",235,223,322,322,295,214
"ENSMUSG00000050556",68,36,2,3,11,12
"ENSMUSG00000050558",10,12,47,27,130,144
"ENSMUSG00000050565",3502,3401,4493,3922,3486,3180
"ENSMUSG00000050567",2081,2340,1212,1351,1576,1782
"ENSMUSG00000050592",100,86,109,105,96,54
"ENSMUSG00000050605",185,97,117,134,141,99
"ENSMUSG00000050608",695,729,1012,954,939,816
"ENSMUSG00000050619",754,597,751,618,777,663
"ENSMUSG00000050621",224,248,219,159,181,253
"ENSMUSG00000050623",52,45,24,27,43,24
"ENSMUSG00000050627",825,785,912,932,810,820
"ENSMUSG00000050628",530,537,493,449,491,451
"ENSMUSG00000050640",222,294,588,656,531,620
"ENSMUSG00000050666",34,17,3,2,10,8
"ENSMUSG00000050668",502,508,499,498,462,258
"ENSMUSG00000050671",186,215,7,12,23,35
"ENSMUSG00000050675",118,62,27,24,51,80
"ENSMUSG00000050677",20,27,14,18,9,6
"ENSMUSG00000050697",1812,1907,2039,2022,2179,1797
"ENSMUSG00000050705",166,150,207,215,173,134
"ENSMUSG00000050708",3718,3651,2971,3612,2922,2845
"ENSMUSG00000050714",207,136,194,204,205,153
"ENSMUSG00000050721",160,164,128,106,97,108
"ENSMUSG00000050730",1253,1144,1497,1696,1938,1589
"ENSMUSG00000050732",844,822,698,695,677,655
"ENSMUSG00000050737",3532,3052,2552,2733,3508,3146
"ENSMUSG00000050747",37,22,22,16,29,24
"ENSMUSG00000050777",60,39,26,46,46,25
"ENSMUSG00000050786",135,205,206,207,212,155
"ENSMUSG00000050796",205,219,328,284,242,176
"ENSMUSG00000050808",56,27,148,223,155,128
"ENSMUSG00000050812",4098,4009,4171,4203,4468,4458
"ENSMUSG00000050821",107,97,64,102,143,94
"ENSMUSG00000050822",27,30,24,23,10,22
"ENSMUSG00000050846",230,165,161,187,249,187
"ENSMUSG00000050854",49,54,43,24,15,24
"ENSMUSG00000050855",82,77,34,67,72,56
"ENSMUSG00000050856",364,377,616,505,402,407
"ENSMUSG00000050860",421,371,436,579,909,625
"ENSMUSG00000050890",394,311,528,438,466,342
"ENSMUSG00000050891",243,269,228,238,238,255
"ENSMUSG00000050900",4,13,10,14,2,8
"ENSMUSG00000050908",162,119,286,227,218,173
"ENSMUSG00000050910",108,106,95,101,119,86
"ENSMUSG00000050912",6290,7193,4958,5412,5004,5131
"ENSMUSG00000050914",29,20,36,36,18,44
"ENSMUSG00000050930",106,59,43,36,27,32
"ENSMUSG00000050931",963,1228,594,720,513,1082
"ENSMUSG00000050936",606,640,1956,1557,777,734
"ENSMUSG00000050944",29,30,12,15,26,31
"ENSMUSG00000050945",381,433,199,198,308,261
"ENSMUSG00000050947",537,408,157,197,318,205
"ENSMUSG00000050953",2726,2699,11687,7865,8022,6660
"ENSMUSG00000050954",344,252,242,289,302,165
"ENSMUSG00000050957",12,12,71,76,39,47
"ENSMUSG00000050965",541,815,802,879,438,527
"ENSMUSG00000050967",78,76,6,14,18,16
"ENSMUSG00000050973",183,146,182,121,135,124
"ENSMUSG00000050989",995,882,810,933,810,765
"ENSMUSG00000051000",584,540,861,728,530,509
"ENSMUSG00000051007",246,234,262,228,248,172
"ENSMUSG00000051008",49,44,34,30,20,19
"ENSMUSG00000051022",331,193,339,345,367,323
"ENSMUSG00000051034",200,85,125,114,114,104
"ENSMUSG00000051037",89,62,49,42,58,43
"ENSMUSG00000051043",1536,1244,717,779,1117,775
"ENSMUSG00000051048",21,23,302,190,13,31
"ENSMUSG00000051065",528,388,271,397,539,412
"ENSMUSG00000051067",31,11,5,6,10,24
"ENSMUSG00000051076",254,170,1298,975,993,1050
"ENSMUSG00000051098",298,304,222,248,285,268
"ENSMUSG00000051107",23,9,12,15,7,9
"ENSMUSG00000051113",26,16,17,18,14,18
"ENSMUSG00000051124",122,86,150,129,182,95
"ENSMUSG00000051147",65,63,115,87,73,78
"ENSMUSG00000051149",5319,5272,5284,5245,6187,5796
"ENSMUSG00000051154",562,525,1122,1018,774,639
"ENSMUSG00000051166",1318,1217,1064,1136,1293,1266
"ENSMUSG00000051169",119,80,44,71,80,83
"ENSMUSG00000051177",2025,2299,417,604,1959,2143
"ENSMUSG00000051184",91,72,69,72,74,59
"ENSMUSG00000051185",281,280,243,276,280,266
"ENSMUSG00000051212",20,8,19,12,9,5
"ENSMUSG00000051220",31,73,382,183,98,53
"ENSMUSG00000051223",4083,4325,6337,5027,4250,3988
"ENSMUSG00000051224",230,209,218,195,219,191
"ENSMUSG00000051225",3,3,18,14,11,3
"ENSMUSG00000051228",10,9,7,18,5,11
"ENSMUSG00000051232",133,115,228,191,193,147
"ENSMUSG00000051234",689,663,1002,798,898,708
"ENSMUSG00000051235",53,57,181,128,94,57
"ENSMUSG00000051236",1337,1088,786,779,933,1005
"ENSMUSG00000051238",151,128,197,183,168,125
"ENSMUSG00000051242",10,13,27,24,10,18
"ENSMUSG00000051246",25,25,14,31,28,24
"ENSMUSG00000051255",84,96,162,138,103,96
"ENSMUSG00000051256",189,173,306,281,250,203
"ENSMUSG00000051278",194,224,335,280,206,234
"ENSMUSG00000051285",3058,3231,2297,2444,3654,3195
"ENSMUSG00000051295",21,13,10,7,5,14
"ENSMUSG00000051306",1044,891,880,848,1219,1016
"ENSMUSG00000051316",1380,1090,413,555,727,559
"ENSMUSG00000051319",211,175,329,226,258,224
"ENSMUSG00000051323",359,265,246,329,818,891
"ENSMUSG00000051329",1071,1185,1453,1083,1220,1011
"ENSMUSG00000051331",112,71,32,27,44,40
"ENSMUSG00000051335",325,374,235,281,345,293
"ENSMUSG00000051339",5380,3970,3912,4558,4184,3497
"ENSMUSG00000051341",285,288,831,487,429,528
"ENSMUSG00000051343",772,696,557,510,536,559
"ENSMUSG00000051344",481,477,353,326,356,361
"ENSMUSG00000051346",114,109,125,145,102,56
"ENSMUSG00000051351",1916,1826,1902,1808,1738,1663
"ENSMUSG00000051355",925,773,671,720,894,922
"ENSMUSG00000051359",125,87,98,85,81,70
"ENSMUSG00000051367",945,609,1286,991,1537,852
"ENSMUSG00000051375",964,821,1176,1257,1112,861
"ENSMUSG00000051378",9,41,253,190,103,43
"ENSMUSG00000051379",468,494,580,912,645,877
"ENSMUSG00000051390",449,401,332,369,367,381
"ENSMUSG00000051391",1652,2045,3336,2739,2404,1804
"ENSMUSG00000051396",239,272,350,276,270,197
"ENSMUSG00000051397",1620,1163,4973,4800,2315,2599
"ENSMUSG00000051403",1570,1344,1350,1404,1431,1211
"ENSMUSG00000051412",448,511,863,751,597,527
"ENSMUSG00000051413",709,642,832,712,656,522
"ENSMUSG00000051427",354,272,188,261,320,275
"ENSMUSG00000051431",24,12,673,427,194,125
"ENSMUSG00000051435",29,27,7,12,8,28
"ENSMUSG00000051439",289,326,696,332,153,121
"ENSMUSG00000051444",137,106,83,112,78,53
"ENSMUSG00000051451",1051,1184,819,945,966,961
"ENSMUSG00000051455",14,7,9,11,11,12
"ENSMUSG00000051469",952,719,1026,943,1113,768
"ENSMUSG00000051483",632,545,695,697,646,534
"ENSMUSG00000051486",24,12,76,48,25,28
"ENSMUSG00000051495",4072,3835,3516,4452,5182,4910
"ENSMUSG00000051498",19,12,35,31,28,21
"ENSMUSG00000051499",21,12,31,24,16,14
"ENSMUSG00000051502",62,38,66,44,56,47
"ENSMUSG00000051506",20,6,16,24,9,5
"ENSMUSG00000051510",1423,1489,1173,1508,1369,1160
"ENSMUSG00000051517",62,48,68,65,42,85
"ENSMUSG00000051518",193,157,202,169,154,121
"ENSMUSG00000051550",204,140,145,198,203,159
"ENSMUSG00000051557",257,225,440,375,306,230
"ENSMUSG00000051579",1290,1194,1564,1706,1418,1511
"ENSMUSG00000051586",5419,5379,3167,3387,4546,5610
"ENSMUSG00000051615",415,502,884,759,818,566
"ENSMUSG00000051617",20,6,10,19,9,22
"ENSMUSG00000051627",2278,1381,2715,2445,1993,1715
"ENSMUSG00000051639",73,52,102,108,54,64
"ENSMUSG00000051650",2148,1960,1774,1763,2807,2961
"ENSMUSG00000051652",277,188,84,145,229,198
"ENSMUSG00000051671",106,81,143,129,125,63
"ENSMUSG00000051674",671,540,720,881,711,839
"ENSMUSG00000051675",786,581,651,839,991,733
"ENSMUSG00000051678",7,12,32,3,23,19
"ENSMUSG00000051695",2179,2140,3036,2728,2449,1890
"ENSMUSG00000051703",36,31,6,19,10,14
"ENSMUSG00000051705",166,147,142,163,183,105
"ENSMUSG00000051721",125,120,98,145,115,85
"ENSMUSG00000051727",25,21,70,68,56,35
"ENSMUSG00000051730",628,593,781,691,693,611
"ENSMUSG00000051735",15,25,17,14,16,8
"ENSMUSG00000051736",46,40,28,31,30,30
"ENSMUSG00000051747",122,191,54,87,84,86
"ENSMUSG00000051768",321,265,381,341,308,280
"ENSMUSG00000051786",966,880,991,953,994,759
"ENSMUSG00000051790",816,617,377,557,659,782
"ENSMUSG00000051811",58,87,14,23,30,31
"ENSMUSG00000051817",273,251,264,224,403,282
"ENSMUSG00000051844",38,11,34,64,49,25
"ENSMUSG00000051851",70,85,18,28,48,72
"ENSMUSG00000051853",3910,3477,4163,3988,4247,3271
"ENSMUSG00000051855",271,279,229,200,287,300
"ENSMUSG00000051864",592,586,478,485,589,605
"ENSMUSG00000051890",369,391,153,175,235,240
"ENSMUSG00000051910",2228,2392,1040,1235,2437,2638
"ENSMUSG00000051934",358,355,653,587,539,473
"ENSMUSG00000051950",498,417,401,361,490,394
"ENSMUSG00000051977",106,106,124,144,112,96
"ENSMUSG00000051978",202,209,213,203,282,232
"ENSMUSG00000051984",101,89,46,61,83,89
"ENSMUSG00000051989",199,166,226,198,232,195
"ENSMUSG00000052031",160,156,224,220,122,136
"ENSMUSG00000052033",227,252,434,371,364,349
"ENSMUSG00000052040",3025,3233,2621,2808,3119,2994
"ENSMUSG00000052056",1364,1142,1134,1228,1287,1293
"ENSMUSG00000052062",303,323,121,118,165,166
"ENSMUSG00000052085",1308,1212,840,951,1945,1265
"ENSMUSG00000052102",93,151,457,318,179,168
"ENSMUSG00000052105",1383,1076,354,646,1137,1083
"ENSMUSG00000052117",321,350,169,206,236,152
"ENSMUSG00000052125",4,11,14,12,8,8
"ENSMUSG00000052137",216,243,201,240,231,232
"ENSMUSG00000052139",723,856,1150,1051,900,721
"ENSMUSG00000052143",14,8,29,24,11,24
"ENSMUSG00000052144",1872,2140,1900,1840,2075,1951
"ENSMUSG00000052146",3924,3965,4624,4227,4249,4717
"ENSMUSG00000052151",436,341,786,706,484,435
"ENSMUSG00000052154",74,69,95,64,88,62
"ENSMUSG00000052155",2086,1752,1666,1575,2140,1856
"ENSMUSG00000052157",38,31,20,24,20,31
"ENSMUSG00000052160",34,21,37,39,17,18
"ENSMUSG00000052192",19,13,25,27,19,31
"ENSMUSG00000052214",911,1233,757,987,1074,894
"ENSMUSG00000052221",71,48,121,129,27,53
"ENSMUSG00000052229",51,41,3,8,15,15
"ENSMUSG00000052241",15,12,11,15,9,9
"ENSMUSG00000052248",29,12,7,4,6,11
"ENSMUSG00000052253",980,967,781,724,866,781
"ENSMUSG00000052271",284,321,37,75,58,48
"ENSMUSG00000052273",15,15,3,10,4,11
"ENSMUSG00000052291",97,119,148,157,131,94
"ENSMUSG00000052293",478,470,1125,965,665,675
"ENSMUSG00000052296",1756,1605,2129,2128,1896,1537
"ENSMUSG00000052298",1180,1164,1391,1379,1519,1370
"ENSMUSG00000052299",2069,2085,2209,1883,1956,1752
"ENSMUSG00000052301",158,165,127,154,148,150
"ENSMUSG00000052302",200,157,172,134,60,59
"ENSMUSG00000052310",1380,1357,2582,2045,1706,1426
"ENSMUSG00000052331",862,942,621,785,707,979
"ENSMUSG00000052336",26,13,33,26,18,19
"ENSMUSG00000052337",1901,1813,2762,2448,2015,1652
"ENSMUSG00000052353",249,325,129,178,149,217
"ENSMUSG00000052364",103,73,63,71,83,75
"ENSMUSG00000052369",372,380,290,321,307,243
"ENSMUSG00000052371",70,66,66,79,46,66
"ENSMUSG00000052387",385,326,457,1048,472,650
"ENSMUSG00000052395",323,286,379,292,286,275
"ENSMUSG00000052397",15094,17485,13920,14339,12472,14256
"ENSMUSG00000052406",387,331,320,304,250,255
"ENSMUSG00000052407",145,140,101,75,137,91
"ENSMUSG00000052414",1136,1013,824,950,1133,947
"ENSMUSG00000052415",374,300,91,125,209,246
"ENSMUSG00000052419",363,330,684,525,479,342
"ENSMUSG00000052423",542,483,594,632,538,483
"ENSMUSG00000052426",16,38,26,44,31,64
"ENSMUSG00000052428",892,811,891,808,842,737
"ENSMUSG00000052430",1242,1893,310,508,290,374
"ENSMUSG00000052446",256,267,311,236,184,152
"ENSMUSG00000052456",348,355,612,575,438,355
"ENSMUSG00000052459",2722,3166,2790,2680,2589,2656
"ENSMUSG00000052477",15,16,25,19,3,5
"ENSMUSG00000052488",1697,1512,1618,1438,1559,1412
"ENSMUSG00000052496",35,30,10,11,17,14
"ENSMUSG00000052504",542,520,41,259,267,480
"ENSMUSG00000052512",5615,4226,3717,3596,3459,4359
"ENSMUSG00000052516",1241,1153,233,473,639,810
"ENSMUSG00000052525",97,71,43,46,52,51
"ENSMUSG00000052533",1410,1375,2048,1724,1553,1120
"ENSMUSG00000052534",8690,8898,7378,7085,7163,8247
"ENSMUSG00000052539",2498,2793,2249,2455,2259,2323
"ENSMUSG00000052551",356,254,118,197,328,569
"ENSMUSG00000052557",951,1011,909,742,860,809
"ENSMUSG00000052560",1686,1681,1820,1696,1600,1820
"ENSMUSG00000052563",117,100,66,72,130,94
"ENSMUSG00000052565",1073,682,2434,1963,1110,823
"ENSMUSG00000052566",535,511,927,847,622,525
"ENSMUSG00000052572",9,20,22,35,17,40
"ENSMUSG00000052593",1335,1348,2179,2028,2013,1654
"ENSMUSG00000052605",30,34,20,18,30,22
"ENSMUSG00000052609",1847,1545,2520,2055,2082,1544
"ENSMUSG00000052616",42,50,21,16,18,12
"ENSMUSG00000052632",369,400,673,624,405,342
"ENSMUSG00000052656",1379,1521,835,928,1055,1172
"ENSMUSG00000052673",113,112,162,121,113,91
"ENSMUSG00000052675",113,73,40,69,64,50
"ENSMUSG00000052676",189,188,72,104,97,92
"ENSMUSG00000052681",3946,4212,3731,3923,3995,4696
"ENSMUSG00000052684",61780,44161,37911,45625,43952,43230
"ENSMUSG00000052688",391,355,661,664,335,579
"ENSMUSG00000052698",4346,3581,954,1142,1748,2057
"ENSMUSG00000052707",3331,2700,2312,2408,2477,2454
"ENSMUSG00000052712",572,544,698,706,602,525
"ENSMUSG00000052713",435,332,471,479,310,293
"ENSMUSG00000052724",20,18,33,31,14,19
"ENSMUSG00000052726",25,34,5,4,9,15
"ENSMUSG00000052727",5064,5348,8119,8054,9612,4750
"ENSMUSG00000052738",818,750,1120,1043,836,772
"ENSMUSG00000052748",991,848,480,518,708,623
"ENSMUSG00000052751",289,174,242,230,217,171
"ENSMUSG00000052752",1024,877,1369,1242,1167,1048
"ENSMUSG00000052763",731,470,336,374,476,467
"ENSMUSG00000052767",51,35,28,63,30,48
"ENSMUSG00000052776",38,13,199,50,5,2
"ENSMUSG00000052783",257,186,51,87,107,117
"ENSMUSG00000052794",391,366,346,267,344,282
"ENSMUSG00000052798",524,537,958,664,564,525
"ENSMUSG00000052812",1111,1145,1447,1390,1522,1393
"ENSMUSG00000052821",31,25,22,11,11,19
"ENSMUSG00000052825",27,48,56,42,37,43
"ENSMUSG00000052833",737,882,1849,1345,1118,903
"ENSMUSG00000052837",25432,22144,8556,10935,15562,15876
"ENSMUSG00000052852",119,90,33,27,42,34
"ENSMUSG00000052861",24,22,2,6,18,27
"ENSMUSG00000052889",20,12,12,12,16,11
"ENSMUSG00000052906",748,724,633,651,713,636
"ENSMUSG00000052911",3649,2880,2508,2580,2962,3130
"ENSMUSG00000052912",51,64,56,35,40,34
"ENSMUSG00000052914",515,334,329,280,334,332
"ENSMUSG00000052915",2044,1679,1572,1567,2195,1992
"ENSMUSG00000052917",1218,1122,855,933,1240,1138
"ENSMUSG00000052920",29,9,2,7,10,12
"ENSMUSG00000052921",74,31,9,7,10,9
"ENSMUSG00000052926",1048,914,1512,1204,1098,951
"ENSMUSG00000052928",433,479,380,382,414,502
"ENSMUSG00000052934",584,386,210,231,257,214
"ENSMUSG00000052942",503,480,303,151,375,282
"ENSMUSG00000052949",112,103,50,56,28,19
"ENSMUSG00000052957",399,538,723,769,410,373
"ENSMUSG00000052962",296,297,443,416,330,243
"ENSMUSG00000052974",514,378,11132,13177,16524,14418
"ENSMUSG00000052997",1531,1558,2468,1930,1716,1490
"ENSMUSG00000053007",207,151,211,247,146,117
"ENSMUSG00000053012",1498,1210,1802,1722,1710,1509
"ENSMUSG00000053038",26,27,41,42,37,40
"ENSMUSG00000053040",102,90,100,118,48,147
"ENSMUSG00000053046",167,87,19,24,81,95
"ENSMUSG00000053049",8,11,31,24,14,15
"ENSMUSG00000053062",182,330,43,47,71,88
"ENSMUSG00000053070",446,451,222,264,364,296
"ENSMUSG00000053080",255,267,486,451,516,377
"ENSMUSG00000053081",14,13,17,11,10,12
"ENSMUSG00000053091",299,340,275,273,261,227
"ENSMUSG00000053094",1906,1921,1579,1518,1590,1377
"ENSMUSG00000053110",6849,6284,5616,5878,8972,8154
"ENSMUSG00000053113",3478,3323,2254,1648,3647,2080
"ENSMUSG00000053117",21,16,10,8,8,11
"ENSMUSG00000053119",1468,1358,1795,1814,1596,1624
"ENSMUSG00000053128",237,226,380,340,241,189
"ENSMUSG00000053134",383,394,387,378,385,271
"ENSMUSG00000053137",54,39,80,72,31,31
"ENSMUSG00000053141",139,184,13,36,27,32
"ENSMUSG00000053158",155,135,172,193,129,117
"ENSMUSG00000053164",43,36,42,48,69,40
"ENSMUSG00000053173",23,21,27,32,31,27
"ENSMUSG00000053175",157,214,581,328,192,149
"ENSMUSG00000053178",26,21,17,18,23,8
"ENSMUSG00000053192",82,72,98,92,95,86
"ENSMUSG00000053198",152,129,74,68,94,110
"ENSMUSG00000053199",500,411,72,137,366,530
"ENSMUSG00000053205",226,196,192,190,206,182
"ENSMUSG00000053214",20,21,6,16,2,12
"ENSMUSG00000053226",78,58,31,31,39,72
"ENSMUSG00000053253",1566,1481,1861,2203,2143,2272
"ENSMUSG00000053263",492,320,190,163,250,191
"ENSMUSG00000053279",15554,16437,4541,6970,13581,11405
"ENSMUSG00000053286",517,459,620,628,694,386
"ENSMUSG00000053289",767,816,1004,789,713,643
"ENSMUSG00000053291",637,574,624,702,657,701
"ENSMUSG00000053293",1948,2316,1969,1753,1823,1820
"ENSMUSG00000053297",14,15,31,31,21,11
"ENSMUSG00000053317",323,424,436,390,272,252
"ENSMUSG00000053329",366,331,316,349,293,280
"ENSMUSG00000053332",2545,2776,3650,3334,2740,3568
"ENSMUSG00000053333",632,604,681,620,677,547
"ENSMUSG00000053334",217,240,147,197,200,134
"ENSMUSG00000053347",485,409,469,467,498,467
"ENSMUSG00000053353",56,31,51,27,38,24
"ENSMUSG00000053358",215,166,313,316,296,200
"ENSMUSG00000053390",144,108,158,145,161,112
"ENSMUSG00000053398",1357,1325,1217,1566,1515,1596
"ENSMUSG00000053399",12,4,127,34,19,15
"ENSMUSG00000053411",655,469,72,113,260,288
"ENSMUSG00000053414",3079,3198,1869,2037,3611,4244
"ENSMUSG00000053436",1339,1144,1708,1489,1315,992
"ENSMUSG00000053442",267,299,1046,586,948,506
"ENSMUSG00000053453",573,565,796,724,762,649
"ENSMUSG00000053460",629,549,470,590,475,585
"ENSMUSG00000053470",3150,3777,2260,2759,2266,3220
"ENSMUSG00000053477",3593,3030,1956,2081,3450,3474
"ENSMUSG00000053483",489,367,446,501,542,348
"ENSMUSG00000053510",4904,4493,3356,3297,3226,3111
"ENSMUSG00000053522",1461,1436,2858,3965,2157,2005
"ENSMUSG00000053536",857,745,713,789,754,515
"ENSMUSG00000053541",78,35,9,2,17,9
"ENSMUSG00000053552",153,109,25,56,89,118
"ENSMUSG00000053553",240,299,266,140,134,155
"ENSMUSG00000053559",191,182,110,87,56,63
"ENSMUSG00000053560",15715,10842,5803,7219,8895,7718
"ENSMUSG00000053565",1907,1838,2269,1771,2013,2092
"ENSMUSG00000053574",34,17,22,14,20,19
"ENSMUSG00000053580",6971,7043,8203,9534,9459,10188
"ENSMUSG00000053581",550,540,416,428,395,391
"ENSMUSG00000053588",65,82,53,64,69,64
"ENSMUSG00000053600",97,71,96,80,91,46
"ENSMUSG00000053603",91,63,44,71,64,69
"ENSMUSG00000053604",320,262,390,321,286,237
"ENSMUSG00000053617",814,745,7106,5534,4433,2933
"ENSMUSG00000053641",503,590,686,509,487,553
"ENSMUSG00000053644",1057,1068,680,706,725,705
"ENSMUSG00000053646",4262,4165,5513,5213,6485,5292
"ENSMUSG00000053647",64,41,9,10,19,28
"ENSMUSG00000053654",7,31,40,47,34,50
"ENSMUSG00000053656",64,63,95,93,63,110
"ENSMUSG00000053675",5,17,64,30,0,0
"ENSMUSG00000053684",147,177,293,218,157,140
"ENSMUSG00000053693",126,135,113,178,124,131
"ENSMUSG00000053702",687,775,1382,1577,1310,1343
"ENSMUSG00000053706",529,585,1027,1328,836,967
"ENSMUSG00000053714",303,325,99,158,156,175
"ENSMUSG00000053716",1748,1538,1928,1612,1733,1804
"ENSMUSG00000053730",189,127,218,212,213,184
"ENSMUSG00000053740",12,7,22,15,20,12
"ENSMUSG00000053746",52,38,80,69,38,44
"ENSMUSG00000053749",86,103,14,27,50,38
"ENSMUSG00000053754",4648,4469,3939,3693,4458,4048
"ENSMUSG00000053768",699,748,1047,877,767,855
"ENSMUSG00000053769",80,35,14,23,26,22
"ENSMUSG00000053774",3696,3226,2791,2590,3535,3201
"ENSMUSG00000053783",3,3,47,31,16,5
"ENSMUSG00000053797",90,169,1204,913,420,1329
"ENSMUSG00000053799",777,725,286,289,227,198
"ENSMUSG00000053801",101,104,381,171,146,92
"ENSMUSG00000053819",2406,2411,1384,1574,1675,1698
"ENSMUSG00000053830",12,17,37,24,25,6
"ENSMUSG00000053835",103,44,48,26,38,35
"ENSMUSG00000053838",1647,1533,1540,1350,1527,1410
"ENSMUSG00000053841",1834,1767,2017,2165,2083,1592
"ENSMUSG00000053846",45,57,35,39,130,246
"ENSMUSG00000053870",517,530,455,418,494,333
"ENSMUSG00000053877",8127,7199,7372,7225,7861,8299
"ENSMUSG00000053886",1062,877,688,635,517,546
"ENSMUSG00000053889",16,30,9,8,8,28
"ENSMUSG00000053897",584,279,3849,4516,1140,1021
"ENSMUSG00000053898",1254,1069,974,1186,1219,842
"ENSMUSG00000053907",5354,6336,4648,5533,4872,6167
"ENSMUSG00000053914",18,21,7,8,18,6
"ENSMUSG00000053916",7,13,19,11,17,9
"ENSMUSG00000053925",118,103,108,96,88,73
"ENSMUSG00000053929",1879,1685,1782,1906,2373,2035
"ENSMUSG00000053931",4600,5212,3504,4489,4526,4861
"ENSMUSG00000053950",1127,1454,891,953,881,1059
"ENSMUSG00000053957",126,113,18,12,21,28
"ENSMUSG00000053963",25,13,4,0,6,12
"ENSMUSG00000053964",167,137,49,112,84,70
"ENSMUSG00000053965",881,731,1035,880,2409,1152
"ENSMUSG00000053980",4,2,12,10,14,12
"ENSMUSG00000053985",118,113,56,76,138,67
"ENSMUSG00000054000",53,32,73,55,41,48
"ENSMUSG00000054006",304,346,184,214,283,280
"ENSMUSG00000054008",3930,3434,4172,4072,5190,4301
"ENSMUSG00000054021",95,82,69,72,55,60
"ENSMUSG00000054027",763,1013,1040,1118,979,950
"ENSMUSG00000054034",23,18,9,18,28,25
"ENSMUSG00000054051",829,830,850,930,992,929
"ENSMUSG00000054057",54,34,41,61,52,54
"ENSMUSG00000054065",2731,2072,3371,3174,3466,3035
"ENSMUSG00000054072",111,32,1377,55,11,12
"ENSMUSG00000054074",58,58,35,46,39,37
"ENSMUSG00000054079",533,519,887,744,608,559
"ENSMUSG00000054083",1397,1389,1441,1342,1394,1611
"ENSMUSG00000054091",456,498,747,646,681,502
"ENSMUSG00000054099",453,516,292,386,483,484
"ENSMUSG00000054115",86,99,209,173,108,91
"ENSMUSG00000054116",57,60,42,43,39,60
"ENSMUSG00000054146",17619,24786,70365,69973,59420,62604
"ENSMUSG00000054150",58,52,9,14,22,32
"ENSMUSG00000054161",15,18,32,27,10,16
"ENSMUSG00000054169",9,7,44,7,18,16
"ENSMUSG00000054178",317,335,254,272,389,312
"ENSMUSG00000054181",49,52,51,39,32,37
"ENSMUSG00000054199",1039,1045,1009,1052,1045,923
"ENSMUSG00000054203",14,32,20,10,17,16
"ENSMUSG00000054204",15,22,18,12,11,25
"ENSMUSG00000054206",59,38,17,14,38,46
"ENSMUSG00000054226",495,413,420,408,468,330
"ENSMUSG00000054237",151,192,239,197,189,134
"ENSMUSG00000054247",29,41,47,53,37,44
"ENSMUSG00000054252",1288,845,3458,2147,3296,2038
"ENSMUSG00000054256",41,54,195,148,200,181
"ENSMUSG00000054263",766,708,182,142,498,297
"ENSMUSG00000054277",1846,1771,1038,1257,1192,1085
"ENSMUSG00000054280",3105,3380,3063,3090,3621,3233
"ENSMUSG00000054302",917,877,782,811,991,875
"ENSMUSG00000054304",13,20,10,11,14,6
"ENSMUSG00000054309",1208,1147,1433,1285,1317,1040
"ENSMUSG00000054312",193,143,244,223,192,171
"ENSMUSG00000054321",591,932,569,408,491,841
"ENSMUSG00000054342",479,321,168,109,205,181
"ENSMUSG00000054364",9210,5084,5074,6007,5336,4009
"ENSMUSG00000054381",221,291,150,141,139,155
"ENSMUSG00000054383",34,26,18,31,41,40
"ENSMUSG00000054385",470,411,172,236,92,120
"ENSMUSG00000054387",3587,3181,3153,3970,3551,3144
"ENSMUSG00000054400",173,135,113,158,146,163
"ENSMUSG00000054404",283,191,220,81,40,37
"ENSMUSG00000054405",1377,1406,1892,1592,1594,1621
"ENSMUSG00000054408",3050,3464,3520,3268,3166,2329
"ENSMUSG00000054412",42,46,77,53,43,41
"ENSMUSG00000054414",1945,1916,2366,2289,1899,1871
"ENSMUSG00000054426",139,113,107,85,58,64
"ENSMUSG00000054428",1308,1422,2184,2206,2019,1880
"ENSMUSG00000054434",81,53,55,83,38,34
"ENSMUSG00000054435",57,26,24,22,11,11
"ENSMUSG00000054452",2125,2000,2416,2455,2572,2157
"ENSMUSG00000054453",43,55,450,337,623,144
"ENSMUSG00000054455",1238,1237,925,1060,1396,1327
"ENSMUSG00000054459",37,9,555,330,247,143
"ENSMUSG00000054469",786,936,669,618,880,817
"ENSMUSG00000054474",167,133,72,80,76,69
"ENSMUSG00000054484",169,161,109,116,81,82
"ENSMUSG00000054499",444,364,332,297,304,284
"ENSMUSG00000054509",2767,2668,1848,1791,2075,2002
"ENSMUSG00000054514",19,16,7,10,29,8
"ENSMUSG00000054517",257,219,265,273,354,166
"ENSMUSG00000054519",754,617,346,423,646,524
"ENSMUSG00000054520",91,75,604,416,294,236
"ENSMUSG00000054523",0,2,135,306,573,149
"ENSMUSG00000054545",3488,3815,5182,6191,5457,5208
"ENSMUSG00000054555",14,7,26,11,3,5
"ENSMUSG00000054556",588,616,650,945,525,758
"ENSMUSG00000054580",84,72,690,538,263,150
"ENSMUSG00000054582",19,17,18,16,21,16
"ENSMUSG00000054598",142,129,49,68,72,92
"ENSMUSG00000054604",4603,4369,5134,4996,5598,4908
"ENSMUSG00000054611",4220,3661,3980,4029,4162,3914
"ENSMUSG00000054612",126,117,152,162,153,137
"ENSMUSG00000054619",659,653,331,350,522,243
"ENSMUSG00000054622",45,23,27,18,56,41
"ENSMUSG00000054640",79,80,317,369,166,213
"ENSMUSG00000054641",19,40,10,7,2,2
"ENSMUSG00000054648",638,665,330,355,348,336
"ENSMUSG00000054659",256,215,183,149,155,127
"ENSMUSG00000054662",184,127,81,75,50,47
"ENSMUSG00000054675",10,15,12,3,3,6
"ENSMUSG00000054676",7261,8132,7912,7246,10640,9741
"ENSMUSG00000054679",106,64,57,56,86,85
"ENSMUSG00000054690",173,95,11,30,32,21
"ENSMUSG00000054693",2825,3209,8504,7709,3947,3396
"ENSMUSG00000054702",336,427,770,774,450,412
"ENSMUSG00000054708",573,496,138,281,282,329
"ENSMUSG00000054715",241,136,206,268,283,146
"ENSMUSG00000054716",649,475,377,423,378,348
"ENSMUSG00000054717",2282,2508,2565,2120,1751,2165
"ENSMUSG00000054720",185,129,170,51,237,175
"ENSMUSG00000054723",755,669,362,459,567,454
"ENSMUSG00000054733",204,161,125,134,106,133
"ENSMUSG00000054737",367,219,276,242,224,282
"ENSMUSG00000054752",122,141,92,109,75,59
"ENSMUSG00000054753",19,136,4,6,6,12
"ENSMUSG00000054766",3616,4709,8212,6341,5362,4692
"ENSMUSG00000054770",429,326,604,602,511,326
"ENSMUSG00000054792",382,377,402,349,387,306
"ENSMUSG00000054793",106,106,114,105,51,43
"ENSMUSG00000054808",13401,13707,13331,13173,13220,14328
"ENSMUSG00000054814",2849,2862,2255,2359,3572,3204
"ENSMUSG00000054823",4367,4101,3292,3488,4390,4304
"ENSMUSG00000054836",70,83,98,71,51,48
"ENSMUSG00000054843",1915,2052,1804,2047,1982,2159
"ENSMUSG00000054850",38,22,4,12,7,6
"ENSMUSG00000054855",147,198,48,42,41,76
"ENSMUSG00000054863",140,145,50,108,168,141
"ENSMUSG00000054871",49,85,100,96,72,51
"ENSMUSG00000054874",2165,1866,2227,2490,2381,2080
"ENSMUSG00000054889",39859,45944,45802,42626,44016,58547
"ENSMUSG00000054893",104,113,66,48,53,57
"ENSMUSG00000054894",206,274,161,146,145,168
"ENSMUSG00000054901",27,15,10,3,8,11
"ENSMUSG00000054909",18,15,12,18,7,2
"ENSMUSG00000054920",404,343,902,728,509,416
"ENSMUSG00000054931",52,17,24,31,29,22
"ENSMUSG00000054934",10,11,5,12,6,11
"ENSMUSG00000054939",125,112,78,75,109,69
"ENSMUSG00000054942",1156,970,502,574,854,660
"ENSMUSG00000054945",20,17,7,19,25,24
"ENSMUSG00000054951",161,140,135,81,98,107
"ENSMUSG00000054958",43,22,12,2,27,25
"ENSMUSG00000054967",62,21,26,38,43,37
"ENSMUSG00000055013",2381,2429,2002,2241,3002,2676
"ENSMUSG00000055024",7679,6914,4742,4799,6523,6323
"ENSMUSG00000055041",135,104,180,182,125,76
"ENSMUSG00000055044",1712,1375,3502,3324,1809,2205
"ENSMUSG00000055053",6103,5842,5742,5776,7418,6541
"ENSMUSG00000055061",91,76,118,175,138,130
"ENSMUSG00000055065",8976,8736,7414,7933,8056,7865
"ENSMUSG00000055067",311,254,285,236,206,223
"ENSMUSG00000055093",190,163,210,159,157,147
"ENSMUSG00000055114",246,200,135,239,61,86
"ENSMUSG00000055116",793,844,710,728,798,800
"ENSMUSG00000055125",14,25,27,24,7,24
"ENSMUSG00000055128",221,206,180,242,208,184
"ENSMUSG00000055134",75,34,65,39,31,35
"ENSMUSG00000055137",36,30,6,11,16,24
"ENSMUSG00000055148",1166,769,656,781,600,425
"ENSMUSG00000055150",45,27,10,20,30,16
"ENSMUSG00000055172",311,276,103,51,79,78
"ENSMUSG00000055184",34,25,25,14,9,14
"ENSMUSG00000055188",513,445,839,684,536,448
"ENSMUSG00000055200",90,72,84,95,109,72
"ENSMUSG00000055202",13,17,4,6,20,9
"ENSMUSG00000055204",7820,7729,8081,7852,7569,7699
"ENSMUSG00000055216",35,17,14,11,18,27
"ENSMUSG00000055228",254,188,191,175,184,178
"ENSMUSG00000055235",48,30,13,11,17,18
"ENSMUSG00000055239",1345,1259,1303,1261,1516,1431
"ENSMUSG00000055240",276,258,196,236,236,250
"ENSMUSG00000055254",103,103,413,473,590,884
"ENSMUSG00000055271",18,12,16,11,15,12
"ENSMUSG00000055296",5037,4788,3306,2918,4355,3875
"ENSMUSG00000055301",1452,1748,788,987,2070,1576
"ENSMUSG00000055302",2545,2605,3938,3596,3350,2737
"ENSMUSG00000055305",136,85,102,100,125,73
"ENSMUSG00000055313",86,71,90,84,78,41
"ENSMUSG00000055319",1375,1325,1921,1647,1622,1342
"ENSMUSG00000055320",7896,6808,4050,3624,5723,7487
"ENSMUSG00000055322",12497,10803,4197,5213,7209,9020
"ENSMUSG00000055323",86,258,7,14,9,236
"ENSMUSG00000055333",14465,14738,27962,22977,28950,24864
"ENSMUSG00000055334",119,141,174,157,133,95
"ENSMUSG00000055341",49,52,25,44,46,32
"ENSMUSG00000055357",31,34,31,36,49,38
"ENSMUSG00000055368",46,46,286,239,248,197
"ENSMUSG00000055370",148,83,40,46,106,117
"ENSMUSG00000055371",1274,1218,1625,1599,1539,1332
"ENSMUSG00000055373",1702,1142,425,387,320,243
"ENSMUSG00000055401",272,220,261,202,147,141
"ENSMUSG00000055407",692,491,424,369,567,599
"ENSMUSG00000055408",38,21,36,28,33,27
"ENSMUSG00000055413",16,9,16,11,5,11
"ENSMUSG00000055415",68,32,659,393,21,41
"ENSMUSG00000055421",15,17,47,4,174,15
"ENSMUSG00000055424",106,85,108,96,90,80
"ENSMUSG00000055435",4337,4397,2609,3775,5500,4786
"ENSMUSG00000055436",4779,4478,4475,5334,3896,4209
"ENSMUSG00000055447",2942,2414,3746,2097,2501,2072
"ENSMUSG00000055452",73,58,28,52,38,25
"ENSMUSG00000055480",372,371,204,216,294,245
"ENSMUSG00000055485",904,431,871,726,706,679
"ENSMUSG00000055491",892,970,1641,1068,875,729
"ENSMUSG00000055493",168,173,58,42,88,117
"ENSMUSG00000055494",41,25,10,15,18,27
"ENSMUSG00000055497",40,26,12,16,13,14
"ENSMUSG00000055523",31,71,13,26,6,2
"ENSMUSG00000055531",2764,2524,3735,3718,3462,3029
"ENSMUSG00000055538",320,345,277,264,327,307
"ENSMUSG00000055553",5902,5579,5886,5550,5356,6091
"ENSMUSG00000055560",64,72,98,71,66,70
"ENSMUSG00000055561",2039,4171,568,879,430,1121
"ENSMUSG00000055612",980,651,1718,1529,831,1098
"ENSMUSG00000055629",118,150,152,113,57,62
"ENSMUSG00000055632",63,41,24,28,18,9
"ENSMUSG00000055633",124,77,103,93,127,120
"ENSMUSG00000055639",1229,1394,1251,1639,1704,1932
"ENSMUSG00000055652",139,113,197,161,142,141
"ENSMUSG00000055653",2291,2196,422,603,1311,1412
"ENSMUSG00000055660",339,308,429,403,406,309
"ENSMUSG00000055670",2705,2511,2184,2216,2315,2449
"ENSMUSG00000055675",41,54,123,40,16,27
"ENSMUSG00000055676",32,30,31,48,49,31
"ENSMUSG00000055681",1353,1258,1575,1639,1247,1075
"ENSMUSG00000055691",16,9,10,4,6,11
"ENSMUSG00000055692",188,154,88,110,91,86
"ENSMUSG00000055707",660,565,570,602,694,450
"ENSMUSG00000055717",111,119,16,34,32,24
"ENSMUSG00000055720",514,457,512,481,545,422
"ENSMUSG00000055723",1351,1218,1262,1145,1074,1163
"ENSMUSG00000055725",950,890,841,1161,1169,1247
"ENSMUSG00000055732",19,13,4,14,14,14
"ENSMUSG00000055733",48,44,27,35,44,37
"ENSMUSG00000055737",3078,3250,1572,1853,3560,2811
"ENSMUSG00000055745",144,127,128,126,102,75
"ENSMUSG00000055748",14,12,83,59,5,6
"ENSMUSG00000055760",45,48,130,69,67,53
"ENSMUSG00000055762",2353,2366,2742,2224,2364,2481
"ENSMUSG00000055763",10,20,34,10,8,21
"ENSMUSG00000055799",1402,1470,253,390,852,894
"ENSMUSG00000055805",19,21,34,22,11,25
"ENSMUSG00000055809",7,25,10,19,22,19
"ENSMUSG00000055817",783,731,773,766,690,756
"ENSMUSG00000055818",64,32,34,39,28,53
"ENSMUSG00000055827",37,20,264,296,5,25
"ENSMUSG00000055833",70,52,59,60,51,64
"ENSMUSG00000055835",447,405,522,436,492,390
"ENSMUSG00000055839",681,669,974,951,796,637
"ENSMUSG00000055850",990,1085,821,991,894,745
"ENSMUSG00000055862",182,137,36,50,67,73
"ENSMUSG00000055866",1202,1217,1006,1244,1131,1038
"ENSMUSG00000055882",10,7,13,14,6,5
"ENSMUSG00000055884",413,516,554,434,513,538
"ENSMUSG00000055897",411,336,214,295,302,298
"ENSMUSG00000055900",200,228,209,193,260,153
"ENSMUSG00000055912",224,201,139,268,150,117
"ENSMUSG00000055917",528,487,525,514,566,535
"ENSMUSG00000055923",381,450,352,406,356,271
"ENSMUSG00000055926",18,15,144,166,15,22
"ENSMUSG00000055932",2252,2206,2140,1930,2164,1963
"ENSMUSG00000055943",1010,1053,900,967,1069,878
"ENSMUSG00000055945",20,22,21,30,22,35
"ENSMUSG00000055958",16,9,4,6,19,14
"ENSMUSG00000055963",139,170,78,68,145,146
"ENSMUSG00000055968",45,38,88,57,45,41
"ENSMUSG00000055976",89,89,79,132,29,27
"ENSMUSG00000055978",382,447,105,114,44,35
"ENSMUSG00000055980",3488,2557,701,745,2636,2287
"ENSMUSG00000055991",575,634,379,567,492,737
"ENSMUSG00000055994",81,66,377,92,71,78
"ENSMUSG00000056004",26,57,13,11,21,24
"ENSMUSG00000056014",184,122,157,149,116,82
"ENSMUSG00000056019",166,145,219,197,223,146
"ENSMUSG00000056025",84,83,396,183,100,157
"ENSMUSG00000056031",449,460,513,680,347,467
"ENSMUSG00000056043",26,26,9,12,15,8
"ENSMUSG00000056050",2912,3070,1945,2253,2477,2587
"ENSMUSG00000056055",36,20,13,4,11,12
"ENSMUSG00000056069",81,38,44,105,38,79
"ENSMUSG00000056076",2410,2715,4610,3530,3215,3067
"ENSMUSG00000056091",31,75,16,16,13,27
"ENSMUSG00000056116",352,150,279,142,135,115
"ENSMUSG00000056121",337,304,388,340,333,378
"ENSMUSG00000056124",1317,1649,353,668,526,766
"ENSMUSG00000056131",332,387,379,374,254,297
"ENSMUSG00000056144",103,72,183,114,76,78
"ENSMUSG00000056145",18,12,7,2,8,11
"ENSMUSG00000056148",18,12,0,0,6,12
"ENSMUSG00000056153",797,704,1312,1019,881,644
"ENSMUSG00000056167",1072,1048,1048,1026,934,732
"ENSMUSG00000056174",64,96,16,20,20,15
"ENSMUSG00000056185",207,150,79,106,97,146
"ENSMUSG00000056201",5621,6600,8273,7502,6668,7583
"ENSMUSG00000056203",27,32,3,8,9,31
"ENSMUSG00000056204",602,437,355,435,608,447
"ENSMUSG00000056209",349,339,647,492,381,348
"ENSMUSG00000056211",1980,1951,2167,2455,2320,2205
"ENSMUSG00000056214",1737,1574,3382,3071,2884,2381
"ENSMUSG00000056216",1396,1518,1125,1113,1381,1208
"ENSMUSG00000056220",392,341,1512,996,1007,755
"ENSMUSG00000056222",5262,3962,592,1900,2882,4047
"ENSMUSG00000056228",637,431,483,512,452,493
"ENSMUSG00000056234",3714,7545,1783,2790,4143,4549
"ENSMUSG00000056260",662,710,558,652,568,577
"ENSMUSG00000056267",312,291,335,348,271,227
"ENSMUSG00000056268",1384,1321,1486,1521,1373,1384
"ENSMUSG00000056270",49,59,76,108,58,389
"ENSMUSG00000056293",48,40,418,512,6,30
"ENSMUSG00000056296",20,21,14,8,25,14
"ENSMUSG00000056300",12,54,7,7,3,12
"ENSMUSG00000056305",337,340,683,558,438,416
"ENSMUSG00000056310",349,316,406,329,367,287
"ENSMUSG00000056313",421,512,1446,1651,725,541
"ENSMUSG00000056342",9738,10293,9929,9809,11394,11864
"ENSMUSG00000056367",26,25,278,187,103,96
"ENSMUSG00000056383",312,290,306,351,285,236
"ENSMUSG00000056394",374,597,1395,839,655,438
"ENSMUSG00000056411",20,6,29,30,9,24
"ENSMUSG00000056412",23,6,17,14,13,11
"ENSMUSG00000056418",30,21,21,15,22,11
"ENSMUSG00000056427",2060,1776,307,389,606,1169
"ENSMUSG00000056429",5101,6136,4087,5013,4982,4940
"ENSMUSG00000056445",62,29,42,18,38,46
"ENSMUSG00000056458",35,30,21,23,44,27
"ENSMUSG00000056459",294,214,236,186,235,230
"ENSMUSG00000056468",35,18,10,18,8,21
"ENSMUSG00000056476",168,322,108,182,97,140
"ENSMUSG00000056481",78,109,6,20,15,15
"ENSMUSG00000056486",35,40,6,19,9,18
"ENSMUSG00000056487",7,12,10,10,10,11
"ENSMUSG00000056492",7035,4460,797,1381,2699,2601
"ENSMUSG00000056493",3222,2760,2066,1947,2888,2478
"ENSMUSG00000056498",217,214,309,189,112,111
"ENSMUSG00000056501",1147,1496,606,591,992,1067
"ENSMUSG00000056508",30,31,7,12,9,22
"ENSMUSG00000056515",298,339,654,520,493,381
"ENSMUSG00000056529",27,26,31,15,8,15
"ENSMUSG00000056531",133,140,146,151,157,110
"ENSMUSG00000056536",1373,1122,2146,1795,1850,1515
"ENSMUSG00000056537",7542,9338,6675,6130,6733,6609
"ENSMUSG00000056553",62,76,5,11,17,9
"ENSMUSG00000056569",12,27,5,14,14,8
"ENSMUSG00000056579",7004,6701,6549,7053,7008,6555
"ENSMUSG00000056592",98,39,42,43,90,54
"ENSMUSG00000056596",41,36,11,15,36,16
"ENSMUSG00000056598",18,40,41,34,27,28
"ENSMUSG00000056602",4456,3750,1831,2542,4170,4692
"ENSMUSG00000056608",4730,5050,4574,4263,4458,4791
"ENSMUSG00000056612",255,274,596,525,364,310
"ENSMUSG00000056629",465,530,314,337,283,271
"ENSMUSG00000056632",3,0,2158,570,16,6
"ENSMUSG00000056648",10,11,7,11,7,6
"ENSMUSG00000056656",274,214,110,138,180,380
"ENSMUSG00000056665",63,52,151,141,95,105
"ENSMUSG00000056666",500,423,212,291,329,378
"ENSMUSG00000056671",53,53,63,84,48,50
"ENSMUSG00000056673",1059,948,1154,1379,1122,845
"ENSMUSG00000056679",51,35,16,19,31,34
"ENSMUSG00000056687",193,152,137,134,141,105
"ENSMUSG00000056692",2357,2436,3233,3143,2673,2483
"ENSMUSG00000056698",278,252,151,187,219,203
"ENSMUSG00000056708",959,1471,1297,1375,828,1835
"ENSMUSG00000056718",122,119,218,163,146,123
"ENSMUSG00000056724",946,711,1620,1722,727,569
"ENSMUSG00000056735",20,18,13,4,5,5
"ENSMUSG00000056737",876,523,1655,1428,711,790
"ENSMUSG00000056749",2406,3421,1290,1987,2986,2226
"ENSMUSG00000056752",2,11,6,11,5,11
"ENSMUSG00000056753",59,40,41,46,56,57
"ENSMUSG00000056763",1059,948,1009,1374,1253,1342
"ENSMUSG00000056770",1924,1907,1592,1631,1711,1727
"ENSMUSG00000056771",10,12,32,19,18,12
"ENSMUSG00000056820",1395,1168,1522,1316,1344,1153
"ENSMUSG00000056832",239,257,212,223,271,224
"ENSMUSG00000056851",8150,8055,8742,8077,8725,8556
"ENSMUSG00000056870",478,351,197,191,394,301
"ENSMUSG00000056880",70,91,107,63,72,114
"ENSMUSG00000056888",233,248,351,240,215,201
"ENSMUSG00000056899",47,48,35,31,44,30
"ENSMUSG00000056900",16,31,37,36,33,37
"ENSMUSG00000056904",14,11,14,15,15,9
"ENSMUSG00000056917",386,214,128,198,237,187
"ENSMUSG00000056919",842,830,696,749,781,669
"ENSMUSG00000056938",1153,905,367,477,603,644
"ENSMUSG00000056941",433,340,429,406,485,341
"ENSMUSG00000056943",14,8,10,18,20,19
"ENSMUSG00000056947",10,9,14,15,21,16
"ENSMUSG00000056952",1348,1396,781,820,929,1112
"ENSMUSG00000056962",484,539,389,348,377,399
"ENSMUSG00000056973",464,307,121,126,330,310
"ENSMUSG00000056999",1739,2243,3043,2688,2423,2025
"ENSMUSG00000057036",333,380,367,329,298,367
"ENSMUSG00000057054",41,27,27,14,28,31
"ENSMUSG00000057060",3,4,26,52,25,19
"ENSMUSG00000057068",219,186,53,18,57,19
"ENSMUSG00000057069",256,329,113,126,202,168
"ENSMUSG00000057092",2918,2871,4139,3802,3358,3077
"ENSMUSG00000057093",52,43,32,30,42,37
"ENSMUSG00000057098",115,85,24,23,28,30
"ENSMUSG00000057101",791,669,764,733,931,702
"ENSMUSG00000057103",26,12,13,15,16,16
"ENSMUSG00000057110",1297,1117,1090,1142,1066,1230
"ENSMUSG00000057113",5676,7222,12960,8963,7560,7572
"ENSMUSG00000057123",79,39,31,36,41,28
"ENSMUSG00000057130",821,729,1001,916,877,810
"ENSMUSG00000057132",590,702,910,718,612,543
"ENSMUSG00000057133",4919,4418,3280,3738,4344,4770
"ENSMUSG00000057134",849,747,1040,938,1122,838
"ENSMUSG00000057137",327,188,373,252,217,207
"ENSMUSG00000057143",668,582,631,464,430,405
"ENSMUSG00000057147",781,704,1129,917,941,804
"ENSMUSG00000057156",265,271,232,234,345,195
"ENSMUSG00000057176",255,280,338,321,228,237
"ENSMUSG00000057177",1068,1060,1016,958,1006,894
"ENSMUSG00000057181",703,605,554,442,537,614
"ENSMUSG00000057191",106,59,22,30,40,21
"ENSMUSG00000057193",4675,3769,2877,2908,2913,2574
"ENSMUSG00000057219",96,73,85,77,95,79
"ENSMUSG00000057229",353,288,192,202,226,232
"ENSMUSG00000057230",2727,2521,2268,2615,2690,2492
"ENSMUSG00000057234",195,194,177,208,180,125
"ENSMUSG00000057236",2914,2970,3805,3502,3263,2660
"ENSMUSG00000057244",12,21,33,11,11,11
"ENSMUSG00000057262",10,13,14,7,6,11
"ENSMUSG00000057265",640,623,188,304,385,381
"ENSMUSG00000057278",311,283,454,358,316,342
"ENSMUSG00000057286",1017,810,2083,1827,1506,992
"ENSMUSG00000057315",1430,1370,1056,1573,2040,2618
"ENSMUSG00000057322",2702,2884,3204,2894,2706,2973
"ENSMUSG00000057329",1868,2041,1260,1505,1828,1870
"ENSMUSG00000057335",589,574,865,823,829,717
"ENSMUSG00000057337",23,26,86,92,57,66
"ENSMUSG00000057342",761,623,439,516,633,516
"ENSMUSG00000057359",95,99,98,177,67,124
"ENSMUSG00000057363",325,351,797,663,444,431
"ENSMUSG00000057367",2205,2387,1362,1569,1733,1505
"ENSMUSG00000057375",420,318,412,448,415,373
"ENSMUSG00000057378",40,45,26,36,32,43
"ENSMUSG00000057388",371,346,713,512,425,365
"ENSMUSG00000057396",158,106,105,99,192,110
"ENSMUSG00000057406",901,843,2601,1794,1492,1041
"ENSMUSG00000057409",486,373,286,240,292,191
"ENSMUSG00000057411",367,289,359,345,300,233
"ENSMUSG00000057421",1056,1136,1166,940,816,774
"ENSMUSG00000057440",1149,1070,768,807,810,823
"ENSMUSG00000057454",18,23,313,292,26,35
"ENSMUSG00000057469",363,341,485,398,439,380
"ENSMUSG00000057497",244,223,380,243,209,173
"ENSMUSG00000057506",134,170,244,190,159,136
"ENSMUSG00000057522",4757,4514,3216,3059,4477,4365
"ENSMUSG00000057530",3869,2946,5550,4112,5442,5619
"ENSMUSG00000057531",394,317,664,559,483,438
"ENSMUSG00000057541",503,521,860,599,509,471
"ENSMUSG00000057551",696,699,750,871,794,717
"ENSMUSG00000057554",1391,1357,1503,1441,1263,1304
"ENSMUSG00000057561",3666,4987,2710,2282,2299,1935
"ENSMUSG00000057572",359,363,407,394,367,316
"ENSMUSG00000057594",182,122,116,113,113,130
"ENSMUSG00000057604",42,32,14,23,8,6
"ENSMUSG00000057605",54,46,54,43,56,62
"ENSMUSG00000057614",909,1053,780,742,968,963
"ENSMUSG00000057637",3293,3300,1724,1883,2545,2563
"ENSMUSG00000057649",471,465,503,554,549,566
"ENSMUSG00000057657",26,34,26,30,26,24
"ENSMUSG00000057666",2154,2986,7765,7564,4163,3881
"ENSMUSG00000057667",75,72,107,112,144,79
"ENSMUSG00000057672",915,778,325,436,421,389
"ENSMUSG00000057691",866,611,819,737,915,640
"ENSMUSG00000057706",45,52,132,138,84,128
"ENSMUSG00000057719",836,419,1312,1392,1399,1314
"ENSMUSG00000057722",131,78,19,36,42,22
"ENSMUSG00000057738",12895,11346,7310,7143,8747,8514
"ENSMUSG00000057751",385,258,518,446,985,707
"ENSMUSG00000057762",24,30,61,22,29,38
"ENSMUSG00000057766",126,152,128,121,126,137
"ENSMUSG00000057777",16,11,18,18,19,18
"ENSMUSG00000057778",199,198,243,334,200,198
"ENSMUSG00000057788",438,372,664,590,501,394
"ENSMUSG00000057789",239,235,812,684,409,316
"ENSMUSG00000057835",169,137,96,117,133,118
"ENSMUSG00000057836",111,81,21,20,7,14
"ENSMUSG00000057841",6241,6299,7848,6914,6991,8197
"ENSMUSG00000057842",304,242,219,256,269,213
"ENSMUSG00000057858",584,575,484,497,406,425
"ENSMUSG00000057863",2340,2140,2702,2455,2384,2723
"ENSMUSG00000057880",296,419,24,42,85,99
"ENSMUSG00000057894",299,285,361,440,447,309
"ENSMUSG00000057895",86,50,44,55,42,43
"ENSMUSG00000057897",23,22,194,256,400,240
"ENSMUSG00000057914",303,330,16,52,52,69
"ENSMUSG00000057948",125,80,43,71,50,53
"ENSMUSG00000057963",1375,1337,642,909,1098,714
"ENSMUSG00000057969",175,138,50,75,102,75
"ENSMUSG00000057982",2520,2119,1766,1596,2296,1509
"ENSMUSG00000058006",2586,3093,4391,3330,3244,2910
"ENSMUSG00000058013",849,1170,2380,1634,1122,1051
"ENSMUSG00000058046",14,11,13,11,21,21
"ENSMUSG00000058056",8584,11689,6633,7952,11539,16544
"ENSMUSG00000058064",25,62,34,26,33,32
"ENSMUSG00000058070",844,640,278,418,574,697
"ENSMUSG00000058076",627,636,1032,867,857,742
"ENSMUSG00000058093",813,502,635,579,715,486
"ENSMUSG00000058099",10,6,19,15,4,3
"ENSMUSG00000058126",1175,1233,1078,848,591,1285
"ENSMUSG00000058135",4126,3307,412,640,1822,1618
"ENSMUSG00000058145",695,907,921,1638,935,1926
"ENSMUSG00000058173",508,519,429,600,719,657
"ENSMUSG00000058174",93,82,166,138,136,152
"ENSMUSG00000058183",13,12,6,15,19,14
"ENSMUSG00000058192",348,256,266,275,364,282
"ENSMUSG00000058230",4997,5113,4744,4561,5889,5544
"ENSMUSG00000058239",547,424,604,573,615,546
"ENSMUSG00000058240",512,427,426,444,472,431
"ENSMUSG00000058248",517,651,1174,1269,1416,2492
"ENSMUSG00000058254",276,251,90,136,111,157
"ENSMUSG00000058258",237,442,546,272,87,104
"ENSMUSG00000058267",410,436,618,577,468,402
"ENSMUSG00000058290",20,82,358,265,132,66
"ENSMUSG00000058291",1073,746,1187,1125,1018,816
"ENSMUSG00000058297",267,308,516,698,171,336
"ENSMUSG00000058298",495,451,411,397,486,519
"ENSMUSG00000058301",2370,2166,3285,3007,2966,2397
"ENSMUSG00000058317",326,327,381,291,356,332
"ENSMUSG00000058318",1819,1652,1220,1516,1740,1660
"ENSMUSG00000058325",3080,3247,3645,3187,3365,3725
"ENSMUSG00000058331",87,72,48,50,79,69
"ENSMUSG00000058351",112,67,66,63,60,79
"ENSMUSG00000058354",67,72,3798,2109,126,123
"ENSMUSG00000058355",2365,2697,4915,3863,3433,2868
"ENSMUSG00000058385",315,286,1205,1064,588,442
"ENSMUSG00000058388",574,634,794,725,792,753
"ENSMUSG00000058392",635,593,848,595,484,368
"ENSMUSG00000058396",48,52,21,38,31,38
"ENSMUSG00000058402",157,123,62,88,118,92
"ENSMUSG00000058407",1093,1023,1432,1382,1171,929
"ENSMUSG00000058427",189,177,743,210,253,253
"ENSMUSG00000058440",829,654,710,653,840,601
"ENSMUSG00000058441",86,54,2,11,21,12
"ENSMUSG00000058443",112,127,101,91,77,80
"ENSMUSG00000058444",608,562,574,602,719,679
"ENSMUSG00000058446",4136,4104,6881,6394,7456,5891
"ENSMUSG00000058447",109,72,59,57,66,51
"ENSMUSG00000058454",114,140,189,189,56,62
"ENSMUSG00000058486",371,316,472,415,359,319
"ENSMUSG00000058492",25,29,35,35,25,16
"ENSMUSG00000058498",21,26,54,40,38,35
"ENSMUSG00000058503",711,644,653,798,584,689
"ENSMUSG00000058546",4999,5157,5485,4859,4883,5608
"ENSMUSG00000058558",7885,7831,9191,8538,9417,10199
"ENSMUSG00000058567",19,17,11,27,14,18
"ENSMUSG00000058568",5821,6554,1528,2749,2057,2199
"ENSMUSG00000058569",1577,1674,2214,2048,1545,1368
"ENSMUSG00000058571",714,691,631,717,925,900
"ENSMUSG00000058579",29,29,21,10,16,27
"ENSMUSG00000058586",409,303,447,334,347,301
"ENSMUSG00000058587",1905,1704,3105,2860,2407,1986
"ENSMUSG00000058594",859,884,994,1048,971,811
"ENSMUSG00000058600",2267,1637,3308,2516,2567,3579
"ENSMUSG00000058603",172,184,234,183,177,242
"ENSMUSG00000058624",155,120,4037,1427,606,248
"ENSMUSG00000058638",1153,1005,976,921,944,646
"ENSMUSG00000058655",8379,8479,9043,7791,9488,8779
"ENSMUSG00000058656",52,38,36,32,27,2
"ENSMUSG00000058672",464,520,360,400,273,498
"ENSMUSG00000058690",2986,2783,5262,5935,4742,4265
"ENSMUSG00000058704",550,478,1261,941,692,550
"ENSMUSG00000058706",659,533,404,418,473,309
"ENSMUSG00000058709",1655,1305,1084,1227,1438,1311
"ENSMUSG00000058715",16,15,47,28,19,18
"ENSMUSG00000058729",131,151,254,155,213,163
"ENSMUSG00000058748",276,251,225,177,259,176
"ENSMUSG00000058756",1906,1259,591,634,1075,1018
"ENSMUSG00000058761",1114,885,1161,1106,1596,1128
"ENSMUSG00000058773",202,224,1646,1075,446,328
"ENSMUSG00000058793",3603,3055,1201,1712,2737,2909
"ENSMUSG00000058794",36,27,9,14,18,21
"ENSMUSG00000058799",4048,4002,6852,5093,5069,4439
"ENSMUSG00000058809",30,35,71,46,37,34
"ENSMUSG00000058812",1818,1417,949,1236,1562,1332
"ENSMUSG00000058818",34,18,25,12,25,25
"ENSMUSG00000058831",69,48,20,27,30,48
"ENSMUSG00000058833",240,234,293,314,248,214
"ENSMUSG00000058835",3046,2939,3402,3194,3199,3166
"ENSMUSG00000058838",3,8,12,14,10,11
"ENSMUSG00000058881",1204,1214,1353,1297,1320,1252
"ENSMUSG00000058883",107,83,81,106,103,67
"ENSMUSG00000058886",632,547,470,488,537,518
"ENSMUSG00000058897",4,3,19,12,13,9
"ENSMUSG00000058900",67,45,54,57,74,53
"ENSMUSG00000058905",32,31,39,32,33,41
"ENSMUSG00000058921",53,60,48,44,17,22
"ENSMUSG00000058922",98,78,190,124,136,144
"ENSMUSG00000058927",3,8,24,12,10,9
"ENSMUSG00000058966",578,586,1012,831,515,554
"ENSMUSG00000058979",120,108,113,109,116,91
"ENSMUSG00000058997",2355,2274,1498,1599,1966,1868
"ENSMUSG00000059005",10768,12556,15785,14894,12295,12212
"ENSMUSG00000059013",42,31,27,30,21,27
"ENSMUSG00000059022",15,23,49,72,23,41
"ENSMUSG00000059033",26,15,26,11,21,25
"ENSMUSG00000059040",226,257,722,574,330,249
"ENSMUSG00000059049",84,45,18,43,54,56
"ENSMUSG00000059060",7,12,29,23,18,14
"ENSMUSG00000059064",5,126,10,10,11,5
"ENSMUSG00000059070",3060,2847,3924,3310,3321,3310
"ENSMUSG00000059119",1567,1536,1950,1717,1646,1388
"ENSMUSG00000059142",984,836,444,455,664,612
"ENSMUSG00000059146",237,157,391,228,513,684
"ENSMUSG00000059149",2693,2588,2482,2493,2506,2644
"ENSMUSG00000059150",19,9,3,12,10,6
"ENSMUSG00000059159",40,40,31,26,30,40
"ENSMUSG00000059173",41,48,7,4,13,11
"ENSMUSG00000059182",393,434,1014,822,667,655
"ENSMUSG00000059183",195,152,251,268,265,189
"ENSMUSG00000059195",498,580,457,520,480,576
"ENSMUSG00000059208",3442,4048,6182,5771,4676,3814
"ENSMUSG00000059248",1616,1245,4206,3276,2234,2066
"ENSMUSG00000059252",10,18,16,8,13,21
"ENSMUSG00000059263",3292,3179,3253,3228,3689,3275
"ENSMUSG00000059273",2071,1902,1722,1595,1698,1678
"ENSMUSG00000059277",410,325,458,389,346,275
"ENSMUSG00000059278",257,239,332,295,290,266
"ENSMUSG00000059288",613,769,765,698,888,711
"ENSMUSG00000059291",3743,3530,4930,4171,4086,4137
"ENSMUSG00000059305",21,26,18,14,27,27
"ENSMUSG00000059316",484,367,560,620,573,435
"ENSMUSG00000059323",1056,933,1179,1108,962,845
"ENSMUSG00000059325",172,186,185,179,337,301
"ENSMUSG00000059326",146,154,95,182,104,114
"ENSMUSG00000059327",245,197,197,202,286,377
"ENSMUSG00000059336",29,46,1100,1230,164,86
"ENSMUSG00000059355",354,374,574,522,420,343
"ENSMUSG00000059363",107,91,128,154,97,110
"ENSMUSG00000059395",26,13,12,8,20,11
"ENSMUSG00000059401",372,339,259,349,341,402
"ENSMUSG00000059409",825,794,990,970,857,753
"ENSMUSG00000059422",3,13,131,124,116,102
"ENSMUSG00000059423",409,302,347,304,343,227
"ENSMUSG00000059434",23,15,2,6,2,11
"ENSMUSG00000059436",2087,1792,1661,1396,1756,1500
"ENSMUSG00000059439",1013,877,733,860,1028,1047
"ENSMUSG00000059447",1883,1753,1457,1647,1869,1489
"ENSMUSG00000059456",1017,673,1158,955,667,833
"ENSMUSG00000059461",32,40,33,23,27,35
"ENSMUSG00000059474",1752,1618,1258,1451,1438,1640
"ENSMUSG00000059475",666,595,509,529,607,473
"ENSMUSG00000059479",678,603,379,390,606,525
"ENSMUSG00000059482",811,645,589,653,812,811
"ENSMUSG00000059486",1828,1920,1451,1448,1854,1708
"ENSMUSG00000059493",43,62,169,102,67,44
"ENSMUSG00000059495",10268,9809,9348,9097,10004,9510
"ENSMUSG00000059498",14,16,19,15,11,6
"ENSMUSG00000059518",265,276,396,346,296,274
"ENSMUSG00000059534",596,586,918,811,798,573
"ENSMUSG00000059540",136,106,95,118,96,98
"ENSMUSG00000059552",1103,1000,2202,1757,1388,1326
"ENSMUSG00000059554",109,112,90,129,114,89
"ENSMUSG00000059555",909,657,632,596,735,492
"ENSMUSG00000059586",386,317,357,328,258,277
"ENSMUSG00000059588",194,154,59,36,106,99
"ENSMUSG00000059602",13140,16696,7481,8947,9400,10940
"ENSMUSG00000059659",26,17,46,84,110,67
"ENSMUSG00000059668",663,497,8293,5939,748,893
"ENSMUSG00000059669",508,434,457,389,376,415
"ENSMUSG00000059674",34,44,122,108,66,64
"ENSMUSG00000059689",245,166,283,285,293,195
"ENSMUSG00000059706",60,68,63,56,61,79
"ENSMUSG00000059708",326,343,211,226,238,262
"ENSMUSG00000059713",366,348,353,296,296,210
"ENSMUSG00000059714",966,785,669,676,859,816
"ENSMUSG00000059734",430,372,713,644,591,503
"ENSMUSG00000059742",36,27,14,31,18,12
"ENSMUSG00000059743",182,351,648,420,127,108
"ENSMUSG00000059751",51,186,2043,1800,2178,117
"ENSMUSG00000059772",168,142,138,174,192,159
"ENSMUSG00000059775",103,131,167,121,122,114
"ENSMUSG00000059776",16,22,10,16,9,25
"ENSMUSG00000059791",74,60,187,138,115,69
"ENSMUSG00000059796",8873,10260,11825,10367,8380,9450
"ENSMUSG00000059810",422,381,357,398,532,389
"ENSMUSG00000059811",1184,1440,1357,1430,1247,1349
"ENSMUSG00000059820",710,745,799,698,719,628
"ENSMUSG00000059824",637,348,185,181,408,367
"ENSMUSG00000059834",444,460,428,377,466,479
"ENSMUSG00000059839",339,271,118,194,277,213
"ENSMUSG00000059842",100,106,106,108,110,96
"ENSMUSG00000059851",341,289,395,540,398,304
"ENSMUSG00000059852",25,8,10,11,20,28
"ENSMUSG00000059866",487,411,373,362,323,328
"ENSMUSG00000059878",572,437,499,489,505,358
"ENSMUSG00000059883",696,690,1174,1047,836,814
"ENSMUSG00000059890",2904,2598,3068,2994,2812,2462
"ENSMUSG00000059895",227,179,375,218,277,220
"ENSMUSG00000059897",424,349,390,314,316,271
"ENSMUSG00000059898",840,441,6507,5081,3718,4564
"ENSMUSG00000059900",139,160,220,224,114,114
"ENSMUSG00000059920",936,936,838,844,1001,733
"ENSMUSG00000059921",86,78,21,42,25,25
"ENSMUSG00000059923",1000,1015,1029,953,1066,916
"ENSMUSG00000059939",361,329,269,304,223,264
"ENSMUSG00000059956",16,21,3,4,11,11
"ENSMUSG00000059970",387,387,888,790,253,396
"ENSMUSG00000059974",3,6,50,22,7,18
"ENSMUSG00000059975",337,269,243,228,351,269
"ENSMUSG00000059981",1824,1621,1571,1759,1867,1656
"ENSMUSG00000059995",886,865,917,879,1164,993
"ENSMUSG00000060002",1485,1500,1290,1550,2015,1919
"ENSMUSG00000060012",1399,1341,631,786,905,855
"ENSMUSG00000060019",79,114,80,63,79,67
"ENSMUSG00000060029",546,507,456,520,521,511
"ENSMUSG00000060032",482,364,604,622,486,399
"ENSMUSG00000060034",58,41,21,34,43,32
"ENSMUSG00000060036",9718,9473,10555,9125,9536,10353
"ENSMUSG00000060038",292,182,271,228,201,191
"ENSMUSG00000060044",36,41,4,2,13,2
"ENSMUSG00000060073",1103,981,1836,1599,1114,1120
"ENSMUSG00000060090",884,852,1032,1024,1005,1051
"ENSMUSG00000060093",396,340,557,408,316,312
"ENSMUSG00000060096",21,48,51,52,41,70
"ENSMUSG00000060098",367,355,532,464,336,246
"ENSMUSG00000060121",152,142,197,200,139,130
"ENSMUSG00000060126",16392,17542,16043,16136,15969,18996
"ENSMUSG00000060143",486,491,673,643,526,543
"ENSMUSG00000060147",1915,1644,1870,1635,1303,1386
"ENSMUSG00000060149",217,221,196,175,139,150
"ENSMUSG00000060152",331,279,229,264,205,189
"ENSMUSG00000060166",785,665,675,811,876,820
"ENSMUSG00000060176",20,13,3,10,8,12
"ENSMUSG00000060181",375,280,384,414,540,287
"ENSMUSG00000060183",12,6,783,8,16,8
"ENSMUSG00000060188",56,8,61,43,8,46
"ENSMUSG00000060198",10,6,13,10,3,9
"ENSMUSG00000060206",5797,5074,2031,2345,3408,3510
"ENSMUSG00000060216",162,123,122,121,102,95
"ENSMUSG00000060224",299,300,129,247,84,64
"ENSMUSG00000060227",1240,1131,705,819,1223,1423
"ENSMUSG00000060244",68,49,37,57,57,43
"ENSMUSG00000060260",1367,944,678,653,775,807
"ENSMUSG00000060261",7150,7237,6352,7407,8640,7421
"ENSMUSG00000060268",24,23,13,6,18,19
"ENSMUSG00000060275",1714,1537,765,795,2331,1598
"ENSMUSG00000060279",1078,1042,1572,1559,1315,1191
"ENSMUSG00000060288",135,119,187,116,115,96
"ENSMUSG00000060301",533,431,525,514,506,403
"ENSMUSG00000060314",45,59,54,30,17,18
"ENSMUSG00000060336",93,120,160,145,149,108
"ENSMUSG00000060373",3446,4411,4181,4041,3802,3567
"ENSMUSG00000060376",1034,944,518,571,875,823
"ENSMUSG00000060377",29,18,21,32,20,35
"ENSMUSG00000060380",67,71,50,57,67,64
"ENSMUSG00000060397",85,59,62,80,91,44
"ENSMUSG00000060419",299,304,331,298,283,355
"ENSMUSG00000060427",698,637,584,704,602,637
"ENSMUSG00000060429",446,404,96,136,180,179
"ENSMUSG00000060438",107,122,115,104,115,107
"ENSMUSG00000060441",14,13,31,28,31,40
"ENSMUSG00000060450",2041,1749,1616,1551,1750,1444
"ENSMUSG00000060467",23,18,16,28,16,15
"ENSMUSG00000060475",1006,865,1060,954,947,891
"ENSMUSG00000060477",1038,936,364,248,449,358
"ENSMUSG00000060487",71,50,1187,555,1033,435
"ENSMUSG00000060510",2981,3110,4749,4243,4195,3509
"ENSMUSG00000060512",693,520,1624,1422,978,1066
"ENSMUSG00000060519",819,440,1544,954,831,929
"ENSMUSG00000060538",233,193,227,202,209,152
"ENSMUSG00000060548",4198,4263,3595,3869,5542,4674
"ENSMUSG00000060550",53,44,164,48,34,46
"ENSMUSG00000060568",82,82,265,177,439,216
"ENSMUSG00000060572",32,18,3,8,10,16
"ENSMUSG00000060579",74,86,83,93,74,85
"ENSMUSG00000060586",13,3,20,4,4,12
"ENSMUSG00000060591",1116,1005,2565,2003,1403,1131
"ENSMUSG00000060594",65,39,42,30,26,43
"ENSMUSG00000060600",144,108,42,67,99,83
"ENSMUSG00000060601",1240,986,910,1145,1149,995
"ENSMUSG00000060621",65,40,27,19,30,28
"ENSMUSG00000060636",928,990,1160,1000,1003,1160
"ENSMUSG00000060639",118,99,284,240,131,134
"ENSMUSG00000060657",3342,3545,2369,2443,3306,3134
"ENSMUSG00000060671",1527,1369,1279,1435,1625,1431
"ENSMUSG00000060675",168,183,74,75,41,46
"ENSMUSG00000060678",200,119,251,252,174,178
"ENSMUSG00000060679",469,394,651,475,457,421
"ENSMUSG00000060681",1115,1078,828,891,1238,1143
"ENSMUSG00000060703",90,114,76,71,49,69
"ENSMUSG00000060708",98,94,102,93,112,73
"ENSMUSG00000060716",934,1045,893,995,713,483
"ENSMUSG00000060727",10,9,2,11,7,14
"ENSMUSG00000060730",23,31,20,12,20,24
"ENSMUSG00000060733",2502,2387,1569,1819,1939,2242
"ENSMUSG00000060739",2251,2115,2368,1982,2486,2609
"ENSMUSG00000060743",1569,1667,2368,2280,2055,1922
"ENSMUSG00000060771",171,194,72,81,119,101
"ENSMUSG00000060798",272,364,367,369,395,323
"ENSMUSG00000060802",10562,11323,9958,7085,4994,5324
"ENSMUSG00000060803",1528,1127,996,925,913,1234
"ENSMUSG00000060860",1077,1034,943,906,844,997
"ENSMUSG00000060862",338,360,376,427,388,280
"ENSMUSG00000060890",41,25,5,4,13,11
"ENSMUSG00000060904",1988,2026,2241,2138,2001,1872
"ENSMUSG00000060923",49,68,72,95,44,38
"ENSMUSG00000060924",65,38,12,10,22,40
"ENSMUSG00000060935",824,768,715,885,875,743
"ENSMUSG00000060938",914,1190,1081,951,967,1162
"ENSMUSG00000060950",111,104,198,114,122,83
"ENSMUSG00000060961",111,160,56,93,90,130
"ENSMUSG00000060969",21,8,12,19,23,11
"ENSMUSG00000060981",427,323,705,624,511,460
"ENSMUSG00000060989",16,12,17,16,9,18
"ENSMUSG00000060992",1063,1179,1482,1396,1208,1053
"ENSMUSG00000061013",206,257,151,204,246,214
"ENSMUSG00000061024",438,406,900,512,515,329
"ENSMUSG00000061028",809,662,619,651,654,656
"ENSMUSG00000061032",2125,2248,2650,2386,1924,1981
"ENSMUSG00000061039",31,48,44,14,84,28
"ENSMUSG00000061046",131,126,168,178,139,114
"ENSMUSG00000061048",5621,4138,5333,5118,5005,5682
"ENSMUSG00000061062",139,155,254,193,185,143
"ENSMUSG00000061079",548,515,536,514,460,521
"ENSMUSG00000061086",12,15,11,11,18,9
"ENSMUSG00000061099",106,54,66,81,50,48
"ENSMUSG00000061100",157,163,26,32,31,24
"ENSMUSG00000061104",23,17,22,19,28,19
"ENSMUSG00000061111",359,284,385,395,375,351
"ENSMUSG00000061118",233,206,213,212,241,165
"ENSMUSG00000061119",201,157,307,297,213,252
"ENSMUSG00000061130",1555,1542,1342,1452,1590,1415
"ENSMUSG00000061132",1986,1995,1743,2177,1131,2076
"ENSMUSG00000061136",3723,3898,5323,4755,4287,4236
"ENSMUSG00000061143",2320,1740,1288,1385,1583,1906
"ENSMUSG00000061167",8,8,18,15,10,6
"ENSMUSG00000061175",1641,1487,1087,1178,1207,1242
"ENSMUSG00000061186",15,26,2,7,16,11
"ENSMUSG00000061207",208,161,212,222,182,162
"ENSMUSG00000061232",3223,2664,6056,3877,2280,2680
"ENSMUSG00000061244",2121,1929,3057,2900,2631,2794
"ENSMUSG00000061272",8,7,16,10,6,16
"ENSMUSG00000061273",1125,1094,1851,1536,1699,1349
"ENSMUSG00000061286",238,206,300,276,237,197
"ENSMUSG00000061288",1090,1144,788,932,596,620
"ENSMUSG00000061306",2662,2515,1614,1693,1520,1477
"ENSMUSG00000061313",1076,918,720,745,1095,1054
"ENSMUSG00000061315",3908,4048,5505,4992,5058,5113
"ENSMUSG00000061322",15,22,48,77,58,78
"ENSMUSG00000061330",81,75,110,73,73,76
"ENSMUSG00000061353",2398,1771,395,664,1106,1146
"ENSMUSG00000061360",389,410,659,635,538,419
"ENSMUSG00000061371",148,150,140,124,158,107
"ENSMUSG00000061374",568,524,449,461,438,390
"ENSMUSG00000061390",19,21,24,15,22,28
"ENSMUSG00000061393",230,186,71,106,215,137
"ENSMUSG00000061397",18,20,42,23,9,15
"ENSMUSG00000061410",1712,1458,1160,1182,1264,1268
"ENSMUSG00000061411",506,557,539,591,771,652
"ENSMUSG00000061414",238,297,50,40,43,82
"ENSMUSG00000061436",2606,2533,1972,2059,2437,2218
"ENSMUSG00000061451",16,8,5,7,11,16
"ENSMUSG00000061455",983,746,686,745,805,720
"ENSMUSG00000061458",704,696,947,834,755,673
"ENSMUSG00000061461",278,202,364,344,272,208
"ENSMUSG00000061462",64,29,11,14,33,48
"ENSMUSG00000061474",48,39,64,64,46,35
"ENSMUSG00000061477",5145,5233,7158,6556,5985,6551
"ENSMUSG00000061479",1001,1024,1226,1161,1087,766
"ENSMUSG00000061482",1455,1043,2050,1890,1398,1255
"ENSMUSG00000061517",49,34,88,108,85,79
"ENSMUSG00000061518",797,839,1502,1200,880,736
"ENSMUSG00000061527",21683,22988,46091,38436,35917,35954
"ENSMUSG00000061533",237,210,301,244,191,223
"ENSMUSG00000061535",43,58,6,0,14,14
"ENSMUSG00000061536",333,344,294,243,312,354
"ENSMUSG00000061544",328,262,235,246,278,219
"ENSMUSG00000061559",798,775,1515,1582,933,791
"ENSMUSG00000061576",9,3,28,20,10,5
"ENSMUSG00000061589",2402,2672,3223,3870,2909,3768
"ENSMUSG00000061601",319,266,111,145,167,258
"ENSMUSG00000061603",40,23,10,12,10,11
"ENSMUSG00000061607",1567,1864,1469,1423,1590,1378
"ENSMUSG00000061613",958,958,1281,1145,973,891
"ENSMUSG00000061615",31,43,752,513,180,102
"ENSMUSG00000061650",438,373,346,344,367,300
"ENSMUSG00000061665",7365,7500,7582,7428,7809,8767
"ENSMUSG00000061666",172,106,262,284,44,67
"ENSMUSG00000061684",18,20,22,20,16,9
"ENSMUSG00000061689",855,739,920,896,793,777
"ENSMUSG00000061702",31,29,9,7,8,27
"ENSMUSG00000061718",92,60,264,193,31,43
"ENSMUSG00000061724",25,18,22,24,15,19
"ENSMUSG00000061731",2491,3195,4225,3808,3656,4349
"ENSMUSG00000061740",1270,867,164,255,561,659
"ENSMUSG00000061751",941,963,1757,2045,1840,1993
"ENSMUSG00000061755",3658,3781,2678,2667,3160,3699
"ENSMUSG00000061758",366,353,206,284,283,239
"ENSMUSG00000061759",424,387,442,337,463,262
"ENSMUSG00000061778",1029,1048,828,904,1089,1000
"ENSMUSG00000061787",3840,3809,4432,4102,4239,4599
"ENSMUSG00000061815",80,81,37,46,56,37
"ENSMUSG00000061838",1131,1207,1408,1159,1216,1024
"ENSMUSG00000061848",26,38,34,16,20,40
"ENSMUSG00000061859",4158,4112,3253,3599,3635,3746
"ENSMUSG00000061878",263,285,182,215,286,275
"ENSMUSG00000061882",162,124,71,73,63,75
"ENSMUSG00000061887",3395,3348,3041,3431,4585,4311
"ENSMUSG00000061894",190,126,120,137,168,141
"ENSMUSG00000061897",45,44,77,52,65,66
"ENSMUSG00000061898",290,197,258,271,242,243
"ENSMUSG00000061904",6991,6489,7698,8705,7411,8950
"ENSMUSG00000061950",1621,1417,1987,1908,1762,1849
"ENSMUSG00000061974",14,12,2,6,8,11
"ENSMUSG00000061979",119,142,227,174,113,83
"ENSMUSG00000061981",2013,1481,1515,1271,1712,1480
"ENSMUSG00000061983",3938,4085,5958,5360,4874,5650
"ENSMUSG00000061991",38,39,618,456,239,213
"ENSMUSG00000062006",659,756,1730,1428,1550,1534
"ENSMUSG00000062007",26,21,12,12,13,24
"ENSMUSG00000062012",135,113,81,93,107,75
"ENSMUSG00000062014",1958,1910,2312,2124,2055,1893
"ENSMUSG00000062031",392,383,364,383,387,367
"ENSMUSG00000062040",217,189,161,151,234,150
"ENSMUSG00000062044",41,18,5,8,15,11
"ENSMUSG00000062054",265,216,269,271,345,243
"ENSMUSG00000062070",1071,1376,3526,2606,1345,1441
"ENSMUSG00000062075",189,230,462,325,281,172
"ENSMUSG00000062078",3981,3789,5135,4546,6042,5442
"ENSMUSG00000062081",24,23,16,18,8,19
"ENSMUSG00000062082",23,12,204,231,13,2
"ENSMUSG00000062093",42,48,58,48,29,37
"ENSMUSG00000062098",1148,896,1158,1087,2287,1051
"ENSMUSG00000062101",119,94,66,53,62,60
"ENSMUSG00000062110",281,325,268,227,211,197
"ENSMUSG00000062115",2742,2291,2147,2231,2625,2804
"ENSMUSG00000062116",196,211,183,187,188,237
"ENSMUSG00000062127",2006,1998,1510,1755,2312,1893
"ENSMUSG00000062151",131,197,17,26,72,85
"ENSMUSG00000062157",947,848,410,473,551,534
"ENSMUSG00000062169",454,382,490,428,469,371
"ENSMUSG00000062175",1189,1347,663,840,897,1125
"ENSMUSG00000062184",43,58,235,166,55,67
"ENSMUSG00000062190",459,492,512,480,436,484
"ENSMUSG00000062198",126,133,114,162,134,95
"ENSMUSG00000062202",877,925,446,627,611,500
"ENSMUSG00000062203",2877,2959,5079,4048,3764,3519
"ENSMUSG00000062204",27,8,6,8,13,14
"ENSMUSG00000062209",612,849,42,75,122,157
"ENSMUSG00000062210",1545,1045,1988,1775,1536,1407
"ENSMUSG00000062232",1911,1787,1188,1445,1682,2198
"ENSMUSG00000062234",2143,2126,2184,2181,1954,1752
"ENSMUSG00000062248",57,78,250,248,113,101
"ENSMUSG00000062257",78,44,21,48,68,117
"ENSMUSG00000062270",3620,3113,3321,3402,3466,3281
"ENSMUSG00000062300",1165,1222,675,816,790,983
"ENSMUSG00000062312",1514,1154,1351,1198,1122,992
"ENSMUSG00000062319",10,13,4,10,7,6
"ENSMUSG00000062328",5448,6074,6783,6198,5515,6606
"ENSMUSG00000062345",3,8,217,129,9,22
"ENSMUSG00000062352",330,297,398,383,541,364
"ENSMUSG00000062353",4064,4124,4286,4122,4225,4882
"ENSMUSG00000062372",8,9,7,12,10,34
"ENSMUSG00000062373",2038,1958,1981,1880,2201,2099
"ENSMUSG00000062376",431,503,373,408,437,405
"ENSMUSG00000062382",40,60,28,47,23,16
"ENSMUSG00000062397",2033,2060,2639,2490,2530,2024
"ENSMUSG00000062421",663,829,782,877,882,942
"ENSMUSG00000062456",126,135,177,116,146,175
"ENSMUSG00000062461",40,36,47,34,23,24
"ENSMUSG00000062470",49,55,33,40,36,31
"ENSMUSG00000062478",30,32,21,10,16,27
"ENSMUSG00000062480",655,621,1290,974,793,641
"ENSMUSG00000062488",24,9,486,116,7,8
"ENSMUSG00000062510",46,44,109,68,29,46
"ENSMUSG00000062515",93,75,34,40,45,22
"ENSMUSG00000062518",4,57,13,19,2,2
"ENSMUSG00000062519",1193,1082,857,794,984,733
"ENSMUSG00000062526",238,244,216,239,236,166
"ENSMUSG00000062542",63,81,11,22,18,41
"ENSMUSG00000062554",23,7,147,144,116,111
"ENSMUSG00000062563",157,126,12,18,50,46
"ENSMUSG00000062580",860,797,848,692,888,845
"ENSMUSG00000062588",8,17,16,15,15,15
"ENSMUSG00000062590",298,313,336,329,390,291
"ENSMUSG00000062591",29,32,7,4,10,6
"ENSMUSG00000062593",45,43,150,65,28,32
"ENSMUSG00000062604",2400,2205,2065,2353,2333,2337
"ENSMUSG00000062609",354,209,1155,664,398,179
"ENSMUSG00000062611",56,90,496,442,481,636
"ENSMUSG00000062619",106,76,87,87,88,89
"ENSMUSG00000062627",1910,1734,1284,1333,1383,1375
"ENSMUSG00000062646",803,812,523,498,612,560
"ENSMUSG00000062647",6478,6302,8150,7317,7167,7664
"ENSMUSG00000062661",193,221,524,471,381,307
"ENSMUSG00000062683",764,708,834,808,714,612
"ENSMUSG00000062691",244,258,248,228,266,205
"ENSMUSG00000062713",42,45,3,12,20,14
"ENSMUSG00000062727",25,21,348,235,90,54
"ENSMUSG00000062729",484,395,422,479,390,378
"ENSMUSG00000062742",8,20,17,12,6,11
"ENSMUSG00000062743",292,202,203,227,227,269
"ENSMUSG00000062753",160,154,101,93,85,89
"ENSMUSG00000062761",704,585,438,518,601,428
"ENSMUSG00000062762",1405,1311,1931,1811,1797,1426
"ENSMUSG00000062785",34,53,19,28,21,28
"ENSMUSG00000062794",76,66,116,83,58,62
"ENSMUSG00000062797",352,390,412,374,389,322
"ENSMUSG00000062822",1011,829,795,936,860,923
"ENSMUSG00000062825",24493,27270,22723,24664,22309,25514
"ENSMUSG00000062826",200,151,646,393,251,210
"ENSMUSG00000062846",15,11,18,20,18,12
"ENSMUSG00000062859",32,23,18,16,19,38
"ENSMUSG00000062861",93,83,62,63,55,48
"ENSMUSG00000062866",2793,2304,2477,2488,3575,3682
"ENSMUSG00000062867",1290,1486,1920,1504,1303,1259
"ENSMUSG00000062896",30,22,21,28,16,30
"ENSMUSG00000062901",3724,3313,2225,2664,3433,3770
"ENSMUSG00000062906",268,202,168,173,161,123
"ENSMUSG00000062908",1125,922,791,769,854,810
"ENSMUSG00000062929",1698,1656,1538,1653,1763,1670
"ENSMUSG00000062931",117,137,105,83,74,72
"ENSMUSG00000062933",168,206,362,288,246,226
"ENSMUSG00000062937",453,491,974,604,536,406
"ENSMUSG00000062944",202,203,311,269,370,223
"ENSMUSG00000062949",1219,1299,1107,1110,1355,1236
"ENSMUSG00000062960",437,203,49,35,57,30
"ENSMUSG00000062963",356,351,480,402,355,364
"ENSMUSG00000062980",180,223,41,52,72,70
"ENSMUSG00000062981",473,502,695,691,584,480
"ENSMUSG00000062991",671,502,858,461,765,1779
"ENSMUSG00000062995",200,203,132,158,111,94
"ENSMUSG00000062997",2046,2260,2497,2218,2164,2476
"ENSMUSG00000063011",23,26,61,65,0,2
"ENSMUSG00000063015",8304,8570,6869,7477,9397,8591
"ENSMUSG00000063018",14,12,32,12,13,18
"ENSMUSG00000063019",311,235,255,207,244,224
"ENSMUSG00000063021",67,69,854,510,247,155
"ENSMUSG00000063047",400,340,370,363,403,284
"ENSMUSG00000063049",210,198,241,193,236,213
"ENSMUSG00000063052",715,768,816,653,659,598
"ENSMUSG00000063060",117,80,573,374,265,189
"ENSMUSG00000063065",1602,1379,1808,1898,1508,1412
"ENSMUSG00000063077",3079,3281,3002,2954,2758,2980
"ENSMUSG00000063108",1482,1256,1624,1570,1803,1268
"ENSMUSG00000063130",7,9,164,88,20,18
"ENSMUSG00000063142",3524,2960,573,1020,2170,2509
"ENSMUSG00000063145",134,128,158,142,138,130
"ENSMUSG00000063146",1625,1457,417,525,1129,1226
"ENSMUSG00000063160",347,263,328,406,432,489
"ENSMUSG00000063171",75,113,165,193,225,108
"ENSMUSG00000063172",60,71,87,97,100,88
"ENSMUSG00000063179",952,909,883,818,927,838
"ENSMUSG00000063200",1153,1096,1040,989,1121,1056
"ENSMUSG00000063229",2866,3883,9719,7164,3920,3400
"ENSMUSG00000063235",400,325,477,448,482,323
"ENSMUSG00000063236",232,202,242,275,200,160
"ENSMUSG00000063245",8,11,26,20,19,21
"ENSMUSG00000063253",246,219,444,375,446,370
"ENSMUSG00000063260",117,85,11,20,13,18
"ENSMUSG00000063268",474,330,583,412,350,352
"ENSMUSG00000063273",3167,3416,4559,3718,3505,3375
"ENSMUSG00000063275",32,30,94,73,46,56
"ENSMUSG00000063281",325,238,417,334,377,272
"ENSMUSG00000063286",123,59,74,38,28,21
"ENSMUSG00000063296",40,43,6,27,3,3
"ENSMUSG00000063314",8,17,14,20,18,5
"ENSMUSG00000063316",1076,992,1597,1300,1290,1246
"ENSMUSG00000063317",2075,2064,2593,2354,2774,2385
"ENSMUSG00000063320",15,27,24,26,15,14
"ENSMUSG00000063328",18,9,14,20,23,28
"ENSMUSG00000063334",992,983,1251,908,962,842
"ENSMUSG00000063354",374,178,1011,979,189,256
"ENSMUSG00000063358",4782,4806,6353,6289,5554,4586
"ENSMUSG00000063362",914,881,902,848,813,614
"ENSMUSG00000063364",45,60,43,48,72,51
"ENSMUSG00000063382",2169,1840,2057,1922,2367,2284
"ENSMUSG00000063383",100,68,128,96,79,59
"ENSMUSG00000063406",5269,6349,2664,3018,3565,4456
"ENSMUSG00000063410",2053,1858,2239,1983,2110,1996
"ENSMUSG00000063412",8,7,13,23,11,9
"ENSMUSG00000063415",1057,776,54,46,234,425
"ENSMUSG00000063439",60,35,47,42,40,34
"ENSMUSG00000063445",49,72,157,112,63,37
"ENSMUSG00000063450",14736,13647,7670,7386,13292,12517
"ENSMUSG00000063455",3488,2466,1174,1818,2677,2606
"ENSMUSG00000063457",6932,6819,6497,5933,6740,7737
"ENSMUSG00000063458",24,17,19,10,5,8
"ENSMUSG00000063480",1456,1647,1628,1357,1242,1112
"ENSMUSG00000063488",600,560,348,387,475,297
"ENSMUSG00000063506",490,385,139,173,280,294
"ENSMUSG00000063511",3243,3051,4472,4374,3591,3465
"ENSMUSG00000063524",1685,1942,4867,3917,2262,1922
"ENSMUSG00000063531",1588,1647,708,514,2129,647
"ENSMUSG00000063535",26,22,7,18,18,6
"ENSMUSG00000063550",5332,6281,4965,4562,4693,5297
"ENSMUSG00000063558",223,183,148,169,137,162
"ENSMUSG00000063564",2178,1357,943,1363,3352,2962
"ENSMUSG00000063568",97,92,54,60,67,67
"ENSMUSG00000063576",448,363,447,457,467,390
"ENSMUSG00000063605",65,55,47,57,64,62
"ENSMUSG00000063623",57,50,125,122,46,47
"ENSMUSG00000063628",9,13,42,34,9,5
"ENSMUSG00000063632",35,26,43,42,40,54
"ENSMUSG00000063652",169,128,84,79,57,66
"ENSMUSG00000063656",182,201,233,222,225,227
"ENSMUSG00000063659",902,826,1764,1661,1318,1218
"ENSMUSG00000063663",1397,1426,2184,1999,1758,1784
"ENSMUSG00000063684",31,41,43,23,40,27
"ENSMUSG00000063687",18,13,68,64,28,34
"ENSMUSG00000063689",29,35,42,39,31,35
"ENSMUSG00000063694",293,346,814,620,483,439
"ENSMUSG00000063696",100,234,2350,1653,1926,1647
"ENSMUSG00000063698",30,38,12,8,21,22
"ENSMUSG00000063704",87,54,19,57,30,70
"ENSMUSG00000063713",4,6,14,11,19,5
"ENSMUSG00000063714",223,244,144,148,165,155
"ENSMUSG00000063727",9,20,7,24,45,14
"ENSMUSG00000063751",21,11,7,3,9,14
"ENSMUSG00000063754",10,18,14,23,20,21
"ENSMUSG00000063760",1889,1836,2001,2052,2009,2739
"ENSMUSG00000063765",74,71,85,56,89,63
"ENSMUSG00000063767",35,12,3,2,8,16
"ENSMUSG00000063785",486,545,740,569,517,509
"ENSMUSG00000063787",240,214,348,292,261,200
"ENSMUSG00000063800",1112,1101,828,778,781,827
"ENSMUSG00000063801",772,681,790,834,967,641
"ENSMUSG00000063802",246,205,385,287,238,172
"ENSMUSG00000063808",507,482,343,316,365,355
"ENSMUSG00000063810",898,946,892,775,754,704
"ENSMUSG00000063816",3,7,10,6,10,15
"ENSMUSG00000063820",15,13,6,11,3,5
"ENSMUSG00000063838",287,202,307,324,194,140
"ENSMUSG00000063849",418,331,235,289,237,242
"ENSMUSG00000063856",3423,3583,4764,3958,4191,4233
"ENSMUSG00000063870",9822,9961,10673,10158,11551,11159
"ENSMUSG00000063873",10,12,41,42,7,0
"ENSMUSG00000063875",62,90,103,63,60,80
"ENSMUSG00000063882",1480,1346,1952,1823,1560,1775
"ENSMUSG00000063884",804,801,1291,1088,795,797
"ENSMUSG00000063885",36,22,77,63,48,59
"ENSMUSG00000063887",10,22,2,8,10,2
"ENSMUSG00000063888",934,861,1366,1161,1022,692
"ENSMUSG00000063889",475,662,189,322,357,559
"ENSMUSG00000063894",1615,1338,1564,1441,1906,1214
"ENSMUSG00000063895",912,927,1187,1036,923,938
"ENSMUSG00000063897",246,214,222,238,236,208
"ENSMUSG00000063902",322,357,502,403,356,361
"ENSMUSG00000063904",584,498,1031,926,662,538
"ENSMUSG00000063919",24,36,9,35,8,22
"ENSMUSG00000063929",5,6,17,24,8,27
"ENSMUSG00000063931",259,307,379,432,282,229
"ENSMUSG00000063952",836,727,717,721,798,669
"ENSMUSG00000063953",70,81,83,96,64,102
"ENSMUSG00000063954",41,67,42,57,41,46
"ENSMUSG00000063972",1308,1062,601,770,1171,1197
"ENSMUSG00000063975",30,49,21,15,8,6
"ENSMUSG00000064030",185,180,259,230,196,144
"ENSMUSG00000064032",155,131,634,375,213,152
"ENSMUSG00000064037",356,322,509,382,315,274
"ENSMUSG00000064043",1153,1150,522,648,812,945
"ENSMUSG00000064061",752,779,577,640,666,573
"ENSMUSG00000064065",13,6,43,34,10,9
"ENSMUSG00000064068",433,345,621,528,411,386
"ENSMUSG00000064080",1291,519,191,279,1127,875
"ENSMUSG00000064090",298,286,335,292,269,242
"ENSMUSG00000064105",929,1068,1109,622,736,713
"ENSMUSG00000064115",29,23,10,16,23,9
"ENSMUSG00000064120",573,533,440,502,479,387
"ENSMUSG00000064125",52,36,18,16,17,41
"ENSMUSG00000064127",3696,3732,5661,5180,5801,5257
"ENSMUSG00000064128",259,240,346,324,307,285
"ENSMUSG00000064138",936,880,1118,995,1016,875
"ENSMUSG00000064141",62,34,48,34,67,70
"ENSMUSG00000064145",1978,2015,1266,1418,1512,1624
"ENSMUSG00000064165",18,23,11,24,15,50
"ENSMUSG00000064168",29,32,395,265,129,86
"ENSMUSG00000064177",145,106,46,56,81,72
"ENSMUSG00000064179",59,36,0,61,18,128
"ENSMUSG00000064181",805,746,495,522,428,461
"ENSMUSG00000064193",233,219,696,547,331,303
"ENSMUSG00000064202",24,29,10,12,15,9
"ENSMUSG00000064210",6444,6094,4594,4637,5291,6089
"ENSMUSG00000064215",281,117,317,235,119,118
"ENSMUSG00000064220",34,7,13,10,15,28
"ENSMUSG00000064232",46,49,90,67,83,70
"ENSMUSG00000064246",35,29,81,11,17,28
"ENSMUSG00000064247",493,400,199,275,433,386
"ENSMUSG00000064254",189,191,136,150,169,163
"ENSMUSG00000064262",41,20,35,32,23,34
"ENSMUSG00000064264",53,58,84,83,64,62
"ENSMUSG00000064267",204,160,107,125,160,157
"ENSMUSG00000064272",12,13,3,4,7,11
"ENSMUSG00000064280",13,15,13,6,2,11
"ENSMUSG00000064281",34,39,46,38,22,28
"ENSMUSG00000064284",117,109,71,76,81,66
"ENSMUSG00000064288",85,48,434,280,146,79
"ENSMUSG00000064289",763,783,1150,1047,877,979
"ENSMUSG00000064294",75,91,7,6,9,15
"ENSMUSG00000064302",2200,1980,2205,2247,2284,2182
"ENSMUSG00000064307",266,272,105,110,150,108
"ENSMUSG00000064325",135,156,12,19,36,34
"ENSMUSG00000064326",493,364,455,415,376,352
"ENSMUSG00000064330",63,43,220,140,96,76
"ENSMUSG00000064337",14404,19012,23004,25030,22111,24458
"ENSMUSG00000064339",27038,34483,39980,44121,37554,43887
"ENSMUSG00000064340",814,895,931,1022,1086,817
"ENSMUSG00000064341",30432,39435,37496,40096,32785,35411
"ENSMUSG00000064342",487,611,555,500,496,514
"ENSMUSG00000064343",169,205,160,179,223,194
"ENSMUSG00000064344",265,362,279,320,388,312
"ENSMUSG00000064345",27264,37213,29816,33971,29451,33253
"ENSMUSG00000064346",553,776,673,786,703,801
"ENSMUSG00000064347",175,192,278,310,282,236
"ENSMUSG00000064348",251,326,472,524,424,402
"ENSMUSG00000064349",230,348,505,542,427,393
"ENSMUSG00000064350",443,723,823,893,829,726
"ENSMUSG00000064351",62704,79157,86616,94356,80567,84382
"ENSMUSG00000064352",163,341,335,369,299,303
"ENSMUSG00000064353",45,78,95,100,71,64
"ENSMUSG00000064354",54,95,68,53,81,82
"ENSMUSG00000064356",18,32,40,40,26,44
"ENSMUSG00000064357",43,78,81,72,67,80
"ENSMUSG00000064358",52,73,62,59,68,56
"ENSMUSG00000064359",8,7,11,19,14,22
"ENSMUSG00000064360",4,16,19,12,11,12
"ENSMUSG00000064361",2,13,12,8,10,8
"ENSMUSG00000064363",20411,29032,25213,29259,25283,27412
"ENSMUSG00000064364",98,193,155,154,174,147
"ENSMUSG00000064365",57,95,84,97,106,96
"ENSMUSG00000064366",67,118,93,108,126,110
"ENSMUSG00000064367",48400,62882,64301,71594,62619,57916
"ENSMUSG00000064368",14508,19198,19296,21662,19580,18260
"ENSMUSG00000064369",913,1383,760,1076,1346,1274
"ENSMUSG00000064370",31790,43504,40480,45927,40548,42043
"ENSMUSG00000064371",109,156,110,130,161,140
"ENSMUSG00000064372",361,607,419,461,674,707
"ENSMUSG00000064373",10276,8594,2167,3676,4350,4308
"ENSMUSG00000064380",15,13,24,16,30,14
"ENSMUSG00000064382",266,226,255,318,257,329
"ENSMUSG00000064387",120,135,238,251,257,213
"ENSMUSG00000064390",20,20,19,27,18,22
"ENSMUSG00000064397",18,7,10,11,17,18
"ENSMUSG00000064405",30,22,34,31,32,28
"ENSMUSG00000064409",10,9,9,10,6,14
"ENSMUSG00000064419",27,30,42,53,43,48
"ENSMUSG00000064427",24,17,26,22,41,46
"ENSMUSG00000064437",14,27,22,26,25,28
"ENSMUSG00000064440",58,73,69,71,36,59
"ENSMUSG00000064441",32,30,21,36,21,24
"ENSMUSG00000064450",16,9,16,10,4,8
"ENSMUSG00000064451",36,63,33,47,71,128
"ENSMUSG00000064453",19,23,35,35,27,30
"ENSMUSG00000064493",158,108,130,178,153,178
"ENSMUSG00000064494",14,13,5,10,8,12
"ENSMUSG00000064500",25,27,40,26,29,25
"ENSMUSG00000064513",38,35,42,28,40,34
"ENSMUSG00000064514",34,31,17,32,20,27
"ENSMUSG00000064525",13,12,9,4,16,14
"ENSMUSG00000064558",10,13,14,20,32,34
"ENSMUSG00000064563",24,27,20,15,21,22
"ENSMUSG00000064600",12,9,5,8,14,11
"ENSMUSG00000064602",13,23,22,23,10,12
"ENSMUSG00000064604",23,16,24,27,28,18
"ENSMUSG00000064612",7,13,11,10,8,14
"ENSMUSG00000064620",15,11,16,20,20,15
"ENSMUSG00000064634",13,20,12,12,10,35
"ENSMUSG00000064647",21,32,28,22,25,25
"ENSMUSG00000064653",10,9,10,15,6,8
"ENSMUSG00000064655",95,81,72,118,124,128
"ENSMUSG00000064666",15,21,16,14,16,16
"ENSMUSG00000064682",40,48,53,60,56,73
"ENSMUSG00000064694",19,22,28,24,34,32
"ENSMUSG00000064696",27,29,16,36,26,43
"ENSMUSG00000064719",2,8,3,16,11,12
"ENSMUSG00000064721",37,32,28,34,27,27
"ENSMUSG00000064724",5,8,7,10,15,25
"ENSMUSG00000064725",37,36,69,35,29,31
"ENSMUSG00000064731",12,16,13,8,10,6
"ENSMUSG00000064741",13,13,14,22,10,11
"ENSMUSG00000064751",32,29,26,35,29,34
"ENSMUSG00000064768",15,16,26,11,14,12
"ENSMUSG00000064791",34,77,40,60,43,72
"ENSMUSG00000064796",16,15,9,18,19,14
"ENSMUSG00000064797",71,104,212,198,96,80
"ENSMUSG00000064798",5,11,3,0,23,22
"ENSMUSG00000064811",27,30,18,36,16,22
"ENSMUSG00000064816",202,175,243,214,148,255
"ENSMUSG00000064823",9,6,3,19,14,12
"ENSMUSG00000064829",91,59,53,32,33,54
"ENSMUSG00000064837",40,32,41,53,43,54
"ENSMUSG00000064841",16,13,11,19,33,18
"ENSMUSG00000064844",31,34,22,42,29,44
"ENSMUSG00000064853",177,147,174,178,174,237
"ENSMUSG00000064856",19,15,6,15,9,19
"ENSMUSG00000064871",21,23,34,50,14,24
"ENSMUSG00000064880",135,118,98,96,89,98
"ENSMUSG00000064899",65,46,37,50,53,59
"ENSMUSG00000064901",15,32,14,26,26,41
"ENSMUSG00000064918",21,20,27,20,15,14
"ENSMUSG00000064930",10,15,6,3,3,11
"ENSMUSG00000064936",20,21,7,16,15,21
"ENSMUSG00000064945",31,35,39,48,65,70
"ENSMUSG00000064949",59,22,70,53,53,46
"ENSMUSG00000064966",377,466,412,498,463,621
"ENSMUSG00000064968",60,66,71,75,57,73
"ENSMUSG00000064981",67,64,49,83,71,62
"ENSMUSG00000064984",12,27,14,16,14,18
"ENSMUSG00000064994",42,35,34,47,55,51
"ENSMUSG00000064995",13,20,21,22,13,11
"ENSMUSG00000064999",64,45,53,43,76,50
"ENSMUSG00000065016",19,21,18,15,15,21
"ENSMUSG00000065036",32,27,12,22,28,43
"ENSMUSG00000065037",5600,5090,4989,5847,5700,6368
"ENSMUSG00000065041",32,63,63,50,54,72
"ENSMUSG00000065061",19,22,21,15,17,16
"ENSMUSG00000065087",35,53,44,50,40,41
"ENSMUSG00000065089",19,31,20,14,40,60
"ENSMUSG00000065097",19,15,24,34,17,19
"ENSMUSG00000065105",15,18,17,19,18,28
"ENSMUSG00000065124",23,46,48,28,23,35
"ENSMUSG00000065126",38,30,40,35,31,32
"ENSMUSG00000065145",24,27,19,22,37,47
"ENSMUSG00000065147",107,101,101,128,73,98
"ENSMUSG00000065160",63,89,95,100,67,99
"ENSMUSG00000065176",30,32,24,31,49,41
"ENSMUSG00000065196",19,9,27,31,26,28
"ENSMUSG00000065208",59,66,55,71,68,89
"ENSMUSG00000065219",25,25,34,34,20,28
"ENSMUSG00000065226",120,110,139,173,135,188
"ENSMUSG00000065228",46,40,50,38,31,59
"ENSMUSG00000065232",40,54,101,126,44,38
"ENSMUSG00000065258",23,30,14,19,11,31
"ENSMUSG00000065259",21,26,19,36,33,31
"ENSMUSG00000065265",43,44,169,126,57,56
"ENSMUSG00000065272",15,12,7,6,4,14
"ENSMUSG00000065273",7,11,10,16,5,9
"ENSMUSG00000065280",36,38,29,28,18,31
"ENSMUSG00000065281",62,39,58,61,28,47
"ENSMUSG00000065282",47,38,66,48,32,40
"ENSMUSG00000065287",27,22,11,16,18,16
"ENSMUSG00000065295",24,20,19,19,10,18
"ENSMUSG00000065304",25,30,19,20,33,37
"ENSMUSG00000065305",47,30,39,35,23,22
"ENSMUSG00000065327",9,13,11,19,21,15
"ENSMUSG00000065336",7,26,17,18,18,40
"ENSMUSG00000065353",168,170,300,305,263,219
"ENSMUSG00000065378",24,27,31,16,17,22
"ENSMUSG00000065392",42,48,41,39,26,35
"ENSMUSG00000065403",10,11,7,7,15,31
"ENSMUSG00000065409",12,11,10,3,7,0
"ENSMUSG00000065416",14,16,9,6,10,35
"ENSMUSG00000065421",51,27,24,36,34,62
"ENSMUSG00000065422",20,26,37,68,38,123
"ENSMUSG00000065427",15,7,13,11,10,8
"ENSMUSG00000065434",21,29,28,24,30,21
"ENSMUSG00000065437",12,9,7,10,18,6
"ENSMUSG00000065442",15,32,9,12,9,48
"ENSMUSG00000065443",82,72,64,69,64,85
"ENSMUSG00000065444",31,26,21,46,19,19
"ENSMUSG00000065452",21,23,14,14,9,25
"ENSMUSG00000065453",65,75,35,55,37,62
"ENSMUSG00000065455",172,260,214,338,167,301
"ENSMUSG00000065463",13,15,25,27,16,21
"ENSMUSG00000065466",14,21,4,14,15,18
"ENSMUSG00000065471",26,35,39,59,41,96
"ENSMUSG00000065475",34,16,17,27,36,27
"ENSMUSG00000065508",12,12,5,10,11,21
"ENSMUSG00000065513",23,9,17,19,17,22
"ENSMUSG00000065529",87,89,93,132,75,182
"ENSMUSG00000065533",5,8,16,14,10,3
"ENSMUSG00000065541",70,38,48,77,43,38
"ENSMUSG00000065557",2,6,14,22,13,12
"ENSMUSG00000065567",14,13,4,16,7,19
"ENSMUSG00000065591",15,18,5,16,13,15
"ENSMUSG00000065599",23,18,19,31,21,16
"ENSMUSG00000065602",19,13,18,28,13,19
"ENSMUSG00000065611",29,20,10,27,18,21
"ENSMUSG00000065628",10,17,21,8,9,24
"ENSMUSG00000065637",27,31,27,31,40,43
"ENSMUSG00000065643",30,18,17,32,28,14
"ENSMUSG00000065649",10,15,21,12,34,22
"ENSMUSG00000065653",41,38,51,67,48,78
"ENSMUSG00000065663",23,17,41,32,17,24
"ENSMUSG00000065676",16,11,5,8,6,16
"ENSMUSG00000065683",7,7,43,44,19,18
"ENSMUSG00000065686",21,22,21,12,23,22
"ENSMUSG00000065687",20,18,20,15,32,30
"ENSMUSG00000065701",53,58,55,59,78,108
"ENSMUSG00000065716",7,8,14,15,11,9
"ENSMUSG00000065721",20,21,14,10,20,28
"ENSMUSG00000065725",54,52,58,53,49,72
"ENSMUSG00000065734",13,18,18,10,13,12
"ENSMUSG00000065735",62,57,72,73,38,76
"ENSMUSG00000065738",12,12,21,18,8,14
"ENSMUSG00000065767",24,16,10,6,5,6
"ENSMUSG00000065771",14,18,3,12,13,19
"ENSMUSG00000065778",118,100,93,109,126,133
"ENSMUSG00000065782",19,20,17,18,8,19
"ENSMUSG00000065822",125,159,184,228,183,213
"ENSMUSG00000065824",35,32,29,46,46,37
"ENSMUSG00000065847",19,16,10,10,14,11
"ENSMUSG00000065852",10,12,5,8,11,11
"ENSMUSG00000065862",123,105,88,124,104,92
"ENSMUSG00000065870",250,215,487,448,194,189
"ENSMUSG00000065878",9,17,16,7,7,12
"ENSMUSG00000065887",24,26,41,39,27,37
"ENSMUSG00000065899",35,34,28,24,21,54
"ENSMUSG00000065904",8,6,14,10,10,19
"ENSMUSG00000065911",45,43,39,38,63,50
"ENSMUSG00000065944",16,22,10,16,17,8
"ENSMUSG00000065947",47,58,66,71,71,56
"ENSMUSG00000065952",4,9,14,14,8,15
"ENSMUSG00000065954",2507,2277,1494,1550,1968,1833
"ENSMUSG00000065979",490,448,612,505,490,407
"ENSMUSG00000065990",396,322,370,398,421,320
"ENSMUSG00000065999",20,90,31,24,4,28
"ENSMUSG00000066000",0,290,224,285,5,217
"ENSMUSG00000066009",2,15,11,10,0,3
"ENSMUSG00000066026",4224,4672,7862,8444,6918,5378
"ENSMUSG00000066036",11571,11504,10206,9505,10418,10853
"ENSMUSG00000066037",2630,2474,2768,2673,2601,2422
"ENSMUSG00000066042",89,78,131,91,79,34
"ENSMUSG00000066043",1776,1630,1391,1518,1574,1561
"ENSMUSG00000066057",53,63,90,76,62,54
"ENSMUSG00000066060",16,17,243,226,167,136
"ENSMUSG00000066068",13,13,13,7,11,18
"ENSMUSG00000066108",18,16,12,14,14,6
"ENSMUSG00000066113",213,177,55,65,194,291
"ENSMUSG00000066148",555,493,746,570,608,435
"ENSMUSG00000066149",440,443,591,524,494,410
"ENSMUSG00000066150",525,754,1190,1318,912,814
"ENSMUSG00000066151",1231,1203,1369,1309,1307,1288
"ENSMUSG00000066152",574,429,285,341,363,335
"ENSMUSG00000066158",20,7,17,16,5,9
"ENSMUSG00000066170",36,35,14,12,15,12
"ENSMUSG00000066175",73,55,118,112,109,57
"ENSMUSG00000066191",18,20,5,3,20,11
"ENSMUSG00000066232",4291,4886,7873,6394,5290,5246
"ENSMUSG00000066233",133,128,80,75,95,69
"ENSMUSG00000066235",115,103,37,39,50,44
"ENSMUSG00000066258",8,7,164,116,136,123
"ENSMUSG00000066270",14,21,16,8,10,14
"ENSMUSG00000066278",535,450,698,978,586,727
"ENSMUSG00000066306",9306,8556,5244,5251,6740,6603
"ENSMUSG00000066315",79,106,93,81,106,123
"ENSMUSG00000066324",4152,4058,5417,5514,6119,5769
"ENSMUSG00000066357",1456,1089,1872,1685,1347,1323
"ENSMUSG00000066363",19,17,217,26,16,14
"ENSMUSG00000066406",6098,7321,6442,7252,6621,6849
"ENSMUSG00000066407",75,63,63,59,50,57
"ENSMUSG00000066415",2713,2417,2347,2041,2656,2220
"ENSMUSG00000066438",10,13,5,11,4,2
"ENSMUSG00000066440",720,734,605,577,627,576
"ENSMUSG00000066441",416,478,494,389,377,284
"ENSMUSG00000066442",56,71,68,65,74,66
"ENSMUSG00000066456",895,935,606,701,1011,970
"ENSMUSG00000066487",8,11,10,8,7,19
"ENSMUSG00000066510",31,30,10,10,10,31
"ENSMUSG00000066537",5,17,11,15,19,14
"ENSMUSG00000066538",249,248,354,288,277,274
"ENSMUSG00000066551",3844,3712,4148,3864,3688,3564
"ENSMUSG00000066553",437,452,213,210,8,256
"ENSMUSG00000066554",104,108,79,64,68,82
"ENSMUSG00000066568",2498,2447,2654,2594,2784,2499
"ENSMUSG00000066571",1358,1227,905,1014,1235,1082
"ENSMUSG00000066592",7,6,16,14,8,19
"ENSMUSG00000066595",1318,1818,671,713,997,1598
"ENSMUSG00000066607",14,15,69,67,144,63
"ENSMUSG00000066613",249,249,241,223,273,229
"ENSMUSG00000066621",580,455,346,397,405,503
"ENSMUSG00000066629",24,12,18,19,15,21
"ENSMUSG00000066632",15,17,43,38,10,15
"ENSMUSG00000066637",74,60,92,113,71,62
"ENSMUSG00000066640",866,576,458,569,552,684
"ENSMUSG00000066643",796,853,850,778,938,839
"ENSMUSG00000066647",251,254,129,166,161,288
"ENSMUSG00000066687",2731,3579,796,1345,2331,1880
"ENSMUSG00000066704",16,4,27,43,2,0
"ENSMUSG00000066705",52,108,159,198,86,101
"ENSMUSG00000066724",21,27,46,22,25,35
"ENSMUSG00000066735",940,1098,1105,1132,1156,1061
"ENSMUSG00000066798",761,648,938,765,758,586
"ENSMUSG00000066800",425,415,288,263,202,262
"ENSMUSG00000066809",29,50,58,50,51,48
"ENSMUSG00000066829",319,311,403,418,316,262
"ENSMUSG00000066838",201,283,127,161,135,246
"ENSMUSG00000066839",272,257,360,301,270,237
"ENSMUSG00000066842",87,35,176,194,16,47
"ENSMUSG00000066861",14,7,101,31,0,0
"ENSMUSG00000066877",820,739,885,932,1015,814
"ENSMUSG00000066880",254,200,177,197,192,155
"ENSMUSG00000066892",361,297,191,226,190,169
"ENSMUSG00000066894",718,500,487,448,405,387
"ENSMUSG00000066900",945,775,816,924,898,774
"ENSMUSG00000066902",3,6,14,14,8,11
"ENSMUSG00000066952",573,568,487,461,601,499
"ENSMUSG00000066979",606,632,1359,1177,1095,768
"ENSMUSG00000067006",3172,3921,6298,6341,4687,4683
"ENSMUSG00000067017",180,45,40,44,22,24
"ENSMUSG00000067038",23,29,43,42,37,40
"ENSMUSG00000067058",12,15,20,12,14,21
"ENSMUSG00000067071",70,52,234,174,91,69
"ENSMUSG00000067085",172,127,93,81,77,88
"ENSMUSG00000067121",16,17,14,19,21,16
"ENSMUSG00000067148",385,346,492,363,412,387
"ENSMUSG00000067150",1222,1286,1712,1382,1341,1263
"ENSMUSG00000067158",3049,2930,392,567,2066,1484
"ENSMUSG00000067161",12,6,20,20,11,25
"ENSMUSG00000067189",9,11,11,12,5,5
"ENSMUSG00000067194",1868,1665,2189,2092,2160,2054
"ENSMUSG00000067199",48,67,34,47,60,80
"ENSMUSG00000067203",244,201,376,261,156,191
"ENSMUSG00000067212",646,274,258,234,267,250
"ENSMUSG00000067219",14,27,50,59,6,35
"ENSMUSG00000067235",93,89,148,92,54,67
"ENSMUSG00000067274",11844,10937,8535,9695,6642,6350
"ENSMUSG00000067276",70,59,50,60,58,40
"ENSMUSG00000067279",114,149,70,118,168,144
"ENSMUSG00000067288",1555,1546,1544,1445,1520,1679
"ENSMUSG00000067297",14,6,18,11,4,0
"ENSMUSG00000067336",10857,9943,9715,9375,11856,12120
"ENSMUSG00000067344",54,48,64,63,48,59
"ENSMUSG00000067365",512,404,552,542,439,460
"ENSMUSG00000067367",425,471,844,521,451,450
"ENSMUSG00000067369",457,366,443,449,452,378
"ENSMUSG00000067370",41,21,24,28,26,24
"ENSMUSG00000067377",219,200,203,218,261,278
"ENSMUSG00000067389",195,234,496,513,242,223
"ENSMUSG00000067399",16,12,6,7,7,15
"ENSMUSG00000067424",80,82,88,92,101,67
"ENSMUSG00000067430",173,108,99,121,114,88
"ENSMUSG00000067455",47,30,277,163,74,44
"ENSMUSG00000067547",79,18,102,83,77,50
"ENSMUSG00000067567",186,155,155,154,202,195
"ENSMUSG00000067575",23,38,32,35,26,35
"ENSMUSG00000067586",82,78,10,14,13,16
"ENSMUSG00000067608",210,267,269,171,262,21
"ENSMUSG00000067629",190,240,144,167,220,195
"ENSMUSG00000067642",85,58,5,11,30,24
"ENSMUSG00000067653",106,69,84,112,94,72
"ENSMUSG00000067713",877,788,819,777,776,663
"ENSMUSG00000067714",314,221,159,155,146,179
"ENSMUSG00000067719",20,25,31,35,29,32
"ENSMUSG00000067722",229,209,262,267,255,175
"ENSMUSG00000067736",84,122,92,105,141,150
"ENSMUSG00000067780",43,39,410,34,11,15
"ENSMUSG00000067786",200,114,72,154,65,125
"ENSMUSG00000067787",432,358,455,520,403,428
"ENSMUSG00000067818",210,96,39,40,40,54
"ENSMUSG00000067825",403,275,290,321,276,168
"ENSMUSG00000067847",295,249,325,314,329,255
"ENSMUSG00000067851",8024,7956,10275,9974,9232,8696
"ENSMUSG00000067869",19,38,37,35,26,31
"ENSMUSG00000067870",183,188,234,177,183,266
"ENSMUSG00000067873",2019,2145,1269,1390,1386,1556
"ENSMUSG00000067878",93,64,10,20,45,48
"ENSMUSG00000067889",468,415,1064,940,318,287
"ENSMUSG00000067916",9,27,157,157,200,128
"ENSMUSG00000067924",95,69,69,83,91,83
"ENSMUSG00000067925",100,66,58,75,84,60
"ENSMUSG00000067928",228,174,165,169,219,111
"ENSMUSG00000067929",47,23,19,34,19,8
"ENSMUSG00000067931",462,723,377,412,302,550
"ENSMUSG00000067942",385,299,314,338,337,296
"ENSMUSG00000067973",7,13,18,14,17,31
"ENSMUSG00000067995",303,312,684,514,411,370
"ENSMUSG00000068011",15,11,12,14,7,8
"ENSMUSG00000068015",2948,2656,1612,1643,2328,2747
"ENSMUSG00000068036",3365,3485,4396,4351,4147,3935
"ENSMUSG00000068037",43,31,10,8,20,25
"ENSMUSG00000068039",4356,4091,8273,6391,5465,4696
"ENSMUSG00000068040",1633,1701,1903,1808,1622,1416
"ENSMUSG00000068101",15,43,221,105,40,38
"ENSMUSG00000068114",73,101,121,122,76,43
"ENSMUSG00000068115",305,327,370,338,404,437
"ENSMUSG00000068130",150,197,130,133,145,115
"ENSMUSG00000068134",444,341,475,446,427,317
"ENSMUSG00000068141",20,16,39,28,27,22
"ENSMUSG00000068184",109,73,158,128,87,114
"ENSMUSG00000068196",133,124,3522,4750,1061,695
"ENSMUSG00000068205",32,43,21,32,43,41
"ENSMUSG00000068206",530,459,383,493,443,354
"ENSMUSG00000068220",35,53,33,36,18,24
"ENSMUSG00000068240",134,147,148,100,127,169
"ENSMUSG00000068245",64,49,470,105,20,12
"ENSMUSG00000068246",42,21,68,23,10,15
"ENSMUSG00000068250",403,355,296,431,346,293
"ENSMUSG00000068262",24,29,33,22,22,30
"ENSMUSG00000068264",123,81,146,137,118,70
"ENSMUSG00000068267",3670,3093,3427,3206,3245,2901
"ENSMUSG00000068270",540,427,307,341,401,425
"ENSMUSG00000068284",3113,3074,2525,2653,3320,3390
"ENSMUSG00000068290",808,676,468,484,590,532
"ENSMUSG00000068299",48,29,43,26,18,18
"ENSMUSG00000068314",19,9,17,20,15,15
"ENSMUSG00000068323",26,64,10,8,13,16
"ENSMUSG00000068328",933,824,935,986,793,753
"ENSMUSG00000068329",572,460,606,594,445,466
"ENSMUSG00000068335",76,39,57,56,41,35
"ENSMUSG00000068391",421,349,332,318,328,312
"ENSMUSG00000068394",299,280,294,300,248,221
"ENSMUSG00000068396",215,269,192,158,169,195
"ENSMUSG00000068397",162,168,189,166,143,233
"ENSMUSG00000068417",27,25,28,26,17,14
"ENSMUSG00000068452",10,8,27,23,11,9
"ENSMUSG00000068457",1433,1194,1442,1726,1484,1532
"ENSMUSG00000068479",753,694,552,521,641,495
"ENSMUSG00000068523",974,993,1213,1149,854,766
"ENSMUSG00000068551",796,574,681,679,994,765
"ENSMUSG00000068566",1675,1533,1885,1788,1510,1102
"ENSMUSG00000068580",303,246,272,306,263,278
"ENSMUSG00000068601",172,129,88,132,124,115
"ENSMUSG00000068617",137,201,324,382,300,204
"ENSMUSG00000068663",1109,1124,1255,1177,1427,1227
"ENSMUSG00000068686",37,25,7,3,10,12
"ENSMUSG00000068699",59,90,13,39,32,62
"ENSMUSG00000068706",29,46,50,30,41,38
"ENSMUSG00000068732",1551,1546,1100,1243,1326,1153
"ENSMUSG00000068735",787,773,1559,1528,1756,1419
"ENSMUSG00000068739",1636,1444,1794,1638,1399,1278
"ENSMUSG00000068740",1688,1838,7225,4649,3863,3118
"ENSMUSG00000068742",1367,1140,614,769,1094,963
"ENSMUSG00000068744",19,60,106,68,46,21
"ENSMUSG00000068747",5777,5887,3591,5011,5255,5342
"ENSMUSG00000068748",65,105,111,52,25,0
"ENSMUSG00000068749",561,461,1413,965,691,582
"ENSMUSG00000068758",29,26,26,26,15,21
"ENSMUSG00000068798",1003,1014,945,1011,1053,913
"ENSMUSG00000068823",12428,13050,14986,13907,14624,14674
"ENSMUSG00000068854",84,85,47,51,54,44
"ENSMUSG00000068855",271,172,628,504,296,250
"ENSMUSG00000068856",594,508,839,722,608,460
"ENSMUSG00000068859",75,45,49,57,54,70
"ENSMUSG00000068860",29,18,27,19,17,15
"ENSMUSG00000068874",501,459,198,179,237,163
"ENSMUSG00000068876",1390,1156,762,759,672,464
"ENSMUSG00000068877",409,460,40,72,109,83
"ENSMUSG00000068882",3301,3209,4563,3999,3435,3518
"ENSMUSG00000068917",1022,820,814,1015,964,795
"ENSMUSG00000068921",797,731,855,949,840,779
"ENSMUSG00000068922",420,397,515,472,425,358
"ENSMUSG00000068923",78,103,44,43,31,38
"ENSMUSG00000068959",221,330,128,130,171,200
"ENSMUSG00000068962",56,35,24,34,50,44
"ENSMUSG00000068966",425,419,436,403,522,387
"ENSMUSG00000069011",20,27,51,31,19,28
"ENSMUSG00000069020",237,188,246,167,162,141
"ENSMUSG00000069045",3848,4108,2669,3371,3128,4164
"ENSMUSG00000069049",1111,1004,1658,1712,1211,1374
"ENSMUSG00000069089",1309,1369,968,1007,1152,1127
"ENSMUSG00000069094",1328,1352,2789,2382,1916,1511
"ENSMUSG00000069114",4113,5276,2335,3526,4822,5503
"ENSMUSG00000069117",577,492,668,559,528,612
"ENSMUSG00000069135",443,405,738,616,533,535
"ENSMUSG00000069136",25,29,46,53,25,27
"ENSMUSG00000069170",1269,408,320,701,1472,1499
"ENSMUSG00000069171",108,114,46,72,69,73
"ENSMUSG00000069184",78,78,65,93,84,56
"ENSMUSG00000069206",241,210,76,102,148,121
"ENSMUSG00000069208",151,135,148,161,141,108
"ENSMUSG00000069223",64,80,51,42,49,32
"ENSMUSG00000069237",1375,1282,662,810,1117,871
"ENSMUSG00000069255",213,180,307,265,214,160
"ENSMUSG00000069265",464,354,732,655,385,419
"ENSMUSG00000069266",122,115,532,453,248,173
"ENSMUSG00000069267",56,77,992,689,285,284
"ENSMUSG00000069268",56,60,327,279,138,75
"ENSMUSG00000069270",111,66,538,426,162,112
"ENSMUSG00000069272",46,59,598,361,154,91
"ENSMUSG00000069273",841,567,1256,1057,642,547
"ENSMUSG00000069274",80,57,646,456,216,156
"ENSMUSG00000069300",34,30,344,212,87,62
"ENSMUSG00000069301",2,3,110,79,41,25
"ENSMUSG00000069302",10,21,197,101,34,25
"ENSMUSG00000069303",5,6,87,47,26,15
"ENSMUSG00000069305",312,214,672,582,342,298
"ENSMUSG00000069306",10,6,43,15,15,8
"ENSMUSG00000069308",9,12,55,28,15,6
"ENSMUSG00000069309",13,7,229,155,42,28
"ENSMUSG00000069310",51,94,1354,1042,358,262
"ENSMUSG00000069495",1788,1909,1298,1245,1497,1675
"ENSMUSG00000069516",130,59,182,101,88,25
"ENSMUSG00000069520",553,590,656,779,799,570
"ENSMUSG00000069539",1512,1556,1784,1894,1863,1636
"ENSMUSG00000069565",791,877,1174,1087,1004,968
"ENSMUSG00000069581",47,26,17,24,37,25
"ENSMUSG00000069601",9125,9549,4742,4599,5902,7009
"ENSMUSG00000069622",30,3,5,11,7,12
"ENSMUSG00000069631",656,639,620,598,632,579
"ENSMUSG00000069633",300,211,150,202,180,137
"ENSMUSG00000069662",7951,7175,8994,8681,10557,9162
"ENSMUSG00000069678",101,82,74,87,97,78
"ENSMUSG00000069682",222,298,350,272,317,342
"ENSMUSG00000069713",36,21,16,20,17,19
"ENSMUSG00000069727",152,182,121,113,146,114
"ENSMUSG00000069729",8621,9108,5913,7011,8875,10128
"ENSMUSG00000069743",71,110,108,96,98,60
"ENSMUSG00000069744",569,566,1224,912,707,650
"ENSMUSG00000069755",36,85,44,24,18,12
"ENSMUSG00000069763",29,66,6,19,16,19
"ENSMUSG00000069769",5227,4857,3215,3366,4564,4744
"ENSMUSG00000069792",9,4,56,24,14,3
"ENSMUSG00000069793",164,94,2605,1076,526,259
"ENSMUSG00000069804",21,9,11,8,22,11
"ENSMUSG00000069808",890,757,1958,1518,1086,1124
"ENSMUSG00000069814",35,17,13,22,18,14
"ENSMUSG00000069830",27,29,4,10,5,5
"ENSMUSG00000069833",73994,69660,58580,44144,54910,56344
"ENSMUSG00000069835",64,40,19,39,37,31
"ENSMUSG00000069844",270,237,288,231,276,192
"ENSMUSG00000069862",15,17,25,19,13,27
"ENSMUSG00000069874",244,112,968,174,89,94
"ENSMUSG00000069892",64,26,107,28,11,6
"ENSMUSG00000069893",23,16,46,12,8,5
"ENSMUSG00000069895",1424,1374,1291,1228,1422,1157
"ENSMUSG00000069899",75,62,117,136,86,59
"ENSMUSG00000069910",29,62,254,149,98,69
"ENSMUSG00000069920",135,136,102,104,90,67
"ENSMUSG00000069972",92,114,125,93,103,111
"ENSMUSG00000070000",25,31,12,16,9,9
"ENSMUSG00000070002",791,729,453,488,551,575
"ENSMUSG00000070003",155,122,431,293,153,111
"ENSMUSG00000070031",134,118,106,71,53,69
"ENSMUSG00000070034",57,32,135,36,17,12
"ENSMUSG00000070044",1043,1263,485,575,836,643
"ENSMUSG00000070047",23062,21740,26589,22393,28804,26950
"ENSMUSG00000070056",544,457,1654,1261,1871,2054
"ENSMUSG00000070063",16,18,21,10,20,32
"ENSMUSG00000070130",69,59,66,69,79,70
"ENSMUSG00000070167",15,16,50,48,31,40
"ENSMUSG00000070282",63,40,26,30,30,18
"ENSMUSG00000070283",194,189,214,207,222,179
"ENSMUSG00000070284",393,371,523,479,409,264
"ENSMUSG00000070287",57,27,7,16,8,6
"ENSMUSG00000070298",62,40,13,23,23,21
"ENSMUSG00000070305",459,612,760,747,417,476
"ENSMUSG00000070315",493,354,185,226,203,242
"ENSMUSG00000070319",1172,1046,1287,1143,1149,1031
"ENSMUSG00000070327",3326,2665,10547,4074,2258,1980
"ENSMUSG00000070331",71,63,14,23,16,37
"ENSMUSG00000070336",41,39,29,30,23,38
"ENSMUSG00000070337",142,122,115,124,223,140
"ENSMUSG00000070343",113,115,158,125,126,117
"ENSMUSG00000070348",2537,2187,1942,855,1112,1457
"ENSMUSG00000070354",93,63,58,85,81,70
"ENSMUSG00000070371",76,59,35,48,44,41
"ENSMUSG00000070372",688,893,2002,1732,1132,1008
"ENSMUSG00000070385",60,40,21,23,19,51
"ENSMUSG00000070392",271,354,194,226,292,242
"ENSMUSG00000070394",160,161,236,222,159,176
"ENSMUSG00000070407",968,762,122,272,722,689
"ENSMUSG00000070419",10,29,7,19,17,3
"ENSMUSG00000070420",244,212,153,174,168,127
"ENSMUSG00000070425",251,225,164,169,162,133
"ENSMUSG00000070426",436,433,557,591,486,422
"ENSMUSG00000070427",200,174,272,193,144,131
"ENSMUSG00000070436",1532,1482,2947,3537,3570,2702
"ENSMUSG00000070461",175,166,73,140,146,108
"ENSMUSG00000070462",517,440,606,521,509,425
"ENSMUSG00000070469",18,13,153,117,36,48
"ENSMUSG00000070471",19,17,6,8,7,12
"ENSMUSG00000070473",323,246,209,344,78,69
"ENSMUSG00000070476",51,46,36,40,52,35
"ENSMUSG00000070493",1328,1343,1586,1436,1092,1064
"ENSMUSG00000070498",1096,985,1026,1076,6392,3659
"ENSMUSG00000070509",1187,678,927,869,897,775
"ENSMUSG00000070520",326,284,209,206,253,198
"ENSMUSG00000070522",0,3,18,10,37,12
"ENSMUSG00000070526",27,16,11,8,31,60
"ENSMUSG00000070527",10,18,19,32,14,25
"ENSMUSG00000070544",4171,4976,5611,5922,5569,6421
"ENSMUSG00000070565",600,673,784,656,836,765
"ENSMUSG00000070576",169,146,20,44,112,96
"ENSMUSG00000070583",86,17,48,61,83,51
"ENSMUSG00000070594",7,11,10,11,21,22
"ENSMUSG00000070604",142,103,53,60,74,60
"ENSMUSG00000070605",53,96,199,218,283,233
"ENSMUSG00000070610",24,20,28,15,17,16
"ENSMUSG00000070639",150,200,254,129,62,69
"ENSMUSG00000070643",476,341,264,346,470,287
"ENSMUSG00000070644",114,105,116,146,280,143
"ENSMUSG00000070645",5139,1124,219,736,961,1218
"ENSMUSG00000070661",8,18,19,11,4,6
"ENSMUSG00000070687",16,4,102,108,40,25
"ENSMUSG00000070691",9,11,18,10,9,11
"ENSMUSG00000070692",18,13,19,12,16,12
"ENSMUSG00000070697",783,784,980,769,795,569
"ENSMUSG00000070699",133,104,192,169,131,114
"ENSMUSG00000070705",91,97,80,75,103,86
"ENSMUSG00000070709",261,202,170,216,258,152
"ENSMUSG00000070713",26,49,49,52,44,28
"ENSMUSG00000070717",79,95,79,87,67,70
"ENSMUSG00000070720",19,13,109,89,65,34
"ENSMUSG00000070729",53,48,26,50,30,43
"ENSMUSG00000070730",451,489,658,505,472,343
"ENSMUSG00000070732",20,8,11,12,3,0
"ENSMUSG00000070733",7519,6944,4388,4689,6779,6897
"ENSMUSG00000070737",381,410,148,185,254,236
"ENSMUSG00000070738",1598,1260,877,1060,1334,1284
"ENSMUSG00000070780",2266,2858,2383,2530,2163,1669
"ENSMUSG00000070802",18,26,3,18,14,6
"ENSMUSG00000070803",82,59,31,44,31,34
"ENSMUSG00000070808",984,787,744,863,912,795
"ENSMUSG00000070814",243,233,188,193,273,207
"ENSMUSG00000070822",37,54,21,18,19,34
"ENSMUSG00000070858",115,123,32,46,89,70
"ENSMUSG00000070867",180,119,189,112,171,150
"ENSMUSG00000070871",261,376,324,341,292,487
"ENSMUSG00000070883",122,78,80,91,78,69
"ENSMUSG00000070900",14,15,26,19,13,16
"ENSMUSG00000070923",4486,4087,4143,4335,4748,3718
"ENSMUSG00000070934",1222,1112,1675,1441,1377,1127
"ENSMUSG00000070939",846,803,853,887,924,788
"ENSMUSG00000070942",90,69,357,208,133,82
"ENSMUSG00000070953",424,447,234,321,299,307
"ENSMUSG00000070972",223,270,286,259,236,189
"ENSMUSG00000070997",45,27,40,34,46,35
"ENSMUSG00000071014",199,194,328,265,231,210
"ENSMUSG00000071036",51,25,24,24,32,40
"ENSMUSG00000071037",76,71,63,64,64,59
"ENSMUSG00000071041",38,32,62,50,30,40
"ENSMUSG00000071042",49,21,17,11,13,12
"ENSMUSG00000071052",10,9,5,10,17,8
"ENSMUSG00000071054",1659,1623,1927,2104,1964,1795
"ENSMUSG00000071064",1569,1578,2287,2171,2085,1989
"ENSMUSG00000071072",3491,4141,4897,4244,4093,3359
"ENSMUSG00000071073",43,45,19,31,49,41
"ENSMUSG00000071074",1105,833,864,880,1025,835
"ENSMUSG00000071076",11204,10231,4148,5579,5966,7016
"ENSMUSG00000071078",213,192,242,227,160,156
"ENSMUSG00000071103",118,104,50,60,77,59
"ENSMUSG00000071151",12,11,12,14,14,5
"ENSMUSG00000071172",5558,5306,5711,5754,4159,4673
"ENSMUSG00000071176",2289,1932,1420,1475,2015,2167
"ENSMUSG00000071180",613,581,1202,1132,924,711
"ENSMUSG00000071192",34,29,17,18,20,18
"ENSMUSG00000071202",25,12,14,12,7,11
"ENSMUSG00000071203",47,6,127,57,4,11
"ENSMUSG00000071226",1570,1470,278,476,950,1140
"ENSMUSG00000071252",257,269,229,222,321,226
"ENSMUSG00000071253",574,542,473,410,496,435
"ENSMUSG00000071256",171,113,153,133,116,89
"ENSMUSG00000071266",354,339,300,357,406,300
"ENSMUSG00000071267",405,397,398,349,410,307
"ENSMUSG00000071281",437,350,421,377,429,301
"ENSMUSG00000071291",160,129,107,136,148,110
"ENSMUSG00000071302",238,234,189,183,229,207
"ENSMUSG00000071303",29,27,21,20,18,16
"ENSMUSG00000071317",10,2,61,30,34,48
"ENSMUSG00000071324",10,17,3,7,3,16
"ENSMUSG00000071335",24,25,12,11,25,14
"ENSMUSG00000071337",1208,1068,1739,2145,1403,1165
"ENSMUSG00000071341",54,48,34,68,58,124
"ENSMUSG00000071342",125,68,73,155,116,306
"ENSMUSG00000071350",219,230,401,309,266,262
"ENSMUSG00000071359",548,556,680,659,765,570
"ENSMUSG00000071369",2353,2764,1447,1734,2228,2176
"ENSMUSG00000071379",475,436,310,411,491,490
"ENSMUSG00000071398",32,38,6,14,10,64
"ENSMUSG00000071414",4,7,10,10,6,21
"ENSMUSG00000071415",5441,5831,6832,6207,6223,6439
"ENSMUSG00000071419",84,69,74,46,76,88
"ENSMUSG00000071424",91,52,32,42,251,127
"ENSMUSG00000071451",103,86,159,125,100,78
"ENSMUSG00000071454",2503,2304,2094,2154,2459,2112
"ENSMUSG00000071456",331,272,234,236,226,216
"ENSMUSG00000071470",18,21,111,61,16,25
"ENSMUSG00000071477",607,483,453,419,507,422
"ENSMUSG00000071478",40,40,416,306,134,110
"ENSMUSG00000071506",60,50,28,40,31,22
"ENSMUSG00000071516",69,34,479,309,120,99
"ENSMUSG00000071528",339,475,659,585,495,484
"ENSMUSG00000071532",23,21,13,12,15,12
"ENSMUSG00000071533",1584,1605,1769,1710,1796,1740
"ENSMUSG00000071537",76,75,152,110,62,117
"ENSMUSG00000071547",37,36,202,177,49,47
"ENSMUSG00000071550",32,20,9,10,21,19
"ENSMUSG00000071567",168,96,12,23,48,70
"ENSMUSG00000071568",16,17,18,16,25,11
"ENSMUSG00000071573",64,69,59,53,30,37
"ENSMUSG00000071586",54,46,25,43,38,43
"ENSMUSG00000071604",277,318,253,480,337,375
"ENSMUSG00000071632",370,438,292,325,282,307
"ENSMUSG00000071637",1364,1232,561,427,1002,678
"ENSMUSG00000071644",4570,5136,7936,6188,6049,5875
"ENSMUSG00000071645",325,242,296,253,241,189
"ENSMUSG00000071646",2942,2687,3472,3248,3392,2938
"ENSMUSG00000071647",645,463,532,577,564,546
"ENSMUSG00000071648",43,32,31,23,31,31
"ENSMUSG00000071649",482,418,275,314,374,330
"ENSMUSG00000071650",3450,3651,4027,4219,3746,3407
"ENSMUSG00000071652",535,483,804,627,571,444
"ENSMUSG00000071653",146,141,272,197,184,191
"ENSMUSG00000071654",150,89,113,108,125,114
"ENSMUSG00000071655",981,879,1044,969,1059,974
"ENSMUSG00000071656",48,52,12,15,14,19
"ENSMUSG00000071657",556,537,612,642,631,546
"ENSMUSG00000071658",92,100,79,85,90,99
"ENSMUSG00000071659",4832,4691,5926,5480,5836,5017
"ENSMUSG00000071660",682,700,1034,804,754,579
"ENSMUSG00000071661",23,20,21,22,28,18
"ENSMUSG00000071662",285,318,395,378,332,313
"ENSMUSG00000071669",354,300,152,185,266,288
"ENSMUSG00000071691",25,26,17,22,13,15
"ENSMUSG00000071708",695,571,732,714,708,732
"ENSMUSG00000071711",529,442,484,502,438,370
"ENSMUSG00000071713",36,25,58,28,16,22
"ENSMUSG00000071714",36,36,35,22,30,8
"ENSMUSG00000071722",600,662,738,1024,823,916
"ENSMUSG00000071723",262,336,105,153,202,175
"ENSMUSG00000071724",24,18,26,24,21,21
"ENSMUSG00000071748",21,31,28,32,28,16
"ENSMUSG00000071757",1215,1254,1085,1228,1658,1185
"ENSMUSG00000071793",559,359,268,301,230,227
"ENSMUSG00000071796",504,358,227,309,235,278
"ENSMUSG00000071847",1145,783,428,541,1326,1432
"ENSMUSG00000071855",274,217,279,239,330,258
"ENSMUSG00000071856",2458,2465,2343,2015,2535,2483
"ENSMUSG00000071862",317,279,197,260,304,428
"ENSMUSG00000071866",3604,3786,5929,5424,4379,4009
"ENSMUSG00000071984",68,127,57,53,26,30
"ENSMUSG00000072066",43,63,63,59,38,40
"ENSMUSG00000072082",37,92,226,171,115,70
"ENSMUSG00000072115",526,411,507,599,542,551
"ENSMUSG00000072214",54,27,58,42,40,31
"ENSMUSG00000072235",1183,986,749,828,724,734
"ENSMUSG00000072258",262,284,259,240,190,187
"ENSMUSG00000072294",144,224,36,26,67,37
"ENSMUSG00000072437",103,101,108,137,124,240
"ENSMUSG00000072476",0,6,50,44,32,31
"ENSMUSG00000072494",24,22,21,26,33,27
"ENSMUSG00000072501",1737,1707,2812,2761,2270,2176
"ENSMUSG00000072568",4658,3535,2560,3222,4490,3598
"ENSMUSG00000072571",45,38,41,53,38,54
"ENSMUSG00000072582",360,212,477,358,286,290
"ENSMUSG00000072591",82,21,26,32,61,59
"ENSMUSG00000072594",12,3,12,10,11,5
"ENSMUSG00000072612",1056,893,429,579,380,484
"ENSMUSG00000072620",34,8,148,18,6,8
"ENSMUSG00000072621",10,2,210,51,27,24
"ENSMUSG00000072623",173,133,99,105,64,76
"ENSMUSG00000072640",107,180,55,56,50,37
"ENSMUSG00000072647",60,44,36,34,37,50
"ENSMUSG00000072653",131,126,68,72,72,57
"ENSMUSG00000072660",53,49,42,52,39,40
"ENSMUSG00000072688",15,8,19,11,15,11
"ENSMUSG00000072692",186,169,181,162,180,194
"ENSMUSG00000072693",754,664,802,835,949,886
"ENSMUSG00000072694",115,119,204,211,216,185
"ENSMUSG00000072704",1627,1757,1405,1551,1950,1544
"ENSMUSG00000072761",85,62,68,72,60,56
"ENSMUSG00000072762",189,146,121,104,147,141
"ENSMUSG00000072763",167,165,88,91,111,128
"ENSMUSG00000072768",60,54,61,61,49,60
"ENSMUSG00000072770",438,341,74,150,97,130
"ENSMUSG00000072772",755,608,605,647,742,650
"ENSMUSG00000072774",84,62,26,50,48,47
"ENSMUSG00000072791",70,36,864,240,1359,117
"ENSMUSG00000072809",85,57,57,48,62,48
"ENSMUSG00000072812",195,210,1090,863,366,425
"ENSMUSG00000072825",4826,4256,4448,4649,4609,4653
"ENSMUSG00000072837",579,380,198,214,335,303
"ENSMUSG00000072844",74,60,35,48,32,64
"ENSMUSG00000072845",3,3,37,19,10,0
"ENSMUSG00000072847",216,175,165,124,213,208
"ENSMUSG00000072872",1129,1485,900,1014,1317,1468
"ENSMUSG00000072875",69,106,228,259,194,152
"ENSMUSG00000072889",753,657,587,626,556,550
"ENSMUSG00000072893",356,276,285,366,324,259
"ENSMUSG00000072898",137,143,133,91,100,115
"ENSMUSG00000072915",76,58,44,51,57,60
"ENSMUSG00000072940",60,82,62,52,51,70
"ENSMUSG00000072941",21,18,6,8,7,12
"ENSMUSG00000072946",739,785,973,822,815,695
"ENSMUSG00000072949",344,316,353,276,312,205
"ENSMUSG00000072955",63,72,68,56,53,47
"ENSMUSG00000072962",23,25,63,61,44,47
"ENSMUSG00000072964",750,644,690,794,824,710
"ENSMUSG00000072966",237,220,17,27,71,69
"ENSMUSG00000072969",394,359,244,255,265,300
"ENSMUSG00000072972",40,46,21,26,36,32
"ENSMUSG00000072974",27,20,12,19,28,16
"ENSMUSG00000072980",18,32,65,53,29,27
"ENSMUSG00000072999",266,307,40,72,182,226
"ENSMUSG00000073002",49,34,19,35,17,19
"ENSMUSG00000073016",290,284,572,505,378,307
"ENSMUSG00000073062",430,399,276,301,426,403
"ENSMUSG00000073067",763,1121,88,159,173,160
"ENSMUSG00000073077",16,30,64,32,40,22
"ENSMUSG00000073079",18,11,13,18,9,18
"ENSMUSG00000073096",276,265,206,212,263,179
"ENSMUSG00000073125",126,267,68,69,0,99
"ENSMUSG00000073131",1381,1383,1992,1738,1878,1678
"ENSMUSG00000073139",404,358,404,435,478,377
"ENSMUSG00000073144",160,254,158,208,197,227
"ENSMUSG00000073147",484,433,295,403,341,447
"ENSMUSG00000073152",10,17,2,0,11,8
"ENSMUSG00000073155",677,591,529,623,630,673
"ENSMUSG00000073158",14,22,14,3,10,2
"ENSMUSG00000073164",13,13,13,11,4,6
"ENSMUSG00000073176",69,72,69,77,115,99
"ENSMUSG00000073197",10,36,4,7,26,11
"ENSMUSG00000073198",26,25,32,31,23,22
"ENSMUSG00000073207",37,23,10,14,21,14
"ENSMUSG00000073233",13,15,10,8,14,19
"ENSMUSG00000073236",133,82,76,72,65,72
"ENSMUSG00000073274",752,965,1286,1916,1472,3256
"ENSMUSG00000073293",68,59,21,42,33,38
"ENSMUSG00000073295",119,115,70,108,124,118
"ENSMUSG00000073371",4,11,16,12,15,11
"ENSMUSG00000073374",29,30,27,28,23,27
"ENSMUSG00000073394",19,25,47,36,23,16
"ENSMUSG00000073402",59,68,86,65,44,54
"ENSMUSG00000073403",52,67,47,32,53,54
"ENSMUSG00000073405",169,212,209,187,166,133
"ENSMUSG00000073406",54,71,27,38,61,54
"ENSMUSG00000073409",109,75,276,60,33,48
"ENSMUSG00000073411",5523,4544,8021,5133,3651,4063
"ENSMUSG00000073412",26,12,20,8,9,12
"ENSMUSG00000073413",15,9,18,14,3,5
"ENSMUSG00000073414",35,17,6,14,6,18
"ENSMUSG00000073415",23,27,25,38,27,25
"ENSMUSG00000073418",119,141,80,118,107,127
"ENSMUSG00000073421",109,41,262,77,71,46
"ENSMUSG00000073422",272,284,249,298,255,200
"ENSMUSG00000073423",356,309,258,276,292,258
"ENSMUSG00000073427",135,119,121,112,98,72
"ENSMUSG00000073433",54,36,26,36,19,24
"ENSMUSG00000073434",426,363,424,410,399,313
"ENSMUSG00000073435",246,194,188,210,274,194
"ENSMUSG00000073436",785,584,642,692,621,541
"ENSMUSG00000073437",478,478,330,358,385,301
"ENSMUSG00000073448",20,18,12,14,19,14
"ENSMUSG00000073468",316,284,494,607,376,312
"ENSMUSG00000073471",162,119,130,144,126,120
"ENSMUSG00000073478",92,80,43,48,55,75
"ENSMUSG00000073481",1969,1644,1702,1692,1880,1715
"ENSMUSG00000073486",54,44,58,44,60,34
"ENSMUSG00000073489",18,23,55,20,4,14
"ENSMUSG00000073490",47,78,47,36,18,16
"ENSMUSG00000073529",80,64,59,63,78,73
"ENSMUSG00000073530",146,258,17,26,33,24
"ENSMUSG00000073542",277,254,403,257,309,277
"ENSMUSG00000073557",1712,1556,595,767,1199,1375
"ENSMUSG00000073563",1483,1508,1703,1835,1783,1816
"ENSMUSG00000073565",35,67,173,242,61,99
"ENSMUSG00000073573",16,13,6,15,4,2
"ENSMUSG00000073590",24,26,7,18,14,22
"ENSMUSG00000073591",45,32,81,60,54,99
"ENSMUSG00000073598",52,32,31,23,6,11
"ENSMUSG00000073599",134,69,66,43,9,19
"ENSMUSG00000073600",429,359,168,288,298,217
"ENSMUSG00000073607",38,8,28,27,22,18
"ENSMUSG00000073609",202,283,216,257,249,120
"ENSMUSG00000073616",382,431,562,491,485,479
"ENSMUSG00000073627",48,41,26,28,29,28
"ENSMUSG00000073633",91,112,59,72,78,53
"ENSMUSG00000073639",2866,3231,2749,2714,3016,3032
"ENSMUSG00000073640",10,7,16,6,8,11
"ENSMUSG00000073643",1396,1438,2271,2414,2272,2073
"ENSMUSG00000073647",525,368,212,243,270,224
"ENSMUSG00000073650",23,15,11,3,7,5
"ENSMUSG00000073652",53,39,369,236,84,76
"ENSMUSG00000073656",118,115,72,116,111,144
"ENSMUSG00000073664",7674,6930,4619,4860,6863,6978
"ENSMUSG00000073676",704,884,1692,1378,998,916
"ENSMUSG00000073678",573,579,1070,1377,825,608
"ENSMUSG00000073679",81,57,7,14,37,24
"ENSMUSG00000073680",10,12,11,18,26,16
"ENSMUSG00000073684",252,189,241,271,272,172
"ENSMUSG00000073686",29,11,39,43,32,24
"ENSMUSG00000073700",2509,2612,1079,1290,1735,2792
"ENSMUSG00000073702",2872,3053,3571,3204,3300,3800
"ENSMUSG00000073705",24,23,99,60,34,28
"ENSMUSG00000073716",4,16,6,14,34,27
"ENSMUSG00000073725",2212,2026,1109,1418,2003,2035
"ENSMUSG00000073728",158,177,195,191,167,172
"ENSMUSG00000073733",48,30,27,23,49,44
"ENSMUSG00000073753",54,71,29,44,55,70
"ENSMUSG00000073755",456,357,247,272,366,312
"ENSMUSG00000073758",201,180,129,132,110,114
"ENSMUSG00000073771",73,85,73,63,50,37
"ENSMUSG00000073775",266,210,407,373,234,176
"ENSMUSG00000073778",43,39,53,30,50,31
"ENSMUSG00000073779",19,21,12,3,10,8
"ENSMUSG00000073787",726,422,316,361,385,355
"ENSMUSG00000073791",160,147,162,166,134,152
"ENSMUSG00000073792",358,355,401,362,266,258
"ENSMUSG00000073795",27,6,16,10,31,11
"ENSMUSG00000073802",7,11,20,11,3,11
"ENSMUSG00000073805",84,77,85,61,101,79
"ENSMUSG00000073838",580,570,1207,990,786,522
"ENSMUSG00000073846",14,12,6,14,14,14
"ENSMUSG00000073856",160,132,135,130,147,201
"ENSMUSG00000073867",111,73,66,80,79,108
"ENSMUSG00000073876",24,21,9,12,14,15
"ENSMUSG00000073888",54,41,39,38,41,57
"ENSMUSG00000073889",330,280,114,189,223,205
"ENSMUSG00000073902",12,6,27,10,10,3
"ENSMUSG00000073910",876,801,2299,1859,1609,1154
"ENSMUSG00000073968",448,431,355,411,288,262
"ENSMUSG00000073982",481,394,603,574,515,435
"ENSMUSG00000073985",251,191,131,113,168,159
"ENSMUSG00000073987",360,358,261,264,369,316
"ENSMUSG00000073988",109,67,74,39,79,83
"ENSMUSG00000074001",12,12,4,7,4,18
"ENSMUSG00000074024",767,515,399,687,526,431
"ENSMUSG00000074030",652,525,712,647,742,466
"ENSMUSG00000074037",48,27,4,16,13,11
"ENSMUSG00000074039",47,18,25,22,22,21
"ENSMUSG00000074063",1421,1353,688,811,1111,1216
"ENSMUSG00000074064",233,193,142,157,183,128
"ENSMUSG00000074088",403,415,639,516,452,358
"ENSMUSG00000074093",206,198,43,72,81,76
"ENSMUSG00000074102",1449,1590,1899,1992,2231,1870
"ENSMUSG00000074121",375,243,213,234,380,325
"ENSMUSG00000074129",7005,6951,8772,7627,8019,9495
"ENSMUSG00000074136",86,66,138,95,74,94
"ENSMUSG00000074141",211,224,229,140,164,139
"ENSMUSG00000074149",13,15,17,24,13,12
"ENSMUSG00000074151",60,49,605,65,26,37
"ENSMUSG00000074158",120,219,136,128,135,162
"ENSMUSG00000074165",299,330,213,242,300,271
"ENSMUSG00000074166",245,205,158,230,230,160
"ENSMUSG00000074170",249,226,179,208,200,155
"ENSMUSG00000074171",38,26,34,47,72,66
"ENSMUSG00000074178",16,15,13,20,16,18
"ENSMUSG00000074182",628,590,528,508,556,451
"ENSMUSG00000074194",189,101,290,341,274,271
"ENSMUSG00000074203",2563,2108,2188,2415,2584,2662
"ENSMUSG00000074207",3288,5110,440,606,1486,1237
"ENSMUSG00000074210",96,63,85,92,71,57
"ENSMUSG00000074211",112,69,102,117,87,72
"ENSMUSG00000074212",1446,1452,1103,1232,1484,1268
"ENSMUSG00000074213",133,129,164,110,132,108
"ENSMUSG00000074215",27,31,17,23,30,27
"ENSMUSG00000074218",47,38,17,32,15,44
"ENSMUSG00000074219",238,254,224,306,352,381
"ENSMUSG00000074220",25,21,26,30,42,34
"ENSMUSG00000074221",1162,1273,530,566,784,756
"ENSMUSG00000074227",3331,3002,3498,3627,2362,2166
"ENSMUSG00000074228",46,41,28,36,33,37
"ENSMUSG00000074232",10,13,7,12,8,11
"ENSMUSG00000074238",1107,1047,1397,1276,1127,1082
"ENSMUSG00000074247",805,724,796,802,739,598
"ENSMUSG00000074250",233,209,158,151,136,117
"ENSMUSG00000074259",73,68,117,91,43,66
"ENSMUSG00000074264",584,612,111,173,288,242
"ENSMUSG00000074269",114,104,162,153,133,133
"ENSMUSG00000074272",5936,5882,5287,6894,1576,2121
"ENSMUSG00000074277",227,119,168,167,178,133
"ENSMUSG00000074282",81,85,59,72,63,56
"ENSMUSG00000074283",217,173,114,182,192,128
"ENSMUSG00000074284",327,237,247,246,369,336
"ENSMUSG00000074300",25,18,13,16,9,14
"ENSMUSG00000074305",2488,2664,1587,1729,1706,1628
"ENSMUSG00000074340",56,44,40,52,37,47
"ENSMUSG00000074345",23,7,26,14,9,2
"ENSMUSG00000074354",38,30,7,8,23,40
"ENSMUSG00000074355",56,57,34,65,74,76
"ENSMUSG00000074358",136,118,148,122,113,101
"ENSMUSG00000074364",6379,5311,6994,7778,10600,8149
"ENSMUSG00000074384",103,54,33,59,61,22
"ENSMUSG00000074398",5922,2978,2110,2137,3893,2810
"ENSMUSG00000074403",306,228,680,534,305,296
"ENSMUSG00000074405",969,762,648,749,836,608
"ENSMUSG00000074406",398,286,307,381,343,280
"ENSMUSG00000074415",393,240,248,514,276,358
"ENSMUSG00000074445",3,2,1907,1581,21,19
"ENSMUSG00000074448",5403,5325,276,595,740,550
"ENSMUSG00000074457",1186,1053,2847,2351,1992,1730
"ENSMUSG00000074466",23,17,40,14,29,14
"ENSMUSG00000074467",31,32,10,15,15,14
"ENSMUSG00000074472",32,45,11,10,9,3
"ENSMUSG00000074476",19,21,128,77,39,24
"ENSMUSG00000074479",186,36,202,183,215,227
"ENSMUSG00000074480",166,147,576,460,309,255
"ENSMUSG00000074489",765,611,41,35,29,57
"ENSMUSG00000074500",59,44,62,71,84,53
"ENSMUSG00000074505",7,9,10,28,26,35
"ENSMUSG00000074506",8,7,13,16,14,15
"ENSMUSG00000074513",1947,1803,1879,1979,2008,1955
"ENSMUSG00000074519",213,216,235,189,212,163
"ENSMUSG00000074521",13,20,11,14,23,12
"ENSMUSG00000074547",10,9,13,2,14,12
"ENSMUSG00000074569",32,21,18,30,14,14
"ENSMUSG00000074576",81,72,115,93,91,67
"ENSMUSG00000074577",71,43,63,75,53,53
"ENSMUSG00000074578",337,326,619,464,299,405
"ENSMUSG00000074579",130,152,94,108,135,114
"ENSMUSG00000074580",694,843,377,459,589,764
"ENSMUSG00000074582",1841,1702,1517,1510,1498,1476
"ENSMUSG00000074603",24,11,17,30,17,15
"ENSMUSG00000074604",40,22,25,10,11,41
"ENSMUSG00000074607",21,36,10,3,5,8
"ENSMUSG00000074622",193,225,747,630,393,419
"ENSMUSG00000074627",234,214,221,236,149,153
"ENSMUSG00000074629",48,45,25,26,31,31
"ENSMUSG00000074634",62,46,17,31,39,38
"ENSMUSG00000074635",13,2,6,12,13,14
"ENSMUSG00000074637",786,694,681,643,1078,686
"ENSMUSG00000074643",1923,1789,1745,1660,2165,2048
"ENSMUSG00000074646",144,105,105,75,108,80
"ENSMUSG00000074647",81,59,49,63,48,54
"ENSMUSG00000074649",459,369,318,329,376,325
"ENSMUSG00000074652",63,49,31,30,29,40
"ENSMUSG00000074653",49,52,31,30,6,14
"ENSMUSG00000074656",2787,3591,3737,3093,2776,3050
"ENSMUSG00000074657",69,69,24,28,40,67
"ENSMUSG00000074671",78,64,51,59,49,41
"ENSMUSG00000074682",404,317,169,203,331,264
"ENSMUSG00000074698",1998,2159,2408,2394,2292,2077
"ENSMUSG00000074715",26,21,29,23,6,16
"ENSMUSG00000074733",353,355,177,386,343,298
"ENSMUSG00000074738",79,75,211,153,139,59
"ENSMUSG00000074743",204,277,40,44,130,107
"ENSMUSG00000074746",2838,2905,4758,4644,3927,3691
"ENSMUSG00000074748",2459,2168,2254,2496,2642,2074
"ENSMUSG00000074749",771,597,315,312,520,496
"ENSMUSG00000074754",52,52,57,50,55,47
"ENSMUSG00000074766",124,97,69,77,111,240
"ENSMUSG00000074781",1129,1253,2042,1847,1582,1390
"ENSMUSG00000074782",331,277,197,247,352,402
"ENSMUSG00000074785",34,27,25,19,25,24
"ENSMUSG00000074793",111,72,26,26,38,37
"ENSMUSG00000074794",2123,2733,1002,1190,1229,1250
"ENSMUSG00000074796",57,34,36,36,23,53
"ENSMUSG00000074797",248,214,439,363,335,243
"ENSMUSG00000074800",303,326,407,340,362,419
"ENSMUSG00000074802",36,117,440,404,154,220
"ENSMUSG00000074807",100,68,71,77,94,60
"ENSMUSG00000074811",90,60,100,91,77,47
"ENSMUSG00000074813",14,13,19,7,3,6
"ENSMUSG00000074818",152,95,73,72,81,120
"ENSMUSG00000074824",68,72,42,68,66,62
"ENSMUSG00000074825",308,186,422,351,412,285
"ENSMUSG00000074826",326,369,465,448,412,364
"ENSMUSG00000074829",646,600,451,489,523,442
"ENSMUSG00000074862",30,27,16,26,16,18
"ENSMUSG00000074863",29,30,7,10,13,12
"ENSMUSG00000074865",60,72,36,50,45,31
"ENSMUSG00000074867",141,168,80,80,84,63
"ENSMUSG00000074873",232,184,216,170,263,256
"ENSMUSG00000074876",56,39,53,63,51,24
"ENSMUSG00000074884",1588,1716,1453,1553,1529,1301
"ENSMUSG00000074886",468,436,599,508,481,423
"ENSMUSG00000074890",150,119,124,134,143,96
"ENSMUSG00000074896",64,22,1011,185,14,19
"ENSMUSG00000074899",64,55,44,50,38,60
"ENSMUSG00000074903",47,58,68,52,49,51
"ENSMUSG00000074909",563,403,451,464,530,409
"ENSMUSG00000074916",246,163,222,197,255,208
"ENSMUSG00000074918",1895,1457,1205,1245,2089,1980
"ENSMUSG00000074922",239,155,207,248,215,168
"ENSMUSG00000074923",2258,2257,1895,1845,2228,2101
"ENSMUSG00000074925",470,401,335,344,434,348
"ENSMUSG00000074968",10,9,17,19,19,11
"ENSMUSG00000074971",617,479,113,222,390,296
"ENSMUSG00000074978",16,27,5,19,19,14
"ENSMUSG00000074994",3956,3535,3301,2947,3785,3560
"ENSMUSG00000075000",186,205,249,292,204,150
"ENSMUSG00000075010",14,7,217,24,2,3
"ENSMUSG00000075012",540,498,537,448,601,599
"ENSMUSG00000075014",173,53,64,142,332,2332
"ENSMUSG00000075015",23,4,6,12,26,288
"ENSMUSG00000075027",49,35,17,18,25,16
"ENSMUSG00000075028",1193,1258,669,553,1323,1085
"ENSMUSG00000075029",129,120,525,459,249,181
"ENSMUSG00000075031",80,78,964,672,287,230
"ENSMUSG00000075033",464,496,32,38,80,59
"ENSMUSG00000075040",285,170,202,197,183,150
"ENSMUSG00000075044",30,12,26,20,9,8
"ENSMUSG00000075053",16,11,24,16,15,22
"ENSMUSG00000075054",188,179,292,247,251,169
"ENSMUSG00000075162",506,515,575,683,497,670
"ENSMUSG00000075184",31,18,10,4,8,8
"ENSMUSG00000075217",16,11,409,204,76,51
"ENSMUSG00000075225",32,31,13,14,9,34
"ENSMUSG00000075227",102,68,151,134,123,83
"ENSMUSG00000075229",167,212,360,293,178,192
"ENSMUSG00000075232",3356,5036,5341,5578,4501,6013
"ENSMUSG00000075254",5825,5162,6105,4270,9927,13525
"ENSMUSG00000075265",109,77,85,69,79,96
"ENSMUSG00000075266",15,34,85,52,37,48
"ENSMUSG00000075268",9,15,18,8,15,14
"ENSMUSG00000075271",57,50,85,102,98,32
"ENSMUSG00000075273",255,157,159,178,162,152
"ENSMUSG00000075279",3,4,20,6,15,16
"ENSMUSG00000075284",1225,1239,431,477,1148,1032
"ENSMUSG00000075289",46,39,12,19,18,24
"ENSMUSG00000075296",18,18,34,20,4,0
"ENSMUSG00000075297",13,11,43,56,42,5
"ENSMUSG00000075302",42,40,12,12,14,18
"ENSMUSG00000075304",144,78,10,23,23,27
"ENSMUSG00000075324",770,537,161,155,437,466
"ENSMUSG00000075327",900,916,492,680,873,1008
"ENSMUSG00000075376",3408,3452,4015,3921,4559,4355
"ENSMUSG00000075389",59,49,34,28,56,32
"ENSMUSG00000075391",51,63,31,50,42,28
"ENSMUSG00000075408",34,35,9,22,23,19
"ENSMUSG00000075410",24,40,10,12,5,6
"ENSMUSG00000075415",1789,1466,1021,1034,1241,1211
"ENSMUSG00000075419",134,110,174,183,158,88
"ENSMUSG00000075420",37,25,12,15,15,16
"ENSMUSG00000075425",19,16,5,4,14,16
"ENSMUSG00000075463",123,120,109,108,88,99
"ENSMUSG00000075467",290,220,294,289,284,224
"ENSMUSG00000075470",957,927,1327,1163,1165,867
"ENSMUSG00000075486",330,303,361,337,331,284
"ENSMUSG00000075502",5,11,37,11,19,18
"ENSMUSG00000075511",617,595,248,247,247,275
"ENSMUSG00000075514",47,35,21,26,27,32
"ENSMUSG00000075528",244,256,473,381,320,284
"ENSMUSG00000075534",14,23,7,15,13,12
"ENSMUSG00000075538",36,34,16,23,13,6
"ENSMUSG00000075558",40,25,25,56,28,41
"ENSMUSG00000075569",32,27,7,4,7,14
"ENSMUSG00000075576",561,442,414,447,560,499
"ENSMUSG00000075581",15,20,17,3,19,12
"ENSMUSG00000075585",710,502,405,395,735,726
"ENSMUSG00000075588",21,9,2,6,10,14
"ENSMUSG00000075590",2218,1838,1562,1677,1874,1788
"ENSMUSG00000075591",18,22,49,39,28,21
"ENSMUSG00000075592",1191,881,568,616,920,849
"ENSMUSG00000075593",101,106,338,351,309,224
"ENSMUSG00000075595",6871,6258,5055,5749,7744,7455
"ENSMUSG00000075596",25,25,17,24,18,18
"ENSMUSG00000075600",195,149,138,186,215,139
"ENSMUSG00000075602",788,783,10655,7674,3828,5218
"ENSMUSG00000075700",3253,3487,5041,4673,4540,3850
"ENSMUSG00000075701",973,1227,863,969,720,758
"ENSMUSG00000075702",122,106,172,142,141,111
"ENSMUSG00000075703",2869,2501,2157,2162,2273,2789
"ENSMUSG00000075704",266,174,184,187,199,171
"ENSMUSG00000075705",295,266,367,362,224,271
"ENSMUSG00000075706",925,816,864,906,813,705
"ENSMUSG00000075707",43,68,7,7,134,53
"ENSMUSG00000075770",16,20,17,27,16,18
"ENSMUSG00000076012",26,27,14,23,16,21
"ENSMUSG00000076036",928,852,714,900,723,705
"ENSMUSG00000076051",32,21,18,31,29,25
"ENSMUSG00000076060",396,487,332,394,230,229
"ENSMUSG00000076062",21,17,11,14,9,28
"ENSMUSG00000076068",24,36,49,34,41,32
"ENSMUSG00000076119",13,15,4,6,10,6
"ENSMUSG00000076123",4,11,14,11,4,14
"ENSMUSG00000076128",63,52,106,95,76,60
"ENSMUSG00000076135",34,39,54,44,33,34
"ENSMUSG00000076137",40,50,44,24,41,41
"ENSMUSG00000076138",6234,6807,8210,7285,6834,7680
"ENSMUSG00000076142",68,46,189,215,139,162
"ENSMUSG00000076236",233,249,306,242,278,306
"ENSMUSG00000076240",59,58,108,89,91,66
"ENSMUSG00000076256",21,23,10,16,9,41
"ENSMUSG00000076258",10990,11621,10706,10599,8794,11103
"ENSMUSG00000076270",162,132,173,150,123,140
"ENSMUSG00000076281",382,306,421,406,335,309
"ENSMUSG00000076315",46,30,32,26,28,19
"ENSMUSG00000076372",185,207,88,105,156,140
"ENSMUSG00000076387",13,11,16,19,19,22
"ENSMUSG00000076431",2641,2739,6759,6721,5121,5683
"ENSMUSG00000076432",2020,2034,2764,2682,2359,2063
"ENSMUSG00000076433",65,35,25,34,48,54
"ENSMUSG00000076434",886,1015,176,287,164,155
"ENSMUSG00000076435",1905,1815,1530,1900,2982,1886
"ENSMUSG00000076437",201,156,410,313,217,165
"ENSMUSG00000076441",244,313,333,212,48,66
"ENSMUSG00000076444",30,29,25,12,21,14
"ENSMUSG00000076454",104,77,92,88,69,80
"ENSMUSG00000076498",2,3,46,32,5,15
"ENSMUSG00000076617",18,7,72,19,9,9
"ENSMUSG00000076867",32,15,16,18,16,15
"ENSMUSG00000076944",7,13,14,15,15,16
"ENSMUSG00000077167",89,115,100,106,154,192
"ENSMUSG00000077185",34,18,13,16,5,15
"ENSMUSG00000077192",16,7,55,39,19,25
"ENSMUSG00000077212",21,31,20,28,9,28
"ENSMUSG00000077220",101,108,177,181,108,124
"ENSMUSG00000077222",26,31,20,23,30,19
"ENSMUSG00000077239",13,20,10,18,10,15
"ENSMUSG00000077254",10,18,4,10,13,11
"ENSMUSG00000077323",23,22,25,28,31,24
"ENSMUSG00000077345",36,18,17,16,21,18
"ENSMUSG00000077358",53,46,25,38,38,27
"ENSMUSG00000077382",18,20,7,28,11,18
"ENSMUSG00000077391",60,58,106,144,115,112
"ENSMUSG00000077394",161,132,266,309,242,309
"ENSMUSG00000077426",10,17,32,18,28,12
"ENSMUSG00000077440",23,20,32,30,27,40
"ENSMUSG00000077449",14,12,13,27,15,8
"ENSMUSG00000077450",2962,2760,1922,2183,2714,2664
"ENSMUSG00000077457",16,17,17,22,18,27
"ENSMUSG00000077506",100,59,129,141,99,139
"ENSMUSG00000077515",20,18,19,15,10,18
"ENSMUSG00000077549",18,12,14,18,17,15
"ENSMUSG00000077563",29,16,18,15,22,16
"ENSMUSG00000077565",21,27,46,32,14,24
"ENSMUSG00000077614",29,16,12,8,13,9
"ENSMUSG00000077625",24,17,29,14,16,30
"ENSMUSG00000077677",18,13,7,8,7,15
"ENSMUSG00000077698",35,25,42,46,21,28
"ENSMUSG00000077702",18,7,10,11,6,6
"ENSMUSG00000077704",13,13,5,7,6,11
"ENSMUSG00000077705",34,34,26,23,34,22
"ENSMUSG00000077709",40,46,22,46,33,46
"ENSMUSG00000077711",19,12,9,15,13,27
"ENSMUSG00000077714",611,470,480,598,577,458
"ENSMUSG00000077734",24,11,22,19,14,22
"ENSMUSG00000077737",13,16,16,16,9,18
"ENSMUSG00000077797",24,30,25,24,16,21
"ENSMUSG00000077931",12,11,11,11,13,8
"ENSMUSG00000077990",41,25,17,31,21,19
"ENSMUSG00000078087",24,34,49,57,33,44
"ENSMUSG00000078117",69,62,21,28,64,59
"ENSMUSG00000078126",91,112,130,95,90,86
"ENSMUSG00000078137",59,34,16,18,44,22
"ENSMUSG00000078143",1155,1241,1143,1141,1269,1184
"ENSMUSG00000078144",24,9,16,22,15,8
"ENSMUSG00000078151",8,11,12,7,6,12
"ENSMUSG00000078153",40,26,86,79,26,37
"ENSMUSG00000078154",32,27,64,44,32,32
"ENSMUSG00000078161",92,67,21,0,10,5
"ENSMUSG00000078173",91,59,54,57,52,44
"ENSMUSG00000078185",425,422,379,446,348,405
"ENSMUSG00000078190",31,13,10,15,11,12
"ENSMUSG00000078193",238,267,280,252,204,290
"ENSMUSG00000078201",47,60,107,79,94,51
"ENSMUSG00000078202",125,77,150,69,113,140
"ENSMUSG00000078234",1081,858,285,399,280,188
"ENSMUSG00000078238",34,50,78,81,39,35
"ENSMUSG00000078240",10,6,18,10,10,6
"ENSMUSG00000078247",679,545,191,326,374,421
"ENSMUSG00000078249",74,108,169,102,55,127
"ENSMUSG00000078317",197,145,148,150,148,136
"ENSMUSG00000078348",416,321,619,557,464,296
"ENSMUSG00000078349",82,76,77,48,49,50
"ENSMUSG00000078350",946,829,913,943,1344,1002
"ENSMUSG00000078377",13,13,21,12,10,16
"ENSMUSG00000078427",468,553,939,798,711,621
"ENSMUSG00000078429",4834,3818,1826,1905,3307,3044
"ENSMUSG00000078435",175,175,124,128,115,80
"ENSMUSG00000078439",56,48,21,24,45,34
"ENSMUSG00000078440",254,219,231,191,162,165
"ENSMUSG00000078441",404,420,666,644,425,336
"ENSMUSG00000078451",82,55,25,38,20,32
"ENSMUSG00000078453",288,318,690,529,470,484
"ENSMUSG00000078480",10,13,18,10,8,14
"ENSMUSG00000078484",564,480,343,431,451,354
"ENSMUSG00000078485",166,113,133,133,96,96
"ENSMUSG00000078486",57,50,43,55,64,44
"ENSMUSG00000078487",47,32,24,20,23,24
"ENSMUSG00000078489",95,81,55,64,68,62
"ENSMUSG00000078495",46,272,465,424,300,298
"ENSMUSG00000078496",13,44,10,8,9,9
"ENSMUSG00000078498",8,60,10,4,0,12
"ENSMUSG00000078502",334,248,153,118,95,171
"ENSMUSG00000078503",148,448,165,145,2,105
"ENSMUSG00000078515",6701,6614,4684,4480,5555,5083
"ENSMUSG00000078517",2378,2353,2330,2382,2251,2246
"ENSMUSG00000078519",13,11,19,24,14,22
"ENSMUSG00000078521",38,48,53,40,23,32
"ENSMUSG00000078528",15,6,19,18,6,14
"ENSMUSG00000078532",9,13,80,61,2,8
"ENSMUSG00000078546",197,209,261,191,169,185
"ENSMUSG00000078552",147,174,152,165,154,127
"ENSMUSG00000078566",513,455,535,509,290,323
"ENSMUSG00000078570",174,163,169,181,147,137
"ENSMUSG00000078572",161,128,154,130,142,101
"ENSMUSG00000078578",12941,13050,10921,11955,12269,12386
"ENSMUSG00000078580",216,223,84,93,133,108
"ENSMUSG00000078584",389,307,359,325,379,310
"ENSMUSG00000078588",352,225,198,271,398,359
"ENSMUSG00000078607",637,461,24,50,223,192
"ENSMUSG00000078611",29,35,28,35,42,24
"ENSMUSG00000078612",446,470,325,320,337,355
"ENSMUSG00000078619",2058,1993,2159,2097,2278,1851
"ENSMUSG00000078622",2814,2941,2956,2844,3244,2720
"ENSMUSG00000078630",229,290,226,195,174,176
"ENSMUSG00000078635",48,66,37,53,68,78
"ENSMUSG00000078648",56,54,21,22,31,43
"ENSMUSG00000078651",65,58,59,64,43,66
"ENSMUSG00000078652",1120,1110,2272,1818,1661,1271
"ENSMUSG00000078653",616,622,807,852,750,669
"ENSMUSG00000078656",722,706,983,942,824,653
"ENSMUSG00000078670",282,429,129,226,109,85
"ENSMUSG00000078671",4659,5204,3382,3822,3845,4869
"ENSMUSG00000078676",1378,1316,1162,1114,1152,1096
"ENSMUSG00000078681",393,321,365,385,358,310
"ENSMUSG00000078684",470,456,342,312,323,94
"ENSMUSG00000078695",81,68,54,67,56,34
"ENSMUSG00000078700",215,284,266,271,184,163
"ENSMUSG00000078706",1237,196,195,242,174,176
"ENSMUSG00000078713",163,120,314,189,148,104
"ENSMUSG00000078716",293,313,170,191,269,214
"ENSMUSG00000078719",219,212,258,251,253,226
"ENSMUSG00000078735",16,11,6,12,9,15
"ENSMUSG00000078762",157,104,179,132,125,107
"ENSMUSG00000078765",179,210,212,236,203,187
"ENSMUSG00000078768",75,60,69,71,60,51
"ENSMUSG00000078771",38,41,33,38,58,32
"ENSMUSG00000078772",300,265,279,365,443,319
"ENSMUSG00000078773",71,92,199,132,85,67
"ENSMUSG00000078776",328204,299992,8977,21435,48084,53571
"ENSMUSG00000078779",183,123,151,110,141,115
"ENSMUSG00000078784",478,657,831,857,656,676
"ENSMUSG00000078786",1605,2304,1476,1977,1845,2327
"ENSMUSG00000078787",169,187,124,100,138,163
"ENSMUSG00000078789",190,211,281,244,177,144
"ENSMUSG00000078794",25,38,3,11,10,15
"ENSMUSG00000078812",2847,3208,6018,4472,3634,3164
"ENSMUSG00000078813",407,386,427,419,390,352
"ENSMUSG00000078816",152,135,143,137,126,92
"ENSMUSG00000078851",287,232,633,529,321,293
"ENSMUSG00000078853",124,81,1021,117,51,44
"ENSMUSG00000078861",164,175,93,118,135,143
"ENSMUSG00000078862",245,219,197,211,200,171
"ENSMUSG00000078866",497,496,253,186,365,445
"ENSMUSG00000078867",5,12,27,7,11,9
"ENSMUSG00000078868",12,48,9,6,10,24
"ENSMUSG00000078870",108,108,84,57,91,57
"ENSMUSG00000078875",19,22,11,11,5,6
"ENSMUSG00000078877",146,122,123,108,61,62
"ENSMUSG00000078878",178,149,147,73,167,80
"ENSMUSG00000078879",59,45,54,23,44,28
"ENSMUSG00000078902",19,45,9,7,11,11
"ENSMUSG00000078908",739,649,960,1030,839,644
"ENSMUSG00000078915",81,249,64,93,61,67
"ENSMUSG00000078919",922,839,581,713,717,618
"ENSMUSG00000078920",43,17,421,19,10,5
"ENSMUSG00000078921",23,7,293,19,10,2
"ENSMUSG00000078922",31,8,745,30,11,6
"ENSMUSG00000078923",551,586,622,611,688,685
"ENSMUSG00000078925",43,81,14,51,14,21
"ENSMUSG00000078931",528,343,594,616,577,429
"ENSMUSG00000078937",57,59,27,43,21,28
"ENSMUSG00000078941",567,575,1273,1061,759,765
"ENSMUSG00000078942",38,26,145,140,9,16
"ENSMUSG00000078945",12,12,42,34,5,8
"ENSMUSG00000078954",326,266,153,148,202,96
"ENSMUSG00000078963",36,44,10,18,17,27
"ENSMUSG00000078970",977,969,1339,1296,1273,1092
"ENSMUSG00000078974",342,479,450,394,325,345
"ENSMUSG00000078994",104,112,117,140,116,99
"ENSMUSG00000078995",68,59,29,61,65,46
"ENSMUSG00000079003",232,314,325,358,302,249
"ENSMUSG00000079011",14,16,9,12,16,15
"ENSMUSG00000079012",16,9,43,22,15,12
"ENSMUSG00000079014",148,128,376,144,150,69
"ENSMUSG00000079017",10,2,26,11,3,3
"ENSMUSG00000079018",326,270,2236,1517,565,794
"ENSMUSG00000079019",24,20,6,14,7,3
"ENSMUSG00000079020",624,694,424,485,470,482
"ENSMUSG00000079033",46,30,9,12,15,18
"ENSMUSG00000079036",317,344,507,412,328,314
"ENSMUSG00000079037",2072,2256,2476,2230,2381,1422
"ENSMUSG00000079038",64,100,70,52,30,32
"ENSMUSG00000079043",245,210,273,210,247,159
"ENSMUSG00000079051",34,27,3,7,6,12
"ENSMUSG00000079056",668,779,125,227,297,377
"ENSMUSG00000079057",875,810,262,246,513,307
"ENSMUSG00000079065",611,727,512,729,501,487
"ENSMUSG00000079076",16,13,5,16,10,11
"ENSMUSG00000079083",345,346,310,300,298,285
"ENSMUSG00000079084",1231,1064,550,634,746,772
"ENSMUSG00000079104",951,976,1064,1010,927,749
"ENSMUSG00000079105",207,385,31,44,74,127
"ENSMUSG00000079108",316,360,333,329,299,271
"ENSMUSG00000079109",394,285,306,293,273,259
"ENSMUSG00000079110",125,115,47,64,66,63
"ENSMUSG00000079111",1862,1903,2264,2162,1769,1513
"ENSMUSG00000079138",30,26,169,179,46,50
"ENSMUSG00000079139",248,322,522,355,395,285
"ENSMUSG00000079143",16,6,9,11,11,6
"ENSMUSG00000079144",807,1010,1064,1016,657,912
"ENSMUSG00000079164",109,78,151,158,67,54
"ENSMUSG00000079165",137,115,96,124,69,108
"ENSMUSG00000079173",31,20,10,22,15,21
"ENSMUSG00000079177",27,27,21,28,27,40
"ENSMUSG00000079179",1922,1758,1721,1992,1632,1669
"ENSMUSG00000079184",727,810,744,716,823,749
"ENSMUSG00000079197",234,244,834,512,331,253
"ENSMUSG00000079215",2545,2242,2598,2822,2975,2384
"ENSMUSG00000079223",7,6,14,10,17,6
"ENSMUSG00000079224",10,8,10,14,9,15
"ENSMUSG00000079225",49,90,142,105,108,123
"ENSMUSG00000079227",15,9,43,15,14,5
"ENSMUSG00000079242",115,91,51,81,63,75
"ENSMUSG00000079243",18,12,10,6,14,19
"ENSMUSG00000079260",148,135,143,138,102,115
"ENSMUSG00000079261",40,18,2,2,23,16
"ENSMUSG00000079277",80,66,49,67,40,51
"ENSMUSG00000079283",80,44,117,72,71,75
"ENSMUSG00000079293",12,15,47,12,11,14
"ENSMUSG00000079297",27,45,42,51,45,47
"ENSMUSG00000079304",4,15,21,11,19,19
"ENSMUSG00000079316",644,613,574,638,578,541
"ENSMUSG00000079317",157,169,203,228,229,178
"ENSMUSG00000079323",52,36,72,57,34,27
"ENSMUSG00000079330",16,12,76,53,16,8
"ENSMUSG00000079334",1425,958,846,1457,1594,1537
"ENSMUSG00000079339",16,7,209,56,4,2
"ENSMUSG00000079343",2816,1564,102,227,488,457
"ENSMUSG00000079355",2409,1493,1076,1581,4408,4504
"ENSMUSG00000079356",15,13,2,4,7,11
"ENSMUSG00000079357",207,193,271,238,255,219
"ENSMUSG00000079362",63,29,506,14,10,9
"ENSMUSG00000079363",62,20,493,10,22,16
"ENSMUSG00000079364",10,2,6,12,11,6
"ENSMUSG00000079414",23,22,13,12,11,11
"ENSMUSG00000079415",21,18,20,12,16,21
"ENSMUSG00000079418",197,184,199,234,207,255
"ENSMUSG00000079426",1515,1459,2063,2012,1560,1281
"ENSMUSG00000079427",90,75,94,101,73,83
"ENSMUSG00000079428",13,27,2,10,5,5
"ENSMUSG00000079429",175,164,293,190,201,136
"ENSMUSG00000079435",2218,2196,3144,2864,2619,2898
"ENSMUSG00000079436",10,29,21,22,33,19
"ENSMUSG00000079442",48,36,19,20,18,19
"ENSMUSG00000079444",369,395,516,476,403,330
"ENSMUSG00000079445",376,205,66,57,68,66
"ENSMUSG00000079450",42,16,22,22,38,30
"ENSMUSG00000079451",0,0,2028,538,137,8
"ENSMUSG00000079462",185,193,425,410,579,534
"ENSMUSG00000079465",2631,2585,309,508,1819,1711
"ENSMUSG00000079467",84,113,47,48,86,72
"ENSMUSG00000079469",1236,1239,1100,1145,1230,1044
"ENSMUSG00000079470",813,1113,1172,1436,679,990
"ENSMUSG00000079477",4159,4751,4494,4378,4584,4429
"ENSMUSG00000079478",502,373,635,569,516,407
"ENSMUSG00000079480",51,64,95,69,76,67
"ENSMUSG00000079481",468,645,41,52,130,207
"ENSMUSG00000079484",95,96,54,56,67,73
"ENSMUSG00000079487",1917,1730,1446,1588,1806,1660
"ENSMUSG00000079489",29,32,34,35,52,46
"ENSMUSG00000079491",178,254,453,288,294,250
"ENSMUSG00000079499",211,263,148,226,275,284
"ENSMUSG00000079505",504,371,597,348,222,287
"ENSMUSG00000079507",58,55,68,52,38,32
"ENSMUSG00000079508",107,128,151,166,157,110
"ENSMUSG00000079509",2343,2349,2309,2281,2568,2339
"ENSMUSG00000079511",252,232,257,256,247,204
"ENSMUSG00000079523",215,289,301,244,205,277
"ENSMUSG00000079546",12,17,31,47,30,11
"ENSMUSG00000079547",37,31,43,36,19,27
"ENSMUSG00000079550",37,53,41,43,40,46
"ENSMUSG00000079553",32,57,228,161,90,41
"ENSMUSG00000079555",389,311,455,509,499,371
"ENSMUSG00000079557",632,572,512,589,646,595
"ENSMUSG00000079559",462,357,111,195,259,239
"ENSMUSG00000079560",157,90,86,68,89,99
"ENSMUSG00000079562",2583,2217,2172,2187,2258,2133
"ENSMUSG00000079564",612,862,900,1206,950,1127
"ENSMUSG00000079575",26,22,19,22,18,19
"ENSMUSG00000079592",30,15,3,2,8,11
"ENSMUSG00000079593",19,15,9,11,15,11
"ENSMUSG00000079602",266,219,78,118,181,175
"ENSMUSG00000079604",241,396,380,444,556,325
"ENSMUSG00000079605",226,197,244,210,204,156
"ENSMUSG00000079610",103,86,93,97,87,83
"ENSMUSG00000079614",2575,2728,3175,2724,2519,2262
"ENSMUSG00000079641",2028,2136,2942,2651,2495,2807
"ENSMUSG00000079645",25,8,35,39,18,24
"ENSMUSG00000079652",20,21,6,12,17,35
"ENSMUSG00000079657",76,82,96,65,80,73
"ENSMUSG00000079658",1085,1227,975,971,1112,1154
"ENSMUSG00000079659",627,533,401,473,486,559
"ENSMUSG00000079669",195,156,73,71,118,80
"ENSMUSG00000079671",80,57,53,53,4,15
"ENSMUSG00000079677",90,101,106,116,100,105
"ENSMUSG00000079685",24,39,132,114,94,32
"ENSMUSG00000079694",163,155,11,30,58,76
"ENSMUSG00000079697",23,18,9,8,17,18
"ENSMUSG00000079737",85,141,78,89,104,86
"ENSMUSG00000079834",146,151,204,197,189,175
"ENSMUSG00000079884",67,68,63,59,44,28
"ENSMUSG00000079906",7,13,7,18,19,11
"ENSMUSG00000079941",8,20,21,19,19,11
"ENSMUSG00000079942",21,23,31,34,37,30
"ENSMUSG00000079993",26,12,11,34,21,30
"ENSMUSG00000080021",7,13,9,10,19,8
"ENSMUSG00000080058",8868,7669,3178,4247,4462,5212
"ENSMUSG00000080059",34,25,19,22,17,12
"ENSMUSG00000080115",27,40,16,15,9,12
"ENSMUSG00000080237",24,20,9,18,19,21
"ENSMUSG00000080242",397,466,557,504,401,374
"ENSMUSG00000080268",261,216,314,261,234,204
"ENSMUSG00000080316",443,335,280,513,436,415
"ENSMUSG00000080352",42,30,54,51,34,64
"ENSMUSG00000080356",24,17,0,4,28,8
"ENSMUSG00000080365",20,38,17,22,38,54
"ENSMUSG00000080374",284,318,249,281,310,272
"ENSMUSG00000080440",21,15,28,30,44,40
"ENSMUSG00000080452",46,45,46,65,38,34
"ENSMUSG00000080463",51,40,54,34,33,62
"ENSMUSG00000080465",14,15,7,8,18,18
"ENSMUSG00000080469",5,9,10,15,15,12
"ENSMUSG00000080478",19,6,5,12,6,12
"ENSMUSG00000080486",30,30,36,36,21,24
"ENSMUSG00000080527",30,17,16,12,19,15
"ENSMUSG00000080533",43,45,29,32,28,44
"ENSMUSG00000080538",7,6,12,7,10,12
"ENSMUSG00000080542",25,26,14,18,14,28
"ENSMUSG00000080574",21,15,6,22,26,12
"ENSMUSG00000080615",21,16,14,6,7,15
"ENSMUSG00000080626",30,29,9,7,15,15
"ENSMUSG00000080683",19,13,17,16,7,12
"ENSMUSG00000080717",74,85,120,101,74,92
"ENSMUSG00000080727",24,17,22,12,13,11
"ENSMUSG00000080731",15,21,26,24,25,12
"ENSMUSG00000080741",40,50,9,18,20,16
"ENSMUSG00000080746",13,6,17,8,11,19
"ENSMUSG00000080753",13,7,6,16,15,21
"ENSMUSG00000080775",10,16,28,24,18,18
"ENSMUSG00000080776",117,138,148,146,167,172
"ENSMUSG00000080779",9,12,14,14,5,14
"ENSMUSG00000080780",21,11,18,16,20,16
"ENSMUSG00000080791",15,11,7,7,14,6
"ENSMUSG00000080810",5,9,13,16,7,14
"ENSMUSG00000080831",18,18,13,20,18,15
"ENSMUSG00000080845",3,8,14,8,16,14
"ENSMUSG00000080848",122,156,203,133,127,200
"ENSMUSG00000080875",13,16,28,36,21,19
"ENSMUSG00000080877",12,17,17,10,16,22
"ENSMUSG00000080885",40,29,39,30,32,27
"ENSMUSG00000080893",118,142,213,182,133,124
"ENSMUSG00000080902",4,4,12,11,11,12
"ENSMUSG00000080904",9,9,14,16,16,15
"ENSMUSG00000080907",24,32,192,167,69,67
"ENSMUSG00000080921",155,197,216,165,155,214
"ENSMUSG00000080928",20,13,10,11,8,6
"ENSMUSG00000080935",21,21,51,43,30,22
"ENSMUSG00000080942",4,17,5,6,33,12
"ENSMUSG00000080957",10,11,20,15,4,12
"ENSMUSG00000080972",24,22,17,27,16,19
"ENSMUSG00000080989",64,82,229,232,83,86
"ENSMUSG00000081005",20,9,31,30,22,15
"ENSMUSG00000081042",13,11,3,3,3,11
"ENSMUSG00000081046",31,27,10,20,30,18
"ENSMUSG00000081049",1275,1435,1550,1333,110,156
"ENSMUSG00000081051",305,284,335,255,360,364
"ENSMUSG00000081058",19,41,18,22,29,14
"ENSMUSG00000081077",12,16,6,11,11,9
"ENSMUSG00000081087",18,20,26,30,14,35
"ENSMUSG00000081094",197,187,266,199,214,230
"ENSMUSG00000081111",15,16,28,18,26,9
"ENSMUSG00000081113",9,13,7,19,8,14
"ENSMUSG00000081126",10,15,12,14,11,11
"ENSMUSG00000081137",15,20,7,12,16,12
"ENSMUSG00000081143",5,6,10,18,11,5
"ENSMUSG00000081179",10,16,14,12,14,22
"ENSMUSG00000081208",54,36,29,35,57,15
"ENSMUSG00000081214",63,55,76,57,40,50
"ENSMUSG00000081217",18,8,6,24,14,12
"ENSMUSG00000081223",10,11,16,14,34,8
"ENSMUSG00000081232",18,25,18,6,14,25
"ENSMUSG00000081236",12,8,10,12,9,12
"ENSMUSG00000081249",18,39,11,19,20,22
"ENSMUSG00000081270",29,32,20,36,38,46
"ENSMUSG00000081272",81,104,125,109,94,95
"ENSMUSG00000081281",14,11,14,11,6,15
"ENSMUSG00000081282",12,9,5,11,10,21
"ENSMUSG00000081344",228,386,231,179,190,242
"ENSMUSG00000081355",336,424,125,181,205,234
"ENSMUSG00000081375",65,91,65,71,90,152
"ENSMUSG00000081378",35,31,58,44,36,35
"ENSMUSG00000081382",26,20,18,16,29,32
"ENSMUSG00000081400",70,75,106,61,84,94
"ENSMUSG00000081406",197,258,292,236,267,290
"ENSMUSG00000081416",9,13,27,16,23,14
"ENSMUSG00000081431",16,20,7,16,10,11
"ENSMUSG00000081434",24,71,390,296,277,284
"ENSMUSG00000081451",25,16,17,24,26,9
"ENSMUSG00000081453",27,32,46,30,27,37
"ENSMUSG00000081467",12,11,20,14,20,21
"ENSMUSG00000081476",13,9,31,36,21,16
"ENSMUSG00000081485",63,41,69,48,53,37
"ENSMUSG00000081487",51,38,39,57,34,40
"ENSMUSG00000081488",8,11,12,12,17,12
"ENSMUSG00000081492",10,12,9,7,17,11
"ENSMUSG00000081497",16,9,6,11,10,9
"ENSMUSG00000081512",175,138,308,174,144,121
"ENSMUSG00000081519",207,216,227,157,178,168
"ENSMUSG00000081528",10,7,7,11,17,2
"ENSMUSG00000081534",826,574,413,448,676,506
"ENSMUSG00000081594",12,15,10,8,14,8
"ENSMUSG00000081602",12,7,16,16,13,8
"ENSMUSG00000081603",101,152,164,102,85,86
"ENSMUSG00000081604",25,15,21,19,32,27
"ENSMUSG00000081608",12,7,7,11,13,5
"ENSMUSG00000081619",38,18,21,19,19,14
"ENSMUSG00000081640",4,3,61,30,62,80
"ENSMUSG00000081642",3,7,6,10,10,11
"ENSMUSG00000081648",21,25,10,8,21,31
"ENSMUSG00000081650",62,53,29,51,46,44
"ENSMUSG00000081669",86,23,16,3,4,6
"ENSMUSG00000081683",144,72,199,206,274,303
"ENSMUSG00000081684",8,17,3258,2594,2040,1968
"ENSMUSG00000081692",16,13,6,12,8,6
"ENSMUSG00000081730",14,6,9,10,15,8
"ENSMUSG00000081739",19,34,17,15,8,28
"ENSMUSG00000081752",15,9,21,12,14,11
"ENSMUSG00000081769",78,52,29,23,39,56
"ENSMUSG00000081783",24,6,19,34,23,11
"ENSMUSG00000081788",229,249,218,242,231,249
"ENSMUSG00000081792",12,4,17,11,6,11
"ENSMUSG00000081801",68,50,76,154,91,111
"ENSMUSG00000081805",20,9,21,24,21,16
"ENSMUSG00000081824",12,17,14,11,17,19
"ENSMUSG00000081838",32,18,7,23,25,28
"ENSMUSG00000081855",14,21,54,19,288,317
"ENSMUSG00000081885",29,25,40,34,32,35
"ENSMUSG00000081887",10,11,4,19,7,9
"ENSMUSG00000081894",16,15,14,12,17,22
"ENSMUSG00000081895",49,41,41,55,46,66
"ENSMUSG00000081926",21,18,47,22,36,44
"ENSMUSG00000081944",40,21,20,42,28,21
"ENSMUSG00000081974",45,40,50,39,53,44
"ENSMUSG00000081984",12,7,20,19,31,11
"ENSMUSG00000081992",16,11,24,14,26,18
"ENSMUSG00000081999",10,20,57,38,16,11
"ENSMUSG00000082001",18,26,20,11,16,5
"ENSMUSG00000082016",9,12,18,18,7,5
"ENSMUSG00000082029",14,21,47,31,41,22
"ENSMUSG00000082044",24,30,79,38,30,27
"ENSMUSG00000082057",67,46,39,68,90,127
"ENSMUSG00000082064",29,21,26,15,18,34
"ENSMUSG00000082082",8,95,13,18,3,12
"ENSMUSG00000082100",29,17,19,23,21,18
"ENSMUSG00000082127",117,115,174,133,141,115
"ENSMUSG00000082144",5,12,4,6,11,11
"ENSMUSG00000082145",87,97,81,97,98,82
"ENSMUSG00000082148",25,7,11,14,10,12
"ENSMUSG00000082163",13,8,27,16,15,9
"ENSMUSG00000082171",13,8,13,14,20,15
"ENSMUSG00000082180",12,6,13,15,9,11
"ENSMUSG00000082186",10,11,7,6,9,12
"ENSMUSG00000082193",13,18,16,19,28,30
"ENSMUSG00000082195",27,41,39,35,33,38
"ENSMUSG00000082210",24,15,6,12,22,15
"ENSMUSG00000082233",18,15,17,14,4,21
"ENSMUSG00000082260",18,16,17,26,10,30
"ENSMUSG00000082274",45,39,26,23,11,18
"ENSMUSG00000082284",4,11,13,12,9,11
"ENSMUSG00000082286",222,164,153,125,200,96
"ENSMUSG00000082315",29,16,18,15,16,12
"ENSMUSG00000082319",219,256,309,269,252,287
"ENSMUSG00000082321",32,49,20,8,9,12
"ENSMUSG00000082345",29,18,18,42,19,9
"ENSMUSG00000082361",10,8,64,39,9,6
"ENSMUSG00000082394",16,8,6,10,10,18
"ENSMUSG00000082399",9,11,11,11,8,8
"ENSMUSG00000082419",24,16,50,15,18,25
"ENSMUSG00000082424",3,11,31,12,13,12
"ENSMUSG00000082429",14,18,17,14,9,8
"ENSMUSG00000082431",10,6,20,12,10,11
"ENSMUSG00000082436",10,15,20,6,7,8
"ENSMUSG00000082454",266,349,167,200,205,261
"ENSMUSG00000082465",26,20,32,28,37,40
"ENSMUSG00000082475",12,15,16,8,9,11
"ENSMUSG00000082481",12,13,16,11,9,9
"ENSMUSG00000082491",27,53,4,3,4,14
"ENSMUSG00000082508",15,7,7,12,10,12
"ENSMUSG00000082513",13,12,24,20,26,11
"ENSMUSG00000082515",5,6,16,15,7,11
"ENSMUSG00000082529",12,11,4,6,16,14
"ENSMUSG00000082536",577,589,761,685,680,756
"ENSMUSG00000082560",16,7,3,18,11,25
"ENSMUSG00000082561",14,21,6,7,4,11
"ENSMUSG00000082570",16,22,6,8,8,18
"ENSMUSG00000082575",34,43,36,35,67,57
"ENSMUSG00000082585",7,12,26,24,18,22
"ENSMUSG00000082609",52,67,90,56,41,51
"ENSMUSG00000082645",18,17,6,19,11,12
"ENSMUSG00000082674",59,67,46,47,48,60
"ENSMUSG00000082675",7,11,12,12,7,15
"ENSMUSG00000082677",12,7,20,27,26,14
"ENSMUSG00000082686",34,20,35,38,21,22
"ENSMUSG00000082691",21,18,11,14,11,14
"ENSMUSG00000082706",52,58,118,73,81,57
"ENSMUSG00000082741",3,3,10,10,6,11
"ENSMUSG00000082762",5,12,13,11,9,9
"ENSMUSG00000082766",9,18,10,19,5,16
"ENSMUSG00000082791",148,129,153,163,156,127
"ENSMUSG00000082806",36,35,34,23,38,27
"ENSMUSG00000082816",4,11,29,22,19,12
"ENSMUSG00000082820",25,17,9,11,17,18
"ENSMUSG00000082848",162,206,116,142,91,184
"ENSMUSG00000082860",15,15,19,15,15,11
"ENSMUSG00000082876",12,9,7,10,13,14
"ENSMUSG00000082884",20,21,20,16,15,28
"ENSMUSG00000082895",71,80,65,53,58,72
"ENSMUSG00000082896",19,34,33,31,20,24
"ENSMUSG00000082901",160,152,153,133,159,169
"ENSMUSG00000082908",300,286,268,279,231,245
"ENSMUSG00000082922",4,3,13,14,11,5
"ENSMUSG00000082925",37,40,41,40,33,34
"ENSMUSG00000082926",10,22,16,12,15,21
"ENSMUSG00000082928",19,13,3,6,9,19
"ENSMUSG00000082935",142,182,27,110,132,118
"ENSMUSG00000082936",19,25,13,12,14,19
"ENSMUSG00000082988",23,17,14,16,10,15
"ENSMUSG00000082990",32,20,17,24,32,5
"ENSMUSG00000083011",7,13,6,11,14,14
"ENSMUSG00000083012",413,478,545,509,466,403
"ENSMUSG00000083013",3,20,13,14,14,3
"ENSMUSG00000083014",10,7,17,6,18,11
"ENSMUSG00000083019",2,7,99,79,127,137
"ENSMUSG00000083022",32,31,59,40,29,35
"ENSMUSG00000083027",30,40,37,34,33,43
"ENSMUSG00000083043",10,9,9,14,11,8
"ENSMUSG00000083061",46,41,43,51,57,38
"ENSMUSG00000083064",47,63,32,34,43,40
"ENSMUSG00000083087",16,12,28,26,19,25
"ENSMUSG00000083097",14,18,29,12,23,22
"ENSMUSG00000083116",42,32,34,46,34,57
"ENSMUSG00000083179",12,11,11,8,9,2
"ENSMUSG00000083193",12,9,14,8,10,12
"ENSMUSG00000083208",14,12,4,8,8,12
"ENSMUSG00000083218",23,15,24,10,23,9
"ENSMUSG00000083226",9,8,4,11,10,11
"ENSMUSG00000083246",16,15,10,12,10,12
"ENSMUSG00000083261",12,32,22,26,42,59
"ENSMUSG00000083277",27,7,24,14,19,22
"ENSMUSG00000083282",869,668,453,672,843,841
"ENSMUSG00000083283",27,45,40,30,27,34
"ENSMUSG00000083306",26,16,18,18,28,8
"ENSMUSG00000083325",13,13,14,16,15,12
"ENSMUSG00000083327",1493,1718,2337,2134,1772,1628
"ENSMUSG00000083328",23,34,55,34,46,46
"ENSMUSG00000083337",25,35,29,36,26,40
"ENSMUSG00000083339",18,13,17,19,14,14
"ENSMUSG00000083344",15,15,16,7,9,8
"ENSMUSG00000083364",16,8,5,11,13,12
"ENSMUSG00000083367",34,27,39,40,48,38
"ENSMUSG00000083382",29,30,31,50,58,66
"ENSMUSG00000083394",13,6,13,14,16,12
"ENSMUSG00000083396",45,71,84,77,86,117
"ENSMUSG00000083405",1339,1245,1107,1089,1046,1080
"ENSMUSG00000083424",13,13,24,8,20,22
"ENSMUSG00000083435",10,12,22,27,28,11
"ENSMUSG00000083465",25,16,13,39,33,34
"ENSMUSG00000083474",21,11,7,7,20,8
"ENSMUSG00000083483",24,26,26,23,14,24
"ENSMUSG00000083496",29,23,35,18,20,28
"ENSMUSG00000083500",36,21,24,34,40,31
"ENSMUSG00000083538",20,20,17,14,21,24
"ENSMUSG00000083554",20,21,33,31,25,24
"ENSMUSG00000083555",29,26,6,14,19,25
"ENSMUSG00000083563",57,76,96,97,100,92
"ENSMUSG00000083596",13,8,22,16,18,31
"ENSMUSG00000083606",9,12,14,16,15,14
"ENSMUSG00000083610",13,9,11,20,15,16
"ENSMUSG00000083618",51,41,120,83,79,51
"ENSMUSG00000083619",153,147,151,133,158,169
"ENSMUSG00000083621",183,229,221,183,199,223
"ENSMUSG00000083623",9,12,13,22,10,14
"ENSMUSG00000083626",15,11,12,16,8,15
"ENSMUSG00000083650",38,44,24,34,38,24
"ENSMUSG00000083669",25,27,103,93,19,21
"ENSMUSG00000083672",74,60,39,50,46,50
"ENSMUSG00000083700",19,8,10,19,22,15
"ENSMUSG00000083705",14,13,6,14,19,11
"ENSMUSG00000083716",32,55,61,44,49,47
"ENSMUSG00000083718",36,18,17,16,26,11
"ENSMUSG00000083728",14,15,14,16,18,9
"ENSMUSG00000083734",13,6,12,11,6,9
"ENSMUSG00000083736",10,11,9,8,11,5
"ENSMUSG00000083757",14,18,17,11,9,25
"ENSMUSG00000083773",559,618,942,8,5,3
"ENSMUSG00000083798",106,108,73,80,68,69
"ENSMUSG00000083816",21,20,16,8,7,11
"ENSMUSG00000083827",29,20,9,11,17,18
"ENSMUSG00000083833",26,31,39,40,21,34
"ENSMUSG00000083844",208,179,182,166,188,130
"ENSMUSG00000083849",18,18,16,12,10,19
"ENSMUSG00000083853",16,12,6,12,11,9
"ENSMUSG00000083863",31,39,41,38,32,54
"ENSMUSG00000083875",21,13,13,22,16,14
"ENSMUSG00000083892",24,21,35,14,21,24
"ENSMUSG00000083899",89,137,106,100,88,96
"ENSMUSG00000083902",56,48,73,12,54,28
"ENSMUSG00000083907",27,29,25,26,29,22
"ENSMUSG00000083914",12,11,5,4,6,14
"ENSMUSG00000083953",13,2,14,22,18,12
"ENSMUSG00000083992",141,164,184,149,172,220
"ENSMUSG00000084013",5,6,10,10,8,11
"ENSMUSG00000084085",35,20,16,31,21,16
"ENSMUSG00000084088",14,15,5,4,7,11
"ENSMUSG00000084098",10,16,4,12,9,11
"ENSMUSG00000084104",12,11,10,10,5,12
"ENSMUSG00000084106",158,164,234,190,192,211
"ENSMUSG00000084111",60,48,56,31,60,46
"ENSMUSG00000084128",857,843,1219,1122,846,762
"ENSMUSG00000084131",27,20,29,28,18,24
"ENSMUSG00000084139",14,11,10,10,10,8
"ENSMUSG00000084145",42,58,25,34,36,24
"ENSMUSG00000084149",15,15,6,6,3,14
"ENSMUSG00000084154",9,8,16,12,30,8
"ENSMUSG00000084159",240,299,350,341,292,243
"ENSMUSG00000084166",63,52,43,50,69,60
"ENSMUSG00000084168",12,11,13,18,16,8
"ENSMUSG00000084184",20,15,3,10,10,6
"ENSMUSG00000084218",16,13,6,11,15,8
"ENSMUSG00000084231",21,12,7,18,9,12
"ENSMUSG00000084235",103,118,100,124,104,85
"ENSMUSG00000084252",12,11,5,10,4,12
"ENSMUSG00000084257",9,4,14,16,5,28
"ENSMUSG00000084260",12,12,18,12,19,11
"ENSMUSG00000084261",18,20,5,14,8,15
"ENSMUSG00000084265",58,50,49,50,72,59
"ENSMUSG00000084274",62,67,19,30,31,44
"ENSMUSG00000084277",15,9,13,11,2,5
"ENSMUSG00000084280",10,4,10,7,5,12
"ENSMUSG00000084284",15,26,19,22,13,25
"ENSMUSG00000084292",13,8,11,16,15,16
"ENSMUSG00000084304",8,6,18,15,16,11
"ENSMUSG00000084314",15,20,29,31,14,24
"ENSMUSG00000084319",1095,1181,1166,1141,1084,1240
"ENSMUSG00000084325",25,26,13,8,17,15
"ENSMUSG00000084329",31,50,39,52,53,38
"ENSMUSG00000084345",4,11,13,7,17,11
"ENSMUSG00000084347",4,12,17,19,19,18
"ENSMUSG00000084349",1218,1190,1362,1109,1168,1191
"ENSMUSG00000084350",5,15,80,141,124,62
"ENSMUSG00000084362",34,40,20,6,26,38
"ENSMUSG00000084407",19,26,18,23,20,12
"ENSMUSG00000084408",20,20,26,28,30,34
"ENSMUSG00000084411",10,9,5,7,10,11
"ENSMUSG00000084416",332,335,572,353,391,437
"ENSMUSG00000084433",35,18,17,36,22,30
"ENSMUSG00000084477",21,15,13,18,15,5
"ENSMUSG00000084497",91,101,70,105,87,117
"ENSMUSG00000084504",26,34,26,24,19,30
"ENSMUSG00000084514",150,114,96,104,97,112
"ENSMUSG00000084516",344,387,261,295,433,468
"ENSMUSG00000084519",31,23,33,47,29,31
"ENSMUSG00000084544",18,9,13,7,18,11
"ENSMUSG00000084565",30,4,20,19,17,21
"ENSMUSG00000084590",106,99,73,71,95,76
"ENSMUSG00000084592",21,11,11,18,23,21
"ENSMUSG00000084595",13,7,4,6,13,12
"ENSMUSG00000084616",24,43,18,32,19,19
"ENSMUSG00000084624",20,13,21,14,7,14
"ENSMUSG00000084658",60,43,57,60,62,38
"ENSMUSG00000084667",89,82,118,114,72,108
"ENSMUSG00000084708",221,198,194,253,225,272
"ENSMUSG00000084728",14,18,59,38,22,22
"ENSMUSG00000084744",40,38,20,40,32,41
"ENSMUSG00000084751",155,120,59,87,62,95
"ENSMUSG00000084769",67,59,57,52,68,63
"ENSMUSG00000084771",90,68,58,40,46,34
"ENSMUSG00000084780",551,552,1040,1040,984,737
"ENSMUSG00000084781",207,150,72,100,143,128
"ENSMUSG00000084783",200,141,93,120,218,198
"ENSMUSG00000084786",776,738,768,827,751,673
"ENSMUSG00000084790",34,29,7,11,20,19
"ENSMUSG00000084792",60,44,26,31,33,41
"ENSMUSG00000084793",103,91,85,148,109,125
"ENSMUSG00000084799",400,340,499,461,394,358
"ENSMUSG00000084800",14,13,6,4,19,19
"ENSMUSG00000084804",8,6,2,16,14,11
"ENSMUSG00000084808",155,163,131,112,147,107
"ENSMUSG00000084817",79,83,74,93,84,99
"ENSMUSG00000084821",34,16,13,19,14,24
"ENSMUSG00000084822",15,17,7,7,10,8
"ENSMUSG00000084834",84,87,93,133,92,66
"ENSMUSG00000084835",146,160,129,105,133,107
"ENSMUSG00000084837",9,13,5,14,13,18
"ENSMUSG00000084838",10,20,27,10,31,9
"ENSMUSG00000084844",182,89,87,99,120,98
"ENSMUSG00000084845",24,7,5,7,14,21
"ENSMUSG00000084846",389,326,302,239,307,277
"ENSMUSG00000084862",262,247,373,383,319,253
"ENSMUSG00000084863",74,48,34,56,65,59
"ENSMUSG00000084864",41,31,42,36,33,25
"ENSMUSG00000084869",23,50,13,30,19,18
"ENSMUSG00000084878",62,62,174,136,81,53
"ENSMUSG00000084880",294,283,390,361,293,248
"ENSMUSG00000084881",26,15,27,24,15,14
"ENSMUSG00000084883",289,188,221,267,214,169
"ENSMUSG00000084885",16,17,5,3,17,8
"ENSMUSG00000084892",160,157,220,170,159,101
"ENSMUSG00000084894",38,26,14,28,36,44
"ENSMUSG00000084896",217,198,158,129,208,242
"ENSMUSG00000084899",1630,2126,1515,1786,1120,1239
"ENSMUSG00000084910",84,96,121,159,129,124
"ENSMUSG00000084911",342,355,182,349,334,240
"ENSMUSG00000084917",411,442,495,465,485,500
"ENSMUSG00000084920",25,20,22,30,39,40
"ENSMUSG00000084925",279,217,168,203,159,220
"ENSMUSG00000084930",34,50,28,24,38,32
"ENSMUSG00000084934",30,23,20,24,42,40
"ENSMUSG00000084936",583,739,955,785,759,724
"ENSMUSG00000084941",426,327,183,130,286,201
"ENSMUSG00000084946",18,17,21,32,15,18
"ENSMUSG00000084947",158,122,51,105,139,147
"ENSMUSG00000084948",179,178,39,89,76,108
"ENSMUSG00000084950",764,894,953,867,871,781
"ENSMUSG00000084957",597,600,735,812,906,864
"ENSMUSG00000084960",622,582,233,350,371,268
"ENSMUSG00000084962",41,31,33,60,39,60
"ENSMUSG00000084964",16,11,25,27,23,32
"ENSMUSG00000084968",100,105,66,38,28,51
"ENSMUSG00000084970",279,274,461,378,255,239
"ENSMUSG00000084974",97,94,140,157,111,96
"ENSMUSG00000084978",13,12,11,20,14,3
"ENSMUSG00000084984",309,300,446,496,306,317
"ENSMUSG00000084997",54,49,51,55,56,44
"ENSMUSG00000084998",216,194,251,328,242,176
"ENSMUSG00000085006",544,622,70,121,216,187
"ENSMUSG00000085009",140,106,109,133,104,110
"ENSMUSG00000085010",36,25,49,50,29,44
"ENSMUSG00000085012",62,68,70,43,72,59
"ENSMUSG00000085022",36,32,147,140,137,141
"ENSMUSG00000085023",87,169,248,173,48,44
"ENSMUSG00000085028",43,50,44,65,66,48
"ENSMUSG00000085030",51,35,18,11,33,28
"ENSMUSG00000085033",115,82,103,110,122,105
"ENSMUSG00000085037",226,229,138,190,184,243
"ENSMUSG00000085039",124,114,164,97,86,94
"ENSMUSG00000085042",12,20,13,10,15,8
"ENSMUSG00000085048",97,101,95,84,95,92
"ENSMUSG00000085049",18,21,4,7,6,12
"ENSMUSG00000085054",78,76,46,73,69,76
"ENSMUSG00000085055",240,306,34,96,122,162
"ENSMUSG00000085071",14,11,3,6,10,25
"ENSMUSG00000085072",38,32,56,47,36,34
"ENSMUSG00000085081",62,64,59,51,58,43
"ENSMUSG00000085083",106,87,56,89,130,121
"ENSMUSG00000085088",97,77,57,109,102,53
"ENSMUSG00000085091",218,191,219,231,255,291
"ENSMUSG00000085093",21,20,6,26,19,21
"ENSMUSG00000085099",48,25,22,31,22,41
"ENSMUSG00000085101",7,49,12,19,0,6
"ENSMUSG00000085105",515,485,347,404,453,391
"ENSMUSG00000085106",168,156,184,243,238,293
"ENSMUSG00000085110",13,6,10,14,14,6
"ENSMUSG00000085111",267,220,294,247,253,256
"ENSMUSG00000085112",35,26,19,20,29,14
"ENSMUSG00000085118",327,279,195,193,236,211
"ENSMUSG00000085132",98,105,66,51,111,89
"ENSMUSG00000085133",341,325,214,310,266,223
"ENSMUSG00000085148",448,560,528,716,574,1063
"ENSMUSG00000085154",26,25,22,28,33,19
"ENSMUSG00000085156",135,99,122,88,98,95
"ENSMUSG00000085161",9,8,19,11,26,8
"ENSMUSG00000085166",131,191,211,145,127,146
"ENSMUSG00000085167",14,11,5,15,18,25
"ENSMUSG00000085169",185,161,137,155,173,139
"ENSMUSG00000085172",59,39,73,65,45,60
"ENSMUSG00000085174",96,104,59,61,54,59
"ENSMUSG00000085175",41,36,32,34,27,14
"ENSMUSG00000085178",682,863,509,593,569,963
"ENSMUSG00000085180",27,21,9,10,13,3
"ENSMUSG00000085184",86,77,94,91,60,50
"ENSMUSG00000085185",23,23,18,36,29,28
"ENSMUSG00000085192",7,9,11,15,13,3
"ENSMUSG00000085196",20,22,4,8,18,15
"ENSMUSG00000085201",57,34,40,35,52,38
"ENSMUSG00000085204",8,8,32,26,13,14
"ENSMUSG00000085205",56,99,55,96,88,99
"ENSMUSG00000085206",13,6,2,10,10,11
"ENSMUSG00000085207",15,30,6,19,10,16
"ENSMUSG00000085208",2031,2039,2080,1930,2187,2189
"ENSMUSG00000085211",213,209,185,166,215,171
"ENSMUSG00000085213",25,22,21,15,18,9
"ENSMUSG00000085227",86,83,263,228,218,153
"ENSMUSG00000085234",35,17,19,15,19,32
"ENSMUSG00000085235",89,59,44,51,65,59
"ENSMUSG00000085236",69,69,43,35,53,54
"ENSMUSG00000085237",15,13,50,57,54,43
"ENSMUSG00000085239",34,29,31,44,51,50
"ENSMUSG00000085241",271,284,455,430,362,348
"ENSMUSG00000085242",30,34,35,28,29,28
"ENSMUSG00000085245",13,7,4,6,19,15
"ENSMUSG00000085246",106,87,53,83,64,89
"ENSMUSG00000085247",151,27,12,19,92,54
"ENSMUSG00000085250",20,21,9,19,11,9
"ENSMUSG00000085255",34,23,42,52,41,18
"ENSMUSG00000085262",144,155,176,161,145,140
"ENSMUSG00000085269",42,40,32,42,21,21
"ENSMUSG00000085278",158,166,167,211,209,150
"ENSMUSG00000085279",20,13,14,16,8,11
"ENSMUSG00000085282",79,76,37,31,44,79
"ENSMUSG00000085286",130,135,108,140,113,115
"ENSMUSG00000085287",62,69,62,81,48,73
"ENSMUSG00000085289",90,71,34,34,36,27
"ENSMUSG00000085297",372,258,93,97,48,80
"ENSMUSG00000085303",10,12,14,10,8,6
"ENSMUSG00000085304",60,58,27,43,58,43
"ENSMUSG00000085310",133,97,123,100,109,83
"ENSMUSG00000085314",4,13,465,325,300,211
"ENSMUSG00000085315",65,80,31,31,63,69
"ENSMUSG00000085317",38,29,51,53,31,51
"ENSMUSG00000085326",29,17,31,28,29,28
"ENSMUSG00000085327",415,415,444,397,492,373
"ENSMUSG00000085334",980,875,712,848,734,886
"ENSMUSG00000085335",172,175,263,553,282,399
"ENSMUSG00000085337",191,221,414,277,179,155
"ENSMUSG00000085342",40,43,36,28,34,41
"ENSMUSG00000085347",23,25,26,24,13,19
"ENSMUSG00000085354",25,13,4,15,11,11
"ENSMUSG00000085355",156,178,152,148,115,115
"ENSMUSG00000085360",93,83,138,104,88,78
"ENSMUSG00000085376",49,46,41,60,77,40
"ENSMUSG00000085377",74,86,32,46,30,40
"ENSMUSG00000085379",26,35,49,44,28,32
"ENSMUSG00000085385",290,295,417,326,235,236
"ENSMUSG00000085395",12,20,5,6,17,9
"ENSMUSG00000085396",2190,1764,1098,1631,1385,1213
"ENSMUSG00000085403",25,36,40,20,16,32
"ENSMUSG00000085408",478,507,407,427,492,473
"ENSMUSG00000085411",18,16,4,2,9,12
"ENSMUSG00000085414",30,16,21,30,43,34
"ENSMUSG00000085417",21,15,16,14,21,15
"ENSMUSG00000085418",2,4,13,18,10,5
"ENSMUSG00000085425",615,736,1028,1022,825,694
"ENSMUSG00000085433",56,55,49,69,32,38
"ENSMUSG00000085436",64,45,39,51,51,43
"ENSMUSG00000085437",134,105,93,106,107,102
"ENSMUSG00000085438",2832,2391,3006,2933,3184,2541
"ENSMUSG00000085440",292,233,80,145,104,108
"ENSMUSG00000085442",12,15,22,20,16,18
"ENSMUSG00000085448",27,22,22,16,15,21
"ENSMUSG00000085457",191,138,179,162,113,133
"ENSMUSG00000085465",430,357,831,876,727,644
"ENSMUSG00000085467",30,38,19,30,18,30
"ENSMUSG00000085471",35,20,34,35,26,15
"ENSMUSG00000085472",0,6,182,228,220,463
"ENSMUSG00000085483",15,23,24,20,23,18
"ENSMUSG00000085485",2,8,32,30,13,15
"ENSMUSG00000085492",100,85,68,59,55,50
"ENSMUSG00000085495",80,108,166,138,135,152
"ENSMUSG00000085498",15,16,54,28,15,9
"ENSMUSG00000085499",40,21,19,26,32,38
"ENSMUSG00000085501",21,7,18,15,21,18
"ENSMUSG00000085505",314,443,1130,955,725,669
"ENSMUSG00000085514",26,12,5,12,18,25
"ENSMUSG00000085516",416,284,321,353,411,405
"ENSMUSG00000085517",31,16,10,16,20,22
"ENSMUSG00000085519",52,52,44,59,30,31
"ENSMUSG00000085521",32,38,20,11,20,12
"ENSMUSG00000085523",80,64,91,92,88,73
"ENSMUSG00000085525",18,26,35,44,21,28
"ENSMUSG00000085526",48,17,21,46,25,15
"ENSMUSG00000085539",37,41,12,16,18,27
"ENSMUSG00000085540",35,25,24,46,40,54
"ENSMUSG00000085541",2,7,7,10,31,15
"ENSMUSG00000085543",195,244,397,332,403,261
"ENSMUSG00000085546",45,41,6,24,28,28
"ENSMUSG00000085550",370,340,377,284,624,807
"ENSMUSG00000085558",115,48,37,48,57,40
"ENSMUSG00000085560",81,91,411,306,238,221
"ENSMUSG00000085563",193,159,320,301,205,195
"ENSMUSG00000085566",315,387,1017,1010,430,418
"ENSMUSG00000085572",136,163,181,203,165,141
"ENSMUSG00000085573",23,11,9,14,17,34
"ENSMUSG00000085581",59,43,55,55,56,54
"ENSMUSG00000085586",201,237,124,93,141,146
"ENSMUSG00000085587",337,251,190,235,302,230
"ENSMUSG00000085589",51,54,21,42,34,40
"ENSMUSG00000085595",304,293,345,359,308,271
"ENSMUSG00000085601",26,12,12,7,15,14
"ENSMUSG00000085606",10,12,36,24,13,6
"ENSMUSG00000085609",173,203,151,178,171,159
"ENSMUSG00000085612",68,94,158,137,106,91
"ENSMUSG00000085614",38,26,19,11,15,14
"ENSMUSG00000085615",93,60,42,47,56,53
"ENSMUSG00000085622",148,146,98,136,120,110
"ENSMUSG00000085624",161,117,24,30,69,44
"ENSMUSG00000085626",36,18,34,40,29,25
"ENSMUSG00000085627",15,4,41,22,37,16
"ENSMUSG00000085628",163,104,95,83,87,99
"ENSMUSG00000085631",60,106,20,23,76,66
"ENSMUSG00000085636",185,169,138,141,129,125
"ENSMUSG00000085642",12,36,12,11,5,5
"ENSMUSG00000085645",18,16,9,12,15,11
"ENSMUSG00000085654",91,96,59,55,61,48
"ENSMUSG00000085655",108,126,191,181,166,140
"ENSMUSG00000085663",37,20,16,23,15,28
"ENSMUSG00000085664",70,57,47,34,40,51
"ENSMUSG00000085665",29,18,26,30,21,25
"ENSMUSG00000085666",126,141,302,208,154,182
"ENSMUSG00000085667",1158,969,1123,1091,1170,1077
"ENSMUSG00000085669",35,25,37,23,28,22
"ENSMUSG00000085683",644,622,479,558,737,521
"ENSMUSG00000085687",177,154,131,177,187,107
"ENSMUSG00000085695",86,54,59,83,61,51
"ENSMUSG00000085696",128,118,101,104,115,102
"ENSMUSG00000085702",287,217,158,144,278,213
"ENSMUSG00000085704",70,45,35,38,51,63
"ENSMUSG00000085708",103,66,5,6,21,15
"ENSMUSG00000085711",18,22,22,19,22,9
"ENSMUSG00000085714",319,349,348,287,306,298
"ENSMUSG00000085715",70,78,32,55,40,47
"ENSMUSG00000085716",8,2,13,14,13,5
"ENSMUSG00000085720",48,48,37,51,52,63
"ENSMUSG00000085731",299,320,214,252,271,349
"ENSMUSG00000085733",63,58,69,47,43,34
"ENSMUSG00000085738",13,13,11,8,14,5
"ENSMUSG00000085741",1099,1270,594,725,804,1015
"ENSMUSG00000085743",36,16,19,28,23,31
"ENSMUSG00000085748",14,12,5,3,7,14
"ENSMUSG00000085754",1330,1166,1046,1071,1277,1281
"ENSMUSG00000085761",20,15,17,14,20,8
"ENSMUSG00000085762",53,36,21,28,23,28
"ENSMUSG00000085765",141,128,101,101,124,120
"ENSMUSG00000085766",32,29,13,16,7,18
"ENSMUSG00000085767",562,496,620,647,683,534
"ENSMUSG00000085776",19,21,9,12,16,15
"ENSMUSG00000085779",53,29,7,7,14,22
"ENSMUSG00000085782",12,7,10,14,6,15
"ENSMUSG00000085783",14,17,26,22,30,24
"ENSMUSG00000085786",12,4,80,24,17,6
"ENSMUSG00000085787",71,71,106,80,73,59
"ENSMUSG00000085788",561,489,401,443,492,442
"ENSMUSG00000085792",10,4,34,20,20,19
"ENSMUSG00000085793",299,353,195,197,296,304
"ENSMUSG00000085795",1495,1390,1553,1619,2043,2138
"ENSMUSG00000085802",238,209,190,231,167,146
"ENSMUSG00000085818",21,17,5,10,10,16
"ENSMUSG00000085819",602,671,569,565,581,490
"ENSMUSG00000085828",37,48,18,18,10,18
"ENSMUSG00000085829",86,76,47,50,52,54
"ENSMUSG00000085831",27,18,36,27,9,16
"ENSMUSG00000085842",18,15,9,10,14,11
"ENSMUSG00000085843",48,31,9,14,29,35
"ENSMUSG00000085851",125,90,51,79,73,101
"ENSMUSG00000085852",38,49,11,10,17,27
"ENSMUSG00000085857",25,26,28,24,26,30
"ENSMUSG00000085867",10,11,25,27,26,25
"ENSMUSG00000085873",90,105,29,31,23,31
"ENSMUSG00000085875",18,21,37,26,30,22
"ENSMUSG00000085881",24,16,10,14,16,16
"ENSMUSG00000085882",31,15,3,7,7,12
"ENSMUSG00000085883",12,12,17,7,17,15
"ENSMUSG00000085884",300,297,240,230,299,330
"ENSMUSG00000085885",345,196,196,222,182,168
"ENSMUSG00000085887",15,6,19,26,14,6
"ENSMUSG00000085890",125,104,28,39,34,31
"ENSMUSG00000085891",29,26,4,16,14,14
"ENSMUSG00000085894",1282,1291,677,664,725,846
"ENSMUSG00000085897",7,13,13,12,11,14
"ENSMUSG00000085912",60,30,17,10,5,32
"ENSMUSG00000085913",194,202,113,142,192,198
"ENSMUSG00000085918",528,446,1486,1392,1334,1189
"ENSMUSG00000085923",38,21,12,19,25,19
"ENSMUSG00000085932",7,7,12,18,10,18
"ENSMUSG00000085936",216,196,218,208,148,205
"ENSMUSG00000085939",25,25,43,34,31,30
"ENSMUSG00000085944",29,18,79,63,9,21
"ENSMUSG00000085945",84,58,24,53,41,66
"ENSMUSG00000085955",141,133,204,148,118,137
"ENSMUSG00000085956",49,49,14,23,22,38
"ENSMUSG00000085957",35,62,11,7,8,22
"ENSMUSG00000085958",19,9,11,16,13,12
"ENSMUSG00000085962",276,272,247,232,300,240
"ENSMUSG00000085971",45,26,73,91,63,43
"ENSMUSG00000085972",12,16,11,15,18,15
"ENSMUSG00000085975",34,16,18,19,26,18
"ENSMUSG00000085984",71,39,61,80,75,67
"ENSMUSG00000085990",868,323,322,354,333,341
"ENSMUSG00000085995",9,12,86,55,32,30
"ENSMUSG00000085996",36,66,3,11,25,31
"ENSMUSG00000086013",9,6,10,11,13,6
"ENSMUSG00000086015",20,7,11,10,8,5
"ENSMUSG00000086016",177,150,217,191,179,175
"ENSMUSG00000086018",42,30,31,28,20,27
"ENSMUSG00000086027",15,13,14,34,22,21
"ENSMUSG00000086032",661,599,1007,967,641,633
"ENSMUSG00000086039",14,12,10,16,11,11
"ENSMUSG00000086040",1335,1387,78,208,410,362
"ENSMUSG00000086043",98,67,27,57,85,78
"ENSMUSG00000086049",12,9,19,7,18,6
"ENSMUSG00000086050",21,9,34,28,21,5
"ENSMUSG00000086052",32,62,51,91,66,94
"ENSMUSG00000086067",23,13,10,6,15,5
"ENSMUSG00000086075",49,36,19,28,25,85
"ENSMUSG00000086083",45,44,139,83,48,34
"ENSMUSG00000086090",129,122,88,108,114,141
"ENSMUSG00000086107",75,49,90,84,77,63
"ENSMUSG00000086109",12,6,6,2,16,12
"ENSMUSG00000086119",158,119,26,60,84,83
"ENSMUSG00000086121",14,6,21,31,11,18
"ENSMUSG00000086123",12,2,7,11,7,14
"ENSMUSG00000086134",93,90,44,56,79,73
"ENSMUSG00000086149",128,82,86,128,103,66
"ENSMUSG00000086150",180,142,21,28,79,105
"ENSMUSG00000086158",125,112,79,106,116,79
"ENSMUSG00000086163",5,4,11,12,5,16
"ENSMUSG00000086181",173,112,121,183,202,127
"ENSMUSG00000086184",10,21,11,19,14,11
"ENSMUSG00000086189",29,25,14,18,3,9
"ENSMUSG00000086192",160,138,191,173,193,134
"ENSMUSG00000086193",370,286,580,465,378,284
"ENSMUSG00000086196",112,72,196,141,115,83
"ENSMUSG00000086199",54,52,36,31,61,56
"ENSMUSG00000086212",43,53,34,26,36,32
"ENSMUSG00000086216",1023,1069,1017,943,941,941
"ENSMUSG00000086220",122,106,108,95,100,98
"ENSMUSG00000086228",20,11,5,11,10,21
"ENSMUSG00000086231",9,26,5,16,11,34
"ENSMUSG00000086234",458,480,337,349,596,554
"ENSMUSG00000086237",52,45,57,52,45,32
"ENSMUSG00000086240",5,11,12,10,16,3
"ENSMUSG00000086241",53,91,90,59,38,43
"ENSMUSG00000086245",147,146,83,133,139,118
"ENSMUSG00000086247",196,179,167,195,156,149
"ENSMUSG00000086255",41,26,19,57,32,34
"ENSMUSG00000086259",36,78,172,157,123,163
"ENSMUSG00000086260",51,46,39,75,49,57
"ENSMUSG00000086268",375,257,114,114,269,233
"ENSMUSG00000086288",558,501,433,412,497,479
"ENSMUSG00000086289",222,225,251,272,224,201
"ENSMUSG00000086290",382,289,433,355,267,290
"ENSMUSG00000086296",25,23,18,19,20,11
"ENSMUSG00000086297",14,8,11,20,15,15
"ENSMUSG00000086312",70,80,26,34,54,40
"ENSMUSG00000086316",345,311,318,354,311,330
"ENSMUSG00000086320",20,12,33,28,14,46
"ENSMUSG00000086322",221,219,235,182,149,140
"ENSMUSG00000086324",580,662,624,644,604,730
"ENSMUSG00000086327",58,27,26,20,7,5
"ENSMUSG00000086328",18,6,20,10,15,11
"ENSMUSG00000086329",114,94,127,141,143,114
"ENSMUSG00000086330",731,791,577,624,632,742
"ENSMUSG00000086331",112,136,27,69,80,133
"ENSMUSG00000086337",45,21,3,3,10,14
"ENSMUSG00000086341",201,168,122,158,133,144
"ENSMUSG00000086347",122,106,316,222,107,114
"ENSMUSG00000086350",131,75,36,46,51,114
"ENSMUSG00000086358",21,18,7,11,4,9
"ENSMUSG00000086359",13,12,24,16,14,16
"ENSMUSG00000086360",511,479,302,337,327,342
"ENSMUSG00000086368",18,15,9,10,5,9
"ENSMUSG00000086370",175,166,173,177,116,80
"ENSMUSG00000086372",18,13,6,10,15,19
"ENSMUSG00000086375",8,11,4,8,13,14
"ENSMUSG00000086381",240,69,409,749,164,117
"ENSMUSG00000086382",21,17,19,19,15,14
"ENSMUSG00000086385",12,4,7,6,16,14
"ENSMUSG00000086387",9,11,11,8,20,14
"ENSMUSG00000086389",18,16,78,60,71,46
"ENSMUSG00000086390",233,193,184,204,218,184
"ENSMUSG00000086392",47,60,59,52,77,78
"ENSMUSG00000086395",34,27,11,8,10,18
"ENSMUSG00000086399",65,80,222,284,116,139
"ENSMUSG00000086401",85,76,144,114,74,86
"ENSMUSG00000086407",190,182,184,162,147,178
"ENSMUSG00000086414",18,16,12,8,21,35
"ENSMUSG00000086418",164,142,127,99,81,95
"ENSMUSG00000086421",12,11,98,73,51,19
"ENSMUSG00000086427",785,646,488,464,601,516
"ENSMUSG00000086429",365,409,221,114,125,117
"ENSMUSG00000086430",41,45,41,47,39,30
"ENSMUSG00000086434",113,120,153,187,164,131
"ENSMUSG00000086444",13,18,2,3,6,12
"ENSMUSG00000086446",38,18,7,16,17,18
"ENSMUSG00000086448",704,646,444,586,545,608
"ENSMUSG00000086453",161,145,121,150,139,136
"ENSMUSG00000086459",26,31,34,52,44,35
"ENSMUSG00000086464",20,12,17,14,22,16
"ENSMUSG00000086472",432,290,560,551,569,367
"ENSMUSG00000086477",47,26,27,22,25,22
"ENSMUSG00000086484",31,15,25,16,25,38
"ENSMUSG00000086486",36,39,33,35,37,15
"ENSMUSG00000086502",80,63,72,71,58,50
"ENSMUSG00000086503",128,109,59,73,56,62
"ENSMUSG00000086506",34,15,34,34,20,9
"ENSMUSG00000086514",71,49,51,35,84,50
"ENSMUSG00000086522",19,20,10,12,19,14
"ENSMUSG00000086526",19,30,10,8,7,8
"ENSMUSG00000086529",30,32,21,19,23,32
"ENSMUSG00000086533",35,25,25,52,37,34
"ENSMUSG00000086536",880,979,685,830,815,857
"ENSMUSG00000086537",3,7,36,12,72,24
"ENSMUSG00000086539",78,96,71,50,75,63
"ENSMUSG00000086544",21,27,5,23,11,8
"ENSMUSG00000086546",31,60,40,53,25,43
"ENSMUSG00000086549",84,67,59,96,40,46
"ENSMUSG00000086554",14,15,11,11,6,3
"ENSMUSG00000086556",23,22,33,32,29,27
"ENSMUSG00000086560",23,17,4,15,9,14
"ENSMUSG00000086561",32,36,20,14,17,11
"ENSMUSG00000086567",125,142,14,16,38,40
"ENSMUSG00000086578",9,3,35,40,13,6
"ENSMUSG00000086582",227,196,310,272,199,163
"ENSMUSG00000086583",652,724,936,786,862,963
"ENSMUSG00000086584",23,20,25,36,32,18
"ENSMUSG00000086586",206,235,241,234,212,213
"ENSMUSG00000086589",29,38,9,14,17,24
"ENSMUSG00000086593",18,6,10,11,18,12
"ENSMUSG00000086594",59,45,47,50,52,51
"ENSMUSG00000086600",124,87,147,170,120,125
"ENSMUSG00000086601",63,64,19,18,53,30
"ENSMUSG00000086603",123,95,61,63,80,79
"ENSMUSG00000086604",23,20,11,14,16,16
"ENSMUSG00000086606",86,67,68,67,78,69
"ENSMUSG00000086608",7,4,24,15,6,28
"ENSMUSG00000086610",12,17,4,11,9,18
"ENSMUSG00000086612",27,17,29,24,23,22
"ENSMUSG00000086618",638,471,490,574,561,500
"ENSMUSG00000086629",92,92,98,76,81,91
"ENSMUSG00000086648",74,77,35,43,62,82
"ENSMUSG00000086656",18,22,79,92,40,56
"ENSMUSG00000086657",15,16,22,22,10,18
"ENSMUSG00000086680",89,64,100,80,97,72
"ENSMUSG00000086682",167,149,109,148,130,108
"ENSMUSG00000086683",125,86,85,140,136,146
"ENSMUSG00000086688",10,9,16,16,16,15
"ENSMUSG00000086689",32,18,22,14,31,9
"ENSMUSG00000086693",312,450,385,354,375,672
"ENSMUSG00000086695",131,151,95,110,87,110
"ENSMUSG00000086697",142,91,78,87,77,60
"ENSMUSG00000086700",74,44,39,42,42,51
"ENSMUSG00000086706",19,18,79,59,33,35
"ENSMUSG00000086714",913,964,1766,1494,1657,1278
"ENSMUSG00000086716",15,35,6,10,11,15
"ENSMUSG00000086717",425,574,322,435,610,531
"ENSMUSG00000086718",190,170,305,271,205,168
"ENSMUSG00000086725",191,187,150,158,119,141
"ENSMUSG00000086728",403,392,331,345,356,336
"ENSMUSG00000086740",330,306,403,336,320,288
"ENSMUSG00000086742",57,22,28,39,56,37
"ENSMUSG00000086753",115,159,168,163,108,111
"ENSMUSG00000086754",34,54,31,34,26,53
"ENSMUSG00000086761",45,25,10,10,36,21
"ENSMUSG00000086765",16,4,20,47,22,25
"ENSMUSG00000086767",15,17,14,14,10,14
"ENSMUSG00000086769",37,11,3,3,11,8
"ENSMUSG00000086773",69,41,20,27,16,19
"ENSMUSG00000086779",128,99,127,97,63,80
"ENSMUSG00000086782",46,53,12,7,17,16
"ENSMUSG00000086784",162,215,113,155,138,118
"ENSMUSG00000086786",21,21,24,19,16,22
"ENSMUSG00000086792",8,9,10,15,16,11
"ENSMUSG00000086794",23,16,10,12,18,19
"ENSMUSG00000086796",57,58,58,48,52,46
"ENSMUSG00000086801",363,127,113,132,219,203
"ENSMUSG00000086805",100,64,50,79,90,75
"ENSMUSG00000086814",18,25,16,11,16,11
"ENSMUSG00000086816",272,298,329,293,281,265
"ENSMUSG00000086820",9,8,11,10,10,6
"ENSMUSG00000086825",8,4,26,42,16,16
"ENSMUSG00000086826",70,40,71,87,69,54
"ENSMUSG00000086836",40,23,28,26,23,28
"ENSMUSG00000086837",40,31,7,10,27,12
"ENSMUSG00000086839",216,168,196,181,191,189
"ENSMUSG00000086841",469,500,491,381,327,435
"ENSMUSG00000086843",14,3,35,32,29,38
"ENSMUSG00000086844",2283,1538,823,1036,1659,1432
"ENSMUSG00000086847",221,172,331,291,304,256
"ENSMUSG00000086849",36,35,16,22,41,43
"ENSMUSG00000086855",24,9,7,2,15,11
"ENSMUSG00000086859",71,103,84,97,131,127
"ENSMUSG00000086868",189,146,4151,4790,6151,5461
"ENSMUSG00000086873",29,20,28,24,22,14
"ENSMUSG00000086877",79,73,50,80,63,80
"ENSMUSG00000086881",26,32,24,23,16,27
"ENSMUSG00000086890",147,118,102,72,81,82
"ENSMUSG00000086893",8,8,10,6,10,11
"ENSMUSG00000086894",49,41,57,57,48,62
"ENSMUSG00000086898",289,293,311,293,275,232
"ENSMUSG00000086914",68,63,53,65,72,50
"ENSMUSG00000086915",58,59,32,34,25,32
"ENSMUSG00000086916",20,16,18,19,14,6
"ENSMUSG00000086920",65,72,22,55,30,73
"ENSMUSG00000086922",65,85,123,38,83,70
"ENSMUSG00000086924",30,22,11,18,11,12
"ENSMUSG00000086929",30,35,69,53,41,21
"ENSMUSG00000086930",13,12,3,4,10,5
"ENSMUSG00000086935",104,76,76,80,68,63
"ENSMUSG00000086937",172,220,28,68,84,82
"ENSMUSG00000086938",45,40,51,56,81,38
"ENSMUSG00000086946",57,78,19,31,19,14
"ENSMUSG00000086949",58,34,65,71,46,40
"ENSMUSG00000086961",14,22,10,10,9,18
"ENSMUSG00000086962",82,59,71,48,114,56
"ENSMUSG00000086965",80,57,81,60,55,32
"ENSMUSG00000086968",281,283,246,301,334,335
"ENSMUSG00000086969",46,22,20,11,23,14
"ENSMUSG00000086976",259,239,222,218,227,197
"ENSMUSG00000086986",16,13,13,24,10,11
"ENSMUSG00000086993",327,281,306,304,364,330
"ENSMUSG00000086994",65,71,83,87,62,62
"ENSMUSG00000086997",25,13,9,15,10,25
"ENSMUSG00000087002",7,16,33,20,2,0
"ENSMUSG00000087006",59,11,4,10,8,3
"ENSMUSG00000087008",9,27,24,34,5,15
"ENSMUSG00000087013",152,170,106,112,195,165
"ENSMUSG00000087017",115,109,129,169,132,117
"ENSMUSG00000087022",12,18,14,27,9,16
"ENSMUSG00000087026",391,314,490,460,366,309
"ENSMUSG00000087036",10,8,25,18,14,14
"ENSMUSG00000087041",102,69,14,38,46,56
"ENSMUSG00000087049",46,44,22,39,31,47
"ENSMUSG00000087050",277,235,225,197,263,265
"ENSMUSG00000087055",38,12,12,27,31,27
"ENSMUSG00000087064",41,18,25,31,19,21
"ENSMUSG00000087066",58,62,51,64,60,59
"ENSMUSG00000087088",413,339,92,146,178,203
"ENSMUSG00000087097",15,12,21,14,20,18
"ENSMUSG00000087108",96,106,218,195,149,112
"ENSMUSG00000087109",74,77,6,3,32,41
"ENSMUSG00000087110",7,8,29,28,28,25
"ENSMUSG00000087111",100,89,83,55,69,63
"ENSMUSG00000087113",65,57,14,22,43,28
"ENSMUSG00000087120",24,16,6,12,13,14
"ENSMUSG00000087128",20,16,20,27,13,19
"ENSMUSG00000087129",48,53,19,26,14,32
"ENSMUSG00000087132",70,67,145,106,115,78
"ENSMUSG00000087138",277,242,109,136,115,118
"ENSMUSG00000087141",130,131,76,73,75,56
"ENSMUSG00000087142",86,72,90,69,32,136
"ENSMUSG00000087143",82,78,19,48,45,47
"ENSMUSG00000087150",772,939,2354,2241,2628,2032
"ENSMUSG00000087151",20,30,14,12,28,22
"ENSMUSG00000087153",73,50,47,59,49,32
"ENSMUSG00000087165",82,72,26,47,69,67
"ENSMUSG00000087166",25,155,2,2,8,16
"ENSMUSG00000087168",60,63,39,53,51,43
"ENSMUSG00000087174",336,277,205,226,229,252
"ENSMUSG00000087177",923,669,650,679,770,659
"ENSMUSG00000087178",101,85,99,91,113,115
"ENSMUSG00000087179",63,38,9,23,33,30
"ENSMUSG00000087187",5,13,24,26,11,9
"ENSMUSG00000087190",350,309,529,459,358,287
"ENSMUSG00000087193",120,126,176,161,137,111
"ENSMUSG00000087201",30,31,21,32,41,35
"ENSMUSG00000087203",10,9,12,19,16,28
"ENSMUSG00000087206",45,54,144,80,52,25
"ENSMUSG00000087213",7,27,53,40,9,31
"ENSMUSG00000087221",254,281,399,359,226,239
"ENSMUSG00000087222",19,12,32,16,21,27
"ENSMUSG00000087223",21,44,5,19,5,6
"ENSMUSG00000087230",69,30,68,65,46,76
"ENSMUSG00000087231",618,859,621,726,1237,1050
"ENSMUSG00000087233",12,8,28,18,9,5
"ENSMUSG00000087236",26,35,13,15,40,30
"ENSMUSG00000087242",27,30,14,18,25,21
"ENSMUSG00000087249",223,260,300,273,229,237
"ENSMUSG00000087250",309,345,213,199,385,368
"ENSMUSG00000087253",38,80,66,51,67,59
"ENSMUSG00000087259",48,31,84,101,21,32
"ENSMUSG00000087260",320,261,434,365,387,261
"ENSMUSG00000087261",25,21,5,10,13,15
"ENSMUSG00000087263",295,312,222,264,188,237
"ENSMUSG00000087266",241,212,213,253,311,232
"ENSMUSG00000087269",30,12,9,19,17,24
"ENSMUSG00000087282",27,30,47,47,19,31
"ENSMUSG00000087291",1213,996,2431,2749,2280,2220
"ENSMUSG00000087294",30,26,17,27,26,37
"ENSMUSG00000087298",20,16,24,24,18,18
"ENSMUSG00000087299",42,75,49,43,78,50
"ENSMUSG00000087305",35,22,19,23,23,37
"ENSMUSG00000087312",137,135,59,88,80,131
"ENSMUSG00000087314",111,105,74,89,81,105
"ENSMUSG00000087326",42,18,10,15,17,22
"ENSMUSG00000087327",211,260,411,306,266,232
"ENSMUSG00000087331",51,40,25,38,33,31
"ENSMUSG00000087336",32,25,12,15,16,16
"ENSMUSG00000087338",104,119,68,60,64,62
"ENSMUSG00000087341",226,318,524,452,193,160
"ENSMUSG00000087342",19,22,21,14,17,16
"ENSMUSG00000087347",24,8,9,14,7,11
"ENSMUSG00000087352",511,579,989,974,857,705
"ENSMUSG00000087354",221,161,196,218,183,204
"ENSMUSG00000087356",182,170,143,142,136,110
"ENSMUSG00000087361",62,46,10,15,21,30
"ENSMUSG00000087364",14,8,4,12,22,15
"ENSMUSG00000087366",8775,6032,5195,6209,5564,5437
"ENSMUSG00000087367",502,503,561,557,531,473
"ENSMUSG00000087368",118,92,62,77,66,75
"ENSMUSG00000087370",654,820,557,567,604,546
"ENSMUSG00000087371",65,68,14,7,18,19
"ENSMUSG00000087373",51,29,17,19,27,41
"ENSMUSG00000087377",10,20,11,7,11,3
"ENSMUSG00000087380",229,221,125,151,179,181
"ENSMUSG00000087381",136,81,71,71,71,43
"ENSMUSG00000087384",31,41,16,16,30,21
"ENSMUSG00000087385",108,99,46,63,61,70
"ENSMUSG00000087390",21,15,6,3,7,15
"ENSMUSG00000087394",23,13,9,3,7,14
"ENSMUSG00000087396",133,104,90,84,74,63
"ENSMUSG00000087397",62,48,14,19,33,28
"ENSMUSG00000087400",3293,1946,3395,4790,5747,5706
"ENSMUSG00000087403",64,62,41,60,50,40
"ENSMUSG00000087405",49,41,46,48,42,41
"ENSMUSG00000087406",78,63,48,53,52,48
"ENSMUSG00000087408",52,59,66,35,46,38
"ENSMUSG00000087411",36,18,4,14,10,5
"ENSMUSG00000087412",80,90,64,71,62,86
"ENSMUSG00000087413",59,39,54,57,63,66
"ENSMUSG00000087424",23,32,19,31,20,12
"ENSMUSG00000087429",84,86,95,124,75,54
"ENSMUSG00000087430",31,16,21,18,28,9
"ENSMUSG00000087433",20,20,13,7,9,9
"ENSMUSG00000087435",30,12,6,11,14,9
"ENSMUSG00000087436",260,243,162,185,329,301
"ENSMUSG00000087439",41,17,6,14,8,15
"ENSMUSG00000087440",146,124,102,144,154,152
"ENSMUSG00000087443",27,35,69,59,42,37
"ENSMUSG00000087444",52,67,84,64,69,53
"ENSMUSG00000087445",40,29,31,27,15,24
"ENSMUSG00000087449",24,17,29,24,20,24
"ENSMUSG00000087457",40,13,46,35,43,47
"ENSMUSG00000087458",108,87,66,102,79,96
"ENSMUSG00000087466",30,66,94,80,43,107
"ENSMUSG00000087475",43,45,11,20,27,38
"ENSMUSG00000087478",194,214,212,215,147,159
"ENSMUSG00000087480",259,262,95,146,205,172
"ENSMUSG00000087484",13,13,16,15,7,21
"ENSMUSG00000087496",21,34,18,15,22,21
"ENSMUSG00000087497",96,62,51,51,85,82
"ENSMUSG00000087502",152,126,86,178,159,166
"ENSMUSG00000087505",26,29,31,35,30,37
"ENSMUSG00000087507",8,15,13,10,7,9
"ENSMUSG00000087515",118,103,110,134,143,124
"ENSMUSG00000087516",937,803,567,590,719,679
"ENSMUSG00000087519",156,170,157,128,143,118
"ENSMUSG00000087523",51,44,21,28,34,56
"ENSMUSG00000087526",215,191,277,279,280,230
"ENSMUSG00000087528",93,122,207,193,177,188
"ENSMUSG00000087530",180,122,35,42,49,120
"ENSMUSG00000087532",25,29,29,31,52,34
"ENSMUSG00000087535",460,396,517,510,316,439
"ENSMUSG00000087541",76,89,71,79,135,95
"ENSMUSG00000087543",135,140,46,60,56,44
"ENSMUSG00000087545",84,54,93,67,57,57
"ENSMUSG00000087549",38,41,58,27,20,28
"ENSMUSG00000087552",67,69,144,117,87,79
"ENSMUSG00000087556",56,38,40,53,32,34
"ENSMUSG00000087574",108,96,78,89,85,66
"ENSMUSG00000087578",42,39,29,35,41,24
"ENSMUSG00000087579",206,187,180,226,278,249
"ENSMUSG00000087581",18,2,34,53,7,11
"ENSMUSG00000087589",101,91,115,85,129,112
"ENSMUSG00000087590",171,152,169,140,110,143
"ENSMUSG00000087593",27,20,18,19,18,14
"ENSMUSG00000087594",134,106,175,167,132,94
"ENSMUSG00000087595",349,279,428,393,391,265
"ENSMUSG00000087596",78,58,102,80,92,51
"ENSMUSG00000087597",14,18,11,7,9,19
"ENSMUSG00000087598",679,516,613,565,724,415
"ENSMUSG00000087606",30,17,61,60,57,40
"ENSMUSG00000087610",56,71,48,52,50,54
"ENSMUSG00000087611",78,68,40,71,10,18
"ENSMUSG00000087612",367,220,582,554,264,237
"ENSMUSG00000087623",34,26,34,40,29,27
"ENSMUSG00000087626",10,13,5,3,15,3
"ENSMUSG00000087639",391,311,118,157,228,246
"ENSMUSG00000087640",421,432,354,366,414,381
"ENSMUSG00000087651",48,44,11,26,21,28
"ENSMUSG00000087653",23,23,37,28,29,25
"ENSMUSG00000087654",101,39,63,55,67,43
"ENSMUSG00000087658",30,52,20,31,42,41
"ENSMUSG00000087660",380,357,412,427,344,297
"ENSMUSG00000087672",20,15,31,23,17,15
"ENSMUSG00000087679",1084,1022,1476,1370,1342,1013
"ENSMUSG00000087684",91,85,18,20,51,38
"ENSMUSG00000087687",117,147,165,138,129,104
"ENSMUSG00000087691",9,4,25,36,13,11
"ENSMUSG00000087692",13,21,16,16,26,15
"ENSMUSG00000087700",1154,1821,5111,3137,2822,3069
"ENSMUSG00000087775",16,11,25,22,21,18
"ENSMUSG00000087819",47,48,42,53,57,75
"ENSMUSG00000087838",18,16,9,7,19,16
"ENSMUSG00000087861",20,16,7,22,10,12
"ENSMUSG00000087881",509,431,495,590,522,540
"ENSMUSG00000087935",177,178,122,155,169,194
"ENSMUSG00000087938",14,6,20,23,20,12
"ENSMUSG00000087943",21,22,21,32,28,41
"ENSMUSG00000087963",20,18,11,11,25,15
"ENSMUSG00000087968",169,240,143,136,223,287
"ENSMUSG00000087993",24,30,29,27,18,32
"ENSMUSG00000088008",20,13,13,18,31,25
"ENSMUSG00000088025",284,330,216,259,323,232
"ENSMUSG00000088059",15,21,55,42,53,48
"ENSMUSG00000088088",3861,2922,5193,5375,5322,4244
"ENSMUSG00000088119",13,3,10,16,8,12
"ENSMUSG00000088158",12,12,14,18,21,16
"ENSMUSG00000088170",18,20,24,14,15,11
"ENSMUSG00000088176",14,8,10,12,9,8
"ENSMUSG00000088185",1325,1387,643,789,938,1200
"ENSMUSG00000088208",9,7,10,7,11,11
"ENSMUSG00000088219",30,29,16,15,16,9
"ENSMUSG00000088226",13,13,17,16,13,3
"ENSMUSG00000088230",10,18,10,12,10,24
"ENSMUSG00000088246",30,36,29,30,28,38
"ENSMUSG00000088252",82,85,85,109,129,120
"ENSMUSG00000088302",21,15,11,10,16,6
"ENSMUSG00000088348",34,43,59,64,51,44
"ENSMUSG00000088351",30,17,13,12,15,16
"ENSMUSG00000088363",36,62,109,89,34,32
"ENSMUSG00000088400",38,20,2,12,10,15
"ENSMUSG00000088437",10,11,6,6,3,16
"ENSMUSG00000088442",14,12,17,11,8,19
"ENSMUSG00000088524",47,46,44,65,46,48
"ENSMUSG00000088529",41,60,48,53,106,88
"ENSMUSG00000088552",43,31,33,40,46,44
"ENSMUSG00000088559",18,9,27,44,27,28
"ENSMUSG00000088602",14,7,7,15,10,2
"ENSMUSG00000088609",134,115,132,136,134,115
"ENSMUSG00000088651",49,60,63,68,74,51
"ENSMUSG00000088689",156,119,110,165,250,224
"ENSMUSG00000088696",12,8,10,11,11,9
"ENSMUSG00000088769",34,30,6,20,20,21
"ENSMUSG00000088789",429,295,398,408,422,471
"ENSMUSG00000088822",15,26,12,23,14,12
"ENSMUSG00000088835",299,286,278,255,213,275
"ENSMUSG00000088856",14,11,34,32,23,22
"ENSMUSG00000088929",18,21,31,23,20,30
"ENSMUSG00000088932",51,73,44,77,65,57
"ENSMUSG00000088948",416,381,385,465,463,575
"ENSMUSG00000088982",36,64,29,35,28,16
"ENSMUSG00000088990",14,21,10,10,19,28
"ENSMUSG00000089015",15,12,18,34,45,40
"ENSMUSG00000089083",56,50,26,44,49,40
"ENSMUSG00000089093",16,12,3,6,3,11
"ENSMUSG00000089129",19,16,17,11,22,12
"ENSMUSG00000089177",13,11,7,15,5,8
"ENSMUSG00000089235",785,558,598,751,1141,1147
"ENSMUSG00000089239",15,12,4,11,7,9
"ENSMUSG00000089255",67,48,58,53,54,40
"ENSMUSG00000089265",10,7,12,15,7,12
"ENSMUSG00000089281",21,21,16,34,48,40
"ENSMUSG00000089294",47,46,10,16,17,8
"ENSMUSG00000089296",18,8,17,15,18,19
"ENSMUSG00000089371",108,59,96,144,99,141
"ENSMUSG00000089396",25,27,10,14,19,21
"ENSMUSG00000089417",2268,1635,1804,2068,1795,2714
"ENSMUSG00000089429",14,17,10,10,11,8
"ENSMUSG00000089432",53,52,29,23,36,50
"ENSMUSG00000089453",23,20,13,26,17,18
"ENSMUSG00000089475",71,52,21,47,67,48
"ENSMUSG00000089498",18,21,11,6,9,18
"ENSMUSG00000089512",10,13,9,14,10,11
"ENSMUSG00000089525",60,50,25,22,37,35
"ENSMUSG00000089536",43,20,29,36,28,37
"ENSMUSG00000089542",392,348,392,452,371,409
"ENSMUSG00000089598",13,13,9,15,18,12
"ENSMUSG00000089617",491,353,910,989,902,958
"ENSMUSG00000089628",12,7,14,11,10,14
"ENSMUSG00000089635",782,1208,101,140,313,290
"ENSMUSG00000089636",23,32,42,77,52,46
"ENSMUSG00000089639",13,18,9,6,5,12
"ENSMUSG00000089640",14,20,5,11,10,19
"ENSMUSG00000089647",67,4,93,72,74,43
"ENSMUSG00000089657",19,11,32,19,18,25
"ENSMUSG00000089661",316,357,251,546,550,541
"ENSMUSG00000089662",25,22,59,63,41,34
"ENSMUSG00000089669",205,194,55,65,80,54
"ENSMUSG00000089670",13,15,3,4,13,11
"ENSMUSG00000089671",19,8,9,18,9,12
"ENSMUSG00000089675",2278,2418,3461,4085,3538,3429
"ENSMUSG00000089682",934,905,684,747,910,814
"ENSMUSG00000089687",14,13,5,14,13,8
"ENSMUSG00000089701",71,64,110,75,63,57
"ENSMUSG00000089702",276,283,333,289,288,345
"ENSMUSG00000089704",2870,2528,2353,2783,2985,2795
"ENSMUSG00000089706",104,100,53,44,88,89
"ENSMUSG00000089711",64,43,56,46,61,44
"ENSMUSG00000089713",12,6,71,48,13,12
"ENSMUSG00000089714",101,64,25,52,25,51
"ENSMUSG00000089715",1340,1019,1217,1430,2230,1590
"ENSMUSG00000089716",16,13,10,15,11,14
"ENSMUSG00000089726",228,337,164,251,179,509
"ENSMUSG00000089729",26,18,17,11,14,21
"ENSMUSG00000089733",52,38,11,18,8,8
"ENSMUSG00000089735",24,16,10,16,30,16
"ENSMUSG00000089736",125,90,65,102,67,80
"ENSMUSG00000089739",666,694,842,793,860,836
"ENSMUSG00000089745",370,297,240,349,335,326
"ENSMUSG00000089746",14,6,13,11,5,8
"ENSMUSG00000089756",12,16,7,3,11,6
"ENSMUSG00000089762",194,173,407,220,215,223
"ENSMUSG00000089764",79,87,76,89,78,108
"ENSMUSG00000089766",62,49,116,71,60,57
"ENSMUSG00000089768",34,41,40,36,27,37
"ENSMUSG00000089769",78,82,16,34,34,44
"ENSMUSG00000089774",29027,25810,9135,14408,35130,24399
"ENSMUSG00000089781",29,25,11,15,4,3
"ENSMUSG00000089782",57,77,90,76,69,76
"ENSMUSG00000089791",19,21,41,27,26,34
"ENSMUSG00000089794",10,15,12,12,11,9
"ENSMUSG00000089796",410,394,184,283,276,351
"ENSMUSG00000089798",98,86,66,64,62,72
"ENSMUSG00000089804",1136,1037,781,996,773,700
"ENSMUSG00000089809",330,418,490,665,916,1008
"ENSMUSG00000089810",403,297,205,283,397,278
"ENSMUSG00000089811",30,12,49,34,44,28
"ENSMUSG00000089812",64,39,34,34,52,62
"ENSMUSG00000089817",111,67,29,44,53,59
"ENSMUSG00000089818",15,18,5,12,15,6
"ENSMUSG00000089820",24,15,19,23,19,14
"ENSMUSG00000089824",1284,1256,1425,1353,1410,1181
"ENSMUSG00000089827",53,62,34,23,48,46
"ENSMUSG00000089832",241,194,479,557,393,332
"ENSMUSG00000089835",73,170,105,128,169,153
"ENSMUSG00000089837",344,230,278,301,449,345
"ENSMUSG00000089838",13,7,16,30,13,18
"ENSMUSG00000089842",25,18,20,23,19,15
"ENSMUSG00000089844",13,21,28,26,22,21
"ENSMUSG00000089847",385,313,450,447,308,261
"ENSMUSG00000089854",32,17,12,14,15,46
"ENSMUSG00000089855",103,103,102,92,80,107
"ENSMUSG00000089857",57,31,37,39,58,47
"ENSMUSG00000089862",292,274,233,304,271,271
"ENSMUSG00000089865",1861,1763,1106,1198,1580,1371
"ENSMUSG00000089872",528,442,403,397,472,413
"ENSMUSG00000089875",386,469,327,359,374,361
"ENSMUSG00000089876",183,140,251,224,253,123
"ENSMUSG00000089883",21,25,27,26,21,14
"ENSMUSG00000089886",19,43,53,84,26,73
"ENSMUSG00000089889",30,38,19,16,27,15
"ENSMUSG00000089900",117,95,116,126,118,108
"ENSMUSG00000089902",449,380,512,453,403,399
"ENSMUSG00000089911",1460,1478,1322,1490,1278,1247
"ENSMUSG00000089914",20,21,3,6,13,3
"ENSMUSG00000089916",13,6,6,10,13,14
"ENSMUSG00000089917",540,508,390,480,458,421
"ENSMUSG00000089940",226,212,63,89,177,136
"ENSMUSG00000089943",2295,2427,3480,4098,3561,3446
"ENSMUSG00000089945",2897,3440,1821,1706,3391,2973
"ENSMUSG00000089960",2296,2434,3507,4102,3554,3442
"ENSMUSG00000089961",65,80,107,46,36,48
"ENSMUSG00000089968",212,253,313,332,401,341
"ENSMUSG00000089975",20,26,0,20,14,27
"ENSMUSG00000089979",95,86,58,72,83,85
"ENSMUSG00000089984",21,17,18,18,6,6
"ENSMUSG00000089988",13,44,12,12,9,41
"ENSMUSG00000089989",6934,6816,8523,7405,7807,9263
"ENSMUSG00000089991",40,60,71,89,85,83
"ENSMUSG00000089993",26,22,27,24,31,41
"ENSMUSG00000089996",56,53,58,47,43,38
"ENSMUSG00000089998",793,679,447,464,585,611
"ENSMUSG00000089999",45,41,22,24,32,35
"ENSMUSG00000090000",513,502,654,562,606,445
"ENSMUSG00000090002",37,36,31,24,39,46
"ENSMUSG00000090015",162,179,131,162,178,169
"ENSMUSG00000090021",12,18,17,19,20,19
"ENSMUSG00000090024",270,238,154,182,219,264
"ENSMUSG00000090026",70,55,81,88,69,76
"ENSMUSG00000090031",304,253,241,259,196,259
"ENSMUSG00000090034",29,31,18,34,30,43
"ENSMUSG00000090035",786,746,668,696,659,620
"ENSMUSG00000090038",462,460,305,321,347,297
"ENSMUSG00000090053",689,840,361,397,764,758
"ENSMUSG00000090054",78,68,21,16,11,15
"ENSMUSG00000090069",85,69,86,85,78,66
"ENSMUSG00000090070",38,59,35,32,42,38
"ENSMUSG00000090074",23,22,13,18,17,12
"ENSMUSG00000090077",295,274,239,309,262,220
"ENSMUSG00000090079",21,12,24,16,27,15
"ENSMUSG00000090083",469,354,379,378,392,346
"ENSMUSG00000090084",118,115,590,1136,329,506
"ENSMUSG00000090086",162,117,95,153,69,105
"ENSMUSG00000090088",0,0,16,7,10,14
"ENSMUSG00000090093",100,110,65,56,71,47
"ENSMUSG00000090100",1358,1219,1109,1240,1621,1423
"ENSMUSG00000090101",91,83,48,48,28,48
"ENSMUSG00000090104",20,17,10,12,9,19
"ENSMUSG00000090105",34,36,16,22,14,22
"ENSMUSG00000090110",136,105,107,116,148,110
"ENSMUSG00000090112",1275,1214,955,920,1133,1053
"ENSMUSG00000090115",590,562,505,444,538,553
"ENSMUSG00000090117",327,363,169,178,249,208
"ENSMUSG00000090118",97,113,130,132,123,89
"ENSMUSG00000090122",13,4,39,51,16,40
"ENSMUSG00000090124",3499,3823,5413,6292,5433,5188
"ENSMUSG00000090125",25,35,9,10,7,40
"ENSMUSG00000090136",12,9,13,10,8,9
"ENSMUSG00000090137",5414,5098,5431,5141,4908,5640
"ENSMUSG00000090145",2653,2842,4054,4845,4139,3933
"ENSMUSG00000090150",1658,1914,1434,1665,2140,1896
"ENSMUSG00000090152",56,57,11,23,14,19
"ENSMUSG00000090157",111,90,117,109,100,53
"ENSMUSG00000090165",2278,2418,3455,4076,3538,3429
"ENSMUSG00000090171",2293,2427,3471,4097,3577,3445
"ENSMUSG00000090173",60,31,17,16,19,38
"ENSMUSG00000090175",2278,2418,3460,4078,3538,3429
"ENSMUSG00000090194",19,23,10,8,19,12
"ENSMUSG00000090200",8,7,21,15,17,18
"ENSMUSG00000090202",15,12,18,15,14,2
"ENSMUSG00000090206",141,95,90,93,154,89
"ENSMUSG00000090207",371,695,551,538,408,281
"ENSMUSG00000090208",3001,2646,296,528,1813,2327
"ENSMUSG00000090210",53,46,28,36,39,37
"ENSMUSG00000090213",772,896,848,738,949,894
"ENSMUSG00000090215",117,81,77,44,33,32
"ENSMUSG00000090216",183,210,169,204,142,171
"ENSMUSG00000090223",86,99,2983,1023,412,60
"ENSMUSG00000090231",172,152,662,100,86,85
"ENSMUSG00000090235",52,53,54,64,42,37
"ENSMUSG00000090236",65,60,18,32,45,47
"ENSMUSG00000090246",42,46,33,20,22,25
"ENSMUSG00000090247",292,223,258,316,284,274
"ENSMUSG00000090248",71,53,42,39,41,51
"ENSMUSG00000090257",112,75,182,89,165,137
"ENSMUSG00000090258",164,159,172,185,151,134
"ENSMUSG00000090264",201,189,177,146,135,182
"ENSMUSG00000090266",2086,2205,2871,2394,1771,1992
"ENSMUSG00000090272",43,18,39,19,13,16
"ENSMUSG00000090290",321,286,529,423,365,255
"ENSMUSG00000090293",111,90,105,142,89,175
"ENSMUSG00000090300",9,3,11,18,5,24
"ENSMUSG00000090307",84,58,61,50,97,53
"ENSMUSG00000090317",45,39,68,40,37,21
"ENSMUSG00000090322",36,39,42,36,34,27
"ENSMUSG00000090327",293,316,261,238,275,282
"ENSMUSG00000090329",9,16,6,11,18,25
"ENSMUSG00000090330",529,468,472,468,472,358
"ENSMUSG00000090357",266,271,268,298,252,219
"ENSMUSG00000090369",10,7,7,12,26,8
"ENSMUSG00000090370",63,75,121,109,61,54
"ENSMUSG00000090381",10,9,16,7,8,12
"ENSMUSG00000090386",287,242,404,456,347,307
"ENSMUSG00000090387",493,374,352,732,527,1125
"ENSMUSG00000090389",12,13,14,10,19,19
"ENSMUSG00000090394",1606,1546,1621,2104,1804,2053
"ENSMUSG00000090397",115,106,32,63,99,111
"ENSMUSG00000090399",69,60,117,69,56,50
"ENSMUSG00000090406",58,40,29,57,38,32
"ENSMUSG00000090441",19,29,22,19,23,32
"ENSMUSG00000090451",35,38,11,15,34,32
"ENSMUSG00000090458",100,103,311,236,159,124
"ENSMUSG00000090459",18,18,11,10,19,14
"ENSMUSG00000090460",10,15,7,11,18,25
"ENSMUSG00000090489",53,54,21,48,43,41
"ENSMUSG00000090500",16,20,17,31,22,22
"ENSMUSG00000090516",80,67,37,30,39,60
"ENSMUSG00000090523",224,177,164,108,148,159
"ENSMUSG00000090534",18,6,20,32,22,28
"ENSMUSG00000090551",124,104,188,175,104,78
"ENSMUSG00000090553",493,517,1063,827,621,605
"ENSMUSG00000090559",62,48,25,56,54,54
"ENSMUSG00000090561",18,11,18,18,28,11
"ENSMUSG00000090564",32,32,55,69,44,46
"ENSMUSG00000090565",26,20,18,23,52,22
"ENSMUSG00000090570",537,792,216,272,370,378
"ENSMUSG00000090576",19,13,13,16,10,18
"ENSMUSG00000090582",1178,1085,1035,2158,1287,1874
"ENSMUSG00000090602",43,13,26,16,8,11
"ENSMUSG00000090608",202,262,214,215,276,198
"ENSMUSG00000090622",102,127,49,84,65,89
"ENSMUSG00000090625",10162,10489,10211,10462,10223,9707
"ENSMUSG00000090626",259,302,275,272,255,303
"ENSMUSG00000090628",131,95,51,79,86,80
"ENSMUSG00000090639",628,894,605,540,444,338
"ENSMUSG00000090641",129,104,93,81,129,94
"ENSMUSG00000090659",43,90,39,39,49,22
"ENSMUSG00000090673",640,607,562,512,696,673
"ENSMUSG00000090674",282,271,388,324,300,290
"ENSMUSG00000090685",8,7,6,14,13,12
"ENSMUSG00000090698",128,77,7,22,36,24
"ENSMUSG00000090706",87,101,147,121,118,67
"ENSMUSG00000090722",89,31,54,34,45,25
"ENSMUSG00000090733",4508,4502,4049,3934,4305,5247
"ENSMUSG00000090758",119,110,148,138,126,150
"ENSMUSG00000090761",190,157,295,271,201,197
"ENSMUSG00000090778",18,13,5,11,16,14
"ENSMUSG00000090779",60,54,54,47,68,85
"ENSMUSG00000090841",3982,4018,3176,3843,4000,3974
"ENSMUSG00000090853",35,46,43,23,50,57
"ENSMUSG00000090860",1123,1131,1549,1353,1230,1160
"ENSMUSG00000090861",453,368,421,400,382,341
"ENSMUSG00000090862",2882,2884,3742,3318,2992,3298
"ENSMUSG00000090863",208,299,811,734,239,407
"ENSMUSG00000090877",2137,2266,1987,1788,1787,3007
"ENSMUSG00000090891",40,35,24,16,16,32
"ENSMUSG00000090919",71,85,63,48,110,64
"ENSMUSG00000090925",36,53,13,6,19,19
"ENSMUSG00000090935",1043,1050,1146,1157,1199,1067
"ENSMUSG00000090936",34,35,24,20,21,32
"ENSMUSG00000090946",411,351,1194,1334,940,543
"ENSMUSG00000090952",241,223,153,173,188,204
"ENSMUSG00000090958",108,52,81,46,19,21
"ENSMUSG00000090963",45,54,55,52,55,46
"ENSMUSG00000090964",75,48,76,61,68,62
"ENSMUSG00000090996",332,265,348,362,336,226
"ENSMUSG00000091007",16,31,18,23,18,21
"ENSMUSG00000091017",1062,674,280,459,573,704
"ENSMUSG00000091021",413,434,718,700,602,534
"ENSMUSG00000091037",14,17,24,18,19,16
"ENSMUSG00000091050",226,230,145,148,174,159
"ENSMUSG00000091086",85,64,90,77,80,114
"ENSMUSG00000091091",18,3,6,8,15,12
"ENSMUSG00000091095",398,505,588,583,565,708
"ENSMUSG00000091102",388,396,606,506,443,378
"ENSMUSG00000091119",129,83,25,35,72,82
"ENSMUSG00000091133",533,526,575,550,441,425
"ENSMUSG00000091135",8,15,6,11,10,15
"ENSMUSG00000091144",26,20,50,50,31,24
"ENSMUSG00000091154",57,58,92,75,45,56
"ENSMUSG00000091155",42,57,33,19,36,51
"ENSMUSG00000091160",964,911,579,390,607,380
"ENSMUSG00000091165",563,622,747,775,635,607
"ENSMUSG00000091177",62,59,31,44,38,22
"ENSMUSG00000091183",124,150,58,65,81,66
"ENSMUSG00000091191",321,593,335,171,404,521
"ENSMUSG00000091192",26,43,81,148,134,134
"ENSMUSG00000091228",561,645,1592,1042,538,519
"ENSMUSG00000091237",85,68,43,83,106,110
"ENSMUSG00000091238",120,132,135,182,126,105
"ENSMUSG00000091243",32,63,3,10,9,22
"ENSMUSG00000091264",397,438,442,459,597,530
"ENSMUSG00000091277",12,20,18,18,17,19
"ENSMUSG00000091306",199,212,219,235,213,239
"ENSMUSG00000091313",40,29,26,32,34,31
"ENSMUSG00000091315",25,22,31,27,34,34
"ENSMUSG00000091337",1266,1189,988,954,1219,1210
"ENSMUSG00000091345",162,408,12,32,87,69
"ENSMUSG00000091358",15,16,6,4,10,19
"ENSMUSG00000091366",208,381,85,108,150,165
"ENSMUSG00000091367",134,151,310,247,234,230
"ENSMUSG00000091383",457,574,676,537,391,280
"ENSMUSG00000091387",52,68,22,39,34,62
"ENSMUSG00000091390",40,36,5,14,9,11
"ENSMUSG00000091400",23,2,25,15,14,14
"ENSMUSG00000091405",361,196,448,375,297,236
"ENSMUSG00000091412",456,470,264,239,253,502
"ENSMUSG00000091421",222,280,299,309,290,271
"ENSMUSG00000091423",161,209,43,239,86,134
"ENSMUSG00000091426",9,12,6,10,14,9
"ENSMUSG00000091438",29,22,20,19,28,27
"ENSMUSG00000091443",73,66,65,63,72,72
"ENSMUSG00000091449",24,29,33,24,30,32
"ENSMUSG00000091460",42,69,48,31,45,56
"ENSMUSG00000091462",440,537,424,371,405,397
"ENSMUSG00000091471",226,246,342,265,213,169
"ENSMUSG00000091472",14,2,13,16,10,8
"ENSMUSG00000091474",410,417,440,434,420,330
"ENSMUSG00000091476",70,41,20,26,22,41
"ENSMUSG00000091478",70,99,84,83,63,46
"ENSMUSG00000091479",1076,858,396,336,449,877
"ENSMUSG00000091492",13,13,7,11,18,6
"ENSMUSG00000091498",31,44,36,48,32,27
"ENSMUSG00000091509",567,644,486,491,550,502
"ENSMUSG00000091512",600,529,713,807,700,609
"ENSMUSG00000091514",304,323,261,222,318,278
"ENSMUSG00000091515",31,20,37,34,40,18
"ENSMUSG00000091523",34,25,17,26,30,28
"ENSMUSG00000091537",239,284,359,310,274,271
"ENSMUSG00000091549",112,109,132,106,153,201
"ENSMUSG00000091553",4,11,44,15,13,11
"ENSMUSG00000091558",14,8,10,11,10,6
"ENSMUSG00000091561",40,21,10,19,16,18
"ENSMUSG00000091562",292,300,407,322,520,463
"ENSMUSG00000091568",18,15,9,12,7,9
"ENSMUSG00000091570",16,13,11,11,19,2
"ENSMUSG00000091575",35,12,50,48,14,9
"ENSMUSG00000091580",12,6,22,28,15,15
"ENSMUSG00000091586",256,212,124,151,166,208
"ENSMUSG00000091604",34,27,19,20,23,18
"ENSMUSG00000091623",391,383,465,369,300,330
"ENSMUSG00000091625",70,77,168,125,104,110
"ENSMUSG00000091639",15,9,19,8,14,11
"ENSMUSG00000091655",18,23,16,18,9,16
"ENSMUSG00000091661",227,226,168,158,203,168
"ENSMUSG00000091697",36,44,13,32,33,24
"ENSMUSG00000091705",135,154,206,128,84,104
"ENSMUSG00000091709",84,81,350,68,41,21
"ENSMUSG00000091735",29,13,18,12,13,16
"ENSMUSG00000091736",112,96,121,120,103,101
"ENSMUSG00000091754",12,30,21,23,14,16
"ENSMUSG00000091764",151,123,65,87,125,121
"ENSMUSG00000091768",35,25,34,26,25,25
"ENSMUSG00000091780",233,225,342,306,271,210
"ENSMUSG00000091784",12,7,13,11,8,5
"ENSMUSG00000091803",452,470,449,431,413,355
"ENSMUSG00000091811",332,261,179,161,224,217
"ENSMUSG00000091831",58,48,40,42,62,57
"ENSMUSG00000091845",29,22,37,31,19,32
"ENSMUSG00000091866",12,3,12,4,10,9
"ENSMUSG00000091890",46,55,21,31,13,11
"ENSMUSG00000091896",1444,1472,1588,1567,1514,1354
"ENSMUSG00000091900",43,35,5,34,37,16
"ENSMUSG00000091905",14,20,26,11,19,16
"ENSMUSG00000091906",207,239,177,162,227,253
"ENSMUSG00000091908",59,86,21,35,38,54
"ENSMUSG00000091931",108,114,132,105,95,88
"ENSMUSG00000091952",65,52,50,52,84,86
"ENSMUSG00000091956",15,29,29,30,8,30
"ENSMUSG00000091957",26,23,22,19,7,11
"ENSMUSG00000091971",1264,1339,932,891,883,1650
"ENSMUSG00000091985",319,247,189,190,246,288
"ENSMUSG00000091993",111,87,50,77,89,95
"ENSMUSG00000091994",82,55,50,68,48,67
"ENSMUSG00000091997",64,71,47,48,42,78
"ENSMUSG00000092006",139,113,162,175,141,133
"ENSMUSG00000092014",21,27,34,32,33,34
"ENSMUSG00000092029",26,17,17,20,20,14
"ENSMUSG00000092035",394,879,218,346,2194,974
"ENSMUSG00000092060",654,514,99,137,286,232
"ENSMUSG00000092071",76,50,48,26,133,41
"ENSMUSG00000092072",16,20,29,32,17,30
"ENSMUSG00000092074",12,16,39,12,13,15
"ENSMUSG00000092086",24,30,26,22,27,15
"ENSMUSG00000092094",63,36,34,44,52,82
"ENSMUSG00000092097",8,16,7,4,15,16
"ENSMUSG00000092103",32,20,11,18,22,16
"ENSMUSG00000092116",35,3,86,68,57,51
"ENSMUSG00000092118",38,27,47,42,53,41
"ENSMUSG00000092124",47,38,56,59,68,43
"ENSMUSG00000092130",43,23,213,81,14,14
"ENSMUSG00000092134",321,297,300,292,282,266
"ENSMUSG00000092137",1939,1948,1386,1422,1586,1543
"ENSMUSG00000092171",34,6,25,28,11,12
"ENSMUSG00000092176",205,184,110,126,159,108
"ENSMUSG00000092182",10,8,12,7,15,9
"ENSMUSG00000092183",8,3,14,15,10,9
"ENSMUSG00000092184",14,16,12,18,11,14
"ENSMUSG00000092185",774,655,562,632,867,827
"ENSMUSG00000092187",93,76,65,71,80,85
"ENSMUSG00000092190",178,168,172,138,154,185
"ENSMUSG00000092192",35,46,21,20,30,35
"ENSMUSG00000092203",229,290,684,542,282,394
"ENSMUSG00000092218",122,119,138,122,130,105
"ENSMUSG00000092220",989,1037,1413,1702,1526,1577
"ENSMUSG00000092229",19,21,21,26,19,15
"ENSMUSG00000092232",2120,2280,1910,1999,1891,1925
"ENSMUSG00000092233",27,20,37,34,33,37
"ENSMUSG00000092241",52,27,42,40,23,21
"ENSMUSG00000092243",45,62,77,53,33,43
"ENSMUSG00000092252",79,59,105,150,113,83
"ENSMUSG00000092260",96,83,93,102,136,114
"ENSMUSG00000092267",19930,22973,16667,25424,18902,24700
"ENSMUSG00000092274",10955,6572,10516,29473,9773,30912
"ENSMUSG00000092278",62,67,56,87,58,62
"ENSMUSG00000092281",26,41,37,52,40,38
"ENSMUSG00000092283",5606,5282,2750,2837,7770,5695
"ENSMUSG00000092284",49,36,9,15,15,31
"ENSMUSG00000092286",45,43,24,35,40,24
"ENSMUSG00000092310",263,242,347,305,276,275
"ENSMUSG00000092329",3025,2650,2619,3045,3207,2997
"ENSMUSG00000092335",8,20,19,24,21,25
"ENSMUSG00000092341",170008,191817,141733,220381,162507,208966
"ENSMUSG00000092344",5,7,12,10,9,11
"ENSMUSG00000092345",271,252,311,257,207,201
"ENSMUSG00000092354",274,271,167,175,232,265
"ENSMUSG00000092356",63,49,36,32,40,30
"ENSMUSG00000092358",26,25,12,16,31,24
"ENSMUSG00000092360",457,397,587,648,364,307
"ENSMUSG00000092365",70,142,168,173,156,111
"ENSMUSG00000092367",63,52,101,96,86,82
"ENSMUSG00000092368",54,59,98,80,78,64
"ENSMUSG00000092373",27,26,43,44,22,22
"ENSMUSG00000092381",180,137,236,179,141,128
"ENSMUSG00000092384",30,32,26,28,30,24
"ENSMUSG00000092386",822,1048,636,823,790,832
"ENSMUSG00000092389",24,20,57,32,41,54
"ENSMUSG00000092395",147,132,142,136,151,92
"ENSMUSG00000092405",261,325,209,214,206,230
"ENSMUSG00000092412",243,202,100,141,143,144
"ENSMUSG00000092416",283,240,307,325,270,220
"ENSMUSG00000092417",102,41,59,63,61,30
"ENSMUSG00000092418",45,41,51,46,42,35
"ENSMUSG00000092438",14,11,7,11,11,12
"ENSMUSG00000092443",7,11,17,14,15,15
"ENSMUSG00000092444",74,29,12,18,19,27
"ENSMUSG00000092455",42,20,18,34,27,40
"ENSMUSG00000092463",16,16,7,10,7,6
"ENSMUSG00000092470",1090,922,1250,1234,1173,919
"ENSMUSG00000092474",18,9,14,11,10,11
"ENSMUSG00000092482",98,118,86,56,53,35
"ENSMUSG00000092486",120,97,250,295,185,192
"ENSMUSG00000092494",20,13,4,7,10,8
"ENSMUSG00000092495",14,17,14,24,21,12
"ENSMUSG00000092500",24,30,19,22,19,38
"ENSMUSG00000092509",14,11,9,16,5,15
"ENSMUSG00000092511",222,184,710,109,101,91
"ENSMUSG00000092526",25,7,18,18,21,15
"ENSMUSG00000092534",283,260,403,320,317,230
"ENSMUSG00000092541",1326,1456,1686,1441,1396,1306
"ENSMUSG00000092544",101,86,92,95,125,76
"ENSMUSG00000092545",407,468,83,102,241,313
"ENSMUSG00000092550",91,75,313,104,71,62
"ENSMUSG00000092557",26,39,17,23,7,51
"ENSMUSG00000092558",496,451,455,492,448,364
"ENSMUSG00000092560",40,44,40,59,41,47
"ENSMUSG00000092563",23,20,10,15,19,18
"ENSMUSG00000092564",40,22,33,26,15,15
"ENSMUSG00000092569",15,13,12,16,8,15
"ENSMUSG00000092571",35,26,5,12,18,5
"ENSMUSG00000092572",7,9,41,20,31,21
"ENSMUSG00000092592",27,32,27,40,51,21
"ENSMUSG00000092593",14,15,9,14,13,15
"ENSMUSG00000092595",1622,1607,1616,1533,1353,1275
"ENSMUSG00000092596",16,17,12,10,8,8
"ENSMUSG00000092607",202,157,169,158,145,107
"ENSMUSG00000092609",619,651,487,480,463,779
"ENSMUSG00000092625",25,9,19,7,19,15
"ENSMUSG00000092626",47,30,34,24,37,41
"ENSMUSG00000092650",49,63,29,48,44,57
"ENSMUSG00000092655",20,21,32,39,23,22
"ENSMUSG00000092680",25,15,7,19,6,18
"ENSMUSG00000092686",785,987,693,733,553,540
"ENSMUSG00000092687",5,12,28,18,6,12
"ENSMUSG00000092696",45,26,54,59,57,60
"ENSMUSG00000092702",31,20,35,51,40,30
"ENSMUSG00000092727",21,16,37,24,16,22
"ENSMUSG00000092730",40,41,69,64,51,63
"ENSMUSG00000092741",30,32,34,40,31,31
"ENSMUSG00000092745",31,12,31,24,23,27
"ENSMUSG00000092746",323,212,365,404,319,265
"ENSMUSG00000092758",14,7,16,31,5,16
"ENSMUSG00000092781",56,50,62,67,54,43
"ENSMUSG00000092787",56,54,71,68,86,76
"ENSMUSG00000092805",45,40,43,67,52,54
"ENSMUSG00000092812",190,205,255,252,247,226
"ENSMUSG00000092819",25,20,25,27,39,37
"ENSMUSG00000092827",21,22,20,11,8,21
"ENSMUSG00000092837",4082,3535,3797,4263,4287,4193
"ENSMUSG00000092868",58,62,37,40,67,63
"ENSMUSG00000092870",27,13,22,35,29,32
"ENSMUSG00000092885",267,252,307,305,404,301
"ENSMUSG00000092901",47,30,26,27,22,38
"ENSMUSG00000092907",46,46,59,47,72,44
"ENSMUSG00000092916",128,97,115,110,104,78
"ENSMUSG00000092922",204,202,118,118,200,184
"ENSMUSG00000092935",67,68,72,56,65,46
"ENSMUSG00000092949",12,16,14,7,8,9
"ENSMUSG00000092966",75,67,37,47,55,54
"ENSMUSG00000092981",124,68,56,117,94,104
"ENSMUSG00000092985",15,17,10,15,7,12
"ENSMUSG00000092995",9,16,10,12,7,3
"ENSMUSG00000093006",309,258,388,404,327,367
"ENSMUSG00000093009",5,17,22,16,11,18
"ENSMUSG00000093042",16,35,56,75,30,34
"ENSMUSG00000093044",21,31,17,23,22,25
"ENSMUSG00000093071",228,184,331,309,335,240
"ENSMUSG00000093075",16,17,25,30,29,35
"ENSMUSG00000093076",281,256,272,252,290,266
"ENSMUSG00000093092",219,186,155,114,217,291
"ENSMUSG00000093097",15,21,20,20,22,28
"ENSMUSG00000093105",12,13,6,12,6,5
"ENSMUSG00000093120",12,3,10,7,6,11
"ENSMUSG00000093133",490,424,387,583,389,405
"ENSMUSG00000093149",9,20,9,12,11,16
"ENSMUSG00000093156",232,257,512,473,320,275
"ENSMUSG00000093178",3,12,11,12,4,12
"ENSMUSG00000093185",87,87,48,60,49,40
"ENSMUSG00000093206",10,16,9,16,18,11
"ENSMUSG00000093215",20,31,24,20,27,12
"ENSMUSG00000093219",156,205,248,193,142,111
"ENSMUSG00000093232",78,58,47,79,67,66
"ENSMUSG00000093242",442,525,705,631,494,490
"ENSMUSG00000093246",38,41,50,79,60,48
"ENSMUSG00000093264",7651,8676,7059,7578,6698,7812
"ENSMUSG00000093269",19,9,5,18,17,12
"ENSMUSG00000093273",3825,4239,2497,2868,2882,3563
"ENSMUSG00000093290",43,40,47,60,55,37
"ENSMUSG00000093296",15,12,18,11,22,15
"ENSMUSG00000093315",692,687,1280,1430,858,729
"ENSMUSG00000093327",91,39,188,75,62,44
"ENSMUSG00000093334",8,12,12,16,9,21
"ENSMUSG00000093340",24,20,9,12,10,22
"ENSMUSG00000093348",30,18,22,20,25,25
"ENSMUSG00000093355",12,7,25,30,11,40
"ENSMUSG00000093365",75,81,56,77,61,70
"ENSMUSG00000093387",42,31,22,31,43,21
"ENSMUSG00000093392",40,45,55,71,27,53
"ENSMUSG00000093402",64,60,20,42,25,27
"ENSMUSG00000093413",64,82,151,106,79,128
"ENSMUSG00000093419",16,11,6,11,15,8
"ENSMUSG00000093424",13,12,19,10,7,12
"ENSMUSG00000093429",30,13,10,11,6,15
"ENSMUSG00000093445",758,654,786,863,633,560
"ENSMUSG00000093452",78,81,53,84,56,47
"ENSMUSG00000093456",673,520,306,333,536,423
"ENSMUSG00000093465",32,21,22,42,44,30
"ENSMUSG00000093467",104,81,44,57,63,48
"ENSMUSG00000093483",7,21,31,27,19,22
"ENSMUSG00000093485",248,200,226,252,204,163
"ENSMUSG00000093507",21,7,28,28,9,25
"ENSMUSG00000093511",58,46,25,27,25,24
"ENSMUSG00000093514",36,43,44,39,31,38
"ENSMUSG00000093529",68,67,41,55,68,72
"ENSMUSG00000093553",125,83,37,46,62,73
"ENSMUSG00000093559",42,27,22,32,33,31
"ENSMUSG00000093561",23,16,25,12,20,9
"ENSMUSG00000093565",65,66,85,79,58,54
"ENSMUSG00000093571",23,25,33,30,25,18
"ENSMUSG00000093574",533,549,579,565,501,438
"ENSMUSG00000093575",468,464,527,508,537,441
"ENSMUSG00000093577",180,212,94,124,126,150
"ENSMUSG00000093587",36,53,24,36,18,21
"ENSMUSG00000093593",1221,1029,1005,1256,1411,1268
"ENSMUSG00000093594",42,113,128,146,57,96
"ENSMUSG00000093598",178,201,234,163,243,213
"ENSMUSG00000093606",21,16,16,22,34,18
"ENSMUSG00000093622",20,12,7,24,14,19
"ENSMUSG00000093629",47,38,44,27,36,30
"ENSMUSG00000093637",27,26,40,52,38,28
"ENSMUSG00000093645",10,13,19,10,10,11
"ENSMUSG00000093656",879,787,2686,2098,1089,1056
"ENSMUSG00000093661",678,628,1085,891,841,851
"ENSMUSG00000093668",21,9,11,10,6,11
"ENSMUSG00000093673",15,7,4,6,11,12
"ENSMUSG00000093674",4272,4249,5786,5345,4339,4885
"ENSMUSG00000093677",78,64,50,56,65,82
"ENSMUSG00000093695",13,16,18,14,8,14
"ENSMUSG00000093697",24,15,6,7,15,14
"ENSMUSG00000093701",388,363,370,340,333,333
"ENSMUSG00000093710",90,73,196,159,100,94
"ENSMUSG00000093721",48,34,19,34,39,27
"ENSMUSG00000093726",16,22,42,35,60,40
"ENSMUSG00000093734",67,63,49,68,62,60
"ENSMUSG00000093752",5757,5735,5619,5607,6555,6109
"ENSMUSG00000093768",118,85,115,96,113,60
"ENSMUSG00000093769",228,350,174,204,269,214
"ENSMUSG00000093772",681,750,292,373,880,900
"ENSMUSG00000093779",21,9,13,12,5,19
"ENSMUSG00000093782",5,12,22,22,19,11
"ENSMUSG00000093793",14,18,10,26,16,9
"ENSMUSG00000093798",51,59,120,120,72,86
"ENSMUSG00000093800",15,12,34,0,90,3
"ENSMUSG00000093803",718,563,500,647,554,506
"ENSMUSG00000093843",8,18,11,15,13,12
"ENSMUSG00000093858",16,18,12,15,21,16
"ENSMUSG00000093880",79,126,7,23,9,9
"ENSMUSG00000093897",13,9,10,11,6,8
"ENSMUSG00000093904",2178,2261,2509,2065,2464,2274
"ENSMUSG00000093908",13,21,20,16,8,5
"ENSMUSG00000093910",135,163,50,48,99,86
"ENSMUSG00000093921",12,21,10,32,18,18
"ENSMUSG00000093930",2291,3635,3635,2728,2401,2555
"ENSMUSG00000093938",53,36,41,46,36,32
"ENSMUSG00000093954",14,6,16,19,18,14
"ENSMUSG00000093956",7,12,11,12,14,25
"ENSMUSG00000093979",31,31,20,24,20,24
"ENSMUSG00000093989",641,526,816,851,707,521
"ENSMUSG00000094050",10,17,12,15,18,25
"ENSMUSG00000094090",16,12,13,15,9,14
"ENSMUSG00000094092",25,16,24,19,20,21
"ENSMUSG00000094103",12,9,12,7,15,5
"ENSMUSG00000094114",146,137,93,105,103,96
"ENSMUSG00000094179",20,12,22,22,10,38
"ENSMUSG00000094263",20,9,19,10,10,19
"ENSMUSG00000094282",34,36,13,18,11,30
"ENSMUSG00000094320",12,11,10,11,8,18
"ENSMUSG00000094326",10,6,12,6,9,14
"ENSMUSG00000094338",30,32,646,412,141,108
"ENSMUSG00000094344",679,489,787,710,732,739
"ENSMUSG00000094365",994,868,1132,1043,1034,910
"ENSMUSG00000094372",58,86,71,95,62,50
"ENSMUSG00000094377",393,468,376,430,606,598
"ENSMUSG00000094405",7,15,13,18,19,19
"ENSMUSG00000094410",10501,9374,9858,9816,11881,11104
"ENSMUSG00000094411",35,32,33,40,34,34
"ENSMUSG00000094439",1000,1085,1044,1223,1042,1150
"ENSMUSG00000094441",196,126,170,148,208,123
"ENSMUSG00000094447",152,191,244,357,331,448
"ENSMUSG00000094483",9305,9834,11500,10192,12630,11680
"ENSMUSG00000094487",82,96,72,81,95,83
"ENSMUSG00000094497",665,665,895,811,739,920
"ENSMUSG00000094518",18,15,21,18,13,14
"ENSMUSG00000094530",18,25,37,34,27,24
"ENSMUSG00000094551",24,25,19,32,25,35
"ENSMUSG00000094568",15,11,16,24,6,14
"ENSMUSG00000094594",12,9,18,10,16,19
"ENSMUSG00000094595",73,73,121,77,58,70
"ENSMUSG00000094634",13,26,20,12,18,14
"ENSMUSG00000094638",380,420,662,574,435,480
"ENSMUSG00000094655",115,160,281,310,222,246
"ENSMUSG00000094668",19,16,18,19,22,24
"ENSMUSG00000094685",48,46,90,83,77,53
"ENSMUSG00000094697",16,15,12,3,4,0
"ENSMUSG00000094724",5,8,27,19,17,21
"ENSMUSG00000094786",92,81,115,69,99,72
"ENSMUSG00000094814",68,66,32,38,14,6
"ENSMUSG00000094843",18,17,20,10,21,30
"ENSMUSG00000094870",1818,2317,1108,1526,1354,2791
"ENSMUSG00000094935",10,6,11,12,11,3
"ENSMUSG00000094936",749,679,658,720,697,573
"ENSMUSG00000094942",96,135,53,61,77,54
"ENSMUSG00000094947",96,46,18,2,28,0
"ENSMUSG00000094955",42,58,95,76,50,56
"ENSMUSG00000094958",254,207,197,228,250,266
"ENSMUSG00000094974",93,66,88,88,100,105
"ENSMUSG00000094989",8,16,34,26,15,18
"ENSMUSG00000095026",49,20,6,10,16,24
"ENSMUSG00000095041",994,1034,642,1155,694,580
"ENSMUSG00000095061",52,43,46,65,78,54
"ENSMUSG00000095098",229,186,181,191,199,262
"ENSMUSG00000095105",1883,1681,1987,2106,2820,2643
"ENSMUSG00000095115",374,422,1130,990,761,326
"ENSMUSG00000095118",124,133,139,154,151,227
"ENSMUSG00000095123",188,126,175,219,142,207
"ENSMUSG00000095134",20,23,20,15,22,41
"ENSMUSG00000095159",13,13,20,18,13,12
"ENSMUSG00000095193",27,29,31,24,21,12
"ENSMUSG00000095203",3,4,17,14,9,11
"ENSMUSG00000095205",9,15,10,10,8,11
"ENSMUSG00000095217",71,59,528,321,137,92
"ENSMUSG00000095224",49,43,6,7,37,18
"ENSMUSG00000095241",26,22,86,65,30,35
"ENSMUSG00000095253",459,345,396,426,608,345
"ENSMUSG00000095280",26,31,11,15,42,275
"ENSMUSG00000095315",18,27,19,19,13,8
"ENSMUSG00000095325",126,73,88,81,90,66
"ENSMUSG00000095332",15,16,29,24,17,11
"ENSMUSG00000095334",19,39,20,19,33,22
"ENSMUSG00000095361",8,16,5,8,11,11
"ENSMUSG00000095362",304,263,243,280,283,316
"ENSMUSG00000095395",3,11,14,8,19,6
"ENSMUSG00000095403",136,85,78,75,55,59
"ENSMUSG00000095432",446,256,343,341,430,242
"ENSMUSG00000095438",26,20,11,16,29,19
"ENSMUSG00000095440",49,36,61,50,74,72
"ENSMUSG00000095463",29,34,37,44,36,27
"ENSMUSG00000095464",191,206,246,185,174,159
"ENSMUSG00000095478",7,12,12,12,5,5
"ENSMUSG00000095524",14,6,16,11,16,15
"ENSMUSG00000095526",27,27,42,43,26,40
"ENSMUSG00000095530",24,16,14,30,16,19
"ENSMUSG00000095538",903,896,841,1206,1160,1176
"ENSMUSG00000095562",34,31,31,16,9,11
"ENSMUSG00000095567",1425,1530,2184,1639,1257,992
"ENSMUSG00000095576",1726,1171,3479,5677,4328,4199
"ENSMUSG00000095588",14,17,20,22,15,21
"ENSMUSG00000095595",20,17,17,14,17,12
"ENSMUSG00000095597",896,933,677,604,1095,1156
"ENSMUSG00000095651",7,13,17,15,10,9
"ENSMUSG00000095676",27,21,16,22,39,15
"ENSMUSG00000095677",36,40,71,81,54,35
"ENSMUSG00000095687",218,160,329,247,189,133
"ENSMUSG00000095690",180,106,114,109,124,110
"ENSMUSG00000095692",18,13,27,15,19,14
"ENSMUSG00000095738",35,35,25,40,66,78
"ENSMUSG00000095742",140,178,166,166,170,169
"ENSMUSG00000095762",18,22,10,7,11,16
"ENSMUSG00000095789",34,22,19,22,19,24
"ENSMUSG00000095865",23,31,21,15,19,37
"ENSMUSG00000095868",20,26,16,22,15,24
"ENSMUSG00000095892",32,40,28,50,68,89
"ENSMUSG00000095913",169,150,247,242,196,153
"ENSMUSG00000095930",124,100,43,76,61,89
"ENSMUSG00000095990",114,114,24,30,22,15
"ENSMUSG00000096001",19,13,21,8,6,9
"ENSMUSG00000096006",10,20,118,97,68,54
"ENSMUSG00000096010",166,91,496,407,235,175
"ENSMUSG00000096035",10,4,4,4,11,11
"ENSMUSG00000096052",43,30,14,12,17,18
"ENSMUSG00000096054",651,543,210,191,182,149
"ENSMUSG00000096056",284,262,209,249,280,266
"ENSMUSG00000096141",12,11,7,10,5,9
"ENSMUSG00000096145",540,492,528,467,520,461
"ENSMUSG00000096173",5,13,14,12,9,6
"ENSMUSG00000096188",1801,1717,1564,1516,1928,1470
"ENSMUSG00000096199",98,72,121,104,108,99
"ENSMUSG00000096210",2307,2270,1701,1986,2051,1855
"ENSMUSG00000096215",75,55,63,64,62,59
"ENSMUSG00000096221",273,243,389,345,277,243
"ENSMUSG00000096243",440,496,427,498,717,697
"ENSMUSG00000096252",20,20,28,24,23,25
"ENSMUSG00000096255",60,60,29,42,19,15
"ENSMUSG00000096257",16,16,10,7,16,9
"ENSMUSG00000096263",130,113,121,148,122,208
"ENSMUSG00000096299",24,25,31,20,26,9
"ENSMUSG00000096330",20,15,4,6,3,19
"ENSMUSG00000096349",5,114,6,15,19,14
"ENSMUSG00000096351",244,251,395,267,222,182
"ENSMUSG00000096370",967,881,1198,1239,1029,733
"ENSMUSG00000096401",167,95,81,97,51,78
"ENSMUSG00000096403",320,288,442,373,320,288
"ENSMUSG00000096433",363,271,391,350,370,256
"ENSMUSG00000096458",230,234,205,220,187,173
"ENSMUSG00000096472",76,69,84,56,66,59
"ENSMUSG00000096536",16,12,26,14,18,15
"ENSMUSG00000096544",146,170,222,207,178,192
"ENSMUSG00000096549",23,20,11,12,10,24
"ENSMUSG00000096592",95,194,50,6,63,9
"ENSMUSG00000096606",120,40,49,40,112,76
"ENSMUSG00000096647",42,9,35,48,39,73
"ENSMUSG00000096655",14,12,21,23,20,11
"ENSMUSG00000096681",93,66,88,89,100,105
"ENSMUSG00000096687",107,115,166,113,97,108
"ENSMUSG00000096696",142,141,90,109,95,78
"ENSMUSG00000096727",63,58,243,96,50,48
"ENSMUSG00000096740",254,244,419,344,312,298
"ENSMUSG00000096751",160,152,70,124,131,99
"ENSMUSG00000096764",1899,1549,861,875,1048,984
"ENSMUSG00000096768",261,209,446,529,238,511
"ENSMUSG00000096780",398,334,116,154,67,96
"ENSMUSG00000096795",70,53,51,43,67,43
"ENSMUSG00000096807",19,20,418,251,99,78
"ENSMUSG00000096841",19,15,27,14,21,21
"ENSMUSG00000096842",111,109,187,136,119,140
"ENSMUSG00000096862",131,80,17,38,39,59
"ENSMUSG00000096870",18,8,19,18,9,12
"ENSMUSG00000096910",92,68,74,73,79,47
"ENSMUSG00000096916",124,120,132,93,112,75
"ENSMUSG00000096917",43,54,33,39,34,47
"ENSMUSG00000096919",73,114,34,67,97,73
"ENSMUSG00000096923",162,128,154,122,134,102
"ENSMUSG00000096924",19,13,10,22,41,12
"ENSMUSG00000096926",82,45,61,34,57,30
"ENSMUSG00000096929",183,99,41,68,80,69
"ENSMUSG00000096932",16,12,5,12,14,6
"ENSMUSG00000096935",180,147,105,141,102,152
"ENSMUSG00000096938",577,706,87,110,257,380
"ENSMUSG00000096940",20,20,19,24,25,25
"ENSMUSG00000096941",316,258,179,216,252,284
"ENSMUSG00000096942",419,446,310,426,231,287
"ENSMUSG00000096944",500,493,672,570,629,431
"ENSMUSG00000096945",41,22,27,32,20,21
"ENSMUSG00000096947",377,442,305,399,497,418
"ENSMUSG00000096950",10,6,11,11,5,3
"ENSMUSG00000096953",32,16,64,27,25,19
"ENSMUSG00000096954",299,248,369,395,272,355
"ENSMUSG00000096956",464,397,368,512,402,329
"ENSMUSG00000096957",443,380,187,206,351,221
"ENSMUSG00000096959",31,20,26,40,20,14
"ENSMUSG00000096960",13,3,7,12,3,12
"ENSMUSG00000096967",69,38,28,55,43,54
"ENSMUSG00000096968",69,25,50,46,40,21
"ENSMUSG00000096969",49,34,77,51,63,50
"ENSMUSG00000096971",48,49,61,51,36,35
"ENSMUSG00000096972",5711,5804,1728,2231,4343,4706
"ENSMUSG00000096974",25,18,5,18,9,21
"ENSMUSG00000096975",30,25,13,19,16,12
"ENSMUSG00000096976",1454,1374,1522,1549,1342,1448
"ENSMUSG00000096979",24,9,7,10,6,14
"ENSMUSG00000096980",58,96,88,76,65,67
"ENSMUSG00000096981",155,147,166,150,141,133
"ENSMUSG00000096990",254,212,275,301,288,184
"ENSMUSG00000096991",43,46,61,72,50,53
"ENSMUSG00000096992",11789,10977,6721,7930,12229,15014
"ENSMUSG00000096993",272,239,360,334,332,253
"ENSMUSG00000096995",21,13,31,32,15,8
"ENSMUSG00000096996",78,54,80,68,66,48
"ENSMUSG00000097000",260,221,145,149,142,123
"ENSMUSG00000097004",392,357,404,416,317,325
"ENSMUSG00000097006",241,211,145,162,171,147
"ENSMUSG00000097008",63,75,50,43,46,51
"ENSMUSG00000097011",30,18,12,22,19,16
"ENSMUSG00000097014",15,18,6,11,13,14
"ENSMUSG00000097015",23,13,5,6,21,14
"ENSMUSG00000097017",79,41,20,36,68,62
"ENSMUSG00000097019",40,38,37,48,45,43
"ENSMUSG00000097020",18,21,18,19,13,9
"ENSMUSG00000097021",25,9,10,10,13,18
"ENSMUSG00000097022",46,34,71,73,90,60
"ENSMUSG00000097025",197,183,189,200,181,134
"ENSMUSG00000097026",180,120,198,186,139,125
"ENSMUSG00000097027",31,23,25,16,28,18
"ENSMUSG00000097030",62,53,64,80,89,60
"ENSMUSG00000097032",210,151,174,190,185,220
"ENSMUSG00000097033",186,201,293,289,231,200
"ENSMUSG00000097039",142,147,137,126,118,110
"ENSMUSG00000097042",183,157,130,154,129,137
"ENSMUSG00000097047",30,21,10,8,13,19
"ENSMUSG00000097048",301,265,177,252,232,255
"ENSMUSG00000097051",112,100,93,93,91,83
"ENSMUSG00000097055",23,13,9,15,7,11
"ENSMUSG00000097057",1082,1068,1701,1273,1135,1013
"ENSMUSG00000097059",347,275,199,220,253,298
"ENSMUSG00000097060",1107,1050,979,1207,1476,1422
"ENSMUSG00000097061",104,106,114,83,95,53
"ENSMUSG00000097062",31,38,43,39,51,43
"ENSMUSG00000097065",15,13,6,3,15,18
"ENSMUSG00000097069",32,26,13,8,19,21
"ENSMUSG00000097073",32,21,18,26,19,18
"ENSMUSG00000097077",45,58,55,46,48,43
"ENSMUSG00000097078",441,294,340,381,392,262
"ENSMUSG00000097080",76,45,66,65,52,60
"ENSMUSG00000097088",91,39,14,18,53,53
"ENSMUSG00000097089",273,233,170,173,227,253
"ENSMUSG00000097090",86,66,100,92,73,91
"ENSMUSG00000097092",43,50,32,43,37,32
"ENSMUSG00000097093",29,18,10,18,7,18
"ENSMUSG00000097098",14,7,7,7,29,21
"ENSMUSG00000097099",1215,1083,744,905,915,929
"ENSMUSG00000097100",101,71,76,84,72,56
"ENSMUSG00000097101",42,30,26,26,31,35
"ENSMUSG00000097111",90,95,50,50,63,41
"ENSMUSG00000097119",337,390,383,365,312,249
"ENSMUSG00000097120",20,9,12,10,9,8
"ENSMUSG00000097121",356,306,354,287,354,239
"ENSMUSG00000097122",5,18,16,26,11,18
"ENSMUSG00000097123",30,23,19,32,29,35
"ENSMUSG00000097124",129,114,55,112,85,78
"ENSMUSG00000097125",303,422,388,340,409,604
"ENSMUSG00000097128",183,128,202,150,177,144
"ENSMUSG00000097129",48,25,29,43,30,18
"ENSMUSG00000097131",81,66,53,65,64,34
"ENSMUSG00000097133",58,62,91,97,67,57
"ENSMUSG00000097135",46,36,16,27,15,14
"ENSMUSG00000097136",114,52,95,105,97,59
"ENSMUSG00000097138",84,97,191,158,114,117
"ENSMUSG00000097139",241,211,427,318,294,281
"ENSMUSG00000097140",49,38,28,32,41,32
"ENSMUSG00000097141",36,66,95,84,89,89
"ENSMUSG00000097142",728,803,496,545,545,848
"ENSMUSG00000097145",169,113,61,106,78,112
"ENSMUSG00000097149",62,39,28,32,42,34
"ENSMUSG00000097150",34,31,35,30,36,27
"ENSMUSG00000097151",35,39,43,53,42,37
"ENSMUSG00000097152",21,23,42,39,18,18
"ENSMUSG00000097154",25,25,19,8,8,22
"ENSMUSG00000097157",12,17,14,16,18,9
"ENSMUSG00000097158",31,44,37,61,42,46
"ENSMUSG00000097159",156,122,129,120,97,105
"ENSMUSG00000097160",12,20,70,51,15,31
"ENSMUSG00000097162",32,35,25,34,33,50
"ENSMUSG00000097164",444,438,330,322,363,329
"ENSMUSG00000097166",26,20,10,12,14,9
"ENSMUSG00000097167",156,119,122,108,133,114
"ENSMUSG00000097170",596,514,472,526,578,493
"ENSMUSG00000097174",23,7,13,11,18,11
"ENSMUSG00000097177",31,36,27,34,23,34
"ENSMUSG00000097180",90,124,103,79,64,80
"ENSMUSG00000097183",65,35,26,73,63,85
"ENSMUSG00000097185",459,346,390,379,446,342
"ENSMUSG00000097187",21,17,11,8,10,3
"ENSMUSG00000097191",16,13,3,10,9,6
"ENSMUSG00000097193",23,21,10,18,21,12
"ENSMUSG00000097195",328,307,651,435,208,290
"ENSMUSG00000097197",115,145,174,134,104,125
"ENSMUSG00000097204",262,206,369,394,278,217
"ENSMUSG00000097206",463,332,369,432,368,389
"ENSMUSG00000097207",42,75,46,39,30,34
"ENSMUSG00000097209",482,383,365,533,376,435
"ENSMUSG00000097211",205,202,167,186,179,172
"ENSMUSG00000097215",23,26,69,60,18,18
"ENSMUSG00000097216",621,644,353,158,1009,492
"ENSMUSG00000097217",60,57,31,42,39,53
"ENSMUSG00000097219",36,34,14,30,23,41
"ENSMUSG00000097221",542,515,419,517,577,505
"ENSMUSG00000097224",107,147,268,232,197,163
"ENSMUSG00000097226",15,8,3,11,8,16
"ENSMUSG00000097230",48,41,27,28,26,22
"ENSMUSG00000097231",304,217,228,208,223,171
"ENSMUSG00000097233",30,16,5,8,8,11
"ENSMUSG00000097234",1802,1532,1691,1636,1713,1570
"ENSMUSG00000097236",27,15,2,11,8,8
"ENSMUSG00000097239",276,275,499,412,357,314
"ENSMUSG00000097242",444,312,451,532,352,500
"ENSMUSG00000097243",76,48,16,16,23,41
"ENSMUSG00000097246",46,32,25,18,15,27
"ENSMUSG00000097249",32,77,9,20,21,37
"ENSMUSG00000097250",20,18,7,3,27,18
"ENSMUSG00000097251",34,40,31,27,33,28
"ENSMUSG00000097253",47,43,63,76,61,47
"ENSMUSG00000097254",16,11,11,14,11,12
"ENSMUSG00000097257",217,168,166,178,160,165
"ENSMUSG00000097258",189,129,54,99,111,95
"ENSMUSG00000097261",8,15,11,6,8,11
"ENSMUSG00000097262",966,570,455,582,275,368
"ENSMUSG00000097263",41,31,22,27,18,21
"ENSMUSG00000097266",282,143,130,195,195,230
"ENSMUSG00000097267",92,62,69,89,84,112
"ENSMUSG00000097271",35,20,5,10,7,14
"ENSMUSG00000097272",265,243,293,292,162,281
"ENSMUSG00000097274",141,112,34,40,62,54
"ENSMUSG00000097275",1048,1071,768,759,922,871
"ENSMUSG00000097276",16,48,22,18,45,24
"ENSMUSG00000097277",53,57,61,53,41,24
"ENSMUSG00000097279",12,13,18,14,13,12
"ENSMUSG00000097282",38,49,91,118,78,128
"ENSMUSG00000097284",71,91,50,96,52,51
"ENSMUSG00000097287",108,76,65,69,118,76
"ENSMUSG00000097290",350,350,254,298,319,205
"ENSMUSG00000097293",26,32,64,27,28,14
"ENSMUSG00000097294",113,118,42,46,75,79
"ENSMUSG00000097295",19,15,21,26,25,32
"ENSMUSG00000097296",252,142,206,358,177,173
"ENSMUSG00000097300",276,266,203,263,330,361
"ENSMUSG00000097301",31,36,6,11,11,18
"ENSMUSG00000097305",68,38,63,40,14,12
"ENSMUSG00000097309",113,112,66,61,52,78
"ENSMUSG00000097312",4,9,6,11,11,108
"ENSMUSG00000097315",161,123,296,280,181,192
"ENSMUSG00000097316",101,113,47,65,69,99
"ENSMUSG00000097318",15,12,12,8,6,14
"ENSMUSG00000097320",133,71,87,97,77,69
"ENSMUSG00000097321",122,92,44,39,78,80
"ENSMUSG00000097322",161,152,92,102,123,88
"ENSMUSG00000097324",18,4,10,19,14,11
"ENSMUSG00000097325",47,44,5,8,8,16
"ENSMUSG00000097327",0,12,36,40,31,0
"ENSMUSG00000097328",338,257,50,69,112,96
"ENSMUSG00000097329",179,186,113,106,160,147
"ENSMUSG00000097330",235,220,73,101,176,123
"ENSMUSG00000097331",301,304,286,322,324,303
"ENSMUSG00000097333",189,127,216,183,225,118
"ENSMUSG00000097334",15,11,17,10,11,9
"ENSMUSG00000097335",207,230,264,235,217,205
"ENSMUSG00000097337",25,25,6,27,25,15
"ENSMUSG00000097340",456,496,303,317,453,381
"ENSMUSG00000097343",32,35,25,31,33,27
"ENSMUSG00000097346",577,492,668,559,528,612
"ENSMUSG00000097347",1243,1274,1775,1724,1484,1348
"ENSMUSG00000097350",14,16,18,19,9,18
"ENSMUSG00000097353",81,57,29,40,45,51
"ENSMUSG00000097354",150,180,404,464,341,264
"ENSMUSG00000097357",46,21,103,91,100,95
"ENSMUSG00000097358",95,113,118,100,96,82
"ENSMUSG00000097364",45,49,7,12,18,15
"ENSMUSG00000097365",1479,1374,917,1150,1655,1439
"ENSMUSG00000097367",277,238,403,272,240,195
"ENSMUSG00000097368",146,183,139,110,111,101
"ENSMUSG00000097369",43,30,24,19,23,35
"ENSMUSG00000097372",30,41,6,20,23,16
"ENSMUSG00000097375",475,429,284,479,395,448
"ENSMUSG00000097378",15,16,12,16,14,15
"ENSMUSG00000097379",179,170,199,200,165,149
"ENSMUSG00000097380",76,77,107,114,101,46
"ENSMUSG00000097381",347,289,258,239,281,325
"ENSMUSG00000097386",35,30,14,14,15,24
"ENSMUSG00000097390",106,104,55,92,95,76
"ENSMUSG00000097392",301,341,243,344,161,185
"ENSMUSG00000097397",257,187,243,239,276,188
"ENSMUSG00000097403",48,43,41,34,27,35
"ENSMUSG00000097404",300,302,333,404,385,374
"ENSMUSG00000097405",327,257,270,253,242,224
"ENSMUSG00000097407",73,83,183,124,106,76
"ENSMUSG00000097410",241,253,431,338,267,216
"ENSMUSG00000097411",174,122,295,223,129,137
"ENSMUSG00000097412",5073,6733,4778,5476,3642,3856
"ENSMUSG00000097414",729,651,673,643,655,563
"ENSMUSG00000097415",89,108,521,246,86,53
"ENSMUSG00000097417",10718,18871,8277,7809,11746,13863
"ENSMUSG00000097418",12,25,12,11,14,21
"ENSMUSG00000097422",10,13,5,10,11,9
"ENSMUSG00000097429",0,3,24,18,14,6
"ENSMUSG00000097431",87,57,48,50,63,54
"ENSMUSG00000097433",189,175,182,166,206,236
"ENSMUSG00000097439",166,145,199,202,171,168
"ENSMUSG00000097440",26,18,19,19,19,16
"ENSMUSG00000097442",73,62,17,35,39,41
"ENSMUSG00000097443",74,64,49,73,68,76
"ENSMUSG00000097445",414,420,832,649,530,458
"ENSMUSG00000097451",38,180,5,15,13,40
"ENSMUSG00000097453",661,925,162,309,796,689
"ENSMUSG00000097454",41,27,78,87,39,31
"ENSMUSG00000097455",21,16,13,11,16,15
"ENSMUSG00000097457",328,455,422,374,357,258
"ENSMUSG00000097461",1967,2091,5145,4999,3890,4382
"ENSMUSG00000097462",541,383,70,81,196,216
"ENSMUSG00000097467",86,69,155,130,86,66
"ENSMUSG00000097469",369,332,434,406,520,335
"ENSMUSG00000097470",25,21,46,20,27,22
"ENSMUSG00000097472",1380,1462,1536,1460,1246,1667
"ENSMUSG00000097473",16,13,18,24,23,31
"ENSMUSG00000097474",10,15,0,7,3,14
"ENSMUSG00000097476",40,32,11,26,42,48
"ENSMUSG00000097479",2760,3083,2759,2930,3052,2633
"ENSMUSG00000097481",45,26,27,27,29,41
"ENSMUSG00000097482",4,11,12,3,11,8
"ENSMUSG00000097487",114,82,77,100,100,67
"ENSMUSG00000097488",267,251,232,236,301,217
"ENSMUSG00000097491",1391,1291,1738,1501,1824,1758
"ENSMUSG00000097493",2173,1619,1099,1325,1719,1429
"ENSMUSG00000097494",34,18,5,8,8,14
"ENSMUSG00000097497",26,12,14,24,11,28
"ENSMUSG00000097501",78,59,37,53,67,62
"ENSMUSG00000097504",71,72,26,38,65,66
"ENSMUSG00000097505",248,309,118,89,189,195
"ENSMUSG00000097507",292,269,202,190,262,227
"ENSMUSG00000097509",42,35,51,31,39,31
"ENSMUSG00000097517",103,67,92,83,69,54
"ENSMUSG00000097518",63,54,73,71,56,43
"ENSMUSG00000097523",16,18,9,12,15,9
"ENSMUSG00000097524",32,30,2,4,5,11
"ENSMUSG00000097525",14,17,32,28,18,21
"ENSMUSG00000097527",29,15,4,3,6,11
"ENSMUSG00000097530",10,9,17,14,18,14
"ENSMUSG00000097533",657,688,545,554,602,566
"ENSMUSG00000097534",59,54,44,28,43,41
"ENSMUSG00000097535",26,18,13,12,21,22
"ENSMUSG00000097536",296,262,139,255,200,316
"ENSMUSG00000097537",398,424,755,574,567,486
"ENSMUSG00000097542",588,424,294,288,448,397
"ENSMUSG00000097546",835,821,908,894,816,781
"ENSMUSG00000097553",13,18,26,26,13,11
"ENSMUSG00000097554",3430,4340,7025,6356,5141,5157
"ENSMUSG00000097558",18,21,28,14,20,19
"ENSMUSG00000097559",161,63,21,36,21,82
"ENSMUSG00000097560",285,258,128,116,165,157
"ENSMUSG00000097564",349,366,68,95,246,269
"ENSMUSG00000097565",107,104,99,110,130,82
"ENSMUSG00000097566",497,288,345,291,596,473
"ENSMUSG00000097567",54,57,72,60,39,31
"ENSMUSG00000097569",30,40,5,10,14,28
"ENSMUSG00000097571",40,39,61,53,37,32
"ENSMUSG00000097573",21,25,13,15,19,28
"ENSMUSG00000097577",409,351,458,522,378,357
"ENSMUSG00000097578",38,29,28,36,16,28
"ENSMUSG00000097579",20,17,3,12,6,18
"ENSMUSG00000097582",677,673,614,857,762,708
"ENSMUSG00000097583",45,27,14,26,26,19
"ENSMUSG00000097585",32,30,26,38,42,25
"ENSMUSG00000097589",425,540,306,544,415,393
"ENSMUSG00000097590",84,94,95,83,111,130
"ENSMUSG00000097591",18,21,5,8,10,11
"ENSMUSG00000097595",172,133,157,151,133,110
"ENSMUSG00000097597",38,34,12,27,38,37
"ENSMUSG00000097603",16,13,17,3,6,11
"ENSMUSG00000097605",331,234,317,341,363,380
"ENSMUSG00000097610",120,137,125,140,136,130
"ENSMUSG00000097614",536,521,316,296,565,669
"ENSMUSG00000097616",41,27,20,15,30,3
"ENSMUSG00000097619",35,20,4,10,7,16
"ENSMUSG00000097620",285,303,301,298,302,301
"ENSMUSG00000097622",317,229,570,451,219,259
"ENSMUSG00000097625",42,17,26,31,17,32
"ENSMUSG00000097632",18,12,9,8,15,12
"ENSMUSG00000097633",133,119,116,197,150,160
"ENSMUSG00000097634",38,29,49,43,65,48
"ENSMUSG00000097635",58,59,49,56,75,82
"ENSMUSG00000097636",12,12,21,51,32,22
"ENSMUSG00000097637",40,20,12,15,26,25
"ENSMUSG00000097639",20,43,12,18,21,31
"ENSMUSG00000097640",120,67,127,108,112,102
"ENSMUSG00000097641",76,91,69,65,65,59
"ENSMUSG00000097643",317,383,339,344,381,442
"ENSMUSG00000097649",42,45,14,10,14,18
"ENSMUSG00000097654",207,254,647,757,322,285
"ENSMUSG00000097656",97,122,120,141,92,121
"ENSMUSG00000097657",5,8,14,18,14,16
"ENSMUSG00000097658",254,201,553,365,267,198
"ENSMUSG00000097660",904,904,1623,1398,1082,986
"ENSMUSG00000097662",51,58,4,6,3,12
"ENSMUSG00000097664",459,401,802,692,488,447
"ENSMUSG00000097665",95,85,103,89,94,92
"ENSMUSG00000097667",115,128,48,67,94,88
"ENSMUSG00000097672",20,41,10,15,18,35
"ENSMUSG00000097675",612,710,211,253,290,371
"ENSMUSG00000097680",333,484,806,738,460,474
"ENSMUSG00000097681",156,132,233,228,151,141
"ENSMUSG00000097684",25,20,20,18,25,18
"ENSMUSG00000097685",90,97,114,134,142,89
"ENSMUSG00000097690",20,30,17,23,17,19
"ENSMUSG00000097692",30,30,34,46,28,21
"ENSMUSG00000097700",56,55,51,55,54,48
"ENSMUSG00000097704",65,55,84,64,92,63
"ENSMUSG00000097706",148,147,72,81,98,124
"ENSMUSG00000097707",40,20,27,42,16,15
"ENSMUSG00000097709",5,3,10,15,10,9
"ENSMUSG00000097710",35,18,3,4,11,3
"ENSMUSG00000097712",95,103,81,80,83,120
"ENSMUSG00000097715",65,53,37,57,39,37
"ENSMUSG00000097718",31,22,10,16,15,12
"ENSMUSG00000097722",336,313,300,293,276,256
"ENSMUSG00000097723",14,16,13,10,13,15
"ENSMUSG00000097724",301,309,314,375,281,230
"ENSMUSG00000097726",575,756,175,283,658,522
"ENSMUSG00000097728",218,129,255,296,301,220
"ENSMUSG00000097729",377,312,151,193,274,233
"ENSMUSG00000097731",487,507,551,555,539,557
"ENSMUSG00000097732",27,20,11,22,10,11
"ENSMUSG00000097734",46,36,39,40,31,19
"ENSMUSG00000097737",183,182,288,259,230,189
"ENSMUSG00000097739",0,0,12,14,13,0
"ENSMUSG00000097743",179,215,174,149,184,194
"ENSMUSG00000097746",65,58,17,26,23,56
"ENSMUSG00000097747",29,21,12,10,17,15
"ENSMUSG00000097748",765,676,738,753,857,745
"ENSMUSG00000097750",1352,1387,1432,1636,1183,1047
"ENSMUSG00000097751",408,280,142,162,184,332
"ENSMUSG00000097752",69,68,55,60,57,78
"ENSMUSG00000097760",69,55,62,63,66,72
"ENSMUSG00000097761",20,18,5,20,11,46
"ENSMUSG00000097763",217,242,325,293,257,232
"ENSMUSG00000097764",370,286,81,140,173,179
"ENSMUSG00000097768",129,131,100,89,94,86
"ENSMUSG00000097769",163,182,454,306,277,329
"ENSMUSG00000097770",3009,2665,7544,8644,5879,5488
"ENSMUSG00000097772",204,221,185,169,118,162
"ENSMUSG00000097773",24,20,14,42,14,21
"ENSMUSG00000097774",73,91,43,52,33,24
"ENSMUSG00000097775",74,89,54,55,61,64
"ENSMUSG00000097777",135,124,183,153,145,150
"ENSMUSG00000097781",46,52,63,44,46,34
"ENSMUSG00000097786",305,320,235,242,255,329
"ENSMUSG00000097787",56,50,18,31,20,34
"ENSMUSG00000097788",137,100,47,69,78,115
"ENSMUSG00000097789",26,21,10,10,10,16
"ENSMUSG00000097790",12,18,3,18,8,0
"ENSMUSG00000097791",174,149,176,223,202,314
"ENSMUSG00000097792",69,39,28,48,74,48
"ENSMUSG00000097793",180,228,280,248,226,221
"ENSMUSG00000097799",2554,3184,2076,2072,2280,2401
"ENSMUSG00000097800",1558,1418,2175,1698,1840,1653
"ENSMUSG00000097804",56,48,136,35,58,50
"ENSMUSG00000097805",24,44,31,44,44,60
"ENSMUSG00000097806",92,67,28,30,50,51
"ENSMUSG00000097811",139,87,137,136,158,112
"ENSMUSG00000097814",161,142,25,77,45,30
"ENSMUSG00000097815",12770,15515,11262,10879,9346,9430
"ENSMUSG00000097816",1351,867,989,963,1313,1314
"ENSMUSG00000097817",447,372,496,484,397,368
"ENSMUSG00000097818",76,34,91,63,69,67
"ENSMUSG00000097819",52,41,22,23,32,41
"ENSMUSG00000097820",592,660,463,599,542,511
"ENSMUSG00000097823",23,21,13,10,19,31
"ENSMUSG00000097825",21,8,6,4,25,34
"ENSMUSG00000097828",84,106,184,170,85,99
"ENSMUSG00000097834",35,31,6,7,11,12
"ENSMUSG00000097835",29,34,20,10,11,22
"ENSMUSG00000097836",20,9,9,7,18,14
"ENSMUSG00000097839",140,119,179,166,199,143
"ENSMUSG00000097842",43,20,9,22,33,25
"ENSMUSG00000097845",117,166,53,72,86,118
"ENSMUSG00000097850",1193,1223,767,918,1182,1140
"ENSMUSG00000097854",474,427,628,555,463,455
"ENSMUSG00000097855",27,22,9,15,8,25
"ENSMUSG00000097857",31,16,14,40,18,16
"ENSMUSG00000097858",20,17,10,4,9,6
"ENSMUSG00000097859",16,13,10,24,23,18
"ENSMUSG00000097860",49,38,102,83,69,53
"ENSMUSG00000097861",215,219,90,106,144,136
"ENSMUSG00000097862",51,76,13,24,52,73
"ENSMUSG00000097864",73,104,114,109,90,72
"ENSMUSG00000097867",107,97,122,97,119,99
"ENSMUSG00000097872",27,26,7,12,25,14
"ENSMUSG00000097874",43,40,69,39,52,48
"ENSMUSG00000097875",21,13,5,11,9,12
"ENSMUSG00000097876",219,237,173,202,193,197
"ENSMUSG00000097879",16,11,16,6,10,18
"ENSMUSG00000097882",56,58,66,81,79,78
"ENSMUSG00000097885",71,36,28,43,42,56
"ENSMUSG00000097887",93,68,28,44,66,47
"ENSMUSG00000097889",540,876,318,349,352,531
"ENSMUSG00000097891",57,46,81,46,45,62
"ENSMUSG00000097893",234,207,161,163,208,172
"ENSMUSG00000097899",19,13,20,19,45,30
"ENSMUSG00000097903",407,355,431,330,350,384
"ENSMUSG00000097904",89,43,77,64,65,51
"ENSMUSG00000097906",36,81,1004,571,773,702
"ENSMUSG00000097908",93,96,143,159,137,83
"ENSMUSG00000097911",27,38,2,19,6,12
"ENSMUSG00000097912",41,20,14,19,13,18
"ENSMUSG00000097919",130,90,133,137,104,118
"ENSMUSG00000097923",13,12,107,64,18,16
"ENSMUSG00000097924",19,18,7,11,9,16
"ENSMUSG00000097925",1277,1207,433,555,1033,1134
"ENSMUSG00000097928",120,106,174,125,168,316
"ENSMUSG00000097944",14,16,20,14,9,9
"ENSMUSG00000097950",25,15,0,12,3,25
"ENSMUSG00000097967",10,9,13,12,13,2
"ENSMUSG00000097970",27,30,18,34,19,48
"ENSMUSG00000097971",131844,161016,185082,182008,131614,189176
"ENSMUSG00000097974",78,29,26,22,64,60
"ENSMUSG00000097976",13,26,7,16,8,28
"ENSMUSG00000097990",59,83,168,174,68,80
"ENSMUSG00000097994",157,143,58,65,97,107
"ENSMUSG00000097997",19,41,17,34,20,16
"ENSMUSG00000097998",35,27,13,26,20,54
"ENSMUSG00000098004",58,49,44,52,43,50
"ENSMUSG00000098022",93,62,47,55,62,41
"ENSMUSG00000098026",36,36,21,27,22,50
"ENSMUSG00000098041",282,180,93,185,124,133
"ENSMUSG00000098043",40,27,11,7,15,18
"ENSMUSG00000098066",350,383,220,248,240,381
"ENSMUSG00000098068",46,32,25,28,31,88
"ENSMUSG00000098078",24,16,10,20,11,14
"ENSMUSG00000098082",19,11,5,7,15,5
"ENSMUSG00000098088",15,27,16,35,21,21
"ENSMUSG00000098090",21,38,101,76,31,63
"ENSMUSG00000098098",13,22,10,4,6,14
"ENSMUSG00000098101",5,12,17,16,9,15
"ENSMUSG00000098104",14,21,12,11,18,6
"ENSMUSG00000098112",14,18,27,11,10,3
"ENSMUSG00000098120",16,12,17,24,17,21
"ENSMUSG00000098132",311,210,140,102,201,176
"ENSMUSG00000098134",301,256,153,178,224,130
"ENSMUSG00000098140",272,203,164,146,182,149
"ENSMUSG00000098146",20,12,19,26,19,16
"ENSMUSG00000098155",25,17,13,12,10,14
"ENSMUSG00000098166",12,8,12,6,11,11
"ENSMUSG00000098176",162,104,62,63,94,85
"ENSMUSG00000098178",135691,148628,146055,153248,124941,153871
"ENSMUSG00000098183",25,32,28,23,22,19
"ENSMUSG00000098184",34,30,29,52,56,22
"ENSMUSG00000098188",1346,2009,1742,1610,1547,1615
"ENSMUSG00000098192",8,11,64,50,32,44
"ENSMUSG00000098196",117,106,92,75,104,134
"ENSMUSG00000098207",3,8,19,15,3,15
"ENSMUSG00000098224",14,8,7,11,7,16
"ENSMUSG00000098234",146,120,227,218,115,156
"ENSMUSG00000098243",18,11,17,27,19,30
"ENSMUSG00000098253",24,26,18,24,20,11
"ENSMUSG00000098255",32,38,27,26,30,18
"ENSMUSG00000098259",8,9,14,19,9,11
"ENSMUSG00000098265",705,732,699,744,666,644
"ENSMUSG00000098269",413,335,686,544,375,329
"ENSMUSG00000098274",2935,2986,3839,3335,3346,3680
"ENSMUSG00000098285",56,53,59,46,56,38
"ENSMUSG00000098286",36,27,34,26,41,44
"ENSMUSG00000098302",229,230,205,182,232,258
"ENSMUSG00000098306",31,27,10,10,20,12
"ENSMUSG00000098318",5,13,24,8,10,5
"ENSMUSG00000098332",130,132,165,174,147,110
"ENSMUSG00000098338",69,40,40,43,46,40
"ENSMUSG00000098343",18,16,13,10,10,22
"ENSMUSG00000098355",40,48,42,36,38,30
"ENSMUSG00000098362",26,48,33,23,29,37
"ENSMUSG00000098364",139,77,54,48,31,53
"ENSMUSG00000098371",2990,3089,3893,3387,3389,3734
"ENSMUSG00000098374",1620,1504,1753,1532,1424,1263
"ENSMUSG00000098376",8,8,20,12,5,14
"ENSMUSG00000098387",126,114,111,89,101,115
"ENSMUSG00000098396",49,64,55,43,41,43
"ENSMUSG00000098399",46,34,43,28,33,30
"ENSMUSG00000098403",15,16,29,38,20,27
"ENSMUSG00000098404",45,69,43,64,33,48
"ENSMUSG00000098410",47,54,43,57,38,31
"ENSMUSG00000098435",135,78,55,71,78,69
"ENSMUSG00000098439",51,35,26,28,36,19
"ENSMUSG00000098447",19,17,17,18,19,9
"ENSMUSG00000098453",10,4,3,10,6,11
"ENSMUSG00000098457",136,157,130,167,110,240
"ENSMUSG00000098462",10601,12031,8699,13563,9866,13355
"ENSMUSG00000098465",29,23,4,12,3,3
"ENSMUSG00000098468",5,7,14,11,17,11
"ENSMUSG00000098470",3923,4085,99,236,798,561
"ENSMUSG00000098482",19,18,9,10,14,8
"ENSMUSG00000098483",23,15,6,11,15,14
"ENSMUSG00000098488",100,75,64,52,32,43
"ENSMUSG00000098503",378,434,398,431,411,396
"ENSMUSG00000098530",46,55,68,47,43,38
"ENSMUSG00000098536",13,26,6,11,18,21
"ENSMUSG00000098543",383,285,318,693,237,515
"ENSMUSG00000098547",13,6,7,12,7,16
"ENSMUSG00000098557",1045,1161,712,782,787,1181
"ENSMUSG00000098562",18,15,13,14,19,12
"ENSMUSG00000098573",442,447,472,383,422,503
"ENSMUSG00000098588",124,124,115,102,125,124
"ENSMUSG00000098595",14,15,7,12,9,8
"ENSMUSG00000098596",16,21,27,34,32,22
"ENSMUSG00000098597",206,200,236,247,169,156
"ENSMUSG00000098602",7,11,3,12,14,9
"ENSMUSG00000098603",9,20,10,15,7,6
"ENSMUSG00000098604",10,18,13,15,16,25
"ENSMUSG00000098609",101,95,63,63,56,66
"ENSMUSG00000098623",32,23,42,31,43,35
"ENSMUSG00000098624",18,11,14,22,17,16
"ENSMUSG00000098626",20,12,12,20,18,21
"ENSMUSG00000098650",2236,2109,2035,1939,2991,3108
"ENSMUSG00000098652",111,119,101,73,108,149
"ENSMUSG00000098674",23,17,10,11,8,14
"ENSMUSG00000098683",29,29,11,12,17,18
"ENSMUSG00000098692",24,22,20,24,25,21
"ENSMUSG00000098701",84,72,135,126,90,88
"ENSMUSG00000098702",342,166,270,273,216,365
"ENSMUSG00000098708",54,16,47,40,57,43
"ENSMUSG00000098710",9,26,10,19,13,19
"ENSMUSG00000098711",49,66,63,34,40,40
"ENSMUSG00000098716",25,35,28,32,28,38
"ENSMUSG00000098717",45,57,26,42,40,40
"ENSMUSG00000098720",7,8,7,16,13,15
"ENSMUSG00000098721",21,31,19,16,13,11
"ENSMUSG00000098735",147,113,118,112,107,104
"ENSMUSG00000098749",10,25,6,14,13,24
"ENSMUSG00000098751",86,87,50,56,63,46
"ENSMUSG00000098754",316,332,353,353,315,207
"ENSMUSG00000098761",36,18,19,34,27,31
"ENSMUSG00000098766",75,50,35,69,61,34
"ENSMUSG00000098781",46,35,29,42,38,30
"ENSMUSG00000098785",10,13,5,8,13,16
"ENSMUSG00000098789",111,87,85,46,43,53
"ENSMUSG00000098792",21,15,12,16,17,14
"ENSMUSG00000098793",25,23,26,24,18,24
"ENSMUSG00000098794",129,138,188,200,177,120
"ENSMUSG00000098798",40,31,64,47,49,56
"ENSMUSG00000098808",21,12,14,36,21,14
"ENSMUSG00000098812",172,133,114,118,146,181
"ENSMUSG00000098825",9,20,12,19,10,8
"ENSMUSG00000098826",98,83,105,92,96,92
"ENSMUSG00000098842",14,11,10,16,5,6
"ENSMUSG00000098843",62,118,44,77,61,127
"ENSMUSG00000098844",24,20,17,22,26,46
"ENSMUSG00000098850",13,18,18,23,7,19
"ENSMUSG00000098857",14,13,9,14,11,16
"ENSMUSG00000098859",13,17,12,6,7,12
"ENSMUSG00000098863",134,100,55,57,86,91
"ENSMUSG00000098880",23,15,17,14,13,15
"ENSMUSG00000098889",265,215,206,287,211,229
"ENSMUSG00000098890",37,17,26,22,31,35
"ENSMUSG00000098905",160,128,179,166,182,107
"ENSMUSG00000098906",42,38,66,38,27,28
"ENSMUSG00000098907",68,48,101,71,61,40
"ENSMUSG00000098912",371,357,241,251,257,89
"ENSMUSG00000098914",30,31,17,24,30,32
"ENSMUSG00000098915",8,17,16,8,16,9
"ENSMUSG00000098917",100,76,66,91,97,62
"ENSMUSG00000098923",197,174,246,193,216,136
"ENSMUSG00000098926",81,86,106,84,66,57
"ENSMUSG00000098943",15,20,9,14,14,11
"ENSMUSG00000098948",369,378,338,378,358,336
"ENSMUSG00000098950",2646,2543,2583,2508,3073,2744
"ENSMUSG00000098954",41,22,26,27,28,22
"ENSMUSG00000098955",211,229,280,370,292,261
"ENSMUSG00000098956",74,77,65,68,72,63
"ENSMUSG00000098967",7,23,17,18,17,14
"ENSMUSG00000098969",103,99,57,64,80,79
"ENSMUSG00000098972",41,34,40,55,27,34
"ENSMUSG00000098973",2063,2447,2189,2362,2202,2489
"ENSMUSG00000098974",312,221,315,600,215,422
"ENSMUSG00000098975",10,7,10,12,13,11
"ENSMUSG00000098977",18,15,29,20,25,32
"ENSMUSG00000098986",403,283,364,783,342,532
"ENSMUSG00000098987",4,6,11,2,16,31
"ENSMUSG00000098992",2788,2484,3220,2812,2775,2826
"ENSMUSG00000098997",27,23,16,20,19,18
"ENSMUSG00000098998",18,13,26,22,19,15
"ENSMUSG00000099009",18,11,2,0,7,11
"ENSMUSG00000099016",9,8,10,14,8,11
"ENSMUSG00000099021",71,35,81,106,75,35
"ENSMUSG00000099024",15,27,28,35,17,12
"ENSMUSG00000099032",129,113,19,36,73,63
"ENSMUSG00000099033",23,17,7,12,18,14
"ENSMUSG00000099034",128,140,95,106,156,150
"ENSMUSG00000099041",1495,1504,1132,1268,1343,1005
"ENSMUSG00000099047",49,87,116,96,96,76
"ENSMUSG00000099051",273,336,279,252,261,313
"ENSMUSG00000099062",13,16,11,12,11,14
"ENSMUSG00000099079",12,12,11,11,4,14
"ENSMUSG00000099081",617,565,559,655,600,599
"ENSMUSG00000099083",5118,4457,3965,4350,5378,4262
"ENSMUSG00000099088",87,91,85,85,80,85
"ENSMUSG00000099094",15,12,14,14,13,9
"ENSMUSG00000099096",10,7,16,23,20,21
"ENSMUSG00000099098",64,27,36,57,27,32
"ENSMUSG00000099101",19,11,10,19,13,11
"ENSMUSG00000099107",79,45,11,39,52,63
"ENSMUSG00000099110",40,49,21,35,51,73
"ENSMUSG00000099112",816,802,903,877,869,759
"ENSMUSG00000099125",32,31,21,30,28,21
"ENSMUSG00000099127",64,43,51,52,45,66
"ENSMUSG00000099133",93,63,87,118,94,95
"ENSMUSG00000099137",169,147,143,167,147,146
"ENSMUSG00000099142",96,67,50,53,58,67
"ENSMUSG00000099144",29,45,33,53,42,24
"ENSMUSG00000099146",153,238,99,149,269,255
"ENSMUSG00000099151",24,15,12,11,25,5
"ENSMUSG00000099165",12,9,12,14,22,12
"ENSMUSG00000099192",13,13,9,7,10,8
"ENSMUSG00000099204",15,21,6,10,9,15
"ENSMUSG00000099206",14,15,11,26,4,14
"ENSMUSG00000099225",18,22,11,18,16,12
"ENSMUSG00000099227",1622,1499,1115,1143,1560,1134
"ENSMUSG00000099240",47,38,32,31,40,53
"ENSMUSG00000099245",56,49,26,36,55,41
"ENSMUSG00000099248",190,160,139,112,166,136
"ENSMUSG00000099250",161,109,162,226,169,146
"ENSMUSG00000099270",34,23,21,16,19,8
"ENSMUSG00000099275",16,15,51,42,19,9
"ENSMUSG00000099284",4,11,6,11,9,11
"ENSMUSG00000099295",12,8,16,16,11,6
"ENSMUSG00000099311",70,67,58,38,55,60
"ENSMUSG00000099314",19,21,13,12,11,18
"ENSMUSG00000099318",25,15,27,23,27,8
"ENSMUSG00000099324",70,48,24,28,38,37
"ENSMUSG00000099329",158,140,192,175,180,156
"ENSMUSG00000099342",7,13,14,19,10,16
"ENSMUSG00000099373",24,20,26,15,25,15
"ENSMUSG00000099397",63,149,160,130,150,169
"ENSMUSG00000099407",7,13,4,0,10,11
"ENSMUSG00000099419",37,27,33,35,40,44
"ENSMUSG00000099471",90,86,105,84,91,110
"ENSMUSG00000099478",57,52,43,34,42,34
"ENSMUSG00000099481",262,242,195,204,195,166
"ENSMUSG00000099492",9,17,21,23,20,19
"ENSMUSG00000099510",195,220,204,163,158,184
"ENSMUSG00000099517",10,32,367,223,72,50
"ENSMUSG00000099519",402,372,359,398,356,300
"ENSMUSG00000099521",200,225,268,302,305,362
"ENSMUSG00000099556",56,101,68,104,79,60
"ENSMUSG00000099568",133,156,21,24,136,88
"ENSMUSG00000099579",31,12,18,7,19,14
"ENSMUSG00000099583",179,124,913,726,310,226
"ENSMUSG00000099587",491,353,910,989,902,958
"ENSMUSG00000099590",91,123,560,295,125,147
"ENSMUSG00000099597",1041,1022,853,1105,1340,1358
"ENSMUSG00000099632",14,18,7,14,8,12
"ENSMUSG00000099644",53,20,12,7,14,14
"ENSMUSG00000099655",12,6,14,8,10,11
"ENSMUSG00000099681",134,131,138,136,132,131
"ENSMUSG00000099689",180,127,79,129,153,101
"ENSMUSG00000099703",1772,1963,2256,2016,1822,1792
"ENSMUSG00000099708",317,262,329,333,282,282
"ENSMUSG00000099746",96,86,85,76,135,76
"ENSMUSG00000099760",41,44,25,20,28,44
"ENSMUSG00000099764",140,166,187,157,164,152
"ENSMUSG00000099773",13,11,12,14,19,12
"ENSMUSG00000099809",57,31,24,35,51,34
"ENSMUSG00000099843",27,20,20,19,17,14
"ENSMUSG00000099851",199,209,221,187,195,182
"ENSMUSG00000099858",23,22,13,12,20,16
"ENSMUSG00000099869",57,129,95,91,97,86
"ENSMUSG00000099871",9,67,16,11,15,18
"ENSMUSG00000099874",35,17,39,28,15,30
"ENSMUSG00000099875",5,8,35,19,9,14
"ENSMUSG00000099876",23,12,14,24,14,11
"ENSMUSG00000099881",206,182,125,137,148,159
"ENSMUSG00000099908",901,852,959,965,1024,987
"ENSMUSG00000099913",804,711,915,877,714,530
"ENSMUSG00000099923",48,48,55,52,45,48
"ENSMUSG00000099931",76,66,55,97,63,105
"ENSMUSG00000099937",23,23,25,30,31,27
"ENSMUSG00000099954",15,7,33,35,31,16
"ENSMUSG00000099966",106,86,78,84,78,57
"ENSMUSG00000099998",32,38,44,34,32,31
"ENSMUSG00000100005",125,94,66,129,103,54
"ENSMUSG00000100017",161,109,84,84,104,95
"ENSMUSG00000100037",502,482,384,443,355,351
"ENSMUSG00000100039",227,169,44,71,104,102
"ENSMUSG00000100071",20,23,4,6,7,16
"ENSMUSG00000100075",119,101,136,136,123,102
"ENSMUSG00000100078",78,76,79,63,83,92
"ENSMUSG00000100081",62,40,37,60,53,47
"ENSMUSG00000100084",96,136,106,87,99,107
"ENSMUSG00000100104",8,13,9,10,10,14
"ENSMUSG00000100113",2553,2799,2819,3388,4212,3603
"ENSMUSG00000100130",476,443,377,329,388,412
"ENSMUSG00000100131",35,59,44,64,54,82
"ENSMUSG00000100153",73,54,77,81,46,38
"ENSMUSG00000100158",27,16,28,52,25,19
"ENSMUSG00000100162",20,21,13,14,15,12
"ENSMUSG00000100164",49,27,32,36,42,35
"ENSMUSG00000100199",16,12,25,34,23,15
"ENSMUSG00000100201",19,21,12,12,8,11
"ENSMUSG00000100210",284,228,1572,1263,623,637
"ENSMUSG00000100213",38,32,31,26,39,22
"ENSMUSG00000100215",130,163,20,34,54,66
"ENSMUSG00000100220",332,272,118,148,228,179
"ENSMUSG00000100235",177,163,137,169,178,131
"ENSMUSG00000100254",67,64,32,28,34,18
"ENSMUSG00000100259",234,215,222,191,179,171
"ENSMUSG00000100280",27,17,21,28,3,3
"ENSMUSG00000100281",29,21,31,23,17,15
"ENSMUSG00000100301",4,39,2,6,11,14
"ENSMUSG00000100302",9,11,11,10,4,8
"ENSMUSG00000100309",15,13,10,12,9,9
"ENSMUSG00000100354",10,12,12,11,5,15
"ENSMUSG00000100393",38,35,61,46,52,79
"ENSMUSG00000100394",25,40,53,44,44,44
"ENSMUSG00000100441",8,12,22,14,14,8
"ENSMUSG00000100444",3,3,80,92,16,22
"ENSMUSG00000100455",21,18,34,20,21,25
"ENSMUSG00000100480",10,11,10,7,5,12
"ENSMUSG00000100490",18,15,10,4,11,9
"ENSMUSG00000100502",29,12,13,18,15,12
"ENSMUSG00000100514",24,13,21,26,19,21
"ENSMUSG00000100548",371,311,239,280,287,252
"ENSMUSG00000100552",10,17,3,6,8,11
"ENSMUSG00000100594",13,17,13,8,8,8
"ENSMUSG00000100599",128,97,159,121,114,99
"ENSMUSG00000100621",197,160,191,187,197,156
"ENSMUSG00000100625",13,13,5,8,6,16
"ENSMUSG00000100627",126,68,34,36,71,50
"ENSMUSG00000100629",222,210,276,269,216,214
"ENSMUSG00000100632",47,31,47,39,30,25
"ENSMUSG00000100642",106,110,73,83,73,72
"ENSMUSG00000100679",182,129,191,187,133,125
"ENSMUSG00000100680",16,13,24,19,19,8
"ENSMUSG00000100685",37,52,22,27,53,69
"ENSMUSG00000100691",113,85,84,101,95,98
"ENSMUSG00000100733",32,23,29,50,43,40
"ENSMUSG00000100747",169,169,118,129,131,96
"ENSMUSG00000100755",69,75,137,102,98,111
"ENSMUSG00000100763",18,21,21,12,14,16
"ENSMUSG00000100768",7,2,11,11,16,12
"ENSMUSG00000100770",14,8,11,10,11,9
"ENSMUSG00000100775",16,22,16,12,21,28
"ENSMUSG00000100779",26,32,12,23,27,37
"ENSMUSG00000100786",36,25,14,15,25,24
"ENSMUSG00000100798",3,9,12,20,5,12
"ENSMUSG00000100801",3425,4335,7018,6347,5128,5148
"ENSMUSG00000100813",53,27,13,23,9,28
"ENSMUSG00000100815",15,13,29,44,31,18
"ENSMUSG00000100826",1000,1064,1105,993,1144,952
"ENSMUSG00000100833",29,8,18,30,17,14
"ENSMUSG00000100838",35,13,44,27,37,22
"ENSMUSG00000100860",95,38,21,16,33,40
"ENSMUSG00000100862",56,57,64,59,73,73
"ENSMUSG00000100863",23,35,35,36,40,18
"ENSMUSG00000100865",24,44,27,19,16,21
"ENSMUSG00000100876",48,39,16,20,22,31
"ENSMUSG00000100901",25,12,7,10,18,21
"ENSMUSG00000100916",27,16,49,34,51,28
"ENSMUSG00000100927",115,82,96,100,58,72
"ENSMUSG00000100931",19,12,9,15,21,19
"ENSMUSG00000100937",31,15,2,7,14,19
"ENSMUSG00000100954",385,388,354,359,249,293
"ENSMUSG00000100967",16,17,9,16,3,6
"ENSMUSG00000100980",400,386,90,85,167,217
"ENSMUSG00000100987",43,21,14,6,15,16
"ENSMUSG00000100992",30,22,34,31,32,28
"ENSMUSG00000101013",523,482,248,295,421,415
"ENSMUSG00000101014",112,132,139,102,122,140
"ENSMUSG00000101026",58,52,32,27,30,11
"ENSMUSG00000101028",25,21,3,4,9,12
"ENSMUSG00000101059",59,40,16,47,26,40
"ENSMUSG00000101061",42,25,5,10,10,15
"ENSMUSG00000101104",156,163,250,246,211,184
"ENSMUSG00000101111",54,78,77,63,63,82
"ENSMUSG00000101122",208,146,109,179,122,149
"ENSMUSG00000101135",15,8,13,10,14,14
"ENSMUSG00000101144",252,299,195,216,282,312
"ENSMUSG00000101152",206,311,213,231,263,234
"ENSMUSG00000101156",65,80,98,97,91,62
"ENSMUSG00000101162",1542,1256,2082,2175,2118,1964
"ENSMUSG00000101166",319,290,322,302,237,274
"ENSMUSG00000101168",80,68,40,68,78,59
"ENSMUSG00000101172",12,16,32,20,10,8
"ENSMUSG00000101174",148,141,115,120,96,95
"ENSMUSG00000101188",169,298,374,268,229,240
"ENSMUSG00000101191",46,72,81,137,141,152
"ENSMUSG00000101225",274,228,184,178,242,232
"ENSMUSG00000101249",18,40,39,55,74,53
"ENSMUSG00000101258",25,25,25,28,31,28
"ENSMUSG00000101268",289,220,37,68,107,217
"ENSMUSG00000101298",51,25,22,36,30,41
"ENSMUSG00000101304",930,737,694,884,412,839
"ENSMUSG00000101308",52,82,78,79,69,63
"ENSMUSG00000101309",15,9,22,23,18,21
"ENSMUSG00000101316",30,41,50,48,43,48
"ENSMUSG00000101320",227,191,131,144,144,175
"ENSMUSG00000101335",148,100,87,57,99,121
"ENSMUSG00000101344",7,20,4,12,11,8
"ENSMUSG00000101355",79,49,422,281,110,75
"ENSMUSG00000101365",36,25,6,22,23,30
"ENSMUSG00000101406",486,584,777,820,728,726
"ENSMUSG00000101431",48,77,62,71,63,73
"ENSMUSG00000101438",877,727,1053,879,588,618
"ENSMUSG00000101450",20,12,28,35,42,9
"ENSMUSG00000101451",21,7,7,11,14,14
"ENSMUSG00000101452",12,16,5,12,10,12
"ENSMUSG00000101503",372,291,380,422,345,346
"ENSMUSG00000101523",81,118,94,101,212,73
"ENSMUSG00000101555",108,92,110,126,131,115
"ENSMUSG00000101556",53,39,24,31,30,41
"ENSMUSG00000101586",31,35,44,43,36,30
"ENSMUSG00000101587",4,2,2,11,14,11
"ENSMUSG00000101597",12,16,9,4,13,5
"ENSMUSG00000101599",326,266,147,144,160,210
"ENSMUSG00000101609",4124,3542,2520,2739,3751,3502
"ENSMUSG00000101628",914,640,3990,1329,746,534
"ENSMUSG00000101640",9,21,13,7,9,15
"ENSMUSG00000101645",8954,9187,7911,7621,6987,7183
"ENSMUSG00000101651",157,118,31,39,116,89
"ENSMUSG00000101655",21,22,10,15,13,11
"ENSMUSG00000101671",24,13,18,20,18,15
"ENSMUSG00000101674",78,73,66,73,79,115
"ENSMUSG00000101678",1314,1230,1257,1309,1255,1141
"ENSMUSG00000101693",92,82,27,40,32,24
"ENSMUSG00000101695",337,288,154,144,209,277
"ENSMUSG00000101702",10,12,3,3,6,11
"ENSMUSG00000101711",81,76,111,83,58,57
"ENSMUSG00000101716",224,191,188,211,241,262
"ENSMUSG00000101751",104,68,27,55,29,59
"ENSMUSG00000101778",71,34,22,28,44,19
"ENSMUSG00000101795",76,89,71,59,81,105
"ENSMUSG00000101828",84,55,50,69,71,75
"ENSMUSG00000101840",19,15,4,4,6,11
"ENSMUSG00000101845",496,422,428,386,423,435
"ENSMUSG00000101856",45,35,31,56,38,44
"ENSMUSG00000101859",1138,1801,2173,3274,2419,4224
"ENSMUSG00000101867",141,154,133,110,127,117
"ENSMUSG00000101872",70,43,51,43,50,27
"ENSMUSG00000101878",13,12,33,34,11,28
"ENSMUSG00000101892",332,260,410,434,307,242
"ENSMUSG00000101904",473,515,392,554,498,435
"ENSMUSG00000101939",230,350,292,317,367,339
"ENSMUSG00000101940",15,7,10,22,6,24
"ENSMUSG00000101942",75,63,20,46,46,60
"ENSMUSG00000101952",240,180,253,230,277,187
"ENSMUSG00000101964",21,13,11,11,20,19
"ENSMUSG00000101970",1663,1637,1174,1533,1242,1236
"ENSMUSG00000101972",359,275,1399,1072,523,429
"ENSMUSG00000101995",10,7,17,26,6,24
"ENSMUSG00000102009",89,60,58,81,67,78
"ENSMUSG00000102018",337,260,148,173,191,187
"ENSMUSG00000102027",108,77,61,47,49,54
"ENSMUSG00000102030",16,13,5,4,4,16
"ENSMUSG00000102049",4736,4243,4519,4406,5358,5148
"ENSMUSG00000102055",68,68,64,47,39,51
"ENSMUSG00000102059",48,49,25,26,21,35
"ENSMUSG00000102070",18,30,25,28,25,31
"ENSMUSG00000102097",24,12,22,19,13,8
"ENSMUSG00000102101",233,232,170,183,150,204
"ENSMUSG00000102135",32,30,31,26,25,28
"ENSMUSG00000102140",336,297,136,141,164,181
"ENSMUSG00000102141",19,17,10,12,13,14
"ENSMUSG00000102142",23,15,27,34,26,32
"ENSMUSG00000102143",93,86,78,128,112,96
"ENSMUSG00000102145",30,20,11,19,15,16
"ENSMUSG00000102147",42,25,33,36,28,21
"ENSMUSG00000102148",52,49,34,30,38,32
"ENSMUSG00000102151",152,145,62,154,155,147
"ENSMUSG00000102157",26,12,31,39,23,22
"ENSMUSG00000102171",114,80,95,72,95,107
"ENSMUSG00000102179",10,7,11,18,21,11
"ENSMUSG00000102191",40,44,11,18,55,50
"ENSMUSG00000102202",120,112,42,67,86,117
"ENSMUSG00000102206",20,17,17,59,25,44
"ENSMUSG00000102212",38,17,6,19,30,21
"ENSMUSG00000102222",1383,1176,735,606,1043,1012
"ENSMUSG00000102225",18,21,27,34,25,12
"ENSMUSG00000102234",376,385,536,465,375,412
"ENSMUSG00000102243",35,26,39,31,29,27
"ENSMUSG00000102248",70,39,22,23,48,50
"ENSMUSG00000102252",89,122,95,71,60,83
"ENSMUSG00000102254",115,104,106,220,160,150
"ENSMUSG00000102258",361,414,258,438,382,499
"ENSMUSG00000102259",8,13,12,18,13,12
"ENSMUSG00000102267",26,13,17,26,23,24
"ENSMUSG00000102299",48,31,136,87,44,37
"ENSMUSG00000102302",103,95,77,83,79,92
"ENSMUSG00000102305",20,12,12,4,20,6
"ENSMUSG00000102312",19,18,14,57,25,44
"ENSMUSG00000102319",10,15,7,8,10,12
"ENSMUSG00000102323",283,180,93,165,225,192
"ENSMUSG00000102324",27,22,6,15,8,24
"ENSMUSG00000102336",58,39,36,51,27,32
"ENSMUSG00000102344",8,8,21,26,13,11
"ENSMUSG00000102349",23207,26853,19526,30081,22178,29406
"ENSMUSG00000102357",16,7,18,8,20,9
"ENSMUSG00000102367",18,15,3,7,13,6
"ENSMUSG00000102370",29,30,12,32,32,30
"ENSMUSG00000102373",123,115,139,142,200,125
"ENSMUSG00000102374",69,73,58,76,97,99
"ENSMUSG00000102380",107,63,32,47,52,60
"ENSMUSG00000102383",35,21,28,36,42,16
"ENSMUSG00000102401",108,86,26,31,33,30
"ENSMUSG00000102411",188,120,128,193,173,169
"ENSMUSG00000102414",21,20,70,71,29,47
"ENSMUSG00000102415",126,86,76,102,150,108
"ENSMUSG00000102419",58,78,24,44,65,79
"ENSMUSG00000102422",301,283,310,260,229,349
"ENSMUSG00000102423",106,36,55,59,68,82
"ENSMUSG00000102425",301,312,296,281,232,253
"ENSMUSG00000102426",217,230,140,146,151,147
"ENSMUSG00000102428",1358,1149,718,596,1022,992
"ENSMUSG00000102440",1389,1170,753,642,1036,1002
"ENSMUSG00000102448",24,13,18,32,15,12
"ENSMUSG00000102451",81,71,76,73,86,54
"ENSMUSG00000102452",49,30,40,48,51,19
"ENSMUSG00000102457",62,54,46,40,55,54
"ENSMUSG00000102460",21,12,24,23,31,25
"ENSMUSG00000102466",25,9,20,19,14,16
"ENSMUSG00000102495",21,13,29,31,27,18
"ENSMUSG00000102496",166,149,110,155,118,172
"ENSMUSG00000102501",15,18,4,3,8,11
"ENSMUSG00000102503",34,31,35,31,33,30
"ENSMUSG00000102523",9,15,17,4,13,12
"ENSMUSG00000102526",10,18,5,16,4,18
"ENSMUSG00000102539",23,25,21,15,22,25
"ENSMUSG00000102540",19,25,7,4,15,15
"ENSMUSG00000102543",1346,1134,718,587,1007,983
"ENSMUSG00000102545",37,30,17,23,27,44
"ENSMUSG00000102546",12,12,6,7,10,11
"ENSMUSG00000102550",13,22,28,28,20,24
"ENSMUSG00000102553",18,7,13,8,16,9
"ENSMUSG00000102555",303,252,130,167,164,246
"ENSMUSG00000102556",54,23,28,59,48,44
"ENSMUSG00000102559",96,92,76,92,119,146
"ENSMUSG00000102562",26,23,26,36,21,40
"ENSMUSG00000102564",56,44,179,193,179,101
"ENSMUSG00000102565",45,26,29,50,46,37
"ENSMUSG00000102566",31,22,0,7,9,14
"ENSMUSG00000102570",21,15,12,16,16,21
"ENSMUSG00000102571",19,13,10,14,21,11
"ENSMUSG00000102573",65,39,34,55,66,27
"ENSMUSG00000102577",34,25,5,7,50,34
"ENSMUSG00000102590",10,8,21,11,43,24
"ENSMUSG00000102594",152,94,107,124,147,107
"ENSMUSG00000102599",10,11,6,3,9,12
"ENSMUSG00000102602",352,240,278,349,277,253
"ENSMUSG00000102606",57,46,64,34,52,63
"ENSMUSG00000102607",16,7,3,2,10,11
"ENSMUSG00000102612",10,3,16,14,11,8
"ENSMUSG00000102615",14,20,31,8,7,2
"ENSMUSG00000102617",13,11,6,19,9,8
"ENSMUSG00000102620",13,15,14,14,14,16
"ENSMUSG00000102626",13,4,11,14,2,6
"ENSMUSG00000102627",29,40,40,28,22,31
"ENSMUSG00000102630",20,11,18,27,17,9
"ENSMUSG00000102635",30,15,34,51,41,30
"ENSMUSG00000102642",18,11,20,18,15,12
"ENSMUSG00000102644",404,340,278,312,239,291
"ENSMUSG00000102649",21,13,11,7,18,22
"ENSMUSG00000102651",19,6,19,15,10,6
"ENSMUSG00000102662",31,29,32,40,44,24
"ENSMUSG00000102664",18,12,13,23,37,9
"ENSMUSG00000102670",42,35,27,36,43,27
"ENSMUSG00000102672",26,16,24,28,26,30
"ENSMUSG00000102682",378,327,6,14,31,60
"ENSMUSG00000102687",38,40,12,28,9,28
"ENSMUSG00000102691",52,32,29,23,36,24
"ENSMUSG00000102697",21,27,24,88,32,67
"ENSMUSG00000102704",20,13,14,16,17,9
"ENSMUSG00000102713",13,12,10,3,9,9
"ENSMUSG00000102714",8,8,10,12,13,6
"ENSMUSG00000102719",62,54,37,69,74,56
"ENSMUSG00000102725",185,154,242,333,200,227
"ENSMUSG00000102732",75,90,41,30,62,40
"ENSMUSG00000102737",27,32,27,28,19,50
"ENSMUSG00000102742",1367,1150,727,593,1014,990
"ENSMUSG00000102745",24,15,9,10,14,18
"ENSMUSG00000102748",1394,1140,750,599,1013,999
"ENSMUSG00000102750",73,49,16,50,67,54
"ENSMUSG00000102752",95,123,87,106,154,194
"ENSMUSG00000102758",514,418,980,721,743,749
"ENSMUSG00000102759",38,44,24,16,31,30
"ENSMUSG00000102760",34,41,77,151,122,136
"ENSMUSG00000102762",87,68,12,18,31,50
"ENSMUSG00000102764",54,38,22,42,30,38
"ENSMUSG00000102766",10,16,11,10,11,19
"ENSMUSG00000102775",102,66,56,56,61,60
"ENSMUSG00000102776",219,252,166,203,270,336
"ENSMUSG00000102777",29,12,7,23,7,25
"ENSMUSG00000102780",140,81,78,133,83,99
"ENSMUSG00000102784",26,8,26,34,46,27
"ENSMUSG00000102786",20,9,18,12,15,22
"ENSMUSG00000102796",48,64,24,27,42,43
"ENSMUSG00000102797",14,12,6,4,6,12
"ENSMUSG00000102805",1904,1738,1919,1971,1950,1906
"ENSMUSG00000102808",59,44,33,35,49,44
"ENSMUSG00000102817",45,23,18,15,21,40
"ENSMUSG00000102824",23,35,36,35,20,32
"ENSMUSG00000102828",707,620,361,300,484,492
"ENSMUSG00000102836",246,194,103,110,166,149
"ENSMUSG00000102841",16,8,22,10,11,9
"ENSMUSG00000102844",64,55,44,65,57,104
"ENSMUSG00000102845",27,25,13,14,23,16
"ENSMUSG00000102854",35,35,58,122,53,73
"ENSMUSG00000102856",278,220,196,304,269,243
"ENSMUSG00000102861",23,25,22,24,17,11
"ENSMUSG00000102863",34,38,22,42,32,54
"ENSMUSG00000102864",48,29,24,26,38,51
"ENSMUSG00000102869",1440,1107,876,955,928,870
"ENSMUSG00000102874",26,11,25,28,33,18
"ENSMUSG00000102875",34,12,25,18,17,14
"ENSMUSG00000102881",12,11,6,11,5,16
"ENSMUSG00000102882",224,210,155,185,203,224
"ENSMUSG00000102893",64,44,18,27,45,22
"ENSMUSG00000102899",12,15,18,22,13,14
"ENSMUSG00000102909",30,16,25,34,29,22
"ENSMUSG00000102912",163,155,138,153,134,155
"ENSMUSG00000102918",2176,1866,1183,961,1749,1774
"ENSMUSG00000102919",57,43,43,65,45,43
"ENSMUSG00000102929",27,21,12,23,17,6
"ENSMUSG00000102930",23,25,25,16,19,11
"ENSMUSG00000102931",25,7,5,10,17,14
"ENSMUSG00000102935",16,22,10,16,21,15
"ENSMUSG00000102939",46,39,29,59,66,43
"ENSMUSG00000102950",73,67,124,178,148,147
"ENSMUSG00000102951",16,22,29,20,16,18
"ENSMUSG00000102953",42,41,32,42,44,22
"ENSMUSG00000102959",10,9,5,6,22,35
"ENSMUSG00000102960",20,9,14,12,18,21
"ENSMUSG00000102961",249,240,336,304,319,346
"ENSMUSG00000102964",195,119,80,117,137,118
"ENSMUSG00000102967",30,26,11,19,19,18
"ENSMUSG00000102970",10,9,13,12,8,14
"ENSMUSG00000102973",26,9,14,23,14,21
"ENSMUSG00000102975",0,0,26,20,34,19
"ENSMUSG00000102976",6966,6230,6452,6555,7866,7240
"ENSMUSG00000102989",19,20,12,11,23,11
"ENSMUSG00000103000",40,16,25,24,31,19
"ENSMUSG00000103001",1492,1119,271,314,750,851
"ENSMUSG00000103009",53,64,118,95,94,91
"ENSMUSG00000103011",8,13,9,12,13,3
"ENSMUSG00000103013",19,16,7,12,11,27
"ENSMUSG00000103015",58,58,13,19,23,27
"ENSMUSG00000103018",10,18,6,11,6,12
"ENSMUSG00000103024",26,16,71,76,48,72
"ENSMUSG00000103030",332,426,147,215,239,403
"ENSMUSG00000103034",21,41,22,32,31,32
"ENSMUSG00000103037",1355,1131,742,614,995,977
"ENSMUSG00000103038",8,6,11,23,11,19
"ENSMUSG00000103039",80,55,42,56,61,63
"ENSMUSG00000103041",1104,1230,554,697,642,823
"ENSMUSG00000103046",87,50,65,88,66,51
"ENSMUSG00000103047",46,64,7,12,26,19
"ENSMUSG00000103049",46,31,51,63,44,46
"ENSMUSG00000103050",47,40,4,3,4,11
"ENSMUSG00000103062",34,48,19,26,38,21
"ENSMUSG00000103072",23,31,59,50,33,21
"ENSMUSG00000103076",111,87,61,133,79,131
"ENSMUSG00000103081",1344,1131,732,591,1002,989
"ENSMUSG00000103085",38,32,39,32,34,31
"ENSMUSG00000103088",1482,1237,827,622,1044,1040
"ENSMUSG00000103092",20,17,14,57,25,43
"ENSMUSG00000103094",301,209,159,288,197,319
"ENSMUSG00000103101",113,81,62,79,107,123
"ENSMUSG00000103103",51,30,17,31,20,27
"ENSMUSG00000103108",13,26,17,22,13,22
"ENSMUSG00000103125",246,194,103,109,166,149
"ENSMUSG00000103132",46,29,31,44,52,34
"ENSMUSG00000103133",57,30,37,67,46,41
"ENSMUSG00000103144",1337,1121,727,582,991,973
"ENSMUSG00000103146",54,45,50,76,50,78
"ENSMUSG00000103149",21,22,7,8,4,12
"ENSMUSG00000103159",32,29,27,28,33,41
"ENSMUSG00000103160",19,21,11,11,6,11
"ENSMUSG00000103162",32,25,22,36,26,14
"ENSMUSG00000103170",46,73,35,52,48,75
"ENSMUSG00000103178",142,138,159,133,180,137
"ENSMUSG00000103183",76,46,11,20,50,24
"ENSMUSG00000103186",18,12,13,20,27,18
"ENSMUSG00000103207",82,67,18,12,21,25
"ENSMUSG00000103216",14,20,7,18,7,21
"ENSMUSG00000103217",119,75,147,68,110,134
"ENSMUSG00000103220",314,254,84,190,251,261
"ENSMUSG00000103227",98,63,44,51,67,51
"ENSMUSG00000103232",12,4,10,7,14,9
"ENSMUSG00000103233",7,16,21,16,10,14
"ENSMUSG00000103238",118,133,79,114,78,153
"ENSMUSG00000103251",16,16,9,7,16,8
"ENSMUSG00000103252",26,25,18,18,38,16
"ENSMUSG00000103255",19,17,14,57,25,43
"ENSMUSG00000103270",128,76,155,155,106,82
"ENSMUSG00000103272",23,13,19,30,21,22
"ENSMUSG00000103280",10,11,9,10,11,12
"ENSMUSG00000103283",41,52,32,36,46,53
"ENSMUSG00000103284",41,21,13,18,14,12
"ENSMUSG00000103285",59,31,20,22,31,48
"ENSMUSG00000103286",182,164,207,179,230,253
"ENSMUSG00000103288",250,223,12,31,18,25
"ENSMUSG00000103291",57,45,48,61,51,63
"ENSMUSG00000103293",9,11,12,16,6,8
"ENSMUSG00000103301",85,72,34,47,33,48
"ENSMUSG00000103303",48,21,18,30,36,24
"ENSMUSG00000103304",27,26,22,39,26,41
"ENSMUSG00000103309",589,528,332,236,519,544
"ENSMUSG00000103310",20,18,17,57,25,43
"ENSMUSG00000103313",118,207,662,1019,232,368
"ENSMUSG00000103314",29,26,32,23,36,38
"ENSMUSG00000103317",27,26,54,95,58,79
"ENSMUSG00000103324",23,12,10,11,18,18
"ENSMUSG00000103332",1324,1117,708,578,992,970
"ENSMUSG00000103341",85,66,53,48,61,43
"ENSMUSG00000103343",23,20,18,15,15,27
"ENSMUSG00000103348",40,13,18,22,37,24
"ENSMUSG00000103373",447,378,254,455,343,371
"ENSMUSG00000103380",580,657,684,807,587,627
"ENSMUSG00000103382",107,104,57,116,121,160
"ENSMUSG00000103388",26,21,22,22,22,27
"ENSMUSG00000103391",18,16,13,18,19,16
"ENSMUSG00000103392",193,192,454,419,339,236
"ENSMUSG00000103393",48,25,62,56,56,43
"ENSMUSG00000103400",32,21,48,56,37,34
"ENSMUSG00000103403",18,17,2,6,9,14
"ENSMUSG00000103404",19,11,3,10,5,24
"ENSMUSG00000103408",14,21,0,7,4,12
"ENSMUSG00000103421",20,21,11,10,15,11
"ENSMUSG00000103422",15,8,11,8,20,11
"ENSMUSG00000103427",45,29,41,47,52,41
"ENSMUSG00000103432",37,22,13,28,39,18
"ENSMUSG00000103435",25,17,19,23,16,11
"ENSMUSG00000103436",283,270,352,329,258,275
"ENSMUSG00000103440",64,11,10,15,25,16
"ENSMUSG00000103442",19,17,14,57,25,43
"ENSMUSG00000103443",20,11,6,7,11,9
"ENSMUSG00000103458",597,487,286,251,403,406
"ENSMUSG00000103467",37,21,10,18,19,44
"ENSMUSG00000103469",58,60,68,73,29,56
"ENSMUSG00000103472",1374,1166,773,639,1028,1032
"ENSMUSG00000103473",23,20,22,27,38,46
"ENSMUSG00000103481",36,23,20,20,33,21
"ENSMUSG00000103485",56,52,34,32,46,34
"ENSMUSG00000103486",21,26,90,56,39,48
"ENSMUSG00000103493",21,22,16,16,15,11
"ENSMUSG00000103497",12,11,12,6,7,11
"ENSMUSG00000103502",142,127,72,100,126,94
"ENSMUSG00000103505",48,38,41,46,54,32
"ENSMUSG00000103506",35,17,11,28,27,27
"ENSMUSG00000103507",47,29,40,55,51,18
"ENSMUSG00000103509",251,189,179,277,263,141
"ENSMUSG00000103520",20,18,13,14,14,12
"ENSMUSG00000103525",65,39,39,52,46,48
"ENSMUSG00000103546",10,7,12,10,19,11
"ENSMUSG00000103553",71,54,18,16,32,38
"ENSMUSG00000103558",46,17,27,36,18,38
"ENSMUSG00000103567",1375,1140,732,623,1021,992
"ENSMUSG00000103569",32,45,20,28,25,30
"ENSMUSG00000103570",29,32,22,38,39,22
"ENSMUSG00000103572",36,25,32,39,39,51
"ENSMUSG00000103585",1372,1167,745,620,1049,997
"ENSMUSG00000103591",38,48,28,22,31,30
"ENSMUSG00000103593",851,454,1026,1759,760,663
"ENSMUSG00000103611",27,29,12,15,25,21
"ENSMUSG00000103613",80,69,93,96,87,79
"ENSMUSG00000103614",82,64,27,26,79,53
"ENSMUSG00000103621",86,59,50,71,61,57
"ENSMUSG00000103622",53,36,41,48,71,54
"ENSMUSG00000103624",47,52,42,51,52,60
"ENSMUSG00000103625",27,16,20,60,33,51
"ENSMUSG00000103630",32,13,16,14,19,19
"ENSMUSG00000103632",13,7,13,10,11,11
"ENSMUSG00000103636",130,109,72,95,121,118
"ENSMUSG00000103649",40,43,19,30,51,43
"ENSMUSG00000103651",328,291,180,248,246,261
"ENSMUSG00000103653",73,46,35,28,27,34
"ENSMUSG00000103657",57,41,33,27,66,28
"ENSMUSG00000103662",26,16,9,3,13,11
"ENSMUSG00000103668",10,12,6,14,11,12
"ENSMUSG00000103672",156,104,114,130,147,141
"ENSMUSG00000103674",92,66,95,75,72,76
"ENSMUSG00000103677",1331,1119,721,595,992,968
"ENSMUSG00000103693",43,30,20,24,42,34
"ENSMUSG00000103696",67,78,27,28,42,75
"ENSMUSG00000103697",46,36,66,42,67,32
"ENSMUSG00000103701",20,17,9,20,13,21
"ENSMUSG00000103703",10,13,9,12,16,11
"ENSMUSG00000103704",36,26,9,28,23,51
"ENSMUSG00000103707",19,17,14,59,25,43
"ENSMUSG00000103711",12,11,11,16,9,9
"ENSMUSG00000103715",108,66,64,79,63,40
"ENSMUSG00000103722",76,58,124,227,185,159
"ENSMUSG00000103723",13,12,2,7,10,14
"ENSMUSG00000103730",130,152,185,101,133,107
"ENSMUSG00000103731",24,17,24,34,16,16
"ENSMUSG00000103734",10,12,11,15,13,5
"ENSMUSG00000103738",16,11,21,28,33,22
"ENSMUSG00000103739",25,32,32,48,28,24
"ENSMUSG00000103749",1385,1179,768,663,1073,1095
"ENSMUSG00000103756",48,49,40,61,68,80
"ENSMUSG00000103763",34,30,5,10,5,5
"ENSMUSG00000103766",43,48,48,67,48,41
"ENSMUSG00000103770",19,17,16,60,25,43
"ENSMUSG00000103779",235,192,94,112,139,144
"ENSMUSG00000103780",145,103,100,102,120,124
"ENSMUSG00000103783",20,16,20,42,34,31
"ENSMUSG00000103784",20,13,16,10,18,18
"ENSMUSG00000103789",1120,1131,1247,1185,1085,1490
"ENSMUSG00000103793",1373,1143,769,611,1033,1022
"ENSMUSG00000103800",24,17,14,57,25,43
"ENSMUSG00000103804",21,9,16,31,14,16
"ENSMUSG00000103805",14,4,28,32,9,19
"ENSMUSG00000103808",13,6,19,14,11,18
"ENSMUSG00000103818",24,29,54,52,49,40
"ENSMUSG00000103821",102,86,34,57,91,75
"ENSMUSG00000103828",14,12,16,23,11,12
"ENSMUSG00000103839",111,94,21,31,34,60
"ENSMUSG00000103843",21,20,14,19,15,11
"ENSMUSG00000103851",74,50,68,80,58,66
"ENSMUSG00000103857",51,58,71,92,49,56
"ENSMUSG00000103864",57,68,53,71,60,51
"ENSMUSG00000103867",19,15,5,16,7,5
"ENSMUSG00000103869",85,105,36,69,76,70
"ENSMUSG00000103870",4,3,7,14,13,11
"ENSMUSG00000103880",12,8,5,12,10,6
"ENSMUSG00000103887",15,13,5,6,10,11
"ENSMUSG00000103895",13,13,7,4,11,5
"ENSMUSG00000103897",1351,1138,733,595,1021,995
"ENSMUSG00000103899",102,109,155,165,92,85
"ENSMUSG00000103900",34,17,32,22,20,12
"ENSMUSG00000103901",97,82,73,100,127,92
"ENSMUSG00000103906",89,72,43,57,69,70
"ENSMUSG00000103907",21,32,17,22,29,57
"ENSMUSG00000103916",13,9,33,20,15,11
"ENSMUSG00000103922",12,11,7,8,11,5
"ENSMUSG00000103926",2,2,10,12,6,11
"ENSMUSG00000103928",38,20,34,34,27,25
"ENSMUSG00000103932",7,13,19,15,19,22
"ENSMUSG00000103933",10,17,28,26,16,19
"ENSMUSG00000103935",19,15,3,4,11,5
"ENSMUSG00000103937",114,95,76,89,89,86
"ENSMUSG00000103945",60,62,42,53,69,47
"ENSMUSG00000103948",14,11,42,28,11,12
"ENSMUSG00000103955",58,77,27,44,53,32
"ENSMUSG00000103959",9,15,4,3,29,14
"ENSMUSG00000103966",131,114,35,68,96,114
"ENSMUSG00000103970",467,443,440,416,400,386
"ENSMUSG00000103975",963,951,1205,1015,1037,932
"ENSMUSG00000103976",145,105,71,105,149,94
"ENSMUSG00000103979",16,21,3,16,11,9
"ENSMUSG00000103983",32,17,24,34,21,24
"ENSMUSG00000103984",34,35,28,34,34,32
"ENSMUSG00000103985",18,7,19,30,14,18
"ENSMUSG00000103996",12,11,5,4,7,11
"ENSMUSG00000104002",164,109,185,159,154,146
"ENSMUSG00000104010",19,12,5,6,11,8
"ENSMUSG00000104011",10,18,9,23,8,8
"ENSMUSG00000104016",14,8,7,8,13,12
"ENSMUSG00000104018",27,7,16,12,13,6
"ENSMUSG00000104020",10,2,7,11,15,6
"ENSMUSG00000104026",31,9,16,15,31,19
"ENSMUSG00000104028",182,164,207,179,230,253
"ENSMUSG00000104030",211,182,93,129,149,274
"ENSMUSG00000104037",16,9,12,14,5,15
"ENSMUSG00000104040",63,67,63,60,81,69
"ENSMUSG00000104042",20,13,12,10,17,11
"ENSMUSG00000104043",80,43,29,44,44,48
"ENSMUSG00000104044",23,16,16,18,21,14
"ENSMUSG00000104052",27,35,19,15,22,30
"ENSMUSG00000104053",21,26,10,15,17,41
"ENSMUSG00000104060",48,32,14,14,19,9
"ENSMUSG00000104061",40,43,28,34,39,19
"ENSMUSG00000104063",1534,1309,752,632,1068,1044
"ENSMUSG00000104078",24,11,28,35,39,19
"ENSMUSG00000104079",10,4,17,16,19,12
"ENSMUSG00000104094",135,81,99,153,119,79
"ENSMUSG00000104107",64,31,51,73,92,47
"ENSMUSG00000104114",30,13,25,27,23,19
"ENSMUSG00000104116",182,133,103,185,197,143
"ENSMUSG00000104118",37,39,54,43,33,64
"ENSMUSG00000104121",15,4,6,10,14,8
"ENSMUSG00000104125",145,99,108,161,184,160
"ENSMUSG00000104126",45,45,21,30,16,18
"ENSMUSG00000104140",32,25,19,14,18,27
"ENSMUSG00000104145",24,16,35,44,45,62
"ENSMUSG00000104148",19,17,14,57,27,44
"ENSMUSG00000104150",19,18,14,12,25,19
"ENSMUSG00000104156",51,40,32,47,19,27
"ENSMUSG00000104161",48,30,37,46,27,31
"ENSMUSG00000104164",35,26,17,16,30,27
"ENSMUSG00000104181",12,15,12,20,21,34
"ENSMUSG00000104184",285,249,344,452,429,329
"ENSMUSG00000104195",36,39,62,40,20,32
"ENSMUSG00000104200",16,13,11,15,13,27
"ENSMUSG00000104204",73,72,50,42,52,54
"ENSMUSG00000104208",2192,2405,2996,2812,2647,2438
"ENSMUSG00000104214",81,57,102,175,106,86
"ENSMUSG00000104217",1104,1241,1838,1672,1722,1500
"ENSMUSG00000104222",285,613,477,502,567,498
"ENSMUSG00000104231",15,7,13,15,20,14
"ENSMUSG00000104235",243,127,148,220,271,288
"ENSMUSG00000104239",13,4,21,4,9,12
"ENSMUSG00000104244",53,35,37,55,74,48
"ENSMUSG00000104245",36,20,33,50,55,37
"ENSMUSG00000104252",20,17,14,57,26,43
"ENSMUSG00000104253",20,13,20,27,9,12
"ENSMUSG00000104262",23,11,19,31,27,18
"ENSMUSG00000104273",31,11,29,46,15,8
"ENSMUSG00000104279",81,55,46,60,49,86
"ENSMUSG00000104280",26,18,14,28,29,24
"ENSMUSG00000104292",73,45,34,47,42,46
"ENSMUSG00000104293",40,29,18,27,33,32
"ENSMUSG00000104302",69,68,51,46,56,76
"ENSMUSG00000104315",86,80,79,114,91,95
"ENSMUSG00000104316",40,40,27,23,22,35
"ENSMUSG00000104318",19,17,14,57,25,43
"ENSMUSG00000104324",82,71,29,48,76,75
"ENSMUSG00000104325",26,26,22,30,20,18
"ENSMUSG00000104339",228,129,151,211,194,224
"ENSMUSG00000104342",20,18,39,28,31,24
"ENSMUSG00000104344",48,55,46,55,40,25
"ENSMUSG00000104346",1326,1115,718,582,989,968
"ENSMUSG00000104347",48,45,54,95,73,56
"ENSMUSG00000104351",23,16,16,31,27,19
"ENSMUSG00000104358",167,78,86,145,111,130
"ENSMUSG00000104361",23,16,9,6,15,12
"ENSMUSG00000104368",10,2,10,4,11,5
"ENSMUSG00000104369",57,62,48,71,63,88
"ENSMUSG00000104378",20,16,32,34,32,15
"ENSMUSG00000104379",1817,1915,849,1395,3514,2894
"ENSMUSG00000104383",51,31,26,34,30,43
"ENSMUSG00000104388",37,11,20,35,28,30
"ENSMUSG00000104391",23,21,17,12,22,27
"ENSMUSG00000104392",65,38,22,42,44,50
"ENSMUSG00000104394",95,62,85,99,111,80
"ENSMUSG00000104399",37,36,26,52,40,43
"ENSMUSG00000104400",18,12,12,15,16,14
"ENSMUSG00000104405",35,38,27,27,31,18
"ENSMUSG00000104406",43,34,58,44,32,34
"ENSMUSG00000104415",51,75,74,91,31,178
"ENSMUSG00000104427",37,29,24,19,27,12
"ENSMUSG00000104432",57,32,39,67,72,34
"ENSMUSG00000104435",519,447,394,375,359,400
"ENSMUSG00000104436",23,23,33,57,23,40
"ENSMUSG00000104443",250,152,295,268,340,252
"ENSMUSG00000104444",837,852,1146,973,840,1041
"ENSMUSG00000104445",14,13,17,7,5,9
"ENSMUSG00000104448",135,155,387,317,239,274
"ENSMUSG00000104449",30,39,51,60,33,28
"ENSMUSG00000104453",19,22,16,15,5,6
"ENSMUSG00000104466",20,17,13,6,15,21
"ENSMUSG00000104467",63,54,55,48,75,79
"ENSMUSG00000104469",52,25,69,72,91,40
"ENSMUSG00000104486",23,13,19,6,33,11
"ENSMUSG00000104487",15,11,0,0,6,15
"ENSMUSG00000104493",31,39,26,15,26,9
"ENSMUSG00000104501",43,25,10,12,39,34
"ENSMUSG00000104503",63,55,69,57,51,38
"ENSMUSG00000104507",19,15,7,7,19,18
"ENSMUSG00000104512",24,21,22,20,19,21
"ENSMUSG00000104515",25,23,6,16,11,47
"ENSMUSG00000104523",470,353,627,456,467,458
"ENSMUSG00000104524",12,9,13,6,8,12
"ENSMUSG00000104525",15,12,5,11,4,6
"ENSMUSG00000104546",67,48,42,72,57,59
"ENSMUSG00000104548",739,699,736,741,723,676
"ENSMUSG00000104559",575,547,680,628,670,627
"ENSMUSG00000104569",15,6,11,14,6,11
"ENSMUSG00000104571",43,40,20,44,30,51
"ENSMUSG00000104574",130,131,179,161,124,131
"ENSMUSG00000104576",36,22,16,28,25,18
"ENSMUSG00000104580",292,265,347,310,280,312
"ENSMUSG00000104583",31,31,42,50,38,35
"ENSMUSG00000104585",19,17,12,16,21,21
"ENSMUSG00000104589",53,55,44,52,56,46
"ENSMUSG00000104591",5,3,9,10,13,12
"ENSMUSG00000104597",146,270,53,38,65,79
"ENSMUSG00000104599",150,157,105,133,151,166
"ENSMUSG00000104600",34,22,35,34,30,24
"ENSMUSG00000104603",35,30,21,24,27,18
"ENSMUSG00000104605",294,191,69,114,255,207
"ENSMUSG00000104608",0,9,79,38,14,8
"ENSMUSG00000104616",15,18,16,18,16,12
"ENSMUSG00000104621",86,46,25,42,50,25
"ENSMUSG00000104623",14,25,36,26,17,30
"ENSMUSG00000104627",31,36,25,48,32,50
"ENSMUSG00000104633",67,59,55,55,51,57
"ENSMUSG00000104639",8,22,10,22,15,35
"ENSMUSG00000104641",37,25,26,34,31,27
"ENSMUSG00000104649",47,66,50,30,42,50
"ENSMUSG00000104653",19,20,61,18,4,5
"ENSMUSG00000104657",75,55,31,44,61,75
"ENSMUSG00000104671",73,54,22,60,46,63
"ENSMUSG00000104676",16,11,21,15,23,37
"ENSMUSG00000104677",48,44,64,77,55,67
"ENSMUSG00000104682",68,55,24,32,43,37
"ENSMUSG00000104686",104,71,79,88,74,60
"ENSMUSG00000104687",20,9,6,14,21,19
"ENSMUSG00000104690",273,180,298,349,276,221
"ENSMUSG00000104693",131,96,138,257,119,176
"ENSMUSG00000104699",36,35,32,38,29,24
"ENSMUSG00000104706",104,52,63,84,94,48
"ENSMUSG00000104709",23,13,4,7,46,5
"ENSMUSG00000104713",35,31,551,22,13,9
"ENSMUSG00000104720",15,8,9,19,23,11
"ENSMUSG00000104721",10,6,6,15,8,11
"ENSMUSG00000104723",162,175,146,185,113,136
"ENSMUSG00000104724",25,22,24,22,36,18
"ENSMUSG00000104728",60,30,70,67,43,46
"ENSMUSG00000104729",126,133,69,77,74,76
"ENSMUSG00000104735",36,7,20,11,26,46
"ENSMUSG00000104737",45,22,58,91,29,43
"ENSMUSG00000104740",41,60,48,51,104,85
"ENSMUSG00000104748",20,25,28,24,26,16
"ENSMUSG00000104754",14,7,10,10,14,15
"ENSMUSG00000104761",172,138,253,220,178,182
"ENSMUSG00000104771",31,38,323,183,77,48
"ENSMUSG00000104773",210,209,161,189,151,176
"ENSMUSG00000104776",7,23,14,11,14,12
"ENSMUSG00000104780",16,13,17,12,21,21
"ENSMUSG00000104786",70,36,56,55,68,83
"ENSMUSG00000104796",5,12,10,11,14,18
"ENSMUSG00000104802",25,41,33,32,34,40
"ENSMUSG00000104814",67,30,53,77,49,47
"ENSMUSG00000104821",24,8,7,6,38,31
"ENSMUSG00000104822",347,351,364,359,310,280
"ENSMUSG00000104828",23,23,11,22,37,47
"ENSMUSG00000104835",23,21,5,8,18,11
"ENSMUSG00000104841",5,7,47,20,19,18
"ENSMUSG00000104850",57,23,19,23,57,69
"ENSMUSG00000104852",19,30,24,34,36,14
"ENSMUSG00000104857",16,11,17,16,8,8
"ENSMUSG00000104863",10,15,18,12,33,19
"ENSMUSG00000104871",26,22,9,8,52,25
"ENSMUSG00000104872",32,12,12,8,13,14
"ENSMUSG00000104874",13,13,11,11,4,19
"ENSMUSG00000104877",23,25,41,79,40,54
"ENSMUSG00000104884",43,36,80,63,62,59
"ENSMUSG00000104886",15,20,12,10,29,27
"ENSMUSG00000104888",90,86,27,63,73,89
"ENSMUSG00000104891",60,35,21,34,23,27
"ENSMUSG00000104897",7,7,9,19,16,16
"ENSMUSG00000104903",23,12,16,19,23,19
"ENSMUSG00000104910",9,21,14,6,18,28
"ENSMUSG00000104911",52,67,90,65,58,48
"ENSMUSG00000104913",19,29,84,63,34,21
"ENSMUSG00000104925",18,23,24,32,22,22
"ENSMUSG00000104936",18,17,11,14,21,31
"ENSMUSG00000104940",27,20,7,6,19,12
"ENSMUSG00000104943",63,60,16,8,16,14
"ENSMUSG00000104945",16,13,11,12,8,3
"ENSMUSG00000104947",18,12,39,36,31,15
"ENSMUSG00000104950",223,157,120,133,215,198
"ENSMUSG00000104953",342,313,609,571,423,317
"ENSMUSG00000104958",186,133,241,242,196,213
"ENSMUSG00000104960",321,293,366,369,288,389
"ENSMUSG00000104965",47,29,25,23,43,30
"ENSMUSG00000104966",45,55,18,36,51,43
"ENSMUSG00000104968",14,6,4,10,8,18
"ENSMUSG00000104969",119,76,37,75,64,111
"ENSMUSG00000104970",97,59,48,80,65,38
"ENSMUSG00000104973",49,29,24,42,37,56
"ENSMUSG00000104983",48,40,57,63,51,53
"ENSMUSG00000104985",157,138,229,186,149,184
"ENSMUSG00000104994",13,8,7,8,22,12
"ENSMUSG00000104997",62,48,391,287,106,82
"ENSMUSG00000105001",353,385,806,586,439,348
"ENSMUSG00000105004",24,23,48,31,29,22
"ENSMUSG00000105006",13,8,4,18,13,18
"ENSMUSG00000105014",36,16,242,133,52,60
"ENSMUSG00000105025",15,20,9,14,14,11
"ENSMUSG00000105031",18,27,34,30,22,27
"ENSMUSG00000105033",80,17,21,42,85,48
"ENSMUSG00000105044",36,34,17,15,16,21
"ENSMUSG00000105050",9,12,2,3,31,21
"ENSMUSG00000105053",315,325,441,386,378,280
"ENSMUSG00000105055",263,358,833,757,999,813
"ENSMUSG00000105061",12,12,13,12,10,12
"ENSMUSG00000105068",14,13,20,14,14,18
"ENSMUSG00000105071",18,26,33,34,22,24
"ENSMUSG00000105072",134,142,646,430,235,204
"ENSMUSG00000105076",19,13,4,8,11,6
"ENSMUSG00000105084",235,221,246,289,215,189
"ENSMUSG00000105095",21,13,25,44,25,24
"ENSMUSG00000105100",14,8,9,14,17,15
"ENSMUSG00000105103",596,628,665,677,560,551
"ENSMUSG00000105107",16,16,7,7,15,24
"ENSMUSG00000105109",31,35,510,386,181,179
"ENSMUSG00000105112",177,145,42,55,141,125
"ENSMUSG00000105114",10,21,17,19,22,24
"ENSMUSG00000105118",18,13,12,19,15,14
"ENSMUSG00000105120",16,11,17,16,8,8
"ENSMUSG00000105135",147,117,47,59,88,91
"ENSMUSG00000105137",71,38,49,68,84,56
"ENSMUSG00000105139",5,16,17,19,17,24
"ENSMUSG00000105140",48,30,103,72,26,24
"ENSMUSG00000105145",70,41,73,61,55,41
"ENSMUSG00000105148",16,11,14,18,10,14
"ENSMUSG00000105149",23,16,19,31,11,27
"ENSMUSG00000105161",58,60,55,48,69,53
"ENSMUSG00000105167",16,21,11,14,10,19
"ENSMUSG00000105176",144,141,93,118,142,130
"ENSMUSG00000105179",26,17,24,23,17,12
"ENSMUSG00000105194",9,11,11,11,8,11
"ENSMUSG00000105195",26,30,16,18,19,28
"ENSMUSG00000105198",109,140,95,158,141,140
"ENSMUSG00000105199",65,66,33,48,46,94
"ENSMUSG00000105201",122,143,91,133,99,83
"ENSMUSG00000105203",69,78,57,68,50,64
"ENSMUSG00000105204",377,496,759,517,223,223
"ENSMUSG00000105211",155,217,58,72,99,123
"ENSMUSG00000105212",118,66,74,130,150,149
"ENSMUSG00000105229",14,8,17,14,9,12
"ENSMUSG00000105230",10,7,5,12,8,18
"ENSMUSG00000105255",179,165,224,177,151,102
"ENSMUSG00000105260",19,23,9,11,19,9
"ENSMUSG00000105265",56,44,24,48,50,40
"ENSMUSG00000105272",27,16,39,35,27,8
"ENSMUSG00000105288",14,11,9,19,9,37
"ENSMUSG00000105289",37,23,7,12,32,25
"ENSMUSG00000105293",23,12,29,47,15,19
"ENSMUSG00000105304",60,53,24,51,68,35
"ENSMUSG00000105311",27,25,20,22,17,16
"ENSMUSG00000105326",69,46,63,89,87,162
"ENSMUSG00000105336",14,6,10,6,7,14
"ENSMUSG00000105338",40,41,116,19,15,18
"ENSMUSG00000105339",438,473,454,509,455,397
"ENSMUSG00000105340",760,722,622,615,653,695
"ENSMUSG00000105341",42,54,47,55,23,63
"ENSMUSG00000105344",49,25,24,44,54,64
"ENSMUSG00000105345",13,8,12,14,15,11
"ENSMUSG00000105350",78,72,62,65,74,66
"ENSMUSG00000105354",19,12,13,16,21,16
"ENSMUSG00000105355",133,163,142,138,164,134
"ENSMUSG00000105356",441,335,339,630,386,328
"ENSMUSG00000105358",13,4,17,22,16,25
"ENSMUSG00000105359",51,20,57,44,54,67
"ENSMUSG00000105361",100854,109879,105757,112359,92071,112211
"ENSMUSG00000105362",30,32,43,42,21,25
"ENSMUSG00000105366",42,73,22,57,52,98
"ENSMUSG00000105374",89,86,66,101,110,163
"ENSMUSG00000105378",40,38,20,19,54,38
"ENSMUSG00000105382",18,4,13,19,18,11
"ENSMUSG00000105383",507,480,564,456,430,375
"ENSMUSG00000105388",91,64,113,122,112,108
"ENSMUSG00000105391",124,71,25,31,52,44
"ENSMUSG00000105395",13,15,18,14,20,6
"ENSMUSG00000105398",120,86,121,165,118,98
"ENSMUSG00000105399",41,18,29,34,23,37
"ENSMUSG00000105408",32,16,31,26,15,16
"ENSMUSG00000105415",353,280,456,456,365,304
"ENSMUSG00000105419",82,104,50,63,124,107
"ENSMUSG00000105431",12,12,5,2,30,9
"ENSMUSG00000105433",2,2,69,57,27,16
"ENSMUSG00000105434",119,127,83,88,125,105
"ENSMUSG00000105442",16,11,7,19,10,27
"ENSMUSG00000105447",42,36,61,44,37,24
"ENSMUSG00000105448",14,11,9,19,10,37
"ENSMUSG00000105449",270,212,70,154,172,272
"ENSMUSG00000105453",8,8,17,10,18,9
"ENSMUSG00000105457",13,9,19,12,29,18
"ENSMUSG00000105458",59,38,37,64,40,28
"ENSMUSG00000105460",57,69,64,60,60,48
"ENSMUSG00000105470",18,11,4,7,11,15
"ENSMUSG00000105471",13,8,5,10,5,12
"ENSMUSG00000105472",24,16,21,26,26,22
"ENSMUSG00000105476",36,72,100,113,48,47
"ENSMUSG00000105482",120,114,66,95,60,79
"ENSMUSG00000105500",12,11,0,0,13,12
"ENSMUSG00000105503",18,18,11,30,13,19
"ENSMUSG00000105504",49,16,634,12,7,6
"ENSMUSG00000105509",79,50,142,112,114,47
"ENSMUSG00000105512",111,77,62,99,81,120
"ENSMUSG00000105517",58,59,26,31,36,57
"ENSMUSG00000105518",9,11,87,44,8,27
"ENSMUSG00000105519",56,41,20,47,40,40
"ENSMUSG00000105526",34,18,26,27,60,64
"ENSMUSG00000105528",15,9,11,10,26,9
"ENSMUSG00000105534",19,13,20,8,11,9
"ENSMUSG00000105537",26,21,43,51,32,21
"ENSMUSG00000105545",7,7,19,18,9,11
"ENSMUSG00000105550",34,17,12,10,15,18
"ENSMUSG00000105552",478,448,558,541,478,416
"ENSMUSG00000105553",18,9,13,7,14,16
"ENSMUSG00000105556",74,46,50,88,49,59
"ENSMUSG00000105561",153,80,117,125,154,118
"ENSMUSG00000105569",31,49,53,73,65,60
"ENSMUSG00000105572",123,90,116,187,129,155
"ENSMUSG00000105580",45,53,603,377,172,114
"ENSMUSG00000105584",20,18,4,2,15,9
"ENSMUSG00000105585",12,11,10,3,7,0
"ENSMUSG00000105586",13,30,22,18,20,30
"ENSMUSG00000105590",42,23,2,7,13,16
"ENSMUSG00000105597",14,21,74,84,38,30
"ENSMUSG00000105601",4,8,13,7,15,11
"ENSMUSG00000105604",9,12,9,12,10,12
"ENSMUSG00000105607",37,31,46,42,29,14
"ENSMUSG00000105609",80,44,102,93,72,50
"ENSMUSG00000105611",7,12,13,15,4,9
"ENSMUSG00000105617",237,243,498,436,313,246
"ENSMUSG00000105621",74,57,46,71,64,66
"ENSMUSG00000105622",24,12,12,28,16,24
"ENSMUSG00000105624",29,21,12,14,39,25
"ENSMUSG00000105632",36,16,20,22,23,28
"ENSMUSG00000105635",12,11,10,10,5,14
"ENSMUSG00000105636",21,13,9,12,10,11
"ENSMUSG00000105637",13,6,5,3,32,22
"ENSMUSG00000105641",0,4,22,31,19,19
"ENSMUSG00000105643",155,123,65,88,122,181
"ENSMUSG00000105645",254,306,375,342,274,306
"ENSMUSG00000105647",71,62,72,68,46,25
"ENSMUSG00000105650",13,3,13,12,15,25
"ENSMUSG00000105655",64,64,62,100,81,50
"ENSMUSG00000105656",18,15,13,39,22,18
"ENSMUSG00000105659",25,25,24,40,33,32
"ENSMUSG00000105660",13,7,10,8,13,19
"ENSMUSG00000105663",49,31,2,4,31,24
"ENSMUSG00000105674",13,16,7,14,8,22
"ENSMUSG00000105677",47,32,27,28,55,22
"ENSMUSG00000105681",12,4,50,72,26,12
"ENSMUSG00000105682",7706,8231,15193,13306,12012,12863
"ENSMUSG00000105691",21,12,17,16,19,14
"ENSMUSG00000105692",372,332,481,484,382,361
"ENSMUSG00000105694",16,7,12,15,10,3
"ENSMUSG00000105701",71,81,34,57,46,63
"ENSMUSG00000105703",720,403,461,337,525,541
"ENSMUSG00000105704",1033,1149,755,818,813,1047
"ENSMUSG00000105707",36,34,34,43,38,28
"ENSMUSG00000105710",208,219,225,247,199,178
"ENSMUSG00000105711",14,6,7,11,16,16
"ENSMUSG00000105717",23,12,21,26,23,24
"ENSMUSG00000105719",19,12,14,10,15,6
"ENSMUSG00000105720",13,21,9,10,19,38
"ENSMUSG00000105726",18,27,4,8,15,12
"ENSMUSG00000105728",87,108,87,140,86,139
"ENSMUSG00000105741",57,50,40,39,50,32
"ENSMUSG00000105742",24,17,20,19,29,30
"ENSMUSG00000105743",14,21,54,42,53,48
"ENSMUSG00000105745",27,13,5,4,22,19
"ENSMUSG00000105748",24,9,4,14,10,12
"ENSMUSG00000105750",16,8,7,12,15,12
"ENSMUSG00000105761",15,21,11,12,15,6
"ENSMUSG00000105762",10,9,5,23,20,21
"ENSMUSG00000105776",217,263,147,165,162,108
"ENSMUSG00000105780",62,57,72,69,36,75
"ENSMUSG00000105788",40,15,35,51,29,16
"ENSMUSG00000105793",13,17,6,22,15,12
"ENSMUSG00000105802",23,21,4,14,6,19
"ENSMUSG00000105804",40,50,50,52,40,34
"ENSMUSG00000105810",216,240,179,186,214,136
"ENSMUSG00000105813",842,831,618,800,719,772
"ENSMUSG00000105814",186,203,235,187,217,232
"ENSMUSG00000105818",70,105,57,87,54,70
"ENSMUSG00000105824",96,57,57,64,77,47
"ENSMUSG00000105827",544,514,1992,1557,766,736
"ENSMUSG00000105835",465,461,434,455,424,439
"ENSMUSG00000105842",24,35,22,28,31,51
"ENSMUSG00000105846",41,25,24,22,29,19
"ENSMUSG00000105848",9,13,14,14,4,9
"ENSMUSG00000105852",388,436,902,628,490,367
"ENSMUSG00000105856",12,7,11,7,14,5
"ENSMUSG00000105860",13,4,10,11,2,3
"ENSMUSG00000105863",3,11,14,8,19,6
"ENSMUSG00000105864",21,12,18,20,16,18
"ENSMUSG00000105868",435,445,301,381,382,351
"ENSMUSG00000105873",43,57,48,84,90,99
"ENSMUSG00000105875",125,135,205,158,111,125
"ENSMUSG00000105877",19,13,9,3,37,19
"ENSMUSG00000105878",29,39,41,63,71,62
"ENSMUSG00000105879",10,16,14,10,13,15
"ENSMUSG00000105881",102,77,64,109,55,72
"ENSMUSG00000105890",19,8,5,8,13,14
"ENSMUSG00000105893",23,8,12,11,25,8
"ENSMUSG00000105895",42,43,10,16,33,44
"ENSMUSG00000105900",65,60,781,246,133,188
"ENSMUSG00000105902",206,142,58,112,104,147
"ENSMUSG00000105904",26,26,25,32,22,22
"ENSMUSG00000105908",24,22,19,23,25,28
"ENSMUSG00000105910",49,69,35,56,80,64
"ENSMUSG00000105911",19,15,24,34,17,19
"ENSMUSG00000105913",2016,1869,2230,1937,2050,2454
"ENSMUSG00000105918",30,32,28,24,45,24
"ENSMUSG00000105924",15,17,205,159,53,62
"ENSMUSG00000105929",23,13,13,23,23,30
"ENSMUSG00000105932",140,142,167,177,160,165
"ENSMUSG00000105933",85,75,43,53,57,64
"ENSMUSG00000105936",30,8,14,27,19,12
"ENSMUSG00000105940",32,23,37,31,87,69
"ENSMUSG00000105941",221,237,94,146,151,261
"ENSMUSG00000105942",54,38,5,16,38,35
"ENSMUSG00000105950",58,23,65,83,74,50
"ENSMUSG00000105954",0,15,24,16,0,11
"ENSMUSG00000105957",82,71,40,46,45,37
"ENSMUSG00000105960",147,189,19,34,18,19
"ENSMUSG00000105962",27,26,19,14,21,16
"ENSMUSG00000105970",102,113,74,101,88,133
"ENSMUSG00000105972",9,12,14,16,20,16
"ENSMUSG00000105973",51,27,16,24,32,27
"ENSMUSG00000105975",9,12,107,104,65,62
"ENSMUSG00000105981",82,49,21,53,54,64
"ENSMUSG00000105985",90,99,49,61,113,134
"ENSMUSG00000105987",877,515,1070,900,471,544
"ENSMUSG00000105990",38,26,39,35,44,35
"ENSMUSG00000106005",113,73,66,47,45,56
"ENSMUSG00000106010",60,25,4,7,18,24
"ENSMUSG00000106014",152,119,106,132,156,134
"ENSMUSG00000106019",56,48,88,47,44,31
"ENSMUSG00000106022",157,150,128,212,170,188
"ENSMUSG00000106025",32,26,7,10,18,28
"ENSMUSG00000106035",106,57,96,68,77,60
"ENSMUSG00000106037",58,69,83,95,74,83
"ENSMUSG00000106045",14,9,3,10,18,14
"ENSMUSG00000106046",14,7,11,26,21,27
"ENSMUSG00000106049",19,16,10,24,41,21
"ENSMUSG00000106053",164,196,161,140,240,221
"ENSMUSG00000106062",409,302,49,72,376,338
"ENSMUSG00000106063",16,11,13,18,17,9
"ENSMUSG00000106073",13,20,66,59,48,32
"ENSMUSG00000106081",54,72,44,44,44,59
"ENSMUSG00000106082",196,223,278,252,283,259
"ENSMUSG00000106086",67,29,19,35,95,107
"ENSMUSG00000106087",18,21,48,72,31,59
"ENSMUSG00000106092",10,13,6,2,11,11
"ENSMUSG00000106096",58,53,72,96,71,50
"ENSMUSG00000106099",433,253,395,683,382,374
"ENSMUSG00000106102",104,60,61,71,96,91
"ENSMUSG00000106106",198214,216788,211922,224392,181626,223972
"ENSMUSG00000106108",20,22,16,16,28,32
"ENSMUSG00000106110",56,38,46,42,41,43
"ENSMUSG00000106115",16,27,22,22,16,38
"ENSMUSG00000106120",250,235,25,52,31,22
"ENSMUSG00000106135",7,11,13,18,8,8
"ENSMUSG00000106137",349,343,584,495,469,415
"ENSMUSG00000106139",64,96,5,7,17,25
"ENSMUSG00000106142",10,9,3,12,18,14
"ENSMUSG00000106147",250,215,487,448,194,189
"ENSMUSG00000106149",303,260,160,236,290,399
"ENSMUSG00000106153",13,15,2,6,6,16
"ENSMUSG00000106158",20,30,34,31,30,28
"ENSMUSG00000106166",89,72,43,53,104,99
"ENSMUSG00000106175",140,113,322,291,145,121
"ENSMUSG00000106177",10,7,4,6,23,22
"ENSMUSG00000106178",37,30,27,40,14,34
"ENSMUSG00000106179",426,329,295,269,327,297
"ENSMUSG00000106181",5,15,4,10,8,14
"ENSMUSG00000106184",15,13,13,20,19,18
"ENSMUSG00000106188",30,17,6,10,9,9
"ENSMUSG00000106192",9,20,17,18,22,24
"ENSMUSG00000106193",41,30,36,44,30,27
"ENSMUSG00000106194",23,8,21,18,18,18
"ENSMUSG00000106197",8,15,9,11,14,11
"ENSMUSG00000106200",372,489,582,473,327,234
"ENSMUSG00000106203",20,26,432,284,97,64
"ENSMUSG00000106205",84,58,63,76,75,80
"ENSMUSG00000106208",16,12,7,10,15,14
"ENSMUSG00000106209",89,62,103,73,79,78
"ENSMUSG00000106211",15,4,10,23,13,3
"ENSMUSG00000106218",34,36,21,24,32,19
"ENSMUSG00000106221",5,11,3,0,23,22
"ENSMUSG00000106224",9,11,13,24,27,19
"ENSMUSG00000106229",38,30,42,56,68,44
"ENSMUSG00000106230",37,38,21,16,25,28
"ENSMUSG00000106237",46,35,39,28,31,24
"ENSMUSG00000106247",215,180,628,691,565,391
"ENSMUSG00000106251",30,22,33,40,25,16
"ENSMUSG00000106254",32,36,10,24,25,28
"ENSMUSG00000106258",19,26,26,20,20,12
"ENSMUSG00000106262",9,16,10,16,4,16
"ENSMUSG00000106264",24,27,21,34,19,15
"ENSMUSG00000106279",56,26,58,83,50,27
"ENSMUSG00000106281",9,3,165,125,30,19
"ENSMUSG00000106283",15,13,17,12,21,21
"ENSMUSG00000106287",13,11,3,10,17,43
"ENSMUSG00000106288",24,11,9,20,20,21
"ENSMUSG00000106290",4,4,94,110,39,27
"ENSMUSG00000106296",48,36,36,27,55,28
"ENSMUSG00000106310",16,15,6,10,15,8
"ENSMUSG00000106317",35,18,11,8,25,19
"ENSMUSG00000106320",76,103,37,47,89,85
"ENSMUSG00000106337",35,16,5,4,50,21
"ENSMUSG00000106339",37,20,14,16,25,14
"ENSMUSG00000106341",27,31,17,27,20,31
"ENSMUSG00000106344",306,300,296,353,287,250
"ENSMUSG00000106354",5,3,10,16,2,11
"ENSMUSG00000106356",4,11,2,10,10,16
"ENSMUSG00000106362",20,16,32,46,38,27
"ENSMUSG00000106364",37,32,26,36,38,40
"ENSMUSG00000106366",172,112,166,158,165,169
"ENSMUSG00000106371",7,4,11,14,10,9
"ENSMUSG00000106375",523,651,757,823,632,737
"ENSMUSG00000106383",93,69,46,35,57,72
"ENSMUSG00000106384",15,18,5,14,46,14
"ENSMUSG00000106386",34,36,25,26,46,64
"ENSMUSG00000106391",18,11,6,8,8,14
"ENSMUSG00000106395",10,18,6,4,13,16
"ENSMUSG00000106398",15,13,5,4,11,18
"ENSMUSG00000106407",23,27,7,7,8,14
"ENSMUSG00000106412",12,7,77,30,52,32
"ENSMUSG00000106415",58,67,95,69,95,70
"ENSMUSG00000106416",26,15,13,32,20,24
"ENSMUSG00000106424",2,7,39,12,9,12
"ENSMUSG00000106427",533,480,449,431,339,390
"ENSMUSG00000106431",206,117,500,397,225,194
"ENSMUSG00000106432",79,69,44,83,72,57
"ENSMUSG00000106439",4,6,9,10,13,11
"ENSMUSG00000106443",59,40,36,51,61,56
"ENSMUSG00000106447",164,135,132,136,120,130
"ENSMUSG00000106451",232,216,169,183,207,207
"ENSMUSG00000106457",454,427,324,415,403,426
"ENSMUSG00000106463",7,22,16,16,17,41
"ENSMUSG00000106464",100,101,54,69,73,60
"ENSMUSG00000106468",31,45,49,42,67,56
"ENSMUSG00000106475",150,147,114,232,116,258
"ENSMUSG00000106499",51,49,25,24,44,43
"ENSMUSG00000106514",62,48,28,47,50,34
"ENSMUSG00000106524",43,31,6,27,43,12
"ENSMUSG00000106526",52,41,25,31,28,25
"ENSMUSG00000106534",19,12,24,22,17,16
"ENSMUSG00000106535",96,112,58,63,46,82
"ENSMUSG00000106541",31,8,9,27,11,9
"ENSMUSG00000106547",45,29,11,14,19,9
"ENSMUSG00000106550",25,34,22,14,21,16
"ENSMUSG00000106557",12,15,4,7,7,14
"ENSMUSG00000106561",128,186,265,279,263,160
"ENSMUSG00000106568",20,12,138,151,184,115
"ENSMUSG00000106570",27,13,12,16,30,40
"ENSMUSG00000106580",70,66,56,72,100,91
"ENSMUSG00000106581",14,11,6,11,13,21
"ENSMUSG00000106583",45,36,36,42,121,66
"ENSMUSG00000106587",10,15,18,18,17,16
"ENSMUSG00000106588",98,97,180,141,114,112
"ENSMUSG00000106596",36,18,32,43,41,30
"ENSMUSG00000106607",38,40,32,55,26,50
"ENSMUSG00000106617",16,12,21,30,15,11
"ENSMUSG00000106623",14,6,25,22,20,9
"ENSMUSG00000106625",21,17,11,20,29,19
"ENSMUSG00000106631",147,120,138,101,115,125
"ENSMUSG00000106636",92,67,43,53,68,69
"ENSMUSG00000106641",54,9,14,39,18,24
"ENSMUSG00000106643",1638,1532,521,754,1513,1634
"ENSMUSG00000106646",14,9,7,3,29,12
"ENSMUSG00000106648",40,30,13,18,28,27
"ENSMUSG00000106649",117,100,138,171,132,184
"ENSMUSG00000106662",41,23,19,19,16,22
"ENSMUSG00000106663",387,350,305,351,288,348
"ENSMUSG00000106665",35,21,21,27,15,14
"ENSMUSG00000106671",29,20,18,28,40,27
"ENSMUSG00000106678",111,117,32,53,74,99
"ENSMUSG00000106682",36,30,26,57,53,53
"ENSMUSG00000106691",15,11,12,10,17,15
"ENSMUSG00000106696",326,330,416,382,370,445
"ENSMUSG00000106698",71,75,99,96,56,76
"ENSMUSG00000106702",863,568,688,922,1054,752
"ENSMUSG00000106706",20,11,36,23,33,15
"ENSMUSG00000106709",10,12,11,10,7,6
"ENSMUSG00000106715",178,161,150,166,111,155
"ENSMUSG00000106717",27,13,28,16,15,34
"ENSMUSG00000106720",37,22,31,26,50,19
"ENSMUSG00000106732",63,38,26,27,43,38
"ENSMUSG00000106734",189,103,180,134,99,67
"ENSMUSG00000106749",12,18,3,15,8,6
"ENSMUSG00000106751",59,44,36,36,37,28
"ENSMUSG00000106757",27,31,16,28,15,15
"ENSMUSG00000106764",9,22,12,12,13,11
"ENSMUSG00000106767",402,427,602,546,507,535
"ENSMUSG00000106772",27,21,12,11,23,12
"ENSMUSG00000106797",206,207,168,161,202,233
"ENSMUSG00000106798",31,27,21,18,17,21
"ENSMUSG00000106802",29,17,4,7,17,18
"ENSMUSG00000106815",32,23,39,64,26,34
"ENSMUSG00000106818",31,34,13,8,31,27
"ENSMUSG00000106822",25,9,18,14,26,12
"ENSMUSG00000106825",12,3,7,12,14,14
"ENSMUSG00000106828",12,9,13,8,19,12
"ENSMUSG00000106831",20,23,34,32,21,24
"ENSMUSG00000106834",312,303,406,306,262,298
"ENSMUSG00000106837",15,32,10,24,21,21
"ENSMUSG00000106847",1743,1383,360,444,893,829
"ENSMUSG00000106858",42,30,16,60,41,50
"ENSMUSG00000106864",1702,1632,1591,1651,1596,1519
"ENSMUSG00000106867",51,53,19,35,45,54
"ENSMUSG00000106870",82,87,90,100,86,76
"ENSMUSG00000106874",3335,3858,3438,3334,2797,2548
"ENSMUSG00000106891",14,17,12,20,14,6
"ENSMUSG00000106892",52,64,48,34,68,57
"ENSMUSG00000106894",230,274,458,387,293,268
"ENSMUSG00000106895",24,21,33,24,27,22
"ENSMUSG00000106896",47,34,192,92,138,70
"ENSMUSG00000106904",38,40,39,31,41,32
"ENSMUSG00000106912",36,35,26,43,39,41
"ENSMUSG00000106918",355,318,603,540,381,355
"ENSMUSG00000106926",37,22,51,34,50,46
"ENSMUSG00000106927",24,16,10,15,9,15
"ENSMUSG00000106928",56,52,32,23,30,37
"ENSMUSG00000106933",135,150,172,243,111,115
"ENSMUSG00000106940",182,108,69,117,88,102
"ENSMUSG00000106943",67,67,99,96,66,111
"ENSMUSG00000106944",87,50,28,63,74,76
"ENSMUSG00000106946",53,55,100,130,50,104
"ENSMUSG00000106951",174,109,322,301,304,281
"ENSMUSG00000106957",16,7,116,46,68,25
"ENSMUSG00000106959",36,29,24,24,25,41
"ENSMUSG00000106961",19,23,24,26,16,15
"ENSMUSG00000106967",98,96,62,83,77,69
"ENSMUSG00000106969",26,11,26,22,11,24
"ENSMUSG00000106978",90,60,53,65,83,69
"ENSMUSG00000106981",65,62,56,60,85,76
"ENSMUSG00000106988",5,9,18,15,17,9
"ENSMUSG00000106990",157,194,256,232,351,165
"ENSMUSG00000106993",21,20,18,26,30,22
"ENSMUSG00000107000",164,64,181,223,207,120
"ENSMUSG00000107002",162,129,203,197,149,157
"ENSMUSG00000107005",18,15,5,14,11,19
"ENSMUSG00000107009",13,20,11,6,15,8
"ENSMUSG00000107011",145,137,62,64,109,114
"ENSMUSG00000107012",213,211,211,273,339,343
"ENSMUSG00000107015",16,12,2,0,11,6
"ENSMUSG00000107017",16,11,12,12,8,9
"ENSMUSG00000107019",38,39,42,51,40,43
"ENSMUSG00000107023",7756,7000,7162,6942,7480,7940
"ENSMUSG00000107035",5,17,20,14,16,15
"ENSMUSG00000107040",550,466,790,836,888,826
"ENSMUSG00000107048",29,15,13,14,20,14
"ENSMUSG00000107050",23,21,22,23,16,14
"ENSMUSG00000107054",24,38,17,22,14,31
"ENSMUSG00000107062",14,8,12,10,13,5
"ENSMUSG00000107068",248,203,279,255,315,201
"ENSMUSG00000107071",388,360,481,414,344,294
"ENSMUSG00000107083",153,163,124,182,151,173
"ENSMUSG00000107085",14,13,11,12,8,11
"ENSMUSG00000107086",407,357,324,406,353,330
"ENSMUSG00000107090",68,54,24,23,50,56
"ENSMUSG00000107091",45,18,31,30,54,16
"ENSMUSG00000107092",135,260,272,230,425,482
"ENSMUSG00000107094",19,9,7,15,11,2
"ENSMUSG00000107096",108,94,46,57,66,70
"ENSMUSG00000107102",30,15,29,31,30,18
"ENSMUSG00000107103",8,16,18,19,17,24
"ENSMUSG00000107109",75,30,33,35,90,28
"ENSMUSG00000107115",56,34,31,39,40,43
"ENSMUSG00000107116",67,49,41,43,63,37
"ENSMUSG00000107118",59,58,40,63,43,40
"ENSMUSG00000107121",14,8,10,14,8,0
"ENSMUSG00000107134",96,58,113,141,149,165
"ENSMUSG00000107140",16,20,12,12,15,8
"ENSMUSG00000107142",31,38,57,42,36,19
"ENSMUSG00000107143",103,112,61,60,42,66
"ENSMUSG00000107155",45,23,18,15,26,24
"ENSMUSG00000107161",43,32,19,31,31,31
"ENSMUSG00000107165",38,15,41,42,23,25
"ENSMUSG00000107168",95,96,85,87,112,80
"ENSMUSG00000107169",659,526,681,669,578,503
"ENSMUSG00000107171",130,78,46,87,107,120
"ENSMUSG00000107173",12,6,9,3,10,12
"ENSMUSG00000107176",306,337,402,324,356,394
"ENSMUSG00000107179",57,41,31,36,16,34
"ENSMUSG00000107182",97,78,41,27,78,70
"ENSMUSG00000107191",290,302,281,318,294,237
"ENSMUSG00000107195",31,31,13,12,23,22
"ENSMUSG00000107197",180,188,135,208,166,210
"ENSMUSG00000107200",24,31,29,59,34,47
"ENSMUSG00000107201",46,52,48,50,64,63
"ENSMUSG00000107205",109,128,70,117,80,105
"ENSMUSG00000107211",15,11,33,30,14,18
"ENSMUSG00000107215",78,52,79,59,38,16
"ENSMUSG00000107222",42,34,42,30,29,22
"ENSMUSG00000107225",19,25,12,30,11,5
"ENSMUSG00000107227",52,54,56,51,72,43
"ENSMUSG00000107230",184,113,179,171,156,112
"ENSMUSG00000107253",27,27,10,2,3,6
"ENSMUSG00000107255",12,16,24,12,15,22
"ENSMUSG00000107276",31,39,25,35,41,32
"ENSMUSG00000107277",140,90,162,173,121,136
"ENSMUSG00000107278",26,32,31,27,27,16
"ENSMUSG00000107283",403,420,424,469,413,377
"ENSMUSG00000107286",80,58,64,52,81,57
"ENSMUSG00000107292",53,20,34,34,29,34
"ENSMUSG00000107304",71,89,68,75,75,82
"ENSMUSG00000107306",21,11,13,7,13,18
"ENSMUSG00000107310",16,29,12,4,18,21
"ENSMUSG00000107313",21,17,7,11,13,14
"ENSMUSG00000107314",157,117,145,116,87,69
"ENSMUSG00000107319",68,54,62,69,76,54
"ENSMUSG00000107320",57,39,34,32,41,43
"ENSMUSG00000107325",12,13,6,14,10,11
"ENSMUSG00000107331",70,55,57,57,57,53
"ENSMUSG00000107335",155,124,136,136,91,98
"ENSMUSG00000107336",14,12,5,3,8,14
"ENSMUSG00000107340",49,60,59,55,51,54
"ENSMUSG00000107350",24,15,5,3,14,11
"ENSMUSG00000107352",108,104,70,69,58,59
"ENSMUSG00000107355",31,18,13,15,13,14
"ENSMUSG00000107362",63,49,49,50,50,53
"ENSMUSG00000107364",47,38,41,38,54,31
"ENSMUSG00000107368",73,85,146,100,86,88
"ENSMUSG00000107370",19,6,14,14,10,6
"ENSMUSG00000107373",19,11,4,2,10,11
"ENSMUSG00000107379",263,223,290,277,641,464
"ENSMUSG00000107383",907,912,1554,1214,1165,1205
"ENSMUSG00000107390",109,127,74,112,95,117
"ENSMUSG00000107402",58,32,20,43,39,22
"ENSMUSG00000107406",135,163,195,199,205,173
"ENSMUSG00000107411",40,26,21,27,30,31
"ENSMUSG00000107412",18,4,43,44,104,21
"ENSMUSG00000107429",42,39,28,19,23,25
"ENSMUSG00000107430",10,11,4,11,10,14
"ENSMUSG00000107436",79,41,33,30,48,57
"ENSMUSG00000107448",29,31,2,10,15,12
"ENSMUSG00000107451",41,34,14,12,15,32
"ENSMUSG00000107458",164,132,59,76,103,89
"ENSMUSG00000107461",65,63,33,34,48,76
"ENSMUSG00000107468",117,82,48,68,99,48
"ENSMUSG00000107470",57,35,107,102,88,60
"ENSMUSG00000107476",435,372,324,288,298,255
"ENSMUSG00000107478",3778,3353,2994,3071,4063,3845
"ENSMUSG00000107482",569,605,643,616,673,480
"ENSMUSG00000107491",18,9,11,14,11,8
"ENSMUSG00000107497",8,7,19,16,19,41
"ENSMUSG00000107499",75,64,48,57,67,37
"ENSMUSG00000107502",161,142,108,130,143,192
"ENSMUSG00000107505",9,8,16,18,27,24
"ENSMUSG00000107508",13,8,12,7,11,12
"ENSMUSG00000107529",41,13,16,23,30,22
"ENSMUSG00000107531",15,11,11,10,14,5
"ENSMUSG00000107534",12,6,10,10,8,5
"ENSMUSG00000107539",144,138,139,148,130,118
"ENSMUSG00000107549",23,18,29,30,10,19
"ENSMUSG00000107560",15,23,12,16,17,9
"ENSMUSG00000107561",68,36,88,64,67,51
"ENSMUSG00000107567",18,9,5,11,11,3
"ENSMUSG00000107570",18,9,7,12,16,24
"ENSMUSG00000107576",14,11,14,28,15,2
"ENSMUSG00000107577",332,300,243,269,244,240
"ENSMUSG00000107583",23,11,21,16,17,6
"ENSMUSG00000107586",54,48,29,35,39,54
"ENSMUSG00000107593",42,34,41,24,29,19
"ENSMUSG00000107608",838,764,1043,942,848,692
"ENSMUSG00000107610",69,67,43,88,71,104
"ENSMUSG00000107634",27,25,47,28,68,22
"ENSMUSG00000107640",35,18,13,19,18,9
"ENSMUSG00000107647",18,16,10,15,8,11
"ENSMUSG00000107651",0,2,21,15,9,11
"ENSMUSG00000107655",605,360,54,63,235,149
"ENSMUSG00000107659",501,519,577,570,432,396
"ENSMUSG00000107668",89,96,130,191,138,120
"ENSMUSG00000107690",65,60,27,35,43,48
"ENSMUSG00000107702",63,64,49,63,79,54
"ENSMUSG00000107705",577,577,666,804,760,813
"ENSMUSG00000107706",35,12,10,7,27,12
"ENSMUSG00000107709",21,23,22,23,36,18
"ENSMUSG00000107720",29,25,11,7,19,16
"ENSMUSG00000107722",59,41,27,30,30,53
"ENSMUSG00000107724",79,101,138,137,138,121
"ENSMUSG00000107728",108,73,64,72,13,19
"ENSMUSG00000107736",32,7,103,48,8,5
"ENSMUSG00000107741",52,57,39,32,38,47
"ENSMUSG00000107742",27,26,18,12,15,11
"ENSMUSG00000107745",117,92,63,55,95,86
"ENSMUSG00000107749",69,55,41,67,44,43
"ENSMUSG00000107750",91,129,90,166,120,198
"ENSMUSG00000107753",7,3,17,12,5,16
"ENSMUSG00000107756",70,39,70,92,71,47
"ENSMUSG00000107761",131,120,71,65,81,73
"ENSMUSG00000107789",46,32,33,34,17,31
"ENSMUSG00000107801",14,13,16,11,18,19
"ENSMUSG00000107802",199,224,98,137,143,155
"ENSMUSG00000107810",7,22,47,20,31,18
"ENSMUSG00000107813",27,21,20,20,25,18
"ENSMUSG00000107814",25,16,14,20,22,14
"ENSMUSG00000107838",48,32,33,38,41,28
"ENSMUSG00000107841",35,22,31,34,29,40
"ENSMUSG00000107846",42,53,35,30,23,11
"ENSMUSG00000107849",19,11,3,0,3,18
"ENSMUSG00000107861",30,44,17,35,30,37
"ENSMUSG00000107865",62,23,33,53,49,50
"ENSMUSG00000107868",31,20,20,42,42,34
"ENSMUSG00000107869",10,13,36,31,40,18
"ENSMUSG00000107877",25,20,19,8,15,19
"ENSMUSG00000107879",18,31,68,38,62,40
"ENSMUSG00000107881",745,965,1057,1222,792,973
"ENSMUSG00000107884",73,46,46,51,60,41
"ENSMUSG00000107896",2,0,12,11,10,11
"ENSMUSG00000107899",8,12,18,8,48,40
"ENSMUSG00000107928",1534,1272,1149,1206,1363,1253
"ENSMUSG00000107932",13,4,9,11,11,5
"ENSMUSG00000107937",15,12,12,10,14,9
"ENSMUSG00000107944",101,69,37,51,67,70
"ENSMUSG00000107946",18,25,10,10,17,9
"ENSMUSG00000107950",7,16,11,11,7,11
"ENSMUSG00000107951",13,25,44,30,27,19
"ENSMUSG00000107954",21,12,0,7,9,11
"ENSMUSG00000107955",27,21,18,14,19,24
"ENSMUSG00000107961",486,482,277,354,277,232
"ENSMUSG00000107962",486,660,345,504,395,643
"ENSMUSG00000107969",525,483,246,210,426,441
"ENSMUSG00000107970",32,16,7,20,29,11
"ENSMUSG00000107976",9,22,28,28,36,22
"ENSMUSG00000107990",35,21,9,18,11,18
"ENSMUSG00000107994",333,258,303,293,267,282
"ENSMUSG00000107997",65,126,32,87,42,56
"ENSMUSG00000107999",326,266,151,185,240,216
"ENSMUSG00000108006",23,4,16,15,11,11
"ENSMUSG00000108011",25,20,29,23,23,27
"ENSMUSG00000108015",13,12,3,8,18,19
"ENSMUSG00000108033",18,21,19,26,19,24
"ENSMUSG00000108034",71,68,59,72,81,72
"ENSMUSG00000108035",24,12,5,2,17,8
"ENSMUSG00000108036",26,29,19,28,25,24
"ENSMUSG00000108037",789,659,572,691,656,534
"ENSMUSG00000108042",113,132,47,73,69,117
"ENSMUSG00000108046",27,11,7,7,16,11
"ENSMUSG00000108053",14,18,17,23,9,30
"ENSMUSG00000108064",122,113,34,43,87,107
"ENSMUSG00000108067",48,30,11,8,37,21
"ENSMUSG00000108075",56,52,29,26,30,41
"ENSMUSG00000108076",51,34,7,11,30,16
"ENSMUSG00000108080",27,27,12,12,11,30
"ENSMUSG00000108093",25,8,27,32,30,32
"ENSMUSG00000108101",18,8,19,22,16,18
"ENSMUSG00000108109",103,87,76,63,89,86
"ENSMUSG00000108112",97,87,191,87,60,50
"ENSMUSG00000108120",75,30,17,16,27,57
"ENSMUSG00000108122",9,16,11,8,13,15
"ENSMUSG00000108124",12,9,6,10,11,15
"ENSMUSG00000108126",487,473,1697,1524,1183,977
"ENSMUSG00000108137",128,97,39,53,71,70
"ENSMUSG00000108143",10,6,10,11,11,6
"ENSMUSG00000108152",24,8,16,20,13,11
"ENSMUSG00000108154",67,44,13,31,33,24
"ENSMUSG00000108155",81,27,19,32,83,64
"ENSMUSG00000108158",229,160,42,60,106,66
"ENSMUSG00000108170",552,549,601,590,655,640
"ENSMUSG00000108171",211,179,107,97,165,175
"ENSMUSG00000108175",162,124,157,208,265,287
"ENSMUSG00000108181",91,60,55,87,90,105
"ENSMUSG00000108185",18,15,14,11,15,11
"ENSMUSG00000108190",75,48,24,53,64,66
"ENSMUSG00000108195",40,25,16,16,28,32
"ENSMUSG00000108196",23,25,19,44,30,15
"ENSMUSG00000108199",38,30,25,18,32,18
"ENSMUSG00000108207",60,50,72,96,94,75
"ENSMUSG00000108211",26,43,14,18,19,22
"ENSMUSG00000108214",95,78,44,55,75,46
"ENSMUSG00000108216",3,9,10,8,11,12
"ENSMUSG00000108218",618,234,224,314,161,230
"ENSMUSG00000108219",580,595,136,202,311,229
"ENSMUSG00000108232",260,270,107,120,187,216
"ENSMUSG00000108236",30,29,13,12,3,6
"ENSMUSG00000108238",172,137,68,60,129,88
"ENSMUSG00000108242",15,6,6,4,20,15
"ENSMUSG00000108255",512,288,535,836,964,1028
"ENSMUSG00000108256",221,119,10,22,46,67
"ENSMUSG00000108258",19,6,5,12,9,15
"ENSMUSG00000108263",9,13,36,26,29,32
"ENSMUSG00000108268",179,113,94,159,120,168
"ENSMUSG00000108269",74,66,37,52,46,78
"ENSMUSG00000108282",294,291,424,361,367,309
"ENSMUSG00000108286",31,20,6,3,10,11
"ENSMUSG00000108291",48,34,22,22,14,40
"ENSMUSG00000108314",40,43,32,30,42,41
"ENSMUSG00000108319",29,15,25,36,29,25
"ENSMUSG00000108320",10,12,5,8,13,6
"ENSMUSG00000108321",752,741,854,713,749,791
"ENSMUSG00000108332",282,307,263,271,398,342
"ENSMUSG00000108333",21,21,9,16,7,18
"ENSMUSG00000108338",18,11,13,8,8,31
"ENSMUSG00000108347",19,13,9,16,14,15
"ENSMUSG00000108350",201,182,161,158,178,168
"ENSMUSG00000108352",12,12,4,6,13,8
"ENSMUSG00000108353",298,198,352,277,218,242
"ENSMUSG00000108358",43,25,39,36,50,50
"ENSMUSG00000108359",8,17,9,27,17,14
"ENSMUSG00000108366",10,20,27,23,21,43
"ENSMUSG00000108368",218,168,63,80,115,184
"ENSMUSG00000108378",79,52,100,128,103,70
"ENSMUSG00000108388",13,15,9,11,9,8
"ENSMUSG00000108389",10,11,20,19,8,12
"ENSMUSG00000108391",673,584,295,336,388,650
"ENSMUSG00000108394",60,75,35,38,54,53
"ENSMUSG00000108402",131,100,124,106,83,82
"ENSMUSG00000108414",781,886,975,730,519,636
"ENSMUSG00000108420",41,48,33,44,37,32
"ENSMUSG00000108435",91,73,72,59,68,67
"ENSMUSG00000108436",7,15,58,52,10,48
"ENSMUSG00000108437",21,15,13,4,10,24
"ENSMUSG00000108442",10,8,9,11,10,12
"ENSMUSG00000108443",37,45,57,67,42,50
"ENSMUSG00000108446",7,13,9,19,14,30
"ENSMUSG00000108447",32,17,22,32,28,21
"ENSMUSG00000108452",60,90,56,57,66,117
"ENSMUSG00000108456",47,59,37,44,29,31
"ENSMUSG00000108460",186,187,127,232,188,230
"ENSMUSG00000108461",56,27,26,32,48,50
"ENSMUSG00000108465",14,20,14,14,8,15
"ENSMUSG00000108466",185,154,265,199,209,118
"ENSMUSG00000108472",56,46,39,51,44,35
"ENSMUSG00000108477",78,66,120,106,104,70
"ENSMUSG00000108484",10,12,14,8,7,9
"ENSMUSG00000108486",47,54,19,38,23,40
"ENSMUSG00000108489",34,12,14,14,27,14
"ENSMUSG00000108500",47,36,39,69,62,41
"ENSMUSG00000108511",85,99,154,170,167,108
"ENSMUSG00000108521",205,230,114,251,205,275
"ENSMUSG00000108523",78,63,44,32,41,44
"ENSMUSG00000108524",7,17,72,19,8,12
"ENSMUSG00000108526",18,20,26,31,34,18
"ENSMUSG00000108542",16,11,16,28,19,22
"ENSMUSG00000108546",96,69,118,97,96,104
"ENSMUSG00000108547",18,6,12,10,10,12
"ENSMUSG00000108551",31,20,9,12,19,25
"ENSMUSG00000108555",177,146,86,120,124,243
"ENSMUSG00000108557",24,16,27,57,38,22
"ENSMUSG00000108560",18,11,24,22,23,28
"ENSMUSG00000108563",182,129,111,219,101,139
"ENSMUSG00000108573",229,178,418,308,259,205
"ENSMUSG00000108574",49,18,31,23,41,25
"ENSMUSG00000108584",35,54,92,75,46,57
"ENSMUSG00000108591",308,308,228,271,298,312
"ENSMUSG00000108596",14,12,53,28,18,19
"ENSMUSG00000108601",86,54,20,27,37,51
"ENSMUSG00000108614",67,82,34,64,76,152
"ENSMUSG00000108621",1252,990,862,958,1200,910
"ENSMUSG00000108624",68,85,14,18,45,72
"ENSMUSG00000108633",26,17,27,23,29,34
"ENSMUSG00000108643",16,11,11,20,13,8
"ENSMUSG00000108648",10,15,10,7,5,8
"ENSMUSG00000108655",37,27,33,50,29,30
"ENSMUSG00000108658",118,95,13,24,33,53
"ENSMUSG00000108670",23,27,6,4,10,16
"ENSMUSG00000108677",188,166,159,151,171,131
"ENSMUSG00000108678",27,8,13,7,8,16
"ENSMUSG00000108688",3,9,84,56,18,11
"ENSMUSG00000108689",19,7,7,19,14,18
"ENSMUSG00000108691",24,16,6,19,19,34
"ENSMUSG00000108696",38,32,4,7,16,32
"ENSMUSG00000108701",444,378,618,579,468,480
"ENSMUSG00000108720",101,71,120,117,98,59
"ENSMUSG00000108723",59,64,71,65,95,89
"ENSMUSG00000108732",38,13,13,16,9,16
"ENSMUSG00000108736",14,16,11,8,7,14
"ENSMUSG00000108737",15,17,9,14,7,14
"ENSMUSG00000108738",641,548,580,571,616,726
"ENSMUSG00000108741",120,72,57,93,73,115
"ENSMUSG00000108753",51,82,25,43,31,51
"ENSMUSG00000108766",27,18,6,8,13,16
"ENSMUSG00000108780",67,35,58,68,57,41
"ENSMUSG00000108784",16,25,31,15,27,43
"ENSMUSG00000108793",122,136,280,231,137,146
"ENSMUSG00000108801",35,30,22,20,29,30
"ENSMUSG00000108806",206,262,204,204,134,114
"ENSMUSG00000108812",57,36,26,44,43,48
"ENSMUSG00000108815",1460,1240,1221,1216,1261,1329
"ENSMUSG00000108823",12,15,13,2,16,12
"ENSMUSG00000108825",235,202,116,246,129,227
"ENSMUSG00000108832",12,17,6,12,6,14
"ENSMUSG00000108833",15,35,9,30,25,53
"ENSMUSG00000108842",10,6,16,14,17,9
"ENSMUSG00000108850",20,18,16,18,14,15
"ENSMUSG00000108871",51,40,54,91,73,62
"ENSMUSG00000108878",309,242,294,267,241,214
"ENSMUSG00000108880",634,696,626,615,704,593
"ENSMUSG00000108886",7,11,10,15,18,6
"ENSMUSG00000108888",123,68,116,113,71,82
"ENSMUSG00000108910",16,22,17,11,6,27
"ENSMUSG00000108912",202,260,374,460,248,516
"ENSMUSG00000108923",52,31,32,38,33,24
"ENSMUSG00000108930",32,21,10,15,7,37
"ENSMUSG00000108934",243,66,224,389,403,359
"ENSMUSG00000108935",15,15,22,18,19,14
"ENSMUSG00000108940",48,58,32,42,72,31
"ENSMUSG00000108943",14,2,7,10,10,6
"ENSMUSG00000108954",23,26,37,43,37,37
"ENSMUSG00000108955",130,103,74,95,88,60
"ENSMUSG00000108957",30,30,42,28,48,24
"ENSMUSG00000108979",68,60,54,67,73,50
"ENSMUSG00000108984",26,12,17,15,21,9
"ENSMUSG00000108985",71,44,20,11,43,47
"ENSMUSG00000108991",41,52,73,55,49,35
"ENSMUSG00000109005",492,520,370,642,549,791
"ENSMUSG00000109008",49,35,5,12,19,8
"ENSMUSG00000109015",43,31,19,23,21,43
"ENSMUSG00000109032",19,18,12,19,9,15
"ENSMUSG00000109036",13,3,11,10,18,6
"ENSMUSG00000109045",69,67,39,55,90,70
"ENSMUSG00000109051",25,13,10,12,23,16
"ENSMUSG00000109061",689,613,463,517,556,540
"ENSMUSG00000109079",15,6,5,24,20,16
"ENSMUSG00000109090",16,27,13,11,32,30
"ENSMUSG00000109102",32,11,14,20,13,8
"ENSMUSG00000109108",19,17,21,27,19,12
"ENSMUSG00000109111",42,46,6,15,16,22
"ENSMUSG00000109115",16,34,81,89,86,53
"ENSMUSG00000109118",213,288,111,125,165,197
"ENSMUSG00000109119",117,59,27,40,34,35
"ENSMUSG00000109122",20,11,6,7,15,18
"ENSMUSG00000109128",82,68,79,73,78,79
"ENSMUSG00000109129",144,117,103,114,115,72
"ENSMUSG00000109130",90,63,68,77,77,101
"ENSMUSG00000109136",15,7,9,16,10,18
"ENSMUSG00000109147",57,38,21,22,30,30
"ENSMUSG00000109154",87,75,115,110,78,75
"ENSMUSG00000109157",54,46,27,26,26,30
"ENSMUSG00000109168",391,363,414,383,345,277
"ENSMUSG00000109179",69,41,37,50,46,51
"ENSMUSG00000109194",56,104,39,61,81,78
"ENSMUSG00000109198",156,87,80,122,114,105
"ENSMUSG00000109206",45,45,35,61,30,30
"ENSMUSG00000109209",27,6,12,20,18,18
"ENSMUSG00000109216",29,12,6,12,16,18
"ENSMUSG00000109222",20,18,9,7,20,18
"ENSMUSG00000109224",37,17,64,52,17,24
"ENSMUSG00000109225",26,26,25,26,25,34
"ENSMUSG00000109231",13,7,11,27,13,8
"ENSMUSG00000109243",34,26,5,15,19,18
"ENSMUSG00000109244",137,71,105,102,81,72
"ENSMUSG00000109251",7,13,46,24,11,5
"ENSMUSG00000109270",38,26,29,35,50,40
"ENSMUSG00000109274",163,147,157,158,209,143
"ENSMUSG00000109279",229,180,165,279,290,358
"ENSMUSG00000109282",18,16,13,16,13,22
"ENSMUSG00000109290",7,11,5,6,16,14
"ENSMUSG00000109293",43,22,33,40,18,28
"ENSMUSG00000109302",8,16,10,19,8,16
"ENSMUSG00000109307",81,63,29,38,61,78
"ENSMUSG00000109314",473,502,324,428,580,618
"ENSMUSG00000109317",40,54,46,71,27,30
"ENSMUSG00000109324",902,859,1792,1284,955,791
"ENSMUSG00000109325",35,44,54,55,30,57
"ENSMUSG00000109327",42,35,58,52,38,35
"ENSMUSG00000109336",2136,2192,1604,1779,1833,1676
"ENSMUSG00000109337",12,15,7,7,14,5
"ENSMUSG00000109342",10,8,9,23,18,12
"ENSMUSG00000109357",43,44,56,53,39,38
"ENSMUSG00000109358",14,9,5,11,8,16
"ENSMUSG00000109362",19,13,11,11,15,14
"ENSMUSG00000109363",78,50,61,65,51,111
"ENSMUSG00000109367",82,75,10,8,31,9
"ENSMUSG00000109378",284,271,300,346,319,298
"ENSMUSG00000109379",26,15,9,28,17,14
"ENSMUSG00000109390",36,26,20,27,18,19
"ENSMUSG00000109395",13,12,2,0,4,11
"ENSMUSG00000109398",20,25,7,8,5,12
"ENSMUSG00000109408",453,359,1275,540,352,252
"ENSMUSG00000109420",21,22,22,20,18,21
"ENSMUSG00000109428",106,78,61,63,64,69
"ENSMUSG00000109429",612,657,613,1088,902,1109
"ENSMUSG00000109438",162,188,206,234,170,358
"ENSMUSG00000109445",56,62,39,36,51,47
"ENSMUSG00000109452",23,30,21,22,15,44
"ENSMUSG00000109455",237,193,168,190,176,195
"ENSMUSG00000109459",18,12,12,20,13,18
"ENSMUSG00000109460",18,11,13,10,9,14
"ENSMUSG00000109485",15,15,13,8,17,15
"ENSMUSG00000109489",27,16,36,24,29,28
"ENSMUSG00000109493",511,424,270,393,400,358
"ENSMUSG00000109495",12,11,7,6,8,14
"ENSMUSG00000109498",416,411,372,585,646,702
"ENSMUSG00000109499",23,25,11,14,19,12
"ENSMUSG00000109508",29,15,4,7,7,15
"ENSMUSG00000109509",30,31,64,50,36,44
"ENSMUSG00000109510",115,77,88,118,95,76
"ENSMUSG00000109511",536,577,817,587,587,423
"ENSMUSG00000109517",38,17,17,15,28,21
"ENSMUSG00000109523",37,43,47,27,37,34
"ENSMUSG00000109536",674,673,620,740,595,689
"ENSMUSG00000109539",135,69,86,125,132,92
"ENSMUSG00000109555",12,12,19,14,23,21
"ENSMUSG00000109560",56,53,3,3,5,27
"ENSMUSG00000109568",64,69,98,137,78,152
"ENSMUSG00000109570",112,131,91,72,113,96
"ENSMUSG00000109576",19,21,20,23,31,12
"ENSMUSG00000109584",26,15,26,22,20,12
"ENSMUSG00000109587",92,94,74,68,91,96
"ENSMUSG00000109589",45,32,55,87,20,25
"ENSMUSG00000109602",8,17,11,19,9,15
"ENSMUSG00000109606",30,16,19,35,32,21
"ENSMUSG00000109608",31,21,21,23,26,32
"ENSMUSG00000109610",29,15,13,26,18,15
"ENSMUSG00000109635",27,13,2,12,15,19
"ENSMUSG00000109638",100,86,49,57,92,54
"ENSMUSG00000109640",31,13,18,14,21,18
"ENSMUSG00000109642",46,27,44,40,38,27
"ENSMUSG00000109644",95,99,54,84,76,63
"ENSMUSG00000109647",21,16,11,8,13,12
"ENSMUSG00000109652",56,63,58,71,44,44
"ENSMUSG00000109654",10,18,10,10,15,15
"ENSMUSG00000109656",9,11,7,14,8,18
"ENSMUSG00000109658",12,20,11,12,8,8
"ENSMUSG00000109669",134,72,69,77,83,60
"ENSMUSG00000109674",75,122,61,76,27,47
"ENSMUSG00000109679",37,39,31,42,39,44
"ENSMUSG00000109695",63,178,113,120,65,208
"ENSMUSG00000109708",37,23,24,34,26,25
"ENSMUSG00000109709",173,156,94,102,131,128
"ENSMUSG00000109715",41,29,162,151,100,69
"ENSMUSG00000109719",76,64,130,211,48,101
"ENSMUSG00000109724",24,20,11,8,13,12
"ENSMUSG00000109727",704,551,204,235,392,410
"ENSMUSG00000109735",30,29,58,42,32,30
"ENSMUSG00000109739",87,90,120,102,94,91
"ENSMUSG00000109754",731,815,866,925,969,852
"ENSMUSG00000109764",34,30,3,3,11,16
"ENSMUSG00000109765",85,100,13,22,30,19
"ENSMUSG00000109771",73,90,58,51,49,46
"ENSMUSG00000109780",19,31,10,18,14,16
"ENSMUSG00000109781",48,41,27,27,37,30
"ENSMUSG00000109782",104,90,160,128,119,110
"ENSMUSG00000109784",81,90,35,43,72,107
"ENSMUSG00000109785",40,35,53,42,20,19
"ENSMUSG00000109799",475,360,214,253,255,389
"ENSMUSG00000109807",21,12,13,20,10,27
"ENSMUSG00000109812",51,44,83,79,94,127
"ENSMUSG00000109836",1131,1013,868,853,1480,1037
"ENSMUSG00000109841",31,49,35,35,29,43
"ENSMUSG00000109850",102,112,138,142,146,111
"ENSMUSG00000109863",31,18,32,38,54,46
"ENSMUSG00000109864",487,334,146,190,324,466
"ENSMUSG00000109865",405,400,692,575,566,406
"ENSMUSG00000109873",51,38,26,36,43,46
"ENSMUSG00000109875",23,27,51,60,39,47
"ENSMUSG00000109876",15,20,25,7,8,9
"ENSMUSG00000109879",37,29,24,22,29,41
"ENSMUSG00000109881",278,261,276,284,158,182
"ENSMUSG00000109901",1384,1418,1831,1996,1863,1627
"ENSMUSG00000109904",140,229,313,337,195,181
"ENSMUSG00000109926",147,168,192,181,170,137
"ENSMUSG00000109930",27,31,27,30,36,35
"ENSMUSG00000109933",12,18,14,16,18,60
"ENSMUSG00000109940",13,12,9,12,6,5
"ENSMUSG00000109941",69,72,234,133,115,69
"ENSMUSG00000109946",56,48,16,19,30,32
"ENSMUSG00000109947",31,36,0,4,4,14
"ENSMUSG00000109953",21,46,17,23,26,31
"ENSMUSG00000109954",345,316,372,338,429,451
"ENSMUSG00000109956",14,6,19,14,11,14
"ENSMUSG00000109959",58,83,49,55,52,56
"ENSMUSG00000109967",350,221,96,122,143,185
"ENSMUSG00000109970",9,15,7,19,13,21
"ENSMUSG00000109975",14,11,4,10,4,5
"ENSMUSG00000109984",40,39,29,20,37,35
"ENSMUSG00000110010",36,38,13,27,39,35
"ENSMUSG00000110020",23,32,4,6,13,5
"ENSMUSG00000110040",5311,5713,4758,6441,5387,5478
"ENSMUSG00000110057",21,35,26,28,31,34
"ENSMUSG00000110062",60,89,90,88,127,44
"ENSMUSG00000110068",47,58,31,35,52,34
"ENSMUSG00000110077",18,17,10,16,13,21
"ENSMUSG00000110079",47,20,17,34,34,24
"ENSMUSG00000110087",18,9,11,15,15,11
"ENSMUSG00000110088",20,16,32,19,33,22
"ENSMUSG00000110104",805,697,1809,1439,989,826
"ENSMUSG00000110105",34,23,9,15,8,12
"ENSMUSG00000110115",80,64,11,18,21,44
"ENSMUSG00000110120",12,7,10,10,8,9
"ENSMUSG00000110126",27,78,71,81,106,105
"ENSMUSG00000110127",16,20,7,8,15,31
"ENSMUSG00000110136",135,94,68,89,88,82
"ENSMUSG00000110138",295,233,272,220,309,252
"ENSMUSG00000110142",431,561,605,500,474,457
"ENSMUSG00000110148",75,46,68,43,54,63
"ENSMUSG00000110156",9,7,12,7,11,22
"ENSMUSG00000110159",25,11,18,32,19,11
"ENSMUSG00000110161",23,35,12,14,22,24
"ENSMUSG00000110166",27,39,19,20,36,31
"ENSMUSG00000110167",67,57,49,64,62,73
"ENSMUSG00000110170",407,327,891,778,660,439
"ENSMUSG00000110181",21,11,12,16,15,12
"ENSMUSG00000110183",152,174,111,124,165,136
"ENSMUSG00000110185",334,336,257,244,466,281
"ENSMUSG00000110195",233,155,32,46,68,54
"ENSMUSG00000110197",172,129,175,189,156,139
"ENSMUSG00000110206",115,67,44,71,68,51
"ENSMUSG00000110218",150,118,157,159,55,66
"ENSMUSG00000110230",182,118,84,105,115,105
"ENSMUSG00000110234",303,254,388,351,239,216
"ENSMUSG00000110243",156,104,128,146,132,123
"ENSMUSG00000110245",53,62,24,56,67,88
"ENSMUSG00000110248",15,17,17,20,25,21
"ENSMUSG00000110256",130,127,143,144,165,130
"ENSMUSG00000110266",67,54,17,20,29,30
"ENSMUSG00000110270",29,34,19,28,25,15
"ENSMUSG00000110275",71,86,93,92,85,105
"ENSMUSG00000110277",129,124,90,85,96,78
"ENSMUSG00000110279",1770,1629,2510,2155,2065,2208
"ENSMUSG00000110282",205,165,128,191,180,227
"ENSMUSG00000110291",40,43,101,92,65,79
"ENSMUSG00000110298",152,38,9,7,10,12
"ENSMUSG00000110299",23,22,28,38,38,43
"ENSMUSG00000110301",102,101,9,10,14,24
"ENSMUSG00000110316",21,26,12,8,9,9
"ENSMUSG00000110317",37,18,32,30,19,35
"ENSMUSG00000110325",32,21,18,26,21,19
"ENSMUSG00000110331",36,46,51,53,40,38
"ENSMUSG00000110344",177,113,40,56,69,82
"ENSMUSG00000110350",2123,2094,1727,2039,1587,1576
"ENSMUSG00000110357",59,32,17,16,9,12
"ENSMUSG00000110360",45,43,19,32,44,40
"ENSMUSG00000110377",38,31,21,27,40,31
"ENSMUSG00000110378",16,15,20,24,17,18
"ENSMUSG00000110386",287,48,69,55,60,75
"ENSMUSG00000110388",13,9,55,73,6,8
"ENSMUSG00000110393",95,55,81,64,85,108
"ENSMUSG00000110397",53,36,85,91,58,53
"ENSMUSG00000110404",30,25,13,11,14,8
"ENSMUSG00000110409",9,15,39,31,30,31
"ENSMUSG00000110411",112,90,33,71,39,47
"ENSMUSG00000110414",24,16,17,11,23,19
"ENSMUSG00000110419",27,13,12,14,15,19
"ENSMUSG00000110423",182,175,291,261,192,157
"ENSMUSG00000110424",113,97,69,81,51,63
"ENSMUSG00000110428",205,135,35,63,129,104
"ENSMUSG00000110433",25,22,19,23,21,21
"ENSMUSG00000110437",18,16,6,4,4,16
"ENSMUSG00000110440",737,695,560,596,635,803
"ENSMUSG00000110442",15,6,16,3,15,11
"ENSMUSG00000110444",332,335,375,321,318,284
"ENSMUSG00000110446",24,18,16,10,13,12
"ENSMUSG00000110458",13,12,14,18,6,18
"ENSMUSG00000110464",14,16,2,6,3,12
"ENSMUSG00000110499",29,16,12,19,27,14
"ENSMUSG00000110505",89,68,54,64,56,50
"ENSMUSG00000110516",23,32,37,35,22,14
"ENSMUSG00000110517",47,21,10,19,26,28
"ENSMUSG00000110521",9,11,14,6,11,11
"ENSMUSG00000110524",29,16,6,2,31,9
"ENSMUSG00000110528",12,15,14,14,9,9
"ENSMUSG00000110530",49,39,7,12,30,40
"ENSMUSG00000110537",393,36,46,50,28,25
"ENSMUSG00000110540",29,13,10,6,13,16
"ENSMUSG00000110547",52,58,98,91,60,67
"ENSMUSG00000110556",37,45,39,36,34,22
"ENSMUSG00000110558",115,86,91,104,99,85
"ENSMUSG00000110569",27,18,46,23,39,19
"ENSMUSG00000110575",251,232,270,322,288,271
"ENSMUSG00000110580",20,9,21,8,11,14
"ENSMUSG00000110588",5248,6639,4700,2910,4578,5273
"ENSMUSG00000110592",24,17,4,3,10,12
"ENSMUSG00000110593",64,63,50,69,50,66
"ENSMUSG00000110598",57,60,66,88,43,73
"ENSMUSG00000110605",64,50,73,65,48,41
"ENSMUSG00000110611",13,13,9,12,10,16
"ENSMUSG00000110615",97,85,108,87,77,59
"ENSMUSG00000110622",694,406,88,171,209,514
"ENSMUSG00000110630",178,172,166,186,155,139
"ENSMUSG00000110631",0,0,37,16,5,32
"ENSMUSG00000110635",71,62,78,88,50,91
"ENSMUSG00000110649",113,94,47,38,48,35
"ENSMUSG00000110652",45,26,47,42,22,41
"ENSMUSG00000110656",59,44,42,24,51,27
"ENSMUSG00000110669",80,87,55,42,51,43
"ENSMUSG00000110679",10,4,10,10,6,8
"ENSMUSG00000110689",4,21,10,12,10,8
"ENSMUSG00000110698",679,662,359,459,476,434
"ENSMUSG00000110702",148,92,31,60,36,38
"ENSMUSG00000110704",75,75,93,93,58,47
"ENSMUSG00000110706",78,55,61,61,44,50
"ENSMUSG00000110711",449,478,1256,979,608,561
"ENSMUSG00000110720",19,6,4,14,11,8
"ENSMUSG00000110723",42,46,3,6,34,15
"ENSMUSG00000110744",26,40,46,39,44,48
"ENSMUSG00000110751",34,15,10,11,21,12
"ENSMUSG00000110754",30,35,22,23,30,19
"ENSMUSG00000110755",13,43,5,11,2,0
"ENSMUSG00000110758",14,15,4,7,6,14
"ENSMUSG00000110765",29,30,18,31,20,27
"ENSMUSG00000110772",27,38,16,22,32,28
"ENSMUSG00000110773",59,53,41,44,52,59
"ENSMUSG00000110774",107,80,148,113,108,72
"ENSMUSG00000110790",1003,1334,1197,541,896,1034
"ENSMUSG00000110791",67,43,24,23,48,59
"ENSMUSG00000110803",96,97,51,42,81,69
"ENSMUSG00000110816",16,25,7,15,9,12
"ENSMUSG00000110830",74,72,113,76,51,59
"ENSMUSG00000110834",96,118,72,89,83,73
"ENSMUSG00000110840",18,8,21,18,14,27
"ENSMUSG00000110841",86,97,101,106,78,95
"ENSMUSG00000110845",20,11,17,22,21,28
"ENSMUSG00000110859",27,20,17,23,19,25
"ENSMUSG00000110869",37,36,53,53,54,34
"ENSMUSG00000110888",30,17,4,4,15,11
"ENSMUSG00000110899",4120,4080,3040,2432,2849,2153
"ENSMUSG00000110903",21,25,20,22,33,24
"ENSMUSG00000110914",40,52,12,10,18,22
"ENSMUSG00000110915",7,16,5,10,7,14
"ENSMUSG00000110945",87,73,42,42,46,43
"ENSMUSG00000110949",115,94,172,159,132,107
"ENSMUSG00000110959",9,7,13,15,9,14
"ENSMUSG00000110980",41,41,36,40,48,43
"ENSMUSG00000110982",41,43,17,23,14,64
"ENSMUSG00000110988",23,20,7,10,16,11
"ENSMUSG00000110993",52,63,35,42,42,40
"ENSMUSG00000110997",42,21,32,40,28,27
"ENSMUSG00000111000",25,13,5,6,15,12
"ENSMUSG00000111003",9,12,16,23,8,9
"ENSMUSG00000111004",27,27,16,31,18,41
"ENSMUSG00000111017",36,32,16,32,22,27
"ENSMUSG00000111027",19,9,20,14,14,18
"ENSMUSG00000111028",20,12,12,6,6,12
"ENSMUSG00000111030",35,18,36,38,23,34
"ENSMUSG00000111039",8,11,4,11,28,16
"ENSMUSG00000111053",8,16,11,8,7,15
"ENSMUSG00000111063",78,40,5,10,23,19
"ENSMUSG00000111067",13,15,11,24,26,8
"ENSMUSG00000111079",30,18,16,26,19,11
"ENSMUSG00000111080",749,921,558,718,865,841
"ENSMUSG00000111082",218,263,410,378,267,282
"ENSMUSG00000111085",37,26,16,18,21,19
"ENSMUSG00000111128",583,535,429,500,627,480
"ENSMUSG00000111131",42,26,29,30,40,38
"ENSMUSG00000111132",13,16,11,15,17,12
"ENSMUSG00000111133",643,720,976,697,978,778
"ENSMUSG00000111155",14,4,10,6,16,8
"ENSMUSG00000111158",19,0,4,12,8,11
"ENSMUSG00000111160",12,12,20,12,14,6
"ENSMUSG00000111163",30,16,2,12,7,14
"ENSMUSG00000111184",56,54,35,30,30,50
"ENSMUSG00000111187",34,35,101,53,38,32
"ENSMUSG00000111198",23,23,9,18,13,18
"ENSMUSG00000111205",41,40,7,8,11,9
"ENSMUSG00000111212",186,140,145,113,176,144
"ENSMUSG00000111213",47,54,24,36,30,80
"ENSMUSG00000111229",3,0,17,19,10,11
"ENSMUSG00000111241",18,15,10,8,11,12
"ENSMUSG00000111246",18,20,9,23,25,19
"ENSMUSG00000111264",100,103,64,117,64,108
"ENSMUSG00000111291",49,49,25,32,48,32
"ENSMUSG00000111292",18,17,21,22,8,9
"ENSMUSG00000111293",20,20,11,12,6,9
"ENSMUSG00000111301",16,17,2,18,5,19
"ENSMUSG00000111312",311,244,262,244,309,268
"ENSMUSG00000111329",374,349,265,348,373,313
"ENSMUSG00000111334",38,46,42,42,28,44
"ENSMUSG00000111339",1065,981,1099,1434,871,768
"ENSMUSG00000111341",15,15,7,4,14,19
"ENSMUSG00000111345",21,13,14,23,9,12
"ENSMUSG00000111356",43,38,31,28,45,43
"ENSMUSG00000111358",41,35,16,18,42,32
"ENSMUSG00000111371",18,20,20,22,13,12
"ENSMUSG00000111375",148,173,161,149,153,152
"ENSMUSG00000111390",49,50,21,32,33,35
"ENSMUSG00000111394",731,794,2513,2106,835,1069
"ENSMUSG00000111409",210,194,320,301,213,178
"ENSMUSG00000111410",89,145,599,602,176,178
"ENSMUSG00000111412",15,17,4,6,13,8
"ENSMUSG00000111415",18,20,4,19,17,27
"ENSMUSG00000111424",76,49,59,71,56,48
"ENSMUSG00000111425",15,13,3,15,13,8
"ENSMUSG00000111447",674,701,662,692,751,838
"ENSMUSG00000111465",41,34,14,27,14,14
"ENSMUSG00000111471",485,494,542,555,597,567
"ENSMUSG00000111481",18,12,10,12,6,8
"ENSMUSG00000111491",21,6,10,32,28,14
"ENSMUSG00000111496",128,132,122,142,150,147
"ENSMUSG00000111497",1631,1408,2218,2089,1696,1471
"ENSMUSG00000111505",14,11,10,8,7,12
"ENSMUSG00000111514",20,13,31,15,19,15
"ENSMUSG00000111515",14,11,21,15,9,5
"ENSMUSG00000111521",509,295,182,190,240,243
"ENSMUSG00000111529",27,31,24,23,31,19
"ENSMUSG00000111539",30,12,7,26,11,16
"ENSMUSG00000111540",45,27,16,15,29,35
"ENSMUSG00000111583",10,16,10,23,6,14
"ENSMUSG00000111593",10,3,4,15,7,14
"ENSMUSG00000111594",36,35,28,23,32,22
"ENSMUSG00000111605",24,9,37,39,15,25
"ENSMUSG00000111632",21,36,64,53,36,30
"ENSMUSG00000111639",754,799,401,488,621,756
"ENSMUSG00000111662",20,22,72,51,20,16
"ENSMUSG00000111664",16,11,11,16,6,12
"ENSMUSG00000111673",34,39,5,11,11,3
"ENSMUSG00000111681",84,135,85,64,94,89
"ENSMUSG00000111685",65,55,77,63,46,37
"ENSMUSG00000111686",18,25,22,14,19,18
"ENSMUSG00000111690",13,11,9,11,8,25
"ENSMUSG00000111692",80,89,98,85,84,88
"ENSMUSG00000111712",16,7,10,2,7,11
"ENSMUSG00000111737",0,0,40,36,20,27
"ENSMUSG00000111738",24,45,32,23,33,21
"ENSMUSG00000111740",70,80,93,87,84,66
"ENSMUSG00000111748",18,26,3,19,16,16
"ENSMUSG00000111774",32,15,3,4,13,12
"ENSMUSG00000111777",43,21,24,42,17,31
"ENSMUSG00000111789",9816,10848,483,963,2115,1896
"ENSMUSG00000111793",156,143,213,236,156,159
"ENSMUSG00000111796",73,44,16,0,36,35
"ENSMUSG00000111842",100,86,48,56,66,79
"ENSMUSG00000111847",46,35,6,23,30,30
"ENSMUSG00000111854",14,4,4,19,10,11
"ENSMUSG00000111856",139,179,276,246,209,179
"ENSMUSG00000111865",8,16,11,6,5,19
"ENSMUSG00000111877",49,66,91,64,48,48
