Assembly,Sample,species.1,Patient_ID,"Gender(M=0,F=1）",Age (years),Weight (kg),"Smoking(NO=0,YES=1)","Surgery(NO=0,YES=1)","Urinary catheterization(NO=0,YES=1)",Endotracheal intubation,Puncture drainage,Tracheotomy,Hemodialysis,Gastric tube,Diabetes,Hypertension,Coronary artery disease,Cerebrovascular disease,Renal insufficiency,Pulmonary disease,Antibiotic usage(Multiple therapy=1),Prealbumin level(>280 mg/L),Albumin level(>35 g/L),Hospital length of stay,Barcode,samReadNum,samBaseNum,samGC,samQ10,samQ20,samQ30Total,contigs,Largestcontig,Totallength,N50,N75,note,species,ST,allele1,allele2,allele3,allele4,allele5,allele6,allele7,species.1,species_match,total_size,ambiguous_bases,QC_warnings,ST.1,virulence_score,resistance_score,num_resistance_classes,num_resistance_genes,Yersiniabactin,YbST,Colibactin,CbST,Aerobactin,AbST,Salmochelin,SmST,RmpADC,RmST,rmpA2,wzi,K_locus,K_locus_problems,K_locus_confidence,K_locus_identity,K_locus_missing_genes,O_locus,O_type,O_locus_problems,O_locus_confidence,O_locus_identity,O_locus_missing_genes,Aminoglycosides_acquired,Colistin_acquired,Fosfomycin_acquired,Fluoroquinolones_acquired,Glycopeptides_acquired,Macrolides_acquired,Phenicols_acquired,Rifampin_acquired,Sulfonamides_acquired,Tetracyclines_acquired,Tigecycline_acquired,Trimethoprim_acquired,Bla_acquired,Bla_inhR_acquired,Bla_ESBL_acquired,Bla_ESBL_inhR_acquired,Bla_Carb_acquired,Bla_chr,SHV_mutations,Omp_mutations,Colistin_mutations,Fluoroquinolones_mutations,truncated_resistance_hits,spurious_resistance_hits,Chr_ST,gapA,infB,mdh,pgi,phoE,rpoB,tonB,ybtS,ybtX,ybtQ,ybtP,ybtA,irp2,irp1,ybtU,ybtT,ybtE,fyuA,clbA,clbB,clbC,clbD,clbE,clbF,clbG,clbH,clbI,clbL,clbM,clbN,clbO,clbP,clbQ,iucA,iucB,iucC,iucD,iutA,iroB,iroC,iroD,iroN,rmpA,rmpD,rmpC,spurious_virulence_hits,#FILE,ARR-3_4_FM207631,CMY2-MIR-ACT-EC-NG_051160.1,aac(3)-IIa_1_X51534,aac(3)-IId-NG_047251.1,aac(3)-IV_1_DQ241380,aac(3)-IVa_1_X01385,aac(3)-Ia_1_X15852,aac(6')-Ib-cr_1_DQ303918,aac(6')_Serra-NG_052468.1,aadA16-NG_047339.1,aadA22_1_AM261837,aadA2_1_NC_010870,aadA5_1_AF137361,ant(2'')-Ia_1_X04555,ant(3'')-IIa-NG_054646.1,ant(3'')-IIa-NG_054652.1,ant(3'')-Ia_1_X02340,ant(3'')-Ii-aac(6')-IId_1_AF453998,aph(3'')-Ib_2_AF024602,aph(3'')-Ib_5_AF321551,aph(3')-IIa_2_V00618,aph(3')-Ia-NG_056047.1,aph(3')-Ia_10_EU855787,aph(3')-Ia_1_V00359,aph(3')-Ia_7_X62115,aph(3')-Ia_9_EU722351,aph(4)-Ia_1_V01499,aph(6)-Id-NG_047466.1,aph(6)-Id_1_M28829,aph(6)-Id_4_CP000971,armA_1_AY220558,blaACT-13-NG_048600.1,blaACT-15_1_JX440356,blaACT-16-NG_050702.1,blaACT-28-NG_048614.1,blaACT-40-NG_050703.1,blaACT-41-NG_050704.1,blaACT-45-NG_050708.1,blaACT-56-NG_061415.1,blaACT-70-NG_065856.1,blaADC-150-NG_064705.1,blaADC-156-NG_055286.1,blaADC-30-NG_048652.1,blaADC-73-NG_048678.1,blaCFE-1_1_AB107899,blaCMH-1-NG_048766.1,blaCMH-4-NG_061416.1,blaCMY-150_2_NG_060513,blaCMY-159-NG_062243.1,blaCTX-M-14_1_AF252622,blaCTX-M-14b_1_DQ359215,blaCTX-M-15_1_AY044436,blaCTX-M-22_1_AY080894,blaCTX-M-27_1_AY156923,blaCTX-M-3_1_Y10278,blaCTX-M-55_1_DQ810789,blaCTX-M-65_1_EF418608,blaCTX-M-69_1_EU402393,blaDHA-1_1_Y16410,blaDHA-4_1_CP026046,blaEC-14-NG_049080.1,blaEC-15-NG_049081.1,blaEC-18-NG_049083.1,blaEC-19-NG_049084.1,blaEC-5-NG_049085.1,blaEC-NG_047494.1,blaEC-NG_047496.1,blaIMP-4_1_AF244145,blaKPC-2_1_AY034847,blaKPC-33_1_CP025144,blaKPC-3_1_HM769262,blaLAP-2_1_EU159120,blaLEN-7-NG_050778.1,blaMIR-17-NG_049301.1,blaMIR-3_1_AY743435,blaMIR-7-NG_049308.1,blaMOX-12-NG_049314.1,blaMOX-3_1_EU515248,blaNDM-15_1_KP735848,blaNDM-1_1_FN396876,blaNDM-5_1_JN104597,blaOKP-A-11_1_AM850915,blaOKP-A-17-NG_049361.1,blaOKP-A-9_1_AM051148,blaOKP-B-15_1_AM850917,blaOKP-B-16_1_AM850918,blaOKP-B-17_1_AM850919,blaOKP-B-18_1_AM850920,blaOKP-B-1_1_AM051150,blaOKP-B-9_1_AM051159,blaORN-1-NG_049386.1,blaOXA-10_1_J03427,blaOXA-120_1_EU255289,blaOXA-181_1_CM004561,blaOXA-1_1_HQ170510,blaOXA-23_1_AY795964,blaOXA-504-NG_049782.1,blaOXA-66_1_AY750909,blaOXA-69_1_AY859527,blaOXA-826-NG_065437.1,blaOXY-1-3_3_AY077482,blaOXY-2-12-NG_049849.1,blaOXY-4-1-NG_050613.1,blaOXY-5-2_2_AJ871871,blaSFO-1_1_AB003148,blaSHV-106_1_AM922307,blaSHV-108_1_AM922309,blaSHV-11_1_X98101,blaSHV-11_CP033900,blaSHV-11_CP036190.1,blaSHV-11_CP036450,blaSHV-11_CP038002,blaSHV-11_MG653191.1,blaSHV-12_1_KF976405,blaSHV-187_1_LN515533,blaSHV-191_1_KP868754,blaSHV-1_FJ668809.1,blaSHV-215-NG_062287.1,blaSHV-33_1_AY037779,blaSHV-42_1_AF535130,blaSHV-75_1_AM176550,blaSST-1_1_AB008455,blaTEM-141_1_AY956335,blaTEM-198_1_AB700703,blaTEM-1A_1_HM749966,blaTEM-1B_1_AY458016,blaTEM-1C_1_FJ560503,blaTEM-1D_1_AF188200,blaTEM-209_1_KF240808,blaTEM-2_1_X54606,ble-MBL-NG_047559.1,bleO-NG_047557.1,catA1_1_V00622,catA2-NG_047596.1,catB3_2_U13880,catB8_1_AF227506,cmlA1_1_M64556,cmlA1_2_AB212941,cmlA5-NG_051436.1,dfrA12_8_AM040708,dfrA14_5_DQ388123,dfrA15_2_AF221900,dfrA17_1_FJ460238,dfrA1_10_AF203818,dfrA1_8_X00926,dfrA25-NG_047721.1,dfrA27_1_FJ459817,erm(42)_2_AB601890,erm(B)_18_X66468,floR-NG_047862.1,floR-NG_047869.1,floR-NG_047876.1,floR-NG_047877.1,floR-NG_047878.1,fosA3_1_AB522970,fosA5_1_EU195449,fosA6_1_KU254579,fosA_1_M85195,fosA_2_AGDM01000012,fosA_3_ACWO01000079,fosA_5_AFBO01000747,fosA_6_ACZD01000244,fosA_7_AEXB01000013,lnu(F)_1_EU118119,mcr-1.1_1_KP347127,mcr-10.1_MN179494,mcr-8.2-NG_061627.1,mcr-9_1_NZ_NAAN01000063.1,mdf(A)_1_Y08743,mef(B)_1_FJ196385,mph(A)_1_D16251,mph(A)_2_U36578,mph(E)_1_DQ839391,msr(E)_1_FR751518,oqxA10-NG_050418.1,oqxA11-NG_050419.1,oqxA3-NG_050421.1,oqxA5-NG_050423.1,oqxA6-NG_050424.1,oqxA7-NG_050425.1,oqxA8-NG_050426.1,oqxA9-NG_050427.1,oqxA_1_EU370913,oqxB10-NG_050428.1,oqxB11-NG_050429.1,oqxB12-NG_050430.1,oqxB16-NG_050434.1,oqxB17-NG_050435.1,oqxB19-NG_050437.1,oqxB20-NG_050439.1,oqxB24-NG_050443.1,oqxB25-NG_050444.1,oqxB26-NG_050445.1,oqxB32-NG_050452.1,oqxB4-NG_050453.1,oqxB6-NG_050455.1,oqxB9-NG_050458.1,oqxB_1_EU370913,qnrA1_1_AY070235,qnrB12_2_AM774474,qnrB1_1_DQ351241,qnrB28_1_HM439643,qnrB38_1_JN173060,qnrB4_1_DQ303921,qnrB52_1_EF488762,qnrB6_2_EF523819,qnrB91-NG_057450.1,qnrD1_1_FJ228229,qnrS1_1_AB187515,qnrVC4_1_GQ891757,rmtB_1_AB103506,rmtC_1_AB194779,sat2_gen-NG_048068.1,sul1_5_EU780013,sul2_2_AY034138,sul2_3_HQ840942,sul3_2_AJ459418,tet(41)_1_AY264780,tet(A)_6_AF534183,tet(B)-NG_048173.1,tet(B)_1_AP000342,tet(B)_2_AF326777,tet(C)-NG_048177.1,tet(C)-NG_048181.1,tet(D)_1_AF467077,tet(E)_3_CP000645,tet(M)-NG_048237.1,tet(M)-NG_048250.1,#FILE.1,Col(BS512)_1__NC_010656,Col(IMGS31)_1__NC_011406,Col(IRGK)_1__AY543071,Col(MG828)_1__NC_008486,Col(pHAD28)_1__KU674895,Col156_1__NC_009781,Col3M_1__JX514065,Col440II_1__CP023921,Col440I_1__CP023920,ColKP3_1__JN205800,ColRNAI_1__DQ298019,IncB/O/K/Z_1__CU928147,IncB/O/K/Z_4__FN868832,IncC_1__JN157804,IncFIA(HI1)_1__AF250878,IncFIA_1__AP001918,IncFIB(AP001918)_1__AP001918,IncFIB(H89-PhagePlasmid)_1__HG530657,IncFIB(K)(pCAV1099-114)_1__CP011596,IncFIB(K)_1__JN233704,IncFIB(pB171)_1__AB024946,IncFIB(pECLA)_1__CP001919,IncFIB(pHCM2)_1__AL513384,IncFIB(pKPHS1)_1__CP003223,IncFIB(pNDM-Mar)_1__JN420336,IncFIB(pQil)_1__JN233705,IncFIC(FII)_1__AP001918,IncFII(K)_1__CP000648,IncFII(Yp)_1__CP000670,IncFII(p14)_1__JQ418538,IncFII(pAMA1167-NDM-5)_1__CP024805,IncFII(pCoo)_1__CR942285,IncFII(pECLA)_1__CP001919,IncFII(pHN7A8)_1__JN232517,IncFII(pKP91)_1__CP000966,IncFII(pMET)_1__EU383016,IncFII(pRSB107)_1__AJ851089,IncFII_1__AY458016,IncHI1B(pNDM-MAR)_1__JN420336,IncHI2A_1__BX664015,IncHI2_1__BX664015,IncI(Gamma)_1__AP011954,IncI1-I(Alpha)_1__AP005147,IncL_1__JN626286,IncN_1__AY046276,IncP1_3__KX377410,IncQ1_1__M28829,IncR_1__DQ449578,IncU_1__DQ401103,IncX1_1__EU370913,IncX3_1__JN247852,IncX4_1__CP002895,IncX4_2__FN543504,IncY_1__K02380,p0111_1__AP010962,pKPC-CAV1321_1__CP011611,pSM22_1__NC_015972,repB_KLEB_VIR_AP006726,#FILE.2,DadX_dadB,H239_3059,KP1_1364,KP1_1371,KatG,KexD,KpnE,KpnF,MutS,OmpK26,OmpK35,OmpK37,OmpK38,OmpR,OmpU,OmpW,PCR_CG258_kphp1,PCR_FIB_repA,PCR_HIB_repA,PCR_K1wzy,PCR_K2wzy,PCR_KL47wzy,PCR_KL64-wzi64wzy,PCR_ST23_KP1_1127,PCR_ST65_375_ykkD,PCR_khe,PCR_pilL2,PCR_rmpA,PmrD,RamA,RamR,RomA,Tn4401-MEKPCI,Tn4401-MEKPCII,Tn4401g,Tn5393__toprJ1,Tn5393_tmexC1,Tn5393_tmexD1,Tn5393_tnfxB1,YbjG,YfaZ,acka,acrA,acrB,acrR,allA,allB,allC,allD,allR,allS,alr,arcC,arcD-mexB,ardD1,arnD,bamB,bamE,c-rmpD-KPPR1,cadA,cadB,cadC,cas3,citA,clbA.1,clbB.1,clbC.1,clbD.1,clbE.1,clbF.1,clbG.1,clbH.1,clbI.1,clbJ,clbK,clbL.1,clbM.1,clbN.1,clbO.1,clbP.1,clbQ.1,clbR,cpxA.1,cpxR,crp,crrA,crrB,crrC,csrD,cyaA_(2),cyoA,cyoB,cyoC,cyoD,dam,ecpA,ecpB,ecpC,ecpD,ecpE,ecpR,eefA,eefB,eefC,eefX,entA,entB,entC,entE,entS,fdrA,feoA,feoB,fepA,fepB,fhlA,fhuA,fhuB,fhuC,fhuD,fimA,fimB,fimC,fimD,fimE,fimF,fimG,fimH,fimI,fimK-eal,folA,folp,fosA,fur,fusA,fyuA.1,gatR,gcl,gltB,glxK,glxR,gshA,gshB,hcp_T6SS1,hemN,hfg,hmuR,hns,hscA,hscB,hyi,icmF2_T6SS3,imcF1_T6SS1,iroB.1,iroC.1,iroD.1,iroN.1,irp1.1,irp2.1,iscR,iucA.1,iucB.1,iucC.1,iucD.1,iutA.1,kfuA,kfuB,kfuC,kpaA_KP1_0334,kpaB_KP1_0335,kpaB__LM21,kpaC_KP1_0336,kpaC__LM21,kpaD_KP1_0337,kpaD__LM21,kpaE_KP1_0338,kpaE__LM21,kpbA_KP1_0412,kpbA__LM21,kpbB_KP1_0411,kpbB__LM21,kpbC_KP1_0410,kpbC__LM21,kpbD_KP1_0409,kpbD__LM21,kpbR__LM21,kpcA_KP1_0597,kpcB_KP1_0598,kpcC_KP1_0600,kpcD_KP1_0601,kpcI_KP1_0596,kpdA_KP1_1401,kpdB_KP1_1402,kpdC_KP1_1403,kpdD_KP1_1404,kpdD__LM21,kpdR_KP_1400,kpdR__LM21,kpeA_KP1_2719,kpeB_KP1_2718,kpeB__LM21,kpeC_KP1_2717,kpeC__LM21,kpeD_KP1_2716,kpeD__LM21,kpfA_KP1_4244,kpfB_KP1_4245,kpfC_KP1_4246,kpfD_KP1_4247,kpfR_KP1_4243,kpgA_KP1_4251,kpgB_KP1_4250,kpgB__LM21,kpgC_KP1_4249,kpgC__LM21,kpgD_KP1_4248,kpgD__LM21,kphA_KPST380_RS20710,kphB_KPST380_RS20705,kphC_KPST380_RS20700,kphD_KPST380_RS20695,kpiA,kpiB,kpiC,kpiD,kpiE,kpiF,kpiG,kpi_SA15_-_kpiA,kpi_SA15_-_kpiB,kpi_SA15_-_kpiC,kpi_SA15_-_kpiD,kpjA__LM21,kpjB__LM21,kpjC__LM21,kpjD__LM21,kvgA,kvgQ,kvgR,kvgS,kvrA,kvrB,lacY,lamB,lon,lpp,lpxO,lysS,macA,macB,marA,marC,marR,mceA,mceB,mceC,mceD,mceE,mceG,mceH,mceI,mceJ,mdtC,mdtD,merB,mgrB,mgtA,mrkA,mrkA__LM21,mrkB,mrkB__LM21,mrkC,mrkC__LM21,mrkD,mrkD__LM21,mrkF,mrkF__LM21,mrkH,mrkI,mrkI__LM21,mrkJ,mutH,mutL,nlpD,nuoM,ompA,ompK36-ST307,ompK36_ompC,ompX,oqxB,oxqA,oxyR,p-rmpD-pK2044,p_pBK30683A,p_pNJST258N3,pagP,parC,parE,phoB,phoE.1,phoP,phoQ,phoR,pmrA,pmrB,pmrC,pmrF,pmrH,pmrI,pmrJ,pmrK,pmrL,pmrM,ppx,pta,ptsI,pyg,rcsA,rcsB,rcsC,rcsD,rcsF,rfaH,rimO,rmpA.1,rmpA2.1,rmpC.1,rob,rpoA,rpoB.1,rpoC,rpoD,rpoS,scrA,scrB,scrY,sitA,sitB,sitC,sitD,slyB,soxR,soxS,tamA,tamB,tdcA,tdcB,tdcC,tdcD,tdcE,tolC,tufB,typA,ugd,ureA,uvrA,wcaG,wecA,xylA,ybbW,ybgE,ybgT,ybtA.1,ybtE.1,ybtP.1,ybtQ.1,ybtS.1,ybtT.1,ybtU.1,ybtX.1,ycfM,ydiY,yfaZ2,yjdL,ylbE
D2207137001,1,Citrobacter freundii,1,0,57,52,1,1,1,1,1,1,0,0,1,1,1,0,0,0,1,0,0,0,381,11.68,3.5,49.71,99.56,98.4,94.15,112,440426,5241673,161151,84761,,cfreundii,116,aspC(16),clpX(12),fadD(7),mdh(10),arcA(5),dnaG(55),lysP(5),Citrobacter freundii,strong,5241673,no,-,,0,2,7,10,-,0,-,0,-,0,-,0,-,0,-,-,KL113,?-*,,0.7267,"KL113_02_cpsACP,KL113_03_wzi,KL113_04_wza,KL113_05_wzb,KL113_06_wzc,KL113_07_wzx,KL113_08,KL113_09,KL113_10,KL113_11_wcoS,KL113_13_wcaG,KL113_14,KL113_15_wcaI,KL113_16_wcaJ,KL113_18_manC,KL113_19_manB",O3b,O3b,?-,,0.686,"O3b_01_manC,O3b_02_manB,O3b_03_wzm,O3b_04_wzt,O3b_05_wbdD,O3b_06_wbdA,O3b_07_wbdB,O3b_08_wbdC",aac(3)-IId^;aac(6')-Ib-cr.v2,-,-,-,-,-,catB3.v2,arr-3,sul1,-,-,-,CMY-135*;OXA-1;TEM-1D.v1^,-,SHV-12,-,NDM-1,-,238S;240K;35Q,-,-,-,-,qnrB19*?-0%,,-,-,-,-,-,-,-,-,-,-,-,-,-,-,-,-,-,-,-,-,-,-,-,-,-,-,-,-,-,-,-,-,-,-,-,-,-,-,-,-,-,-,-,-,-,-,D2207137001,ARR-3_4_FM207631,,,aac(3)-IId-NG_047251.1,,,,aac(6')-Ib-cr_1_DQ303918,,,,,,,,,,,,,,,,,,,,,,,,,,,,,,,,,,,,,,,,blaCMY-150_2_NG_060513,,,,,,,,,,,,,,,,,,,,,,,,,,,,,,,,blaNDM-1_1_FN396876,,,,,,,,,,,,,,,blaOXA-1_1_HQ170510,,,,,,,,,,,,,,,,,,,blaSHV-12_1_KF976405,,,,,,,,,,,,blaTEM-1B_1_AY458016,,,,,ble-MBL-NG_047559.1,,,,catB3_2_U13880,,,,,,,,,,,,,,,,,,,,,,,,,,,,,,,,,,,,,,,,,,,,,,,,,,,,,,,,,,,,,,,,,,,,,,,,,,,,,,,sul1_5_EU780013,,,,,,,,,,,,,,,D2207137001,,,Col(IRGK)_1__AY543071,,,,,,,,,,,,,,,,,,IncFIB(pB171)_1__AB024946,,,,,,,,IncFII(Yp)_1__CP000670,,,,,,,,,,,,,,,,,,,,,,IncX3_1__JN247852,,,,,,,,D2207137001,,,,,,,,,,,,,,,,,,,,,,,,,,,,,,,,,,,Tn4401g,,,,,,,,,,,,,,,,,,,,,,,,,,,,,,,,,,,,,,,,,,,,,,,,,,,,,,,,,,,,,,,,,,,,,,,,,,,,,,,,,,,,,,,,,,,,,,,,,,,,fusA,,,,,,,,,,,,,,,,,,,,,,,,,,,,,,,,,,,,,,,,,,,,,,,,,,,,,,,,,,,,,,,,,,,,,,,,,,,,,,,,,,,,,,,,,,,,,,,,,,,,,,,,,,,,,,,lpp,,,,,,,,,,,,,,,,,,,,,,,,,,,,,,,,,,,,,,,,,,,,,,,,,,,,,,,,,,,,,,,,,,,,,,,,,,,,,,,,,,,rpoA,rpoB,rpoC,rpoD,,,,,,,,,,,,,,,,,,,,,typA,,,,,,,,,,,,,,,,,,,,,,
D2207137007,7,Citrobacter freundii,7,0,64,67,0,1,1,1,1,1,0,1,1,1,1,1,0,1,1,1,0,1,388,9.73,2.92,51.45,99.5,98.19,93.29,47,737532,5283410,403890,150582,,cfreundii,216,aspC(16),clpX(63),fadD(33),mdh(6),arcA(5),dnaG(22),lysP(14),Citrobacter freundii,strong,5283410,no,-,,0,2,6,8,-,0,-,0,-,0,-,0,-,0,-,-,KL113,?-*,,0.7204,"KL113_02_cpsACP,KL113_03_wzi,KL113_04_wza,KL113_05_wzb,KL113_06_wzc,KL113_07_wzx,KL113_08,KL113_09,KL113_10,KL113_11_wcoS,KL113_13_wcaG,KL113_14,KL113_15_wcaI,KL113_16_wcaJ,KL113_18_manC,KL113_19_manB",OL102,OL102,-,,0.6659,"OL102_01_rfbB,OL102_02_rfbA,OL102_03_rfbD,OL102_04_rfbC,OL102_05_wbbL,OL102_06_rhamnan,OL102_07_wzm,OL102_08_wzt",aac(3)-IId^;aadA2^,-,-,-,-,mphA,-,-,sul1,-,-,dfrA12,CMY-48*;TEM-1D.v1^,-,-,-,NDM-1,-,-,-,-,-,-,qnrB19*?-0%,,-,-,-,-,-,-,-,-,-,-,-,-,-,-,-,-,-,-,-,-,-,-,-,-,-,-,-,-,-,-,-,-,-,-,-,-,-,-,-,-,-,-,-,-,-,-,D2207137007,,,,aac(3)-IId-NG_047251.1,,,,,,,,aadA2_1_NC_010870,,,,,,,,,,,,,,,,,,,,,,,,,,,,,,,,,,,,blaCMY-150_2_NG_060513,,,,,,,,,,,,,,,,,,,,,,,,,,,,,,,,blaNDM-1_1_FN396876,,,,,,,,,,,,,,,,,,,,,,,,,,,,,,,,,,,,,,,,,,,,,,blaTEM-1B_1_AY458016,,,,,ble-MBL-NG_047559.1,,,,,,,,,dfrA12_8_AM040708,,,,,,,,,,,,,,,,,,,,,,,,,,,,,,,,mph(A)_2_U36578,,,,,,,,,,,,,,,,,,,,,,,,,,,,,,,,,,,,,,,,,,sul1_5_EU780013,,,,,,,,,,,,,,,D2207137007,,,,,,,,,,,,,,,,,,,,,IncFIB(pB171)_1__AB024946,,,,,,,,IncFII(Yp)_1__CP000670,,,,,,,,,,,,,,,,,,,,,,,,,,,,,,D2207137007,,,,,,,,,,,,,,,,,,,,,,,,,,,,,,,,,,,Tn4401g,,,,,,,,,,,,,,,,,,,,,,,,,,,,,,,,,,,,,,,,,,,,,,,,,,,,,,,,,,,,,,,,,,,,,,,,,,,,,,,,,,,,,,,,,,,,,,,,,,,,fusA,,,,,,,,,,,,,,,,,,,,,,,,,,,,,,,,,,,,,,,,,,,,,,,,,,,,,,,,,,,,,,,,,,,,,,,,,,,,,,,,,,,,,,,,,,,,,,,,,,,,,,,,,,,,,,,lpp,,,,,,,,,,,,,,,,,,,,,,,,,,,,,,,,,,,,,,,,,,,,,,,,,,,,,,,,,,,,,,,,,,,,,,,,,,,,,,,,,,,rpoA,rpoB,rpoC,rpoD,,,,,,,,,,,,,,,,,,,,,typA,,,,,,,,,,,,,,,,,,,,,,
D2207137034,34,Citrobacter werkmanii,34,0,71,59,1,1,1,1,1,1,1,1,1,1,1,1,1,1,1,1,1,1,323,17.61,5.28,52.03,99.62,98.53,94.08,28,939078,5248293,732495,309163,,cfreundii,-,aspC(18),clpX(18),fadD(27),mdh(17),arcA(13),dnaG(14),lysP(18),Citrobacter werkmanii,strong,5248293,no,-,,0,2,10,20,-,0,-,0,-,0,-,0,-,0,-,-,KL156-D1,?-*,,0.7811,"KL156-D1_06_wzx,KL156-D1_07,KL156-D1_08_wfgD,KL156-D1_09_wzy,KL156-D1_10,KL156-D1_11_arnC,KL156-D1_12,KL156-D1_13,KL156-D1_14,KL156-D1_15",OL102,OL102,?-,,0.6826,"OL102_01_rfbB,OL102_02_rfbA,OL102_03_rfbD,OL102_04_rfbC,OL102_05_wbbL,OL102_06_rhamnan,OL102_07_wzm,OL102_08_wzt",aac(3)-IId^;aadA2;aadA^;aph3-Ia.v1^;strA.v1^;strB.v1,-,fosA3,qnrB12*;qnrS1,-,mphE.v2;msrE,cmlA1*;floR.v2*,-,sul1;sul2;sul3^,tet(A).v2,-,dfrA12*,-,-,CTX-M-14,-,NDM-1,-,-,-,-,-,CMY-98*?-0%;mef(B)*?-0%,aph(3')-VI?-0%;fosA7*?-0%,,-,-,-,-,-,-,-,-,-,-,-,-,-,-,-,-,-,-,-,-,-,-,-,-,-,-,-,-,-,-,-,-,-,-,-,-,-,-,-,-,-,-,-,-,-,-,D2207137034,,,,aac(3)-IId-NG_047251.1,,,,,,,,aadA2_1_NC_010870,,,,,ant(3'')-Ia_1_X02340,,,aph(3'')-Ib_5_AF321551,,,,aph(3')-Ia_1_V00359,,,,,aph(6)-Id_1_M28829,,,,,,,,,,,,,,,,,,,,blaCMY-159-NG_062243.1,blaCTX-M-14_1_AF252622,,,,,,,,,,,,,,,,,,,,,,,,,,,,,,blaNDM-1_1_FN396876,,,,,,,,,,,,,,,,,,,,,,,,,,,,,,,,,,,,,,,,,,,,,,,,,,,ble-MBL-NG_047559.1,,,,,,cmlA1_1_M64556,,,dfrA12_8_AM040708,,,,,,,,,,floR-NG_047862.1,,,,,fosA3_1_AB522970,,,,,,,,,,,,,,,mef(B)_1_FJ196385,,,mph(E)_1_DQ839391,msr(E)_1_FR751518,,,,,,,,,,,,,,,,,,,,,,,,,,qnrB12_2_AM774474,,,,,,,,,qnrS1_1_AB187515,,,,,sul1_5_EU780013,sul2_2_AY034138,,sul3_2_AJ459418,,tet(A)_6_AF534183,,,,,,,,,,D2207137034,,,,,Col(pHAD28)_1__KU674895,,,,,,,,,IncC_1__JN157804,,,,,,,,,,,,,,,,,,,,,,,,,,,,,,,,,,,,,,,,,,,,,D2207137034,,,,,,,,,,,,,,,,,,,,,,,,,,,,,,,,,,,,,,,,,,,,,,,,,,,,,,,,,,,,,,,,,,,,,,,,,,,,,,,,,,,,,,,,,,,,,,,,,,,,,,,,,,,,,,,,,,,,,,,,,,,,,,,,,,,,,,,fusA,,,,,,,,,,,,,,,,,,,,,,,,,,,,,,,,,,,,,,,,,,,,,,,,,,,,,,,,,,,,,,,,,,,,,,,,,,,,,,,,,,,,,,,,,,,,,,,,,,,,,,,,,,,,,,,lpp,,,,,,,,,,,,,,,,,,,,,,,,,,,,,,,,,,,,,,,,,,,,,,,,,,,,,,,,,,,,,,,,,,,,,,,,,,,,,,,,,,,rpoA,rpoB,rpoC,rpoD,,,,,,,,,,,,,,,,,,,,tufB,typA,,,,,,,,,,,,,,,,,,,,,,
D2207137008,8,Enterobacter asburiae,8,0,67,63,1,1,0,1,1,0,1,1,1,0,1,1,1,1,1,0,0,1,389,9.2,2.76,54.91,99.41,97.89,92.44,146,403722,4953839,106426,61282,,ecloacae,27,dnaA(26),fusA(16),gyrB(25),leuS(53),pyrG(22),rplB(9),rpoB(15),Enterobacter asburiae,strong,4953839,no,-,,0,3,9,12,-,0,-,0,-,0,-,0,-,0,-,-,KL113,?-*,,0.7344,"KL113_02_cpsACP,KL113_03_wzi,KL113_04_wza,KL113_05_wzb,KL113_06_wzc,KL113_07_wzx,KL113_08,KL113_09,KL113_10,KL113_11_wcoS,KL113_13_wcaG,KL113_14,KL113_15_wcaI,KL113_16_wcaJ,KL113_18_manC,KL113_19_manB",O3/O3a,O3/O3a,-,,0.703,"O3/O3a_01_manC,O3/O3a_02_manB,O3/O3a_03_wzm,O3/O3a_04_wzt,O3/O3a_05_wbdD,O3/O3a_06_wbdA,O3/O3a_07_wbdB,O3/O3a_08_wbdC",aac(6')-Ib-cr.v2*;aadA2;aph(3')-Ia*?;rmtC,mcr-9.1,fosA2*,qnrS1,-,-,-,arr-3,-,tet(C),-,-,TEM-1D.v1^,-,CTX-M-3,-,NDM-1,-,-,-,-,-,ACT-13*?-0%,sul1?-0%,,-,-,-,-,-,-,-,-,-,-,-,-,-,-,-,-,-,-,-,-,-,-,-,-,-,-,-,-,-,-,-,-,-,-,-,-,-,-,-,-,-,-,-,-,-,-,D2207137008,ARR-3_4_FM207631,,,,,,,aac(6')-Ib-cr_1_DQ303918,,,,aadA2_1_NC_010870,,,,,,,,,,,aph(3')-Ia_10_EU855787,,,,,,,,,blaACT-13-NG_048600.1,,,,,,,,,,,,,,,,,,,,,,,blaCTX-M-3_1_Y10278,,,,,,,,,,,,,,,,,,,,,,,,,blaNDM-1_1_FN396876,,,,,,,,,,,,,,,,,,,,,,,,,,,,,,,,,,,,,,,,,,,,,,blaTEM-1B_1_AY458016,,,,,ble-MBL-NG_047559.1,,,,,,,,,,,,,,,,,,,,,,,,,,,fosA_1_M85195,,,,,,,,,,mcr-9_1_NZ_NAAN01000063.1,,,,,,,,,,,,,,,,,,,,,,,,,,,,,oqxB9-NG_050458.1,,,,,,,,,,,,qnrS1_1_AB187515,,,rmtC_1_AB194779,,,,,,,,,,,tet(C)-NG_048177.1,,,,,,D2207137008,,,,,Col(pHAD28)_1__KU674895,,,,,,,,,,,,,,,,IncFIB(pB171)_1__AB024946,,,,,,,,IncFII(Yp)_1__CP000670,,,,,,,,,,,,,,,,,,,IncR_1__DQ449578,IncU_1__DQ401103,,,,,,,,,,D2207137008,,,,,,,,,,,,,,,,,,,,,,,,,,,,,,,,,,,,,,,,,,,,,,,,,,,,,,,,,,,,,,,,,,,,,,,,,,,,,,,,,,,,,,,,,,,,,cyoC,,,,,,,,,,,,,,,,,,,,,,,,,,,,,,,,,,,,,,,,,,fusA,,,,,,,,,,,,,,,,,,,,,,,,,,,,,,,,,,,,,,,,,,,,,,,,,,,,,,,,,,,,,,,,,,,,,,,,,,,,,,,,,,,,,,,,,,,,,,,,,,,,,,,,,,,,,,,lpp,,,,,,,,,,,,,,,,,,,,,,,,,,,,,,,,,,,,,,,,,,,,,,,,,,,,,,,,,,,,,,,,,,,,,,,,,,,,,,,,,,,rpoA,rpoB,rpoC,rpoD,,,,,,,,,,,,,,,,,,,,,typA,,,,,,,,,,,,,,,,,,,,,,
D2207137050,50,Enterobacter cloacae,50,0,51,52,1,0,1,1,1,0,0,1,1,0,1,1,0,1,1,1,0,1,403,16.1,4.82,55.11,98.7,96.11,88.69,51,508644,4880779,163311,105783,,ecloacae,454,dnaA(1),fusA(107),gyrB(156),leuS(168),pyrG(1),rplB(22),rpoB(1),Enterobacter cloacae,strong,4880779,no,-,,0,0,2,2,-,0,-,0,-,0,-,0,-,0,-,-,KL156-D1,?-*,,0.772,"KL156-D1_05_rmlC,KL156-D1_06_wzx,KL156-D1_07,KL156-D1_08_wfgD,KL156-D1_09_wzy,KL156-D1_10,KL156-D1_11_arnC,KL156-D1_12,KL156-D1_13,KL156-D1_14,KL156-D1_15",O3/O3a,O3/O3a,?-,,0.7114,"O3/O3a_01_manC,O3/O3a_02_manB,O3/O3a_03_wzm,O3/O3a_04_wzt,O3/O3a_05_wbdD,O3/O3a_06_wbdA,O3/O3a_07_wbdB,O3/O3a_08_wbdC",-,-,fosA2*,-,-,-,-,-,-,-,-,-,CMH-1*,-,-,-,-,-,-,-,-,-,-,-,,-,-,-,-,-,-,-,-,-,-,-,-,-,-,-,-,-,-,-,-,-,-,-,-,-,-,-,-,-,-,-,-,-,-,-,-,-,-,-,-,-,-,-,-,-,-,D2207137050,,,,,,,,,,,,,,,,,,,,,,,,,,,,,,,,,,,,,,,,,,,,,,,blaCMH-4-NG_061416.1,,,,,,,,,,,,,,,,,,,,,,,,,,,,,,,,,,,,,,,,,,,,,,,,,,,,,,,,,,,,,,,,,,,,,,,,,,,,,,,,,,,,,,,,,,,,,,,,,,,,,,,,,,,,,,,,,,,,fosA_7_AEXB01000013,,,,,,,,,,,,,,,,,,,,,,,,,,,,,,,,,,,,,,,,,,,,,,,,,,,,,,,,,,,,,,,,,,D2207137050,,,,,,,,,,,,,,,,,,,,,,,,,,,,,,,,,,,,,,,,,,,,,,,,,,,,,,,,,,,D2207137050,,,,,,,,,,,,,,,,,,,,,,,,,,,,,,,,,,,,,,,,,,,,,,,,,,,,,,,,,,,,,,,,,,,,,,,,,,,,,,,,,,,,,,,,,,,,,cyoC,,,,,,,,,,,,,,,,,,,,,,,,,,,,,,,,,,,,,,,,,,fusA,,,,,,,,,,,,,,,,,,,,,,,,,,,,,,,,,,,,,,,,,,,,,,,,,,,,,,,,,,,,,,,,,,,,,,,,,,,,,,,,,,,,,,,,,,,,,,,,,,,,,,,,,,,,,,,lpp,,,,,,,,,,,,,,,,,,,,,,,,,,,,,,,,,,,,,,,,,,,,,,,,,,,,,,,,,,,,,,,,,,,,,,ptsI,,,,,,,,,,,,,rpoA,rpoB,rpoC,rpoD,,,,,,,,,,,,,,,,,,,,tufB,typA,,,,,,,,,,,,,,,,,,,,,,
D2207134186,86,Enterobacter hormaechei,86,0,60,62,0,0,1,1,1,0,0,1,1,0,1,1,0,1,1,1,0,1,188,18.08,5.42,55,99.56,98.41,94.08,69,1057354,4843967,252484,157047,,ecloacae,45,dnaA(4),fusA(4),gyrB(14),leuS(6),pyrG(39),rplB(4),rpoB(6),Enterobacter hormaechei,strong,4843967,no,-,,0,2,10,18,-,0,-,0,-,0,iro unknown,0,-,0,-,-,KL54,?-+*,,0.7332,"KL54_02_cpsACP,KL54_03_wzi,KL54_04_wza,KL54_05_wzb,KL54_06_wzc,KL54_07_wclU,KL54_08_wzx,KL54_09_wzy,KL54_10_wckB,KL54_11_wcoS,KL54_13_wcaG,KL54_14_wcaH,KL54_15_wcaI,KL54_16_wcaJ,KL54_18_manC,KL54_19_manB",OL102,OL102,-,,0.6514,"OL102_01_rfbB,OL102_02_rfbA,OL102_03_rfbD,OL102_04_rfbC,OL102_05_wbbL,OL102_06_rhamnan,OL102_07_wzm,OL102_08_wzt",aac(3)-IId^;aac(6')-Ib-cr.v2;aadA16*;strA.v1^;strB.v1,-,-,qnrB6^,-,mphA,-,arr-3,sul1;sul1;sul2,tet(A).v1,-,dfrA14.v2*;dfrA27,ACT-17^;TEM-1D.v1^,-,CTX-M-15,-,NDM-1,-,-,-,-,-,-,-,,-,-,-,-,-,-,-,-,-,-,-,-,-,-,-,-,-,-,-,-,-,-,-,-,-,-,-,-,-,-,-,-,-,-,-,-,-,-,25*,33*-4%,12*,15*,-,-,-,-,D2207134186,ARR-3_4_FM207631,,,aac(3)-IId-NG_047251.1,,,,aac(6')-Ib-cr_1_DQ303918,,aadA16-NG_047339.1,,,,,,,,,,aph(3'')-Ib_5_AF321551,,,,,,,,,aph(6)-Id_1_M28829,,,,,,,,,,,blaACT-70-NG_065856.1,,,,,,,,,,,,blaCTX-M-15_1_AY044436,,,,,,,,,,,,,,,,,,,,,,,,,,,,blaNDM-1_1_FN396876,,,,,,,,,,,,,,,,,,,,,,,,,,,,,,,,,,,,,,,,,,,,,,blaTEM-1B_1_AY458016,,,,,ble-MBL-NG_047559.1,,,,,,,,,,dfrA14_5_DQ388123,,,,,,dfrA27_1_FJ459817,,,,,,,,,,,,,,,,,,,,,,,,,mph(A)_2_U36578,,,,,,,,,,,,,,,,,,,,,,,,,,,,,,,,,,qnrB6_2_EF523819,,,,,,,,sul1_5_EU780013,sul2_2_AY034138,,,,tet(A)_6_AF534183,,,,,,,,,,D2207134186,,,,,Col(pHAD28)_1__KU674895,,,,,,,,,,,,,,,,,IncFIB(pECLA)_1__CP001919,,,,,,,,,,,IncFII(pECLA)_1__CP001919,,,,,,,,,,,,,,,IncR_1__DQ449578,,,IncX3_1__JN247852,,,,,,,,D2207134186,,,,,,,,,,,,,,,,,,,,,,,,,,,,,,,,,,,,,,,,,,,,,,,,,,,,,,,,,,,,,,,,,,,,,,,,,,,,,,,,,,,,,,,,,,,,,cyoC,,,,,,,,,,,,,,,,,,,,,,,,,,,,,,,,,,,,,,,,,,fusA,,,,,,,,,,,,,,,,,,,iroB,iroC,,iroN,,,,,,,,,,,,,,,,,,,,,,,,,,,,,,,,,,,,,,,,,,,,,,,,,,,,,,,,,,,,,,,,,,,,,,,,,,,,,,,,,,,,,,,,,lpp,,,,,,,,,,,,,,,,,,,,,,,,,,,,,,,,,,,,,,,,,,,,,,,,,,,,,,,,,,,,,,,,,,,,,,,,,,,,,,,,,,,rpoA,rpoB,rpoC,rpoD,,,,,,,,,,,,,,,,,,,,,typA,,,,,,,,,,,,,,,,,,,,,,
D2207134187,87,Enterobacter hormaechei,87,0,61,51,0,1,1,1,1,0,0,1,1,0,1,1,0,1,1,1,0,1,189,16.83,5.04,54.95,99.56,98.44,94.32,57,595807,4799558,454174,139536,,ecloacae,171,dnaA(49),fusA(21),gyrB(19),leuS(44),pyrG(45),rplB(12),rpoB(32),Enterobacter hormaechei,strong,4799558,no,-,,1,2,9,13,ybt 9; ICEKp3,183,-,0,-,0,-,0,-,0,-,-,KL130,?-+*,,0.7178,"KL130_02_cpsACP,KL130_03_wzi,KL130_04_wza,KL130_05_wzb,KL130_06_wzc,KL130_07_wbaP,KL130_08_wzy,KL130_09_wclQ,KL130_10_wclP,KL130_11_wzx,KL130_12_wcuQ,KL130_13_wcuK,KL130_14,KL130_15_wbaZ,KL130_17_manC,KL130_18_manB,KL130_21_rmlD,KL130_22_rmlC",OL102,OL102,-*,,0.7001,"OL102_03_rfbD,OL102_04_rfbC,OL102_05_wbbL,OL102_06_rhamnan,OL102_07_wzm,OL102_08_wzt",aac(3)-IIa.v1^;aac(6')-Ib-cr.v2,-,fosA2*,qnrB1.v1,-,-,CatB4.v1?,-,-,tet(D),-,dfrA14.v2*,ACT-25*;OXA-1;TEM-1D.v1^,-,CTX-M-15;SHV-12,-,NDM-1,-,238S;240K;35Q,-,-,-,catII.2*?-84%,-,,-,-,-,-,-,-,-,5,11,6,5,1,25,37,9,5,5,11,-,-,-,-,-,-,-,-,-,-,-,-,-,-,-,-,-,-,-,-,-,-,-,-,-,-,-,-,D2207134187,,,aac(3)-IIa_1_X51534,,,,,aac(6')-Ib-cr_1_DQ303918,,,,,,,,,,,,,,,,,,,,,,,,,,,,,,blaACT-45-NG_050708.1,,,,,,,,,,,,,,blaCTX-M-15_1_AY044436,,,,,,,,,,,,,,,,,,,,,,,,,,,,blaNDM-1_1_FN396876,,,,,,,,,,,,,,,blaOXA-1_1_HQ170510,,,,,,,,,,,,,,,,,,,blaSHV-12_1_KF976405,,,,,,,,,,,,blaTEM-1B_1_AY458016,,,,,ble-MBL-NG_047559.1,,,catA2-NG_047596.1,,,,,,,dfrA14_5_DQ388123,,,,,,,,,,,,,,,,,,,,,,fosA_7_AEXB01000013,,,,,,,,,,,,,,,,,,,,,,,,,,,,,,,,,,,,,,qnrB1_1_DQ351241,,,,,,,,,,,,,,,,,,,,,,,,tet(D)_1_AF467077,,,,D2207134187,,,,,Col(pHAD28)_1__KU674895,,,,,,,,,,IncFIA(HI1)_1__AF250878,,,,,,,,,,,,,,,,,,,,,,,,,,,,,,,,,IncR_1__DQ449578,,,IncX3_1__JN247852,,,,,,,,D2207134187,,,,,,,,,,,,,,,,,,,,,,,,,,,,,,,,,,,,,,,,,,,,,,,,,,,,,,,,,,,,,,,,,,,,,,,,,,,,,,,,,,,,,,,,,,,,,cyoC,,,,,,,,,,,,,,,,,,,,,,,,,,,,,,,,,,,,,,,,,,fusA,fyuA,,,,,,,,,,,,,,,,,,,,,,irp1,irp2,,,,,,,,,,,,,,,,,,,,,,,,,,,,,,,,,,,,,,,,,,,,,,,,,,,,,,,,,,,,,,,,,,,,,,,,,,,,,,,,,,,,,,,lpp,,,,,,,,,,,,,,,,,,,,,,,,,,,,,,,,,,,,,,,,,,,,,,,,p_pBK30683A,,,,,,,,,,,,,,,,,,,,,,,,,,,,,,,,,,,rpoA,rpoB,rpoC,rpoD,,,,,,,,,,,,,,,,,,,,,typA,,,,,,,,,,ybtA,ybtE,ybtP,ybtQ,ybtS,ybtT,ybtU,ybtX,,,,,
D2207137015,15,Enterobacter hormaechei,15,0,85,52,1,1,1,1,0,1,0,1,1,1,0,1,0,1,1,0,0,1,395,10.23,3.08,54.28,99.52,98.25,93.49,53,797820,4729644,214073,114255,,ecloacae,-,dnaA(49),fusA(69),gyrB(20),leuS(44),pyrG(~64),rplB(4),rpoB(6),Enterobacter hormaechei,strong,4729644,no,-,,0,0,1,1,-,0,-,0,-,0,-,0,-,0,-,-,KL54,?-+*,,0.7294,"KL54_02_cpsACP,KL54_03_wzi,KL54_04_wza,KL54_05_wzb,KL54_06_wzc,KL54_07_wclU,KL54_08_wzx,KL54_09_wzy,KL54_10_wckB,KL54_11_wcoS,KL54_13_wcaG,KL54_14_wcaH,KL54_15_wcaI,KL54_16_wcaJ,KL54_18_manC,KL54_19_manB",OL102,OL102,-,,0.6529,"OL102_01_rfbB,OL102_02_rfbA,OL102_03_rfbD,OL102_04_rfbC,OL102_05_wbbL,OL102_06_rhamnan,OL102_07_wzm,OL102_08_wzt",-,-,-,-,-,-,-,-,-,-,-,-,ACT-16*,-,-,-,-,-,-,-,-,-,-,-,,-,-,-,-,-,-,-,-,-,-,-,-,-,-,-,-,-,-,-,-,-,-,-,-,-,-,-,-,-,-,-,-,-,-,-,-,-,-,-,-,-,-,-,-,-,-,D2207137015,,,,,,,,,,,,,,,,,,,,,,,,,,,,,,,,,,blaACT-16-NG_050702.1,,,,,,,,,,,,,,,,,,,,,,,,,,,,,,,,,,,,,,,,,,,,,,,,,,,,,,,,,,,,,,,,,,,,,,,,,,,,,,,,,,,,,,,,,,,,,,,,,,,,,,,,,,,,,,,,,,,,,,,,,,,,,,,,,,,,,,,,,,,,,,,,,,,,,,,,,,,,,,,,,,,,,,,,,,,,,,,,,,,,,,,,,,,,,,,,,,,D2207137015,,,,,,,,,,,,,,,,,,,,,,,,,,,,,,,,,,,,,,,,,,,,,,,,,,,,,,,,,,,D2207137015,,,,,,,,,,,,,,,,,,,,,,,,,,,,,,,,,,,,,,,,,,,,,,,,,,,,,,,,,,,,,,,,,,,,,,,,,,,,,,,,,,,,,,,,,,,,,cyoC,,,,,,,,,,,,,,,,,,,,,,,,,,,,,,,,,,,,,,,,,,fusA,,,,,,,,,,,,,,,,,,,,,,,,,,,,,,,,,,,,,,,,,,,,,,,,,,,,,,,,,,,,,,,,,,,,,,,,,,,,,,,,,,,,,,,,,,,,,,,,,,,,,,,,,,,,,,,lpp,,,,,,,,,,,,,,,,,,,,,,,,,,,,,,,,,,,,,,,,,,,,,,,,,,,,,,,,,,,,,,,,,,,,,,,,,,,,,,,,,,,rpoA,rpoB,rpoC,rpoD,,,,,,,,,,,,,,,,,,,,,typA,,,,,,,,,,,,,,,,,,,,,,
D2207137020,20,Enterobacter hormaechei,20,0,69,55,0,1,1,1,1,1,1,1,1,1,1,1,1,1,1,1,1,1,399,8.46,2.54,54.28,99.47,98.06,92.72,34,640384,4602581,544268,222831,,ecloacae,-,dnaA(4),fusA(~4),gyrB(4),leuS(6),pyrG(37),rplB(4),rpoB(6),Enterobacter hormaechei,strong,4602581,no,-,,0,0,3,4,-,0,-,0,-,0,iro unknown,0,-,0,-,-,KL54,?-+*,,0.7309,"KL54_02_cpsACP,KL54_03_wzi,KL54_04_wza,KL54_05_wzb,KL54_06_wzc,KL54_07_wclU,KL54_08_wzx,KL54_09_wzy,KL54_10_wckB,KL54_11_wcoS,KL54_13_wcaG,KL54_14_wcaH,KL54_15_wcaI,KL54_16_wcaJ,KL54_18_manC,KL54_19_manB",OL102,OL102,-,,0.6506,"OL102_01_rfbB,OL102_02_rfbA,OL102_03_rfbD,OL102_04_rfbC,OL102_05_wbbL,OL102_06_rhamnan,OL102_07_wzm,OL102_08_wzt",-,-,fosA2*,-,-,-,-,-,-,tet(A).v1,-,-,ACT-17*;TEM-1D.v1^,-,-,-,-,-,-,-,-,-,-,-,,-,-,-,-,-,-,-,-,-,-,-,-,-,-,-,-,-,-,-,-,-,-,-,-,-,-,-,-,-,-,-,-,-,-,-,-,-,-,25*,33*-4%,12*,15*,-,-,-,-,D2207137020,,,,,,,,,,,,,,,,,,,,,,,,,,,,,,,,,,,,blaACT-40-NG_050703.1,,,,,,,,,,,,,,,,,,,,,,,,,,,,,,,,,,,,,,,,,,,,,,,,,,,,,,,,,,,,,,,,,,,,,,,,,,,,,,,,,,,,,,,,,blaTEM-1A_1_HM749966,,,,,,,,,,,,,,,,,,,,,,,,,,,,,,,,,,,,,,fosA_7_AEXB01000013,,,,,,,,,,,,,,,,,,,,,,,,,,,,,,,,,,,,,,,,,,,,,,,,,,,,,,,,tet(A)_6_AF534183,,,,,,,,,,D2207137020,,,,,,,,,,,,,,,,,,,,,,,,,,,,,,,,,,,,,,,,,,,,,IncN_1__AY046276,,,IncR_1__DQ449578,,IncX1_1__EU370913,,,,,,,,,D2207137020,,,,,,,,,,,,,,,,,,,,,,,,,,,,,,,,,,,,,,,,,,,,,,,,,,,,,,,,,,,,,,,,,,,,,,,,,,,,,,,,,,,,,,,,,,,,,cyoC,,,,,,,,,,,,,,,,,,,,,,,,,,,,,,,,,,,,,,,,,,fusA,,,,,,,,,,,,,,,,,,,iroB,iroC,,iroN,,,,,,,,,,,,,,,,,,,,,,,,,,,,,,,,,,,,,,,,,,,,,,,,,,,,,,,,,,,,,,,,,,,,,,,,,,,,,,,,,,,,,,,,,lpp,,,,,,,,,,,,,,,,,,,,,,,,,,,,,,,,,,,,,,,,,,,,,,,,,,,,,,,,,,,,,,,,,,,,,,,,,,,,,,,,,,,rpoA,rpoB,rpoC,rpoD,,,,,,,,,,,,,,,,,,,,,typA,,,,,,,,,,,,,,,,,,,,,,
D2207137031,31,Enterobacter hormaechei,31,0,81,64,1,1,0,1,1,1,1,0,1,1,1,0,1,0,1,0,0,0,320,9.47,2.84,54.85,99.6,98.39,93.55,31,919916,4773043,376540,227735,,ecloacae,536,dnaA(6),fusA(4),gyrB(4),leuS(6),pyrG(37),rplB(4),rpoB(6),Enterobacter hormaechei,strong,4773043,no,-,,0,0,2,2,-,0,-,0,-,0,iro unknown,0,-,0,-,-,KL113,?-+*,,0.7419,"KL113_02_cpsACP,KL113_03_wzi,KL113_04_wza,KL113_05_wzb,KL113_06_wzc,KL113_07_wzx,KL113_08,KL113_09,KL113_10,KL113_11_wcoS,KL113_13_wcaG,KL113_14,KL113_15_wcaI,KL113_16_wcaJ,KL113_18_manC,KL113_19_manB",O3/O3a,O3/O3a,?-,,0.7186,"O3/O3a_01_manC,O3/O3a_02_manB,O3/O3a_03_wzm,O3/O3a_04_wzt,O3/O3a_05_wbdD,O3/O3a_06_wbdA,O3/O3a_07_wbdB,O3/O3a_08_wbdC",-,-,fosA2*,-,-,-,-,-,-,-,-,-,ACT-15,-,-,-,-,-,-,-,-,-,-,-,,-,-,-,-,-,-,-,-,-,-,-,-,-,-,-,-,-,-,-,-,-,-,-,-,-,-,-,-,-,-,-,-,-,-,-,-,-,-,25*,33*-4%,12*,15*,-,-,-,-,D2207137031,,,,,,,,,,,,,,,,,,,,,,,,,,,,,,,,,blaACT-15_1_JX440356,,,,,,,,,,,,,,,,,,,,,,,,,,,,,,,,,,,,,,,,,,,,,,,,,,,,,,,,,,,,,,,,,,,,,,,,,,,,,,,,,,,,,,,,,,,,,,,,,,,,,,,,,,,,,,,,,,,,,,,,,,,,,,,,,,fosA_7_AEXB01000013,,,,,,,,,,,,,,,,,,,,,,,,,,,,,,,,,,,,,,,,,,,,,,,,,,,,,,,,,,,,,,,,,,D2207137031,,,,,Col(pHAD28)_1__KU674895,,,,,,,,,,,,,,,,,,,,,,,,,,,,,,,,,,,,,,,,,,,,,,,,,,,,,,D2207137031,,,,,,,,,,,,,,,,,,,,,,,,,,,,,,,,,,,,,,,,,,,,,,,,,,,,,,,,,,,,,,,,,,,,,,,,,,,,,,,,,,,,,,,,,,,,,cyoC,,,,,,,,,,,,,,,,,,,,,,,,,,,,,,,,,,,,,,,,,,fusA,,,,,,,,,,,,,,,,,,,iroB,iroC,,iroN,,,,,,,,,,,,,,,,,,,,,,,,,,,,,,,,,,,,,,,,,,,,,,,,,,,,,,,,,,,,,,,,,,,,,,,,,,,,,,,,,,,,,,,,,lpp,,,,,,,,,,,,,,,,,,,,,,,,,,,,,,,,,,,,,,,,,,,,,,,,,,,,,,,,,,,,,,,,,,,,,,,,,,,,,,,,,,,rpoA,rpoB,rpoC,rpoD,,,,,,,,,,,,,,,,,,,,tufB,typA,,,,,,,,,,,,,,,,,,,,,,
D2207137049,49,Enterobacter hormaechei,49,0,64,61,0,0,1,1,0,1,0,1,1,1,0,1,0,1,1,1,0,1,402,15.78,4.74,54.88,98.75,96.26,89.78,51,798851,4850696,282467,159657,,ecloacae,418,dnaA(53),fusA(35),gyrB(154),leuS(44),pyrG(45),rplB(4),rpoB(6),Enterobacter hormaechei,strong,4850696,no,-,,0,2,12,20,-,0,-,0,-,0,-,0,-,0,-,-,KL113,?-+*,,0.7369,"KL113_02_cpsACP,KL113_03_wzi,KL113_04_wza,KL113_05_wzb,KL113_06_wzc,KL113_07_wzx,KL113_08,KL113_09,KL113_10,KL113_11_wcoS,KL113_13_wcaG,KL113_14,KL113_15_wcaI,KL113_16_wcaJ,KL113_18_manC,KL113_19_manB",O5,O5,?-,,0.718,"O5_01_manC,O5_02_manB,O5_03_wzm,O5_04_wzt,O5_05_wbdD,O5_06_wbdA,O5_07_wbdB,O5_08_wbdC",aac(3)-IId^;aac(6')-Ib-cr.v2;aadA16*;strA.v1^;strB.v1,-,fosA2*,qnrB2.v2^,-,mphA,floR.v1*,arr-3,sul1;sul1;sul2,tet(A).v1,-,dfrA14.v2*;dfrA27,ACT-25*;TEM-1D.v1^,-,SHV-12*,-,NDM-1,-,238S;240K;35Q,-,-,-,-,-,,-,-,-,-,-,-,-,-,-,-,-,-,-,-,-,-,-,-,-,-,-,-,-,-,-,-,-,-,-,-,-,-,-,-,-,-,-,-,-,-,-,-,-,-,-,-,D2207137049,ARR-3_4_FM207631,,,aac(3)-IId-NG_047251.1,,,,aac(6')-Ib-cr_1_DQ303918,,aadA16-NG_047339.1,,,,,,,,,,aph(3'')-Ib_5_AF321551,,,,,,,,,aph(6)-Id_1_M28829,,,,,,,,blaACT-41-NG_050704.1,,,,,,,,,,,,,,,,,,,,,,,,,,,,,,,,,,,,,,,,,,,blaNDM-1_1_FN396876,,,,,,,,,,,,,,,,,,,,,,,,,,,,,,,,,,blaSHV-12_1_KF976405,,,,,,,,,,,,blaTEM-1B_1_AY458016,,,,,ble-MBL-NG_047559.1,,,,,,,,,,dfrA14_5_DQ388123,,,,,,dfrA27_1_FJ459817,,,,,floR-NG_047876.1,,,,,,,,,,,fosA_7_AEXB01000013,,,,,,,,,mph(A)_2_U36578,,,,,,,,,,,,,,,,,,,,,,,,,,,,,,,,,qnrB52_1_EF488762,,,,,,,,,sul1_5_EU780013,sul2_2_AY034138,,,,tet(A)_6_AF534183,,,,,,,,,,D2207137049,,,,,Col(pHAD28)_1__KU674895,,,,,,,,,,,,,,,,,IncFIB(pECLA)_1__CP001919,IncFIB(pHCM2)_1__AL513384,,,,,,,,,,IncFII(pECLA)_1__CP001919,,,,,,,,,,,,,,,IncR_1__DQ449578,,,IncX3_1__JN247852,,,,,,,,D2207137049,,,,,,,,,,,,,,,,,,,,,,,,,,,,,,,,,,,,,,,,,,,,,,,,,,,,,,,,,,,,,,,,,,,,,,,,,,,,,,,,,,,,,,,,,,,,,cyoC,,,,,,,,,,,,,,,,,,,,,,,,,,,,,,,,,,,,,,,,,,fusA,,,,,,,,,,,,,,,,,,,,,,,,,,,,,,,,,,,,,,,,,,,,,,,,,,,,,,,,,,,,,,,,,,,,,,,,,,,,,,,,,,,,,,,,,,,,,,,,,,,,,,,,,,,,,,,lpp,,,,,,,,,,,,,,,,,,,,,,,,,,,,,,,,,,,,,,,,,,,,,,,,,,,,,,,,,,,,,,,,,,,,,,,,,,,,,,,,,,,rpoA,rpoB,rpoC,rpoD,,,,,,,,,,,,,,,,,,,,,typA,,,,,,,,,,,,,,,,,,,,,,
D2207137051,51,Enterobacter hormaechei,51,0,74,68,0,0,1,1,0,0,1,1,1,0,0,1,1,0,0,0,0,1,404,18.46,5.54,55.05,98.81,96.44,90.41,62,546434,4846217,170450,111636,,ecloacae,171,dnaA(49),fusA(21),gyrB(19),leuS(44),pyrG(45),rplB(12),rpoB(32),Enterobacter hormaechei,strong,4846217,no,-,,0,2,9,14,-,0,-,0,-,0,-,0,-,0,-,-,KL130,?-+*,,0.7193,"KL130_02_cpsACP,KL130_03_wzi,KL130_04_wza,KL130_05_wzb,KL130_06_wzc,KL130_07_wbaP,KL130_08_wzy,KL130_09_wclQ,KL130_10_wclP,KL130_11_wzx,KL130_12_wcuQ,KL130_13_wcuK,KL130_14,KL130_15_wbaZ,KL130_17_manC,KL130_18_manB,KL130_21_rmlD,KL130_22_rmlC",OL102,OL102,-*,,0.7001,"OL102_03_rfbD,OL102_04_rfbC,OL102_05_wbbL,OL102_06_rhamnan,OL102_07_wzm,OL102_08_wzt",aac(6')-Ib-cr.v2;aadA16*;strA.v1*;strB.v1*,-,fosA2*,qnrB6^,-,-,-,arr-3,sul1;sul1;sul2,-,-,dfrA27,ACT-25*,-,SHV-12,-,NDM-1,-,238S;240K;35Q,-,-,-,-,-,,-,-,-,-,-,-,-,-,-,-,-,-,-,-,-,-,-,-,-,-,-,-,-,-,-,-,-,-,-,-,-,-,-,-,-,-,-,-,-,-,-,-,-,-,-,-,D2207137051,ARR-3_4_FM207631,,,,,,,aac(6')-Ib-cr_1_DQ303918,,aadA16-NG_047339.1,,,,,,,,,,aph(3'')-Ib_5_AF321551,,,,,,,,aph(6)-Id-NG_047466.1,,,,,,,,,,blaACT-45-NG_050708.1,,,,,,,,,,,,,,,,,,,,,,,,,,,,,,,,,,,,,,,,,,blaNDM-1_1_FN396876,,,,,,,,,,,,,,,,,,,,,,,,,,,,,,,,,,blaSHV-12_1_KF976405,,,,,,,,,,,,,,,,,ble-MBL-NG_047559.1,,,,,,,,,,,,,,,,dfrA27_1_FJ459817,,,,,,,,,,,,,,,,fosA_7_AEXB01000013,,,,,,,,,,,,,,,,,,,,,,,,,,,,,,,,,,,,,,,,,,,qnrB6_2_EF523819,,,,,,,,sul1_5_EU780013,sul2_2_AY034138,,,,,,,,,,,,,,D2207137051,,,,,Col(pHAD28)_1__KU674895,,,,,,,,,,,,,,,,,,,,,IncFIB(pQil)_1__JN233705,,,,,,,,,,,,,,,,,,,,,,IncR_1__DQ449578,,,IncX3_1__JN247852,,,,,,,,D2207137051,,,,,,,,,,,,,,,,,,,,,,,,,,,,,,,,,,,,,,,,,,,,,,,,,,,,,,,,,,,,,,,,,,,,,,,,,,,,,,,,,,,,,,,,,,,,,cyoC,,,,,,,,,,,,,,,,,,,,,,,,,,,,,,,,,,,,,,,,,,fusA,,,,,,,,,,,,,,,,,,,,,,,,,,,,,,,,,,,,,,,,,,,,,,,,,,,,,,,,,,,,,,,,,,,,,,,,,,,,,,,,,,,,,,,,,,,,,,,,,,,,,,,,,,,,,,,lpp,,,,,,,,,,,,,,,,,,,,,,,,,,,,,,,,,,,,,,,,,,,,,,,,,,,,,,,,,,,,,,,,,,,,,,,,,,,,,,,,,,,rpoA,rpoB,rpoC,rpoD,,,,,,,,,,,,,,,,,,,,,typA,,,,,,,,,,,,,,,,,,,,,,
D2207137054,54,Enterobacter hormaechei,54,0,59,53,1,1,0,1,0,0,0,1,1,0,0,1,0,1,1,1,0,1,407,17.22,5.16,54.89,98.72,96.18,89.73,61,509507,4790557,241933,140939,,ecloacae,171,dnaA(49),fusA(21),gyrB(19),leuS(44),pyrG(45),rplB(12),rpoB(32),Enterobacter hormaechei,strong,4790557,no,-,,0,2,9,14,-,0,-,0,-,0,-,0,-,0,-,-,KL130,?-+*,,0.7188,"KL130_02_cpsACP,KL130_03_wzi,KL130_04_wza,KL130_05_wzb,KL130_06_wzc,KL130_07_wbaP,KL130_08_wzy,KL130_09_wclQ,KL130_10_wclP,KL130_11_wzx,KL130_12_wcuQ,KL130_13_wcuK,KL130_14,KL130_15_wbaZ,KL130_17_manC,KL130_18_manB,KL130_21_rmlD,KL130_22_rmlC",OL102,OL102,-*,,0.7001,"OL102_03_rfbD,OL102_04_rfbC,OL102_05_wbbL,OL102_06_rhamnan,OL102_07_wzm,OL102_08_wzt",aac(6')-Ib-cr.v2;aadA16*;strA.v1*;strB.v1*,-,fosA2*,qnrB6^,-,-,-,arr-3,sul1*;sul1*;sul2,-,-,dfrA27,ACT-25*,-,SHV-12,-,NDM-1,-,238S;240K;35Q,-,-,-,-,-,,-,-,-,-,-,-,-,-,-,-,-,-,-,-,-,-,-,-,-,-,-,-,-,-,-,-,-,-,-,-,-,-,-,-,-,-,-,-,-,-,-,-,-,-,-,-,D2207137054,ARR-3_4_FM207631,,,,,,,aac(6')-Ib-cr_1_DQ303918,,aadA16-NG_047339.1,,,,,,,,,,aph(3'')-Ib_5_AF321551,,,,,,,,aph(6)-Id-NG_047466.1,,,,,,,,,,blaACT-45-NG_050708.1,,,,,,,,,,,,,,,,,,,,,,,,,,,,,,,,,,,,,,,,,,blaNDM-1_1_FN396876,,,,,,,,,,,,,,,,,,,,,,,,,,,,,,,,,,blaSHV-12_1_KF976405,,,,,,,,,,,,,,,,,ble-MBL-NG_047559.1,,,,,,,,,,,,,,,,dfrA27_1_FJ459817,,,,,,,,,,,,,,,,fosA_7_AEXB01000013,,,,,,,,,,,,,,,,,,,,,,,,,,,,,,,,,,,,,,,,,,,qnrB6_2_EF523819,,,,,,,,sul1_5_EU780013,sul2_2_AY034138,,,,,,,,,,,,,,D2207137054,,,,,Col(pHAD28)_1__KU674895,,,,,,,,,,,,,,,,,,,,,IncFIB(pQil)_1__JN233705,,,,,,,,,,,,,,,,,,,,,,IncR_1__DQ449578,,,IncX3_1__JN247852,,,,,,,,D2207137054,,,,,,,,,,,,,,,,,,,,,,,,,,,,,,,,,,,,,,,,,,,,,,,,,,,,,,,,,,,,,,,,,,,,,,,,,,,,,,,,,,,,,,,,,,,,,cyoC,,,,,,,,,,,,,,,,,,,,,,,,,,,,,,,,,,,,,,,,,,fusA,,,,,,,,,,,,,,,,,,,,,,,,,,,,,,,,,,,,,,,,,,,,,,,,,,,,,,,,,,,,,,,,,,,,,,,,,,,,,,,,,,,,,,,,,,,,,,,,,,,,,,,,,,,,,,,lpp,,,,,,,,,,,,,,,,,,,,,,,,,,,,,,,,,,,,,,,,,,,,,,,,,,,,,,,,,,,,,,,,,,,,,,,,,,,,,,,,,,,rpoA,rpoB,rpoC,rpoD,,,,,,,,,,,,,,,,,,,,,typA,,,,,,,,,,,,,,,,,,,,,,
D2207137058,58,Enterobacter hormaechei,58,0,76,61,1,1,1,1,0,0,0,1,1,0,0,1,0,1,1,1,0,1,410,24.66,7.4,54.95,98.92,96.75,90.93,64,484244,4804016,208599,111636,,ecloacae,171,dnaA(49),fusA(21),gyrB(19),leuS(44),pyrG(45),rplB(12),rpoB(32),Enterobacter hormaechei,strong,4804016,no,-,,0,2,9,14,-,0,-,0,-,0,-,0,-,0,-,-,KL130,?-+*,,0.7193,"KL130_02_cpsACP,KL130_03_wzi,KL130_04_wza,KL130_05_wzb,KL130_06_wzc,KL130_07_wbaP,KL130_08_wzy,KL130_09_wclQ,KL130_10_wclP,KL130_11_wzx,KL130_12_wcuQ,KL130_13_wcuK,KL130_14,KL130_15_wbaZ,KL130_17_manC,KL130_18_manB,KL130_21_rmlD,KL130_22_rmlC",OL102,OL102,-*,,0.7001,"OL102_03_rfbD,OL102_04_rfbC,OL102_05_wbbL,OL102_06_rhamnan,OL102_07_wzm,OL102_08_wzt",aac(6')-Ib-cr.v2;aadA16*;strA.v1*;strB.v1*,-,fosA2*,qnrB6^,-,-,-,arr-3,sul1;sul1;sul2,-,-,dfrA27,ACT-25*,-,SHV-12,-,NDM-1,-,238S;240K;35Q,-,-,-,-,-,,-,-,-,-,-,-,-,-,-,-,-,-,-,-,-,-,-,-,-,-,-,-,-,-,-,-,-,-,-,-,-,-,-,-,-,-,-,-,-,-,-,-,-,-,-,-,D2207137058,ARR-3_4_FM207631,,,,,,,aac(6')-Ib-cr_1_DQ303918,,aadA16-NG_047339.1,,,,,,,,,,aph(3'')-Ib_5_AF321551,,,,,,,,aph(6)-Id-NG_047466.1,,,,,,,,,,blaACT-45-NG_050708.1,,,,,,,,,,,,,,,,,,,,,,,,,,,,,,,,,,,,,,,,,,blaNDM-1_1_FN396876,,,,,,,,,,,,,,,,,,,,,,,,,,,,,,,,,,blaSHV-12_1_KF976405,,,,,,,,,,,,,,,,,ble-MBL-NG_047559.1,,,,,,,,,,,,,,,,dfrA27_1_FJ459817,,,,,,,,,,,,,,,,fosA_7_AEXB01000013,,,,,,,,,,,,,,,,,,,,,,,,,,,,,,,,,,,,,,,,,,,qnrB6_2_EF523819,,,,,,,,sul1_5_EU780013,sul2_2_AY034138,,,,,,,,,,,,,,D2207137058,,,,,Col(pHAD28)_1__KU674895,,,,,,,,,,,,,,,,,,,,,IncFIB(pQil)_1__JN233705,,,,,,,,,,,,,,,,,,,,,,IncR_1__DQ449578,,,IncX3_1__JN247852,,,,,,,,D2207137058,,,,,,,,,,,,,,,,,,,,,,,,,,,,,,,,,,,,,,,,,,,,,,,,,,,,,,,,,,,,,,,,,,,,,,,,,,,,,,,,,,,,,,,,,,,,,cyoC,,,,,,,,,,,,,,,,,,,,,,,,,,,,,,,,,,,,,,,,,,fusA,,,,,,,,,,,,,,,,,,,,,,,,,,,,,,,,,,,,,,,,,,,,,,,,,,,,,,,,,,,,,,,,,,,,,,,,,,,,,,,,,,,,,,,,,,,,,,,,,,,,,,,,,,,,,,,lpp,,,,,,,,,,,,,,,,,,,,,,,,,,,,,,,,,,,,,,,,,,,,,,,,,,,,,,,,,,,,,,,,,,,,,,,,,,,,,,,,,,,rpoA,rpoB,rpoC,rpoD,,,,,,,,,,,,,,,,,,,,,typA,,,,,,,,,,,,,,,,,,,,,,
D2207137059,59,Enterobacter hormaechei,59,0,56,60,1,1,1,1,1,1,0,1,1,1,1,1,0,1,1,0,0,1,411,23.82,7.14,55.53,98.84,96.53,90.78,20,680174,4664379,488095,208554,,ecloacae,1452,dnaA(4),fusA(4),gyrB(209),leuS(410),pyrG(11),rplB(30),rpoB(123),Enterobacter hormaechei,strong,4664379,no,-,,0,0,2,2,-,0,-,0,-,0,iro unknown,0,-,0,-,-,KL156-D1,?-*,,0.777,"KL156-D1_06_wzx,KL156-D1_07,KL156-D1_08_wfgD,KL156-D1_09_wzy,KL156-D1_10,KL156-D1_11_arnC,KL156-D1_12,KL156-D1_13,KL156-D1_14,KL156-D1_15",OL102,OL102,?-,,0.6988,"OL102_01_rfbB,OL102_02_rfbA,OL102_03_rfbD,OL102_04_rfbC,OL102_05_wbbL,OL102_06_rhamnan,OL102_07_wzm,OL102_08_wzt",-,-,fosA2*,-,-,-,-,-,-,-,-,-,ACT-17^,-,-,-,-,-,-,-,-,-,-,-,,-,-,-,-,-,-,-,-,-,-,-,-,-,-,-,-,-,-,-,-,-,-,-,-,-,-,-,-,-,-,-,-,-,-,-,-,-,-,25*,33*-4%,12*,15*,-,-,-,-,D2207137059,,,,,,,,,,,,,,,,,,,,,,,,,,,,,,,,,,,,,,,blaACT-56-NG_061415.1,,,,,,,,,,,,,,,,,,,,,,,,,,,,,,,,,,,,,,,,,,,,,,,,,,,,,,,,,,,,,,,,,,,,,,,,,,,,,,,,,,,,,,,,,,,,,,,,,,,,,,,,,,,,,,,,,,,,,,,,,,,,fosA_7_AEXB01000013,,,,,,,,,,,,,,,,,,,,,,,,,,,,,,,,,,,,,,,,,,,,,,,,,,,,,,,,,,,,,,,,,,D2207137059,,,,,,,,,,,,,,,,,,,,,,,,,,,,,,,,,,,,,,,,,,,,,,,,,,,,,,,,,,,D2207137059,,,,,,,,,,,,,,,,,,,,,,,,,,,,,,,,,,,,,,,,,,,,,,,,,,,,,,,,,,,,,,,,,,,,,,,,,,,,,,,,,,,,,,,,,,,,,cyoC,,,,,,,,,,,,,,,,,,,,,,,,,,,,,,,,,,,,,,,,,,fusA,,,,,,,,,,,,,,,,,,,iroB,iroC,,iroN,,,,,,,,,,,,,,,,,,,,,,,,,,,,,,,,,,,,,,,,,,,,,,,,,,,,,,,,,,,,,,,,,,,,,,,,,,,,,,,,,,,,,,,,,lpp,,,,,,,,,,,,,,,,,,,,,,,,,,,,,,,,,,,,,,,,,,,,,,,,,,,,,,,,,,,,,,,,,,,,,,,,,,,,,,,,,,,rpoA,rpoB,rpoC,rpoD,,,,,,,,,,,,,,,,,,,,,typA,,,,,,,,,,,,,,,,,,,,,,
D2207137068,68,Enterobacter hormaechei,68,1,67,55,0,1,1,1,0,0,0,0,1,0,0,0,0,0,1,0,0,0,421,15.98,4.8,55.59,98.55,95.8,89.26,66,1057263,4857477,307292,202520,,ecloacae,45,dnaA(4),fusA(4),gyrB(14),leuS(6),pyrG(39),rplB(4),rpoB(6),Enterobacter hormaechei,strong,4857477,no,-,,0,2,10,18,-,0,-,0,-,0,iro unknown,0,-,0,-,-,KL54,?-+*,,0.7332,"KL54_02_cpsACP,KL54_03_wzi,KL54_04_wza,KL54_05_wzb,KL54_06_wzc,KL54_07_wclU,KL54_08_wzx,KL54_09_wzy,KL54_10_wckB,KL54_11_wcoS,KL54_13_wcaG,KL54_14_wcaH,KL54_15_wcaI,KL54_16_wcaJ,KL54_18_manC,KL54_19_manB",OL102,OL102,-,,0.6514,"OL102_01_rfbB,OL102_02_rfbA,OL102_03_rfbD,OL102_04_rfbC,OL102_05_wbbL,OL102_06_rhamnan,OL102_07_wzm,OL102_08_wzt",aac(3)-IId^;aac(6')-Ib-cr.v2;aadA16*;strA.v1^;strB.v1,-,-,qnrB6^,-,mphA,-,arr-3,sul1;sul1;sul2,tet(A).v1,-,dfrA14.v2*;dfrA27,ACT-17^;TEM-1D.v1^,-,CTX-M-15,-,NDM-1,-,-,-,-,-,-,-,,-,-,-,-,-,-,-,-,-,-,-,-,-,-,-,-,-,-,-,-,-,-,-,-,-,-,-,-,-,-,-,-,-,-,-,-,-,-,25*,33*-4%,12*,15*,-,-,-,-,D2207137068,ARR-3_4_FM207631,,,aac(3)-IId-NG_047251.1,,,,aac(6')-Ib-cr_1_DQ303918,,aadA16-NG_047339.1,,,,,,,,,,aph(3'')-Ib_5_AF321551,,,,,,,,,aph(6)-Id_1_M28829,,,,,,,,,,,blaACT-70-NG_065856.1,,,,,,,,,,,,blaCTX-M-15_1_AY044436,,,,,,,,,,,,,,,,,,,,,,,,,,,,blaNDM-1_1_FN396876,,,,,,,,,,,,,,,,,,,,,,,,,,,,,,,,,,,,,,,,,,,,,,blaTEM-1B_1_AY458016,,,,,ble-MBL-NG_047559.1,,,,,,,,,,dfrA14_5_DQ388123,,,,,,dfrA27_1_FJ459817,,,,,,,,,,,,,,,,,,,,,,,,,mph(A)_2_U36578,,,,,,,,,,,,,,,,,,,,,,,,,,,,,,,,,,qnrB6_2_EF523819,,,,,,,,sul1_5_EU780013,sul2_2_AY034138,,,,tet(A)_6_AF534183,,,,,,,,,,D2207137068,,,,,Col(pHAD28)_1__KU674895,,,,,,,,,,,,,,,,,IncFIB(pECLA)_1__CP001919,,,,,,,,,,,IncFII(pECLA)_1__CP001919,,,,,,,,,,,,,,,IncR_1__DQ449578,,,IncX3_1__JN247852,,,,,,,,D2207137068,,,,,,,,,,,,,,,,,,,,,,,,,,,,,,,,,,,,,,,,,,,,,,,,,,,,,,,,,,,,,,,,,,,,,,,,,,,,,,,,,,,,,,,,,,,,,cyoC,,,,,,,,,,,,,,,,,,,,,,,,,,,,,,,,,,,,,,,,,,fusA,,,,,,,,,,,,,,,,,,,iroB,iroC,,iroN,,,,,,,,,,,,,,,,,,,,,,,,,,,,,,,,,,,,,,,,,,,,,,,,,,,,,,,,,,,,,,,,,,,,,,,,,,,,,,,,,,,,,,,,,lpp,,,,,,,,,,,,,,,,,,,,,,,,,,,,,,,,,,,,,,,,,,,,,,,,,,,,,,,,,,,,,,,,,,,,,,,,,,,,,,,,,,,rpoA,rpoB,rpoC,rpoD,,,,,,,,,,,,,,,,,,,,,typA,,,,,,,,,,,,,,,,,,,,,,
D2207137021,21,Enterobacter kobei,21,0,86,52,1,0,1,1,0,0,0,1,1,0,0,1,0,1,1,1,0,1,400,10.48,3.14,54.38,99.44,98.03,93.02,28,833021,4671808,750506,235731,,ecloacae,777,dnaA(71),fusA(3),gyrB(87),leuS(89),pyrG(3),rplB(16),rpoB(3),Enterobacter kobei,strong,4671808,no,-,,0,0,2,2,-,0,-,0,-,0,-,0,-,0,-,-,KL130,?-+*,,0.717,"KL130_02_cpsACP,KL130_03_wzi,KL130_04_wza,KL130_05_wzb,KL130_06_wzc,KL130_07_wbaP,KL130_08_wzy,KL130_09_wclQ,KL130_10_wclP,KL130_11_wzx,KL130_12_wcuQ,KL130_13_wcuK,KL130_14,KL130_15_wbaZ,KL130_17_manC,KL130_18_manB,KL130_21_rmlD,KL130_22_rmlC",OL102,OL102,-*,,0.7001,"OL102_03_rfbD,OL102_04_rfbC,OL102_05_wbbL,OL102_06_rhamnan,OL102_07_wzm,OL102_08_wzt",-,-,fosA2*,-,-,-,-,-,-,-,-,-,ACT-28*,-,-,-,-,-,-,-,-,-,-,-,,-,-,-,-,-,-,-,-,-,-,-,-,-,-,-,-,-,-,-,-,-,-,-,-,-,-,-,-,-,-,-,-,-,-,-,-,-,-,-,-,-,-,-,-,-,-,D2207137021,,,,,,,,,,,,,,,,,,,,,,,,,,,,,,,,,,,blaACT-28-NG_048614.1,,,,,,,,,,,,,,,,,,,,,,,,,,,,,,,,,,,,,,,,,,,,,,,,,,,,,,,,,,,,,,,,,,,,,,,,,,,,,,,,,,,,,,,,,,,,,,,,,,,,,,,,,,,,,,,,,,,,,,,,,,,,,,,,fosA_7_AEXB01000013,,,,,,,,,,,,,,,,,,,,,,,,,,,,,,,,,,,,,,,,,,,,,,,,,,,,,,,,,,,,,,,,,,D2207137021,,,,,,,,,,,,,,,,,,,,,,,,,,,,,,,,,,,,,,,,,,,,,,,,,,,,,,,,,,,D2207137021,,,,,,,,,,,,,,,,,,,,,,,,,,,,,,,,,,,,,,,,,,,,,,,,,,,,,,,,,,,,,,,,,,,,,,,,,,,,,,,,,,,,,,,,,,,,,cyoC,,,,,,,,,,,,,,,,,,,,,,,,,,,,,,,,,,,,,,,,,,fusA,,,,,,,,,,,,,,,,,,,,,,,,,,,,,,,,,,,,,,,,,,,,,,,,,,,,,,,,,,,,,,,,,,,,,,,,,,,,,,,,,,,,,,,,,,,,,,,,,,,,,,,,,,,,,,,lpp,,,,,,,,,,,,,,,,,,,,,,,,,,,,,,,,,,,,,,,,,,,,,,,,,,,,,,,,,,,,,,,,,,,,,,,,,,,,,,,,,,,rpoA,rpoB,rpoC,rpoD,,,,,,,,,,,,,,,,,,,,,typA,,,,,,,,,,,,,,,,,,,,,,
D2207137012,12,Enterobacter roggenkampii,12,0,60,50,1,0,1,1,1,1,0,1,1,1,1,1,0,1,1,1,0,1,391,8.5,2.56,54.19,99.43,97.93,92.36,55,457484,4848058,235191,116244,,ecloacae,1626,dnaA(439),fusA(293),gyrB(302),leuS(221),pyrG(189),rplB(12),rpoB(26),Enterobacter roggenkampii,strong,4848058,no,-,,0,2,9,13,-,0,-,0,-,0,-,0,-,0,-,-,KL54,?-*,,0.7426,"KL54_02_cpsACP,KL54_03_wzi,KL54_04_wza,KL54_05_wzb,KL54_06_wzc,KL54_07_wclU,KL54_08_wzx,KL54_09_wzy,KL54_10_wckB,KL54_11_wcoS,KL54_13_wcaG,KL54_14_wcaH,KL54_15_wcaI,KL54_16_wcaJ,KL54_18_manC,KL54_19_manB",O3/O3a,O3/O3a,?-,,0.7214,"O3/O3a_01_manC,O3/O3a_02_manB,O3/O3a_03_wzm,O3/O3a_04_wzt,O3/O3a_05_wbdD,O3/O3a_06_wbdA,O3/O3a_07_wbdB,O3/O3a_08_wbdC",aadA2;aph3-Ia.v1*?;strA.v1;strB.v1,-,fosA2*,qnrS1,-,-,floR.v1*,-,sul1;sul2,tet(C)*,-,dfrA27,MIR-6*,-,-,-,NDM-5,-,-,-,-,-,-,-,,-,-,-,-,-,-,-,-,-,-,-,-,-,-,-,-,-,-,-,-,-,-,-,-,-,-,-,-,-,-,-,-,-,-,-,-,-,-,-,-,-,-,-,-,-,-,D2207137012,,,,,,,,,,,,aadA2_1_NC_010870,,,,,,,aph(3'')-Ib_2_AF024602,,,,,,,aph(3')-Ia_9_EU722351,,,aph(6)-Id_1_M28829,,,,,,,,,,,,,,,,,,,,,,,,,,,,,,,,,,,,,,,,,,,,,,,blaMIR-7-NG_049308.1,,,,,blaNDM-5_1_JN104597,,,,,,,,,,,,,,,,,,,,,,,,,,,,,,,,,,,,,,,,,,,,,,,,,,ble-MBL-NG_047559.1,,,,,,,,,,,,,,,,dfrA27_1_FJ459817,,,,,,floR-NG_047877.1,,,,,,,,,,fosA_7_AEXB01000013,,,,,,,,,,,,,,,,,,,,,,,,,,,,,,,,,,oqxB9-NG_050458.1,,,,,,,,,,,,qnrS1_1_AB187515,,,,,sul1_5_EU780013,sul2_2_AY034138,,,,,,,,,tet(C)-NG_048181.1,,,,,D2207137012,,,,,,,,,,,,,,,,,,,,,,,,,,,,,,,,,,,,,,,,,,,,,,,,,,,IncX3_1__JN247852,,,,,,,,D2207137012,,,,,,,,,,,,,,,,,,,,,,,,,,,,,,,,,,,,,,,,,,,,,,,,,,,,,,,,,,,,,,,,,,,,,,,,,,,,,,,,,,,,,crp,,,,,,,,cyoC,,,,,,,,,,,,,,,,,,,,,,,,,,,,,,,,,,,,,,,,,,fusA,,,,,,,,,,,,,,,,,,,,,,,,,,,,,,,,,,,,,,,,,,,,,,,,,,,,,,,,,,,,,,,,,,,,,,,,,,,,,,,,,,,,,,,,,,,,,,,,,,,,,,,,,,,,,,,lpp,,,,,,,,,,,,,,,,,,,,,,,,,,,,,,,,,,,,,,,,,,,,,,,,,,,,,,,,,,,,,,,,,,,,,,ptsI,,,,,,,,,,,,,rpoA,rpoB,rpoC,rpoD,,,,,,,,,,,,,,,,,,,,,typA,,,,,,,,,,,,,,,,,,,,,,
D2207137022,22,Enterobacter roggenkampii,22,0,59,67,1,0,1,1,0,0,0,1,1,0,0,1,0,1,1,1,0,1,401,9.29,2.78,55.28,99.42,97.92,92.47,84,318853,4725094,141495,81317,,ecloacae,-,dnaA(37),fusA(25),gyrB(49),leuS(30),pyrG(~49),rplB(21),rpoB(20),Enterobacter roggenkampii,strong,4725094,no,-,,0,0,1,1,-,0,-,0,-,0,-,0,-,0,-,-,KL54,?-*,,0.7396,"KL54_02_cpsACP,KL54_03_wzi,KL54_04_wza,KL54_05_wzb,KL54_06_wzc,KL54_07_wclU,KL54_08_wzx,KL54_09_wzy,KL54_10_wckB,KL54_11_wcoS,KL54_13_wcaG,KL54_14_wcaH,KL54_15_wcaI,KL54_16_wcaJ,KL54_18_manC,KL54_19_manB",OL102,OL102,?-,,0.6743,"OL102_01_rfbB,OL102_02_rfbA,OL102_03_rfbD,OL102_04_rfbC,OL102_05_wbbL,OL102_06_rhamnan,OL102_07_wzm,OL102_08_wzt",-,-,-,-,-,-,-,-,-,-,-,-,MIR-3,-,-,-,-,-,-,-,-,-,-,-,,-,-,-,-,-,-,-,-,-,-,-,-,-,-,-,-,-,-,-,-,-,-,-,-,-,-,-,-,-,-,-,-,-,-,-,-,-,-,-,-,-,-,-,-,-,-,D2207137022,,,,,,,,,,,,,,,,,,,,,,,,,,,,,,,,,,,,,,,,,,,,,,,,,,,,,,,,,,,,,,,,,,,,,,,,,,,blaMIR-3_1_AY743435,,,,,,,,,,,,,,,,,,,,,,,,,,,,,,,,,,,,,,,,,,,,,,,,,,,,,,,,,,,,,,,,,,,,,,,,,,,,,,,,,,,,,,,,,,,mcr-10.1_MN179494,,,,,,,,,,,,,,,,,,,,,,,,,,,,,,,oqxB9-NG_050458.1,,,,,,,,,,,,,,,,,,,,,,,,,,,,,,,,D2207137022,,,,,,,,,,,,,,,,,,,,,,IncFIB(pECLA)_1__CP001919,,,,,,,,,,,IncFII(pECLA)_1__CP001919,,,,,,,,,,,,,,,,,,,,,,,,,,D2207137022,,,,,,,,,,,,,,,,,,,,,,,,,,,,,,,,,,,,,,,,,,,,,,,,,,,,,,,,,,,,,,,,,,,,,,,,,,,,,,,,,,,,,,,,,,,,,cyoC,,,,,,,,,,,,,,,,,,,,,,,,,,,,,,,,,,,,,,,,,,fusA,,,,,,,,,,,,,,,,,,,,,,,,,,,,,,,,,,,,,,,,,,,,,,,,,,,,,,,,,,,,,,,,,,,,,,,,,,,,,,,,,,,,,,,,,,,,,,,,,,,,,,,,,,,,,,,lpp,,,,,,,,,,,,,,,,,,,,,,,,,,,,,,,,,,,,,,,,,,,,,,,,,,,,,,,,,,,,,,,,,,,,,,ptsI,,,,,,,,,,,,,rpoA,rpoB,rpoC,rpoD,,,,,,,,,,,,,,,,,,,,,typA,,,,,,,,,,,,,,,,,,,,,,
D2207137077,77,Enterobacter roggenkampii,77,0,71,61,0,1,1,1,0,1,0,1,1,1,0,1,0,1,1,1,0,1,448,7.91,2.38,55.44,98.34,95.35,88.71,60,411994,4845268,201717,130893,,ecloacae,232,dnaA(88),fusA(25),gyrB(49),leuS(72),pyrG(49),rplB(12),rpoB(20),Enterobacter roggenkampii,strong,4845268,no,-,,0,0,1,1,-,0,-,0,-,0,-,0,-,0,-,-,KL54,?-*,,0.7426,"KL54_02_cpsACP,KL54_03_wzi,KL54_04_wza,KL54_05_wzb,KL54_06_wzc,KL54_07_wclU,KL54_08_wzx,KL54_09_wzy,KL54_10_wckB,KL54_11_wcoS,KL54_13_wcaG,KL54_14_wcaH,KL54_15_wcaI,KL54_16_wcaJ,KL54_18_manC,KL54_19_manB",OL102,OL102,-*,,0.6873,"OL102_02_rfbA,OL102_03_rfbD,OL102_04_rfbC,OL102_05_wbbL,OL102_06_rhamnan,OL102_07_wzm,OL102_08_wzt",-,-,-,-,-,-,-,-,-,-,-,-,MIR-17,-,-,-,-,-,-,-,-,-,-,-,,-,-,-,-,-,-,-,-,-,-,-,-,-,-,-,-,-,-,-,-,-,-,-,-,-,-,-,-,-,-,-,-,-,-,-,-,-,-,-,-,-,-,-,-,-,-,D2207137077,,,,,,,,,,,,,,,,,,,,,,,,,,,,,,,,,,,,,,,,,,,,,,,,,,,,,,,,,,,,,,,,,,,,,,,,,,blaMIR-17-NG_049301.1,,,,,,,,,,,,,,,,,,,,,,,,,,,,,,,,,,,,,,,,,,,,,,,,,,,,,,,,,,,,,,,,,,,,,,,,,,,,,,,,,,,,,,,,,,,,,,,,,,,,,,,,,,,,,,,,,,,,oqxB20-NG_050439.1,,,,,,,,,,,,,,,,,,,,,,,,,,,,,,,,,,,,,,,D2207137077,,,,,,,,,,,,,,,,,,,,,,IncFIB(pECLA)_1__CP001919,,,,,,,,,,,,,,,,,,,,,,,,,,,,,,,,,,,,,D2207137077,,,,,,,,,,,,,,,,,,,,,,,,,,,,,,,,,,,,,,,,,,,,,,,,,,,,,,,,,,,,,,,,,,,,,,,,,,,,,,,,,,,,,crp,,,,,,,,cyoC,,,,,,,,,,,,,,,,,,,,,,,,,,,,,,,,,,,,,,,,,,fusA,,,,,,,,,,,,,,,,,,,,,,,,,,,,,,,,,,,,,,,,,,,,,,,,,,,,,,,,,,,,,,,,,,,,,,,,,,,,,,,,,,,,,,,,,,,,,,,,,,,,,,,,,,,,,,,lpp,,,,,,,,,,,,,,,,,,,,,,,,,,,,,,,,,,,,,,,,,,,,,,,,,,,,,,,,,,,,,,,,,,,,,,ptsI,,,,,,,,,,,,,rpoA,rpoB,rpoC,rpoD,,,,,,,,,,,,,,,,,,,,tufB,typA,,,,,,,,,,,,,,,,,,,,,,
D2207137002,2,Escherichia coli / Shigella,2,0,51,61,0,0,1,1,0,0,1,1,1,0,0,1,1,1,1,1,0,1,382,9.37,2.82,50.05,99.56,98.39,94.08,140,347566,5558507,142857,80738,,ecoli_achtman_4,156,adk(6),fumC(29),gyrB(32),icd(16),mdh(11),purA(8),recA(44),Escherichia coli / Shigella,strong,5558507,no,-,,3,2,10,25,-,0,-,0,iuc 5,59,iro 5,34-2LV,-,0,-,-,KL156-D1,?-*,,0.8877,"KL156-D1_06_wzx,KL156-D1_07,KL156-D1_08_wfgD,KL156-D1_09_wzy,KL156-D1_10,KL156-D1_11_arnC,KL156-D1_12,KL156-D1_13,KL156-D1_14,KL156-D1_15",O4,O4,none,Good,0.9949,,aac(3)-IId^;aac(3)-IV^;aac(6')-Ib-cr.v2;aadA16*;aph(4)-Ia;aph3-Ia.v1^;strA.v1^;strB.v1,-,-,-,-,erm(42)*;mphA,catA1^;catB3.v2,arr-3,sul2;sul3,tet(B).v2*;tetM.v1*;tetR,-,dfrA1.v2;dfrA14.v2*;dfrA27,AmpC1*;OXA-1,-,CTX-M-55,-,NDM-5,-,-,-,-,-,mphB.v2*?-0%,TEM-105?-0%;TEM-79?-55%;floR.v1?-0%;sul1?-0%;tet(A).v2?-0%,,-,-,-,-,-,-,-,-,-,-,-,-,-,-,-,-,-,-,-,-,-,-,-,-,-,-,-,-,-,-,-,-,-,45,22,33,35,48,23,40,22,19,-,-,-,-,D2207137002,ARR-3_4_FM207631,,,aac(3)-IId-NG_047251.1,,aac(3)-IVa_1_X01385,,aac(6')-Ib-cr_1_DQ303918,,aadA16-NG_047339.1,,,,,,,,,,aph(3'')-Ib_5_AF321551,,,,aph(3')-Ia_1_V00359,,,aph(4)-Ia_1_V01499,,aph(6)-Id_1_M28829,,,,,,,,,,,,,,,,,,,,,,,,,,,blaCTX-M-55_1_DQ810789,,,,,,,blaEC-18-NG_049083.1,,,,,,,,,,,,,,,,,,blaNDM-5_1_JN104597,,,,,,,,,,,,,,blaOXA-1_1_HQ170510,,,,,,,,,,,,,,,,,,,,,,,,,,,,,,,,,,,,ble-MBL-NG_047559.1,,catA1_1_V00622,,catB3_2_U13880,,,,,,dfrA14_5_DQ388123,,,dfrA1_10_AF203818,,,dfrA27_1_FJ459817,erm(42)_2_AB601890,,,,,,,,,,,,,,,,,,,,,mdf(A)_1_Y08743,,,mph(A)_2_U36578,,,,,,,,,,,,,,,,,,,,,,,,,,,,,,,,,,,,,,,,,,,sul2_2_AY034138,,sul3_2_AJ459418,,,,,tet(B)_2_AF326777,,,,,,tet(M)-NG_048250.1,D2207137002,,,,Col(MG828)_1__NC_008486,Col(pHAD28)_1__KU674895,,,,,,,,IncB/O/K/Z_4__FN868832,,,,IncFIB(AP001918)_1__AP001918,,,,,,,,,,IncFIC(FII)_1__AP001918,,,,,,,,,,,,,IncHI2A_1__BX664015,IncHI2_1__BX664015,IncI(Gamma)_1__AP011954,,,,,,,,,,,,,p0111_1__AP010962,,,,D2207137002,,,,,,,,,,,,,,,,,,,,,,,,,,,,,,RamA,,,,,,,,,,,,,,,,,,,,,,,,,,,,,,,,,,,,,,,,,,,,,,,,,,,,,,,,,,,,,,,,,,ecpA,ecpB,ecpC,ecpD,ecpE,ecpR,,,,,,,,,,,,,,,,,,,,,,,,,,,,,,,,,,fusA,,,,,,,,,,,,,,,,,,,,,,iroN,,,,,iucB,iucC,,iutA,,,,,,,,,,,,,,,,,,,,,,,,,,,,,,,,,,,,,,,,,,,,,,,,,,,,,,,,,,,,,,,,,,,,,,,,,,,,,,,,,lpp,,,,,,,,,,,,,,,,,,,,,,,,,,,,,,,,,,,,,,,,,,,,,,,,,,,,,,,,,,,,,,,,,,,,,,,,,,,,,,,,,,,rpoA,rpoB,rpoC,rpoD,,,,,,,,,,,,,,,,,,,,tufB,,,,,,,,,,,,,,,,,,,,,,,
D2207137003,3,Escherichia coli / Shigella,3,0,65,61,1,0,1,1,0,0,0,1,1,0,0,1,0,1,1,1,0,1,383,13.24,3.98,50.94,99.59,98.5,94.36,159,197985,4777958,64775,34780,,ecoli_achtman_4,4214,adk(112),fumC(11),gyrB(4),icd(12),mdh(8),purA(8),recA(86),Escherichia coli / Shigella,strong,4777958,no,-,,0,2,8,13,-,0,-,0,-,0,-,0,-,0,-,-,KL113,?-*,,0.721,"KL113_02_cpsACP,KL113_03_wzi,KL113_04_wza,KL113_05_wzb,KL113_06_wzc,KL113_07_wzx,KL113_08,KL113_09,KL113_10,KL113_11_wcoS,KL113_13_wcaG,KL113_14,KL113_15_wcaI,KL113_16_wcaJ,KL113_18_manC,KL113_19_manB",OL102,OL102,-,,0.7402,"OL102_01_rfbB,OL102_02_rfbA,OL102_03_rfbD,OL102_04_rfbC,OL102_05_wbbL,OL102_06_rhamnan,OL102_07_wzm,OL102_08_wzt",aadA2^;aadA^;strA.v1;strB.v1,-,-,-,-,lnuF.v1*,cmlA1*;floR.v1*,-,sul3,tet(B).v2*;tetR,-,dfrA12,AmpC1*,-,-,-,NDM-5,-,-,-,-,-,mphB.v2*?-0%,-,,-,-,-,-,-,-,-,-,-,-,-,-,-,-,-,-,-,-,-,-,-,-,-,-,-,-,-,-,-,-,-,-,-,-,-,-,-,-,-,-,-,-,-,-,-,-,D2207137003,,,,,,,,,,,,aadA2_1_NC_010870,,,,,ant(3'')-Ia_1_X02340,,aph(3'')-Ib_2_AF024602,,,,,,,,,,aph(6)-Id_1_M28829,,,,,,,,,,,,,,,,,,,,,,,,,,,,,,,,,,,,,,blaEC-NG_047496.1,,,,,,,,,,,,,,blaNDM-5_1_JN104597,,,,,,,,,,,,,,,,,,,,,,,,,,,,,,,,,,,,,,,,,,,,,,,,,,ble-MBL-NG_047559.1,,,,,,cmlA1_1_M64556,,,dfrA12_8_AM040708,,,,,,,,,,,,,,floR-NG_047878.1,,,,,,,,,,lnu(F)_1_EU118119,,,,,mdf(A)_1_Y08743,,,,,,,,,,,,,,,,,,,,,,,,,,,,,,,,,,,,,,,,,,,,,,,,sul3_2_AJ459418,,,,,tet(B)_2_AF326777,,,,,,,D2207137003,,,,,,,,,,,,,,,,,,,,,,,,,,,,,,,,,,,,,,,,,,,,,,,IncQ1_1__M28829,,,,IncX3_1__JN247852,,,IncY_1__K02380,,,,,D2207137003,,,,,,,,,,,,,,,,,,,,,,,,,,,,,,,,,,,,,,,,,,,,,,,,,,,,,,,,,,,,,,,,,,,,,,,,,,,,,,,,,,,,,,,,,,,,,,,,,,,,,,,,,,,,,,,,,,,,,,,,,,,,,,,,,,,,,,,fusA,,,,,,,,,,,,,,,,,,,,,,,,,,,,,,,,,,,,,,,,,,,,,,,,,,,,,,,,,,,,,,,,,,,,,,,,,,,,,,,,,,,,,,,,,,,,,,,,,,,,,,,,,,,,,,,lpp,,,,,,,,,,,,,,,,,,,,,,,,,,,,,,,,,,,,,,,,,,,,,,,,,p_pNJST258N3,,,,,,,,,,,,,,,,,,,,,,,,,,,,,,,,,,rpoA,rpoB,rpoC,rpoD,,,,,,,,,,,,,,,,,,,,,,,,,,,,,,,,,,,,,,,,,,,
D2207137005,5,Escherichia coli / Shigella,5,0,61,68,1,1,1,1,1,0,1,1,1,0,1,1,1,1,1,1,1,1,386,12.47,3.74,50.69,99.59,98.53,94.41,76,544650,5065289,274219,124365,,ecoli_achtman_4,131,adk(53),fumC(40),gyrB(47),icd(13),mdh(36),purA(28),recA(29),Escherichia coli / Shigella,strong,5065289,no,-,,4,1,7,11,ybt unknown,0,-,0,iuc unknown,0,-,0,-,0,-,-,KL156-D1,?-*,,0.9124,"KL156-D1_06_wzx,KL156-D1_07,KL156-D1_08_wfgD,KL156-D1_09_wzy,KL156-D1_10,KL156-D1_11_arnC,KL156-D1_12,KL156-D1_13,KL156-D1_14,KL156-D1_15",OL102,OL102,?-,,0.7325,"OL102_01_rfbB,OL102_02_rfbA,OL102_03_rfbD,OL102_04_rfbC,OL102_05_wbbL,OL102_06_rhamnan,OL102_07_wzm,OL102_08_wzt",aac(3)-IId^;aadA5;strA.v1^;strB.v1*,-,-,-,-,mphA,-,-,sul1;sul2,tet(A).v1,-,dfrA17,TEM-1D.v1^,-,CTX-M-55,-,-,-,-,-,-,-,-,-,,-,-,-,-,-,-,-,27,26,41,43,26,62,56,24,27,35,82,-,-,-,-,-,-,-,-,-,-,-,-,-,-,-,29*,12*,28*,35,61*,-,-,-,-,-,-,-,-,D2207137005,,,,aac(3)-IId-NG_047251.1,,,,,,,,,aadA5_1_AF137361,,,,,,,aph(3'')-Ib_5_AF321551,,,,,,,,aph(6)-Id-NG_047466.1,,,,,,,,,,,,,,,,,,,,,,,,,,,,blaCTX-M-55_1_DQ810789,,,,,,,,,blaEC-5-NG_049085.1,,,,,,,,,,,,,,,,,,,,,,,,,,,,,,,,,,,,,,,,,,,,,,,,,,,,,,,,,,,,,blaTEM-1B_1_AY458016,,,,,,,,,,,,,,,,,dfrA17_1_FJ460238,,,,,,,,,,,,,,,,,,,,,,,,,,mdf(A)_1_Y08743,,,mph(A)_2_U36578,,,,,,,,,,,,,,,,,,,,,,,,,,,,,,,,,,,,,,,,,,sul1_5_EU780013,sul2_2_AY034138,,,,tet(A)_6_AF534183,,,,,,,,,,D2207137005,,,,Col(MG828)_1__NC_008486,,Col156_1__NC_009781,,,,,,,,,,IncFIA_1__AP001918,IncFIB(AP001918)_1__AP001918,,,,,,,,,,,,,,,,,,,,IncFII(pRSB107)_1__AJ851089,,,,,,,,,,,,,,,,,,,,,,D2207137005,,,,,,,,,,,,,,,,,,,,,,,,,,,,,,,,,,,,,,,,,,,,,,,,,,,,,,,,,,,,,,,,,,,,,,,,,,,,,,,,,,,,,,,,,,,,,,,,ecpA,ecpB,ecpC,ecpD,ecpE,ecpR,,,,,,,,,,,,,,,,,,,,,,,,,,,,,,,,,,fusA,fyuA,,,,,,,,,,,,,,,,,,,,,,irp1,irp2,,,iucB,iucC,,iutA,,,,,,,,,,,,,,,,,,,,,,,,,,,,,,,,,,,,,,,,,,,,,,,,,,,,,,,,,,,,,,,,,,,,,,,,,,,,,,,,,lpp,,,,,,,,,,,,,,,,,,,,,,,,,,,,,,,,,,,,,,,,,,,,,,,,p_pBK30683A,,,,,,,,,,,,,,,,,,,,,,,,,,,,,,,,,,,rpoA,rpoB,rpoC,rpoD,,,,,,,,,,,,,,,,,,,,,,,,,,,,,,,ybtA,ybtE,ybtP,ybtQ,ybtS,ybtT,ybtU,ybtX,,,,,
D2207137018,18,Escherichia coli / Shigella,18,0,54,63,1,1,1,1,0,0,0,0,1,0,0,0,0,0,1,0,0,1,397,6.86,2.06,50.59,99.51,98.17,92.9,91,638272,5023408,197172,118206,,ecoli_achtman_4,224,adk(6),fumC(4),gyrB(33),icd(16),mdh(11),purA(8),recA(6),Escherichia coli / Shigella,strong,5023408,no,-,,0,2,6,8,-,0,-,0,-,0,-,0,-,0,-,-,KL156-D1,?-*,,0.8834,"KL156-D1_06_wzx,KL156-D1_07,KL156-D1_08_wfgD,KL156-D1_09_wzy,KL156-D1_10,KL156-D1_11_arnC,KL156-D1_12,KL156-D1_13,KL156-D1_14,KL156-D1_15",OL102,OL102,?-,,0.7329,"OL102_01_rfbB,OL102_02_rfbA,OL102_03_rfbD,OL102_04_rfbC,OL102_05_wbbL,OL102_06_rhamnan,OL102_07_wzm,OL102_08_wzt",aac(6')-Ib-cr.v2;aadA16*,-,-,-,-,-,-,arr-3,sul1,-,-,dfrA27,AmpC1*;CMY-2.v2,-,-,-,NDM-5,-,-,-,-,-,mphB.v2*?-0%,-,,-,-,-,-,-,-,-,-,-,-,-,-,-,-,-,-,-,-,-,-,-,-,-,-,-,-,-,-,-,-,-,-,-,-,-,-,-,-,-,-,-,-,-,-,-,-,D2207137018,ARR-3_4_FM207631,,,,,,,aac(6')-Ib-cr_1_DQ303918,,aadA16-NG_047339.1,,,,,,,,,,,,,,,,,,,,,,,,,,,,,,,,,,,,,,blaCMY-150_2_NG_060513,,,,,,,,,,,,,,,blaEC-18-NG_049083.1,,,,,,,,,,,,,,,,,,blaNDM-5_1_JN104597,,,,,,,,,,,,,,,,,,,,,,,,,,,,,,,,,,,,,,,,,,,,,,,,,,ble-MBL-NG_047559.1,,,,,,,,,,,,,,,,dfrA27_1_FJ459817,,,,,,,,,,,,,,,,,,,,,,mdf(A)_1_Y08743,,,,,,,,,,,,,,,,,,,,,,,,,,,,,,,,,,,,,,,,,,,,,sul1_5_EU780013,,,,,,,,,,,,,,,D2207137018,,,,,,,,,,,,,,,,,,,,,,,,,,,,,,,,IncFII(pCoo)_1__CR942285,,,,,,,,,,IncI(Gamma)_1__AP011954,,,,,,,,,IncX3_1__JN247852,,,,,,,,D2207137018,,,,,,,,,,,,,,,,,,,,,,,,,,,,,,,,,,,,,,,,,,,,,,,,,,,,,,,,,,,,,,,,,,,,,,,,,,,,,,,,,,,,,,,,,,,,,,,,,,,,,,,,,,,,,,,,,,,,,,,,,,,,,,,,,,,,,,,fusA,,,,,,,,,,,,,,,,,,,,,,,,,,,,,,,,,,,,,,,,,,,,,,,,,,,,,,,,,,,,,,,,,,,,,,,,,,,,,,,,,,,,,,,,,,,,,,,,,,,,,,,,,,,,,,,lpp,,,,,,,,,,,,,,,,,,,,,,,,,,,,,,,,,,mrkI__LM21,,,,,,,,,,,,,,,,,,,,,,,,,,,,,,,,,,,,,,,,,,,,,,,,,rpoA,rpoB,rpoC,rpoD,,,,,,,,,,,,,,,,,,,,tufB,,,,,,,,,,,,,,,,,,,,,,,
D2207137023,23,Escherichia coli / Shigella,23,1,86,58,0,0,1,1,0,0,0,1,1,0,0,1,0,1,1,1,0,1,403,8.5,2.56,50.73,99.56,98.36,93.57,125,321058,5476539,171168,109147,,ecoli_achtman_4,131,adk(53),fumC(40),gyrB(47),icd(13),mdh(36),purA(28),recA(29),Escherichia coli / Shigella,strong,5476539,no,-,,4,2,8,17,ybt unknown,0,-,0,iuc unknown,0,-,0,-,0,-,-,KL156-D1,?-*,,0.9124,"KL156-D1_06_wzx,KL156-D1_07,KL156-D1_08_wfgD,KL156-D1_09_wzy,KL156-D1_10,KL156-D1_11_arnC,KL156-D1_12,KL156-D1_13,KL156-D1_14,KL156-D1_15",OL102,OL102,?-,,0.7325,"OL102_01_rfbB,OL102_02_rfbA,OL102_03_rfbD,OL102_04_rfbC,OL102_05_wbbL,OL102_06_rhamnan,OL102_07_wzm,OL102_08_wzt",aac(3)-IId^;aac(6')-Ib-cr.v2;aadA5;ant(2'')-Ia;strA.v1^;strB.v1*,-,-,-,-,mphA,-,-,sul1;sul1;sul2,tet(A).v1,-,dfrA17,OXA-1;TEM-1D.v1^,-,CTX-M-15;CTX-M-27,-,NDM-1,-,-,-,-,-,-,-,,-,-,-,-,-,-,-,27,26,41,43,26,62,56*,24,27,35,82,-,-,-,-,-,-,-,-,-,-,-,-,-,-,-,29*,12*,28*,35,61*,-,-,-,-,-,-,-,-,D2207137023,,,,aac(3)-IId-NG_047251.1,,,,aac(6')-Ib-cr_1_DQ303918,,,,,aadA5_1_AF137361,ant(2'')-Ia_1_X04555,,,,,,aph(3'')-Ib_5_AF321551,,,,,,,,aph(6)-Id-NG_047466.1,,,,,,,,,,,,,,,,,,,,,,,,blaCTX-M-15_1_AY044436,,blaCTX-M-27_1_AY156923,,,,,,,,,,,blaEC-5-NG_049085.1,,,,,,,,,,,,,,,blaNDM-1_1_FN396876,,,,,,,,,,,,,,,blaOXA-1_1_HQ170510,,,,,,,,,,,,,,,,,,,,,,,,,,,,,,,blaTEM-1B_1_AY458016,,,,,ble-MBL-NG_047559.1,,,,,,,,,,,,dfrA17_1_FJ460238,,,,,,,,,,,,,,,,,,,,,,,,,,mdf(A)_1_Y08743,,,mph(A)_2_U36578,,,,,,,,,,,,,,,,,,,,,,,,,,,,,,,,,,,,,,,,,,sul1_5_EU780013,sul2_2_AY034138,,,,tet(A)_6_AF534183,,,,,,,,,,D2207137023,,,,,,Col156_1__NC_009781,,,,,,IncB/O/K/Z_1__CU928147,,IncC_1__JN157804,,,IncFIB(AP001918)_1__AP001918,,,,,,,,,,,,,,,,,,,,,,,,,,,,,,,,,,,,,,,,,,D2207137023,,,,,,,,,,,,,,,,,,,,,,,,,,,,,,,,,,,,,,,,,,,,,,,,,,,,,,,,,,,,,,,,,,,,,,,,,,,,,,,,,,,,,,,,,,,,,,,,ecpA,ecpB,ecpC,ecpD,ecpE,ecpR,,,,,,,,,,,,,,,,,,,,,,,,,,,,,,,,,,fusA,fyuA,,,,,,,,,,,,,,,,,,,,,,irp1,irp2,,,iucB,iucC,,iutA,,,,,,,,,,,,,,,,,,,,,,,,,,,,,,,,,,,,,,,,,,,,,,,,,,,,,,,,,,,,,,,,,,,,,,,,,,,,,,,,,lpp,,,,,,,,,,,,,,,,,,,,,,,,,,,,,,,,,,,,,,,,,,,,,,,,,,,,,,,,,,,,,,,,,,,,,,,,,,,,,,,,,,,rpoA,rpoB,rpoC,rpoD,,,,,,,,,,,,,,,,,,,,,,,,,,,,,,,ybtA,ybtE,ybtP,ybtQ,ybtS,ybtT,ybtU,ybtX,,,,,
D2207137028,28,Escherichia coli / Shigella,28,1,70,55,0,1,1,0,0,1,1,1,0,1,0,1,1,1,0,1,1,0,317,6.6,1.98,49.72,99.53,98.07,91.98,69,503336,5060326,237237,113005,,ecoli_achtman_4,1193,adk(14),fumC(14),gyrB(10),icd(200),mdh(17),purA(7),recA(10),Escherichia coli / Shigella,strong,5060326,no,-,,4,2,1,1,ybt unknown,0,-,0,iuc unknown,0,-,0,-,0,-,-,KL156-D1,?-*,,0.9205,"KL156-D1_06_wzx,KL156-D1_07,KL156-D1_08_wfgD,KL156-D1_09_wzy,KL156-D1_10,KL156-D1_11_arnC,KL156-D1_12,KL156-D1_13,KL156-D1_14,KL156-D1_15",OL102,OL102,?-,,0.7196,"OL102_01_rfbB,OL102_02_rfbA,OL102_03_rfbD,OL102_04_rfbC,OL102_05_wbbL,OL102_06_rhamnan,OL102_07_wzm,OL102_08_wzt",-,-,-,-,-,-,-,-,-,-,-,-,-,-,-,-,KPC-2,-,-,-,-,-,-,-,,-,-,-,-,-,-,-,26,25,35,42,24,166*-35%,167,24,21,34,2,-,-,-,-,-,-,-,-,-,-,-,-,-,-,-,29*,12*,33*,35,61*,-,-,-,-,-,-,-,-,D2207137028,,,,,,,,,,,,,,,,,,,,,,,,,,,,,,,,,,,,,,,,,,,,,,,,,,,,,,,,,,,,,,,,,blaEC-5-NG_049085.1,,,,blaKPC-2_1_AY034847,,,,,,,,,,,,,,,,,,,,,,,,,,,,,,,,,,,,,,,,,,,,,,,,,,,,,,,,,,,,,,,,,,,,,,,,,,,,,,,,,,,,,,,,,,,,,,,,,,,,mdf(A)_1_Y08743,,,,,,,,,,,,,,,,,,,,,,,,,,,,,,,,,,,,,,,,,,,,,,,,,,,,,,,,,,,,D2207137028,Col(BS512)_1__NC_010656,,,Col(MG828)_1__NC_008486,,Col156_1__NC_009781,,,,,,,,,,,,,,,,,,,,,,,,,,,,,,,,,,,,,,,,,,,,,,,,,,,,,D2207137028,,,,,,,,,,,,,,,,,,,,,,,,,,,,,,,,,Tn4401-MEKPCI,,,,,,,,,,,,,,,,,,,,,,,,,,,,,,,,,,,,,,,,,,,,,,,,,,,,,,,,,,,,,,,ecpA,ecpB,ecpC,ecpD,ecpE,ecpR,,,,,,,,,,,,,,,,,,,,,,,,,,,,,,,,,,fusA,fyuA,,,,,,,,,,,,,,,,,,,,,,irp1,irp2,,,iucB,iucC,,iutA,,,,,,,,,,,,,,,,,,,,,,,,,,,,,,,,,,,,,,,,,,,,,,,,,,,,,,,,,,,,,,,,,,,,,,,,,,,,,,,,,lpp,,,,,,,,,,,,,,,,,,,,,,,,,,,,,,,,,,,,,,,,,,,,,,,,,p_pNJST258N3,,,,,,,,,,,,,,,,,,,,,,,,,,,,,,,,,,rpoA,rpoB,rpoC,rpoD,,,,,,,,,,,,,,,,,,,,tufB,,,,,,,,,,,ybtA,ybtE,ybtP,ybtQ,ybtS,ybtT,ybtU,ybtX,,,,,
D2207137029,29,Escherichia coli / Shigella,29,0,72,53,1,0,1,1,1,0,1,1,1,0,1,1,1,1,1,1,1,1,318,9.8,2.94,50.78,99.64,98.53,94,102,275241,4953935,112114,57384,,ecoli_achtman_4,58,adk(6),fumC(4),gyrB(4),icd(16),mdh(24),purA(8),recA(14),Escherichia coli / Shigella,strong,4953935,no,-,,4,2,8,15,ybt unknown,0,-,0,iuc 5,59-2LV,iro 5,34-2LV,-,0,-,-,KL54,?-*,,0.7258,"KL54_02_cpsACP,KL54_03_wzi,KL54_04_wza,KL54_05_wzb,KL54_06_wzc,KL54_07_wclU,KL54_08_wzx,KL54_09_wzy,KL54_10_wckB,KL54_11_wcoS,KL54_13_wcaG,KL54_14_wcaH,KL54_15_wcaI,KL54_16_wcaJ,KL54_18_manC,KL54_19_manB",O4,O4,none,Good,0.9948,,aac(3)-IId^;aadA22;aph3-Ia.v1^;strA.v1^;strB.v1,-,-,-,-,ermB.v1*;mphA;mphB.v2*,floR.v1*,-,sul2,tet(A).v1*,-,dfrA17,AmpC1*;TEM-1D.v1^,-,-,-,NDM-5,-,-,-,-,-,-,aadA5?-47%,,-,-,-,-,-,-,-,36*,40*,84*,51*,27*,119*,74*,34,32,36*,68*,-,-,-,-,-,-,-,-,-,-,-,-,-,-,-,45,12,33,35,48*,23,40*,18,19,-,-,-,-,D2207137029,,,,aac(3)-IId-NG_047251.1,,,,,,,,,,,,,ant(3'')-Ia_1_X02340,,,aph(3'')-Ib_5_AF321551,,,,aph(3')-Ia_1_V00359,,,,,aph(6)-Id_1_M28829,,,,,,,,,,,,,,,,,,,,,,,,,,,,,,,,,,blaEC-18-NG_049083.1,,,,,,,,,,,,,,,,,,blaNDM-5_1_JN104597,,,,,,,,,,,,,,,,,,,,,,,,,,,,,,,,,,,,,,,,,,,,,blaTEM-1B_1_AY458016,,,,,ble-MBL-NG_047559.1,,,,,,,,,,,,dfrA17_1_FJ460238,,,,,,erm(B)_18_X66468,,,,floR-NG_047877.1,,,,,,,,,,,,,,,,mdf(A)_1_Y08743,,,mph(A)_2_U36578,,,,,,,,,,,,,,,,,,,,,,,,,,,,,,,,,,,,,,,,,,,sul2_2_AY034138,,,,tet(A)_6_AF534183,,,,,,,,,,D2207137029,,,,,Col(pHAD28)_1__KU674895,,,,,,,,,,,,IncFIB(AP001918)_1__AP001918,,,,,,,,,,,,,,,,,,,,,,,,,,IncI1-I(Alpha)_1__AP005147,,,,,,,,,,,,,,,,D2207137029,,,,,,,,,,,,,,,,,,,,,,,,,,,,,,,,,,,,,,,,,,,,,,,,,,,,,,,,,,,,,,,,,,,,,,,,,,,,,,,,,,,,,,,,,,,,,,,,ecpA,ecpB,ecpC,ecpD,ecpE,ecpR,,,,,,,,,,,,,,,,,,,,,,,,,,,,,,,,,,fusA,fyuA,,,,,,,,,,,,,,,,,,,,,iroN,irp1,irp2,,,iucB,iucC,,iutA,,,,,,,,,,,,,,,,,,,,,,,,,,,,,,,,,,,,,,,,,,,,,,,,,,,,,,,,,,,,,,,,,,,,,,,,,,,,,,,,,lpp,,,,,,,,,,,,,,,,,,,,,,,,,,,,,,,,,,,,,,,,,,,,,,,,,,,,,,,,,,,,,,,,,,,,,,,,,,,,,,,,,,,rpoA,rpoB,rpoC,rpoD,,,,,,,,,,,,,,,,,,,,,,,,,,,,,,,ybtA,ybtE,ybtP,ybtQ,ybtS,ybtT,ybtU,ybtX,,,,,
D2207137035,35,Escherichia coli / Shigella,35,0,75,50,0,1,1,1,1,1,0,1,1,1,1,1,0,1,1,1,0,1,324,12.09,3.62,50.49,99.55,98.18,92.27,114,375336,4749914,117485,53586,,ecoli_achtman_4,218,adk(10),fumC(11),gyrB(4),icd(12),mdh(8),purA(8),recA(2),Escherichia coli / Shigella,strong,4749914,no,-,,3,2,9,13,-,0,-,0,iuc 5,62-2LV,-,0,-,0,-,-,KL113,?-*,,0.7205,"KL113_02_cpsACP,KL113_03_wzi,KL113_04_wza,KL113_05_wzb,KL113_06_wzc,KL113_07_wzx,KL113_08,KL113_09,KL113_10,KL113_11_wcoS,KL113_13_wcaG,KL113_14,KL113_15_wcaI,KL113_16_wcaJ,KL113_18_manC,KL113_19_manB",OL102,OL102,-,,0.7402,"OL102_01_rfbB,OL102_02_rfbA,OL102_03_rfbD,OL102_04_rfbC,OL102_05_wbbL,OL102_06_rhamnan,OL102_07_wzm,OL102_08_wzt",aac(3)-IId^;aadA2^,-,-,qnrS1,-,mphB.v2*,cmlA1*;floR.v1*,-,sul3,tet(A).v2*;tetM.v1*,-,dfrA12,AmpC1;TEM-1D.v1^,-,-,-,NDM-5,-,-,-,-,-,-,aadA24?-0%,,-,-,-,-,-,-,-,-,-,-,-,-,-,-,-,-,-,-,-,-,-,-,-,-,-,-,-,-,-,-,-,-,-,29,12,28,35,61,-,-,-,-,-,-,-,-,D2207137035,,,,aac(3)-IId-NG_047251.1,,,,,,,,aadA2_1_NC_010870,,,,,,,,,,,,,,,,,,,,,,,,,,,,,,,,,,,,,,,,,,,,,,,,,,,,,,blaEC-NG_047494.1,,,,,,,,,,,,,,,blaNDM-5_1_JN104597,,,,,,,,,,,,,,,,,,,,,,,,,,,,,,,,,,,,,,,,,,,,,blaTEM-1B_1_AY458016,,,,,ble-MBL-NG_047559.1,,,,,,cmlA1_1_M64556,,,dfrA12_8_AM040708,,,,,,,,,,,,floR-NG_047876.1,,,,,,,,,,,,,,,,,mdf(A)_1_Y08743,,,,,,,,,,,,,,,,,,,,,,,,,,,,,,,,,,,,,,,,qnrS1_1_AB187515,,,,,,,,sul3_2_AJ459418,,tet(A)_6_AF534183,,,,,,,,,tet(M)-NG_048250.1,D2207137035,,,,,,,,,,,,,,,,IncFIA_1__AP001918,IncFIB(AP001918)_1__AP001918,,,,,,,,,,,,,,,,,,,,,IncFII_1__AY458016,,,,,,,,,,,,,,,,,,,,,D2207137035,,,,,,,,,,,,,,,,,,,,,,,,,,,,,,,,,,,,,,,,,,,,,,,,,,,,,,,,,,,,,,,,,,,,,,,,,,,,,,,,,,,,,,,,,,,,,,,,ecpA,ecpB,ecpC,ecpD,ecpE,ecpR,,,,,,,,,,,,,,,,,,,,,,,,,,,,,,,,,,fusA,,,,,,,,,,,,,,,,,,,,,,,,,,,iucB,iucC,,iutA,,,,,,,,,,,,,,,,,,,,,,,,,,,,,,,,,,,,,,,,,,,,,,,,,,,,,,,,,,,,,,,,,,,,,,,,,,,,,,,,,lpp,,,,,,,,,,,,,,,,,,,,,,,,,,,,,,,,,,,,,,,,,,,,,,,,p_pBK30683A,,,,,,,,,,,,,,,,,,,,,,,,,,,,,,,,,,,rpoA,rpoB,rpoC,rpoD,,,,,,,,,,,,,,,,,,,,tufB,,,,,,,,,,,,,,,,,,,,,,,
D2207137040,40,Escherichia coli / Shigella,40,0,79,54,1,0,1,1,0,1,1,1,1,1,0,1,1,1,1,1,1,1,329,23.45,7.04,49.77,98.95,96.78,90.99,114,393722,5258227,161280,84056,,ecoli_achtman_4,448,adk(6),fumC(6),gyrB(5),icd(16),mdh(11),purA(8),recA(7),Escherichia coli / Shigella,strong,5258227,no,-,,0,2,10,20,-,0,-,0,-,0,-,0,-,0,-,-,KL54,?-*,,0.7824,"KL54_02_cpsACP,KL54_03_wzi,KL54_04_wza,KL54_05_wzb,KL54_06_wzc,KL54_07_wclU,KL54_08_wzx,KL54_09_wzy,KL54_10_wckB,KL54_11_wcoS,KL54_13_wcaG,KL54_14_wcaH,KL54_15_wcaI,KL54_16_wcaJ",O5,O5,*,High,0.9144,,aac(3)-IV^;aac(6')-Ib-cr.v2;aadA16*;aph(4)-Ia;aph3-Ia.v1^;strA.v1^;strB.v1,-,-,-,-,erm(42)*;mphA,catB3.v2;floR.v1,arr-3,sul1*,tet(A).v2;tetM.v1*,-,dfrA27,AmpC1*;OXA-1,-,CTX-M-55,-,NDM-5,-,-,-,-,-,mphB.v2*?-0%,TEM-150?-0%;sul2?-0%,,-,-,-,-,-,-,-,-,-,-,-,-,-,-,-,-,-,-,-,-,-,-,-,-,-,-,-,-,-,-,-,-,-,-,-,-,-,-,-,-,-,-,-,-,-,-,D2207137040,ARR-3_4_FM207631,,,,,aac(3)-IVa_1_X01385,,aac(6')-Ib-cr_1_DQ303918,,aadA16-NG_047339.1,,,,,,,,,,aph(3'')-Ib_5_AF321551,,,,aph(3')-Ia_1_V00359,,,aph(4)-Ia_1_V01499,,aph(6)-Id_1_M28829,,,,,,,,,,,,,,,,,,,,,,,,,,,blaCTX-M-55_1_DQ810789,,,,,blaEC-14-NG_049080.1,,,,,,,,,,,,,,,,,,,,blaNDM-5_1_JN104597,,,,,,,,,,,,,,blaOXA-1_1_HQ170510,,,,,,,,,,,,,,,,,,,,,,,,,,,,,,,,,,,,ble-MBL-NG_047559.1,,,,catB3_2_U13880,,,,,,,,,,,,dfrA27_1_FJ459817,erm(42)_2_AB601890,,,,,,floR-NG_047878.1,,,,,,,,,,,,,,,mdf(A)_1_Y08743,,,mph(A)_2_U36578,,,,,,,,,,,,,,,,,,,,,,,,,,,,,,,,,,,,,,,,,,sul1_5_EU780013,,,,,tet(A)_6_AF534183,,,,,,,,,tet(M)-NG_048250.1,D2207137040,,,,,,,,,,,,,,,,,IncFIB(AP001918)_1__AP001918,,,,,,,,,,,,,,,,,,,,,,,IncHI2A_1__BX664015,IncHI2_1__BX664015,,,,,,,,,,,,,,p0111_1__AP010962,,,,D2207137040,,,,,,,,,,,,,,,,,,,,,,,,,,,,,,RamA,,,,,,,,,,,,,,,,,,,,,,,,,,,,,,,,,,,,,,,,,,,,,,,,,,,,,,,,,,,,,,,,,,ecpA,ecpB,ecpC,ecpD,ecpE,ecpR,,,,,,,,,,,,,,,,,,,,,,,,,,,,,,,,,,fusA,,,,,,,,,,,,,,,,,,,,,,,,,,,,,,,,,,,,,,,,,,,,,,,,,,,,,,,,,,,,,,,,,,,,,,,,,,,,,,,,,,,,,,,,,,,,,,,,,,,,,,,,,,,,,,,lpp,,,,,,,,,,,,,,,,,,,,,,,,,,,,,,,,,,,,,,,,,,,,,,,,,,,,,,,,,,,,,,,,,,,,,,,,,,,,,,,,,,,rpoA,rpoB,rpoC,rpoD,,,,,,,,,,,,,,,,,,,,tufB,,,,,,,,,,,,,,,,,,,,,,,
D2207137044,44,Escherichia coli / Shigella,44,1,59,63,0,0,1,1,1,0,0,1,1,0,1,1,0,0,1,1,0,1,333,18.51,5.56,50.91,98.62,95.87,89.16,83,403704,4991021,176174,99828,,ecoli_achtman_4,156,adk(6),fumC(29),gyrB(32),icd(16),mdh(11),purA(8),recA(44),Escherichia coli / Shigella,strong,4991021,no,-,,0,2,8,11,-,0,-,0,-,0,-,0,-,0,-,-,KL156-D1,?-*,,0.8841,"KL156-D1_06_wzx,KL156-D1_07,KL156-D1_08_wfgD,KL156-D1_09_wzy,KL156-D1_10,KL156-D1_11_arnC,KL156-D1_12,KL156-D1_13,KL156-D1_14,KL156-D1_15",O4,O4,none,Good,0.9949,,aac(3)-IV^;aph(4)-Ia;aph3-Ia.v1^,-,-,-,-,-,floR.v1*,-,sul2,tet(B).v2*;tetR,-,dfrA12,AmpC1*,-,CTX-M-65,-,NDM-5,-,-,-,-,-,mphB.v2*?-0%,aadA8b?-75%,,-,-,-,-,-,-,-,-,-,-,-,-,-,-,-,-,-,-,-,-,-,-,-,-,-,-,-,-,-,-,-,-,-,-,-,-,-,-,-,-,-,-,-,-,-,-,D2207137044,,,,,,aac(3)-IVa_1_X01385,,,,,,,,,,,,,,,,,,aph(3')-Ia_1_V00359,,,aph(4)-Ia_1_V01499,,,,,,,,,,,,,,,,,,,,,,,,,,,,,,blaCTX-M-65_1_EF418608,,,,,,blaEC-18-NG_049083.1,,,,,,,,,,,,,,,,,,blaNDM-5_1_JN104597,,,,,,,,,,,,,,,,,,,,,,,,,,,,,,,,,,,,,,,,,,,,,,,,,,ble-MBL-NG_047559.1,,,,,,,,,dfrA12_8_AM040708,,,,,,,,,,,,,floR-NG_047877.1,,,,,,,,,,,,,,,,mdf(A)_1_Y08743,,,,,,,,,,,,,,,,,,,,,,,,,,,,,,,,,,,,,,,,,,,,,,sul2_2_AY034138,,,,,,,tet(B)_2_AF326777,,,,,,,D2207137044,,,,,,,,,,,,,,,,,IncFIB(AP001918)_1__AP001918,,,,,,,,,,,,,,,,,IncFII(pHN7A8)_1__JN232517,,,,,,,,,,,,,,,,,IncX3_1__JN247852,,,IncY_1__K02380,,,,,D2207137044,,,,,,,,,,,,,,,,,,,,,,,,,,,,,,,,,,,,,,,,,,,,,,,,,,,,,,,,,,,,,,,,,,,,,,,,,,,,,,,,,,,,,,,,,,,,,,,,ecpA,ecpB,ecpC,ecpD,ecpE,ecpR,,,,,,,,,,,,,,,,,,,,,,,,,,,,,,,,,,fusA,,,,,,,,,,,,,,,,,,,,,,,,,,,,,,,,,,,,,,,,,,,,,,,,,,,,,,,,,,,,,,,,,,,,,,,,,,,,,,,,,,,,,,,,,,,,,,,,,,,,,,,,,,,,,,,lpp,,,,,,,,,,,,,,,,,,,,,,,,,,,,,,,,,,,,,,,,,,,,,,,,,,,,,,,,,,,,,,,,,,,,,,,,,,,,,,,,,,,rpoA,rpoB,rpoC,rpoD,,,,,,,,,,,,,,,,,,,,tufB,,,,,,,,,,,,,,,,,,,,,,,
D2207137048,48,Escherichia coli / Shigella,48,0,75,60,1,0,1,1,0,1,0,1,1,1,0,1,0,1,1,1,0,1,401,20.73,6.22,50.7,98.89,96.62,90.57,111,419627,5357029,149645,69244,,ecoli_achtman_4,533,adk(6),fumC(4),gyrB(5),icd(18),mdh(11),purA(8),recA(14),Escherichia coli / Shigella,strong,5357029,no,-,,4,2,7,11,ybt unknown,0,-,0,iuc 5,94,iro 5,35-1LV,-,0,-,-,KL25,-*,High,0.9632,KL25_09_wfeD,O3/O3a,O3/O3a,none,Very high,0.9671,,aac(3)-IV;aadA2;aph(3')-Ia*;aph(4)-Ia,-,-,qnrS1,-,lnuF.v1*,cmlA1*,-,sul2^;sul3,-,-,-,AmpC1*,-,-,-,NDM-5,-,-,-,-,-,mphB.v2*?-0%;strB.v1?-0%,TEM-104?-60%;TEM-105?-0%;aadA24?-0%;floR.v1*?-0%;strA.v1?-0%;tet(A).v1?-0%,,-,-,-,-,-,-,-,60,79*,96,92*,27*,142*,161*,54,1,66,95,-,-,-,-,-,-,-,-,-,-,-,-,-,-,-,45,12,33,35,22,23,50*,18,20,-,-,-,-,D2207137048,,,,,,aac(3)-IVa_1_X01385,,,,,,aadA2_1_NC_010870,,,,,,,,,,aph(3')-Ia-NG_056047.1,,,,,aph(4)-Ia_1_V01499,,aph(6)-Id_1_M28829,,,,,,,,,,,,,,,,,,,,,,,,,,,,,,,,,,blaEC-18-NG_049083.1,,,,,,,,,,,,,,,,,,blaNDM-5_1_JN104597,,,,,,,,,,,,,,,,,,,,,,,,,,,,,,,,,,,,,,,,,,,,,,,,,,ble-MBL-NG_047559.1,,,,,,cmlA1_1_M64556,,,,,,,,,,,,,,,,,,,,,,,,,,,lnu(F)_1_EU118119,,,,,mdf(A)_1_Y08743,,,,,,,,,,,,,,,,,,,,,,,,,,,,,,,,,,,,,,,,qnrS1_1_AB187515,,,,,,sul2_2_AY034138,,sul3_2_AJ459418,,,,,,,,,,,,D2207137048,,,,,,Col156_1__NC_009781,,,,,,,,,,,IncFIB(AP001918)_1__AP001918,,,,,,,,,,IncFIC(FII)_1__AP001918,,,,,,,,,,,,,IncHI2A_1__BX664015,IncHI2_1__BX664015,,IncI1-I(Alpha)_1__AP005147,,,,,,,,,,,,,,,,D2207137048,,,,,,,,,,,,,,,,,,,,,,,,,,,,,,,,,,,,,,,,,,,,,,,,,,,,,,,,,,,,,,,,,,,,,,,,,,,,,,,,,,,,,,,,,,,,,,,,ecpA,ecpB,ecpC,ecpD,ecpE,ecpR,,,,,,,,,,,,,,,,,,,,,,,,,,,,,,,,,,fusA,fyuA,,,,,,,,,,,,,,,,,,,,,iroN,irp1,irp2,,,iucB,iucC,,iutA,,,,,,,,,,,,,,,,,,,,,,,,,,,,,,,,,,,,,,,,,,,,,,,,,,,,,,,,,,,,,,,,,,,,,,,,,,,,,,,,,lpp,,,,,,,,,,,,,,,,,,,,,,,,,,,,,,,,,,,,,,,,,,,,,,,,,,,,,,,,,,,,,,,,,,,,,,,,,,,,,,,,,,,rpoA,rpoB,rpoC,rpoD,,,,,,,,,,,,,,,,,,,,tufB,,ugd,,,,,,,,,ybtA,ybtE,ybtP,ybtQ,ybtS,ybtT,ybtU,ybtX,,,,,
D2207137055,55,Escherichia coli / Shigella,55,0,70,58,0,1,1,1,0,1,1,1,1,1,0,1,1,1,1,1,1,1,408,24.71,7.42,51.09,99.02,96.97,91.16,104,422122,4870149,110833,64139,,ecoli_achtman_4,10,adk(10),fumC(11),gyrB(4),icd(8),mdh(8),purA(8),recA(2),Escherichia coli / Shigella,strong,4870149,no,-,,0,2,10,14,-,0,-,0,-,0,-,0,-,0,-,-,KL127,?-*,Good,0.9461,KL127_13,O3/O3a,O3/O3a,-,Good,0.9708,"O3/O3a_01_manC,O3/O3a_02_manB",aac(3)-IId^;strA.v1^;strB.v1,-,fosA3,-,-,mphA;mphB.v2*,floR.v1*,-,sul2,tet(A).v2*,-,dfrA14.v2*,AmpC1;TEM-1D.v1^,-,CTX-M-14,-,NDM-5,-,-,-,-,-,aac(6')-Ib7*-28%;cmlA5*-21%,-,,-,-,-,-,-,-,-,-,-,-,-,-,-,-,-,-,-,-,-,-,-,-,-,-,-,-,-,-,-,-,-,-,-,-,-,-,-,-,-,-,-,-,-,-,-,-,D2207137055,,,,aac(3)-IId-NG_047251.1,,,,,,,,,,,,,,,,aph(3'')-Ib_5_AF321551,,,,,,,,,aph(6)-Id_1_M28829,,,,,,,,,,,,,,,,,,,,,blaCTX-M-14_1_AF252622,,,,,,,,,,,,,,,,blaEC-NG_047494.1,,,,,,,,,,,,,,,blaNDM-5_1_JN104597,,,,,,,,,,,,,,,,,,,,,,,,,,,,,,,,,,,,,,,,,,,,,blaTEM-1B_1_AY458016,,,,,ble-MBL-NG_047559.1,,,,,,,cmlA1_2_AB212941,,,dfrA14_5_DQ388123,,,,,,,,,,,floR-NG_047876.1,,,fosA3_1_AB522970,,,,,,,,,,,,,,mdf(A)_1_Y08743,,,mph(A)_2_U36578,,,,,,,,,,,,,,,,,,,,,,,,,,,,,,,,,,,,,,,,,,,sul2_2_AY034138,,,,tet(A)_6_AF534183,,,,,,,,,,D2207137055,,,,,,,,,,,,,,,,,,,,,,,IncFIB(pHCM2)_1__AL513384,,,,,,,,,,,,,,,,,,,,,,,,,,,,IncX3_1__JN247852,,,IncY_1__K02380,,,,,D2207137055,,,,,,,,,,,,,,,,,,,,,,,,,,,,,,,,,,,,,,,,,,,,,,,,,,,,,,,,,,,,,,,,,,,,,,,,,,,,,,,,,,,,,,,,,,,,,,,,ecpA,ecpB,ecpC,ecpD,ecpE,ecpR,,,,,,,,,,,,,,,,,,,,,,,,,,,,,,,,,,fusA,,,,,,,,,,,,,,,,,,,,,,,,,,,,,,,,,,,,,,,,,,,,,,,,,,,,,,,,,,,,,,,,,,,,,,,,,,,,,,,,,,,,,,,,,,,,,,,,,,,,,,,,,,,,,,,lpp,,,,,,,,,,,,,,,,,,,,,,,,,,,,,,,,,,,,,,,,,,,,,,,,,,,,,,,,,,,,,,,,,,,,,,,,,,,,,,,,,,,rpoA,rpoB,rpoC,rpoD,,,,,,,,,,,,,,,,,,,,,,ugd,,,,,,,,,,,,,,,,,,,,,
D2207137060,60,Escherichia coli / Shigella,60,1,75,63,0,0,0,1,1,1,0,1,1,1,1,1,0,1,1,1,0,1,413,19.42,5.82,50.59,98.81,96.41,90.43,91,396633,4992378,171386,102537,,ecoli_achtman_4,410,adk(6),fumC(4),gyrB(12),icd(1),mdh(20),purA(18),recA(7),Escherichia coli / Shigella,strong,4992378,no,-,,1,2,11,26,ybt unknown,0,-,0,-,0,-,0,-,0,-,-,KL113,?-*,,0.7235,"KL113_02_cpsACP,KL113_03_wzi,KL113_04_wza,KL113_05_wzb,KL113_06_wzc,KL113_07_wzx,KL113_08,KL113_09,KL113_10,KL113_11_wcoS,KL113_13_wcaG,KL113_14,KL113_15_wcaI,KL113_16_wcaJ,KL113_18_manC,KL113_19_manB",O4,O4,none,Good,0.995,,aac(3)-IId^;aadA*;aadA2^;aadA5;aph(3')-Ia*;strA.v1^;strB.v1,-,-,qnrS1,-,mphA?,cmlA5;floR.v1*,arr-2^,sul1;sul2*,tet(A).v1*;tet(B).v2*;tetR,-,dfrA12;dfrA14.v2*;dfrA17,AmpC1*;CMY-2.v2;OXA-10;TEM-1D.v1^,-,CTX-M-55,-,NDM-5,-,-,-,-,-,mphB.v2*?-0%,-,,-,-,-,-,-,-,-,36*,40*,42*,48*,27,142*,74*,34*,46,64*,68,-,-,-,-,-,-,-,-,-,-,-,-,-,-,-,-,-,-,-,-,-,-,-,-,-,-,-,-,D2207137060,ARR-3_4_FM207631,,,aac(3)-IId-NG_047251.1,,,,,,,,aadA2_1_NC_010870,aadA5_1_AF137361,,,,ant(3'')-Ia_1_X02340,,,aph(3'')-Ib_5_AF321551,,aph(3')-Ia-NG_056047.1,,,,,,,aph(6)-Id_1_M28829,,,,,,,,,,,,,,,,,,,blaCMY-150_2_NG_060513,,,,,,,,blaCTX-M-55_1_DQ810789,,,,,,blaEC-15-NG_049081.1,,,,,,,,,,,,,,,,,,,blaNDM-5_1_JN104597,,,,,,,,,,,blaOXA-10_1_J03427,,,,,,,,,,,,,,,,,,,,,,,,,,,,,,,,,,blaTEM-1B_1_AY458016,,,,,ble-MBL-NG_047559.1,,,,,,,,cmlA5-NG_051436.1,dfrA12_8_AM040708,dfrA14_5_DQ388123,,dfrA17_1_FJ460238,,,,,,,,,,,floR-NG_047878.1,,,,,,,,,,,,,,,mdf(A)_1_Y08743,,,mph(A)_2_U36578,,,,,,,,,,,,,,,,,,,,,,,,,,,,,,,,,,,,,qnrS1_1_AB187515,,,,,sul1_5_EU780013,,sul2_3_HQ840942,,,tet(A)_6_AF534183,,,tet(B)_2_AF326777,,,,,,,D2207137060,Col(BS512)_1__NC_010656,,,,,,,,,,,,,,,IncFIA_1__AP001918,IncFIB(AP001918)_1__AP001918,,,,,,,,,,,,,,IncFII(pAMA1167-NDM-5)_1__CP024805,,,,,,,,,,,,,,,,,,,IncX1_1__EU370913,,,,,,,,,D2207137060,,,,,,,,,,,,,,,,,,,,,,,,,,,,,,,,,,,,,,,,,,,,,,,,,,,,,,,,,,,,,,,,,,,,,,,,,,,,,,,,,,,,,,,,,,,,,,,,ecpA,ecpB,ecpC,ecpD,ecpE,ecpR,,,,,,,,,,,,,,,,,,,,,,,,,,,,,,,,,,fusA,fyuA,,,,,,,,,,,,,,,,,,,,,,irp1,irp2,,,,,,,,,,,,,,,,,,,,,,,,,,,,,,,,,,,,,,,,,,,,,,,,,,,,,,,,,,,,,,,,,,,,,,,,,,,,,,,,,,,,,,,lpp,,,,,,,,,,,,,,,,,,,,,,,,,,,,,,,,,,,,,,,,,,,,,,,,p_pBK30683A,,,,,,,,,,,,,,,,,,,,,,,,,,,,,,,,,,,rpoA,rpoB,rpoC,rpoD,,,,,,,,,,,,,,,,,,,,tufB,,,,,,,,,,,ybtA,ybtE,ybtP,ybtQ,ybtS,ybtT,ybtU,ybtX,,,,,
D2207137061,61,Escherichia coli / Shigella,61,0,79,59,1,1,1,1,1,1,0,1,1,0,1,1,0,1,1,1,0,1,414,16.33,4.9,50.53,98.73,96.19,89.88,120,523132,5371088,154299,77435,,ecoli_achtman_4,410,adk(6),fumC(4),gyrB(12),icd(1),mdh(20),purA(18),recA(7),Escherichia coli / Shigella,strong,5371088,no,-,,4,2,11,18,ybt unknown,0,-,0,iuc 5,59,iro 5,34-2LV,-,0,-,-,KL113,?-+*,,0.7195,"KL113_02_cpsACP,KL113_03_wzi,KL113_04_wza,KL113_05_wzb,KL113_06_wzc,KL113_07_wzx,KL113_08,KL113_09,KL113_10,KL113_11_wcoS,KL113_13_wcaG,KL113_14,KL113_15_wcaI,KL113_16_wcaJ,KL113_18_manC,KL113_19_manB",O4,O4,none,Good,0.9949,,aac(3)-IId^;aadA22^;aph(3')-Ia*;strB.v1,-,-,qnrS1,-,lnuF.v1;mphA,floR.v2*,arr-2,sul2;sul3,tet(A).v1,-,dfrA14.v2*,AmpC1*;LAP-2;TEM-1D.v1^,-,CTX-M-55,-,OXA-181,-,-,-,-,-,mphB.v2*?-0%,aph(3'')-Ib?-0%,,-,-,-,-,-,-,-,45,69,66*,51,27,119*,155*,54*,1*,66,95,-,-,-,-,-,-,-,-,-,-,-,-,-,-,-,45,22,33,35,48,23,40,18,19,-,-,-,-,D2207137061,ARR-3_4_FM207631,,,aac(3)-IId-NG_047251.1,,,,,,,,,,,,,ant(3'')-Ia_1_X02340,,,,,aph(3')-Ia-NG_056047.1,,,,,,,aph(6)-Id_1_M28829,,,,,,,,,,,,,,,,,,,,,,,,,,,blaCTX-M-55_1_DQ810789,,,,,,blaEC-15-NG_049081.1,,,,,,,,,,blaLAP-2_1_EU159120,,,,,,,,,,,,,,,,,,,,,,blaOXA-181_1_CM004561,,,,,,,,,,,,,,,,,,,,,,,,,,,,,,,,blaTEM-1B_1_AY458016,,,,,,,,,,,,,,,dfrA14_5_DQ388123,,,,,,,,,floR-NG_047862.1,,,,,,,,,,,,,,lnu(F)_1_EU118119,,,,,mdf(A)_1_Y08743,,,mph(A)_2_U36578,,,,,,,,,,,,,,,,,,,,,,,,,,,,,,,,,,,,,qnrS1_1_AB187515,,,,,,sul2_2_AY034138,,sul3_2_AJ459418,,tet(A)_6_AF534183,,,,,,,,,,D2207137061,,,,Col(MG828)_1__NC_008486,,,,,Col440I_1__CP023920,ColKP3_1__JN205800,,,,,,,IncFIB(AP001918)_1__AP001918,,,,,,,,,,IncFIC(FII)_1__AP001918,,,,,,,,,,,,,IncHI2A_1__BX664015,IncHI2_1__BX664015,,IncI1-I(Alpha)_1__AP005147,,,,,,,,IncX3_1__JN247852,IncX4_1__CP002895,,IncY_1__K02380,,,,,D2207137061,,,,,,,,,,,,,,,,,,,,,,,,,,,,,,RamA,,,,,,,,,,,,,,,,,,,,,,,,,,,,,,,,,,,,,,,,,,,,,,,,,,,,,,,,,,,,,,,,,,ecpA,ecpB,ecpC,ecpD,ecpE,ecpR,,,,,,,,,,,,,,,,,,,,,,,,,,,,,,,,,,fusA,fyuA,,,,,,,,,,,,,,,,,,,,,iroN,irp1,irp2,,,iucB,iucC,,iutA,,,,,,,,,,,,,,,,,,,,,,,,,,,,,,,,,,,,,,,,,,,,,,,,,,,,,,,,,,,,,,,,,,,,,,,,,,,,,,,,,lpp,,,,,,,,,,,,,,,,,,,,,,,,mrkB,,,mrkC__LM21,mrkD,,mrkF,,,,,,,,,,,,,,,,,,,,,,,,,,,,,,,,,,,,,,,,,,,,,,,,,,,,,rpoA,rpoB,rpoC,rpoD,,,,,,,,,,,,,,,,,,,,,,,,,,,,,,,ybtA,ybtE,ybtP,ybtQ,ybtS,ybtT,ybtU,ybtX,,,,,
D2207137064,64,Escherichia coli / Shigella,64,1,70,51,0,1,1,1,0,0,0,1,1,0,0,1,0,1,1,1,0,1,417,19.05,5.72,51.2,98.91,96.69,90.56,94,430434,5197426,182700,114359,,ecoli_achtman_4,131,adk(53),fumC(40),gyrB(47),icd(13),mdh(36),purA(28),recA(29),Escherichia coli / Shigella,strong,5197426,no,-,,4,2,10,16,ybt unknown,0,-,0,iuc unknown,0,-,0,-,0,-,-,KL156-D1,?-*,,0.9124,"KL156-D1_06_wzx,KL156-D1_07,KL156-D1_08_wfgD,KL156-D1_09_wzy,KL156-D1_10,KL156-D1_11_arnC,KL156-D1_12,KL156-D1_13,KL156-D1_14,KL156-D1_15",OL102,OL102,?-,,0.7325,"OL102_01_rfbB,OL102_02_rfbA,OL102_03_rfbD,OL102_04_rfbC,OL102_05_wbbL,OL102_06_rhamnan,OL102_07_wzm,OL102_08_wzt",aac(3)-IId^;aac(6')-Ib-cr.v2^;aadA5;strA.v1^;strB.v1*,-,-,-,-,mphA,catB3.v2,arr-3,sul1;sul2,tet(A).v1,-,dfrA17,OXA-1;TEM-1D.v1^,-,CTX-M-55,-,NDM-1,-,-,-,-,-,-,-,,-,-,-,-,-,-,-,27,26,41,43,26,62*-42%,56,24,27,35,82,-,-,-,-,-,-,-,-,-,-,-,-,-,-,-,29*,12*,28*,35,61*,-,-,-,-,-,-,-,-,D2207137064,ARR-3_4_FM207631,,,aac(3)-IId-NG_047251.1,,,,aac(6')-Ib-cr_1_DQ303918,,,,,aadA5_1_AF137361,,,,,,,aph(3'')-Ib_5_AF321551,,,,,,,,aph(6)-Id-NG_047466.1,,,,,,,,,,,,,,,,,,,,,,,,,,,,blaCTX-M-55_1_DQ810789,,,,,,,,,blaEC-5-NG_049085.1,,,,,,,,,,,,,,,blaNDM-1_1_FN396876,,,,,,,,,,,,,,,blaOXA-1_1_HQ170510,,,,,,,,,,,,,,,,,,,,,,,,,,,,,,,blaTEM-1B_1_AY458016,,,,,ble-MBL-NG_047559.1,,,,catB3_2_U13880,,,,,,,,dfrA17_1_FJ460238,,,,,,,,,,,,,,,,,,,,,,,,,,mdf(A)_1_Y08743,,,mph(A)_2_U36578,,,,,,,,,,,,,,,,,,,,,,,,,,,,,,,,,,,,,,,,,,sul1_5_EU780013,sul2_2_AY034138,,,,tet(A)_6_AF534183,,,,,,,,,,D2207137064,,,,,,Col156_1__NC_009781,,,,,,,,,,IncFIA_1__AP001918,IncFIB(AP001918)_1__AP001918,,,,,,,,,,,,,,,,,,,,,,,,,,IncI1-I(Alpha)_1__AP005147,,,,,IncR_1__DQ449578,,,,,,,,,,,D2207137064,,,,,,,,,,,,,,,,,,,,,,,,,,,,,,,,,,,,,,,,,,,,,,,,,,,,,,,,,,,,,,,,,,,,,,,,,,,,,,,,,,,,,,,,,,,,,,,,ecpA,ecpB,ecpC,ecpD,ecpE,ecpR,,,,,,,,,,,,,,,,,,,,,,,,,,,,,,,,,,fusA,fyuA,,,,,,,,,,,,,,,,,,,,,,irp1,irp2,,,iucB,iucC,,iutA,,,,,,,,,,,,,,,,,,,,,,,,,,,,,,,,,,,,,,,,,,,,,,,,,,,,,,,,,,,,,,,,,,,,,,,,,,,,,,,,,lpp,,,,,,,,,,,,,,,,,,,,,,,,,,,,,,,,,,,,,,,,,,,,,,,,p_pBK30683A,,,,,,,,,,,,,,,,,,,,,,,,,,,,,,,,,,,rpoA,rpoB,rpoC,rpoD,,,,,,,,,,,,,,,,,,,,,,,,,,,,,,,ybtA,ybtE,ybtP,ybtQ,ybtS,ybtT,ybtU,ybtX,,,,,
D2207137065,65,Escherichia coli / Shigella,65,0,65,50,0,1,1,1,1,1,0,1,1,1,0,0,1,1,1,0,0,1,418,17.63,5.28,50.95,98.82,96.52,90.31,128,348186,5093418,134104,80347,,ecoli_achtman_4,410,adk(6),fumC(4),gyrB(12),icd(1),mdh(20),purA(18),recA(7),Escherichia coli / Shigella,strong,5093418,no,-,,1,2,10,27,ybt unknown,0,-,0,-,0,-,0,-,0,-,-,KL113,?-*,,0.7191,"KL113_02_cpsACP,KL113_03_wzi,KL113_04_wza,KL113_05_wzb,KL113_06_wzc,KL113_07_wzx,KL113_08,KL113_09,KL113_10,KL113_11_wcoS,KL113_13_wcaG,KL113_14,KL113_15_wcaI,KL113_16_wcaJ,KL113_18_manC,KL113_19_manB",O4,O4,none,Good,0.995,,aac(3)-IId^;aac(6')-Ib-cr.v2;aadA2^;aadA5;aph(3')-Ia*;strB.v1,-,-,qnrS1,-,lnuF.v1;mphA?,CatB4.v1?;floR.v2*,arr-2,sul1;sul2*;sul3,tet(A).v1;tet(B).v2*;tetR,-,dfrA12;dfrA14.v2*;dfrA17,AmpC1*;CMY-2.v2;LAP-2;OXA-1;TEM-1D.v1^,-,-,-,NDM-5,-,-,-,-,-,CTX-M-55?-85%;aadA23*?-0%;mphB.v2*?-0%,aph(3'')-Ib?-0%;strA.v1*?-66%,,-,-,-,-,-,-,-,36*,40*,42*,48*,27,142*,74*,34*,46,64,68,-,-,-,-,-,-,-,-,-,-,-,-,-,-,-,-,-,-,-,-,-,-,-,-,-,-,-,-,D2207137065,ARR-3_4_FM207631,,,aac(3)-IId-NG_047251.1,,,,aac(6')-Ib-cr_1_DQ303918,,,aadA22_1_AM261837,aadA2_1_NC_010870,aadA5_1_AF137361,,,,,,,,,aph(3')-Ia-NG_056047.1,,,,,,,aph(6)-Id_1_M28829,,,,,,,,,,,,,,,,,,,blaCMY-150_2_NG_060513,,,,,,,,,,blaCTX-M-69_1_EU402393,,,,blaEC-15-NG_049081.1,,,,,,,,,,blaLAP-2_1_EU159120,,,,,,,,,blaNDM-5_1_JN104597,,,,,,,,,,,,,,blaOXA-1_1_HQ170510,,,,,,,,,,,,,,,,,,,,,,,,,,,,,,,blaTEM-1B_1_AY458016,,,,,ble-MBL-NG_047559.1,,,,,,,,,dfrA12_8_AM040708,dfrA14_5_DQ388123,,dfrA17_1_FJ460238,,,,,,,floR-NG_047862.1,,,,,,,,,,,,,,lnu(F)_1_EU118119,,,,,mdf(A)_1_Y08743,,mph(A)_1_D16251,,,,,,,,,,,,,,,,,,,,,,,,,,,,,,,,,,,,,,qnrS1_1_AB187515,,,,,sul1_5_EU780013,,sul2_3_HQ840942,sul3_2_AJ459418,,tet(A)_6_AF534183,,,tet(B)_2_AF326777,,,,,,,D2207137065,Col(BS512)_1__NC_010656,,,,,,,,,,,,,,,IncFIA_1__AP001918,IncFIB(AP001918)_1__AP001918,,,,,,,,,,,,,,IncFII(pAMA1167-NDM-5)_1__CP024805,,,,,,,,,IncHI2A_1__BX664015,IncHI2_1__BX664015,,,,,,,,,,,,,,,,,,D2207137065,,,,,,,,,,,,,,,,,,,,,,,,,,,,,,RamA,,,,,,,,,,,,,,,,,,,,,,,,,,,,,,,,,,,,,,,,,,,,,,,,,,,,,,,,,,,,,,,,,,ecpA,ecpB,ecpC,ecpD,ecpE,ecpR,,,,,,,,,,,,,,,,,,,,,,,,,,,,,,,,,,fusA,fyuA,,,,,,,,,,,,,,,,,,,,,,irp1,irp2,,,,,,,,,,,,,,,,,,,,,,,,,,,,,,,,,,,,,,,,,,,,,,,,,,,,,,,,,,,,,,,,,,,,,,,,,,,,,,,,,,,,,,,lpp,,,,,,,,,,,,,,,,,,,,,,,,,,,,,,,,,,,,,,,,,,,,,,,,p_pBK30683A,,,,,,,,,,,,,,,,,,,,,,,,,,,,,,,,,,,rpoA,rpoB,rpoC,rpoD,,,,,,,,,,,,,,,,,,,,,,,,,,,,,,,ybtA,ybtE,ybtP,ybtQ,ybtS,ybtT,ybtU,ybtX,,,,,
D2207137067,67,Escherichia coli / Shigella,67,0,73,51,1,1,0,1,1,1,0,1,1,1,0,1,0,1,1,1,0,1,420,18.18,5.46,50.81,98.95,96.82,90.72,92,284922,4934442,125654,67853,,ecoli_achtman_4,-,adk(1386?),fumC(4),gyrB(12),icd(1),mdh(20),purA(18),recA(7),Escherichia coli / Shigella,strong,4934442,no,-,,0,2,7,8,-,0,-,0,-,0,iro 5,34-2LV,-,0,-,-,KL113,?-*,,0.7922,"KL113_02_cpsACP,KL113_03_wzi,KL113_04_wza,KL113_05_wzb,KL113_06_wzc,KL113_07_wzx,KL113_08,KL113_09,KL113_10,KL113_11_wcoS,KL113_13_wcaG,KL113_14,KL113_15_wcaI,KL113_16_wcaJ",O5,O5,*,High,0.914,,-,-,fosA3,-,-,mphA,-,-,-,tet(A).v1*,-,dfrA14.v2*,AmpC1*;CMY-2.v2,-,CTX-M-55,-,NDM-5,-,-,-,-,-,TEM-141*?-0%;mphB.v2*?-0%,-,,-,-,-,-,-,-,-,-,-,-,-,-,-,-,-,-,-,-,-,-,-,-,-,-,-,-,-,-,-,-,-,-,-,-,-,-,-,-,23,40,18,19,-,-,-,-,D2207137067,,,,,,,,,,,,,,,,,,,,,,,,,,,,,,,,,,,,,,,,,,,,,,,,blaCMY-150_2_NG_060513,,,,,,,,blaCTX-M-55_1_DQ810789,,,,,,blaEC-15-NG_049081.1,,,,,,,,,,,,,,,,,,,blaNDM-5_1_JN104597,,,,,,,,,,,,,,,,,,,,,,,,,,,,,,,,,,,,,,,,,,blaTEM-141_1_AY956335,,,,,,,,ble-MBL-NG_047559.1,bleO-NG_047557.1,,,,,,,,,dfrA14_5_DQ388123,,,,,,,,,,,,,,fosA3_1_AB522970,,,,,,,,,,,,,,mdf(A)_1_Y08743,,,mph(A)_2_U36578,,,,,,,,,,,oqxA_1_EU370913,,,,,,,,,,,,,,,oqxB_1_EU370913,,,,,,,,,,,,,,,,,,,,,tet(A)_6_AF534183,,,,,,,,,,D2207137067,Col(BS512)_1__NC_010656,,,,,,,,,,,IncB/O/K/Z_1__CU928147,,,,,IncFIB(AP001918)_1__AP001918,,,,,,,,,,,,,,,,,,,,,,,,,,,,,,,,,,IncX3_1__JN247852,,,,,,,,D2207137067,,,,,,,,,,,,,,,,,,,,,,,,,,,,,,,,,,,,,,,,,,,,,,,,,,,,,,,,,,,,,,,,,,,,,,,,,,,,,,,,,,,,,,,,,,,,,,,,ecpA,ecpB,ecpC,ecpD,ecpE,ecpR,,,,,,,,,,,,,,,,,,,,,,,,,,,,,,,,,,fusA,,,,,,,,,,,,,,,,,,,,,,iroN,,,,,,,,,,,,,,,,,,,,,,,,,,,,,,,,,,,,,,,,,,,,,,,,,,,,,,,,,,,,,,,,,,,,,,,,,,,,,,,,,,,,,,,,,lpp,,,,,,,,,,,,,,,,,,,,,,,,,,,,,,,,,,,,,,,,,,,,oqxB,oxqA,,,,,,,,,,,,,,,,,,,,,,,,,,,,,,,,,,,,,,rpoA,rpoB,rpoC,rpoD,,,,,,,,,,,,,,,,,,,,,,,,,,,,,,,,,,,,,,,,,,,
D2207137069,69,Escherichia coli / Shigella,69,0,62,58,1,1,1,1,1,1,0,1,1,1,1,1,1,1,1,1,1,1,423,18.97,5.7,50.83,98.69,96.09,89.56,76,369301,4932190,173544,111942,,ecoli_achtman_4,410,adk(6),fumC(4),gyrB(12),icd(1),mdh(20),purA(18),recA(7),Escherichia coli / Shigella,strong,4932190,no,-,,0,2,7,8,-,0,-,0,-,0,iro 5,34-2LV,-,0,-,-,KL113,?-*,,0.7828,"KL113_02_cpsACP,KL113_03_wzi,KL113_04_wza,KL113_05_wzb,KL113_06_wzc,KL113_07_wzx,KL113_08,KL113_09,KL113_10,KL113_11_wcoS,KL113_13_wcaG,KL113_14,KL113_15_wcaI,KL113_16_wcaJ",O5,O5,*,High,0.914,,-,-,fosA3,-,-,mphA,-,-,-,tet(A).v1*,-,dfrA14.v2*,AmpC1*;CMY-2.v2,-,CTX-M-55,-,NDM-5,-,-,-,-,-,TEM-141*?-0%;mphB.v2*?-0%,-,,-,-,-,-,-,-,-,-,-,-,-,-,-,-,-,-,-,-,-,-,-,-,-,-,-,-,-,-,-,-,-,-,-,-,-,-,-,-,23,40,18,19,-,-,-,-,D2207137069,,,,,,,,,,,,,,,,,,,,,,,,,,,,,,,,,,,,,,,,,,,,,,,,blaCMY-150_2_NG_060513,,,,,,,,blaCTX-M-55_1_DQ810789,,,,,,blaEC-15-NG_049081.1,,,,,,,,,,,,,,,,,,,blaNDM-5_1_JN104597,,,,,,,,,,,,,,,,,,,,,,,,,,,,,,,,,,,,,,,,,,blaTEM-141_1_AY956335,,,,,,,,ble-MBL-NG_047559.1,bleO-NG_047557.1,,,,,,,,,dfrA14_5_DQ388123,,,,,,,,,,,,,,fosA3_1_AB522970,,,,,,,,,,,,,,mdf(A)_1_Y08743,,,mph(A)_2_U36578,,,,,,,,,,,oqxA_1_EU370913,,,,,,,,,,,,,,,oqxB_1_EU370913,,,,,,,,,,,,,,,,,,,,,tet(A)_6_AF534183,,,,,,,,,,D2207137069,Col(BS512)_1__NC_010656,,,,,,,,,,,IncB/O/K/Z_1__CU928147,,,,,IncFIB(AP001918)_1__AP001918,,,,,,,,,,,,,,,,,,,,,,,,,,,,,,,,,,IncX3_1__JN247852,,,,,,,,D2207137069,,,,,,,,,,,,,,,,,,,,,,,,,,,,,,,,,,,,,,,,,,,,,,,,,,,,,,,,,,,,,,,,,,,,,,,,,,,,,,,,,,,,,,,,,,,,,,,,ecpA,ecpB,ecpC,ecpD,ecpE,ecpR,,,,,,,,,,,,,,,,,,,,,,,,,,,,,,,,,,fusA,,,,,,,,,,,,,,,,,,,,,,iroN,,,,,,,,,,,,,,,,,,,,,,,,,,,,,,,,,,,,,,,,,,,,,,,,,,,,,,,,,,,,,,,,,,,,,,,,,,,,,,,,,,,,,,,,,lpp,,,,,,,,,,,,,,,,,,,,,,,,,,,,,,,,,,,,,,,,,,,,oqxB,oxqA,,,,,,,,,,,,,,,,,,,,,,,,,,,,,,,,,,,,,,rpoA,rpoB,rpoC,rpoD,,,,,,,,,,,,,,,,,,,,tufB,,,,,,,,,,,,,,,,,,,,,,,
D2207137070,70,Escherichia coli / Shigella,70,0,87,65,1,1,1,1,0,1,0,1,1,1,0,1,1,0,1,1,0,1,424,17.6,5.28,50.64,98.98,96.93,91,131,281115,5278121,93420,57074,,ecoli_achtman_4,361,adk(10),fumC(99),gyrB(5),icd(91),mdh(8),purA(7),recA(2),Escherichia coli / Shigella,strong,5278121,no,-,,0,2,10,23,-,0,-,0,-,0,-,0,-,0,-,-,KL25,-*,High,0.963,KL25_09_wfeD,O3/O3a,O3/O3a,none,Very high,0.9673,,aac(6')-Ib-cr.v2;aadA2*?;aph(3')-IIa;rmtB;strA.v1^;strB.v1,-,-,-,-,erm(42)*;ermB.v1*;mphA;mphB.v2*,catB3.v2;catII.2*;floR.v1*,arr-3,sul2,tet(A).v2*;tetM.v1*,-,dfrA12,AmpC1*;OXA-1;TEM-1D.v1^,-,CTX-M-55,-,NDM-5,-,-,-,-,-,aadA23*?-0%,sul1?-0%,,-,-,-,-,-,-,-,-,-,-,-,-,-,-,-,-,-,-,-,-,-,-,-,-,-,-,-,-,-,-,-,-,-,-,-,-,-,-,-,-,-,-,-,-,-,-,D2207137070,ARR-3_4_FM207631,,,,,,,aac(6')-Ib-cr_1_DQ303918,,,aadA22_1_AM261837,aadA2_1_NC_010870,,,,,,,,aph(3'')-Ib_5_AF321551,aph(3')-IIa_2_V00618,,,,,,,,aph(6)-Id_1_M28829,,,,,,,,,,,,,,,,,,,,,,,,,,,blaCTX-M-55_1_DQ810789,,,,,,,,,,,blaEC-NG_047496.1,,,,,,,,,,,,,,blaNDM-5_1_JN104597,,,,,,,,,,,,,,blaOXA-1_1_HQ170510,,,,,,,,,,,,,,,,,,,,,,,,,,,,,,,blaTEM-1B_1_AY458016,,,,,ble-MBL-NG_047559.1,,,catA2-NG_047596.1,catB3_2_U13880,,,,,dfrA12_8_AM040708,,,,,,,,erm(42)_2_AB601890,erm(B)_18_X66468,,,floR-NG_047876.1,,,,,,,,,,,,,,,,,mdf(A)_1_Y08743,,,mph(A)_2_U36578,,,,,,,,,,,,,,,,,,,,,,,,,,,,,,,,,,,,,,,rmtB_1_AB103506,,,,sul2_2_AY034138,,,,tet(A)_6_AF534183,,,,,,,,,tet(M)-NG_048250.1,D2207137070,,,,,,,,,Col440I_1__CP023920,,,,,,,,,,,,,,,,,,,,,,,,,,,,,IncFII_1__AY458016,,IncHI2A_1__BX664015,IncHI2_1__BX664015,,IncI1-I(Alpha)_1__AP005147,,,,,,,IncX1_1__EU370913,,,,,p0111_1__AP010962,,,,D2207137070,,,,,,,,,,,,,,,,,,,,,,,,,,,,,,RamA,,,,,Tn4401g,,,,,,,,,,,,,,,,,,,,,,,,,,,,,,,,,,,,,,,,,,,,,,,,,,,,,,,,,,,,,ecpA,ecpB,ecpC,ecpD,ecpE,ecpR,,,,,,,,,,,,,,,,,,,,,,,,,,,,,,,,,,fusA,,,,,,,,,,,,,,,,,,,,,,,,,,,,,,,,,,,,,,,,,,,,,,,,,,,,,,,,,,,,,,,,,,,,,,,,,,,,,,,,,,,,,,,,,,,,,,,,,,,,,,,,,,,,,,,lpp,,,,,,,,,,,,,,,,,,,,,,,,,,,,,,,,,,,,,,,,,,,,,,,,,,,,,,,,,,,,,,,,,,,,,,,,,,,,,,,,,,,rpoA,rpoB,rpoC,rpoD,,,,,,,,,,,,,,,,,,,,,,ugd,,,,,,,,,,,,,,,,,,,,,
D2207137074,74,Escherichia coli / Shigella,74,0,63,60,1,0,1,1,1,0,0,1,1,0,1,0,1,1,1,0,0,1,431,15.96,4.78,50.7,98.85,96.52,90.19,134,399306,5305018,104137,50703,,ecoli_achtman_4,8346,adk(6),fumC(30),gyrB(32),icd(16),mdh(643),purA(8),recA(7),Escherichia coli / Shigella,strong,5305018,no,-,,0,2,9,16,-,0,-,0,-,0,-,0,-,0,-,-,KL54,?-*,,0.7279,"KL54_02_cpsACP,KL54_03_wzi,KL54_04_wza,KL54_05_wzb,KL54_06_wzc,KL54_07_wclU,KL54_08_wzx,KL54_09_wzy,KL54_10_wckB,KL54_11_wcoS,KL54_13_wcaG,KL54_14_wcaH,KL54_15_wcaI,KL54_16_wcaJ,KL54_18_manC,KL54_19_manB",O3b,O3b,?-*,,0.7922,"O3b_01_manC,O3b_02_manB,O3b_03_wzm,O3b_04_wzt,O3b_05_wbdD,O3b_06_wbdA,O3b_07_wbdB",aac(3)-IV?;aac(6')-Ib-cr.v2;aadA16*;strA.v1^;strB.v1,-,-,-,-,erm(42)*;mphA;mphB.v2*,catB3.v2,arr-3,sul2^,-,-,dfrA27,AmpC1*;OXA-1,-,CTX-M-55,-,NDM-5,-,-,-,-,-,tet(A).v1*?-84%,aph(4)-Ia?-0%;floR.v1*?-58%;sul1?-0%;sul1?-58%,,-,-,-,-,-,-,-,-,-,-,-,-,-,-,-,-,-,-,-,-,-,-,-,-,-,-,-,-,-,-,-,-,-,-,-,-,-,-,-,-,-,-,-,-,-,-,D2207137074,ARR-3_4_FM207631,,,,aac(3)-IV_1_DQ241380,,,aac(6')-Ib-cr_1_DQ303918,,aadA16-NG_047339.1,,,,,,,,,,aph(3'')-Ib_5_AF321551,,,,,,,,,aph(6)-Id_1_M28829,,,,,,,,,,,,,,,,,,,,,,,,,,,blaCTX-M-55_1_DQ810789,,,,,,,blaEC-18-NG_049083.1,,,,,,,,,,,,,,,,,,blaNDM-5_1_JN104597,,,,,,,,,,,,,,blaOXA-1_1_HQ170510,,,,,,,,,,,,,,,,,,,,,,,,,,,,,,,,,,,,ble-MBL-NG_047559.1,bleO-NG_047557.1,,,catB3_2_U13880,,,,,,,,,,,,dfrA27_1_FJ459817,erm(42)_2_AB601890,,,,,,,,,,,,,,,,,,,,,mdf(A)_1_Y08743,,,mph(A)_2_U36578,,,,,,,,,,,,,,,,,,,,,,,,,,,,,,,,,,,,,,,,,,,sul2_2_AY034138,,,,tet(A)_6_AF534183,,,,,,,,,,D2207137074,,,,Col(MG828)_1__NC_008486,,,,,,,,,,,,,,,,,,,,,,,,,,,,,,,,,,,,IncHI2A_1__BX664015,IncHI2_1__BX664015,,IncI1-I(Alpha)_1__AP005147,,,,,,,,,,,,p0111_1__AP010962,,,,D2207137074,,,,,,,,,,,,,,,,,,,,,,,,,,,,,,RamA,,,,,,,,,,,,,,,,,,,,,,,,,,,,,,,,,,,,,,,,,,,,,,,,,,,,,,,,,,,,,,,,,,ecpA,ecpB,ecpC,ecpD,ecpE,ecpR,,,,,,,,,,,,,,,,,,,,,,,,,,,,,,,,,,fusA,,,,,,,,,,,,,,,,,,,,,,,,,,,,,,,,,,,,,,,,,,,,,,,,,,,,,,,,,,,,,,,,,,,,,,,,,,,,,,,,,,,,,,,,,,,,,,,,,,,,,,,,,,,,,,,lpp,,,,,,,,,,,,,,,,,,,,,,,,,,,,,,,,,,,,,,,,,,,,,,,,,,,,,,,,,,,,,,,,,,,,,,,,,,,,,,,,,,,rpoA,rpoB,rpoC,rpoD,,,,,,,,,,,,,,,,,,,,,,,,,,,,,,,,,,,,,,,,,,,
D2207137079,79,Escherichia coli / Shigella,79,0,83,51,0,1,1,1,0,0,1,1,1,1,0,1,1,1,1,0,0,1,451,15.34,4.6,51.19,98.95,96.81,91.05,76,667584,4908962,209265,119081,,ecoli_achtman_4,654,adk(6),fumC(95),gyrB(5),icd(18),mdh(9),purA(8),recA(6),Escherichia coli / Shigella,strong,4908962,no,-,,3,2,9,14,-,0,-,0,iuc 5,62-2LV,-,0,-,0,-,-,KL113,?-*,,0.7775,"KL113_02_cpsACP,KL113_03_wzi,KL113_04_wza,KL113_05_wzb,KL113_06_wzc,KL113_07_wzx,KL113_08,KL113_09,KL113_10,KL113_11_wcoS,KL113_13_wcaG,KL113_14,KL113_15_wcaI,KL113_16_wcaJ",O5,O5,*,High,0.9152,,aac(3)-IId^;aadA2^,-,-,qnrS1,-,erm(42)*,cmlA1*;floR.v1*,-,sul2*;sul3,tet(A).v2*;tetM.v1*,-,dfrA12,AmpC1*;TEM-1D.v1^,-,-,-,NDM-5,-,-,-,-,-,mphB.v2*?-0%,aadA24?-0%,,-,-,-,-,-,-,-,-,-,-,-,-,-,-,-,-,-,-,-,-,-,-,-,-,-,-,-,-,-,-,-,-,-,29,12,28,35,61,-,-,-,-,-,-,-,-,D2207137079,,,,aac(3)-IId-NG_047251.1,,,,,,,,aadA2_1_NC_010870,,,,,,,,,,,,,,,,,,,,,,,,,,,,,,,,,,,,,,,,,,,,,,,,,,,blaEC-18-NG_049083.1,,,,,,,,,,,,,,,,,,blaNDM-5_1_JN104597,,,,,,,,,,,,,,,,,,,,,,,,,,,,,,,,,,,,,,,,,,,,,blaTEM-1B_1_AY458016,,,,,ble-MBL-NG_047559.1,,,,,,cmlA1_1_M64556,,,dfrA12_8_AM040708,,,,,,,,erm(42)_2_AB601890,,,,floR-NG_047876.1,,,,,,,,,,,,,,,,,mdf(A)_1_Y08743,,,,,,,,,,,,,,,,,,,,,,,,,,,,,,,,,,,,,,,,qnrS1_1_AB187515,,,,,,,sul2_3_HQ840942,sul3_2_AJ459418,,tet(A)_6_AF534183,,,,,,,,,tet(M)-NG_048250.1,D2207137079,,,,,,,,,,,,,,,,IncFIA_1__AP001918,IncFIB(AP001918)_1__AP001918,,,,,,,,,,,,,,,,,,,,,IncFII_1__AY458016,,,,,,,,,,,,,,,,,,,,,D2207137079,,,,,,,,,,,,,,,,,,,,,,,,,,,,,,,,,,,,,,,,,,,,,,,,,,,,,,,,,,,,,,,,,,,,,,,,,,,,,,,,,,,,,,,,,,,,,,,,ecpA,ecpB,ecpC,ecpD,ecpE,ecpR,,,,,,,,,,,,,,,,,,,,,,,,,,,,,,,,,,fusA,,,,,,,,,,,,,,,,,,,,,,,,,,,iucB,iucC,,iutA,,,,,,,,,,,,,,,,,,,,,,,,,,,,,,,,,,,,,,,,,,,,,,,,,,,,,,,,,,,,,,,,,,,,,,,,,,,,,,,,,lpp,,,,,,,,,,,,,,,,,,,,,,,,,,,,,,,,,,,,,,,,,,,,,,,,p_pBK30683A,,,,,,,,,,,,,,,,,,,,,,,,,,,,,,,,,,,rpoA,rpoB,rpoC,rpoD,,,,,,,,,,,,,,,,,,,,tufB,,,,,,,,,,,,,,,,,,,,,,,
D2207137080,80,Escherichia coli / Shigella,80,0,73,53,1,0,0,1,1,0,0,1,1,1,1,1,0,1,1,1,0,1,452,17.9,5.38,50.96,98.98,96.87,91.01,83,405809,4869890,191165,111942,,ecoli_achtman_4,410,adk(6),fumC(4),gyrB(12),icd(1),mdh(20),purA(18),recA(7),Escherichia coli / Shigella,strong,4869890,no,-,,0,2,9,13,-,0,-,0,-,0,iro 5,34-2LV,-,0,-,-,KL113,?-*,,0.7922,"KL113_02_cpsACP,KL113_03_wzi,KL113_04_wza,KL113_05_wzb,KL113_06_wzc,KL113_07_wzx,KL113_08,KL113_09,KL113_10,KL113_11_wcoS,KL113_13_wcaG,KL113_14,KL113_15_wcaI,KL113_16_wcaJ",O5,O5,*,High,0.914,,aph3-Ia.v1^;strA.v1^;strB.v1,-,fosA3,-,-,mphA,floR.v1*,-,sul2,-,-,dfrA14.v2*,AmpC1*;CMY-2.v2;TEM-1D.v1^,-,CTX-M-55,-,NDM-5,-,-,-,-,-,mphB.v2*?-0%,tet(A).v1?-0%,,-,-,-,-,-,-,-,-,-,-,-,-,-,-,-,-,-,-,-,-,-,-,-,-,-,-,-,-,-,-,-,-,-,-,-,-,-,-,23,40,18,19,-,-,-,-,D2207137080,,,,,,,,,,,,,,,,,,,,aph(3'')-Ib_5_AF321551,,,,aph(3')-Ia_1_V00359,,,,,aph(6)-Id_1_M28829,,,,,,,,,,,,,,,,,,,blaCMY-150_2_NG_060513,,,,,,,,blaCTX-M-55_1_DQ810789,,,,,,blaEC-15-NG_049081.1,,,,,,,,,,,,,,,,,,,blaNDM-5_1_JN104597,,,,,,,,,,,,,,,,,,,,,,,,,,,,,,,,,,,,,,,,,,,,,blaTEM-1B_1_AY458016,,,,,ble-MBL-NG_047559.1,bleO-NG_047557.1,,,,,,,,,dfrA14_5_DQ388123,,,,,,,,,,,floR-NG_047876.1,,,fosA3_1_AB522970,,,,,,,,,,,,,,mdf(A)_1_Y08743,,,mph(A)_2_U36578,,,,,,,,,,,oqxA_1_EU370913,,,,,,,,,,,,,,,oqxB_1_EU370913,,,,,,,,,,,,,,,,,sul2_2_AY034138,,,,,,,,,,,,,,D2207137080,Col(BS512)_1__NC_010656,,,Col(MG828)_1__NC_008486,Col(pHAD28)_1__KU674895,,,,,,,,,,,,IncFIB(AP001918)_1__AP001918,,,,,,,,,,,,,,,,,,,,,,,,,,,,,,,,,,IncX3_1__JN247852,,,,,,,,D2207137080,,,,,,,,,,,,,,,,,,,,,,,,,,,,,,,,,,,,,,,,,,,,,,,,,,,,,,,,,,,,,,,,,,,,,,,,,,,,,,,,,,,,,,,,,,,,,,,,ecpA,ecpB,ecpC,ecpD,ecpE,ecpR,,,,,,,,,,,,,,,,,,,,,,,,,,,,,,,,,,fusA,,,,,,,,,,,,,,,,,,,,,,iroN,,,,,,,,,,,,,,,,,,,,,,,,,,,,,,,,,,,,,,,,,,,,,,,,,,,,,,,,,,,,,,,,,,,,,,,,,,,,,,,,,,,,,,,,,lpp,,,,,,,,,,,,,,,,,,,,,,,,,,,,,,,,,,,,,,,,,,,,oqxB,oxqA,,,,,,,,,,,,,,,,,,,,,,,,,,,,,,,,,,,,,,rpoA,rpoB,rpoC,rpoD,,,,,,,,,,,,,,,,,,,,,,,,,,,,,,,,,,,,,,,,,,,
D2207137081,81,Escherichia coli / Shigella,81,0,55,68,1,1,0,1,0,0,0,1,1,1,0,1,0,1,1,1,0,1,453,16.95,5.08,51.26,98.8,96.47,90.38,115,346384,4928135,120217,59036,,ecoli_achtman_4,10,adk(10),fumC(11),gyrB(4),icd(8),mdh(8),purA(8),recA(2),Escherichia coli / Shigella,strong,4928135,no,-,,0,2,10,17,-,0,-,0,-,0,-,0,-,0,-,-,KL127,?-*,Good,0.9478,KL127_13,O3/O3a,O3/O3a,-,Good,0.9709,"O3/O3a_01_manC,O3/O3a_02_manB",aadA16*;aadA2;strA.v1*,-,-,qnrS1,-,lnuF.v1*;mphB.v2*,floR.v1,arr-2,sul1;sul2;sul3,-,-,dfrA14.v2*,AmpC1;LAP-2;OXA-10,-,CTX-M-14^,-,NDM-5,-,-,-,-,-,aph(6)-Id.v2*?-85%,TEM-104?-60%;TEM-105?-0%;aadA24?-0%;cmlA1?-0%;tet(A).v1?-0%,,-,-,-,-,-,-,-,-,-,-,-,-,-,-,-,-,-,-,-,-,-,-,-,-,-,-,-,-,-,-,-,-,-,-,-,-,-,-,-,-,-,-,-,-,-,-,D2207137081,ARR-3_4_FM207631,,,,,,,,,aadA16-NG_047339.1,,aadA2_1_NC_010870,,,,,,,,aph(3'')-Ib_5_AF321551,,,,,,,,aph(6)-Id-NG_047466.1,,,,,,,,,,,,,,,,,,,,,,,blaCTX-M-14b_1_DQ359215,,,,,,,,,,,,,,,blaEC-NG_047494.1,,,,,,blaLAP-2_1_EU159120,,,,,,,,,blaNDM-5_1_JN104597,,,,,,,,,,,blaOXA-10_1_J03427,,,,,,,,,,,,,,,,,,,,,,,,,,,,,,,,,,,,,,,ble-MBL-NG_047559.1,,,,,,,,,,dfrA14_5_DQ388123,,,,,,,,,,,,,floR-NG_047878.1,,,,,,,,,,lnu(F)_1_EU118119,,,,,mdf(A)_1_Y08743,,,,,,,,,,,,,,,,,,,,,,,,,,,,,,,,,,,,,,,,qnrS1_1_AB187515,,,,,sul1_5_EU780013,sul2_2_AY034138,,sul3_2_AJ459418,,,,,,,,,,,,D2207137081,,,,,,,,,Col440I_1__CP023920,,,,,,,,,,,IncFIB(K)_1__JN233704,,,,,,,,,,,,,,,,,,,,IncHI2A_1__BX664015,IncHI2_1__BX664015,,,,,,,,,,,,,,,,,,D2207137081,,,,,,,,,,,,,,,,,,PCR_FIB_repA,,,,,,,,,,,,,,,,,,,,,,,,,,,,,,,,,,,,,,,,,,,,,,,,,,,,,,,,,,,,,,,,,,,,,,,,,,,,,,ecpA,ecpB,ecpC,ecpD,ecpE,ecpR,,,,,,,,,,,,,,,,,,,,,,,,,,,,,,,,,,fusA,,,,,,,,,,,,,,,,,,,,,,,,,,,,,,,,,,,,,,,,,,,,,,,,,,,,,,,,,,,,,,,,,,,,,,,,,,,,,,,,,,,,,,,,,,,,,,,,,,,,,,,,,,,,,,,lpp,,,,,,,,,,,,,,,,,,,,,,,,,,,,,,,,,,,,,,,,,,,,,,,,,,,,,,,,,,,,,,,,,,,,,,,,,,,,,,,,,,,rpoA,rpoB,rpoC,rpoD,,,,,,,,,,,,,,,,,,,,,,ugd,,,,,,,,,,,,,,,,,,,,,
D2207137047,47,Klebsiella aerogenes,47,0,87,67,1,1,1,1,0,0,1,1,1,0,0,1,1,1,1,1,1,1,336,24.5,7.36,54.89,98.88,96.62,90.22,71,568209,5336769,199049,104602,,kaerogenes,-,dnaA(3),fusA(1),gyrB(1),leuS(46?),pryG(3),rplB(1),rpoB(2),Klebsiella aerogenes,strong,5336769,no,-,,1,0,8,12,ybt 14; ICEKp5?,131-3LV,-,0,-,0,iro unknown,0,-,0,-,-,KL117,?-*,Good,0.942,"KL117_01_galF,KL117_02_cpsACP,KL117_15_wzx",O2v1,O2,-*,,0.7164,"O1/O2v1_02_wzt,O1/O2v1_03_wbbM,O1/O2v1_04_glf,O1/O2v1_05_wbbN,O1/O2v1_06_wbbO,O1/O2v1_07_kfoC",aac(6')-Ib-cr.v2;aadA16*;aph(3')-IIa*,-,-,qnrS1,-,mphA,floR.v1*,arr-3,sul1,tet(A).v1*?;tet(B).v2*;tetR,-,dfrA27,-,-,-,-,-,-,-,-,-,-,-,-,,-,-,-,-,-,-,-,4,4,5,4,1,27*,184,2,4,4,15*,-,-,-,-,-,-,-,-,-,-,-,-,-,-,-,-,-,-,-,-,25*,33*-0%,-,15*,-,-,-,-,D2207137047,ARR-3_4_FM207631,CMY2-MIR-ACT-EC-NG_051160.1,,,,,,aac(6')-Ib-cr_1_DQ303918,,aadA16-NG_047339.1,,,,,,,,,,,aph(3')-IIa_2_V00618,,,,,,,,,,,,,,,,,,,,,,,,,,,,,,,,,,,,,,,,,,,,,,,,,,,,,,,,,,,,,,,,,,,,,,,,,,,,,,,,,,,,,,,,,,,,,,,,,,,,,,,,,,,,,,,,,,,,,,,,,,,,,,dfrA27_1_FJ459817,,,,,floR-NG_047876.1,,,,,,,,,,fosA_6_ACZD01000244,,,,,,,,,,mph(A)_2_U36578,,,,,,,,,,,,,,,,,,,,,,,,,,,,,,,,,,,,,qnrS1_1_AB187515,,,,,sul1_5_EU780013,,,,,tet(A)_6_AF534183,,,tet(B)_2_AF326777,,,,,,,D2207137047,,,,,Col(pHAD28)_1__KU674895,,,,,,,,,,,,,,,,,,,,,,,,,,,,,,,,,,,,,,,,IncN_1__AY046276,,,IncR_1__DQ449578,,IncX1_1__EU370913,,,,,,,,,D2207137047,,,,,,,,,MutS,,,,,OmpR,OmpU,,,,,,,,,,,,,,,RamA,,,,,,,,,,,,acka,,,,,,,,,,,,,,,,,,cadA,cadB,,,,,,,,,,,,,,,,,,,,,,cpxA.1,cpxR,crp,,,,,cyaA_(2),cyoA,cyoB,,,dam,,,,,,,eefA,eefB,eefC,,entA,entB,,entE,,,,,,,,,,,,,,,,,,,,,,,,,,fusA,fyuA,,,,,,,,,,hfg,,,hscA,hscB,,,,,,,,irp1,irp2,iscR,,,,,,,,,,,,,,,,,,,,,,,,,,,,,,,,,,,,,,,,,,,,,,,,,,,,,,,,,,,,,,,,,,,,,,,,,,,,,,,,,,,,,lon,lpp,,lysS,,,,,,,,,,,,,,,,,,,mgtA,,,,,,,,,,,,,,,,,nlpD,nuoM,,,,ompX,,,,,,,,,parE,,,,,,,,,pmrF,,,,,,,,pta,ptsI,,,,,,,,rimO,,,,,rpoA,rpoB,rpoC,rpoD,rpoS,,,,,,,,,,,,,,,,,,,,typA,,,uvrA,,,,,,ybgT,ybtA,ybtE,ybtP,ybtQ,ybtS,ybtT,ybtU,ybtX,,,yfaZ2,yjdL,
D2207137073,73,Klebsiella aerogenes,73,0,72,58,0,0,1,1,1,1,0,1,1,1,1,1,1,0,1,1,0,1,429,23.8,7.14,55.11,98.84,96.5,90.43,45,666572,5073015,262502,114186,,kaerogenes,4,dnaA(3),fusA(3),gyrB(1),leuS(4),pryG(3),rplB(1),rpoB(2),Klebsiella aerogenes,strong,5073015,no,-,,0,0,0,0,-,0,-,0,-,0,iro unknown,0,-,0,-,-,KL107,?-+*,,0.7654,"KL107_02_cpsACP,KL107_05_wzb,KL107_06_wzc,KL107_07_wbaP,KL107_08,KL107_09,KL107_10",OL102,OL102,-*,,0.83,"OL102_05_wbbL,OL102_06_rhamnan,OL102_07_wzm,OL102_08_wzt",-,-,-,-,-,-,-,-,-,-,-,-,-,-,-,-,-,-,-,-,-,-,-,-,,-,-,-,-,-,-,-,-,-,-,-,-,-,-,-,-,-,-,-,-,-,-,-,-,-,-,-,-,-,-,-,-,-,-,-,-,-,-,25*,33*-0%,-,15*,-,-,-,-,D2207137073,,CMY2-MIR-ACT-EC-NG_051160.1,,,,,,,,,,,,,,,,,,,,,,,,,,,,,,,,,,,,,,,,,,,,,,,,,,,,,,,,,,,,,,,,,,,,,,,,,,,,,,,,,,,,,,,,,,,,,,,,,,,,,,,,,,,,,,,,,,,,,,,,,,,,,,,,,,,,,,,,,,,,,,,,,,,,,,,,,,,,,,,,,,,,,,,,,,,,,,,,,,,,,,,,,,,,,,,,,,,,,,,,,,,,,,,,,,,,,,,,,,,,,,,,,,,D2207137073,,,,,,,,,,,,,,,,,,,,,,,,,,,,,,,,,,,,,,,,,,,,,,,,,,,,,,,,,,,D2207137073,,,,,,,,,MutS,,,,,OmpR,OmpU,,,,,,,,,,,,,,,,,,,,,,,,,,,acka,,,,,,,,,,,,,,,,bamE,,cadA,cadB,,,,,,,,,,,,,,,,,,,,,,cpxA.1,cpxR,crp,,,,,cyaA_(2),cyoA,cyoB,,,dam,,,,,,,eefA,eefB,eefC,,entA,entB,,entE,,,,,,,,,,,,,,,,,,,,,,,,,,fusA,,,,,,,,,,,hfg,,,hscA,hscB,,,,,,,,,,iscR,,,,,,,,,,,,,,,,,,,,,,,,,,,,,,,,,,,,,,,,,,,,,,,,,,,,,,,,,,,,,,,,,,,,,,,,,,,,,,,,,,,,,lon,lpp,,lysS,,,,,,,,,,,,,,,,,,,mgtA,,,,,,,,,,,,,,,,,nlpD,nuoM,,,,ompX,,,,,,,,,parE,,,,,,,,,pmrF,,,,,,,,pta,ptsI,,,,,,,,rimO,,,,,rpoA,rpoB,rpoC,rpoD,rpoS,,,,,,,,,,,,,,,,,,,,typA,,,,,,,,,ybgT,,,,,,,,,,,yfaZ2,,
D2207137076,76,Klebsiella michiganensis,76,1,86,50,0,1,1,1,0,0,0,1,1,1,0,1,0,1,1,1,0,1,446,19.91,5.98,55.28,98.81,96.41,90.5,116,840857,6181330,312265,117397,,koxytoca,83,gapA(3),infB(4),mdh(30),pgi(8),phoE(39),rpoB(26),tonB(35),Klebsiella michiganensis,strong,6181330,no,-,,0,2,2,2,-,0,-,0,-,0,-,0,-,0,-,-,KL107,-+*,,0.7816,"KL107_02_cpsACP,KL107_05_wzb,KL107_06_wzc,KL107_07_wbaP,KL107_08,KL107_09,KL107_10",O1v1,O1,?-+*,,0.7243,"O1/O2v1_03_wbbM,O1/O2v1_05_wbbN,O1/O2v1_06_wbbO,O1/O2v1_07_kfoC",-,-,-,-,-,-,-,-,-,-,-,-,-,-,OXY-5-1*,-,KPC-2,-,-,-,-,-,-,-,,-,-,-,-,-,-,-,-,-,-,-,-,-,-,-,-,-,-,-,-,-,-,-,-,-,-,-,-,-,-,-,-,-,-,-,-,-,-,-,-,-,-,-,-,-,-,D2207137076,,,,,,,,,,,,,,,,,,,,,,,,,,,,,,,,,,,,,,,,,,,,,,,,,,,,,,,,,,,,,,,,,,,,,blaKPC-2_1_AY034847,,,,,,,,,,,,,,,,,,,,,,,,,,,,,,,,,,,blaOXY-5-2_2_AJ871871,,,,,,,,,,,,,,,,,,,,,,,,,,,,,,,,,,,,,,,,,,,,,,,,,,,,,,,,,,,,,,,,,,,,,,,,,,,,,,,,,,,,,,,,,,,,,,,,,,,,,,,,,,,,,,,,,,,,,,,,,,,,,D2207137076,,,,,Col(pHAD28)_1__KU674895,,,Col440II_1__CP023921,Col440I_1__CP023920,,,,,,,,,,,IncFIB(K)_1__JN233704,,,,,,,,,,,,,,,,,,,,,,,,,,,,IncR_1__DQ449578,,,,,,,,,,,D2207137076,,,,,,,,,,,,,,OmpR,,,,PCR_FIB_repA,,,,,,,,,,,,,,,Tn4401-MEKPCI,,,,,,,,,acka,,,,,,,,,,,,,,,,bamE,,cadA,cadB,,,,,,,,,,,,,,,,,,,,,,,cpxR,crp,,,,,,cyoA,cyoB,cyoC,cyoD,,,,,,,,,,,,,,,,,,,,,,,,,,,,,,,,,,,,,,,,,fusA,,,,,,,,,,,hfg,,hns,,,,,,,,,,,,,,,,,,,,,,,,,,,,,,,,,,,,,,,,,,,,,,,,,,,,,,,,,,,,,,,,,,,,,,,,,,,,,,,,,,,,,,,,,,,,,,,,,,lpp,,,,,,,,,,,,,,,,,,,merB,,,,mrkA__LM21,mrkB,,,mrkC__LM21,mrkD,,mrkF,,,,,mrkJ,,,,nuoM,ompA,,ompK36_ompC,,,,,,,p_pNJST258N3,,,,phoB,,,,,,,,,,,,,,,,,ptsI,,,,,,,,rimO,,,,,rpoA,rpoB,rpoC,rpoD,rpoS,,,,,,,,,,,,,,,,,,,tufB,typA,,ureA,,,,,,,ybgT,,,,,,,,,,,,,
D2207137016,16,Klebsiella ornithinolytica,16,0,80,53,1,0,1,1,0,0,0,1,1,0,0,1,0,1,1,1,0,1,396,8.75,2.62,54.64,99.47,98.13,93.28,67,719758,5885189,382635,179242,,koxytoca,-,gapA(29),infB(28),mdh(63),pgi(37),phoE(~47),rpoB(43),tonB(40),Klebsiella ornithinolytica,strong,5885189,no,-,,1,2,8,14,ybt unknown,0,-,0,-,0,-,0,-,0,-,-,KL2,-+*,,0.7821,"KL2_02_cpsACP,KL2_07,KL2_08,KL2_09,KL2_11_wzx,KL2_12,KL2_13",O2v1,O2,-+*,,0.727,"O1/O2v1_03_wbbM,O1/O2v1_05_wbbN,O1/O2v1_06_wbbO,O1/O2v1_07_kfoC",aac(3)-IId^;aac(6')-Ib-cr.v2*;strA.v1;strB.v1,-,-,-,-,mphA,-,arr-3,-,tet(A).v1,tmexC1*;tmexD1*;toprJ1*,-,FONA-5*;TEM-1D.v1^,-,SFO-1.v1,-,NDM-1,-,-,-,-,-,-,-,,-,-,-,-,-,-,-,57*,94*,100*,76*,61*,221*,223*,84*,64*,124*,125*,-,-,-,-,-,-,-,-,-,-,-,-,-,-,-,-,-,-,-,-,-,-,-,-,-,-,-,-,D2207137016,ARR-3_4_FM207631,,,aac(3)-IId-NG_047251.1,,,,aac(6')-Ib-cr_1_DQ303918,,,,,,,,,,,aph(3'')-Ib_2_AF024602,,,,,,,,,,aph(6)-Id_1_M28829,,,,,,,,,,,,,,,,,,,,,,,,,,,,,,,,,,,,,,,,,,,,,,,,,,,blaNDM-1_1_FN396876,,,,,,,,,,,blaORN-1-NG_049386.1,,,,,,,,,,,,,,blaSFO-1_1_AB003148,,,,,,,,,,,,,,,,,,,,,blaTEM-1B_1_AY458016,,,,,ble-MBL-NG_047559.1,,,,,,,,,,,,,,,,,,,,,,,,,,,,fosA_2_AGDM01000012,,,,,,,,,,,,,mph(A)_2_U36578,,,,,,,,,,,,,,,,,,,,,,,,,,,,,,,,,,,,,,,,,,,,,,,tet(A)_6_AF534183,,,,,,,,,,D2207137016,,,,,,,,,,,,,,,,,,,,IncFIB(K)_1__JN233704,,,,,IncFIB(pNDM-Mar)_1__JN420336,,,,,,,,,,,,,,IncHI1B(pNDM-MAR)_1__JN420336,,,,,,,,,,,,,,,,,,,,D2207137016,,,,,,,,,,,,,,,,,,PCR_FIB_repA,PCR_HIB_repA,,,,,,,,,,,,,,,,,Tn5393__toprJ1,Tn5393_tmexC1,Tn5393_tmexD1,Tn5393_tnfxB1,,,acka,,,,,,,,,,,,,,,,bamE,,cadA,,,,,,,,,,,,,,,,,,,,,,,,,crp,,,,,,cyoA,cyoB,cyoC,cyoD,,,,,,,,,,,,,,,,,,,,,,,,,,,,,,,,,,,,,,,,,fusA,fyuA,,,,,,,,,,hfg,,,,,,,,,,,,irp1,irp2,,,,,,,,,,,,,,,,,,,,,,,,,,,,,,,,,,,,,,,,,,,,,,,,,,,,,,,,,,,,,,,,,,,,,,,,,,,,,,,,,,,,,,,lpp,,,,,,,,,,,,,,,,,,,,,,,,,,,,,,,,,,,,,,,nuoM,ompA,ompK36-ST307,,,,,,,,,,,,,,,,,,,,,,,,,,,,,ptsI,,,,,,,,,,,,,rpoA,rpoB,rpoC,rpoD,rpoS,,,,,,,,,,,,,,,,,,,,typA,,,,,,,,,,ybtA,,ybtP,ybtQ,ybtS,ybtT,ybtU,ybtX,,,,,
D2207137019,19,Klebsiella pneumoniae,19,0,53,68,0,1,0,1,0,1,0,0,1,1,0,0,0,0,1,0,0,0,398,17.65,5.3,56.16,99.41,97.94,92.57,121,486169,5725023,127681,67862,,klebsiella,-,gapA(3),infB(3),mdh(1),pgi(134),phoE(1),rpoB(4),tonB(4),Klebsiella pneumoniae,strong,5725023,no,-,ST3984-1LV,4,2,8,10,ybt 9; ICEKp3,503-1LV,-,0,iuc 1,1,-,0,-,0,rmpA2_3*-47%,wzi64,KL64,?,Good,0.999,,O2v1,O2,none,Very high,0.9865,,aadA2;rmtB,-,-,qnrS1,-,-,-,-,sul2,tet(A).v1,-,dfrA14.v2*,LAP-2;TEM-1D.v1^,-,CTX-M-65,-,KPC-2,SHV-11.v1^,35Q,AcrR-43%;OmpK35-17%;OmpK36GD,-,GyrA-83I;GyrA-87G;ParC-80I,-,sul1*?-67%,ST3984-1LV,3,3,1,134,1,4,4,140,11,6,5,1,305,65,9,5,5,11,-,-,-,-,-,-,-,-,-,-,-,-,-,-,-,1,1,1,1,1,-,-,-,-,-,-,-,iroN_1*-0%,D2207137019,,,,,,,,,,,,aadA2_1_NC_010870,,,,,,,,,,,,,,,,,,,,,,,,,,,,,,,,,,,,,,,,,,,,,blaCTX-M-65_1_EF418608,,,,,,,,,,,,blaKPC-2_1_AY034847,,,blaLAP-2_1_EU159120,,,,,,,,,,,,,,,,,,,,,,,,,,,,,,,,,,,,,,,,blaSHV-11_CP038002,,,,,,,,,,,,,,blaTEM-1B_1_AY458016,,,,,,,,,,,,,,,dfrA14_5_DQ388123,,,,,,,,,,,,,,,,fosA6_1_KU254579,,,,,,,,,,,,,,,,,,,,,,,,,,,,,,,,,,,,,,,,,,,,,,,,,,,,qnrS1_1_AB187515,,rmtB_1_AB103506,,,,sul2_2_AY034138,,,,tet(A)_6_AF534183,,,,,,,,,,D2207137019,,,,,,,,,,,ColRNAI_1__DQ298019,,,,,,,,,,,,,,,,,,,,,,,IncFII(pHN7A8)_1__JN232517,,,,,IncHI1B(pNDM-MAR)_1__JN420336,,,,,,,,,IncR_1__DQ449578,,,,,,,,,,repB_KLEB_VIR_AP006726,D2207137019,DadX_dadB,H239_3059,,,KatG,KexD,KpnE,KpnF,MutS,OmpK26,OmpK35,OmpK37,OmpK38,OmpR,OmpU,OmpW,PCR_CG258_kphp1,PCR_FIB_repA,,,,,PCR_KL64-wzi64wzy,,,PCR_khe,PCR_pilL2,,PmrD,RamA,RamR,RomA,Tn4401-MEKPCI,,,,,,,YbjG,YfaZ,acka,acrA,acrB,,,,,,,,alr,,arcD-mexB,ardD1,,bamB,bamE,,cadA,cadB,cadC,,citA,,,,,,,,,,,,,,,,,,,cpxA.1,cpxR,crp,,,,csrD,cyaA_(2),cyoA,cyoB,cyoC,cyoD,dam,,,,,,,eefA,,eefC,eefX,entA,entB,entC,entE,entS,,feoA,feoB,fepA,fepB,fhlA,fhuA,fhuB,fhuC,fhuD,fimA,fimB,fimC,fimD,fimE,fimF,fimG,fimH,fimI,fimK-eal,folA,folp,fosA,fur,fusA,fyuA,gatR,,gltB,,,gshA,gshB,hcp_T6SS1,hemN,hfg,hmuR,hns,hscA,hscB,,icmF2_T6SS3,,,,,,irp1,irp2,iscR,iucA,iucB,iucC,iucD,iutA,,,,kpaA_KP1_0334,,kpaB__LM21,,kpaC__LM21,,kpaD__LM21,,kpaE__LM21,,,,,kpbC_KP1_0410,,,,kpbR__LM21,,,,,,kpdA_KP1_1401,kpdB_KP1_1402,kpdC_KP1_1403,kpdD_KP1_1404,,kpdR_KP_1400,kpdR__LM21,kpeA_KP1_2719,,kpeB__LM21,,kpeC__LM21,,kpeD__LM21,,,,,,,,,,,,,,,,,,,,,,,,,,,,kpjA__LM21,kpjB__LM21,kpjC__LM21,kpjD__LM21,,,,,kvrA,kvrB,lacY,lamB,lon,lpp,lpxO,lysS,macA,macB,marA,marC,marR,,,,,,,,,,mdtC,mdtD,merB,mgrB,mgtA,mrkA,,mrkB,,mrkC,,mrkD,,,mrkF__LM21,mrkH,,mrkI__LM21,mrkJ,mutH,mutL,nlpD,nuoM,ompA,ompK36-ST307,,ompX,,,oxyR,,,,pagP,parC,parE,phoB,phoE,phoP,phoQ,phoR,pmrA,pmrB,pmrC,pmrF,pmrH,pmrI,pmrJ,pmrK,pmrL,pmrM,ppx,pta,ptsI,pyg,rcsA,rcsB,rcsC,rcsD,rcsF,rfaH,rimO,,rmpA2,,rob,rpoA,rpoB,rpoC,rpoD,rpoS,scrA,scrB,scrY,sitA,sitB,sitC,sitD,slyB,soxR,soxS,tamA,tamB,tdcA,tdcB,tdcC,tdcD,tdcE,tolC,tufB,typA,ugd,ureA,uvrA,,wecA,xylA,,ybgE,ybgT,ybtA,ybtE,ybtP,ybtQ,ybtS,ybtT,ybtU,ybtX,ycfM,ydiY,yfaZ2,yjdL,
D2207137025,25,Klebsiella pneumoniae,25,0,63,56,0,1,1,1,0,0,0,1,1,0,0,1,0,1,1,1,0,1,314,14.58,4.38,56.68,98.05,94.47,86.39,114,646993,5665548,161019,94342,,klebsiella,290,gapA(2),infB(1),mdh(1),pgi(37),phoE(10),rpoB(1),tonB(86),Klebsiella pneumoniae,strong,5665548,no,-,ST290,1,2,7,7,ybt 14; ICEKp5,393-1LV,-,0,-,0,-,0,-,0,-,-,KL21,*,Very high,0.9856,,O1/O2v1,unknown,?-,Good,0.9812,O1/O2v1_05_wbbN,-,-,-,qnrS1,-,-,-,-,sul1,tet(A).v1,-,dfrA1.v1,LAP-2,-,CTX-M-14,-,KPC-2,SHV-1,-,CirA-28%,-,-,-,-,ST290,2,1,1,37,10,1,86,81,4,5,4,1,8*-51%,243,2,4,4,2,-,-,-,-,-,-,-,-,-,-,-,-,-,-,-,-,-,-,-,-,-,-,-,-,-,-,-,-,D2207137025,,,,,,,,,,,,,,,,,,,,,,,,,,,,,,,,,,,,,,,,,,,,,,,,,,blaCTX-M-14_1_AF252622,,,,,,,,,,,,,,,,,,,blaKPC-2_1_AY034847,,,blaLAP-2_1_EU159120,,,,,,,,,,,,,,,,,,,,,,,,,,,,,,,,,,,,,,,,,,,,,blaSHV-1_FJ668809.1,,,,,,,,,,,,,,,,,,,,,,,,,,,,dfrA1_8_X00926,,,,,,,,,,,,,,,fosA_3_ACWO01000079,,,,,,,,,,,,,,,oqxA10-NG_050418.1,,,,,,,,,,,,,,,oqxB20-NG_050439.1,,,,,,,,,,,,,,,,,,,qnrS1_1_AB187515,,,,,sul1_5_EU780013,,,,,tet(A)_6_AF534183,,,,,,,,,,D2207137025,,,,,,,,,,,ColRNAI_1__DQ298019,,,,,,,,,IncFIB(K)_1__JN233704,,,,,,,,,,,,,,,IncFII(pKP91)_1__CP000966,,,,,,,,,,,,,,,,,,,,,,,,D2207137025,DadX_dadB,,,,KatG,,KpnE,KpnF,MutS,OmpK26,OmpK35,OmpK37,OmpK38,OmpR,OmpU,OmpW,,PCR_FIB_repA,,,,,,,,PCR_khe,,,PmrD,RamA,RamR,RomA,Tn4401-MEKPCI,,,,,,,YbjG,YfaZ,acka,acrA,acrB,acrR,,,,,,,alr,,arcD-mexB,ardD1,,bamB,bamE,,cadA,cadB,cadC,,citA,,,,,,,,,,,,,,,,,,,cpxA.1,cpxR,crp,,,,csrD,cyaA_(2),cyoA,cyoB,cyoC,cyoD,dam,,,,,,,eefA,,eefC,eefX,entA,entB,entC,entE,entS,,feoA,feoB,fepA,fepB,fhlA,fhuA,fhuB,fhuC,fhuD,fimA,fimB,fimC,fimD,fimE,fimF,fimG,fimH,fimI,fimK-eal,folA,folp,fosA,fur,fusA,fyuA,,,gltB,,,gshA,gshB,hcp_T6SS1,hemN,hfg,hmuR,hns,hscA,hscB,,icmF2_T6SS3,imcF1_T6SS1,,,,,irp1,irp2,iscR,,,,,,,,,kpaA_KP1_0334,,kpaB__LM21,kpaC_KP1_0336,,kpaD_KP1_0337,,kpaE_KP1_0338,,kpbA_KP1_0412,,kpbB_KP1_0411,,,,,,kpbR__LM21,,,,,,kpdA_KP1_1401,kpdB_KP1_1402,kpdC_KP1_1403,,kpdD__LM21,kpdR_KP_1400,kpdR__LM21,kpeA_KP1_2719,,kpeB__LM21,,kpeC__LM21,,kpeD__LM21,,,,,,,,kpgB__LM21,,kpgC__LM21,kpgD_KP1_4248,,,,,,,,,,,,,,,,,kpjA__LM21,kpjB__LM21,kpjC__LM21,kpjD__LM21,,,,,kvrA,kvrB,lacY,lamB,lon,lpp,lpxO,lysS,macA,macB,marA,marC,marR,,,,,,,,,,mdtC,mdtD,merB,mgrB,mgtA,mrkA,,mrkB,,mrkC,,mrkD,,mrkF,,mrkH,,mrkI__LM21,mrkJ,mutH,mutL,nlpD,nuoM,ompA,,ompK36_ompC,ompX,oqxB,oxqA,oxyR,,,p_pNJST258N3,pagP,parC,parE,phoB,phoE,phoP,phoQ,phoR,pmrA,pmrB,pmrC,pmrF,pmrH,pmrI,pmrJ,pmrK,pmrL,pmrM,ppx,pta,ptsI,pyg,rcsA,rcsB,rcsC,rcsD,rcsF,rfaH,rimO,,,,rob,rpoA,rpoB,rpoC,rpoD,rpoS,scrA,scrB,scrY,sitA,sitB,sitC,sitD,slyB,soxR,soxS,tamA,tamB,tdcA,tdcB,tdcC,tdcD,tdcE,tolC,,typA,ugd,ureA,uvrA,,wecA,xylA,,ybgE,ybgT,ybtA,ybtE,ybtP,ybtQ,ybtS,ybtT,ybtU,ybtX,ycfM,ydiY,yfaZ2,yjdL,
D2207137026,26,Klebsiella pneumoniae,26,0,60,55,0,0,1,1,0,1,0,1,1,1,0,1,0,1,1,1,0,1,315,11.85,3.56,56.69,98.13,94.62,86.65,113,354378,5685292,129865,62908,,klebsiella,11,gapA(3),infB(3),mdh(1),pgi(1),phoE(1),rpoB(1),tonB(4),Klebsiella pneumoniae,strong,5685292,no,-,ST11,4,1,6,6,ybt 9; ICEKp3,503-1LV,-,0,iuc 1,1,-,0,-,0,rmpA2_8-60%,wzi209,KL47,?-,Good,0.994,KL47_18_rmlC,OL101,OL101,?-+,Good,0.9206,"OL101_04_rfbC,OL101_09_glycosylhydrolase",aac(3)-IId^;rmtB,-,-,-,-,-,catII.2*,-,-,-,-,-,TEM-1D.v1^,-,CTX-M-65,KPC-33,-,SHV-11.v1,35Q,AcrR-43%;OmpK35-17%;OmpK36GD,-,GyrA-83I;GyrA-87G;ParC-80I,-,-,ST11,3,3,1,1,1,1,4,140,11,6,5,1,60,65,9,5,5,11*,-,-,-,-,-,-,-,-,-,-,-,-,-,-,-,1,1,1,1,1,-,-,-,-,-,-,-,-,D2207137026,,,,aac(3)-IId-NG_047251.1,,,,,,,,,,,,,,,,,,,,,,,,,,,,,,,,,,,,,,,,,,,,,,,,,,,,,blaCTX-M-65_1_EF418608,,,,,,,,,,,,,blaKPC-33_1_CP025144,,,,,,,,,,,,,,,,,,,,,,,,,,,,,,,,,,,,,,,,,blaSHV-11_CP036450,,,,,,,,,,,,,,,blaTEM-1B_1_AY458016,,,,,,,,catA2-NG_047596.1,,,,,,,,,,,,,,,,,,,,,,,fosA6_1_KU254579,,,,,,,,,,,,,,,,,,,,,,,,,,oqxA_1_EU370913,,,,,,,,,,,,,,,oqxB_1_EU370913,,,,,,,,,,,,,rmtB_1_AB103506,,,,,,,,,,,,,,,,,,D2207137026,,,,,,,,,,,ColRNAI_1__DQ298019,,,,,,,,,,,,,,,,,,,,,,,IncFII(pHN7A8)_1__JN232517,,,,,,,,,,,,,,,,,,,,,,,,,D2207137026,DadX_dadB,H239_3059,,,KatG,KexD,KpnE,KpnF,MutS,OmpK26,OmpK35,OmpK37,OmpK38,OmpR,OmpU,OmpW,PCR_CG258_kphp1,,,,,PCR_KL47wzy,,,,PCR_khe,PCR_pilL2,,PmrD,RamA,RamR,RomA,Tn4401-MEKPCI,,,,,,,YbjG,YfaZ,acka,acrA,acrB,,,,,,,,alr,,arcD-mexB,ardD1,,bamB,bamE,,cadA,cadB,cadC,,citA,,,,,,,,,,,,,,,,,,,cpxA.1,cpxR,crp,,,,csrD,cyaA_(2),cyoA,cyoB,cyoC,cyoD,dam,,,,,,,eefA,,eefC,eefX,entA,entB,entC,entE,entS,,feoA,feoB,fepA,fepB,fhlA,fhuA,fhuB,fhuC,fhuD,fimA,fimB,fimC,fimD,fimE,fimF,fimG,fimH,fimI,fimK-eal,folA,folp,fosA,fur,fusA,fyuA,gatR,,gltB,,,gshA,gshB,hcp_T6SS1,hemN,hfg,hmuR,hns,hscA,hscB,,icmF2_T6SS3,,,,,,irp1,irp2,iscR,iucA,iucB,iucC,iucD,iutA,,,,kpaA_KP1_0334,kpaB_KP1_0335,,,kpaC__LM21,,kpaD__LM21,,kpaE__LM21,,,,,kpbC_KP1_0410,,,,kpbR__LM21,,,,,,kpdA_KP1_1401,kpdB_KP1_1402,kpdC_KP1_1403,kpdD_KP1_1404,,kpdR_KP_1400,kpdR__LM21,kpeA_KP1_2719,,kpeB__LM21,,kpeC__LM21,,kpeD__LM21,kpfA_KP1_4244,kpfB_KP1_4245,kpfC_KP1_4246,kpfD_KP1_4247,kpfR_KP1_4243,kpgA_KP1_4251,,kpgB__LM21,,kpgC__LM21,kpgD_KP1_4248,,,,,,,,,,,,,,,,,kpjA__LM21,kpjB__LM21,kpjC__LM21,kpjD__LM21,,,,,kvrA,kvrB,lacY,lamB,lon,lpp,lpxO,lysS,macA,macB,marA,marC,marR,,,,,,,,,,mdtC,mdtD,merB,mgrB,mgtA,mrkA,,mrkB,,mrkC,,mrkD,,,mrkF__LM21,mrkH,,mrkI__LM21,mrkJ,mutH,mutL,nlpD,nuoM,ompA,ompK36-ST307,,ompX,oqxB,oxqA,oxyR,,,,pagP,parC,parE,phoB,phoE,phoP,phoQ,phoR,pmrA,pmrB,pmrC,pmrF,pmrH,pmrI,pmrJ,pmrK,pmrL,pmrM,ppx,pta,ptsI,pyg,rcsA,rcsB,rcsC,rcsD,rcsF,rfaH,rimO,,rmpA2,,rob,rpoA,rpoB,rpoC,rpoD,rpoS,scrA,scrB,scrY,sitA,sitB,sitC,sitD,slyB,soxR,soxS,tamA,tamB,tdcA,tdcB,tdcC,tdcD,tdcE,tolC,,typA,ugd,ureA,uvrA,,wecA,xylA,,ybgE,ybgT,ybtA,ybtE,ybtP,ybtQ,ybtS,ybtT,ybtU,ybtX,ycfM,ydiY,yfaZ2,yjdL,
D2207137033,33,Klebsiella pneumoniae,33,1,79,65,0,1,1,1,1,1,0,0,1,1,1,0,0,0,1,0,0,0,322,15.49,4.64,56.74,99.5,98.15,92.87,159,465834,5361489,145931,79138,,klebsiella,299,gapA(2),infB(10),mdh(1),pgi(1),phoE(56),rpoB(24),tonB(31),Klebsiella pneumoniae,strong,5361489,no,-,ST299,0,2,1,1,-,0,-,0,-,0,-,0,-,0,-,wzi7,KL107,?-*,,0.9042,"KL107_04_wza,KL107_05_wzb,KL107_06_wzc,KL107_07_wbaP,KL107_08,KL107_09,KL107_10,KL107_12,KL107_13,KL107_14,KL107_15",O1v1,O1,none,Very high,0.9861,,-,-,-,-,-,-,-,-,-,-,-,-,-,-,-,-,NDM-1,-,-,OmpK37-80%,-,-,-,SHV-129?-0%,ST299,2,10,1,1,56,24,31,-,-,-,-,-,-,-,-,-,-,-,-,-,-,-,-,-,-,-,-,-,-,-,-,-,-,-,-,-,-,-,-,-,-,-,-,-,-,-,D2207137033,,,,,,,,,,,,,,,,,,,,,,,,,,,,,,,,,,,,,,,,,,,,,,,,,,,,,,,,,,,,,,,,,,,,,,,,,,,,,,,,blaNDM-1_1_FN396876,,,,,,,,,,,,,,,,,,,,,,,,,,,,,,,,,,,,,,,,,,,,,,,,,,,ble-MBL-NG_047559.1,,,,,,,,,,,,,,,,,,,,,,,,,,fosA6_1_KU254579,,,,,,,,,,,,,,,,,,oqxA10-NG_050418.1,,,,,,,,,,,,,oqxB17-NG_050435.1,,,,,,,,,,,,,,,,,,,,,,,,,,,,,,,,,,,,,,,,,D2207137033,,,,,Col(pHAD28)_1__KU674895,,,,,,,,,,IncFIA(HI1)_1__AF250878,,,,,IncFIB(K)_1__JN233704,,,,,,,,,,,,,,,,,,,,,,,,,,,,,,,IncX3_1__JN247852,,,,,,,,D2207137033,DadX_dadB,,,,KatG,,KpnE,KpnF,MutS,OmpK26,OmpK35,,OmpK38,OmpR,OmpU,OmpW,,PCR_FIB_repA,,,,,,,,PCR_khe,,,PmrD,RamA,RamR,RomA,,,,,,,,YbjG,YfaZ,acka,acrA,acrB,acrR,,,,,,,alr,,arcD-mexB,ardD1,,bamB,bamE,,cadA,cadB,cadC,,citA,,,,,,,,,,,,,,,,,,,cpxA.1,cpxR,crp,,,,csrD,cyaA_(2),cyoA,cyoB,cyoC,cyoD,dam,,,,,,,eefA,,eefC,eefX,entA,entB,entC,entE,entS,,feoA,feoB,fepA,fepB,fhlA,fhuA,fhuB,fhuC,fhuD,fimA,fimB,fimC,fimD,fimE,fimF,fimG,fimH,fimI,fimK-eal,folA,folp,fosA,fur,fusA,,,,gltB,,,gshA,gshB,hcp_T6SS1,hemN,hfg,hmuR,hns,hscA,hscB,,icmF2_T6SS3,,,,,,,,iscR,,,,,,,,,kpaA_KP1_0334,,,kpaC_KP1_0336,,kpaD_KP1_0337,,kpaE_KP1_0338,,kpbA_KP1_0412,,kpbB_KP1_0411,,,,,,kpbR__LM21,,,,,,,,,,,,,kpeA_KP1_2719,,kpeB__LM21,kpeC_KP1_2717,,,kpeD__LM21,,kpfB_KP1_4245,kpfC_KP1_4246,kpfD_KP1_4247,kpfR_KP1_4243,kpgA_KP1_4251,,kpgB__LM21,,kpgC__LM21,kpgD_KP1_4248,,,,,,,,,,,,,,,,,kpjA__LM21,kpjB__LM21,kpjC__LM21,kpjD__LM21,,,,,kvrA,kvrB,lacY,lamB,lon,lpp,lpxO,lysS,macA,macB,marA,marC,marR,,,,,,,,,,mdtC,mdtD,merB,mgrB,mgtA,mrkA,,,,,,mrkD,,,,mrkH,mrkI,,,mutH,mutL,nlpD,nuoM,ompA,,ompK36_ompC,ompX,oqxB,oxqA,oxyR,,p_pBK30683A,p_pNJST258N3,pagP,parC,parE,phoB,phoE,phoP,phoQ,phoR,pmrA,pmrB,pmrC,pmrF,pmrH,pmrI,pmrJ,pmrK,pmrL,pmrM,ppx,pta,ptsI,pyg,rcsA,rcsB,rcsC,rcsD,rcsF,rfaH,rimO,,,,rob,rpoA,rpoB,rpoC,rpoD,rpoS,scrA,scrB,scrY,sitA,sitB,sitC,sitD,slyB,soxR,soxS,tamA,tamB,tdcA,tdcB,tdcC,tdcD,tdcE,tolC,,typA,ugd,ureA,uvrA,,wecA,xylA,,ybgE,ybgT,,,,,,,,,ycfM,ydiY,yfaZ2,yjdL,
D2207137038,38,Klebsiella pneumoniae,38,0,77,51,0,1,0,1,1,1,1,0,1,1,1,0,1,0,1,0,1,0,327,16.06,4.82,57.19,98.83,96.52,90.15,51,1006352,5495453,321634,114420,,klebsiella,17,gapA(2),infB(1),mdh(1),pgi(1),phoE(4),rpoB(4),tonB(4),Klebsiella pneumoniae,strong,5495453,no,-,ST17,3,2,9,14,-,0,-,0,iuc 3,23,-,0,-,0,-,wzi141,KL25,-,High,0.9917,KL25_09_wfeD,O5,O5,*,High,0.9421,,aadA*;strA.v1^;strB.v1,-,-,qnrS1,-,-,cmlA5;floR.v1,arr-2,sul2,tet(A).v2,-,dfrA14.v2*,CMY-2.v2;LAP-2;OXA-10,-,-,-,NDM-5*,SHV-11.v1^,35Q,OmpK26-0%,-,-,-,-,ST17,2,1,1,1,4,4,4,-,-,-,-,-,-,-,-,-,-,-,-,-,-,-,-,-,-,-,-,-,-,-,-,-,-,14-2%,9,12,12,16,-,-,-,-,-,-,-,-,D2207137038,ARR-3_4_FM207631,,,,,,,,,,,,,,,,ant(3'')-Ia_1_X02340,,,aph(3'')-Ib_5_AF321551,,,,,,,,,aph(6)-Id_1_M28829,,,,,,,,,,,,,,,,,,,blaCMY-150_2_NG_060513,,,,,,,,,,,,,,,,,,,,,,,,blaLAP-2_1_EU159120,,,,,,,,,blaNDM-5_1_JN104597,,,,,,,,,,,blaOXA-10_1_J03427,,,,,,,,,,,,,,,,,,,,,,,,,,blaSHV-215-NG_062287.1,,,,,,,,,,,,,ble-MBL-NG_047559.1,,,,,,,,cmlA5-NG_051436.1,,dfrA14_5_DQ388123,,,,,,,,,,,,,floR-NG_047878.1,,,fosA6_1_KU254579,,,,,,,,,,,,,,,,,,,,,,oqxA6-NG_050424.1,,,,,,,,,,oqxB19-NG_050437.1,,,,,,,,,,,,,,,,,,,,qnrS1_1_AB187515,,,,,,sul2_2_AY034138,,,,tet(A)_6_AF534183,,,,,,,,,,D2207137038,,,,,,,,,,,ColRNAI_1__DQ298019,,,,,,,,,IncFIB(K)_1__JN233704,,,,,,,,,,,,,,,,,,,,,,,,,,,,,,,IncX3_1__JN247852,,IncX4_2__FN543504,,,,,,D2207137038,DadX_dadB,H239_3059,,,KatG,KexD,KpnE,KpnF,MutS,OmpK26,OmpK35,OmpK37,OmpK38,OmpR,OmpU,OmpW,,PCR_FIB_repA,,,,,,,,PCR_khe,,,PmrD,RamA,RamR,RomA,,,,,,,,YbjG,YfaZ,acka,acrA,acrB,acrR,,,,,,,alr,,arcD-mexB,ardD1,,bamB,bamE,,cadA,cadB,cadC,,citA,,,,,,,,,,,,,,,,,,,cpxA.1,cpxR,crp,crrA,crrB,crrC,csrD,cyaA_(2),cyoA,cyoB,cyoC,cyoD,dam,,,,,,,eefA,,eefC,eefX,entA,entB,entC,entE,entS,,feoA,feoB,fepA,fepB,fhlA,fhuA,fhuB,fhuC,fhuD,fimA,fimB,fimC,fimD,fimE,fimF,fimG,fimH,fimI,fimK-eal,folA,folp,fosA,fur,fusA,,gatR,,gltB,,,gshA,gshB,hcp_T6SS1,hemN,hfg,hmuR,hns,hscA,hscB,,,,,,,,,,iscR,iucA,iucB,iucC,iucD,iutA,,,,kpaA_KP1_0334,kpaB_KP1_0335,,,kpaC__LM21,,kpaD__LM21,,kpaE__LM21,,,,,,,,,,,,,,,kpdA_KP1_1401,kpdB_KP1_1402,kpdC_KP1_1403,kpdD_KP1_1404,,kpdR_KP_1400,kpdR__LM21,kpeA_KP1_2719,,kpeB__LM21,,kpeC__LM21,,kpeD__LM21,,,,,,kpgA_KP1_4251,,kpgB__LM21,,kpgC__LM21,kpgD_KP1_4248,,,,,,,,,,,,,,,,,kpjA__LM21,kpjB__LM21,kpjC__LM21,kpjD__LM21,,,,,kvrA,kvrB,lacY,lamB,lon,lpp,lpxO,lysS,macA,macB,marA,marC,marR,,,,,,,,,,mdtC,mdtD,merB,mgrB,mgtA,mrkA,,mrkB,,,mrkC__LM21,mrkD,,mrkF,,mrkH,,mrkI__LM21,mrkJ,mutH,mutL,nlpD,nuoM,ompA,,ompK36_ompC,ompX,oqxB,oxqA,oxyR,,,,pagP,parC,parE,phoB,phoE,phoP,phoQ,phoR,pmrA,pmrB,pmrC,pmrF,pmrH,pmrI,pmrJ,pmrK,pmrL,pmrM,ppx,pta,ptsI,pyg,rcsA,rcsB,rcsC,rcsD,rcsF,rfaH,rimO,,,,rob,rpoA,rpoB,rpoC,rpoD,rpoS,scrA,scrB,scrY,sitA,sitB,sitC,sitD,slyB,soxR,soxS,tamA,tamB,tdcA,tdcB,tdcC,tdcD,tdcE,tolC,,typA,ugd,ureA,uvrA,,wecA,xylA,,ybgE,ybgT,,,,,,,,,ycfM,ydiY,yfaZ2,yjdL,
D2207137039,39,Klebsiella pneumoniae,39,1,66,63,0,1,1,1,0,0,1,1,0,0,0,1,1,1,1,1,1,1,328,22.04,6.62,56.77,98.86,96.56,90.45,126,483188,5724774,114003,71049,,klebsiella,11,gapA(3),infB(3),mdh(1),pgi(1),phoE(1),rpoB(1),tonB(4),Klebsiella pneumoniae,strong,5724774,no,-,ST11,4,2,9,9,ybt 9; ICEKp3,503-2LV,-,0,iuc 1,1,-,0,-,0,rmpA2_3-47%,wzi64,KL64,none,Very high,0.9991,,O2v1,O2,none,Very high,0.9865,,aadA2,-,-,qnrS1,-,-,catII.2*,-,sul2,tet(A).v1,-,dfrA14.v2*,LAP-2,-,CTX-M-65,-,KPC-2,-,-,AcrR-43%;OmpK35-17%;OmpK36GD,-,GyrA-83I;GyrA-87G;ParC-80I,SHV-129?-81%,sul1*?-67%,ST11,3,3,1,1,1,1,4,140,11,6,5,1,305,65,9,5,5,244,-,-,-,-,-,-,-,-,-,-,-,-,-,-,-,1,1,1,1,1,-,-,-,-,-,-,-,iroN_1*-0%,D2207137039,,,,,,,,,,,,aadA2_1_NC_010870,,,,,,,,,,,,,,,,,,,,,,,,,,,,,,,,,,,,,,,,,,,,,blaCTX-M-65_1_EF418608,,,,,,,,,,,,blaKPC-2_1_AY034847,,,blaLAP-2_1_EU159120,,,,,,,,,,,,,,,,,,,,,,,,,,,,,,,,,,,,,,,,,,,blaSHV-187_1_LN515533,,,,,,,,,,,,,,,,,,,catA2-NG_047596.1,,,,,,,dfrA14_5_DQ388123,,,,,,,,,,,,,,,,fosA6_1_KU254579,,,,,,,,,,,,,,,,,,,,,,,,,,,,,,,,,,,,,,,,,,,,,,,,,,,,qnrS1_1_AB187515,,,,,,sul2_2_AY034138,,,,tet(A)_6_AF534183,,,,,,,,,,D2207137039,,,,,,,,,,,ColRNAI_1__DQ298019,,,,,,,,,,,,,,,,,,,,,,,IncFII(pHN7A8)_1__JN232517,,,,,IncHI1B(pNDM-MAR)_1__JN420336,,,,,,,,,IncR_1__DQ449578,,,,,,,,,,repB_KLEB_VIR_AP006726,D2207137039,DadX_dadB,H239_3059,,,KatG,KexD,KpnE,KpnF,MutS,OmpK26,OmpK35,OmpK37,OmpK38,OmpR,OmpU,OmpW,PCR_CG258_kphp1,PCR_FIB_repA,,,,,PCR_KL64-wzi64wzy,,,PCR_khe,PCR_pilL2,,PmrD,RamA,RamR,RomA,Tn4401-MEKPCI,,,,,,,YbjG,YfaZ,acka,acrA,acrB,,,,,,,,alr,,arcD-mexB,ardD1,,bamB,bamE,,cadA,cadB,cadC,,citA,,,,,,,,,,,,,,,,,,,cpxA.1,cpxR,crp,,,,csrD,cyaA_(2),cyoA,cyoB,cyoC,cyoD,dam,,,,,,,eefA,,eefC,eefX,entA,entB,entC,entE,entS,,feoA,feoB,fepA,fepB,fhlA,fhuA,fhuB,fhuC,fhuD,fimA,fimB,fimC,fimD,fimE,fimF,fimG,fimH,fimI,fimK-eal,folA,folp,fosA,fur,fusA,fyuA,gatR,,gltB,,,gshA,gshB,hcp_T6SS1,hemN,hfg,hmuR,hns,hscA,hscB,,icmF2_T6SS3,,,,,,irp1,irp2,iscR,iucA,iucB,iucC,iucD,iutA,,,,kpaA_KP1_0334,kpaB_KP1_0335,,,kpaC__LM21,,kpaD__LM21,,kpaE__LM21,,,,,kpbC_KP1_0410,,,,kpbR__LM21,,,,,,kpdA_KP1_1401,kpdB_KP1_1402,kpdC_KP1_1403,kpdD_KP1_1404,,kpdR_KP_1400,kpdR__LM21,kpeA_KP1_2719,,kpeB__LM21,,kpeC__LM21,,kpeD__LM21,,,,,,,,,,,,,,,,,,,,,,,,,,,,kpjA__LM21,kpjB__LM21,kpjC__LM21,kpjD__LM21,,,,,kvrA,kvrB,lacY,,lon,lpp,lpxO,lysS,macA,macB,marA,marC,marR,,,,,,,,,,mdtC,mdtD,merB,mgrB,mgtA,mrkA,,mrkB,,mrkC,,mrkD,,,mrkF__LM21,mrkH,,mrkI__LM21,mrkJ,mutH,mutL,nlpD,nuoM,ompA,ompK36-ST307,,ompX,,,oxyR,,,,pagP,parC,parE,phoB,phoE,phoP,phoQ,phoR,pmrA,pmrB,pmrC,pmrF,pmrH,pmrI,pmrJ,pmrK,pmrL,pmrM,ppx,pta,ptsI,pyg,rcsA,rcsB,rcsC,rcsD,rcsF,rfaH,rimO,,rmpA2,,rob,rpoA,rpoB,rpoC,rpoD,rpoS,scrA,scrB,scrY,sitA,sitB,sitC,sitD,slyB,soxR,soxS,tamA,tamB,tdcA,tdcB,tdcC,tdcD,tdcE,tolC,,typA,ugd,ureA,uvrA,,wecA,xylA,,ybgE,ybgT,ybtA,ybtE,ybtP,ybtQ,ybtS,ybtT,ybtU,ybtX,ycfM,ydiY,yfaZ2,yjdL,
D2207137042,42,Klebsiella pneumoniae,42,0,71,52,0,0,1,0,1,1,0,1,0,1,1,1,0,0,0,0,0,1,331,23.39,7.02,57.1,98.72,96.22,89.62,60,584642,5551464,268005,177562,,klebsiella,45,gapA(2),infB(1),mdh(1),pgi(6),phoE(7),rpoB(1),tonB(12),Klebsiella pneumoniae,strong,5551464,no,-,ST45,3,2,1,1,-,0,-,0,iuc 1,1,iro 1,1,rmp 1; KpVP-1,26,rmpA2_8-60%,wzi5,KL5,?-*,Good,0.9915,KL5_17_manC,O3b,O3b,?-,Good,0.994,O3b_01_manC,-,-,-,-,-,-,-,-,-,-,-,-,-,-,-,-,NDM-5,SHV-1,-,-,-,-,-,-,ST45,2,1,1,6,7,1,12,-,-,-,-,-,-,-,-,-,-,-,-,-,-,-,-,-,-,-,-,-,-,-,-,-,-,1,1,1,1,1,1,1,1,1,2,2,2,-,D2207137042,,,,,,,,,,,,,,,,,,,,,,,,,,,,,,,,,,,,,,,,,,,,,,,,,,,,,,,,,,,,,,,,,,,,,,,,,,,,,,,,,blaNDM-5_1_JN104597,,,,,,,,,,,,,,,,,,,,,,,,,,,,,,,,,,,,blaSHV-1_FJ668809.1,,,,,,,,,,,,,,ble-MBL-NG_047559.1,,,,,,,,,,,,,,,,,,,,,,,,,,,,,,fosA_5_AFBO01000747,,,,,,,,,,,,,,,oqxA11-NG_050419.1,,,,,,,,,,,,,,oqxB20-NG_050439.1,,,,,,,,,,,,,,,,,,,,,,,,,,,,,,,,,,,,,,,D2207137042,,,,,,,,,,,,,,,,,,,,,,,,,,,,,,,,,,,IncFII(pKP91)_1__CP000966,,,,,,,,,,,,,IncR_1__DQ449578,,,IncX3_1__JN247852,,,,,,,repB_KLEB_VIR_AP006726,D2207137042,DadX_dadB,H239_3059,,,KatG,KexD,KpnE,KpnF,MutS,OmpK26,OmpK35,OmpK37,OmpK38,OmpR,OmpU,OmpW,,PCR_FIB_repA,,,,,,,,PCR_khe,,,PmrD,RamA,RamR,RomA,,,,,,,,YbjG,YfaZ,acka,acrA,acrB,acrR,,,,,,,alr,,arcD-mexB,ardD1,,bamB,bamE,,cadA,cadB,cadC,,citA,,,,,,,,,,,,,,,,,,,cpxA.1,cpxR,crp,crrA,crrB,crrC,csrD,cyaA_(2),cyoA,cyoB,cyoC,cyoD,dam,,,,,,,eefA,,eefC,eefX,entA,entB,entC,entE,entS,,feoA,feoB,fepA,fepB,fhlA,fhuA,fhuB,fhuC,fhuD,fimA,fimB,fimC,fimD,fimE,fimF,fimG,fimH,fimI,fimK-eal,folA,folp,fosA,fur,fusA,,gatR,,gltB,,,gshA,gshB,hcp_T6SS1,hemN,hfg,hmuR,hns,hscA,hscB,,icmF2_T6SS3,imcF1_T6SS1,iroB,iroC,iroD,iroN,,,iscR,iucA,iucB,iucC,iucD,iutA,,,,kpaA_KP1_0334,kpaB_KP1_0335,,,kpaC__LM21,,kpaD__LM21,,kpaE__LM21,,kpbA__LM21,,kpbB__LM21,,kpbC__LM21,,kpbD__LM21,kpbR__LM21,,,,,,kpdA_KP1_1401,kpdB_KP1_1402,kpdC_KP1_1403,kpdD_KP1_1404,,kpdR_KP_1400,kpdR__LM21,kpeA_KP1_2719,,kpeB__LM21,kpeC_KP1_2717,,kpeD_KP1_2716,,,kpfB_KP1_4245,kpfC_KP1_4246,kpfD_KP1_4247,kpfR_KP1_4243,kpgA_KP1_4251,,kpgB__LM21,,kpgC__LM21,kpgD_KP1_4248,,,,,,,,,,,,,,,,,kpjA__LM21,kpjB__LM21,kpjC__LM21,kpjD__LM21,,,,,kvrA,kvrB,lacY,lamB,lon,lpp,lpxO,lysS,macA,macB,marA,marC,marR,,,,,,,,,,mdtC,mdtD,merB,mgrB,mgtA,mrkA,,mrkB,,mrkC,,mrkD,,,mrkF__LM21,mrkH,,mrkI__LM21,mrkJ,mutH,mutL,nlpD,nuoM,ompA,,ompK36_ompC,ompX,oqxB,oxqA,oxyR,p-rmpD-pK2044,,,pagP,parC,parE,phoB,phoE,phoP,phoQ,phoR,pmrA,pmrB,pmrC,pmrF,pmrH,pmrI,pmrJ,pmrK,pmrL,pmrM,ppx,pta,ptsI,pyg,rcsA,rcsB,rcsC,rcsD,rcsF,rfaH,rimO,rmpA,rmpA2,rmpC,rob,rpoA,rpoB,rpoC,rpoD,rpoS,scrA,scrB,scrY,sitA,sitB,sitC,sitD,slyB,soxR,soxS,tamA,tamB,tdcA,tdcB,tdcC,tdcD,tdcE,tolC,tufB,typA,ugd,ureA,uvrA,,wecA,xylA,,ybgE,ybgT,,,,,,,,,ycfM,ydiY,yfaZ2,yjdL,
D2207137043,43,Klebsiella pneumoniae,43,0,86,68,1,0,1,1,1,1,0,1,1,1,1,1,0,1,1,1,0,1,332,17.11,5.14,56.06,98.59,95.83,89.28,68,429678,5362911,192758,138913,,klebsiella,15,gapA(1),infB(1),mdh(1),pgi(1),phoE(1),rpoB(1),tonB(1),Klebsiella pneumoniae,strong,5362911,no,-,ST15,0,1,8,15,-,0,-,0,-,0,-,0,-,0,-,wzi25,KL25,-,High,0.9983,KL25_09_wfeD,O3b,O3b,none,Very high,0.9932,,aac(3)-IId^;aac(6')-Ib-cr.v2;aadA16*;aph(3')-IIa;rmtB;strA.v1;strB.v1,-,-,qnrB2.v2^,-,mphA,-,arr-3,sul1;sul1,tet(A).v1*,-,dfrA27,-,-,CTX-M-55,-,-,SHV-28.v1^,-,OmpK35-70%;OmpK36-38%,-,GyrA-83F;GyrA-87A;ParC-80I,TEM-141?-0%,floR.v1*?-0%,ST15,1,1,1,1,1,1,1,-,-,-,-,-,-,-,-,-,-,-,-,-,-,-,-,-,-,-,-,-,-,-,-,-,-,-,-,-,-,-,-,-,-,-,-,-,-,-,D2207137043,ARR-3_4_FM207631,,,aac(3)-IId-NG_047251.1,,,,aac(6')-Ib-cr_1_DQ303918,,aadA16-NG_047339.1,,,,,,,,,aph(3'')-Ib_2_AF024602,,aph(3')-IIa_2_V00618,,,,,,,,aph(6)-Id_1_M28829,,,,,,,,,,,,,,,,,,,,,,,,,,,blaCTX-M-55_1_DQ810789,,,,,,,,,,,,,,,,,,,,,,,,,,,,,,,,,,,,,,,,,,,,,,,,,,blaSHV-106_1_AM922307,,,,,,,,,,,,,,,,,,,,,,,blaTEM-209_1_KF240808,,,,,,,,,,,,,,,,,,dfrA27_1_FJ459817,,,,,,,,,,fosA6_1_KU254579,,,,,,,,,,,,,,,mph(A)_2_U36578,,,,,,,oqxA6-NG_050424.1,,,,,,,,,,,oqxB20-NG_050439.1,,,,,,,,,,,,,,,qnrB52_1_EF488762,,,,,,rmtB_1_AB103506,,,sul1_5_EU780013,,,,,tet(A)_6_AF534183,,,,,,,,,,D2207137043,,,,,Col(pHAD28)_1__KU674895,,,,,,,,,,,,,,,,,,,,,,,,,,,,,,,,,,,,,,,,,,,IncR_1__DQ449578,,IncX1_1__EU370913,,,,,,,,,D2207137043,DadX_dadB,,,,KatG,,KpnE,KpnF,MutS,OmpK26,OmpK35,OmpK37,OmpK38,OmpR,OmpU,OmpW,,,,,,,,,,PCR_khe,,,PmrD,RamA,RamR,RomA,,,,,,,,YbjG,YfaZ,acka,acrA,acrB,acrR,,,,,,,alr,,arcD-mexB,ardD1,,bamB,bamE,,cadA,cadB,cadC,cas3,citA,,,,,,,,,,,,,,,,,,,cpxA.1,cpxR,crp,,,,csrD,cyaA_(2),cyoA,cyoB,cyoC,cyoD,dam,,,,,,,eefA,,eefC,eefX,entA,entB,entC,entE,entS,,feoA,feoB,fepA,fepB,fhlA,fhuA,fhuB,fhuC,fhuD,fimA,fimB,fimC,fimD,fimE,fimF,fimG,fimH,fimI,fimK-eal,folA,folp,fosA,fur,fusA,,,,gltB,,,gshA,gshB,hcp_T6SS1,hemN,hfg,hmuR,hns,hscA,hscB,,icmF2_T6SS3,imcF1_T6SS1,,,,,,,iscR,,,,,,kfuA,kfuB,kfuC,kpaA_KP1_0334,,kpaB__LM21,,kpaC__LM21,kpaD_KP1_0337,,kpaE_KP1_0338,,kpbA_KP1_0412,,kpbB_KP1_0411,,,,,,kpbR__LM21,,,,,,,,,,,,,kpeA_KP1_2719,,kpeB__LM21,,kpeC__LM21,kpeD_KP1_2716,,,kpfB_KP1_4245,kpfC_KP1_4246,kpfD_KP1_4247,kpfR_KP1_4243,kpgA_KP1_4251,kpgB_KP1_4250,,,kpgC__LM21,,kpgD__LM21,,,,,kpiA,kpiB,kpiC,kpiD,kpiE,kpiF,kpiG,,,,,kpjA__LM21,kpjB__LM21,kpjC__LM21,kpjD__LM21,,,,,kvrA,kvrB,lacY,lamB,lon,lpp,lpxO,lysS,macA,macB,marA,marC,marR,,,,,,,,,,mdtC,mdtD,merB,mgrB,mgtA,mrkA,,mrkB,,,mrkC__LM21,mrkD,,,mrkF__LM21,mrkH,,mrkI__LM21,mrkJ,mutH,mutL,nlpD,nuoM,ompA,,,ompX,oqxB,oxqA,oxyR,,,,pagP,parC,parE,phoB,phoE,phoP,phoQ,phoR,pmrA,pmrB,pmrC,pmrF,pmrH,pmrI,pmrJ,pmrK,pmrL,pmrM,ppx,pta,ptsI,pyg,rcsA,rcsB,rcsC,rcsD,rcsF,rfaH,rimO,,,,rob,rpoA,rpoB,rpoC,rpoD,rpoS,scrA,scrB,scrY,sitA,sitB,sitC,sitD,slyB,soxR,soxS,tamA,tamB,tdcA,tdcB,tdcC,tdcD,tdcE,tolC,tufB,typA,ugd,ureA,uvrA,,wecA,xylA,,ybgE,ybgT,,,,,,,,,ycfM,ydiY,yfaZ2,yjdL,
D2207137052,52,Klebsiella pneumoniae,52,0,52,62,1,0,1,1,0,1,0,1,1,1,0,1,0,1,1,1,0,1,405,16.24,4.88,57.08,98.59,95.93,89.61,131,483757,5722917,114045,62977,,klebsiella,11,gapA(3),infB(3),mdh(1),pgi(1),phoE(1),rpoB(1),tonB(4),Klebsiella pneumoniae,strong,5722917,no,-,ST11,4,2,9,9,ybt 9; ICEKp3,503-2LV,-,0,iuc 1,1,-,0,-,0,rmpA2_3-47%,wzi64,KL64,none,Very high,0.9991,,O2v1,O2,none,Very high,0.9865,,aadA2,-,-,qnrS1,-,-,catII.2*,-,sul2,tet(A).v1,-,dfrA14.v2*,LAP-2,-,CTX-M-65,-,KPC-2,-,-,AcrR-43%;OmpK35-17%;OmpK36GD,-,GyrA-83I;GyrA-87G;ParC-80I,SHV-11.v1?-81%,sul1*?-67%,ST11,3,3,1,1,1,1,4,140,11,6,5,1,305,65,9,5,5,244,-,-,-,-,-,-,-,-,-,-,-,-,-,-,-,1,1,1,1,1,-,-,-,-,-,-,-,iroN_1*-0%,D2207137052,,,,,,,,,,,,aadA2_1_NC_010870,,,,,,,,,,,,,,,,,,,,,,,,,,,,,,,,,,,,,,,,,,,,,blaCTX-M-65_1_EF418608,,,,,,,,,,,,blaKPC-2_1_AY034847,,,blaLAP-2_1_EU159120,,,,,,,,,,,,,,,,,,,,,,,,,,,,,,,,,,,,blaSHV-11_1_X98101,,,,,,,,,,,,,,,,,,,,,,,,,,catA2-NG_047596.1,,,,,,,dfrA14_5_DQ388123,,,,,,,,,,,,,,,,fosA6_1_KU254579,,,,,,,,,,,,,,,,,,,,,,,,,,,,,,,,,,,,,,,,,,,,,,,,,,,,qnrS1_1_AB187515,,,,,,sul2_2_AY034138,,,,tet(A)_6_AF534183,,,,,,,,,,D2207137052,,,,,,,,,,,ColRNAI_1__DQ298019,,,,,,,,,,,,,,,,,,,,,,,IncFII(pHN7A8)_1__JN232517,,,,,IncHI1B(pNDM-MAR)_1__JN420336,,,,,,,,,IncR_1__DQ449578,,,,,,,,,,repB_KLEB_VIR_AP006726,D2207137052,DadX_dadB,H239_3059,,,KatG,KexD,KpnE,KpnF,MutS,OmpK26,OmpK35,OmpK37,OmpK38,OmpR,OmpU,OmpW,PCR_CG258_kphp1,PCR_FIB_repA,,,,,PCR_KL64-wzi64wzy,,,PCR_khe,PCR_pilL2,,PmrD,RamA,RamR,RomA,Tn4401-MEKPCI,,,,,,,YbjG,YfaZ,acka,acrA,acrB,,,,,,,,alr,,arcD-mexB,ardD1,,bamB,bamE,,cadA,cadB,cadC,,citA,,,,,,,,,,,,,,,,,,,cpxA.1,cpxR,crp,,,,csrD,cyaA_(2),cyoA,cyoB,cyoC,cyoD,dam,,,,,,,eefA,,eefC,eefX,entA,entB,entC,entE,entS,,feoA,feoB,fepA,fepB,fhlA,fhuA,fhuB,fhuC,fhuD,fimA,fimB,fimC,fimD,fimE,fimF,fimG,fimH,fimI,fimK-eal,folA,folp,fosA,fur,fusA,fyuA,gatR,,gltB,,,gshA,gshB,hcp_T6SS1,hemN,hfg,hmuR,hns,hscA,hscB,,icmF2_T6SS3,,,,,,irp1,irp2,iscR,iucA,iucB,iucC,iucD,iutA,,,,kpaA_KP1_0334,kpaB_KP1_0335,,,kpaC__LM21,,kpaD__LM21,,kpaE__LM21,,,,,kpbC_KP1_0410,,,,kpbR__LM21,,,,,,kpdA_KP1_1401,kpdB_KP1_1402,kpdC_KP1_1403,kpdD_KP1_1404,,kpdR_KP_1400,kpdR__LM21,kpeA_KP1_2719,,kpeB__LM21,,kpeC__LM21,,kpeD__LM21,,,,,,,,,,,,,,,,,,,,,,,,,,,,kpjA__LM21,kpjB__LM21,kpjC__LM21,kpjD__LM21,,,,,kvrA,kvrB,lacY,,lon,lpp,lpxO,lysS,macA,macB,marA,marC,marR,,,,,,,,,,mdtC,mdtD,merB,mgrB,mgtA,mrkA,,mrkB,,mrkC,,mrkD,,,mrkF__LM21,mrkH,,mrkI__LM21,mrkJ,mutH,mutL,nlpD,nuoM,ompA,ompK36-ST307,,ompX,,,oxyR,,,,pagP,parC,parE,phoB,phoE,phoP,phoQ,phoR,pmrA,pmrB,pmrC,pmrF,pmrH,pmrI,pmrJ,pmrK,pmrL,pmrM,ppx,pta,ptsI,pyg,rcsA,rcsB,rcsC,rcsD,rcsF,rfaH,rimO,,rmpA2,,rob,rpoA,rpoB,rpoC,rpoD,rpoS,scrA,scrB,scrY,sitA,sitB,sitC,sitD,slyB,soxR,soxS,tamA,tamB,tdcA,tdcB,tdcC,tdcD,tdcE,tolC,,typA,ugd,ureA,uvrA,,wecA,xylA,,ybgE,ybgT,ybtA,ybtE,ybtP,ybtQ,ybtS,ybtT,ybtU,ybtX,ycfM,ydiY,yfaZ2,yjdL,
D2207137053,53,Klebsiella pneumoniae,53,0,57,60,1,1,1,1,0,0,1,1,1,0,0,1,1,1,1,1,1,1,406,18.56,5.56,56.84,98.74,96.26,89.72,115,354004,5726668,129830,68146,,klebsiella,11,gapA(3),infB(3),mdh(1),pgi(1),phoE(1),rpoB(1),tonB(4),Klebsiella pneumoniae,strong,5726668,no,-,ST11,1,2,9,11,ybt 9; ICEKp3,503,-,0,-,0,-,0,-,0,-,wzi64,KL64,-,High,0.9971,KL64_15_wbaZ,O2v1,O2,none,Very high,0.9865,,aadA2;rmtB;strA.v1^;strB.v1,-,fosA3,-,-,-,-,-,sul2,tet(A).v1,-,dfrA1.v1,TEM-1D.v1^,-,CTX-M-65,-,KPC-2,SHV-11.v1,35Q,AcrR-43%;OmpK35-17%;OmpK36GD,-,GyrA-83I;GyrA-87G;ParC-80I,catII.2*?-89%,sul1?-0%;sul1?-67%,ST11,3,3,1,1,1,1,4,140,11,6,5,1,60,65,9,5,5,11,-,-,-,-,-,-,-,-,-,-,-,-,-,-,-,-,-,-,-,-,-,-,-,-,-,-,-,-,D2207137053,,,,,,,,,,,,aadA2_1_NC_010870,,,,,,,,aph(3'')-Ib_5_AF321551,,,,,,,,,aph(6)-Id_1_M28829,,,,,,,,,,,,,,,,,,,,,,,,,,,,blaCTX-M-65_1_EF418608,,,,,,,,,,,,blaKPC-2_1_AY034847,,,,,,,,,,,,,,,,,,,,,,,,,,,,,,,,,,,,,,,,,,blaSHV-11_CP036450,,,,,,,,,,,,,,,blaTEM-1B_1_AY458016,,,,,,,,catA2-NG_047596.1,,,,,,,,,,,dfrA1_8_X00926,,,,,,,,,,fosA3_1_AB522970,,fosA6_1_KU254579,,,,,,,,,,,,,,,,,,,,,,,,,,oqxA_1_EU370913,,,,,,,,,,,,,,,oqxB_1_EU370913,,,,,,,,,,,,,rmtB_1_AB103506,,,,sul2_2_AY034138,,,,tet(A)_6_AF534183,,,,,,,,,,D2207137053,,,,,,,,,,,ColRNAI_1__DQ298019,,,,,,,,,IncFIB(K)_1__JN233704,,,,,,,,,,,,,,IncFII(pHN7A8)_1__JN232517,IncFII(pKP91)_1__CP000966,,,,,,,,,,,,,IncR_1__DQ449578,,,,,,,,,,,D2207137053,DadX_dadB,H239_3059,,,KatG,KexD,KpnE,KpnF,MutS,OmpK26,OmpK35,OmpK37,OmpK38,OmpR,OmpU,OmpW,PCR_CG258_kphp1,PCR_FIB_repA,,,,,PCR_KL64-wzi64wzy,,,PCR_khe,PCR_pilL2,,PmrD,RamA,RamR,RomA,Tn4401-MEKPCI,,,,,,,YbjG,YfaZ,acka,acrA,acrB,,,,,,,,alr,,arcD-mexB,,,bamB,bamE,,cadA,cadB,cadC,,citA,,,,,,,,,,,,,,,,,,,cpxA.1,cpxR,crp,,,,csrD,cyaA_(2),cyoA,cyoB,cyoC,cyoD,dam,,,,,,,eefA,,eefC,eefX,entA,entB,entC,entE,entS,,feoA,feoB,fepA,fepB,fhlA,fhuA,fhuB,fhuC,fhuD,fimA,fimB,fimC,fimD,fimE,fimF,fimG,fimH,fimI,fimK-eal,folA,folp,fosA,fur,fusA,fyuA,gatR,,gltB,,,gshA,gshB,hcp_T6SS1,hemN,hfg,hmuR,hns,hscA,hscB,,icmF2_T6SS3,,,,,,irp1,irp2,iscR,,,,,,,,,kpaA_KP1_0334,kpaB_KP1_0335,,,kpaC__LM21,,kpaD__LM21,,kpaE__LM21,,,,,kpbC_KP1_0410,,,,kpbR__LM21,,,,,,kpdA_KP1_1401,kpdB_KP1_1402,kpdC_KP1_1403,kpdD_KP1_1404,,kpdR_KP_1400,kpdR__LM21,kpeA_KP1_2719,,kpeB__LM21,,kpeC__LM21,,kpeD__LM21,kpfA_KP1_4244,kpfB_KP1_4245,kpfC_KP1_4246,kpfD_KP1_4247,kpfR_KP1_4243,kpgA_KP1_4251,,kpgB__LM21,,kpgC__LM21,kpgD_KP1_4248,,,,,,,,,,,,,,,,,kpjA__LM21,kpjB__LM21,kpjC__LM21,kpjD__LM21,,,,,kvrA,kvrB,lacY,lamB,lon,lpp,lpxO,lysS,macA,macB,marA,marC,marR,,,,,,,,,,mdtC,mdtD,merB,mgrB,mgtA,mrkA,,mrkB,,mrkC,,mrkD,,,mrkF__LM21,mrkH,,mrkI__LM21,mrkJ,mutH,mutL,nlpD,nuoM,ompA,ompK36-ST307,,ompX,oqxB,oxqA,oxyR,,,,pagP,parC,parE,phoB,phoE,phoP,phoQ,phoR,pmrA,pmrB,pmrC,pmrF,pmrH,pmrI,pmrJ,pmrK,pmrL,pmrM,ppx,pta,ptsI,pyg,rcsA,rcsB,rcsC,rcsD,rcsF,rfaH,rimO,,,,rob,rpoA,rpoB,rpoC,rpoD,rpoS,scrA,scrB,scrY,sitA,sitB,sitC,sitD,slyB,soxR,soxS,tamA,,tdcA,tdcB,tdcC,tdcD,tdcE,tolC,,typA,ugd,ureA,uvrA,,wecA,xylA,,ybgE,ybgT,ybtA,ybtE,ybtP,ybtQ,ybtS,ybtT,ybtU,ybtX,ycfM,ydiY,yfaZ2,yjdL,
D2207137063,63,Klebsiella pneumoniae,63,0,72,64,1,0,0,1,0,0,1,1,1,0,0,0,1,0,1,0,0,1,416,18.52,5.56,56.98,98.87,96.6,90.59,94,606581,5628049,198632,95570,,klebsiella,15,gapA(1),infB(1),mdh(1),pgi(1),phoE(1),rpoB(1),tonB(1),Klebsiella pneumoniae,strong,5628049,no,-,ST15,1,2,8,8,ybt 14; ICEKp12,143-3LV,-,0,-,0,-,0,-,0,-,wzi19,KL19,*,High,0.949,,O1v2,O1,none,Very high,0.9999,,aac(3)-IId^;aadA2^,-,-,-,-,mphA,-,-,sul1,-,-,dfrA12,TEM-1D.v1^,-,CTX-M-15,-,KPC-2,SHV-28.v1^,-,AcrR-49%,-,GyrA-83F;GyrA-87A;ParC-80I,-,-,ST15,1,1,1,1,1,1,1,4,4,5,4,1,294,329,2,4,101,2,-,-,-,-,-,-,-,-,-,-,-,-,-,-,-,-,-,-,-,-,-,-,-,-,-,-,-,-,D2207137063,,,,aac(3)-IId-NG_047251.1,,,,,,,,aadA2_1_NC_010870,,,,,,,,,,,,,,,,,,,,,,,,,,,,,,,,,,,,,,,,blaCTX-M-15_1_AY044436,,,,,,,,,,,,,,,,,blaKPC-2_1_AY034847,,,,,,,,,,,,,,,,,,,,,,,,,,,,,,,,,,,,,blaSHV-106_1_AM922307,,,,,,,,,,,,,,,,,,,,blaTEM-1B_1_AY458016,,,,,,,,,,,,,,dfrA12_8_AM040708,,,,,,,,,,,,,,,,,fosA6_1_KU254579,,,,,,,,,,,,,,,mph(A)_2_U36578,,,,,,,oqxA6-NG_050424.1,,,,,,,,,,,oqxB20-NG_050439.1,,,,,,,,,,,,,,,,,,,,,,,,sul1_5_EU780013,,,,,,,,,,,,,,,D2207137063,,,,,,,,,,,ColRNAI_1__DQ298019,,,,,,,,,IncFIB(K)_1__JN233704,,,,,,,,,,,,,,,,,,,,,,,,,,,,,,,,,,,,,,,D2207137063,DadX_dadB,,,,KatG,,KpnE,KpnF,MutS,OmpK26,OmpK35,OmpK37,OmpK38,OmpR,OmpU,OmpW,,PCR_FIB_repA,,,,,,,,PCR_khe,,,PmrD,RamA,RamR,RomA,Tn4401-MEKPCI,,,,,,,YbjG,YfaZ,acka,acrA,acrB,,,,,,,,alr,,arcD-mexB,ardD1,,bamB,bamE,,cadA,cadB,cadC,cas3,citA,,,,,,,,,,,,,,,,,,,cpxA.1,cpxR,crp,,,,csrD,cyaA_(2),cyoA,cyoB,cyoC,cyoD,dam,,,,,,,eefA,,eefC,eefX,entA,entB,entC,entE,entS,,feoA,feoB,fepA,fepB,fhlA,fhuA,fhuB,fhuC,fhuD,fimA,fimB,fimC,fimD,fimE,fimF,fimG,fimH,fimI,fimK-eal,folA,folp,fosA,fur,fusA,fyuA,,,gltB,,,gshA,gshB,hcp_T6SS1,hemN,hfg,hmuR,hns,hscA,hscB,,icmF2_T6SS3,imcF1_T6SS1,,,,,irp1,irp2,iscR,,,,,,kfuA,kfuB,kfuC,kpaA_KP1_0334,,kpaB__LM21,,kpaC__LM21,kpaD_KP1_0337,,kpaE_KP1_0338,,kpbA_KP1_0412,,kpbB_KP1_0411,,,,,,kpbR__LM21,,,,,,,,,,,,,kpeA_KP1_2719,,kpeB__LM21,,kpeC__LM21,,kpeD__LM21,,kpfB_KP1_4245,kpfC_KP1_4246,kpfD_KP1_4247,kpfR_KP1_4243,kpgA_KP1_4251,kpgB_KP1_4250,,,kpgC__LM21,,kpgD__LM21,,,,,kpiA,kpiB,kpiC,kpiD,kpiE,kpiF,kpiG,,,,,kpjA__LM21,kpjB__LM21,kpjC__LM21,kpjD__LM21,,,,,kvrA,kvrB,lacY,lamB,lon,lpp,lpxO,lysS,macA,macB,marA,marC,marR,,,,,,,,,,mdtC,mdtD,merB,mgrB,mgtA,mrkA,,mrkB,,,mrkC__LM21,mrkD,,,mrkF__LM21,mrkH,,mrkI__LM21,mrkJ,mutH,mutL,nlpD,nuoM,ompA,,ompK36_ompC,ompX,oqxB,oxqA,oxyR,,,p_pNJST258N3,pagP,parC,parE,phoB,phoE,phoP,phoQ,phoR,pmrA,pmrB,pmrC,pmrF,pmrH,pmrI,pmrJ,pmrK,pmrL,pmrM,ppx,pta,ptsI,pyg,rcsA,rcsB,rcsC,rcsD,rcsF,rfaH,rimO,,,,rob,rpoA,rpoB,rpoC,rpoD,rpoS,scrA,scrB,scrY,sitA,sitB,sitC,sitD,slyB,soxR,soxS,tamA,tamB,tdcA,tdcB,tdcC,tdcD,tdcE,tolC,,typA,ugd,ureA,uvrA,,wecA,xylA,,ybgE,ybgT,ybtA,ybtE,ybtP,ybtQ,ybtS,ybtT,ybtU,ybtX,ycfM,ydiY,yfaZ2,yjdL,
D2207137066,66,Klebsiella pneumoniae,66,0,80,57,0,1,1,1,0,0,0,0,1,0,0,0,1,0,1,0,0,0,419,16.67,5,56.63,98.66,96.03,89.52,58,885741,5541626,254517,172510,,klebsiella,35,gapA(2),infB(1),mdh(2),pgi(1),phoE(10),rpoB(1),tonB(19),Klebsiella pneumoniae,strong,5541626,no,-,ST35,1,2,9,13,ybt 9; ICEKp3,173-1LV,-,0,-,0,-,0,-,0,-,wzi16,KL16,none,Very high,0.9941,,O1v1,O1,none,Very high,0.9851,,aac(6')-Ib-cr.v2;aadA16*;aph3-Ia.v1,-,-,qnrB6^;qnrS1,-,mphA,-,arr-3,sul1,-,-,dfrA14.v2*;dfrA27,TEM-1D.v1^,-,CTX-M-55,-,NDM-1,SHV-33,-,-,-,-,-,-,ST35,2,1,2,1,10,1,19,5,11,6,5,1,369,37,9,5,5,11,-,-,-,-,-,-,-,-,-,-,-,-,-,-,-,-,-,-,-,-,-,-,-,-,-,-,-,-,D2207137066,ARR-3_4_FM207631,,,,,,,aac(6')-Ib-cr_1_DQ303918,,aadA16-NG_047339.1,,,,,,,,,,,,,,aph(3')-Ia_1_V00359,,,,,,,,,,,,,,,,,,,,,,,,,,,,,,,,blaCTX-M-55_1_DQ810789,,,,,,,,,,,,,,,,,,,,,,,,blaNDM-1_1_FN396876,,,,,,,,,,,,,,,,,,,,,,,,,,,,,,,,,,,,,,,blaSHV-33_1_AY037779,,,,,,,,blaTEM-1C_1_FJ560503,,,,,,,,,,,,,,dfrA14_5_DQ388123,,,,,,dfrA27_1_FJ459817,,,,,,,,,,fosA6_1_KU254579,,,,,,,,,,,,,,,mph(A)_2_U36578,,,,,oqxA3-NG_050421.1,,,,,,,,,oqxB12-NG_050430.1,,,,,,,,,,,,,,,,,,,,qnrB6_2_EF523819,,,qnrS1_1_AB187515,,,,,sul1_5_EU780013,,,,,,,,,,,,,,,D2207137066,,,,,,Col156_1__NC_009781,,,Col440I_1__CP023920,,,,,,,,,,,,,,,,,,,,,,,,,,,,,,,,,,,,IncN_1__AY046276,,,,,,,,,,,,,,D2207137066,DadX_dadB,,,,KatG,,KpnE,KpnF,MutS,OmpK26,OmpK35,OmpK37,OmpK38,OmpR,OmpU,OmpW,,,,,,,,,,PCR_khe,,,PmrD,RamA,RamR,RomA,,,,,,,,YbjG,YfaZ,acka,acrA,acrB,acrR,,,,,,,alr,,arcD-mexB,ardD1,,bamB,bamE,,cadA,cadB,cadC,cas3,citA,,,,,,,,,,,,,,,,,,,cpxA.1,cpxR,crp,,,,csrD,cyaA_(2),cyoA,cyoB,cyoC,cyoD,dam,,,,,,,eefA,,eefC,eefX,entA,entB,entC,entE,entS,,feoA,feoB,fepA,fepB,fhlA,fhuA,fhuB,fhuC,fhuD,fimA,fimB,fimC,fimD,fimE,fimF,fimG,fimH,fimI,fimK-eal,folA,folp,fosA,fur,fusA,fyuA,,,gltB,,,gshA,gshB,hcp_T6SS1,hemN,hfg,hmuR,hns,hscA,hscB,,,,,,,,irp1,irp2,iscR,,,,,,kfuA,kfuB,kfuC,kpaA_KP1_0334,,kpaB__LM21,kpaC_KP1_0336,,kpaD_KP1_0337,,kpaE_KP1_0338,,kpbA_KP1_0412,,kpbB_KP1_0411,,kpbC_KP1_0410,,,,kpbR__LM21,,,,,,kpdA_KP1_1401,kpdB_KP1_1402,kpdC_KP1_1403,kpdD_KP1_1404,,kpdR_KP_1400,kpdR__LM21,kpeA_KP1_2719,,kpeB__LM21,kpeC_KP1_2717,,kpeD_KP1_2716,,,kpfB_KP1_4245,kpfC_KP1_4246,kpfD_KP1_4247,kpfR_KP1_4243,kpgA_KP1_4251,,kpgB__LM21,,kpgC__LM21,kpgD_KP1_4248,,kphA_KPST380_RS20710,kphB_KPST380_RS20705,kphC_KPST380_RS20700,kphD_KPST380_RS20695,,,,,,,,,,,,kpjA__LM21,kpjB__LM21,kpjC__LM21,kpjD__LM21,kvgA,kvgQ,kvgR,kvgS,kvrA,kvrB,lacY,lamB,lon,lpp,lpxO,lysS,macA,macB,marA,marC,marR,,,,,,,,,,mdtC,mdtD,merB,mgrB,mgtA,mrkA,,mrkB,,mrkC,,mrkD,,,mrkF__LM21,mrkH,mrkI,,mrkJ,mutH,mutL,nlpD,nuoM,ompA,,ompK36_ompC,ompX,oqxB,oxqA,oxyR,,,p_pNJST258N3,pagP,parC,parE,phoB,phoE,phoP,phoQ,phoR,pmrA,pmrB,pmrC,pmrF,pmrH,pmrI,pmrJ,pmrK,pmrL,pmrM,ppx,pta,ptsI,pyg,rcsA,rcsB,rcsC,rcsD,rcsF,rfaH,rimO,,,,rob,rpoA,rpoB,rpoC,rpoD,rpoS,scrA,scrB,scrY,sitA,sitB,sitC,sitD,slyB,soxR,soxS,tamA,tamB,tdcA,tdcB,tdcC,tdcD,tdcE,tolC,,typA,ugd,ureA,uvrA,wcaG,wecA,xylA,,ybgE,ybgT,ybtA,ybtE,ybtP,ybtQ,ybtS,ybtT,ybtU,ybtX,ycfM,ydiY,yfaZ2,yjdL,
D2207137071,71,Klebsiella pneumoniae,71,0,80,67,0,0,1,1,0,1,0,1,1,1,0,1,1,1,1,1,0,1,425,19.23,5.76,57.06,98.8,96.41,90.03,120,337121,5813645,130261,69326,,klebsiella,11,gapA(3),infB(3),mdh(1),pgi(1),phoE(1),rpoB(1),tonB(4),Klebsiella pneumoniae,strong,5813645,no,-,ST11,4,2,9,12,ybt 9; ICEKp3,503-1LV,-,0,iuc 1,1,-,0,-,0,rmpA2_3-47%,-,KL25,-,High,0.984,KL25_09_wfeD,O2v1,O2,none,Very high,0.9811,,aadA2;rmtB,-,-,qnrS1,-,-,catII.2*,-,sul2,tet(A).v1*,-,dfrA14.v2*,LAP-2;TEM-1D.v1^,-,CTX-M-65;SHV-12,-,KPC-2,-,238S;240K;35Q,AcrR-43%;OmpK35-17%;OmpK36GD,-,GyrA-83I;GyrA-87G;ParC-80I,-,sul1*?-67%,ST11,3,3,1,1,1,1,4,140,11,6,5,1,305,65,9,5,5,11,-,-,-,-,-,-,-,-,-,-,-,-,-,-,-,1,1,1,1,1,-,-,-,-,-,-,-,-,D2207137071,,,,,,,,,,,,aadA2_1_NC_010870,,,,,,,,,,,,,,,,,,,,,,,,,,,,,,,,,,,,,,,,,,,,,blaCTX-M-65_1_EF418608,,,,,,,,,,,,blaKPC-2_1_AY034847,,,blaLAP-2_1_EU159120,,,,,,,,,,,,,,,,,,,,,,,,,,,,,,,,,,,,,,,,,,blaSHV-12_1_KF976405,,,,,,,,,,,,blaTEM-1B_1_AY458016,,,,,,,,catA2-NG_047596.1,,,,,,,dfrA14_5_DQ388123,,,,,,,,,,,,,,,,fosA6_1_KU254579,,,,,,,,,,,,,,,,,,,,,,,,,,,,,,,,,,,,,,,,,,,,,,,,,,,,qnrS1_1_AB187515,,rmtB_1_AB103506,,,,sul2_2_AY034138,,,,tet(A)_6_AF534183,,,,,,,,,,D2207137071,,,,,,,,,,,ColRNAI_1__DQ298019,,,,,,,,,,,,,,,,,,,,,,,IncFII(pHN7A8)_1__JN232517,,,,,IncHI1B(pNDM-MAR)_1__JN420336,,,,,,,,,IncR_1__DQ449578,,,,,,,,,,repB_KLEB_VIR_AP006726,D2207137071,DadX_dadB,H239_3059,,,KatG,KexD,KpnE,KpnF,MutS,OmpK26,OmpK35,OmpK37,OmpK38,OmpR,OmpU,OmpW,PCR_CG258_kphp1,PCR_FIB_repA,,,,,,,,PCR_khe,PCR_pilL2,,PmrD,RamA,RamR,RomA,Tn4401-MEKPCI,,,,,,,YbjG,YfaZ,acka,acrA,acrB,,,,,,,,alr,,arcD-mexB,ardD1,,bamB,bamE,,cadA,cadB,cadC,,citA,,,,,,,,,,,,,,,,,,,cpxA.1,cpxR,crp,,,,csrD,cyaA_(2),cyoA,cyoB,cyoC,cyoD,dam,,,,,,,eefA,,eefC,eefX,entA,entB,entC,entE,entS,,feoA,feoB,fepA,fepB,fhlA,fhuA,fhuB,fhuC,fhuD,fimA,fimB,fimC,fimD,fimE,fimF,fimG,fimH,fimI,fimK-eal,folA,folp,fosA,fur,fusA,fyuA,gatR,,gltB,,,gshA,gshB,hcp_T6SS1,hemN,hfg,hmuR,hns,hscA,hscB,,icmF2_T6SS3,,,,,,irp1,irp2,iscR,iucA,iucB,iucC,iucD,iutA,,,,kpaA_KP1_0334,kpaB_KP1_0335,,,kpaC__LM21,,kpaD__LM21,,kpaE__LM21,,,,,kpbC_KP1_0410,,,,kpbR__LM21,,,,,,kpdA_KP1_1401,kpdB_KP1_1402,kpdC_KP1_1403,kpdD_KP1_1404,,kpdR_KP_1400,kpdR__LM21,kpeA_KP1_2719,,kpeB__LM21,,kpeC__LM21,,kpeD__LM21,,,,,,,,,,,,,,,,,,,,,,,,,,,,kpjA__LM21,kpjB__LM21,kpjC__LM21,kpjD__LM21,,,,,kvrA,kvrB,lacY,lamB,lon,lpp,lpxO,lysS,macA,macB,marA,marC,marR,,,,,,,,,,mdtC,mdtD,merB,mgrB,mgtA,mrkA,,mrkB,,mrkC,,mrkD,,,mrkF__LM21,mrkH,,mrkI__LM21,mrkJ,mutH,mutL,nlpD,nuoM,ompA,ompK36-ST307,,ompX,,,oxyR,,,,pagP,parC,parE,phoB,phoE,phoP,phoQ,phoR,pmrA,pmrB,pmrC,pmrF,pmrH,pmrI,pmrJ,pmrK,pmrL,pmrM,ppx,pta,ptsI,pyg,rcsA,rcsB,rcsC,rcsD,rcsF,rfaH,rimO,,rmpA2,,rob,rpoA,rpoB,rpoC,rpoD,rpoS,scrA,scrB,scrY,sitA,sitB,sitC,sitD,slyB,soxR,soxS,tamA,tamB,tdcA,tdcB,tdcC,tdcD,tdcE,tolC,,typA,ugd,ureA,uvrA,,wecA,xylA,,ybgE,ybgT,ybtA,ybtE,ybtP,ybtQ,ybtS,ybtT,ybtU,ybtX,ycfM,ydiY,yfaZ2,yjdL,
D2207137072,72,Klebsiella pneumoniae,72,0,87,55,0,1,1,1,0,1,0,1,0,1,0,1,0,1,1,1,0,1,428,13.53,4.06,55.64,98.75,96.3,89.47,96,382015,5227815,129739,91396,,klebsiella,540,gapA(2),infB(1),mdh(71),pgi(1),phoE(3),rpoB(3),tonB(18),Klebsiella pneumoniae,strong,5227815,no,-,ST540,0,2,11,13,-,0,-,0,-,0,-,0,-,0,-,wzi21,KL21,?-*,Good,0.9856,"KL21_12_wbaP,KL21_14_wcaL",O2v1,O2,none,Very high,0.9869,,aadA16*,-,-,qnrS1;qnrVC4,-,mphA,cmlA5;floR.v1,arr-3,sul1,tet(A).v2^,-,dfrA27,TEM-1D.v1^,-,CTX-M-3,-,KPC-2,SHV-42,25S,OmpK36-87%,-,-,-,-,ST540,2,1,71,1,3,3,18,-,-,-,-,-,-,-,-,-,-,-,-,-,-,-,-,-,-,-,-,-,-,-,-,-,-,-,-,-,-,-,-,-,-,-,-,-,-,-,D2207137072,ARR-3_4_FM207631,,,,,,,,,aadA16-NG_047339.1,,,,,,,,,,,,,,,,,,,,,,,,,,,,,,,,,,,,,,,,,,,,,blaCTX-M-3_1_Y10278,,,,,,,,,,,,,,blaKPC-2_1_AY034847,,,,,,,,,,,,,,,,,,,,,,,,,,,,,,,,,,,,,,,,,,,,,,,,,,,blaSHV-42_1_AF535130,,,,,,,blaTEM-1C_1_FJ560503,,,,,,,,,,,,cmlA5-NG_051436.1,,,,,,,,dfrA27_1_FJ459817,,,,,,,floR-NG_047878.1,,,fosA6_1_KU254579,,,,,,,,,,,,,,,mph(A)_2_U36578,,,oqxA10-NG_050418.1,,,,,,,,,,,,,,,oqxB20-NG_050439.1,,,,,,,,,,,,,,,,,,,qnrS1_1_AB187515,qnrVC4_1_GQ891757,,,,sul1_5_EU780013,,,,,tet(A)_6_AF534183,,,,,,,,,,D2207137072,,,,,Col(pHAD28)_1__KU674895,,,,,,,,,,,,,,,IncFIB(K)_1__JN233704,,,,,,,,,,,,,,,,,,,,,,,,,,,,,,,,,,,,,,,D2207137072,DadX_dadB,,,,KatG,,KpnE,KpnF,MutS,OmpK26,OmpK35,OmpK37,OmpK38,OmpR,OmpU,OmpW,,PCR_FIB_repA,,,,,,,,PCR_khe,,,PmrD,RamA,RamR,RomA,,,,,,,,YbjG,YfaZ,acka,acrA,acrB,acrR,,,,,,,alr,,arcD-mexB,ardD1,,bamB,bamE,,cadA,cadB,cadC,,citA,,,,,,,,,,,,,,,,,,,cpxA.1,cpxR,crp,,,,csrD,cyaA_(2),cyoA,cyoB,cyoC,cyoD,dam,,,,,,,eefA,,eefC,eefX,entA,entB,entC,entE,entS,,feoA,feoB,fepA,fepB,fhlA,fhuA,fhuB,fhuC,fhuD,fimA,fimB,fimC,fimD,fimE,fimF,fimG,fimH,fimI,fimK-eal,folA,folp,fosA,fur,fusA,,,,gltB,,,gshA,gshB,hcp_T6SS1,hemN,hfg,hmuR,hns,hscA,hscB,,icmF2_T6SS3,,,,,,,,iscR,,,,,,,,,kpaA_KP1_0334,,kpaB__LM21,kpaC_KP1_0336,,kpaD_KP1_0337,,kpaE_KP1_0338,,kpbA_KP1_0412,,kpbB_KP1_0411,,,,,,kpbR__LM21,,,,,,,,,,,,,kpeA_KP1_2719,,kpeB__LM21,,kpeC__LM21,,kpeD__LM21,kpfA_KP1_4244,kpfB_KP1_4245,kpfC_KP1_4246,kpfD_KP1_4247,kpfR_KP1_4243,kpgA_KP1_4251,,kpgB__LM21,,kpgC__LM21,kpgD_KP1_4248,,,,,,,,,,,,,,,,,kpjA__LM21,kpjB__LM21,kpjC__LM21,kpjD__LM21,,,,,kvrA,kvrB,lacY,lamB,lon,lpp,lpxO,lysS,macA,macB,marA,marC,marR,,,,,,,,,,mdtC,mdtD,merB,mgrB,mgtA,mrkA,,mrkB,,mrkC,,mrkD,,,,,,mrkI__LM21,mrkJ,mutH,mutL,nlpD,nuoM,ompA,,ompK36_ompC,ompX,oqxB,oxqA,oxyR,,,,pagP,parC,parE,phoB,phoE,phoP,phoQ,phoR,pmrA,pmrB,pmrC,pmrF,pmrH,pmrI,pmrJ,pmrK,pmrL,pmrM,ppx,pta,ptsI,pyg,rcsA,rcsB,rcsC,rcsD,rcsF,rfaH,rimO,,,,rob,rpoA,rpoB,rpoC,rpoD,rpoS,scrA,scrB,scrY,sitA,sitB,sitC,sitD,slyB,soxR,soxS,tamA,tamB,tdcA,tdcB,tdcC,tdcD,tdcE,tolC,,typA,ugd,ureA,uvrA,,wecA,xylA,,ybgE,ybgT,,,,,,,,,ycfM,ydiY,yfaZ2,yjdL,
D2207137075,75,Klebsiella pneumoniae,75,0,71,65,1,1,0,1,1,1,0,0,0,1,1,0,0,0,1,0,0,0,434,22.82,6.84,57.03,98.81,96.47,90.44,123,337121,5811592,130068,69899,,klebsiella,11,gapA(3),infB(3),mdh(1),pgi(1),phoE(1),rpoB(1),tonB(4),Klebsiella pneumoniae,strong,5811592,no,-,ST11,4,2,9,11,ybt 9; ICEKp3,503-1LV,-,0,iuc 1,1,-,0,-,0,rmpA2_3-47%,-,KL25,-,High,0.984,KL25_09_wfeD,O2v1,O2,-+,Good,0.9811,O1/O2v1_06_wbbO,aadA2;rmtB,-,-,qnrS1,-,-,catII.2*,-,sul2,tet(A).v1*,-,dfrA14.v2*,LAP-2;TEM-1D.v1^,-,CTX-M-65,-,KPC-2,SHV-11.v1,35Q,AcrR-43%;OmpK35-17%;OmpK36GD,-,GyrA-83I;GyrA-87G;ParC-80I,-,sul1*?-67%,ST11,3,3,1,1,1,1,4,140,11,6,5,1,305,65,9,5,5,11,-,-,-,-,-,-,-,-,-,-,-,-,-,-,-,1,1,1,1,1,-,-,-,-,-,-,-,-,D2207137075,,,,,,,,,,,,aadA2_1_NC_010870,,,,,,,,,,,,,,,,,,,,,,,,,,,,,,,,,,,,,,,,,,,,,blaCTX-M-65_1_EF418608,,,,,,,,,,,,blaKPC-2_1_AY034847,,,blaLAP-2_1_EU159120,,,,,,,,,,,,,,,,,,,,,,,,,,,,,,,,,,,,,,,blaSHV-11_CP036450,,,,,,,,,,,,,,,blaTEM-1B_1_AY458016,,,,,,,,catA2-NG_047596.1,,,,,,,dfrA14_5_DQ388123,,,,,,,,,,,,,,,,fosA6_1_KU254579,,,,,,,,,,,,,,,,,,,,,,,,,,,,,,,,,,,,,,,,,,,,,,,,,,,,qnrS1_1_AB187515,,rmtB_1_AB103506,,,,sul2_2_AY034138,,,,tet(A)_6_AF534183,,,,,,,,,,D2207137075,,,,,,,,,,,ColRNAI_1__DQ298019,,,,,,,,,,,,,,,,,,,,,,,IncFII(pHN7A8)_1__JN232517,,,,,IncHI1B(pNDM-MAR)_1__JN420336,,,,,,,,,IncR_1__DQ449578,,,,,,,,,,repB_KLEB_VIR_AP006726,D2207137075,DadX_dadB,H239_3059,,,KatG,KexD,KpnE,KpnF,MutS,OmpK26,OmpK35,OmpK37,OmpK38,OmpR,OmpU,OmpW,PCR_CG258_kphp1,PCR_FIB_repA,,,,,,,,PCR_khe,PCR_pilL2,,PmrD,RamA,RamR,RomA,,,,,,,,YbjG,YfaZ,acka,acrA,acrB,,,,,,,,alr,,arcD-mexB,ardD1,,bamB,bamE,,cadA,cadB,cadC,,citA,,,,,,,,,,,,,,,,,,,cpxA.1,cpxR,crp,,,,csrD,cyaA_(2),cyoA,cyoB,cyoC,cyoD,dam,,,,,,,eefA,,eefC,eefX,entA,entB,entC,entE,entS,,feoA,feoB,fepA,fepB,fhlA,fhuA,fhuB,fhuC,fhuD,fimA,fimB,fimC,fimD,fimE,fimF,fimG,fimH,fimI,fimK-eal,folA,folp,fosA,fur,fusA,fyuA,gatR,,gltB,,,gshA,gshB,hcp_T6SS1,hemN,hfg,hmuR,hns,hscA,hscB,,icmF2_T6SS3,,,,,,irp1,irp2,iscR,iucA,iucB,iucC,iucD,iutA,,,,kpaA_KP1_0334,kpaB_KP1_0335,,,kpaC__LM21,,kpaD__LM21,,kpaE__LM21,,,,,kpbC_KP1_0410,,,,kpbR__LM21,,,,,,kpdA_KP1_1401,kpdB_KP1_1402,kpdC_KP1_1403,kpdD_KP1_1404,,kpdR_KP_1400,kpdR__LM21,kpeA_KP1_2719,,kpeB__LM21,,kpeC__LM21,,kpeD__LM21,,,,,,,,,,,,,,,,,,,,,,,,,,,,kpjA__LM21,kpjB__LM21,kpjC__LM21,kpjD__LM21,,,,,kvrA,kvrB,lacY,lamB,lon,lpp,lpxO,lysS,macA,macB,marA,marC,marR,,,,,,,,,,mdtC,mdtD,merB,mgrB,mgtA,mrkA,,mrkB,,mrkC,,mrkD,,,mrkF__LM21,mrkH,,mrkI__LM21,mrkJ,mutH,mutL,nlpD,nuoM,ompA,ompK36-ST307,,ompX,,,oxyR,,,,pagP,parC,parE,phoB,phoE,phoP,phoQ,phoR,pmrA,pmrB,pmrC,pmrF,pmrH,pmrI,pmrJ,pmrK,pmrL,pmrM,ppx,pta,ptsI,pyg,rcsA,rcsB,rcsC,rcsD,rcsF,rfaH,rimO,,rmpA2,,rob,rpoA,rpoB,rpoC,rpoD,rpoS,scrA,scrB,scrY,sitA,sitB,sitC,sitD,slyB,soxR,soxS,tamA,tamB,tdcA,tdcB,tdcC,tdcD,tdcE,tolC,,typA,ugd,ureA,uvrA,,wecA,xylA,,ybgE,ybgT,ybtA,ybtE,ybtP,ybtQ,ybtS,ybtT,ybtU,ybtX,ycfM,ydiY,yfaZ2,yjdL,
D2207137027,27,Klebsiella quasipneumoniae subsp. quasipneumoniae,27,0,61,68,0,0,1,1,1,0,1,1,1,0,1,1,1,1,1,1,1,1,316,11.17,3.36,56.89,98.12,94.57,86.9,97,686758,5719428,242643,121059,,klebsiella,571,gapA(17),infB(19),mdh(79),pgi(20),phoE(108),rpoB(55),tonB(142),Klebsiella quasipneumoniae subsp. quasipneumoniae,strong,5719428,no,-,ST571,0,2,2,2,-,0,-,0,-,0,-,0,-,0,-,-,KL64,?-*,Good,0.9682,"KL64_18_manC,KL64_19_manB",O5,O5,?-,Good,0.9472,"O5_01_manC,O5_02_manB",-,-,-,-,-,-,-,-,-,-,-,-,-,-,SHV-12,-,NDM-1,OKP-A-3*,238S;240K;35Q,OmpK37-0%;OmpK38-0%,-,-,-,-,ST571,17,19,79,20,108,55,142,-,-,-,-,-,-,-,-,-,-,-,-,-,-,-,-,-,-,-,-,-,-,-,-,-,-,-,-,-,-,-,-,-,-,-,-,-,-,-,D2207137027,,,,,,,,,,,,,,,,,,,,,,,,,,,,,,,,,,,,,,,,,,,,,,,,,,,,,,,,,,,,,,,,,,,,,,,,,,,,,,,,blaNDM-1_1_FN396876,,,blaOKP-A-17-NG_049361.1,,,,,,,,,,,,,,,,,,,,,,,,,,,,,,,blaSHV-12_1_KF976405,,,,,,,,,,,,,,,,,ble-MBL-NG_047559.1,,,,,,,,,,,,,,,,,,,,,,,,,,fosA6_1_KU254579,,,,,,,,,,,,,,,,,,oqxA10-NG_050418.1,,,,,,,,,,,,,,,,,,,,,,oqxB9-NG_050458.1,,,,,,,,,,,,,,,,,,,,,,,,,,,,,,,,D2207137027,,,,,,,,,,,,,,,IncFIA(HI1)_1__AF250878,,,,IncFIB(K)(pCAV1099-114)_1__CP011596,,,,,,,,,,,,,,,,,,,,,,,,,,,,,,,,IncX3_1__JN247852,,,,,,,,D2207137027,DadX_dadB,,,,KatG,,KpnE,KpnF,MutS,OmpK26,OmpK35,,,OmpR,OmpU,OmpW,,PCR_FIB_repA,,,,,PCR_KL64-wzi64wzy,,,PCR_khe,,,PmrD,RamA,RamR,RomA,,,,,,,,YbjG,YfaZ,acka,acrA,acrB,acrR,,,,,,,alr,,arcD-mexB,ardD1,arnD,bamB,bamE,,cadA,cadB,cadC,,,,,,,,,,,,,,,,,,,,,cpxA.1,cpxR,crp,,,,csrD,cyaA_(2),cyoA,cyoB,cyoC,cyoD,dam,,,,,,,eefA,,eefC,eefX,entA,entB,entC,entE,entS,,feoA,feoB,fepA,fepB,fhlA,fhuA,fhuB,fhuC,fhuD,fimA,,fimC,fimD,,fimF,fimG,fimH,fimI,,folA,folp,fosA,fur,fusA,,,,gltB,,,gshA,gshB,hcp_T6SS1,hemN,hfg,hmuR,hns,hscA,hscB,,icmF2_T6SS3,,,,,,,,iscR,,,,,,kfuA,kfuB,,,,,,,,,,,,,,,,,,,,,,,,,kpdA_KP1_1401,kpdB_KP1_1402,kpdC_KP1_1403,kpdD_KP1_1404,,,,kpeA_KP1_2719,,kpeB__LM21,,kpeC__LM21,kpeD_KP1_2716,,,,,,,,,kpgB__LM21,,kpgC__LM21,kpgD_KP1_4248,,,,,,,,,,,,,,,,,kpjA__LM21,kpjB__LM21,kpjC__LM21,kpjD__LM21,,,,,kvrA,kvrB,lacY,lamB,lon,lpp,lpxO,lysS,macA,macB,marA,marC,marR,,,,,,,,,,mdtC,mdtD,merB,mgrB,mgtA,,mrkA__LM21,mrkB,,mrkC,,mrkD,,mrkF,,mrkH,,,mrkJ,mutH,mutL,nlpD,nuoM,ompA,,ompK36_ompC,ompX,oqxB,oxqA,oxyR,,p_pBK30683A,,pagP,parC,parE,phoB,phoE,phoP,phoQ,phoR,pmrA,pmrB,,pmrF,pmrH,pmrI,,pmrK,pmrL,pmrM,ppx,pta,ptsI,pyg,rcsA,rcsB,rcsC,rcsD,rcsF,rfaH,rimO,,,,rob,rpoA,rpoB,rpoC,rpoD,rpoS,scrA,scrB,scrY,sitA,sitB,sitC,sitD,slyB,soxR,soxS,tamA,tamB,tdcA,tdcB,tdcC,tdcD,tdcE,tolC,,typA,ugd,ureA,uvrA,,wecA,xylA,,ybgE,ybgT,,,,,,,,,ycfM,ydiY,yfaZ2,yjdL,
D2207137030,30,Klebsiella quasipneumoniae subsp. quasipneumoniae,30,0,53,58,1,0,1,1,1,0,0,1,1,0,1,1,0,1,1,1,0,1,319,6.33,1.9,56.41,99.51,98.05,92.19,100,599668,5719416,242627,104563,,klebsiella,571,gapA(17),infB(19),mdh(79),pgi(20),phoE(108),rpoB(55),tonB(142),Klebsiella quasipneumoniae subsp. quasipneumoniae,strong,5719416,no,-,ST571,0,2,2,2,-,0,-,0,-,0,-,0,-,0,-,-,KL64,?-*,Good,0.9682,"KL64_18_manC,KL64_19_manB",O5,O5,?-,Good,0.9475,"O5_01_manC,O5_02_manB",-,-,-,-,-,-,-,-,-,-,-,-,-,-,SHV-12,-,NDM-1,OKP-A-3*,238S;240K;35Q,OmpK37-0%;OmpK38-0%,-,-,-,-,ST571,17,19,79,20,108,55,142,-,-,-,-,-,-,-,-,-,-,-,-,-,-,-,-,-,-,-,-,-,-,-,-,-,-,-,-,-,-,-,-,-,-,-,-,-,-,-,D2207137030,,,,,,,,,,,,,,,,,,,,,,,,,,,,,,,,,,,,,,,,,,,,,,,,,,,,,,,,,,,,,,,,,,,,,,,,,,,,,,,,blaNDM-1_1_FN396876,,,blaOKP-A-17-NG_049361.1,,,,,,,,,,,,,,,,,,,,,,,,,,,,,,,blaSHV-12_1_KF976405,,,,,,,,,,,,,,,,,ble-MBL-NG_047559.1,,,,,,,,,,,,,,,,,,,,,,,,,,fosA6_1_KU254579,,,,,,,,,,,,,,,,,,oqxA10-NG_050418.1,,,,,,,,,,,,,,,,,,,,,,oqxB9-NG_050458.1,,,,,,,,,,,,,,,,,,,,,,,,,,,,,,,,D2207137030,,,,,,,,,,,,,,,IncFIA(HI1)_1__AF250878,,,,IncFIB(K)(pCAV1099-114)_1__CP011596,,,,,,,,,,,,,,,,,,,,,,,,,,,,,,,,IncX3_1__JN247852,,,,,,,,D2207137030,DadX_dadB,,,,KatG,,KpnE,KpnF,MutS,OmpK26,OmpK35,,,OmpR,OmpU,OmpW,,PCR_FIB_repA,,,,,PCR_KL64-wzi64wzy,,,PCR_khe,,,PmrD,RamA,RamR,RomA,,,,,,,,YbjG,YfaZ,acka,acrA,acrB,acrR,,,,,,,alr,,arcD-mexB,ardD1,arnD,bamB,bamE,,cadA,cadB,cadC,,,,,,,,,,,,,,,,,,,,,cpxA.1,cpxR,crp,,,,csrD,cyaA_(2),cyoA,cyoB,cyoC,cyoD,dam,,,,,,,eefA,,eefC,eefX,entA,entB,entC,entE,entS,,feoA,feoB,fepA,fepB,fhlA,fhuA,fhuB,fhuC,fhuD,fimA,,fimC,fimD,,fimF,fimG,fimH,fimI,,folA,folp,fosA,fur,fusA,,,,gltB,,,gshA,gshB,hcp_T6SS1,hemN,hfg,hmuR,hns,hscA,hscB,,icmF2_T6SS3,,,,,,,,iscR,,,,,,kfuA,kfuB,,,,,,,,,,,,,,,,,,,,,,,,,kpdA_KP1_1401,kpdB_KP1_1402,kpdC_KP1_1403,kpdD_KP1_1404,,,,kpeA_KP1_2719,,kpeB__LM21,,kpeC__LM21,kpeD_KP1_2716,,,,,,,,,kpgB__LM21,,kpgC__LM21,kpgD_KP1_4248,,,,,,,,,,,,,,,,,kpjA__LM21,kpjB__LM21,kpjC__LM21,kpjD__LM21,,,,,kvrA,kvrB,lacY,lamB,lon,lpp,lpxO,lysS,macA,macB,marA,marC,marR,,,,,,,,,,mdtC,mdtD,merB,mgrB,mgtA,,mrkA__LM21,mrkB,,mrkC,,mrkD,,mrkF,,mrkH,,,mrkJ,mutH,mutL,nlpD,nuoM,ompA,,ompK36_ompC,ompX,oqxB,oxqA,oxyR,,p_pBK30683A,,pagP,parC,parE,phoB,phoE,phoP,phoQ,phoR,pmrA,pmrB,,pmrF,pmrH,pmrI,,pmrK,pmrL,pmrM,ppx,pta,ptsI,pyg,rcsA,rcsB,rcsC,rcsD,rcsF,rfaH,rimO,,,,rob,rpoA,rpoB,rpoC,rpoD,rpoS,scrA,scrB,scrY,sitA,sitB,sitC,sitD,slyB,soxR,soxS,tamA,tamB,tdcA,tdcB,tdcC,tdcD,tdcE,tolC,,typA,ugd,ureA,uvrA,,wecA,xylA,,ybgE,ybgT,,,,,,,,,ycfM,,yfaZ2,yjdL,
D2207137006,6,Morganella morganii,6,1,57,68,0,0,1,1,0,1,1,1,1,1,0,1,1,1,1,1,0,1,387,15.51,4.66,50.36,99.59,98.55,94.61,46,663874,4192369,508643,158726,,Morganella morganii ,-,,,,,,,,Morganella morganii,strong,4192369,no,-,,0,2,9,18,-,0,-,0,-,0,-,0,-,0,-,-,KL156-D1,?-*,,0.7118,"KL156-D1_01_galF,KL156-D1_02_rmlB,KL156-D1_03_rmlD,KL156-D1_04_rmlA,KL156-D1_05_rmlC,KL156-D1_06_wzx,KL156-D1_07,KL156-D1_08_wfgD,KL156-D1_09_wzy,KL156-D1_10,KL156-D1_11_arnC,KL156-D1_12,KL156-D1_13,KL156-D1_14,KL156-D1_15,KL156-D1_17_ugd",O12,O12,-,,0.7345,"O12_01_rfbB,O12_02_rfbA,O12_03_rfbD,O12_04_rfbC,O12_05_wbbL,O12_06_wzm,O12_07_wzt,O12_08_wbbB",aadA*;sat-2;strA.v1^;strB.v1,-,-,qnrD1;qnrS1,-,-,floR.v1*,-,sul2,tet(A).v2;tet(B).v2*;tet(D);tetR,-,dfrA1.v1;dfrA14.v2*,DHA-5*;TEM-1D.v1^,-,CTX-M-3,-,KPC-2,-,-,-,-,-,-,catII.2*?-0%,,-,-,-,-,-,-,-,-,-,-,-,-,-,-,-,-,-,-,-,-,-,-,-,-,-,-,-,-,-,-,-,-,-,-,-,-,-,-,-,-,-,-,-,-,-,-,D2207137006,,,,,,,,,,,,,,,,,ant(3'')-Ia_1_X02340,,,aph(3'')-Ib_5_AF321551,,,,,,,,,aph(6)-Id_1_M28829,,,,,,,,,,,,,,,,,,,,,,,,,,blaCTX-M-3_1_Y10278,,,,,blaDHA-4_1_CP026046,,,,,,,,,blaKPC-2_1_AY034847,,,,,,,,,,,,,,,,,,,,,,,,,,,,,,,,,,,,,,,,,,,,,,,,,,,,,,,,,blaTEM-1B_1_AY458016,,,,,,,,,,,,,,,dfrA14_5_DQ388123,,,,dfrA1_8_X00926,,,,,,,,floR-NG_047877.1,,,,,,,,,,,,,,,,,,,,,,,,,,,,,,,,,,,,,,,,,,,,,,,,,,,,,,,qnrD1_1_FJ228229,qnrS1_1_AB187515,,,,sat2_gen-NG_048068.1,,sul2_2_AY034138,,,,tet(A)_6_AF534183,tet(B)-NG_048173.1,,,,,tet(D)_1_AF467077,,,,D2207137006,,,,,,,Col3M_1__JX514065,,,,,,,,,,,,,,,,,,,,,,,,,,,,,,,,,,,,,,IncN_1__AY046276,,,,,,,,,,,,,,D2207137006,,,,,,,,,,,,,,,,,,,,,,,,,,,,,,,,,Tn4401-MEKPCI,,,,,,,,,,,,,,,,,,,,,,,,,,,,,,,,,,,,,,,,,,,,,,,,,,,,,,,,,,,,,,,,,,,,,,,,,,,,,,,,,,,,,,,,,,,,,,,,,,,,,,,,,,,,,,,,,,,,,,,,,,,,,,,,,,,,,,,,,,,,,,,,,,,,,,,,,,,,,,,,,,,,,,,,,,,,,,,,,,,,,,,,,,,,,,,,,,,,,,,,,,,,,,,,,,,,,,,,,,,,,,,,,,,,,,,,,,,,,,,,,,,,,,,,,,,,,,,,,,,,,,,,,,,,,,,,,,,,,,,,,,,,,,,,,,,,,,,,,,,,,,,,,,,,,,,,,,,,,,,,,,,,,,,,,,,,,,,,,,,,,,
D2207137014,14,Morganella morganii,14,1,68,61,0,0,0,1,1,1,0,1,1,1,1,1,0,1,1,1,0,1,394,13.3,3.98,50.03,99.51,98.22,93.34,49,663874,4192887,429622,156918,,Morganella morganii ,-,,,,,,,,Morganella morganii,strong,4192887,no,-,,0,2,9,18,-,0,-,0,-,0,-,0,-,0,-,-,KL156-D1,?-*,,0.7118,"KL156-D1_01_galF,KL156-D1_02_rmlB,KL156-D1_03_rmlD,KL156-D1_04_rmlA,KL156-D1_05_rmlC,KL156-D1_06_wzx,KL156-D1_07,KL156-D1_08_wfgD,KL156-D1_09_wzy,KL156-D1_10,KL156-D1_11_arnC,KL156-D1_12,KL156-D1_13,KL156-D1_14,KL156-D1_15,KL156-D1_17_ugd",O12,O12,-,,0.7345,"O12_01_rfbB,O12_02_rfbA,O12_03_rfbD,O12_04_rfbC,O12_05_wbbL,O12_06_wzm,O12_07_wzt,O12_08_wbbB",aadA*;sat-2;strA.v1^;strB.v1,-,-,qnrD1;qnrS1,-,-,floR.v1*,-,sul2,tet(A).v2;tet(B).v2*;tet(D);tetR,-,dfrA1.v1;dfrA14.v2*,DHA-5*;TEM-1D.v1^,-,CTX-M-3,-,KPC-2,-,-,-,-,-,-,catII.2*?-0%,,-,-,-,-,-,-,-,-,-,-,-,-,-,-,-,-,-,-,-,-,-,-,-,-,-,-,-,-,-,-,-,-,-,-,-,-,-,-,-,-,-,-,-,-,-,-,D2207137014,,,,,,,,,,,,,,,,,ant(3'')-Ia_1_X02340,,,aph(3'')-Ib_5_AF321551,,,,,,,,,aph(6)-Id_1_M28829,,,,,,,,,,,,,,,,,,,,,,,,,,blaCTX-M-3_1_Y10278,,,,,blaDHA-4_1_CP026046,,,,,,,,,blaKPC-2_1_AY034847,,,,,,,,,,,,,,,,,,,,,,,,,,,,,,,,,,,,,,,,,,,,,,,,,,,,,,,,,blaTEM-1B_1_AY458016,,,,,,,,,,,,,,,dfrA14_5_DQ388123,,,,dfrA1_8_X00926,,,,,,,,floR-NG_047877.1,,,,,,,,,,,,,,,,,,,,,,,,,,,,,,,,,,,,,,,,,,,,,,,,,,,,,,,qnrD1_1_FJ228229,qnrS1_1_AB187515,,,,sat2_gen-NG_048068.1,,sul2_2_AY034138,,,,tet(A)_6_AF534183,tet(B)-NG_048173.1,,,,,tet(D)_1_AF467077,,,,D2207137014,,,,,,,Col3M_1__JX514065,,,,,,,,,,,,,,,,,,,,,,,,,,,,,,,,,,,,,,IncN_1__AY046276,,,,,,,,,,,,,,D2207137014,,,,,,,,,,,,,,,,,,,,,,,,,,,,,,,,,Tn4401-MEKPCI,,,,,,,,,,,,,,,,,,,,,,,,,,,,,,,,,,,,,,,,,,,,,,,,,,,,,,,,,,,,,,,,,,,,,,,,,,,,,,,,,,,,,,,,,,,,,,,,,,,,,,,,,,,,,,,,,,,,,,,,,,,,,,,,,,,,,,,,,,,,,,,,,,,,,,,,,,,,,,,,,,,,,,,,,,,,,,,,,,,,,,,,,,,,,,,,,,,,,,,,,,,,,,,,,,,,,,,,,,,,,,,,,,,,,,,,,,,,,,,,,,,,,,,,,,,,,,,,,,,,,,,,,,,,,,,,,,,,,,,,,,,,,,,,,,,,,,,,,,,,,,,,,,,,,,,,,,,,,,,,,,,,,,,,,,,,,,,,,,,,,,
D2207137078,78,Serratia marcescens,78,0,76,68,0,0,0,1,1,0,0,1,0,1,1,1,0,1,1,1,0,1,449,14.12,4.24,59.03,98.83,96.5,90.12,38,1262293,5312169,452479,208398,,Serratia marcescens,-,,,,,,,,Serratia marcescens,strong,5312169,no,-,,0,2,4,4,-,0,-,0,-,0,-,0,-,0,-,-,KL107,?-+*,,0.7101,"KL107_01_galF,KL107_02_cpsACP,KL107_03_wzi,KL107_04_wza,KL107_05_wzb,KL107_06_wzc,KL107_07_wbaP,KL107_08,KL107_09,KL107_10,KL107_12,KL107_13,KL107_14,KL107_15,KL107_16_ugd",OL102,OL102,-,,0.7352,"OL102_01_rfbB,OL102_02_rfbA,OL102_03_rfbD,OL102_04_rfbC,OL102_05_wbbL,OL102_06_rhamnan,OL102_07_wzm,OL102_08_wzt",aac(6')-Ic*,-,-,-,-,-,-,-,-,tet(41)*?,-,-,-,-,SRT-1*,-,NDM-5*,-,-,-,-,-,-,-,,-,-,-,-,-,-,-,-,-,-,-,-,-,-,-,-,-,-,-,-,-,-,-,-,-,-,-,-,-,-,-,-,-,-,-,-,-,-,-,-,-,-,-,-,-,-,D2207137078,,,,,,,,,aac(6')_Serra-NG_052468.1,,,,,,,,,,,,,,,,,,,,,,,,,,,,,,,,,,,,,,,,,,,,,,,,,,,,,,,,,,,,,,,,,,,,,,,,blaNDM-5_1_JN104597,,,,,,,,,,,,,,,,,,,,,,,,,,,,,,,,,,,,,,,,,blaSST-1_1_AB008455,,,,,,,,,ble-MBL-NG_047559.1,,,,,,,,,,,,,,,,,,,,,,,,,,,,,,,,,,,,,,,,,,,,,,,,,,,,,,,,,,,,,,,,,,,,,,,,,,,,,,,,,,,,,,,tet(41)_1_AY264780,,,,,,,,,,,D2207137078,,,,,,,,,,,,,,,,,,,,,,,,,,,,,,,,,,,,,,,,,,,,,,,,,,,IncX3_1__JN247852,,,,,,pSM22_1__NC_015972,,D2207137078,,,,,,,,,,,,,,,,,,,,,,,,,,,,,,,,,,,,,,,,,,,,,,,,,,,,,,,,,,,,,,,,,,,,,,,,,,,,,,,,,,,,,,,,,,,,,,,,,,,,,,,,,,,,,,,,,,,,,,,,,,,,,,,,,,,,,,,fusA,,,,,,,,,,,,,,,,,,,,,,,,,,,,,,,,,,,,,,,,,,,,,,,,,,,,,,,,,,,,,,,,,,,,,,,,,,,,,,,,,,,,,,,,,,,,,,,,,,,,,,,,,,,,,,,lpp,,,,,,,,,,,,,,,,,,,,,,,,,,,,,,,,,,,,,,,,,,,,,,,,,,,,,,,,,,,,,,,,,,,,,,,,,,,,,,,,,,,rpoA,,,,,,,,,,,,,,,,,,,,,,,tufB,,,,,,,,,,,,,,,,,,,,,,,
D2207137004,4,unknown,4,0,51,54,0,1,1,1,0,1,0,1,1,1,0,1,0,1,1,1,0,1,384,17.92,5.38,39.12,99.73,99.01,95.47,68,272906,4021519,162092,78545,,abaumannii_2,2,Pas_cpn60(2),Pas_fusA(2),Pas_gltA(2),Pas_pyrG(2),Pas_recA(2),Pas_rplB(2),Pas_rpoB(2),unknown,,4021519,no,-,,0,2,6,12,-,0,-,0,-,0,-,0,-,0,-,-,KL119,?-,,0.673,"KL119_01_galF,KL119_02_cpsACP,KL119_03_wzi,KL119_04_wza,KL119_05_wzb,KL119_06_wzc,KL119_07_wzy,KL119_08,KL119_09,KL119_10,KL119_11,KL119_12_wzx,KL119_13_pglJ,KL119_14,KL119_15_manC,KL119_16_manB,KL119_17_wcaJ,KL119_18_gnd,KL119_19_ugd_1",OL103,OL103,-,,0,"OL103_01_rmlC,OL103_02_wzm,OL103_03_wzt,OL103_04_hydrolase,OL103_05_spsA,OL103_06_wbbL",aph(3')-Ia;armA;strA.v1;strB.v1,-,-,-,-,mphE.v2;msrE,-,-,-,tet(B).v2*?;tetR,-,-,TEM-1D.v1,-,ADC-73,-,OXA-23;OXA-66,-,-,-,-,-,-,-,,-,-,-,-,-,-,-,-,-,-,-,-,-,-,-,-,-,-,-,-,-,-,-,-,-,-,-,-,-,-,-,-,-,-,-,-,-,-,-,-,-,-,-,-,-,-,D2207137004,,,,,,,,,,,,,,,ant(3'')-IIa-NG_054646.1,,,,aph(3'')-Ib_2_AF024602,,,,,,aph(3')-Ia_7_X62115,,,,aph(6)-Id_1_M28829,,armA_1_AY220558,,,,,,,,,,,,,blaADC-73-NG_048678.1,,,,,,,,,,,,,,,,,,,,,,,,,,,,,,,,,,,,,,,,,,,,,,,,,,,,blaOXA-23_1_AY795964,,blaOXA-66_1_AY750909,,,,,,,,,,,,,,,,,,,,,,,,,,,,,,blaTEM-1D_1_AF188200,,,,,,,,,,,,,,,,,,,,,,,,,,,,,,,,,,,,,,,,,,,,,mph(E)_1_DQ839391,msr(E)_1_FR751518,,,,,,,,,,,,,,,,,,,,,,,,,,,,,,,,,,,,,,,,,,,,,,,tet(B)_1_AP000342,,,,,,,,D2207137004,,,,,,,,,,,,,,,,,,,,,,,,,,,,,,,,,,,,,,,,,,,,,,,,,,,,,,,,,,,D2207137004,,,,,,,,,,,,,,,,,,,,,,,,,,,,,,,,,,,,,,,,,,,,,,,,,,,,,,,,,,,,,,,,,,,,,,,,,,,,,,,,,,,,,,,,,,,,,,,,,,,,,,,,,,,,,,,,,,,,,,,,,,,,,,,,,,,,,,,,,,,,,,,,,,,,,,,,,,,,,,,,,,,,,,,,,,,,,,,,,,,,,,,,,,,,,,,,,,,,,,,,,,,,,,,,,,,,,,,,,,,,,,,,,,,,,,,,,,,,,,,,,,,,,,,,,,,,,,,,,,,,,,,,,,,,,,,,,,,,,,,,,,,,,,,,,,,,,,,,,,,,,,,,,,,,,,,,,,,,,,,,,,,,,,,,,,,,,,,,,,,,,,,,,,,,,,,,,,,,,,,,,,,,,,,,,,,,,,,
D2207137062,62,unknown,62,0,64,55,1,0,1,1,0,0,0,0,1,0,0,0,0,0,0,0,0,0,415,16.88,5.06,39.52,98.94,96.76,90.81,86,286910,3971827,112486,66415,,abaumannii_2,2,Pas_cpn60(2),Pas_fusA(2),Pas_gltA(2),Pas_pyrG(2),Pas_recA(2),Pas_rplB(2),Pas_rpoB(2),unknown,,3971827,no,-,,0,2,7,14,-,0,-,0,-,0,-,0,-,0,-,-,KL119,?-,,0.6758,"KL119_01_galF,KL119_02_cpsACP,KL119_03_wzi,KL119_04_wza,KL119_05_wzb,KL119_06_wzc,KL119_07_wzy,KL119_08,KL119_09,KL119_10,KL119_11,KL119_12_wzx,KL119_13_pglJ,KL119_14,KL119_15_manC,KL119_16_manB,KL119_17_wcaJ,KL119_18_gnd,KL119_19_ugd_1",OL103,OL103,-,,0,"OL103_01_rmlC,OL103_02_wzm,OL103_03_wzt,OL103_04_hydrolase,OL103_05_spsA,OL103_06_wbbL",aadA^;aph(3')-Ia^;armA;strA.v1;strB.v1,-,-,-,-,mphE.v2^;msrE,catB8,-,sul1,tet(B).v2*?;tetR,-,-,-,-,ADC-30,-,OXA-23;OXA-66,-,-,-,-,-,TEM-129.v1*-36%;aac(6')-Ib7*-28%,-,,-,-,-,-,-,-,-,-,-,-,-,-,-,-,-,-,-,-,-,-,-,-,-,-,-,-,-,-,-,-,-,-,-,-,-,-,-,-,-,-,-,-,-,-,-,-,D2207137062,,,,,,,,,,,,,,,ant(3'')-IIa-NG_054646.1,,ant(3'')-Ia_1_X02340,,aph(3'')-Ib_2_AF024602,,,,,,aph(3')-Ia_7_X62115,,,,aph(6)-Id_1_M28829,,armA_1_AY220558,,,,,,,,,,,,blaADC-30-NG_048652.1,,,,,,,,,,,,,,,,,,,,,,,,,,,,,,,,,,,,,,,,,,,,,,,,,,,,,blaOXA-23_1_AY795964,,blaOXA-66_1_AY750909,,,,,,,,,,,,,,,,,,,,,,,,,,,,,,,,blaTEM-2_1_X54606,,,,,,catB8_1_AF227506,,,,,,,,,,,,,,,,,,,,,,,,,,,,,,,,,,,,,mph(E)_1_DQ839391,msr(E)_1_FR751518,,,,,,,,,,,,,,,,,,,,,,,,,,,,,,,,,,,,,,,,sul1_5_EU780013,,,,,,,tet(B)_1_AP000342,,,,,,,,D2207137062,,,,,,,,,,,,,,,,,,,,,,,,,,,,,,,,,,,,,,,,,,,,,,,,,,,,,,,,,,,D2207137062,,,,,,,,,,,,,,,,,,,,,,,,,,,,,,,,,,,,,,,,,,,,,,,,,,,,,,,,,,,,,,,,,,,,,,,,,,,,,,,,,,,,,,,,,,,,,,,,,,,,,,,,,,,,,,,,,,,,,,,,,,,,,,,,,,,,,,,,,,,,,,,,,,,,,,,,,,,,,,,,,,,,,,,,,,,,,,,,,,,,,,,,,,,,,,,,,,,,,,,,,,,,,,,,,,,,,,,,,,,,,,,,,,,,,,,,,,,,,,,,,,,,,,,,,,,,,,,,,,,,,,,,,,,,,,,,,,,,,,,,,,,,,,,,,,,,,,,,,,,,,,,,,,,,,,,,,,,,,,,,,,,,,,,,,,,,,,,,,,,,,,,,,,,,,,,,,,,,,,,,,,,,,,,,,,,,,,,
,,,,F=11,68.82608696,58.92753623,34,38,56,67,32,35,19,59,63,39,30,56,26,53,65,50,13,59,,,,,,,,,,,,,,,,,,,,,,,,,,,,,,,,,,,,,,,,,,,,,,,,,,,,,,,,,,,,,,,,,,,,,,,,,,,,,,,,,,,,,,,,,,,,,,,,,,,,,,,,,,,,,,,,,,,,,,,,,,,,,,,,,,,,,,,,,,,,,,,,,,,,,,,,,,,,,,,,,,,,,,,,,,,,,,,,,,,,,,,,,,,,,,,,,,,,,,,,,,,,,,,,,,,,,,,,,,,,,,,,,,,,,,,,,,,,,,,,,,,,,,,,,,,,,,,,,,,,,,,,,,,,,,,,,,,,,,,,,,,,,,,,,,,,,,,,,,,,,,,,,,,,,,,,,,,,,,,,,,,,,,,,,,,,,,,,,,,,,,,,,,,,,,,,,,,,,,,,,,,,,,,,,,,,,,,,,,,,,,,,,,,,,,,,,,,,,,,,,,,,,,,,,,,,,,,,,,,,,,,,,,,,,,,,,,,,,,,,,,,,,,,,,,,,,,,,,,,,,,,,,,,,,,,,,,,,,,,,,,,,,,,,,,,,,,,,,,,,,,,,,,,,,,,,,,,,,,,,,,,,,,,,,,,,,,,,,,,,,,,,,,,,,,,,,,,,,,,,,,,,,,,,,,,,,,,,,,,,,,,,,,,,,,,,,,,,,,,,,,,,,,,,,,,,,,,,,,,,,,,,,,,,,,,,,,,,,,,,,,,,,,,,,,,,,,,,,,,,,,,,,,,,,,,,,,,,,,,,,,,,,,,,,,,,,,,,,,,,,,,,,,,,,,,,,,,,,,,,,,,,,,,,,,,,,,,,,,,,,,,,,,,,,,,,,,,,,,,,,,,,,,,,,,,,,,,,,,,,,,,,,,,,,,
,,,,,10.52581773,5.921841031,,,,,,,,,,,,,,,,,,,,,,,,,,,,,,,,,,,,,,,,,,,,,,,,,,,,,,,,,,,,,,,,,,,,,,,,,,,,,,,,,,,,,,,,,,,,,,,,,,,,,,,,,,,,,,,,,,,,,,,,,,,,,,,,,,,,,,,,,,,,,,,,,,,,,,,,,,,,,,,,,,,,,,,,,,,,,,,,,,,,,,,,,,,,,,,,,,,,,,,,,,,,,,,,,,,,,,,,,,,,,,,,,,,,,,,,,,,,,,,,,,,,,,,,,,,,,,,,,,,,,,,,,,,,,,,,,,,,,,,,,,,,,,,,,,,,,,,,,,,,,,,,,,,,,,,,,,,,,,,,,,,,,,,,,,,,,,,,,,,,,,,,,,,,,,,,,,,,,,,,,,,,,,,,,,,,,,,,,,,,,,,,,,,,,,,,,,,,,,,,,,,,,,,,,,,,,,,,,,,,,,,,,,,,,,,,,,,,,,,,,,,,,,,,,,,,,,,,,,,,,,,,,,,,,,,,,,,,,,,,,,,,,,,,,,,,,,,,,,,,,,,,,,,,,,,,,,,,,,,,,,,,,,,,,,,,,,,,,,,,,,,,,,,,,,,,,,,,,,,,,,,,,,,,,,,,,,,,,,,,,,,,,,,,,,,,,,,,,,,,,,,,,,,,,,,,,,,,,,,,,,,,,,,,,,,,,,,,,,,,,,,,,,,,,,,,,,,,,,,,,,,,,,,,,,,,,,,,,,,,,,,,,,,,,,,,,,,,,,,,,,,,,,,,,,,,,,,,,,,,,,,,,,,,,,,,,,,,,,,,,,,,,,,,,,,,,,,,,,,,,,,,,,,,,,,,,,,,,,,,,,,,,,,,,,,,,,,,,,,,,,,,,,,,
