"status","p_value","morans_test_statistic","morans_I","gene_short_name","q_value"
"OK",0,57.4721842159089,0.513791544002504,"TINAGL1",0
"OK",0,51.8567244595038,0.463300901285672,"PTGER3",0
"OK",0,39.6937793545054,0.354678728787981,"NEXN",0
"OK",0,39.3973687067551,0.352020817359169,"S100A10",0
"OK",0,46.7417725149148,0.417740059957484,"S100A4",0
"OK",0,47.9246861827038,0.42078134223282,"RPS27",0
"OK",0,49.8131160655984,0.444383258795285,"ACKR1",0
"OK",0,40.0787970097574,0.358016368322243,"ATP1B1",0
"OK",0,47.7387771116165,0.426476176850336,"CSRP1",0
"OK",0,49.1773182998589,0.439557067693027,"LMOD1",0
"OK",0,40.4547007563173,0.361444414209855,"CRIM1",0
"OK",0,45.4259171179497,0.405942931587332,"ACTG2",0
"OK",0,65.1457400293821,0.582419021973676,"FRZB",0
"OK",0,58.0355177943378,0.518568064303271,"CAVIN2",0
"OK",0,62.9021726719986,0.562378104264108,"DES",0
"OK",0,39.3190071802205,0.343562147624345,"PTMA",0
"OK",0,44.4646149033544,0.39734338654134,"EFHD1",0
"OK",0,51.9832546540573,0.464634593606867,"RAMP1",0
"OK",0,39.9867412303933,0.350400730429563,"RPL32",0
"OK",0,44.6870056662316,0.399080042961938,"RPL15",0
"OK",0,56.2734582644106,0.502566551385667,"MTRNR2L12",0
"OK",0,55.0713120574926,0.49220918520308,"MYLK",0
"OK",0,41.8855533988809,0.374198362881224,"RBP1",0
"OK",0,42.4557988240646,0.379374472365836,"TM4SF1",0
"OK",0,41.5124025286888,0.370865966674133,"HES1",0
"OK",0,50.7462291441843,0.452487098169367,"APOD",0
"OK",0,38.6836186430311,0.345440453468205,"SPON2",0
"OK",0,61.3568609579657,0.548513149897651,"SOD3",0
"OK",0,52.2563811999012,0.465625376743786,"IGFBP7",0
"OK",0,46.207960360281,0.4116633991285,"SPARCL1",0
"OK",0,46.0476061212363,0.402696272184025,"RPL34",0
"OK",0,44.1369161277823,0.394447409742452,"SYNPO2",0
"OK",0,41.0187749791857,0.366541318403809,"CPE",0
"OK",0,49.1267755459627,0.439075958506562,"PALLD",0
"OK",0,77.5191594309557,0.693150257540586,"SORBS2",0
"OK",0,73.9988529201409,0.661521625622934,"CD74",0
"OK",0,41.2740874500346,0.368785711670654,"PDLIM7",0
"OK",0,72.3996024613637,0.646823813568306,"HLA-DRA",0
"OK",0,69.5381132650412,0.621246278781423,"HLA-DRB1",0
"OK",0,65.7884562232565,0.587570707218,"HLA-DPA1",0
"OK",0,39.357100627894,0.3513045035341,"HLA-DPB1",0
"OK",0,60.0240384182895,0.529940754594704,"RPS18",0
"OK",0,50.9099136940252,0.454939198102932,"CDKN1A",0
"OK",0,45.4342889757367,0.405855897828149,"EEF1A1",0
"OK",0,61.9749638276999,0.55407647540229,"PLN",0
"OK",0,53.2278087100398,0.475451019772438,"RSPO3",0
"OK",0,40.0787446089395,0.353273077336823,"RPS12",0
"OK",0,38.5375813099398,0.344234855222757,"SFRP4",0
"OK",0,43.2565331969668,0.386461529486161,"CAV1",0
"OK",0,60.5328519739132,0.540584399878146,"CALD1",0
"OK",0,41.1466663752616,0.367652943687069,"INSIG1",0
"OK",0,44.1456448032044,0.390009045075402,"TMSB4X",0
"OK",0,41.6396161229994,0.372062485702975,"AP1S2",0
"OK",0,48.0355038686786,0.428918903450468,"ITM2A",0
"OK",0,39.2194301314504,0.350418677909989,"TCEAL4",0
"OK",0,45.9812156084365,0.410881656096133,"FHL1",0
"OK",0,58.4634973752546,0.522665756598866,"BGN",0
"OK",0,47.9845645963352,0.428750250619335,"FLNA",0
"OK",0,60.8518457158903,0.543763175693192,"RPL10",0
"OK",0,46.1689623089284,0.411713480558392,"SOX17",0
"OK",0,40.3070853496509,0.36016954602543,"GEM",0
"OK",0,57.0637742529405,0.509899934865889,"NOV",0
"OK",0,43.7189845460468,0.390547561723909,"DNAJA1",0
"OK",0,54.0090809410864,0.481870014682406,"TPM2",0
"OK",0,38.5922786339044,0.344605768593309,"NTRK2",0
"OK",0,51.7669724054669,0.462685422213376,"KLF4",0
"OK",0,46.6963718366394,0.412814602463842,"RPL12",0
"OK",0,61.8962623623731,0.552645422483187,"EGFL7",0
"OK",0,39.7853674825678,0.355352211607415,"PTGDS",0
"OK",0,48.1550228320758,0.430234533758987,"IFITM1",0
"OK",0,40.0144696235928,0.35754410015638,"ILK",0
"OK",0,48.8779313492203,0.436085350820594,"MTRNR2L8",0
"OK",0,45.1284054796278,0.403154881464219,"C11orf96",0
"OK",0,40.9674120386394,0.366021719643694,"MDK",0
"OK",0,45.0665229989728,0.402725874441918,"CRYAB",0
"OK",0,46.5100170891091,0.414428557058453,"TAGLN",0
"OK",0,46.514723389123,0.415698893269418,"FXYD6",0
"OK",0,51.9091063043087,0.463976387180869,"MCAM",0
"OK",0,40.4948876939665,0.36179683639374,"ESAM",0
"OK",0,68.8565464434444,0.615629446685741,"CCDC3",0
"OK",0,39.8600530748748,0.353500118739589,"VIM",0
"OK",0,42.0239687284434,0.375343088273467,"SRGN",0
"OK",0,44.5700389533255,0.398297506056546,"PLAC9",0
"OK",0,43.9441683327986,0.392675085256705,"SNCG",0
"OK",0,48.9646478349927,0.437294096315393,"ADIRF",0
"OK",0,57.0424659917863,0.509341426617003,"ACTA2",0
"OK",0,40.8274749830543,0.364650979550927,"C1S",0
"OK",0,58.120619338184,0.519392360193003,"MFAP5",0
"OK",0,51.0161467760298,0.450297485705638,"CD69",0
"OK",0,47.8273161453438,0.427394938790146,"EMP1",0
"OK",0,61.0592584628871,0.545762241107395,"RERGL",0
"OK",0,58.7317391247375,0.524710259971701,"RPL41",0
"OK",0,39.9285152655262,0.356768828804842,"CSRP2",0
"OK",0,65.7005544376417,0.587142739765487,"LUM",0
"OK",0,51.5718687580918,0.460965970098162,"DCN",0
"OK",0,59.9170908472028,0.535667361068081,"C12orf75",0
"OK",0,39.4636619959098,0.352444759232356,"PNP",0
"OK",0,40.94540383346,0.36565955029354,"NFKBIA",0
"OK",0,65.4133065520299,0.584719098346053,"IFI27",0
"OK",0,60.8137520368649,0.543417454665636,"MEG3",0
"OK",0,50.2726083340374,0.449344451947945,"CRIP2",0
"OK",0,73.5817599157949,0.657943772273674,"CRIP1",0
"OK",0,39.8450857502267,0.352340819933543,"B2M",0
"OK",0,49.2787170011467,0.440111571920666,"TPM1",0
"OK",0,46.7742530523642,0.408515784371128,"RPLP1",0
"OK",0,45.6740743488197,0.407794383339097,"RPS17",0
"OK",0,42.4710838787336,0.379459123325037,"MFGE8",0
"OK",0,47.3873222300678,0.417735016726348,"RPS2",0
"OK",0,80.8483614468824,0.722841118636616,"MYH11",0
"OK",0,42.5411670911998,0.380161841005762,"TGFB1I1",0
"OK",0,42.8010104176031,0.382463813803004,"MT1M",0
"OK",0,45.9461297880857,0.410620050499397,"MT1X",0
"OK",0,44.644802813158,0.38982498818005,"RPL13",0
"OK",0,59.5840463326211,0.532508628267995,"SERPINF1",0
"OK",0,53.409360870291,0.47740478622506,"MFAP4",0
"OK",0,45.2965939841993,0.40258607021949,"CCL5",0
"OK",0,48.6515581347826,0.428865814875864,"EIF1",0
"OK",0,68.571122694582,0.612546260235532,"RAMP2",0
"OK",0,48.5276643961281,0.42876332753571,"H3F3B",0
"OK",0,41.9619916779536,0.374742649386203,"SOCS3",0
"OK",0,55.1353636431201,0.492593895168149,"RPL17",0
"OK",0,41.3064507759096,0.368129991395886,"DSTN",0
"OK",0,57.390239974184,0.512744402701512,"THBD",0
"OK",0,51.6260180866875,0.460076794825554,"MYL9",0
"OK",0,53.5693275652966,0.478344047664601,"ICAM1",0
"OK",0,62.6639810576449,0.560056483781071,"CNN1",0
"OK",0,48.9175820833102,0.437224290547167,"KLF2",0
"OK",0,40.1445217066902,0.358700728666619,"FXYD1",0
"OK",0,52.9922104612638,0.473418671365036,"FXYD5",0
"OK",0,60.3160722343051,0.539205731449897,"PPP1R14A",0
"OK",0,45.5237512348059,0.406768567457215,"SERTAD1",0
"OK",0,60.1387413070566,0.536811527031755,"PCAT19",0
"OK",0,38.6738717141876,0.34009226779376,"RPS19",0
"OK",0,63.4972997610095,0.567713398454245,"BCAM",0
"OK",0,48.3169936652849,0.424237067795218,"RPL13A",0
"OK",0,46.8003645895151,0.418280873793234,"UBE2S",0
"OK",0,48.2860027356973,0.43074761002225,"CLDN5",0
"OK",0,41.4015772212943,0.369757068302338,"SELENOM",0
"OK",0,40.5414200871465,0.361257073882939,"LGALS1",0
"OK",0,40.7874955186379,0.364467862732495,"MAFF",0
"OK",0,39.9769452224585,0.346734465473439,"RPL3",0
"OK",0,71.7977149147652,0.641407071919495,"FBLN1",0
"OK",0,38.994351779157,0.340664846684111,"MT-CO1",0
"OK",0,38.994351779157,0.340664846684111,"MT-CO1.1",0
"OK",0,47.6947801351556,0.425780520391377,"OGN",0
"OK",0,51.1875330872627,0.457188047745635,"SMOC2",0
"OK",4.94065645841247e-324,38.4650628444362,0.343420169684965,"CXCL2",7.90505033345994e-323
"OK",1.97626258336499e-323,38.4295876395678,0.33856777842033,"RPL26",3.06320700421573e-322
"OK",2.47032822920623e-323,38.4244052140504,0.343141615334406,"ATF3",3.8043054729776e-322
"OK",1.73459700306271e-315,37.9528010637914,0.338996537777547,"ZFP36L2",2.66318459894602e-314
"OK",6.08991396265488e-312,37.7372396489505,0.337155316562931,"KCNMB1",9.28812705694961e-311
"OK",1.89883157155266e-308,37.5236019671168,0.335261668343464,"RRAD",2.8769796771617e-307
"OK",6.97466023448369e-308,37.4889378437466,0.334928126441156,"BST2",1.04984591634091e-306
"OK",1.39341843919526e-307,37.4704859970659,0.334611188063974,"SLC9A3R2",2.08379393861473e-306
"OK",2.38654918130419e-307,37.4561331312634,0.334292339959212,"TUBB4B",3.54595017067326e-306
"OK",1.55657343089124e-304,37.2828430104948,0.330153555043233,"RPL29",2.29794141752725e-303
"OK",3.37044699288873e-303,37.2003295774498,0.332300339826499,"COL6A2",4.94403785007818e-302
"OK",7.84014711047361e-303,37.1776453585776,0.332141343301507,"ACTN1",1.14277587312789e-301
"OK",2.09373498109536e-302,37.1512338908338,0.330853905234469,"EMCN",3.03262368645447e-301
"OK",2.59691633852087e-301,37.0834451806394,0.328583608789242,"RGS1",3.73793645475848e-300
"OK",5.41751979266117e-300,37.0014935889279,0.330505713504595,"CD151",7.74940874689359e-299
"OK",7.19665206379536e-300,36.9938236221833,0.330265381923273,"AQP1",1.0230796112914e-298
"OK",1.52116104129772e-299,36.9736012862104,0.330335497464301,"SMTN",2.14922323810346e-298
"OK",2.66308743474268e-298,36.8961540674932,0.329616731196159,"CXCL12",3.73968924525145e-297
"OK",1.01628442270237e-297,36.8598649717548,0.329302505891755,"COL1A2",1.41848668211125e-296
"OK",9.73865024730297e-297,36.7985471471406,0.328769071274203,"PLK2",1.3510910553939e-295
"OK",4.75966457005061e-293,36.5671551974146,0.326699032297859,"COL1A1",6.56377694899794e-292
"OK",3.49658760192622e-292,36.5126201319899,0.323994174481446,"IL1B",4.79323883764053e-291
"OK",3.68267538921466e-290,36.3849471580312,0.32467142776192,"RPL36A",5.01846237950377e-289
"OK",8.46927641067464e-290,36.3620684866104,0.324704663482283,"NR4A1",1.14733785728139e-288
"OK",1.17278579781625e-289,36.3531219031708,0.324779065707893,"ID1",1.57948870898879e-288
"OK",1.80831165460625e-289,36.3412176844356,0.321841661391879,"GADD45B",2.42124519799895e-288
"OK",2.74308239787843e-289,36.3297585364984,0.324578361451457,"ID4",3.65162934237805e-288
"OK",3.58118106711656e-287,36.1955133543322,0.323352186448054,"CKB",4.73991953883301e-286
"OK",8.00101396403144e-286,36.1096525629747,0.322600593848197,"CCDC80",1.05293343766654e-284
"OK",8.67556772030285e-286,36.1074126339734,0.322530752194386,"MYC",1.13521775340099e-284
"OK",1.02161038453297e-285,36.1028889188833,0.322466609201746,"C2orf40",1.32924786190928e-284
"OK",1.61532407615826e-284,36.0263978586396,0.319323292385795,"RPL36",2.08993895920926e-283
"OK",1.46490517399241e-283,35.9651923134071,0.321028927821863,"DNAJB1",1.88473553949973e-282
"OK",5.20171069036545e-282,35.865875368167,0.320308421782935,"ID3",6.65529984439536e-281
"OK",1.03938530609434e-281,35.8465847215452,0.314694095473008,"RPL27A",1.32248859664932e-280
"OK",3.20822108409018e-281,35.8151534084105,0.319972009457031,"CSRNP1",4.05963360256027e-280
"OK",5.52662613380239e-281,35.7999767902414,0.319822128033014,"MT1A",6.95509288860487e-280
"OK",7.47911198365984e-279,35.6627339765175,0.318604638406489,"MARCKSL1",9.36108418389599e-278
"OK",9.8280972386276e-279,35.6550804333185,0.311503370046948,"RPL11",1.22346529408429e-277
"OK",3.2163694862062e-278,35.6218393304557,0.310135684404225,"RPL21",3.98241877781338e-277
"OK",2.12170955863489e-277,35.568881063972,0.317603408366147,"TIMP3",2.61299310884286e-276
"OK",6.05560688228518e-277,35.5394067289456,0.316290497251451,"CXCR4",7.41811843079935e-276
"OK",2.89055151218767e-274,35.3655593264576,0.310577481066384,"RPS3A",3.52219054633238e-273
"OK",4.96269704888311e-272,35.2198762709613,0.314640336051402,"LBH",6.01531121240937e-271
"OK",2.14959830348435e-271,35.1782633413813,0.314226477466544,"ARL6IP1",2.59189784969866e-270
"OK",1.3215136881224e-270,35.1266420277284,0.313788835174634,"IRF1",1.58512813736765e-269
"OK",3.0784480661802e-270,35.1025790064957,0.313579334453033,"MTHFD2",3.67340201886684e-269
"OK",1.20429295874945e-269,35.0637299746338,0.313162180313346,"CEBPB",1.42963231134019e-268
"OK",1.24208983788091e-268,34.9971710012882,0.312648907229562,"MT1E",1.46693994699474e-267
"OK",1.36862671251929e-265,34.7966078567119,0.310382833927192,"PPP1R15A",1.60813638721017e-264
"OK",4.84684213307353e-264,34.6940283617215,0.303927853964897,"FTH1",5.66613067637987e-263
"OK",6.4355180206981e-262,34.552950516793,0.308629427301833,"HEXIM1",7.48535252609481e-261
"OK",1.88721390862425e-260,34.4551182231852,0.307768941290284,"LY6E",2.184047051036e-259
"OK",3.25055590690674e-260,34.4393472219843,0.307604623812566,"HERPUD1",3.74301512680311e-259
"OK",7.01172403671278e-257,34.2159116089485,0.303421988842045,"JUNB",8.03383107291021e-256
"OK",2.1160767157382e-255,34.1162736704884,0.304651057153594,"C1R",2.41253696848766e-254
"OK",2.34959966043997e-255,34.1132077972019,0.299290073998961,"RPS3",2.66558030443017e-254
"OK",6.796850913776e-255,34.0820823873216,0.302164984097627,"JUN",7.67311159530692e-254
"OK",3.02415057952522e-252,33.9028467103333,0.302782428444864,"LGALS3BP",3.39737501690077e-251
"OK",9.5735431882105e-251,33.8008744381559,0.301908086373647,"PHLDA1",1.07028494963344e-249
"OK",1.19163437358653e-249,33.7262589053961,0.293497974601819,"MT-ND4",1.3193913280624e-248
"OK",1.19163437358653e-249,33.7262589053961,0.293497974601819,"MT-ND4.1",1.3193913280624e-248
"OK",3.96333676064323e-249,33.6906385883127,0.30092812882704,"TCEAL3",4.36725577022075e-248
"OK",5.03044806675827e-249,33.683567240309,0.300888303534307,"AEBP1",5.51672471321157e-248
"OK",6.90184859840787e-248,33.6057969150461,0.294562824063807,"RPS14",7.53315512897314e-247
"OK",1.1510123866679e-245,33.4533324016159,0.298660051518313,"BAG2",1.25036864457367e-244
"OK",8.26428005152439e-245,33.3944062236065,0.29815503663728,"CYR61",8.93551030923036e-244
"OK",1.02467903648488e-244,33.3879725034238,0.298237823758689,"RARRES2",1.10272701917041e-243
"OK",1.55364574999829e-242,33.2373726884168,0.292906566263053,"UBC",1.66420751732375e-241
"OK",2.41840195539402e-242,33.2240686412489,0.296583353522736,"MT2A",2.57850912188538e-241
"OK",3.14768739835656e-242,33.2161420296417,0.296711226560428,"ALDOA",3.34061017438487e-241
"OK",3.63899361539623e-241,33.1424392212371,0.296029166529289,"VASN",3.84431297993465e-240
"OK",7.7356951853732e-239,32.9804857464065,0.29460568799779,"WDR1",8.13484292781483e-238
"OK",1.48131473140722e-237,32.8909312504113,0.293784419878793,"KLF10",1.55066719383219e-236
"OK",2.57161402811963e-237,32.8741717552208,0.293500946411205,"WFDC1",2.67983127002693e-236
"OK",4.3452639905836e-237,32.8582262388101,0.293373453928568,"SH3BGRL",4.50772205870002e-236
"OK",5.10066360249525e-237,32.8533523316588,0.292876385985094,"FOSB",5.26763599845137e-236
"OK",6.10635450694177e-237,32.8478792834128,0.293202015877859,"NDUFA4",6.27809572744951e-236
"OK",2.94163763015793e-236,32.8000250102782,0.292957890603676,"PPP1CB",3.01092953877943e-235
"OK",4.17756338764613e-235,32.7191057044392,0.292259348639109,"STMN1",4.25704800077391e-234
"OK",7.01078246941369e-235,32.7032934237059,0.291775870457687,"PMAIP1",7.11270133350649e-234
"OK",1.28933471688156e-234,32.6846755113019,0.291939580592607,"SGK1",1.30234116358694e-233
"OK",1.34715447935416e-234,32.683334572152,0.29193251867939,"PPP1R10",1.35480208120202e-233
"OK",4.89604847174186e-232,32.5026186505862,0.290320459012621,"MSRB3",4.9024346219224e-231
"OK",6.30261205753787e-232,32.494855355519,0.290076810119984,"CLU",6.2706824780058e-231
"OK",6.31697062482564e-232,32.4947853919704,0.289976856225745,"HOXA10",6.2706824780058e-231
"OK",1.75027649351426e-231,32.4634373745481,0.289955527660013,"GNG11",1.72999431955508e-230
"OK",3.74230440434711e-231,32.4400423809407,0.287059154773818,"HSPB1",3.68313121504761e-230
"OK",1.60723462267735e-230,32.3951280013486,0.289360341423712,"KCNQ1OT1",1.5750899302238e-229
"OK",1.65873858622982e-230,32.3941552362252,0.284880804218252,"RPS15A",1.61867583224037e-229
"OK",2.74475659457974e-230,32.3786191972367,0.289217327158673,"SDC2",2.66716220983845e-229
"OK",2.3163576399318e-229,32.312741595109,0.288473540742269,"RCAN2",2.24141665746342e-228
"OK",2.35629051436569e-229,32.3122131220603,0.28648891196807,"FOS",2.27051759606033e-228
"OK",4.68695234339148e-227,32.1481500203475,0.287150731317374,"LPP",4.49752135284607e-226
"OK",8.96883785897304e-226,32.0562964789464,0.286018186655848,"EGR1",8.57063634407257e-225
"OK",1.57064719035877e-225,32.038829541885,0.281229300266922,"RPL9",1.49471094189927e-224
"OK",4.99367971302985e-225,32.0027417179835,0.285850636697562,"ZYX",4.73269316012665e-224
"OK",1.11121743347836e-224,31.9777625800363,0.28560407123726,"CKS2",1.04612757562386e-223
"OK",1.11290167619559e-224,31.9777152643341,0.285626887349567,"CRISPLD2",1.04612757562386e-223
"OK",2.4085074492881e-223,31.8815157149369,0.2847505024721,"FBXO32",2.25479376248394e-222
"OK",1.13725657709759e-222,31.8328399731304,0.277980166754973,"RPL18A",1.0603651405084e-221
"OK",9.64799345984729e-222,31.7656678660909,0.278857563572832,"RPS9",8.95940682985013e-221
"OK",1.20392370388117e-220,31.6861900983263,0.283017443811259,"ARPC1A",1.1135085502162e-219
"OK",4.39365020348164e-219,31.5725750272464,0.281600319142915,"CXCL3",4.04743056744729e-218
"OK",7.97814488878525e-219,31.5536938687751,0.281666029381932,"CAVIN1",7.32018632624399e-218
"OK",1.38095782293895e-218,31.5363184782795,0.281631256830668,"CDC42EP3",1.2620420104081e-217
"OK",3.82429370833551e-218,31.5040352105611,0.28049857959034,"RPS29",3.4811653795639e-217
"OK",1.23739883875621e-217,31.4667785271748,0.280811470077143,"RND1",1.12194075813211e-216
"OK",3.11129764233445e-217,31.4374927837853,0.280795060432892,"BAG3",2.80992881188088e-216
"OK",6.02261428565389e-217,31.4164976226303,0.280594035765037,"OSR2",5.41800027338316e-216
"OK",1.19745991840324e-216,31.3946361626791,0.280398479299799,"ADAMTS1",1.07305454944851e-215
"OK",1.25144598990997e-215,31.3198750652959,0.271710418600254,"ACTB",1.11708531579948e-214
"OK",1.05358193477664e-214,31.2518471737955,0.279122813222674,"PTN",9.36833666328418e-214
"OK",8.55171048214036e-213,31.1109936578275,0.27754201877371,"BTG1",7.57484201552663e-212
"OK",2.72912995106405e-212,31.0737098917326,0.270822146224602,"RPS6",2.40811734762472e-211
"OK",1.01000408920697e-211,31.0316135401046,0.277156106389301,"TOB1",8.87801304367805e-211
"OK",1.39169301500411e-211,31.0212921975684,0.277033370196609,"HLA-E",1.21865741960246e-210
"OK",2.96992512050829e-211,30.9968725820735,0.276842478892299,"MAFB",2.59080967898886e-210
"OK",6.55686494107494e-211,30.9713384111611,0.276613290406354,"ACTN4",5.69828677709267e-210
"OK",7.11935677943976e-211,30.9686836089376,0.271092596464873,"RPL8",6.16386415904126e-210
"OK",2.60430420625642e-210,30.9268200399307,0.275035723382161,"CHRDL2",2.24633430225039e-209
"OK",8.44419565027165e-210,30.888800968935,0.275840999110933,"SLMAP",7.25633678454314e-209
"OK",2.57614626075608e-209,30.8527074666632,0.275544353679704,"EIF4A3",2.20552596227556e-208
"OK",4.03481003593361e-208,30.7634984632373,0.274763931246263,"MIDN",3.44154352324263e-207
"OK",2.93046357775588e-207,30.6990464089968,0.274181361677288,"TMEM123",2.49035336515564e-206
"OK",3.2768377452242e-207,30.6954109001622,0.274088790668866,"PDLIM4",2.77446960560711e-206
"OK",3.23861723089903e-206,30.6207675286202,0.273460960203218,"TSC22D3",2.73206427939944e-205
"OK",4.05843001338088e-206,30.6134053064116,0.272995759748744,"CTSK",3.41115486161174e-205
"OK",1.0596334899861e-204,30.506768990788,0.272397189624289,"BRD2",8.87394882704722e-204
"OK",1.14762960443084e-204,30.5041566696305,0.272416390249938,"HBEGF",9.57605427175444e-204
"OK",1.88931517875244e-204,30.48782726124,0.27060257342891,"SELE",1.57079164500609e-203
"OK",2.3992377005892e-204,30.4799975464297,0.26732560054451,"MT-CO2",1.9804460302713e-203
"OK",2.3992377005892e-204,30.4799975464297,0.26732560054451,"MT-CO2.1",1.9804460302713e-203
"OK",2.62085488595898e-204,30.4771019134882,0.271917859394476,"FHL5",2.15565314370126e-203
"OK",8.29963161678198e-204,30.43929692016,0.27181248737808,"MAP1LC3B",6.80215359909213e-203
"OK",1.48785616284363e-199,30.1161749487505,0.268674926425219,"RPS10",1.21508253298897e-198
"OK",1.973018220064e-199,30.1068124789673,0.268878425594292,"PDLIM3",1.6056045797906e-198
"OK",2.66818098756358e-199,30.0967964517623,0.261800598007482,"RPS4X",2.16366930083061e-198
"OK",5.89091018267101e-199,30.0704984002215,0.266657280198728,"RPL24",4.76026882480398e-198
"OK",7.26735801678187e-198,29.9869187084577,0.267573186935009,"CD83",5.85200192749953e-197
"OK",2.07276869942361e-196,29.8750970503921,0.26680173179016,"AMD1",1.66327049295212e-195
"OK",1.66389467247562e-195,29.8053747602933,0.265184372072908,"PLVAP",1.33053799677478e-194
"OK",2.44854308005513e-195,29.792424666901,0.265935423060331,"FABP5",1.95120924337957e-194
"OK",3.04442805211523e-195,29.785120733096,0.266007898618682,"RERG",2.41769579449013e-194
"OK",4.72958143897278e-195,29.7703436332198,0.259253580050417,"RPL7",3.74303300823173e-194
"OK",1.90038605741332e-194,29.7236418031553,0.265401864911218,"GPX3",1.49883188021331e-193
"OK",1.97792506508097e-194,29.7222978533143,0.260830634203208,"RPL35A",1.55466260234862e-193
"OK",3.33329368098096e-194,29.7047528662222,0.265242755540427,"YBX3",2.61108005010175e-193
"OK",1.55903758038235e-193,29.6528320407248,0.264629149551933,"IGFBP3",1.217106287329e-192
"OK",2.82743102394087e-192,29.5550548785379,0.258513362791752,"RPS8",2.19985596220805e-191
"OK",4.69316697545113e-192,29.537923888855,0.259953974106284,"RPL39",3.63917964460065e-191
"OK",8.00206045998563e-192,29.5198743979735,0.263632312887705,"COX7A1",6.18414269776742e-191
"OK",1.05229529061253e-189,29.3543207498416,0.262073071538132,"HLA-B",8.10513730528645e-189
"OK",1.78683650699893e-189,29.3362987810801,0.261679143873039,"IFITM3",1.37169482520618e-188
"OK",4.76976342040833e-188,29.2242569003634,0.260975105552129,"MIF",3.6494236402659e-187
"OK",8.18222539944204e-187,29.1269521402032,0.260102901219959,"GADD45A",6.23962420361424e-186
"OK",3.15997210131025e-186,29.0805803226674,0.259687934615757,"MAP1B",2.40178737601238e-185
"OK",3.57943498299959e-186,29.0762989761977,0.259476791000748,"HSPA1B",2.71165748876581e-185
"OK",3.20810810229187e-185,29.0008658877573,0.25894612311331,"TCEAL1",2.42238457691088e-184
"OK",4.359042295335e-185,28.9903053961091,0.253928276997226,"RPLP2",3.28067791050866e-184
"OK",6.18380341905847e-184,28.8987816966729,0.25257306329487,"MT-ND2",4.62379846561418e-183
"OK",6.18380341905847e-184,28.8987816966729,0.25257306329487,"MT-ND2.1",4.62379846561418e-183
"OK",2.647321922053e-183,28.8484775935726,0.257609144749643,"EPAS1",1.97306873349128e-182
"OK",1.31004676734992e-182,28.7930598782121,0.256937666244202,"CXCL8",9.73237969421566e-182
"OK",7.18322361528353e-181,28.6538204776195,0.255041327738374,"CCL4",5.31928102443664e-180
"OK",1.42303065614978e-180,28.6299814382415,0.25563810248959,"IGFBP5",1.05039730804902e-179
"OK",2.18116949728322e-180,28.6150787396949,0.255535113963321,"ERRFI1",1.60486688570072e-179
"OK",3.0254017039696e-180,28.6036564530455,0.255421161719805,"RGS16",2.2189490841535e-179
"OK",3.09092644087412e-180,28.6029082559255,0.25529854040202,"MGP",2.25981066455019e-179
"OK",6.77710695599473e-180,28.5754810258219,0.2551086804718,"RGCC",4.93913839229616e-179
"OK",8.14578925091466e-180,28.5690507928751,0.250849441074101,"RPS23",5.91790304254147e-179
"OK",1.44847365195901e-178,28.4682517224914,0.254175941551578,"NR4A2",1.04900466052251e-177
"OK",4.46661528072507e-178,28.4287158986367,0.253407118555907,"NEAT1",3.22464419796547e-177
"OK",5.72569243273129e-178,28.4199900589327,0.253730857241601,"ZC3H12A",4.1207092726813e-177
"OK",8.72599223188309e-178,28.4051789216652,0.250509339759258,"RPS24",6.26042371028871e-177
"OK",1.52474879616261e-177,28.3855482889719,0.253441960213455,"ITGB1",1.09052685638587e-176
"OK",4.01845713275895e-177,28.3514305518142,0.247832079216525,"RPS27A",2.86517237670089e-176
"OK",4.40907331360423e-177,28.3481623975327,0.253099250517709,"MAP2K3",3.13398019791066e-176
"OK",4.64291743144597e-177,28.3463416101645,0.249770833453514,"RPL18",3.29004272142156e-176
"OK",6.21185529404422e-177,28.3360825007572,0.25284697759706,"H2AFZ",4.38831372459627e-176
"OK",1.4280430074638e-175,28.2253671485133,0.252043402176838,"H2AFX",1.00574405082237e-174
"OK",1.78290985833387e-175,28.2175126881985,0.251905963295639,"KCNMA1",1.25184189138503e-174
"OK",2.99480319536326e-175,28.1991499432257,0.251795774903476,"SVIL",2.09636223675428e-174
"OK",1.24104104875101e-174,28.1487532900489,0.251336823876639,"PBX1",8.66096222810174e-174
"OK",1.67922699825659e-174,28.1380224338139,0.251242036327559,"CAVIN3",1.16835642809213e-173
"OK",3.24078613969439e-174,28.1146758419926,0.250848236309732,"OLFML3",2.2480513493121e-173
"OK",2.13721278468842e-173,28.0475884947076,0.250416037880616,"IER3",1.47807839133256e-172
"OK",2.40300523021193e-173,28.0434142378085,0.250367698280901,"MT-ND4L",1.65197643139644e-172
"OK",2.40300523021193e-173,28.0434142378085,0.250367698280901,"MT-ND4L.1",1.65197643139644e-172
"OK",2.86931487804693e-172,27.954954986856,0.246974713182465,"RPS28",1.966676239328e-171
"OK",2.41977116048374e-171,27.8786762514599,0.245461740294991,"RPS13",1.65362996516144e-170
"OK",3.43955194233886e-171,27.8660753413135,0.248404230520854,"LEFTY2",2.34357636781255e-170
"OK",4.3554440635522e-171,27.8576127857803,0.24873861877482,"HSPB8",2.95887542134535e-170
"OK",7.08512725425542e-170,27.7574397890631,0.247839713366577,"NPDC1",4.79913178427948e-169
"OK",1.94612492837723e-169,27.7210610349271,0.247402037087075,"PNRC1",1.31434771555799e-168
"OK",5.49387032672798e-169,27.6836474008294,0.246809436327918,"HSPA8",3.69952729896332e-168
"OK",2.02780349130159e-168,27.6364962198224,0.244406181957112,"TPT1",1.3615252013025e-167
"OK",3.21477885911453e-168,27.6198391594923,0.246626247808669,"RGS2",2.15221968387813e-167
"OK",5.1499894857147e-168,27.6027946841531,0.24644293691208,"SPEG",3.43780457553651e-167
"OK",1.10946840416093e-167,27.5750129698033,0.246204788782072,"ZNF703",7.38469865544111e-167
"OK",3.16984012923368e-167,27.5369659576912,0.245840601161762,"LMCD1",2.10378726732714e-166
"OK",4.14845955074863e-167,27.5272063497566,0.245755316731143,"SLC2A3",2.74537423717646e-166
"OK",1.83478311878779e-164,27.3052988587528,0.243551466153206,"GSN",1.21074656807114e-163
"OK",1.87688909014309e-164,27.3044690045506,0.240698412718712,"FTL",1.23499302131415e-163
"OK",1.0192886038449e-162,27.1579719309564,0.242165452403228,"UPP1",6.68781098192255e-162
"OK",1.03142207855768e-162,27.1575367848046,0.237295680919178,"RPL23A",6.74819615601799e-162
"OK",9.83408583708389e-161,26.9894273223996,0.240939016827679,"GPNMB",6.41583560419382e-160
"OK",1.37929581094567e-159,26.8915350446679,0.240081556113279,"FHL2",8.97321540284713e-159
"OK",4.22730577107068e-159,26.8499117882192,0.239717750031842,"CAV2",2.74239019458472e-158
"OK",5.04577528410818e-159,26.8433283929209,0.238400461753944,"RPL28",3.26416305598347e-158
"OK",1.080162272943e-158,26.8149975797993,0.239420117807907,"FCGRT",6.96810564310285e-158
"OK",5.55034775840415e-158,26.753974295432,0.238829221127381,"MAOB",3.57051700771082e-157
"OK",9.41922267678769e-158,26.7342258048442,0.23381146690412,"MT-ATP6",6.02568606240057e-157
"OK",9.41922267678769e-158,26.7342258048442,0.23381146690412,"MT-ATP6.1",6.02568606240057e-157
"OK",2.55090835776401e-157,26.6969856994558,0.238362026868954,"CFL2",1.62735234014695e-156
"OK",1.08089466431746e-156,26.6429209947312,0.237840275847311,"MKNK2",6.87652047492572e-156
"OK",2.51388086959944e-156,26.6112670270559,0.236130737335526,"ECSCR",1.59489466740703e-155
"OK",4.96416335951395e-155,26.4990934382966,0.236473485628459,"CD55",3.14078797169248e-154
"OK",6.5485673358379e-155,26.4886529653501,0.232680437764379,"RPS15",4.13187686970813e-154
"OK",1.60028157155294e-154,26.4549473341442,0.232949951723268,"RPL19",1.00695313095258e-153
"OK",5.30449984406477e-154,26.4096744112426,0.235706661455477,"KDM6B",3.32868205473601e-153
"OK",6.98237434775888e-154,26.3992806808082,0.235697154519151,"THBS1",4.36967612035019e-153
"OK",1.77083840071155e-153,26.3640547900748,0.235383247120154,"COL18A1",1.10521431892648e-152
"OK",8.41953769013903e-153,26.3049360069403,0.234858508805597,"MYLIP",5.24059332442978e-152
"OK",1.10476036679612e-152,26.2946215643013,0.234770129129149,"PLP2",6.85785208822495e-152
"OK",1.16240684487237e-152,26.2926898809028,0.234673102113632,"FABP3",7.19629828962652e-152
"OK",1.48842752102721e-152,26.2832988534814,0.234039919166179,"PFDN5",9.18994257620819e-152
"OK",3.23135495004598e-152,26.2538315878331,0.234399152908095,"PLS3",1.98978889036254e-151
"OK",9.28605476721356e-152,26.2136510806131,0.233996985647242,"CCNL1",5.70287576770475e-151
"OK",1.57631163193967e-151,26.1934862053966,0.233841376372812,"JUND",9.65490874563045e-151
"OK",1.73689399791558e-151,26.1897876984653,0.233819639813555,"EMX2",1.06102569686992e-150
"OK",3.22941356660091e-151,26.1661303534297,0.232768109662463,"TMSB10",1.96755011742907e-150
"OK",1.27580689558446e-150,26.1136488202207,0.233140133337179,"KPNA2",7.75246248161216e-150
"OK",8.93680627356465e-150,26.0391082070774,0.232440973036771,"ZFAND5",5.4161749600051e-149
"OK",2.08246419622373e-149,26.006647731889,0.232151096043268,"PRELP",1.25877035273051e-148
"OK",4.76462099025449e-149,25.9748500231478,0.231545423705494,"THY1",2.87249270695185e-148
"OK",1.9778320882037e-148,25.9200753541665,0.231110159546426,"IL6",1.18928127914703e-147
"OK",7.56241013839952e-148,25.8683573482856,0.23079697165434,"PTTG1",4.5354767053995e-147
"OK",2.71535733964094e-147,25.8189675492566,0.230193391280435,"PLTP",1.62427739043976e-146
"OK",2.96131708325836e-147,25.8156139418468,0.229304076445037,"ZCCHC12",1.76681690226528e-146
"OK",6.42786543505914e-147,25.7856204988661,0.230127602362348,"SGCA",3.82516126535948e-146
"OK",1.0791554071405e-146,25.7655493763375,0.230029365103787,"HSPH1",6.40539923362e-146
"OK",1.08793631263326e-146,25.7652353212251,0.230032622899399,"HCFC1R1",6.44091858096244e-146
"OK",1.15281630909639e-145,25.6735941234757,0.228879404420804,"NDUFA4L2",6.80752810217687e-145
"OK",1.56435623168818e-145,25.661719053445,0.229104151289697,"COL6A1",9.21409821375418e-145
"OK",1.72739779813371e-145,25.6578611951495,0.228227921865584,"CCL3L1",1.01484620640356e-144
"OK",1.55701212627744e-144,25.572153556858,0.228293827092259,"HES4",9.12417029724412e-144
"OK",1.84632575869828e-144,25.5654982099768,0.228173537728014,"SAT1",1.07921020870105e-143
"OK",4.65425025821743e-144,25.5293625563243,0.227717628721828,"ID2",2.71360464422146e-143
"OK",4.75738123024077e-144,25.5285053703471,0.227863768539348,"ZC3HAV1",2.76672953869811e-143
"OK",4.83416708452852e-144,25.5278791202057,0.227835125216725,"SELENOW",2.80430397875798e-143
"OK",1.89620631458279e-143,25.4743662051414,0.227258651885192,"NOTCH3",1.09722692022215e-142
"OK",1.56747291880802e-142,25.3914443305763,0.224624917716845,"RPS20",9.04734368926034e-142
"OK",3.42130019587846e-142,25.3607323711957,0.226406559351499,"TAGLN2",1.96981358777702e-141
"OK",4.8825760653541e-142,25.3467264792048,0.226195684438752,"PGF",2.80413283753379e-141
"OK",5.17726622797726e-142,25.3444178552747,0.226234109798272,"CEBPD",2.96598112513225e-141
"OK",9.90655942813177e-142,25.3188406069621,0.225918276740576,"TSC22D1",5.66124227369416e-141
"OK",1.28124001598632e-141,25.3086952656363,0.225923395391793,"PPP1R12B",7.30370236835767e-141
"OK",2.0146677702161e-141,25.2908325661884,0.225700618990543,"FSCN1",1.14562466044634e-140
"OK",2.43075568225447e-141,25.2834194802176,0.225715994778816,"LMO4",1.37882520596848e-140
"OK",9.79100144847277e-141,25.2283397327464,0.225166007449891,"RGS5",5.54021531592943e-140
"OK",1.29241292630008e-140,25.2173497769021,0.225124170502362,"INTS6",7.29516414036541e-140
"OK",6.32550435360209e-140,25.1543943629916,0.224542886170008,"SFPQ",3.56176932184489e-139
"OK",1.52370252498628e-139,25.1194754762978,0.222488386131008,"RPL35",8.55874857327657e-139
"OK",1.59436575694872e-139,25.1176735723868,0.224208010182888,"SPSB1",8.93387916849854e-139
"OK",5.94184567045533e-139,25.0653265975841,0.223710757590167,"DUSP2",3.32137635414044e-138
"OK",7.50431009034598e-139,25.0560256607368,0.223671303486725,"NET1",4.18460681309124e-138
"OK",1.34125051976369e-138,25.0328752819907,0.222995677388872,"FBLN5",7.46111098312991e-138
"OK",1.76895437497059e-138,25.0218335064241,0.223373882634009,"ATP1A1",9.81663114592113e-138
"OK",2.84479365960442e-138,25.0028690312609,0.223209218722789,"ARC",1.57489418222812e-137
"OK",1.02523322963223e-137,24.9516236094412,0.222748118228538,"IGFBP4",5.662139395307e-137
"OK",4.60466065722238e-137,24.8914450577965,0.218570851581476,"RPL31",2.53696973530697e-136
"OK",1.25454496443018e-136,24.8512109158262,0.221848487307282,"SLC3A2",6.89550609327613e-136
"OK",2.14784469710055e-136,24.8295999662442,0.218783556724402,"RPL6",1.17773484224347e-135
"OK",1.06784145121307e-133,24.5786782273665,0.219396431207333,"TMEM47",5.84142247540073e-133
"OK",4.15921577103735e-133,24.5233875758518,0.216324210686858,"CCL14",2.26982794329361e-132
"OK",2.15842765549263e-132,24.4562614657884,0.218315922855682,"NXF1",1.17514394576821e-131
"OK",6.1930008424054e-132,24.4131964028233,0.215131252825,"RPL30",3.36379267454237e-131
"OK",5.37173070672352e-131,24.3246945895775,0.217088669455309,"PTK2",2.91084607472571e-130
"OK",1.96597393352808e-130,24.2713883908291,0.216621271820513,"MGST3",1.06282581429934e-129
"OK",5.09257687908744e-130,24.2322083645251,0.216178798916226,"HPCAL1",2.74665212003241e-129
"OK",7.42484184690978e-130,24.2166700005477,0.216172670730011,"ODC1",3.99518943304515e-129
"OK",1.21886651950594e-129,24.1962277862075,0.215922495879188,"CHCHD10",6.54323914783726e-129
"OK",2.52572179171093e-128,24.0708415620547,0.214843641471997,"IGFBP6",1.35272960146751e-127
"OK",3.06094118987243e-128,24.0628693760039,0.214765773054839,"ETS2",1.63557948034251e-127
"OK",5.71981263635918e-128,24.0369175679457,0.212592457310762,"RPS5",3.0492427086887e-127
"OK",8.15766845743e-128,24.0221686119183,0.214402358785863,"ASPN",4.33882458601878e-127
"OK",3.25561207316403e-127,23.9645854174282,0.212612730253377,"CCL4L2",1.72757479366285e-126
"OK",4.06978208798844e-127,23.9552856278152,0.213816726871685,"CYCS",2.15464555141089e-126
"OK",7.77125943467626e-127,23.9283152174887,0.208419128372756,"MALAT1",4.10486478854574e-126
"OK",2.07790996208827e-126,23.8872489372842,0.213086939256162,"ZFAS1",1.09506330496322e-125
"OK",4.16341609171862e-126,23.8581881387926,0.212960942213911,"CLIC4",2.18912037881917e-125
"OK",4.58628894998926e-126,23.8541402881348,0.212682070489972,"CBR3",2.40597345144084e-125
"OK",1.10085262490565e-124,23.72076759606,0.211725420633958,"BHLHE40",5.76196271626752e-124
"OK",2.64435156410015e-124,23.6838602601668,0.210025541197837,"C7",1.38093915014119e-123
"OK",2.71028797611239e-124,23.6828221745189,0.211395125193739,"SOX4",1.41217040927304e-123
"OK",3.89307549959637e-124,23.66755294372,0.210851869157147,"CES1",2.02387198094141e-123
"OK",2.21456735176431e-123,23.5941172784323,0.210319033655937,"EMILIN1",1.14868211962009e-122
"OK",3.87394052037329e-123,23.5704463302217,0.210390157556587,"NUDT4",2.00487303784712e-122
"OK",1.32121631144823e-122,23.518431316277,0.207872179939661,"RPL7A",6.82233445126744e-122
"OK",3.09036833919211e-122,23.4823379845991,0.209349496457626,"CLEC2B",1.59219648437571e-121
"OK",1.71043534690507e-121,23.4094917360401,0.207665490171112,"MT-ND3",8.77312383947075e-121
"OK",1.71043534690507e-121,23.4094917360401,0.207665490171112,"MT-ND3.1",8.77312383947075e-121
"OK",2.83156061338419e-121,23.387987826097,0.20867705507424,"HSPA5",1.44912979836084e-120
"OK",7.68354867606038e-121,23.3453443807354,0.208232311118032,"ISOC1",3.92355046584635e-120
"OK",7.06813658082376e-120,23.2502695733882,0.206033040761113,"MYL6",3.60130941275158e-119
"OK",1.93339383880225e-119,23.2070294153824,0.206116753567465,"CFD",9.82915234163703e-119
"OK",2.45849975155031e-119,23.1966927225454,0.206650378398791,"JAM2",1.24712002815426e-118
"OK",1.41184634024882e-118,23.1213574634277,0.206254790818244,"COX6C",7.14611455295172e-118
"OK",2.9223366421932e-118,23.089930937266,0.205667777356946,"IER2",1.47590817696731e-117
"OK",3.20762105571149e-118,23.0859040571734,0.20456254499442,"RNASE1",1.61644448387387e-117
"OK",1.97854554684369e-117,23.007106374015,0.20493680193108,"UQCRB",9.94888732397602e-117
"OK",5.98953970784092e-117,22.9590027850419,0.204714230800871,"ITM2C",3.0052091388143e-116
"OK",1.15128675017119e-116,22.9305773100626,0.20443628767864,"MAP3K7CL",5.76394214270487e-116
"OK",1.54618217432329e-115,22.8172360525046,0.203638650191936,"LTBP4",7.72420292292093e-115
"OK",1.86199332738057e-115,22.8091046207783,0.203572619041422,"NAMPT",9.28175461679104e-115
"OK",1.89456705481467e-115,22.8083457180277,0.203491476475153,"MXRA8",9.42373202427254e-115
"OK",2.11582406008183e-115,22.8035117616521,0.203431972500007,"TUBA1A",1.05016008844147e-114
"OK",3.28750935566066e-115,22.7842152285705,0.203344060484165,"ATP5ME",1.62820087012613e-114
"OK",4.36609213703648e-115,22.7717824253654,0.202159627585903,"ZFP36",2.15774896815344e-114
"OK",6.32438220053081e-115,22.7555357837352,0.199394255331141,"RPS25",3.11885486248875e-114
"OK",2.25708053462982e-114,22.6996655619576,0.201468183079101,"RPL22",1.1106958271907e-113
"OK",2.48981076449109e-113,22.5938638784031,0.20163893687247,"CD44",1.22260856942921e-112
"OK",2.84471964515702e-113,22.5879766361804,0.200881656675469,"PGR",1.39391262612694e-112
"OK",5.78302582274722e-113,22.5566072829985,0.201064772245089,"MRGPRF",2.82766634178065e-112
"OK",7.12249808843888e-113,22.5473875123427,0.201212373647154,"AXL",3.47523582577855e-112
"OK",1.30743259652017e-112,22.5204857431984,0.200983023906116,"TIPARP",6.36578703971659e-112
"OK",1.74459543259822e-112,22.507698570839,0.200845397715604,"CCL2",8.47637823053521e-112
"OK",2.18701719235444e-111,22.3952956348276,0.19975248957196,"RASL12",1.06035801978785e-110
"OK",1.03316575020179e-110,22.32599588259,0.197977412065622,"UBB",4.99869899729985e-110
"OK",1.46211719557253e-110,22.3104675518363,0.199113273860207,"REXO2",7.05923669057344e-110
"OK",2.26109865887672e-110,22.2909572371056,0.198853224322828,"HLA-A",1.08939544171403e-109
"OK",2.3498112496245e-110,22.2892341765508,0.198895992417845,"MORF4L2",1.12977355070673e-109
"OK",4.06960397698329e-110,22.2646297734545,0.195385925597782,"FAU",1.95256207479011e-109
"OK",4.01999793061259e-109,22.161731088991,0.197775295050683,"CCDC107",1.92475160794195e-108
"OK",6.0032657761824e-109,22.1436651180852,0.197567786753243,"SLC25A25",2.86836536982325e-108
"OK",6.73059896819489e-109,22.1385105088785,0.197435484571193,"HSPB7",3.20922762396539e-108
"OK",8.22016025571908e-109,22.1294963259321,0.197475702447032,"IFRD1",3.91136964233906e-108
"OK",1.37830799378438e-108,22.1061756932376,0.197085288893426,"TUBA4A",6.54483156636169e-108
"OK",1.55114500127228e-108,22.1008418622685,0.197235794414961,"ARID5B",7.35038464594661e-108
"OK",1.95078450464887e-108,22.0904881775713,0.197108522318999,"IDI1",9.22516779097811e-108
"OK",6.44732429614646e-108,22.0364171813428,0.191994841062314,"RPL10A",3.04266144549699e-107
"OK",8.08126526727698e-108,22.0261853428065,0.196250835381144,"IGF1",3.80596194489547e-107
"OK",8.62030724486232e-108,22.0232595408977,0.196493763484224,"SLC25A33",4.05154440508529e-107
"OK",1.42848491001166e-107,22.0003608016326,0.196277195936142,"LDOC1",6.70020518891415e-107
"OK",2.92336255282467e-107,21.9678533403155,0.196047875667902,"A2M",1.36839511364944e-106
"OK",8.5009984499414e-107,21.9193085767855,0.195611759572215,"NDUFA13",3.97115607103754e-106
"OK",9.60563859098194e-107,21.9137459302968,0.19550927891361,"TRIB1",4.47809426620069e-106
"OK",1.08513107636099e-106,21.9081924019965,0.194609206448278,"S100A6",5.04859973506939e-106
"OK",1.37838637716642e-106,21.8972934391323,0.193197688239744,"RACK1",6.40004803752877e-106
"OK",3.57220949639676e-106,21.8538526028386,0.19502577864113,"SNHG7",1.65529144269653e-105
"OK",4.27227931193834e-106,21.8456790305207,0.194942669155082,"UQCR11",1.97571470991847e-105
"OK",1.67765713324876e-105,21.7831066083905,0.194378470047881,"TNS1",7.74277430435248e-105
"OK",3.48303051094697e-105,21.7496158348727,0.194094850611544,"PDLIM1",1.60428385334218e-104
"OK",7.10351972185124e-105,21.7168923290779,0.193792001279178,"IER5",3.26535048291884e-104
"OK",6.95970861770459e-104,21.611774825842,0.192841266481708,"CITED2",3.1928703080824e-103
"OK",7.09971549432208e-104,21.6108551811894,0.192726531836818,"JPT1",3.25062520545204e-103
"OK",7.64562952927008e-104,21.6074343223419,0.192783638212263,"TPM3",3.49362793768036e-103
"OK",1.10772623840705e-103,21.5903051529799,0.192666322048195,"TXNIP",5.0516703505969e-103
"OK",1.90951903948168e-103,21.5651226975361,0.192121215599389,"DUSP1",8.69095325677138e-103
"OK",3.56318995821371e-103,21.5362386805152,0.192178974168609,"HSPB6",1.61854565557518e-102
"OK",7.81043450641078e-103,21.4998450197289,0.191763624347282,"HLA-C",3.54083280871339e-102
"OK",9.42009150760385e-103,21.4911463942454,0.190861613766942,"RPS11",4.26217499843058e-102
"OK",2.53240292404415e-102,21.4451817257682,0.191294468363095,"CREM",1.14355371256347e-101
"OK",3.88498453700131e-102,21.4252600746351,0.191180066687464,"MCL1",1.75090398996361e-101
"OK",6.67322035184005e-101,21.2924168953928,0.189608040116568,"CCL3",3.00164579497805e-100
"OK",7.03584773870397e-101,21.2899370106406,0.189818675620692,"LAPTM4A",3.15858817587432e-100
"OK",1.85738862432371e-100,21.2443923283019,0.189558712885154,"SERPING1",8.32211284400292e-100
"OK",3.52532181024644e-100,21.2142742032777,0.1880608709233,"RPS7",1.57646915126166e-99
"OK",4.03806985121423e-100,21.2078862563072,0.189235472017654,"SPARC",1.80226257119116e-99
"OK",6.74005049015878e-100,21.183769820996,0.188980515476874,"CTGF",3.00238612743437e-99
"OK",7.13022666030213e-100,21.181118993004,0.189006130782683,"TUBB2A",3.17006023140459e-99
"OK",1.16455898934738e-99,21.1579963041611,0.18857372485052,"CALM1",5.16759027450294e-99
"OK",1.70724724047693e-99,21.1399486084057,0.18825442974541,"APOE",7.56113537465072e-99
"OK",2.45270341071397e-99,21.1228412384125,0.188357400714939,"CST3",1.08417964584919e-98
"OK",2.87458278140709e-99,21.1153426580601,0.187969569397013,"DYNLL1",1.26823067922999e-98
"OK",3.54134308794231e-99,21.1054833742614,0.184413726204498,"MT-CYB",1.55643380372731e-98
"OK",3.54134308794231e-99,21.1054833742614,0.184413726204498,"MT-CYB.1",1.55643380372731e-98
"OK",1.29674254110382e-98,21.0440339580686,0.187654868882746,"GADD45G",5.68837728030876e-98
"OK",1.90304492330097e-98,21.0258385774762,0.186140928964786,"RPLP0",8.33215296266564e-98
"OK",1.94491178181858e-98,21.0248058927778,0.187582816975972,"UAP1",8.49930139189409e-98
"OK",4.4799895605827e-98,20.9851712300426,0.187211329525801,"ARID5A",1.95405605265567e-97
"OK",5.62954705407788e-98,20.9743087105427,0.186822203035321,"CD63",2.45082171371292e-97
"OK",1.18632304476644e-97,20.9388196431475,0.186769090092945,"TNFRSF12A",5.1549093813153e-97
"OK",1.38464881820817e-97,20.931452240614,0.185605217042514,"RAMP3",6.00536012868815e-97
"OK",1.96391823932538e-97,20.914786365102,0.184009780256569,"RPL5",8.50169869392172e-97
"OK",2.329237041028e-97,20.9066464395711,0.186548466040293,"EMP3",1.00642268395638e-96
"OK",6.72350606326594e-97,20.855995700663,0.186030359984861,"BAZ1A",2.89966937522499e-96
"OK",8.460545671271e-97,20.8449993718373,0.185919858674201,"STK17A",3.64198816466114e-96
"OK",3.32072703049472e-96,20.7794503973307,0.185288275231888,"SNAI1",1.42679745358757e-95
"OK",4.72391900701994e-96,20.7625208354542,0.185239851556672,"ING1",2.02591908252643e-95
"OK",6.56288357757713e-96,20.7467155200736,0.184975381290873,"HNMT",2.80935332326397e-95
"OK",7.27156849549467e-96,20.7417837777827,0.185060024139802,"ADH5",3.10694290262045e-95
"OK",2.21955085653509e-95,20.6880381763028,0.180871326786518,"MT-CO3",9.4484761970431e-95
"OK",2.21955085653509e-95,20.6880381763028,0.180871326786518,"MT-CO3.1",9.4484761970431e-95
"OK",2.26228302296138e-95,20.6871185238089,0.184467221761458,"CYBA",9.61261587062742e-95
"OK",2.50383480911348e-95,20.6822253583228,0.184513720838606,"PIM1",1.06193951480448e-94
"OK",3.60047333244501e-95,20.6646957419988,0.18435043139381,"PHLDA2",1.52424450084942e-94
"OK",9.49614198726249e-95,20.617820697944,0.182615266426531,"RPL37",4.01277339388358e-94
"OK",1.46935362470309e-94,20.5966872990733,0.183776169301671,"XBP1",6.19765823752972e-94
"OK",2.70054471626975e-94,20.5671854971003,0.183430959294972,"AES",1.13699350668542e-93
"OK",4.13911109350532e-94,20.5464612772986,0.183229058053282,"DUSP14",1.73948409641291e-93
"OK",1.02185308685156e-93,20.5025336945638,0.182770011126642,"LDB2",4.28657132790372e-93
"OK",1.72014361900729e-93,20.4771768365925,0.182696673475778,"CDKN1C",7.20271046286144e-93
"OK",8.32356357242937e-93,20.4002181576079,0.181744139466472,"PABPC1",3.47897766012792e-92
"OK",1.15675575727634e-92,20.3841174593258,0.181700639917958,"PLAUR",4.82610237139024e-92
"OK",1.73370235868432e-92,20.3643045660804,0.181660687726439,"MIR22HG",7.22010222793848e-92
"OK",2.10551876858699e-92,20.3547838583499,0.181488664811891,"GSTP1",8.7527251336748e-92
"OK",4.47574082796415e-92,20.3177908900834,0.181265070175079,"MAT2A",1.85723083365792e-91
"OK",7.54940451255932e-92,20.2921056294064,0.180398019431547,"RPL38",3.12702852381728e-91
"OK",7.7050985106016e-92,20.2911020445872,0.18101143596009,"DNAJB9",3.18578848651983e-91
"OK",3.21330009160819e-91,20.2207747129852,0.180410667933961,"ANXA1",1.32620611307772e-90
"OK",9.56992535455347e-91,20.1668636536845,0.179909551460954,"CD9",3.9426722882892e-90
"OK",1.27302812439368e-90,20.1527434223404,0.179754810914795,"SNHG12",5.23532816156901e-90
"OK",4.57567573182272e-90,20.0893162972872,0.178983225636511,"PLCG2",1.87839237261813e-89
"OK",6.91485964634052e-90,20.0688023071452,0.178975981749354,"ISG15",2.83361597251285e-89
"OK",1.18417979448891e-89,20.0420446985053,0.17880487181994,"ROCK1",4.84398946129301e-89
"OK",1.47962873309335e-89,20.030955431849,0.178647503630572,"LDHA",6.04181732679785e-89
"OK",1.74683931047143e-89,20.0226862225297,0.177961508484035,"CALM2",7.12030253454107e-89
"OK",2.24416375555046e-89,20.0102012747965,0.178382869451241,"HSPA1A",9.13128821383869e-89
"OK",2.74523620416299e-89,20.0001521601628,0.178416545185919,"NUPR1",1.11504038416003e-88
"OK",1.06035055474118e-88,19.9326410774177,0.177813147022976,"MAP3K8",4.29927346402983e-88
"OK",4.30620635519048e-88,19.8623838322268,0.176648292193134,"KRT19",1.74291621019397e-87
"OK",5.18921068317884e-88,19.85301442766,0.176147849024535,"FLT1",2.09662319357208e-87
"OK",6.04517737342639e-88,19.8453418370568,0.176921914209214,"ATF4",2.43818625061313e-87
"OK",8.23280249107108e-88,19.829811376528,0.176900780519679,"ARPC1B",3.31471051345047e-87
"OK",8.28990561801294e-88,19.8294636818265,0.176852506214213,"COL3A1",3.33187655118391e-87
"OK",4.82388212011948e-87,19.7406765017815,0.17608023104265,"EHD2",1.93543563112111e-86
"OK",8.95522097029612e-87,19.709392413058,0.175828299008263,"IGFBP2",3.58676067732034e-86
"OK",1.13946122047114e-86,19.697197086236,0.175696100922034,"AKAP13",4.55586665059903e-86
"OK",3.40167542216468e-86,19.641735121496,0.175214055367524,"TIMP1",1.35772244319675e-85
"OK",6.84393155967112e-86,19.6062024070432,0.174539774215215,"PFN1",2.72691598303159e-85
"OK",1.48058480521218e-85,19.5669068814025,0.174561274867375,"ZNF503",5.88909638411685e-85
"OK",3.25114205018388e-85,19.5267711599805,0.174199396252043,"SDCBP",1.29092761061611e-84
"OK",5.37454980545912e-85,19.50107880498,0.173967369337473,"KANK2",2.13039383854946e-84
"OK",1.26371202478526e-84,19.457302444398,0.172747208527975,"NACA",5.00056493656435e-84
"OK",1.36237234358075e-84,19.4534486478922,0.173540227577012,"TWSG1",5.38172128176066e-84
"OK",1.77429519531085e-84,19.4398996661747,0.173343858209472,"ST13",6.99692095000151e-84
"OK",2.10237043074326e-84,19.4311931147448,0.173216961280962,"DUSP5",8.27651128547305e-84
"OK",2.30922287796952e-84,19.4263755768575,0.173281547266043,"CALU",9.07532472348771e-84
"OK",2.56706011843417e-83,19.3023299546985,0.172095474565039,"AOC3",1.00714471086097e-82
"OK",1.2288419468816e-82,19.2212518705085,0.171409438486759,"DMPK",4.81296429195292e-82
"OK",5.14362390768923e-82,19.1468240165638,0.170799032262544,"RND3",2.01116568071448e-81
"OK",6.2200874619963e-82,19.13692364456,0.170712705419825,"KRTCAP2",2.42794261440296e-81
"OK",6.33536175703317e-82,19.1359666638035,0.170687719791763,"ESD",2.46875433611631e-81
"OK",6.35086469063164e-82,19.1358392886664,0.170702141080178,"CD164",2.47061509839944e-81
"OK",1.25547406828203e-81,19.1002887290859,0.170170892744943,"PARVA",4.87581244393512e-81
"OK",1.35541305800729e-81,19.0962891709999,0.170255523117859,"RHOB",5.2550778999845e-81
"OK",2.77528083735995e-81,19.0588266901697,0.169995699452206,"DDX3X",1.07419693587226e-80
"OK",5.36136374635429e-81,19.0243408401574,0.169592374393721,"ARL4A",2.07168132682113e-80
"OK",8.2445459502218e-81,19.0017693580178,0.169485315253148,"PFN2",3.180433722506e-80
"OK",1.52070382925131e-80,18.9696124031799,0.169215805580812,"CAP1",5.856489830712e-80
"OK",3.36284755843605e-80,18.9278458685216,0.168806061489839,"RRAS",1.29292786762575e-79
"OK",4.14234914681936e-79,18.795085224245,0.167549386684326,"PFKFB3",1.58997168085417e-78
"OK",1.29211268950636e-78,18.7346319532407,0.167074523391628,"LDHB",4.95130702817494e-78
"OK",2.44489098200709e-78,18.7006577517329,0.166746680226912,"PEBP1",9.35312945442246e-78
"OK",2.57994737425803e-78,18.6977904672544,0.16675453245746,"SOCS2",9.85343085060737e-78
"OK",5.87786638245779e-78,18.6538253533495,0.166367189467151,"C12orf57",2.24117984748349e-77
"OK",7.01331524171686e-78,18.6443818337464,0.166296395092189,"FKBP1A",2.66969669449156e-77
"OK",1.62219476282147e-77,18.5994800950741,0.16587041597871,"FSTL1",6.16487547653111e-77
"OK",2.14433514992523e-76,18.4605606235119,0.16426392268498,"PCP4",8.13575593126493e-76
"OK",2.54644399992602e-76,18.4512753562213,0.164569615710083,"PPP1R12A",9.6454942957724e-76
"OK",2.72641785348288e-76,18.4475846274146,0.163941495060806,"YBX1",1.03102468252399e-75
"OK",3.45073149838191e-76,18.4348462653155,0.164418395355619,"ZFYVE21",1.30279256406124e-75
"OK",3.47844240198696e-76,18.4344136534508,0.164425784270422,"PGAM1",1.31110521305662e-75
"OK",5.82827819094253e-76,18.4064757208266,0.163985003726496,"DUSP23",2.19322298590533e-75
"OK",9.86917622141095e-76,18.3779227807235,0.163919987294065,"NDUFB7",3.70778349721198e-75
"OK",3.46399524429721e-75,18.309676684577,0.163116418033136,"CCNI",1.29928030091474e-74
"OK",6.06546480178068e-75,18.2791466201965,0.162940437793765,"EID1",2.27134397373998e-74
"OK",1.74979819445679e-74,18.2212666359491,0.162405843631209,"PTMS",6.54185915882141e-74
"OK",2.03358751338032e-74,18.2130407541696,0.162445067341958,"RBPMS",7.59052195026722e-74
"OK",3.70133955016197e-74,18.1802269513907,0.162152023645388,"NDUFB1",1.37931795857978e-73
"OK",4.21900252794775e-74,18.1730467852968,0.16206127178989,"ANXA2",1.56968704715083e-73
"OK",5.28984298354034e-74,18.1606334754331,0.161937173783504,"TBC1D1",1.96492070824087e-73
"OK",2.48655429940914e-73,18.0754685693227,0.160771472140688,"DDX5",9.22147270779268e-73
"OK",3.91505500327414e-73,18.0504143572312,0.160947679405395,"ADM",1.44957743931517e-72
"OK",4.29364787281634e-73,18.045315333352,0.160938259657659,"NFKBIZ",1.58720241590627e-72
"OK",8.2663720848084e-73,18.0090888756955,0.160613942422559,"PSMA4",3.05087418450541e-72
"OK",8.31802238705703e-73,18.0087440591118,0.160603406510594,"ATP5MD",3.06502488918277e-72
"OK",9.02928655508455e-73,18.0042013551846,0.160569521446517,"IFITM2",3.32179663520123e-72
"OK",1.52427474882383e-72,17.9751832248886,0.160274424951049,"UBE2D1",5.59873165317587e-72
"OK",2.35935215366639e-72,17.950937532623,0.16009859214524,"CRTAP",8.6522102068371e-72
"OK",5.73668925564494e-72,17.9015263834585,0.159626836732391,"PLK3",2.10041261617652e-71
"OK",1.27819996981245e-71,17.8568558740111,0.159196604486224,"EIF4G2",4.67253100075883e-71
"OK",2.98231770192494e-71,17.8094942258153,0.158817789811969,"UBA2",1.08847506617007e-70
"OK",3.76976570135627e-71,17.796373933121,0.158697884685783,"SLC38A2",1.37369784971891e-70
"OK",5.16739809343741e-71,17.7787003772404,0.158452270862732,"TMEM70",1.88001861124587e-70
"OK",1.22638963523455e-70,17.7301731141645,0.157639173367856,"MMP2",4.45485067814696e-70
"OK",2.00902757266936e-70,17.7024010171145,0.157873910170898,"NASP",7.28628425174415e-70
"OK",2.03269193011543e-70,17.7017415936567,0.157788995212321,"EIF4A1",7.36051810543372e-70
"OK",2.74330194459039e-70,17.6848508653619,0.157692119439513,"CBX6",9.9180916458268e-70
"OK",4.2911062638259e-70,17.6596156095535,0.15748763453646,"SELENOP",1.54896829554719e-69
"OK",4.89212706722969e-70,17.6522149110024,0.157417245501015,"DYNC1I2",1.76315628103755e-69
"OK",7.23783911494199e-70,17.6300820647969,0.157167487617717,"PSAP",2.60449116901741e-69
"OK",1.21921780704167e-69,17.6005732548489,0.156957668744719,"COX7B",4.38043464838839e-69
"OK",1.99112806443144e-69,17.5727725949011,0.156705379345572,"KLF6",7.14262917817071e-69
"OK",4.5979765750459e-69,17.5252357953497,0.156284637047001,"S100A11",1.64683360067352e-68
"OK",5.92349652574525e-69,17.5108224685986,0.155569815316378,"UBA52",2.11829386627194e-68
"OK",6.34903511194151e-69,17.5068729327831,0.156042069319046,"MGST2",2.26695005624826e-68
"OK",1.84802610191762e-68,17.445937285036,0.155500722482468,"SPTBN1",6.57805890682579e-68
"OK",1.84755133577515e-68,17.4459519647492,0.155568628854016,"ATP5PO",6.57805890682579e-68
"OK",2.2096200179083e-68,17.4357244297088,0.155440235136229,"GATA2",7.85301682290557e-68
"OK",2.3666972114368e-68,17.4317980778357,0.15538263192031,"PRSS23",8.39831075183196e-68
"OK",2.37516815992075e-68,17.4315937836673,0.155136927117812,"ENPP2",8.4154034958423e-68
"OK",2.94621446734473e-68,17.41926982969,0.155310468003243,"NDUFS5",1.04226296748002e-67
"OK",3.69255877267392e-68,17.406344798197,0.154992351558947,"ZNF331",1.30428878120675e-67
"OK",6.04831245535231e-68,17.3780652193189,0.154959814287849,"SEC61G",2.13311846625978e-67
"OK",8.82153251736947e-68,17.3564050496516,0.154729765971621,"SCOC",3.10642039564249e-67
"OK",1.84418357151734e-67,17.3140059947078,0.154395054500706,"BTG2",6.48420574840371e-67
"OK",2.07066072223582e-67,17.3073367941605,0.154317699321014,"ENAH",7.26940799284924e-67
"OK",3.68005821102512e-67,17.2741886706247,0.15395817664998,"SAP18",1.28998083104884e-66
"OK",3.93628514191989e-67,17.2703046672621,0.153963198185922,"C12orf65",1.37769979967196e-66
"OK",6.34469144739759e-67,17.2427328349666,0.153340324380223,"RPL23",2.21727229185989e-66
"OK",1.80191002089219e-66,17.1822927489615,0.15320064024035,"S100A13",6.2875739062344e-66
"OK",4.78115840199301e-66,17.125597182862,0.152711296602017,"BEX3",1.66581055972616e-65
"OK",1.18275535494991e-65,17.0728062724037,0.152232445500348,"DDIT4",4.11463078919886e-65
"OK",1.56217312832615e-65,17.056557194385,0.152046194836572,"TUBB",5.42637211845419e-65
"OK",3.75086349929803e-65,17.0053022663727,0.15149954587479,"FAM43A",1.3009395540487e-64
"OK",4.54434263969761e-65,16.994052655781,0.151464402553406,"TSPAN4",1.5737776089058e-64
"OK",7.18294604915794e-65,16.9671834939343,0.151251861585551,"SEPT7",2.48383254522684e-64
"OK",8.752116869915e-65,16.9555744011616,0.150732880500836,"RPS21",3.02190781880274e-64
"OK",1.02739755284527e-64,16.9461491445716,0.150421264466109,"RPL27",3.54206072485428e-64
"OK",1.11782043750378e-64,16.9411879407197,0.151021651380591,"ARL4D",3.84804255242331e-64
"OK",4.70589867028252e-64,16.8564213298298,0.150292864002245,"LIMS2",1.61756487129263e-63
"OK",4.88134420667791e-64,16.8542572456677,0.150239921531877,"CAMK2G",1.67537044828304e-63
"OK",7.44578385493469e-64,16.8292744610275,0.150054316674173,"UQCRQ",2.55173217528491e-63
"OK",1.03532179651649e-63,16.8097437890567,0.149885702820043,"UGP2",3.54286195747024e-63
"OK",1.19849190183627e-63,16.8010656921121,0.149799513666809,"PPP2R1A",4.09514369425659e-63
"OK",2.08931941287218e-63,16.7680697741094,0.149511250585682,"NPC2",7.12844830791797e-63
"OK",2.59375502706685e-63,16.7552126453675,0.149394715356524,"CYB5R3",8.83641690434164e-63
"OK",2.97437033548794e-63,16.747067356491,0.14884236850463,"EIF4A2",1.01181312889641e-62
"OK",3.15939888712392e-63,16.743476106389,0.149049238549509,"PDHB",1.07317044794194e-62
"OK",3.30826986152646e-63,16.7407356488975,0.149261593976723,"ARL2",1.12208328293011e-62
"OK",9.24015134646179e-63,16.6794857097064,0.148715336341739,"LGALS3",3.12942184572081e-62
"OK",1.45763569647729e-62,16.6522312608554,0.14844664127614,"HIGD1A",4.9294199838285e-62
"OK",3.58364058135573e-62,16.5983167453475,0.147980051165256,"ATP5PF",1.21013552182731e-61
"OK",6.99746736520377e-62,16.5580976563132,0.147378344707314,"TES",2.35946813207383e-61
"OK",7.28596687154725e-62,16.5556662760928,0.145538243505213,"RPS16",2.45315522005458e-61
"OK",8.22409022216339e-62,16.5483753114672,0.147510588247859,"TMA7",2.76497515060471e-61
"OK",1.03989424032745e-61,16.5342417184897,0.147309920767865,"MANBAL",3.49107352109929e-61
"OK",2.05289201135287e-61,16.4932053386068,0.146955192757643,"PSMB8",6.88181994489907e-61
"OK",2.23972472217157e-61,16.4879425384322,0.14700673786823,"TMEM230",7.49721807436211e-61
"OK",4.00927945857158e-61,16.4527194770848,0.144085096241825,"RPL37A",1.34011184224824e-60
"OK",6.8400170002771e-61,16.4203389812399,0.146309048487188,"COTL1",2.28297958719394e-60
"OK",6.91415445363604e-61,16.4196848455437,0.146392903157227,"CAPZA2",2.30438461747088e-60
"OK",1.15709633405673e-60,16.3884099118067,0.146115031375928,"SRP9",3.85085673024948e-60
"OK",1.84194490642316e-60,16.3601220244341,0.145855955107055,"MAP3K20",6.12121085063857e-60
"OK",2.79102067572407e-60,16.3347940886144,0.145610642370436,"CSDE1",9.26184526828896e-60
"OK",3.20960100999265e-60,16.3262688869734,0.145515428229364,"COX7A2",1.06355555769972e-59
"OK",3.5673028517061e-60,16.3198196619713,0.144796712034173,"COL12A1",1.18038771084471e-59
"OK",6.03991081929886e-60,16.2876417284017,0.145051013903828,"HACD1",1.9956835892174e-59
"OK",7.84399825527046e-60,16.2716472615304,0.144984672634991,"CYTOR",2.58806991144525e-59
"OK",1.96619109836904e-59,16.2152867134647,0.144547065190175,"UBL5",6.47802303225163e-59
"OK",2.20078075566285e-59,16.2083602925284,0.143892908844798,"LAMA4",7.24056868613079e-59
"OK",2.99656970643705e-59,16.189377921128,0.144316871512484,"UGDH",9.84465054768122e-59
"OK",3.12864736682451e-59,16.1867235057233,0.14429740363037,"HNRNPH1",1.02639243387419e-58
"OK",3.75918283297752e-59,16.1754197118622,0.143985788027884,"COPZ1",1.23149332352023e-58
"OK",4.51909465363133e-59,16.164076687777,0.144098966763874,"ANXA6",1.47833451524332e-58
"OK",5.09765526552431e-59,16.1566503129056,0.143958031194855,"ATP5F1E",1.66523405340461e-58
"OK",5.58016911687555e-59,16.1510729632768,0.143986076263921,"CTSB",1.82027329690714e-58
"OK",6.41109431231929e-59,16.1425087544897,0.143847892380055,"RYBP",2.08836636510203e-58
"OK",1.29859179021408e-58,16.0988909034789,0.143507130528739,"MDH1",4.2240916565862e-58
"OK",1.75220154248325e-58,16.0803417689391,0.143357333997398,"NDUFB2",5.69156580019595e-58
"OK",2.51056820634624e-58,16.0580469858705,0.143133138772841,"VAMP5",8.14343461861322e-58
"OK",2.66137936950226e-58,16.0544277227399,0.142551169205655,"RPSA",8.62047354143983e-58
"OK",3.18368658831154e-58,16.0433049741007,0.143017876544088,"TOB2",1.0297795242811e-57
"OK",6.81128906900679e-58,15.9960123328574,0.14257817029453,"CETN2",2.20005592228929e-57
"OK",7.10302539908362e-58,15.9934003834064,0.142474641766051,"EFEMP2",2.29107387872403e-57
"OK",7.27507644413549e-58,15.9919096355935,0.142437404454975,"TGFB1",2.34328686025791e-57
"OK",1.68688090155744e-57,15.9394376424825,0.142088153051837,"CNN3",5.42581943615474e-57
"OK",1.82586151495414e-57,15.9344892321457,0.141785699166901,"TOMM7",5.86465699991545e-57
"OK",3.6861489632435e-57,15.8905119801013,0.14165623857165,"NBL1",1.18233998082866e-56
"OK",4.55334181917119e-57,15.877262609877,0.141539136405091,"ELOC",1.45846261607111e-56
"OK",4.67392343357888e-57,15.8756227626081,0.141502872228593,"PRDX3",1.4950063427128e-56
"OK",7.09218425059707e-57,15.8494379963837,0.141252755755161,"SRSF7",2.2653675907247e-56
"OK",1.15601184292904e-56,15.8187041487197,0.140906522861693,"BAMBI",3.68738957654513e-56
"OK",1.26923548954869e-56,15.8128195398605,0.140923231882591,"CTNNAL1",4.04294513475883e-56
"OK",1.94135236759428e-56,15.7860282028257,0.140723280140585,"HSPA2",6.17532389857684e-56
"OK",2.03582548684925e-56,15.7830298179986,0.14067372706894,"TRIP6",6.46690496029492e-56
"OK",2.532482057422e-56,15.7692475002323,0.140445693748051,"UQCC2",8.03347958435658e-56
"OK",3.62269103960445e-56,15.7466181021165,0.14036288204868,"TLN1",1.1476007516106e-55
"OK",7.64742152269661e-56,15.6992882506697,0.139427607493822,"ST5",2.41923238554537e-55
"OK",9.60533741568723e-56,15.6848200541833,0.139793646824735,"GYG1",3.03444335642355e-55
"OK",1.85393528509749e-55,15.6430087442691,0.139442017250206,"SOD2",5.84878487887604e-55
"OK",3.31196580674657e-55,15.6060230734916,0.139090617335475,"MEF2C",1.04342780477939e-54
"OK",3.95707054829204e-55,15.5946618053472,0.138728251450946,"JAZF1",1.24496358916893e-54
"OK",5.36876484537686e-55,15.5751651951591,0.13877501837239,"KLHL21",1.68680292481622e-54
"OK",9.01599883316601e-55,15.5419817393894,0.138519891126303,"FADS3",2.82886175923451e-54
"OK",2.07578350949451e-54,15.4884535722951,0.138027685145999,"TXN",6.5041216630828e-54
"OK",3.0610525347275e-54,15.4634587815757,0.137713706147251,"PTP4A3",9.57826628733348e-54
"OK",3.96732611452413e-54,15.4467483682451,0.137688547425823,"EIF2S3",1.23972212235401e-53
"OK",4.83138917210127e-54,15.4340397945719,0.137237738655873,"TNFAIP3",1.50768147199854e-53
"OK",5.41571483331147e-54,15.4266713808179,0.136646075770285,"CD24",1.68773900691696e-53
"OK",5.81358432780989e-54,15.4220943337958,0.137439340077783,"EPHX1",1.80928171715489e-53
"OK",7.57605669788109e-54,15.4049863398153,0.137067582289313,"MITF",2.35460979422674e-53
"OK",8.11681932177268e-54,15.400528792603,0.137267245837396,"RBBP7",2.51927694043699e-53
"OK",8.80599435649451e-54,15.3952582769851,0.136782136341559,"HSP90AA1",2.72950269219473e-53
"OK",2.99439780679443e-53,15.3158884172535,0.136493754100844,"GUK1",9.26894912506394e-53
"OK",3.08834782993731e-53,15.3138797141608,0.136498791790797,"NDUFB9",9.54693295616861e-53
"OK",3.52466972236194e-53,15.3052842008087,0.136093199168126,"ITM2B",1.08811184592487e-52
"OK",6.07322708344876e-53,15.2698433335622,0.136103849758716,"SNHG8",1.87237509681158e-52
"OK",6.36262643922051e-53,15.2668073767774,0.135941451477235,"NDUFA8",1.95897442373327e-52
"OK",7.76967973854919e-53,15.2537708872039,0.135759409231779,"MATN2",2.38899498503054e-52
"OK",8.22175850740398e-53,15.2500785585054,0.135928142530442,"ATP5MC3",2.52462797900685e-52
"OK",8.89061747639766e-53,15.2449708296226,0.135170095915949,"ARHGDIB",2.72637710361436e-52
"OK",1.5672878725107e-52,15.2078957718271,0.135365783880977,"RPL36AL",4.79981910956402e-52
"OK",1.60823340912782e-52,15.2062071108094,0.135428672794877,"CD320",4.91867402552639e-52
"OK",2.1593807424167e-52,15.1868984324914,0.135262301547799,"ARF5",6.59556213499426e-52
"OK",2.64229858223996e-52,15.1736600030716,0.135219325835633,"TAX1BP3",8.05988560913725e-52
"OK",3.08886346835205e-52,15.1634095745653,0.135133972351789,"BRK1",9.40959334340577e-52
"OK",3.2490207649529e-52,15.1600898163658,0.134963949971346,"CRABP2",9.88440531266384e-52
"OK",7.46989992524438e-52,15.1053118184753,0.134603030830542,"IFI16",2.26954875037438e-51
"OK",7.51169817127171e-52,15.1049440083967,0.134629421882453,"MRPL33",2.27924122377322e-51
"OK",8.55576750733037e-52,15.0963628782646,0.134551669848453,"RAP1A",2.59262270649761e-51
"OK",1.14683646912888e-51,15.0770268940252,0.134375968193465,"CCDC85B",3.4706496562468e-51
"OK",1.44197177386483e-51,15.0618963726523,0.13419746113018,"SNHG15",4.35808529555211e-51
"OK",2.31617761762823e-51,15.0305369547783,0.133951398074761,"WSB1",6.99103152476778e-51
"OK",4.71542944920297e-51,14.9833717441237,0.133510648415487,"ELOB",1.42141806564325e-50
"OK",4.9730208217949e-51,14.9798371692589,0.133505450961692,"RBBP6",1.49710679118871e-50
"OK",5.87580359678805e-51,14.9687460833418,0.133191403597369,"FEZ2",1.76657645997426e-50
"OK",8.40946954530686e-51,14.9448817781148,0.133151780802345,"ATP5MC2",2.5250336848555e-50
"OK",1.01572600502335e-50,14.9322972368767,0.133065094863394,"ARL6IP4",3.04585545516767e-50
"OK",1.14675521734896e-50,14.9242054995712,0.132791102394552,"REV3L",3.43430073544168e-50
"OK",1.60017829440527e-50,14.9019632653763,0.132792971687714,"RDX",4.78598780781213e-50
"OK",2.30428794876327e-50,14.8775818557359,0.132553772895815,"BAIAP2",6.8829768430633e-50
"OK",3.17401344575389e-50,14.8561384879201,0.132402868539445,"YWHAH",9.46859192431504e-50
"OK",3.24533807261461e-50,14.8546492437796,0.132286987932645,"ERF",9.66884033794497e-50
"OK",3.74339907850506e-50,14.8450777294613,0.13204549013581,"LGI4",1.11383050100738e-49
"OK",7.0171885753013e-50,14.8028793875941,0.131910553325636,"HNRNPAB",2.08523681147341e-49
"OK",9.0389631927588e-50,14.7858431279845,0.131714444801168,"DKK3",2.68256858671695e-49
"OK",1.57485105394594e-49,14.7484161143437,0.1314230762406,"BTG3",4.66780177250643e-49
"OK",1.77811926595433e-49,14.7402201002676,0.131220231584587,"COX4I1",5.26350728726585e-49
"OK",2.05715126147007e-49,14.7303727473276,0.131201877880938,"VCL",6.08166797838969e-49
"OK",3.09858519632388e-49,14.7026652625307,0.131018400092378,"NDUFS8",9.14877141940243e-49
"OK",3.23041234949651e-49,14.6998441419708,0.130855015907237,"EEF1B2",9.52578699217729e-49
"OK",4.7512533915718e-49,14.6736958192389,0.130762759984989,"FERMT2",1.3992501995895e-48
"OK",5.91689902555425e-49,14.6588046281729,0.130626410901769,"COX5B",1.74030887047911e-48
"OK",8.38322592560365e-49,14.6351261115852,0.130420909570307,"ARPC5",2.46257261564607e-48
"OK",1.16709321364118e-48,14.6126052134865,0.130151276544439,"EMX2OS",3.42396900766325e-48
"OK",1.97259166935726e-48,14.5768112812752,0.12989020032711,"HIGD2A",5.77974378438901e-48
"OK",2.62954303245615e-48,14.5571692103144,0.129694470888747,"TRAPPC1",7.69483812420142e-48
"OK",3.26341442943493e-48,14.5423952499888,0.129592520864171,"COPS9",9.53761856724448e-48
"OK",3.3306656767761e-48,14.5409990551279,0.129579258406577,"PSMA2",9.72182896529195e-48
"OK",3.3752288972278e-48,14.540089256642,0.128657627057524,"ALDH1A1",9.83943310166535e-48
"OK",4.26808520911175e-48,14.5240140179372,0.129412700291073,"NDUFA3",1.24265489716616e-47
"OK",6.74163497315603e-48,14.4926530310751,0.12914451854577,"SLIRP",1.96035168474474e-47
"OK",7.914649962585e-48,14.4816322691641,0.129044679153943,"APLP2",2.29854210136611e-47
"OK",1.71546012214593e-47,14.4283703754996,0.128478259414609,"SOCS1",4.97569856587162e-47
"OK",1.77279160731247e-47,14.426102551654,0.128553609941478,"CD59",5.13552084483097e-47
"OK",2.58918756261366e-47,14.3999462815473,0.128240443300473,"EZR",7.49107909133072e-47
"OK",3.13737025452141e-47,14.3866674058632,0.128121811370461,"COMMD6",9.06570099894958e-47
"OK",3.88451308059656e-47,14.3718826405922,0.128066931706228,"PSMB1",1.12105684518971e-46
"OK",4.47935223516712e-47,14.3620127419742,0.12794699358168,"ISYNA1",1.29110740895994e-46
"OK",5.20272557579461e-47,14.3516352230252,0.127280021795687,"ATP2B4",1.49773462513187e-46
"OK",5.56760977320282e-47,14.3469340352307,0.127831507967489,"RSL24D1",1.6007746950919e-46
"OK",7.00819856730761e-47,14.3309627390964,0.127664942725651,"MANF",2.01245402749494e-46
"OK",7.85290609407002e-47,14.3230576378341,0.127589710967086,"DEPP1",2.25220955599542e-46
"OK",8.77291039442148e-47,14.3153580252914,0.127561350251432,"CD81",2.5129368953175e-46
"OK",1.39892844525709e-46,14.2828823520085,0.126584044465795,"TNFRSF10D",4.00215181295288e-46
"OK",1.53294905644116e-46,14.2765065431994,0.127207779147197,"ARF6",4.38012615010421e-46
"OK",1.8251802142904e-46,14.2643386574029,0.127105612493067,"ATP6V0E1",5.20866175156231e-46
"OK",2.46915314143999e-46,14.2432403704706,0.126911660330426,"SARAF",7.03769762962413e-46
"OK",2.72170420849285e-46,14.2364348380252,0.1268185458922,"PCBP2",7.74794164667372e-46
"OK",5.16346470333455e-46,14.1916040237794,0.126413245545222,"EHD1",1.4680813841703e-45
"OK",6.06686321198843e-46,14.1802939342048,0.12634555147671,"DYNLT1",1.72280961494567e-45
"OK",6.48124427178802e-46,14.1756566777024,0.126273371962163,"CTR9",1.83821497018815e-45
"OK",6.95089308810494e-46,14.170744981033,0.126176154815965,"FUS",1.96899222409664e-45
"OK",1.31147108482889e-45,14.1260941076346,0.125867681203931,"HSPE1",3.71046426088566e-45
"OK",1.71295985599234e-45,14.107268662501,0.125685734107162,"SDHD",4.84042521269983e-45
"OK",2.22935104353655e-45,14.0886715479649,0.125420108086022,"LMNA",6.29190619272632e-45
"OK",2.54934506325095e-45,14.0791955198148,0.124942746051526,"AC012085.2",7.1862199273769e-45
"OK",3.92972108873928e-45,14.0485797651003,0.125173901522678,"RHEB",1.10637502046046e-44
"OK",4.46941693723075e-45,14.0394622396315,0.125062998821935,"C6orf62",1.25678476269138e-44
"OK",5.29401064393161e-45,14.0274572759095,0.124986777827118,"CALM3",1.48684225767982e-44
"OK",6.09061703382806e-45,14.0175110345064,0.12489131089132,"ATP5MF",1.70848855406894e-44
"OK",7.79915620437817e-45,13.9999487749694,0.124739387929234,"FKBP8",2.18509206066702e-44
"OK",7.80913954275909e-45,13.9998578596471,0.124721549041459,"SRSF2",2.1852306642739e-44
"OK",1.36166497929324e-44,13.9602875162961,0.124209043298738,"FGF7",3.80572141664119e-44
"OK",1.60544469935894e-44,13.9485450309169,0.124280059503563,"SEPT2",4.48162320318018e-44
"OK",1.72262703808788e-44,13.9435190200861,0.123817695793756,"EEF1D",4.80291775873654e-44
"OK",1.93355158479682e-44,13.9352745797097,0.12415847161757,"C4orf3",5.38448524762644e-44
"OK",2.05317859348033e-44,13.9309879590219,0.124114316460557,"POLR2L",5.71071292365363e-44
"OK",3.19066870146357e-44,13.8994685977211,0.123821401620114,"HIST1H4C",8.86382390768468e-44
"OK",4.81514315445841e-44,13.8699805829345,0.123041937549663,"BTF3",1.33605719092984e-43
"OK",6.64303912333779e-44,13.8468788512085,0.123358298428657,"PARK7",1.84092473754421e-43
"OK",6.65067035013801e-44,13.8467963630999,0.123336523673798,"HTRA1",1.84092473754421e-43
"OK",1.19747140678758e-43,13.8044800443361,0.122991216468384,"MINOS1",3.31065624229507e-43
"OK",1.65104447229352e-43,13.7813135155627,0.122756176802722,"FN1",4.55917916030214e-43
"OK",1.86879010226574e-43,13.772368034252,0.122675306174447,"SLC25A3",5.15427976708743e-43
"OK",2.58332543831572e-43,13.7489605344579,0.122492781593467,"PRDX2",7.11650536416399e-43
"OK",3.88377887656996e-43,13.7194281829241,0.122214509718051,"NDN",1.06861920582325e-42
"OK",6.86460750901432e-43,13.6780680287196,0.121856398273952,"ATP5F1A",1.88653831661813e-42
"OK",7.87907085924899e-43,13.6680406134366,0.121681529929605,"IFI6",2.16275330022055e-42
"OK",8.50665858017108e-43,13.6624618467361,0.121706032535864,"NAPA",2.3322422273969e-42
"OK",9.0181709699833e-43,13.6582098062946,0.121681121940218,"PRNP",2.46954194338544e-42
"OK",1.05077294024471e-42,13.6470718658582,0.12158089665171,"ERH",2.87402622492109e-42
"OK",2.00932485463828e-42,13.5997389991559,0.121044573442518,"TPPP3",5.48929435377456e-42
"OK",2.58619491307363e-42,13.5812669804175,0.120973589450957,"ANXA5",7.05688019527083e-42
"OK",2.8487762712484e-42,13.5741829038102,0.120286090575681,"MMP23B",7.76417958897642e-42
"OK",3.33355017811511e-42,13.5626628999532,0.120799714927283,"GNAS",9.0746643737578e-42
"OK",3.451520382994e-42,13.5601122113768,0.120751351646373,"TSC22D2",9.38471244632254e-42
"OK",3.6103566854109e-42,13.556811623652,0.120709734477785,"NMB",9.80501349823268e-42
"OK",4.71275479925758e-42,13.5372473935552,0.120585030476093,"C9orf3",1.27838331009307e-41
"OK",5.75774433971727e-42,13.5225246838533,0.120465515431608,"CTNNB1",1.56001002521987e-41
"OK",6.26290262254161e-42,13.5163376483368,0.120211077132941,"GRN",1.69488422323306e-41
"OK",7.31114809817839e-42,13.5049449749821,0.120303496564446,"RASD1",1.97624108804047e-41
"OK",1.11944395388609e-41,13.4735337767922,0.120007589997785,"COX6B1",3.02236743939e-41
"OK",1.14567571313945e-41,13.471823874954,0.119999230150534,"PKM",3.08956811166296e-41
"OK",2.56418495333617e-41,13.412215321466,0.11942236827763,"HADH",6.90680461699789e-41
"OK",3.25413305834743e-41,13.3945346700828,0.119213728261538,"TENT5B",8.7549864875866e-41
"OK",3.30490381556156e-41,13.3933851534888,0.119277373194804,"RHOA",8.88120593610066e-41
"OK",4.52815628646535e-41,13.3699817020831,0.119098905482863,"HNRNPF",1.2154247002016e-40
"OK",6.59550521760098e-41,13.3419792812364,0.118838494201756,"LSM3",1.76827107289116e-40
"OK",1.47095015995176e-40,13.282059484189,0.118311812430609,"FBL",3.9390676957778e-40
"OK",1.55258122647166e-40,13.278015134853,0.118278826796012,"SELENOK",4.15283921552175e-40
"OK",2.23433728445894e-40,13.250724646332,0.118025370156431,"CTTN",5.96946492588044e-40
"OK",2.51270978820391e-40,13.2419101926683,0.117887297132916,"SH3BP5",6.70541209992307e-40
"OK",4.27427732513509e-40,13.2019564956756,0.114551004102902,"XCL2",1.13931257867895e-39
"OK",4.9382795688007e-40,13.1910758465101,0.117489852559231,"ANXA7",1.31478125398243e-39
"OK",6.72485021092294e-40,13.1677785716872,0.117289760029034,"BZW1",1.78837529281242e-39
"OK",7.38090942580571e-40,13.1607474833066,0.117224101039018,"ACTR3",1.96058066985358e-39
"OK",8.20948584373753e-40,13.1527067939912,0.117105972277481,"ARHGEF25",2.17816196983036e-39
"OK",1.09871969298422e-39,13.130656239462,0.116956243961696,"RPS27L",2.91179683882931e-39
"OK",1.62376930565365e-39,13.1010453152816,0.116684378398227,"UQCR10",4.29832265623028e-39
"OK",4.50276737861339e-39,13.0234118293238,0.11597048394742,"ARL3",1.19057098426483e-38
"OK",5.91149403224917e-39,13.0026152155068,0.115596056118031,"SRP14",1.56125811425113e-38
"OK",8.84249998104426e-39,12.9717906468021,0.115430865536182,"PPIA",2.33267783005097e-38
"OK",9.21566785332793e-39,12.9686223112268,0.115395853518064,"PIM3",2.4283390235943e-38
"OK",9.91167112148103e-39,12.9630397674796,0.115456993800188,"NDUFA11",2.60875183917381e-38
"OK",1.09746546449459e-38,12.9552244731444,0.115214224003776,"CLNS1A",2.88523169489845e-38
"OK",1.31441011440555e-38,12.941374980642,0.113479362220302,"CCL21",3.45163796291445e-38
"OK",1.90807684161696e-38,12.9127128658804,0.115002398798251,"ARPC2",5.00489859481077e-38
"OK",3.07471951509462e-38,12.8759293495757,0.114678824951111,"CCT3",8.0558350890363e-38
"OK",3.65234316693096e-38,12.8626314765873,0.114537100099541,"SMS",9.55834808345682e-38
"OK",4.81868176471915e-38,12.8411962860697,0.11435059353418,"ANXA4",1.25963951238913e-37
"OK",6.01959753279537e-38,12.8239594815492,0.113582151379192,"RAB23",1.5717838002299e-37
"OK",6.52966195825371e-38,12.8176534256882,0.113398470304521,"MOXD1",1.70303640881747e-37
"OK",6.76730844171581e-38,12.8148808177225,0.114122775176338,"NFIA",1.76302164494022e-37
"OK",6.86236682957398e-38,12.8137987858604,0.113642614861701,"MT-ND5",1.78375065558791e-37
"OK",6.86236682957398e-38,12.8137987858604,0.113642614861701,"MT-ND5.1",1.78375065558791e-37
"OK",7.35242350567921e-38,12.8084468139855,0.114077110960748,"BANF1",1.90897760243283e-37
"OK",7.72780077802158e-38,12.8045818974092,0.114038068491637,"ROMO1",2.00418076484051e-37
"OK",8.10058201797851e-38,12.800924146637,0.114003425489482,"SERPINH1",2.09849723142908e-37
"OK",1.27391739411103e-37,12.7657200969991,0.113677944005429,"PET100",3.29644017824461e-37
"OK",1.57379386654565e-37,12.7492500130925,0.113540749170802,"PDK4",4.0678420590961e-37
"OK",1.70817061423186e-37,12.7428607019546,0.113462857476717,"PTP4A1",4.41022076746184e-37
"OK",2.24857893538422e-37,12.7214023733881,0.113297514517015,"NENF",5.79896672809615e-37
"OK",2.41485006063076e-37,12.7158274192368,0.113230794126457,"ANAPC16",6.22080502196044e-37
"OK",2.67578964133949e-37,12.7078046642373,0.113176575085743,"ATP5PD",6.88530004916743e-37
"OK",3.84616254460162e-37,12.6793950535934,0.112913601076444,"KLF9",9.88583966542135e-37
"OK",4.20206875667716e-37,12.6724558964639,0.112854336826646,"MRFAP1",1.07885890151923e-36
"OK",4.6399251232599e-37,12.6646795748503,0.11276844048091,"CHD1",1.18994961680039e-36
"OK",4.80074598626149e-37,12.6620053623638,0.112720961611741,"SERTAD3",1.22982402740381e-36
"OK",5.08281251509869e-37,12.6575231565843,0.112498473660918,"MIR99AHG",1.30063524691914e-36
"OK",5.90165451646381e-37,12.6457893745519,0.112614444723557,"ATP5MPL",1.50849171491855e-36
"OK",6.60320964480825e-37,12.6369586079731,0.112540140044551,"SYPL1",1.68594144257133e-36
"OK",7.8687795906862e-37,12.6231607347566,0.112382677017138,"PMP22",2.00684378708198e-36
"OK",8.27005436206974e-37,12.6192441850206,0.112360186929414,"DDIT3",2.10685123847861e-36
"OK",9.21784490871413e-37,12.6106963367819,0.112307151150627,"MYH9",2.34571235632803e-36
"OK",9.5566840920956e-37,12.6078510777218,0.112280774161793,"ARF4",2.42925424548523e-36
"OK",1.39582879560742e-36,12.577954271224,0.112010858038561,"PRKAR1A",3.54420475885765e-36
"OK",1.76124778885323e-36,12.5595682670435,0.111756180297832,"FNBP1",4.46712957899668e-36
"OK",2.29682235959255e-36,12.5385428417678,0.111532106839942,"PPDPF",5.81912199575537e-36
"OK",2.61585687409193e-36,12.5282301878017,0.111519905501194,"PRDX1",6.62013008904804e-36
"OK",2.95697949180277e-36,12.5185036091417,0.111478660833234,"NDUFA5",7.47521818838834e-36
"OK",3.03989554178677e-36,12.5163081362603,0.11146251119128,"SPCS2",7.67640288677075e-36
"OK",3.21038560633833e-36,12.5119749642295,0.111422875928819,"GHITM",8.0980482490659e-36
"OK",3.85792647894754e-36,12.4973735758743,0.111037154537421,"SBSPON",9.7207928676326e-36
"OK",3.95428816602929e-36,12.4954117535386,0.110694404242587,"NPM1",9.95270562444311e-36
"OK",4.02990818706475e-36,12.4939051967154,0.111260252460086,"PDLIM5",1.0131963487784e-35
"OK",6.69860561376434e-36,12.4534238385543,0.110896494915155,"LAMP1",1.68232156254081e-35
"OK",8.53405693144868e-36,12.4340863533979,0.110671978361836,"HINT1",2.14095131951267e-35
"OK",1.22947188899677e-35,12.4048755918881,0.110448838358612,"SORBS3",3.08103782411268e-35
"OK",1.42248729549924e-35,12.3931898700997,0.11015711687921,"COL6A3",3.56085678427691e-35
"OK",1.67628037715495e-35,12.3800207594574,0.110240819499985,"SCP2",4.19161097566543e-35
"OK",1.74485996710797e-35,12.3768022282806,0.110204719947771,"ATP1B3",4.3583649720712e-35
"OK",1.8667780134952e-35,12.3713790475307,0.109908773595141,"SERF2",4.65784373248043e-35
"OK",2.4938995699195e-35,12.3480958894181,0.109937163893572,"COX14",6.21585574623875e-35
"OK",2.60023265159609e-35,12.3447358328882,0.109875892296492,"GABARAPL1",6.47387653689275e-35
"OK",3.09228994726874e-35,12.3307791509495,0.109791112798783,"ABHD5",7.69065199628499e-35
"OK",3.21258103383924e-35,12.3277038182502,0.109768280907685,"CDC42",7.98120185645283e-35
"OK",3.39058493273742e-35,12.3233567768954,0.109734338493245,"APP",8.41435032337746e-35
"OK",3.41154456349559e-35,12.3228599151039,0.109730071332894,"NDUFB4",8.45725202339111e-35
"OK",3.42733231510136e-35,12.3224876546644,0.109706313727078,"GREM1",8.48725410933164e-35
"OK",3.49250530743222e-35,12.3209687583944,0.109694921609138,"SLC25A5",8.63935523417444e-35
"OK",4.01148979859895e-35,12.309791888893,0.109608607573593,"H1FX",9.9125118091989e-35
"OK",4.27025943065252e-35,12.3047455133102,0.109568708824351,"PHPT1",1.05406296557264e-34
"OK",5.40018269717264e-35,12.2857759978116,0.109364896991392,"SBDS",1.33154397768614e-34
"OK",5.92027862934367e-35,12.2783380816177,0.109331172695951,"MTRNR2L1",1.45822477897096e-34
"OK",6.02456660435195e-35,12.2769250712407,0.109114785749637,"TUBA1B",1.48232659079301e-34
"OK",6.61164970886178e-35,12.2693978959224,0.109252284462235,"TMEM258",1.62504047806923e-34
"OK",8.2190568433993e-35,12.251763941335,0.109066719330707,"NDRG1",2.01796246378983e-34
"OK",1.01470676875283e-34,12.2346646157178,0.108893029870474,"OSER1",2.48867911441721e-34
"OK",1.56454193954991e-34,12.1994557478899,0.108568322208191,"UBL3",3.83312775189727e-34
"OK",2.99679400114484e-34,12.1464159807144,0.10813578586824,"RAB34",7.3343428104533e-34
"OK",3.28608038211983e-34,12.1388772836082,0.108024897651995,"NFIL3",8.03380373675367e-34
"OK",3.82103712182115e-34,12.1265286760297,0.107956282141816,"TPM4",9.33175873971804e-34
"OK",4.15637675386496e-34,12.1196359764167,0.107904297308549,"SNRPB2",1.01399742204989e-33
"OK",4.46831167656704e-34,12.1137033444177,0.107859601252426,"ISCU",1.08894410488189e-33
"OK",4.62769415580679e-34,12.1108290752819,0.107813332789458,"BSG",1.1265940423703e-33
"OK",5.02927772115787e-34,12.1040017547523,0.107772332634635,"ATP6AP2",1.22306511001337e-33
"OK",5.07939796491327e-34,12.1031879456846,0.107650800273869,"MTRNR2L10",1.23395079253114e-33
"OK",5.43273482489e-34,12.0976675024386,0.107182773880903,"HSP90AB1",1.31839708131946e-33
"OK",6.20768731237585e-34,12.08671399444,0.107595475714391,"DYNLT3",1.50487409267385e-33
"OK",9.93741604540253e-34,12.0479853678095,0.107256579625552,"ARIH1",2.40650569427571e-33
"OK",1.45424134281308e-33,12.0165544660643,0.106987997134828,"ANAPC11",3.51798089548165e-33
"OK",1.63156980910274e-33,12.0070407477293,0.106422810363115,"TSPAN2",3.94281770237524e-33
"OK",1.77075178108119e-33,12.0002674046485,0.106825985429201,"MYL12A",4.27467646942345e-33
"OK",1.96627101354208e-33,11.991596004537,0.106733827748312,"NEU1",4.74169858030094e-33
"OK",3.21280232574846e-33,11.9508610156943,0.106372116527693,"SLC20A1",7.73962736004049e-33
"OK",4.6475383786555e-33,11.920141295171,0.106082311125797,"NANS",1.11842015528146e-32
"OK",5.80358730455205e-33,11.901620017586,0.105881354904287,"SRSF3",1.39516300233647e-32
"OK",6.25637571697527e-33,11.8953498867913,0.105764164478128,"RPS26",1.50244351159479e-32
"OK",6.70053981004037e-33,11.889622571058,0.105745021260314,"NXT1",1.60743158151281e-32
"OK",6.92442835389555e-33,11.8868770347462,0.105821303549388,"FAM133B",1.65941295515312e-32
"OK",6.94454198112609e-33,11.8866347131968,0.105808634666988,"CD99",1.66250313747748e-32
"OK",7.30163744163792e-33,11.8824448260705,0.105788620801694,"NDUFC2",1.74617560000957e-32
"OK",7.89656238495492e-33,11.8758967913542,0.105606448325989,"LTBP1",1.88649203034763e-32
"OK",8.40052636143417e-33,11.8707224112346,0.105678915845767,"ATP5MC1",2.00480955548009e-32
"OK",8.78525682687077e-33,11.8669756921012,0.105619317465399,"CPQ",2.09445615655108e-32
"OK",9.23987139355208e-33,11.862752972469,0.10559600980004,"TXNL1",2.20056089134958e-32
"OK",1.00565934531062e-32,11.8556605350934,0.105546681805756,"SH3BGRL3",2.39259656224211e-32
"OK",1.01293801763349e-32,11.8550564713024,0.105477407341754,"GTF2B",2.40742647534565e-32
"OK",1.09695036753051e-32,11.8483803637951,0.105479973460827,"HMGN1",2.6044089653843e-32
"OK",1.10433025993525e-32,11.8478183887325,0.105479421722393,"PCBP1",2.61923026635517e-32
"OK",1.33970134244187e-32,11.8316137890707,0.105331589972965,"RAP1B",3.17421007370743e-32
"OK",1.39827932142196e-32,11.8280214900882,0.105300778160303,"EIF4B",3.30959637948076e-32
"OK",1.40237889402914e-32,11.8277757078713,0.105299344443039,"HNRNPH3",3.31589177920852e-32
"OK",1.43640296289365e-32,11.8257629682572,0.105240353501497,"HSPA6",3.3928574600452e-32
"OK",1.61331456131787e-32,11.8160061036219,0.105183109662796,"SERINC1",3.80682728966707e-32
"OK",1.94738031303627e-32,11.8001803001484,0.105039844987089,"NCL",4.59039596819092e-32
"OK",2.09425689564467e-32,11.7940599802009,0.104997992099421,"ATP5IF1",4.9315681295191e-32
"OK",2.81918996660761e-32,11.7690077243505,0.104773830524317,"RSRP1",6.6318636293129e-32
"OK",3.14785634223724e-32,11.7597006252541,0.104688945405262,"SSR4",7.39746240425751e-32
"OK",3.93592066279398e-32,11.7408211404522,0.104518591801416,"HMGN3",9.23998500144194e-32
"OK",4.27567462534723e-32,11.7338170958678,0.104442924869652,"RAN",1.00273713464101e-31
"OK",4.38709861066912e-32,11.7316400022495,0.104412763931072,"OST4",1.02782178030224e-31
"OK",4.4436720314769e-32,11.7305555493137,0.10443067360383,"C19orf53",1.04001795614749e-31
"OK",4.47611064002329e-32,11.7299399022392,0.104383549706962,"C16orf72",1.04654647756078e-31
"OK",5.88350162671978e-32,11.706775510844,0.104215350882757,"STOM",1.37420935561214e-31
"OK",6.11175073753725e-32,11.7035470851374,0.10418918228259,"GAS6",1.42607517209202e-31
"OK",6.44034535765775e-32,11.6991036132088,0.104122591971218,"COX6A1",1.50122625087913e-31
"OK",7.29393118834019e-32,11.6885365271294,0.104048337683525,"ALDH2",1.69847558409984e-31
"OK",9.80263057553741e-32,11.663400641453,0.103625830266766,"PRPS2",2.2803493146932e-31
"OK",1.28592576351893e-31,11.6402749585863,0.103052834459172,"GLIPR2",2.98838247566508e-31
"OK",1.43058006277587e-31,11.6311796462604,0.103529292012111,"NDUFA12",3.3211954481581e-31
"OK",1.54143526409854e-31,11.6248076266521,0.103481462017949,"SEM1",3.57495006366459e-31
"OK",1.56766896880602e-31,11.6233663443737,0.103467196233367,"ATRAID",3.63213444181114e-31
"OK",1.61984533990896e-31,11.6205695987778,0.103442760653869,"PCNP",3.74925006815109e-31
"OK",2.32803722875775e-31,11.5895434983377,0.103159231116737,"C7orf50",5.38300174480834e-31
"OK",2.36258787224646e-31,11.5882815401031,0.102918548041227,"PGM5-AS1",5.4574121061019e-31
"OK",3.23508839153194e-31,11.5613261450298,0.102915821560559,"PSMB6",7.46533924418642e-31
"OK",3.30545353135524e-31,11.5594784656165,0.102869899602057,"TENT5A",7.62007956227339e-31
"OK",3.40480112416796e-31,11.5569351666185,0.102873328036411,"MLF2",7.84125698895881e-31
"OK",3.65462983445161e-31,11.5508515595369,0.102818556707862,"CHMP2A",8.40820430443761e-31
"OK",3.84237060027839e-31,11.5465456842852,0.102783201211477,"EIF5A",8.8313168587237e-31
"OK",4.10237725777621e-31,11.5409152327458,0.102730996546823,"COX8A",9.41951627583112e-31
"OK",4.5301629156255e-31,11.532380500058,0.102609709484572,"TSPYL1",1.03913995963003e-30
"OK",4.56923033950094e-31,11.5316413655096,0.102527486636099,"NOP53",1.0470584549125e-30
"OK",5.40871268695563e-31,11.51711355006,0.102463037234533,"GNL3",1.23819734771956e-30
"OK",5.75000673330025e-31,11.511838584946,0.102456768860375,"CNIH1",1.31502140087294e-30
"OK",5.92948750487532e-31,11.5091879790716,0.102419742100871,"FKBP4",1.35472318687776e-30
"OK",5.9572386560551e-31,11.5087852681793,0.102370237292079,"PICALM",1.35971463081218e-30
"OK",6.94954786542532e-31,11.4954894396793,0.102316322644936,"RABAC1",1.58463452812619e-30
"OK",8.01226639206351e-31,11.4831960721286,0.102206126514558,"DBI",1.82514831858776e-30
"OK",9.14263730951793e-31,11.4717828292114,0.102090606249969,"PRDX6",2.08058238377666e-30
"OK",1.35803156058008e-30,11.4374977430175,0.101796703479207,"TCEAL9",3.08741034947278e-30
"OK",1.62251061566442e-30,11.4220462949408,0.101669675458203,"POMP",3.6850512306461e-30
"OK",1.63661574992663e-30,11.4212941326819,0.101645218032473,"AC009501.1",3.71342470155766e-30
"OK",1.69668413796681e-30,11.4181613938963,0.101609264503815,"YWHAQ",3.84592871037161e-30
"OK",1.89684227957233e-30,11.4084641538191,0.101527098856063,"RTN4",4.29540587006399e-30
"OK",2.19033902852233e-30,11.3959416769091,0.101369687897543,"YWHAG",4.95515793977104e-30
"OK",2.3763923243064e-30,11.3888393050621,0.101356070874418,"ZFAND1",5.37078657789759e-30
"OK",2.5460316156241e-30,11.3828289961242,0.101318370215163,"PSMA1",5.74854001057089e-30
"OK",2.62900078970515e-30,11.3800326962731,0.10129322481097,"LITAF",5.93005760890397e-30
"OK",2.81728518486773e-30,11.3739988280481,0.101168029757077,"DNPH1",6.34853990288686e-30
"OK",3.61236388597339e-30,11.3522877137934,0.101043294620776,"TRA2B",8.13223267780715e-30
"OK",3.88997204872388e-30,11.3458133698761,0.10096157343075,"SQSTM1",8.74863830879991e-30
"OK",4.87103994975758e-30,11.326124302542,0.0983764673341902,"IFNG",1.09443951261382e-29
"OK",5.27074496531841e-30,11.3192122422607,0.100743837330735,"MZT2B",1.18309216911582e-29
"OK",6.14308877431073e-30,11.3057769926472,0.100625897416783,"OAT",1.3775592451059e-29
"OK",9.36672576182197e-30,11.2686908546833,0.0997848271593876,"ADGRE5",2.09840169547432e-29
"OK",9.86427754875599e-30,11.2641323637626,0.100250777535462,"RBX1",2.20771926091206e-29
"OK",1.01555246936792e-29,11.2615687324961,0.100226821818315,"PTTG1IP",2.27069644364497e-29
"OK",1.06705274702701e-29,11.2572091423188,0.100193879431989,"RSL1D1",2.38353295480427e-29
"OK",1.33797371588886e-29,11.2372479443394,0.0999982359535368,"NDUFB6",2.98580762373259e-29
"OK",2.10373045695547e-29,11.1972165267777,0.0996170227055233,"PSMD2",4.69011736918534e-29
"OK",2.21527354536344e-29,11.1926375798227,0.0996162603824715,"ADI1",4.93401835103674e-29
"OK",2.57314952690588e-29,11.1793544055691,0.0994545621004995,"ATP6V0D1",5.72556846421667e-29
"OK",2.80374779095064e-29,11.1717346378102,0.0994085002685461,"MMADHC",6.23265556231595e-29
"OK",2.8269068823431e-29,11.1710040442797,0.0990103404384143,"PARM1",6.2780776760233e-29
"OK",3.01565927473183e-29,11.165261893009,0.0993613320553655,"UBXN1",6.69081243709769e-29
"OK",3.19978713991038e-29,11.1599942086406,0.0991597619350293,"SKP1",7.0925021975107e-29
"OK",3.61238729347722e-29,11.1492065148599,0.0992071661387859,"PCF11",7.99935378545964e-29
"OK",3.87956908091315e-29,11.1428549971984,0.099168872534702,"GLUL",8.58275465258691e-29
"OK",3.98811007762484e-29,11.1403978827424,0.0991395885140098,"FGFR1",8.81441219651632e-29
"OK",6.80253544768419e-29,11.0927430915505,0.0980813841902351,"GAPDH",1.50203635052892e-28
"OK",6.81532853865783e-29,11.0925750562811,0.0987156955343649,"CHURC1",1.50341969583611e-28
"OK",8.31706557062638e-29,11.0747513199616,0.0985173345905126,"TLE1",1.83293799130646e-28
"OK",8.48596817693481e-29,11.0729502832673,0.0983478177692454,"FKBP3",1.86837329937675e-28
"OK",8.98352178681395e-29,11.0678444133757,0.0985000725567549,"MAGED2",1.97603158309766e-28
"OK",9.43403905339609e-29,11.0634576733082,0.0984384308371044,"TCEAL8",2.07314808587511e-28
"OK",1.05287412201727e-28,11.0536093609265,0.098372749770105,"EIF4H",2.31150534128291e-28
"OK",1.10247997186416e-28,11.0494768669162,0.0970868336521157,"RPL14",2.41810607162205e-28
"OK",1.1383550262419e-28,11.0466016102998,0.0982942377926168,"SLC25A4",2.49441638956718e-28
"OK",1.19419192769998e-28,11.0423006092066,0.0982298637470198,"CNBP",2.61428137784512e-28
"OK",1.22518272339051e-28,11.039998760318,0.0982432296172771,"TBCA",2.67957816901078e-28
"OK",1.58452879923754e-28,11.0168646859087,0.0980394541039206,"LRRFIP1",3.46221045981409e-28
"OK",1.80279724728095e-28,11.0052387928514,0.0979111585413439,"NUTF2",3.93539531799814e-28
"OK",1.83353618096688e-28,11.0037148069951,0.0978555328160949,"SUCLG1",3.99870627345334e-28
"OK",1.88995747836278e-28,11.0009823467663,0.0973919860397936,"SORBS1",4.11785437338646e-28
"OK",1.93153670082398e-28,10.999019982376,0.0978831007524445,"HSPD1",4.20446977504502e-28
"OK",1.94570166771211e-28,10.9983610129328,0.0978686754110695,"GADD45GIP1",4.23130400447686e-28
"OK",2.18972403994803e-28,10.9876998514165,0.0977620485174937,"MRPL20",4.75748534339652e-28
"OK",2.20992504646839e-28,10.9868708186105,0.097760299015377,"ANXA11",4.79684955892243e-28
"OK",2.41602663540797e-28,10.9788178811591,0.0969737798274283,"RPL4",5.23927433271616e-28
"OK",2.55849039578315e-28,10.9736404274948,0.0976570036729033,"YWHAZ",5.54299471447657e-28
"OK",2.66120926661044e-28,10.9700818628247,0.0971381618479953,"HNRNPA1",5.76011742575549e-28
"OK",4.89853376778426e-28,10.9147758495033,0.0970261948137872,"COL4A2",1.05927918001945e-27
"OK",5.08035492008278e-28,10.9114636358942,0.0970981906404051,"ATP6V1G1",1.09756635843815e-27
"OK",5.74979487000973e-28,10.9002065869787,0.0969980166945545,"RSRC2",1.24102882714456e-27
"OK",5.9168097071787e-28,10.8976010019612,0.0969761010105488,"ENY2",1.27588134416035e-27
"OK",6.00023863522586e-28,10.8963266302583,0.0966777685939639,"EPDR1",1.2926613261857e-27
"OK",7.61447608551358e-28,10.8746197058437,0.0967372727448109,"NAA20",1.63889144158297e-27
"OK",7.70041830711008e-28,10.8735960940479,0.0967250700171723,"IER5L",1.65584158368576e-27
"OK",7.79767039015156e-28,10.872451353086,0.0967444870183148,"PNPLA2",1.67518982355588e-27
"OK",8.36963428077622e-28,10.8659926929216,0.0966343992484798,"PFDN1",1.79639028412187e-27
"OK",8.99154026378713e-28,10.8594490849989,0.0966327628446039,"PAIP2",1.92807422974877e-27
"OK",9.88754962107921e-28,10.8507706162086,0.0965501014784433,"PNRC2",2.11823504905539e-27
"OK",1.06045217644115e-27,10.8443706783103,0.0964913995059259,"NME4",2.26972245571e-27
"OK",1.10032533262417e-27,10.8409947404898,0.0963603631165087,"NECTIN2",2.3528776611267e-27
"OK",1.1689324150981e-27,10.8354603774965,0.0964123191449095,"NDRG2",2.4972647049823e-27
"OK",1.21248099837498e-27,10.832112165978,0.0963899567064533,"TSPO",2.58789966566967e-27
"OK",1.30249378041202e-27,10.8255540864471,0.0962831145371515,"IRS2",2.77744738545266e-27
"OK",1.42246683531996e-27,10.8174796236823,0.0958682838082264,"AC006254.1",3.03047282307295e-27
"OK",1.49423566197711e-27,10.8129663756562,0.0960478991341829,"ELMSAN1",3.18042950973502e-27
"OK",1.5891776234817e-27,10.807315414048,0.0961341773329852,"ZNF580",3.37938695002618e-27
"OK",1.78276034803716e-27,10.7967631980644,0.0960433594124357,"UBE2V2",3.78754343314536e-27
"OK",2.11089754125645e-27,10.7812349021731,0.0959345238320225,"HMGB2",4.4805502649895e-27
"OK",2.48516424831995e-27,10.7662118546761,0.0957877256489588,"PTGES3",5.27010429454957e-27
"OK",2.6292554237932e-27,10.7610195898872,0.0957281438918674,"EMP2",5.57053840018006e-27
"OK",2.69219881192238e-27,10.7588394357631,0.0957144357937288,"GTF2H5",5.69865244839821e-27
"OK",2.99172167208684e-27,10.7491126802845,0.0956279031353968,"PABPC4",6.32684573995958e-27
"OK",3.25180881226748e-27,10.7414201429694,0.0955701602705781,"RBM3",6.87056485747891e-27
"OK",4.13291156033403e-27,10.7192642467149,0.0953800412592211,"NDUFB10",8.72419369702041e-27
"OK",4.34324255157182e-27,10.7146717449554,0.0953390069212059,"RAB2A",9.15978717607134e-27
"OK",4.44735907464357e-27,10.7124793827329,0.0953134029089759,"NUCKS1",9.37078494867717e-27
"OK",4.86947401822005e-27,10.7040835873169,0.0952268749374427,"EIF5",1.02508214478618e-26
"OK",5.35656004897971e-27,10.6952492717702,0.095112801144511,"SUN2",1.12658975276715e-26
"OK",5.99142786272479e-27,10.6848608969229,0.0950372434966222,"RRAGA",1.25896517954883e-26
"OK",6.43347348315365e-27,10.67825355922,0.0950064122993485,"TCEA1",1.35061890899753e-26
"OK",8.14026985985568e-27,10.6563836670556,0.0947914663803027,"UQCRFS1",1.70738082761818e-26
"OK",9.27734797514486e-27,10.6442122808302,0.0947038697604271,"PSMC5",1.94410667759405e-26
"OK",9.50844790893827e-27,10.6419203446634,0.0946837763878204,"TAX1BP1",1.99072323038953e-26
"OK",1.25863694818731e-26,10.6157637203373,0.0942162492566414,"CFL1",2.63273468817018e-26
"OK",1.33818289727086e-26,10.6100392640756,0.0943718794467741,"FOSL2",2.79658367732739e-26
"OK",1.41708598356752e-26,10.6046850744881,0.0943184716597753,"PSMD7",2.95879330929828e-26
"OK",1.57459264484615e-26,10.5948282526718,0.0942550252238117,"MRPS6",3.28468012779047e-26
"OK",1.58666421033296e-26,10.5941136411441,0.0940436887313204,"TMOD1",3.30686667547223e-26
"OK",1.60434546827266e-26,10.5930766169955,0.0942137568767695,"DMAC1",3.34069404469433e-26
"OK",1.86817833523125e-26,10.5788195870361,0.0941235229506709,"NUDC",3.88655348332211e-26
"OK",2.08840130212285e-26,10.5683724379659,0.0940056630702719,"ZFAND6",4.3407835729142e-26
"OK",2.3571716552756e-26,10.5570110857328,0.0939274970949294,"NDUFA1",4.89501020928737e-26
"OK",2.64373045002811e-26,10.5462331554745,0.093831690650913,"CANX",5.48514524902229e-26
"OK",2.96383187355232e-26,10.5354854577456,0.0936985751166243,"MGAT1",6.14374869918181e-26
"OK",3.1013407542075e-26,10.5312177402868,0.0936124533290536,"PCOLCE",6.42301057278765e-26
"OK",3.17818250835486e-26,10.5289138643815,0.0936216972180777,"SOD1",6.57623927829402e-26
"OK",3.5413884503811e-26,10.5187219680928,0.0935737345041313,"HDAC2",7.3212007192349e-26
"OK",3.90730082574819e-26,10.5094523495309,0.0935016241740563,"NFIC",8.0704159656485e-26
"OK",4.26020086340056e-26,10.501294011228,0.093410521655163,"CORO1C",8.79143601112141e-26
"OK",4.38543137922075e-26,10.4985591590629,0.0933769489006695,"ARL1",9.04176227962882e-26
"OK",4.65697076252339e-26,10.4928857960152,0.0933545560225431,"ATP5F1C",9.59302653496545e-26
"OK",4.99779522333264e-26,10.4862118673714,0.0932897161257639,"POLR2K",1.02859002675023e-25
"OK",6.13392545190297e-26,10.4668332427125,0.0931167940451361,"PDIA6",1.26128842104755e-25
"OK",6.22887438151436e-26,10.4653786260191,0.0931082725494463,"GABARAPL2",1.27966973243778e-25
"OK",6.58029257377979e-26,10.460179686123,0.0930614524889109,"SPCS1",1.35066076625801e-25
"OK",6.82473408985252e-26,10.4567232032644,0.0930281580173327,"CLTB",1.39958705333307e-25
"OK",7.36395500408989e-26,10.4495132859132,0.0907450039759697,"NKG7",1.50882458847144e-25
"OK",7.95927528269041e-26,10.4421374133235,0.0927787317922459,"SEPT9",1.62935208675876e-25
"OK",8.52143548718835e-26,10.4356580825887,0.09282612658374,"TRIM28",1.74288329724643e-25
"OK",8.97299281673942e-26,10.4307532996091,0.0927947500374282,"RAB13",1.83361157559458e-25
"OK",1.82289479600117e-25,10.3631943472601,0.0921923769186021,"PPIB",3.72174354183573e-25
"OK",1.99823671129576e-25,10.3544089324761,0.092093005463724,"IK",4.07611970426407e-25
"OK",2.62737715148378e-25,10.3281810714324,0.0918804031214748,"WDR83OS",5.35473414147536e-25
"OK",2.79213385972943e-25,10.322344423786,0.0918000969211592,"NUCB2",5.6854856577868e-25
"OK",3.54909894601201e-25,10.2992917372991,0.091619298545426,"PDIA3",7.22047250235482e-25
"OK",3.57572378746721e-25,10.2985727013735,0.0915852656613249,"EDF1",7.26821878423388e-25
"OK",3.60435113203462e-25,10.2978054798724,0.0916010002241613,"VDAC2",7.31994766937895e-25
"OK",3.66223317223657e-25,10.2962724991117,0.0915467104729546,"TGIF1",7.43094537062627e-25
"OK",4.07726042246621e-25,10.285936779391,0.0914848987158547,"PLD3",8.26578411350324e-25
"OK",4.18045494757707e-25,10.2835288523147,0.0914359141266396,"EIF3L",8.46753539513632e-25
"OK",4.48845295836435e-25,10.2766774047022,0.0913985746370041,"TSPYL2",9.08339821011695e-25
"OK",5.1431098093043e-25,10.2635427757824,0.0912360084215313,"ELOF1",1.0399106137689e-24
"OK",5.66147956286604e-25,10.2542689037751,0.0911908368369804,"FAM177A1",1.1437181959018e-24
"OK",5.90749495125013e-25,10.2501582841043,0.0911518577594651,"DAPK3",1.19237168034435e-24
"OK",5.95804664002354e-25,10.2493346624375,0.0911431209849643,"POLR2A",1.20152201505904e-24
"OK",6.4633781245796e-25,10.2414623439442,0.0910972954006133,"DNAJC3",1.30228869824207e-24
"OK",8.23865732384454e-25,10.2179592660158,0.0908843757134376,"EPS8",1.65853390007115e-24
"OK",9.98368135988298e-25,10.1993160568928,0.090725636544109,"SUMO1",2.00807145605332e-24
"OK",1.06692080064436e-24,10.1928637068046,0.0906693450292077,"SNRPB",2.14408255138217e-24
"OK",1.30543579343689e-24,10.1732361676255,0.0904750358344123,"ACTR10",2.62111476223641e-24
"OK",1.31969961100004e-24,10.1721779331016,0.0904789493396748,"STRAP",2.64744617084764e-24
"OK",1.34392820749537e-24,10.1704061131872,0.0904605920706515,"PDAP1",2.69370466654642e-24
"OK",1.44531118312869e-24,10.1633199825527,0.0904007255143456,"PKIG",2.89439274325684e-24
"OK",1.45887836736537e-24,10.16240928506,0.0903919904219663,"ENO1",2.91902422245216e-24
"OK",1.53652199197899e-24,10.1573536050412,0.0903514437397129,"KIF5B",3.07171019750661e-24
"OK",1.76339092367391e-24,10.1439142723932,0.0902302661320902,"NR2F2",3.52219366628016e-24
"OK",1.82662255793668e-24,10.1404734891622,0.0901990400676489,"NDUFB8",3.64533080669686e-24
"OK",1.96520611262337e-24,10.1333276530021,0.0901361111666781,"CDC37",3.91850188517023e-24
"OK",2.13321146074689e-24,10.1253059622861,0.0900577785931527,"TMEM219",4.24981487378901e-24
"OK",2.22822718677003e-24,10.1210420470496,0.0900178521327695,"HNRNPC",4.43526984540309e-24
"OK",2.33834834357406e-24,10.1163200289696,0.089983306449466,"COX7A2L",4.65044579900782e-24
"OK",2.50001063403044e-24,10.1097725659394,0.0899189531372377,"H2AFJ",4.96766565157214e-24
"OK",2.54976508243793e-24,10.1078416948227,0.0899032886439094,"SUB1",5.06216291797807e-24
"OK",2.71916006319179e-24,10.1015367505026,0.0898498913969448,"WTAP",5.39382052155961e-24
"OK",3.20678424749866e-24,10.0853507943522,0.0897051524379668,"SSR3",6.35561456281362e-24
"OK",3.2794027446615e-24,10.0831514571087,0.0896863943369993,"DCTN2",6.49395057691783e-24
"OK",3.37763301436195e-24,10.0802519805172,0.0896498420145783,"DHRS7",6.68272236432608e-24
"OK",3.67627758183633e-24,10.0719238917989,0.0894849656950261,"SGCE",7.26735388066015e-24
"OK",3.72764385748887e-24,10.0705593424777,0.0895619461582131,"CTSF",7.36257616106079e-24
"OK",3.93401110183693e-24,10.0652586787069,0.0888991451018146,"LINC01088",7.76351976652137e-24
"OK",4.1782755641364e-24,10.0593295205749,0.0894725134898108,"NFE2L2",8.23850053442306e-24
"OK",4.32871777537313e-24,10.0558462840142,0.0894323133001356,"CCNG1",8.52783322214228e-24
"OK",4.43019541678294e-24,10.0535638102067,0.0894181862927884,"NEDD8",8.72029063662487e-24
"OK",4.57760492865333e-24,10.0503388194805,0.0893932048629294,"KTN1",9.00275333107482e-24
"OK",4.69561872804344e-24,10.047830227761,0.0888591076457139,"EFEMP1",9.22697093061778e-24
"OK",5.20517989936396e-24,10.0376704751917,0.0892797919242818,"YPEL5",1.02195475773531e-23
"OK",6.73499954341814e-24,10.0122167043612,0.0890491829613805,"COPE",1.32118432269949e-23
"OK",7.32285891705062e-24,10.0039362474078,0.0889634087718881,"SEC62",1.43528034774192e-23
"OK",7.59680461585985e-24,10.0002999896222,0.0885785881803227,"GUCY1A1",1.48770757060589e-23
"OK",8.11929330411524e-24,9.99371112702539,0.0888600442238123,"MRPL52",1.58867735593691e-23
"OK",8.38407901329595e-24,9.99053069937346,0.0888538813984595,"EIF3G",1.63909456431414e-23
"OK",1.1079633029474e-23,9.96286084911844,0.0886098206566276,"RANBP1",2.16424044672422e-23
"OK",1.14011856436369e-23,9.96001700378964,0.088577775669867,"NDUFC1",2.22516360485558e-23
"OK",1.2296610915525e-23,9.95249755084624,0.0884086868137676,"C1orf21",2.39789118869213e-23
"OK",1.65449352552827e-23,9.92292954051052,0.0882228986138449,"C6orf48",3.22360286742099e-23
"OK",1.79436495135388e-23,9.91482829193913,0.0881814329954572,"FIS1",3.4931720058901e-23
"OK",2.13367442635739e-23,9.89751778450725,0.0880199619461639,"CTSD",4.15021301005157e-23
"OK",2.20562422392668e-23,9.89419960855965,0.087994302264412,"VPS29",4.28654226810393e-23
"OK",2.40728454285553e-23,9.88544106340157,0.0878961217007189,"SDHC",4.67451627503903e-23
"OK",2.70794931631984e-23,9.87364681829686,0.0877822344992865,"THOC7",5.25392356822629e-23
"OK",2.99031326968375e-23,9.86369634596905,0.0877232685008623,"LAMTOR4",5.79687833340208e-23
"OK",3.98840873164739e-23,9.83474658773548,0.0874450577920199,"C1orf123",7.72523575187884e-23
"OK",5.61713469298916e-23,9.80021820583889,0.087155384855135,"CLK1",1.08708077293731e-22
"OK",5.93183437372393e-23,9.79471057600795,0.0871057247208542,"PRMT1",1.14702053423058e-22
"OK",6.1090341246781e-23,9.79173531475682,0.086825850599678,"EGR3",1.18029409304813e-22
"OK",6.3620200050784e-23,9.78763237615375,0.08703581714527,"BCAP31",1.22814183333575e-22
"OK",6.43182571749759e-23,9.78652867958924,0.0870248342943902,"HNRNPA3",1.24057743948048e-22
"OK",7.43167895331073e-23,9.77190301428156,0.0868926559871408,"TMBIM6",1.43223068029076e-22
"OK",8.71416618082145e-23,9.75576404104215,0.086748906925704,"HSPA9",1.67798701625684e-22
"OK",9.30044585463665e-23,9.74915562825308,0.0866959069503274,"PSMD4",1.78938402700319e-22
"OK",9.86899414204682e-23,9.74312968639426,0.0866446279628455,"EIF3M",1.89718643648863e-22
"OK",1.07665035228907e-22,9.73428336772613,0.0865253361324026,"BEX4",2.06799479676541e-22
"OK",1.15431602656493e-22,9.7271986212051,0.086486737583056,"IRF2BP2",2.21532484098253e-22
"OK",1.16272205547793e-22,9.72646030329075,0.0864606992099913,"EBPL",2.22959941196143e-22
"OK",1.21771803311841e-22,9.72175644943785,0.0864463776659783,"ZBTB16",2.33311533300474e-22
"OK",1.31502669923542e-22,9.71392664115185,0.0863812721656321,"ARL6IP5",2.51746175256789e-22
"OK",1.3519453357051e-22,9.71110523629317,0.0863291643449783,"PABPN1",2.58598846190104e-22
"OK",1.66890776664756e-22,9.68961590263221,0.086158515582203,"MYL12B",3.18962206355962e-22
"OK",1.79548274252388e-22,9.68214637135207,0.0860735371639791,"HMGN2",3.4286871940568e-22
"OK",1.93627586724599e-22,9.67442691311116,0.0859668276244021,"ARRDC3",3.69448493974111e-22
"OK",2.21396384060528e-22,9.66070807117679,0.082176829874653,"GNLY",4.22082675903473e-22
"OK",2.64675564942657e-22,9.64240096873883,0.0857144904652534,"SMIM30",5.04175207661653e-22
"OK",2.77211711045165e-22,9.63765056461064,0.0856878893465561,"TRA2A",5.27618653336376e-22
"OK",3.07311435167314e-22,9.62706091250926,0.0855992913380274,"TMED10",5.84424636821078e-22
"OK",3.28447911384057e-22,9.62022145698143,0.0855384442168971,"EPB41L4A-AS1",6.24105230955018e-22
"OK",4.16578004136172e-22,9.59574180467578,0.0853074140324771,"MOB2",7.90914380482773e-22
"OK",4.58678001314403e-22,9.58580929567549,0.0852312638827825,"TIMP2",8.70128037089844e-22
"OK",4.63301677132579e-22,9.58477393976753,0.0852171831557644,"PFDN2",8.78175936161588e-22
"OK",4.86708620222198e-22,9.5796846147049,0.0848812554070875,"SH3BGR",9.21784500305692e-22
"OK",6.08761079545653e-22,9.55654608648254,0.0841290470101737,"MT-ND1",1.15104824810644e-21
"OK",6.08761079545653e-22,9.55654608648254,0.0841290470101737,"MT-ND1.1",1.15104824810644e-21
"OK",6.25883914979573e-22,9.55367383361551,0.0849281245998149,"FAM162A",1.18245336849709e-21
"OK",6.66280505318575e-22,9.54719438760667,0.0848764645778787,"KLHDC2",1.25774098667924e-21
"OK",7.15272731223806e-22,9.53983876878192,0.0847786003339689,"SUMO2",1.34911801802492e-21
"OK",8.15757719535337e-22,9.52619646556003,0.0846681955630558,"MRPL55",1.53738954835506e-21
"OK",8.43954535178001e-22,9.52266676563726,0.084671717462495,"DYNLRB1",1.5892291860302e-21
"OK",1.04543790778341e-21,9.50039901145436,0.0844723062443911,"RWDD1",1.96702900459574e-21
"OK",1.11218136283617e-21,9.49395257553743,0.0844104557842432,"EIF2A",2.09090096213199e-21
"OK",1.38653322548689e-21,9.47095126977295,0.0841874587905225,"DNAJB4",2.60455629551085e-21
"OK",1.6445504343341e-21,9.45310997445118,0.084040622714081,"UQCRH",3.08671528139482e-21
"OK",1.7533235042545e-21,9.44640591894617,0.0839821674640709,"TUBB6",3.28819546441215e-21
"OK",1.96355715077915e-21,9.43454057609737,0.0838818020948647,"RBM8A",3.67903750172168e-21
"OK",1.96492233048965e-21,9.43446770973381,0.0838613828171547,"PAIP1",3.67903750172168e-21
"OK",2.13857107526062e-21,9.42558509414783,0.0837857486555971,"MFF",4.00091729189699e-21
"OK",2.36145837163514e-21,9.41517573524562,0.083701655685358,"CYSTM1",4.41431706970433e-21
"OK",2.38241080008183e-21,9.41424771208473,0.0826632920801103,"HHEX",4.44987191613013e-21
"OK",2.4165197852751e-21,9.41275409031324,0.0836655029108321,"SNX17",4.50992306765685e-21
"OK",2.4288308891612e-21,9.41222010725031,0.0836829386055852,"CAMTA1",4.52922877549656e-21
"OK",2.43139953716958e-21,9.41210903205013,0.0836695885492001,"RCN2",4.53035043212099e-21
"OK",2.60622888689421e-21,9.40480942751409,0.0835900505608124,"NDUFB3",4.85217876032124e-21
"OK",2.63391817614627e-21,9.40369795415129,0.0835963068237733,"BNIP3L",4.89976862654674e-21
"OK",2.82869234847246e-21,9.39619146725378,0.0835099797179325,"NIPSNAP2",5.25785187936407e-21
"OK",3.45076258129718e-21,9.37524506965231,0.0833391842804581,"HNRNPA0",6.40895663284467e-21
"OK",3.6396384001975e-21,9.36962197592965,0.0832338255046885,"SUCLG2",6.75430075395232e-21
"OK",3.91077477387025e-21,9.36203497020285,0.0832126880248505,"EIF3K",7.25162182304603e-21
"OK",3.96098966801883e-21,9.36068713857866,0.0831917443442104,"DPM3",7.3388247831435e-21
"OK",4.14249611602295e-21,9.35595235448192,0.0831701663357259,"GPX4",7.66894578392351e-21
"OK",4.6288872350085e-21,9.34421027965701,0.0829299132492821,"RASGRP2",8.562511889337e-21
"OK",4.70131142243132e-21,9.34256709165081,0.0830559046804921,"MDH2",8.68950257292082e-21
"OK",5.52172075049231e-21,9.32552603176068,0.0828963117321463,"AKAP12",1.01976927733631e-20
"OK",5.724069359839e-21,9.32170884958535,0.0828467628728708,"SUPT5H",1.05629260702798e-20
"OK",6.65411470470343e-21,9.30572418321339,0.0827296578785735,"SYF2",1.22693564170793e-20
"OK",7.10702665887258e-21,9.29872450895185,0.0826432512288258,"SPART",1.30939859163068e-20
"OK",7.20540201905722e-21,9.29726255160994,0.0826484853248459,"SRI",1.32646209831245e-20
"OK",7.32716564793957e-21,9.295480113864,0.0825916579552675,"NUFIP2",1.34780051814735e-20
"OK",8.54259324504527e-21,9.27914006765217,0.0824879057174143,"PSMB5",1.5701190936424e-20
"OK",9.09425174633753e-21,9.2724695300859,0.0824229420166781,"RSU1",1.67018036457858e-20
"OK",1.0387357372548e-20,9.25828236205879,0.0798600270200317,"CXCL1",1.90614215370344e-20
"OK",1.06487443677188e-20,9.2556279107654,0.0821733410337998,"SLC25A6",1.95255241073697e-20
"OK",1.06627432482547e-20,9.25548757207658,0.0822625689619824,"DDX21",1.95356385845112e-20
"OK",1.23238972997971e-20,9.24000837416596,0.0821054216484912,"MSRB2",2.25611569804712e-20
"OK",1.26253985421999e-20,9.23742180984469,0.0821034932496478,"NFIB",2.3094752059322e-20
"OK",1.42310441952328e-20,9.22460012593239,0.0820034225163303,"XIST",2.60111863346199e-20
"OK",1.4708973070059e-20,9.22105928768521,0.0819719674070195,"RNH1",2.68634139415907e-20
"OK",1.47417318942525e-20,9.2208207692673,0.0819648058999856,"TRMT112",2.6901908520177e-20
"OK",1.58346019573479e-20,9.21314999076419,0.0818510499076685,"ATP5MG",2.88733874170801e-20
"OK",1.64469381309309e-20,9.20907778579274,0.0816472464085867,"RBBP4",2.9966217180011e-20
"OK",1.67526302863109e-20,9.20710060925762,0.0818219377087139,"PFDN4",3.04990573512837e-20
"OK",1.70364636057356e-20,9.20529648870284,0.081826881800087,"CMPK1",3.09912920094858e-20
"OK",1.7130243321518e-20,9.20470692519723,0.0817328880371603,"ANGPTL1",3.11372931092786e-20
"OK",1.71478172259799e-20,9.20459679867935,0.0818188360579402,"PSMB3",3.11446554191102e-20
"OK",1.82931230954872e-20,9.19765023314486,0.0817611743913356,"TMED2",3.31986308029213e-20
"OK",1.88375270293993e-20,9.19449772992748,0.0817322604765003,"FKBP2",3.41597045265406e-20
"OK",1.90291532907923e-20,9.19340946376979,0.0815466938821671,"H3F3A",3.44800472295002e-20
"OK",1.97707542896105e-20,9.18929752894798,0.0816506307784157,"MORF4L1",3.57956345353561e-20
"OK",2.13293839575643e-20,9.18113085209914,0.0816057795245836,"COX17",3.85872515744466e-20
"OK",2.13918775594274e-20,9.18081584143481,0.0816067410334722,"SNRPE",3.86699325112726e-20
"OK",2.14814424049011e-20,9.1803659556794,0.0815774843111321,"MRPL24",3.8801381849794e-20
"OK",2.92895251421637e-20,9.146921508557,0.0813033852615116,"PSMC3",5.28634611304098e-20
"OK",3.40119984735074e-20,9.13075377230015,0.0811519638374338,"AHSA1",6.13387881632636e-20
"OK",3.94574336344502e-20,9.11466366061249,0.0809979789096239,"TMCO1",7.11036538811728e-20
"OK",4.11438341441297e-20,9.11012426146219,0.0809738636957833,"MSN",7.40846364612437e-20
"OK",4.25586564972701e-20,9.10645556127099,0.0809005657187602,"POLD2",7.65723327446977e-20
"OK",4.48082091793865e-20,9.10086354344765,0.0808661921770806,"BLOC1S1",8.05568350820665e-20
"OK",4.84047522500418e-20,9.09247524770772,0.0807711972998039,"TPI1",8.69548708516741e-20
"OK",5.41748524880367e-20,9.08022593318993,0.0807089437496576,"NHP2",9.7244493593101e-20
"OK",5.45179526596358e-20,9.0795387784515,0.0807054512588589,"CSNK1A1",9.77654633988728e-20
"OK",5.45499871765313e-20,9.07947483860372,0.0806825020200865,"EIF3H",9.77654633988728e-20
"OK",5.52697345769261e-20,9.07804794582398,0.0806912741497397,"RHOC",9.89783815946041e-20
"OK",5.60174263980933e-20,9.07658497050537,0.0806285093089207,"CDKN2AIP",1.00239419576386e-19
"OK",5.89130844605143e-20,9.07109564117173,0.0806205343015224,"SPTSSA",1.05339156453854e-19
"OK",6.44809771114125e-20,9.06125177492418,0.0805355536333926,"ATP5F1B",1.15205345451965e-19
"OK",6.73362599110506e-20,9.05652505292936,0.0804840823674908,"ATP6V1E1",1.20213493469108e-19
"OK",6.91668748702563e-20,9.05359770120835,0.0804614218003864,"ARPC4",1.23385989795663e-19
"OK",9.47716449596621e-20,9.01915636636141,0.0801653650345207,"ANP32B",1.68931190667261e-19
"OK",1.06523857463588e-19,9.00634010562754,0.0800427331601795,"PIN1",1.89732748444426e-19
"OK",1.12948514325773e-19,8.99991280104865,0.0799927033301704,"CHMP4B",2.01020423873459e-19
"OK",1.29469161010453e-19,8.98491332075634,0.0798220185296936,"CFAP20",2.30245156607779e-19
"OK",1.39895762610552e-19,8.97639186854743,0.0796910801092407,"ZFP36L1",2.48595633713042e-19
"OK",1.4123641549792e-19,8.97534201193591,0.0797710552974327,"SSBP1",2.50784475629691e-19
"OK",1.59938610917561e-19,8.96164258810788,0.0796224868082989,"ARPP19",2.837739760733e-19
"OK",1.96312385137856e-19,8.93902338254121,0.0794332455845461,"TRAM1",3.48042665875661e-19
"OK",1.99741784213253e-19,8.93710919294366,0.0794039885972058,"SNX3",3.53850253110094e-19
"OK",2.03364748012616e-19,8.93512191290076,0.0791545265884225,"PPM1K",3.59991556243701e-19
"OK",2.37035010937309e-19,8.91816680172921,0.0792414343356259,"UBE2A",4.19271605367605e-19
"OK",2.48700552364689e-19,8.91284362570936,0.0792073405100479,"SNRPF",4.39568205752785e-19
"OK",2.85815792476759e-19,8.89741359474125,0.0787782253497234,"EFNA1",5.04780498522988e-19
"OK",2.86391363624437e-19,8.89719024022895,0.0790733377951282,"NOP56",5.05409433277454e-19
"OK",2.97252382980708e-19,8.89305666772712,0.0790105507739829,"PDCD5",5.24174761106103e-19
"OK",3.23138198833532e-19,8.88377723754843,0.0789527683731824,"TOMM20",5.69385823958397e-19
"OK",3.24936978603307e-19,8.88315998594947,0.0789381368712221,"C19orf70",5.72117631287016e-19
"OK",3.45954022373902e-19,8.87618808174564,0.0788857786013597,"TCP1",6.08657076796866e-19
"OK",3.75488088949985e-19,8.8670671654868,0.0788012343329681,"TAF1D",6.60113793016653e-19
"OK",4.06301117857189e-19,8.85827751147633,0.0787250003587907,"SON",7.13738729538602e-19
"OK",4.34264750069844e-19,8.85085292851588,0.0786200440520077,"LAMTOR2",7.62280273941198e-19
"OK",4.72756403682764e-19,8.84137082154509,0.0785710065865241,"CHMP5",8.29214011943188e-19
"OK",4.7545314957229e-19,8.84073538220414,0.0785336435913378,"PSMF1",8.33309439471068e-19
"OK",5.04486402380603e-19,8.83411116132474,0.0785092334878528,"XRCC6",8.83522573903064e-19
"OK",5.42052112679324e-19,8.82607801089809,0.0784312856821453,"PLPP1",9.48591197188816e-19
"OK",6.55503119856944e-19,8.80478758914035,0.0782433295622814,"SET",1.14625944193663e-18
"OK",7.10534736927903e-19,8.7957410686784,0.078134136612678,"METTL5",1.24154893713578e-18
"OK",8.689841255134e-19,8.77311083006628,0.0779541830738513,"VASP",1.51726341247715e-18
"OK",8.99740990230706e-19,8.76919497706408,0.0779048457619061,"NDUFAF3",1.56977537916766e-18
"OK",9.05911540312818e-19,8.76842530548732,0.0778991399949852,"PSMB2",1.57934464598064e-18
"OK",1.0148468692966e-18,8.75562842197678,0.0778007937923655,"ASAH1",1.76792158849475e-18
"OK",1.11089240102283e-18,8.74542463750922,0.0773120490950112,"PGAM2",1.93377566103975e-18
"OK",1.11703130633455e-18,8.74480240575902,0.0777052172566613,"PPP2CA",1.94299327680399e-18
"OK",1.20244266662212e-18,8.73647902593872,0.0776163346172263,"PRDX4",2.08998148017415e-18
"OK",1.20810065128054e-18,8.73594845997252,0.0776201027614491,"JMJD1C",2.09823212662072e-18
"OK",1.26270575579446e-18,8.73095051971444,0.0775845177131743,"SERBP1",2.1914177510133e-18
"OK",1.31709147296249e-18,8.72618043160814,0.0775017739108965,"ANP32E",2.28408257698238e-18
"OK",1.36400648083537e-18,8.72221931058811,0.0775007081984962,"MRPL51",2.36366209583436e-18
"OK",1.41131081638199e-18,8.71835924275662,0.0774629671660901,"PCBD1",2.44379609784039e-18
"OK",1.41604435776239e-18,8.71798003802175,0.0774499168300274,"TUBA1C",2.45015038011028e-18
"OK",1.53247116339883e-18,8.70902701464361,0.0773862548282546,"TMEM256",2.64961042740803e-18
"OK",1.87884136986991e-18,8.6858960943231,0.0771275205533379,"SSPN",3.24604026617434e-18
"OK",1.94958159874439e-18,8.68169428183864,0.0771458125221308,"TMEM14C",3.36573195045601e-18
"OK",1.96454011059987e-18,8.6808250802164,0.0769961635506743,"RGS3",3.38901563648802e-18
"OK",2.13639594518821e-18,8.67128275832261,0.0769456451568961,"COX7C",3.68272444743147e-18
"OK",2.15531260474536e-18,8.67027908395993,0.0770090055087252,"TOP1",3.71255417257186e-18
"OK",2.33048153037349e-18,8.66137772451731,0.0769605429668941,"DDAH2",4.01128472679383e-18
"OK",2.39068763067874e-18,8.65847021735567,0.0768130011176344,"PLPP3",4.11183989055499e-18
"OK",2.39466978194879e-18,8.65828046572724,0.0769136141312394,"MRPL18",4.1156153043493e-18
"OK",2.44310440920165e-18,8.65599714251757,0.0769040497755397,"LHFPL6",4.19572666248426e-18
"OK",2.60530952638617e-18,8.64866321076911,0.0766363714178593,"NARS",4.47095964177894e-18
"OK",2.71549139553527e-18,8.6439342227141,0.0768002698581784,"NDUFS6",4.65657236330434e-18
"OK",2.7576304265776e-18,8.64217553032089,0.0767617835587825,"PIN4",4.72531463720848e-18
"OK",2.86680670055269e-18,8.63773957281576,0.0767279846568097,"PRKRA",4.90874039507275e-18
"OK",2.92592566524346e-18,8.63540660939458,0.0767297293393714,"ARID4B",5.00624577047229e-18
"OK",3.12630253991144e-18,8.62783159497583,0.0766558092541963,"DNAJC8",5.34511859644844e-18
"OK",3.32709858641571e-18,8.62070700726869,0.0765969374294109,"CCT7",5.68420478079775e-18
"OK",3.42111713740292e-18,8.61751577082162,0.0764964605272123,"RAC1",5.84049871567008e-18
"OK",3.63551508741163e-18,8.61055090766413,0.0765037066572972,"CHMP3",6.20191944171036e-18
"OK",3.76986462077384e-18,8.60639021448327,0.0764621850501908,"CALR",6.42634953489427e-18
"OK",3.78264075040271e-18,8.60600219839285,0.0764636879902061,"HDLBP",6.44335920723183e-18
"OK",4.11495459638742e-18,8.59633950144013,0.076371886502115,"CTSL",7.00424274610512e-18
"OK",4.43239622301202e-18,8.58780322524757,0.0762108303811888,"MACF1",7.53900184756032e-18
"OK",4.51037227671383e-18,8.58579877036101,0.0762538755946509,"PERP",7.66596852639996e-18
"OK",4.88507895336647e-18,8.57662018165399,0.0761854138063769,"COX20",8.29670857640338e-18
"OK",4.99717851677878e-18,8.57400904907692,0.0761775856709895,"TLE4",8.48084165375204e-18
"OK",5.17297302369924e-18,8.57002846902832,0.076144086572882,"KMT2E",8.7727222927683e-18
"OK",6.15727971313537e-18,8.54994648576348,0.0759660944180323,"SEC61B",1.04343010885583e-17
"OK",6.25741813108537e-18,8.5480842427163,0.0759288615784245,"CBX3",1.05962014381541e-17
"OK",6.33495353802578e-18,8.54666243234188,0.0759269112983285,"NDUFV2",1.07196164570708e-17
"OK",7.15314436335942e-18,8.53262576871979,0.075794506260142,"SPAG7",1.20952213427436e-17
"OK",7.16290150443218e-18,8.53246812458253,0.0757945104396423,"CIB1",1.21028335764544e-17
"OK",7.43203890840964e-18,8.52820125925922,0.0757707844837651,"PGK1",1.25483765440377e-17
"OK",1.01945631421245e-17,8.49155450596788,0.0754362858189364,"ZNF302",1.72000578141486e-17
"OK",1.1231298232709e-17,8.48029381642406,0.0753412621914566,"CUTA",1.89353439457752e-17
"OK",1.12894488162673e-17,8.47969296904556,0.0750434980481259,"PSMD14",1.90194591249916e-17
"OK",1.14924842538795e-17,8.47761876530178,0.0753094964263963,"PSMC1",1.93473620151202e-17
"OK",1.16611661824644e-17,8.4759228292946,0.0753037265166419,"SMDT1",1.96169946809463e-17
"OK",1.21586180761869e-17,8.47105883789065,0.0752393373898471,"PPT1",2.04389032331813e-17
"OK",1.67277666908448e-17,8.43382203949483,0.0749232609787795,"KRT10",2.80992317206532e-17
"OK",1.81063972860982e-17,8.42455368270352,0.0748236377559946,"RNF181",3.03928811588077e-17
"OK",1.85947844968415e-17,8.42143655957403,0.0748030381088355,"TMEM14A",3.118994078385e-17
"OK",1.94018190959043e-17,8.4164585008194,0.0746500845818676,"COMMD3",3.25199340450273e-17
"OK",2.03999679968612e-17,8.41057678631858,0.0746074134880936,"IP6K2",3.41680918521973e-17
"OK",2.4096471002009e-17,8.39102314909574,0.0745428714800871,"MRPS21",4.03300673819961e-17
"OK",2.88844879356329e-17,8.36969210884583,0.0742412295572297,"S100A16",4.83086243396969e-17
"OK",3.13745107299727e-17,8.35994214461262,0.0742595833540341,"CLIC1",5.24350495000922e-17
"OK",3.17201809609961e-17,8.35864935803933,0.0742541954434526,"SF3B6",5.29743123663336e-17
"OK",3.21499287331079e-17,8.35706136464134,0.0742390737174613,"UQCRC2",5.36531057045996e-17
"OK",3.44265059651417e-17,8.3489834017179,0.0741603746090623,"DST",5.74107481808265e-17
"OK",3.67289867723478e-17,8.3413325816785,0.0740752571136414,"ARMCX1",6.12061190569587e-17
"OK",3.87973197980217e-17,8.3348528423646,0.0740125291355525,"MRPS36",6.46060936332928e-17
"OK",4.14535085963747e-17,8.32701389384244,0.0739494030748798,"METTL9",6.89793571513373e-17
"OK",4.30971146806823e-17,8.32240771148274,0.073926505144196,"AP3S1",7.16625668661454e-17
"OK",4.31704417184619e-17,8.32220627214928,0.0739127736723114,"IQGAP1",7.17327036635048e-17
"OK",4.37198294000871e-17,8.32070767727876,0.073893538820318,"MMP24OS",7.2593199068782e-17
"OK",4.8577845156716e-17,8.30821096213223,0.0737780912249612,"TATDN1",8.06014246368278e-17
"OK",4.87882446499202e-17,8.30769798911328,0.073784904600074,"PTOV1",8.08922443691621e-17
"OK",5.08546239029234e-17,8.30277281851838,0.0733952808598195,"RASSF3",8.42576970132608e-17
"OK",5.10888190645315e-17,8.30222711874892,0.0737226415524537,"RAB18",8.45848672218663e-17
"OK",5.56679864417573e-17,8.29202558567018,0.0736576240615446,"SSR2",9.21001241202349e-17
"OK",5.6280095526262e-17,8.29072506462844,0.0736321549359284,"CDK2AP2",9.30459870760815e-17
"OK",5.7922938393778e-17,8.2873023587116,0.0736119814352192,"PGRMC1",9.56933480063634e-17
"OK",5.81383928680031e-17,8.28686059686491,0.0736018534170057,"YWHAE",9.59804435663163e-17
"OK",5.95965933364495e-17,8.28391251148282,0.073569074780038,"RAB11A",9.83173026173662e-17
"OK",5.9993262312054e-17,8.2831228572943,0.073564434140217,"MPC2",9.88760759173872e-17
"OK",6.00211698360865e-17,8.28306749541205,0.0735778227975118,"NDUFB11",9.88760759173872e-17
"OK",6.66005573201182e-17,8.27067641792886,0.0734666922469421,"MYADM",1.09636228383297e-16
"OK",6.89236845309575e-17,8.26658795716868,0.0734285066107315,"C9orf16",1.13379461053425e-16
"OK",7.52543647522077e-17,8.2561006416292,0.0733294030005707,"HNRNPR",1.23705069253629e-16
"OK",7.66168848251564e-17,8.25395757446685,0.0732934036036737,"CDC42EP4",1.25854982704947e-16
"OK",7.89803650015188e-17,8.25032773049364,0.0732846939376036,"DAD1",1.29644889949036e-16
"OK",7.95967318419838e-17,8.24939871665304,0.0732656312966407,"RNASEH2C",1.3056358506559e-16
"OK",8.0947115043044e-17,8.24738791116945,0.0732571441688217,"ARF1",1.32684132344577e-16
"OK",8.21413416524248e-17,8.24563700019866,0.0732171761403912,"C1orf54",1.3454588181048e-16
"OK",8.61247308925882e-17,8.23997304192356,0.0731757812529534,"SNRPD1",1.40970330664983e-16
"OK",8.63503321009719e-17,8.23966003696171,0.0731893611992476,"ARPC3",1.41239215077087e-16
"OK",1.073857966051e-16,8.21353415861259,0.0728196586148884,"THYN1",1.7552128430202e-16
"OK",1.1114849138521e-16,8.20939974716588,0.072911400091383,"COMT",1.81542535929176e-16
"OK",1.13063453373614e-16,8.20734829013614,0.0727803304642477,"COQ10B",1.84539428149846e-16
"OK",1.15189395286732e-16,8.20511055573766,0.0728698416659072,"PCMT1",1.87876187921632e-16
"OK",1.19389554748149e-16,8.20080675374662,0.0727199813306859,"EIF3E",1.94588920442313e-16
"OK",1.30316362344491e-16,8.19027373040638,0.0727312185176947,"DDX1",2.1224793668979e-16
"OK",1.41480572579612e-16,8.18037531549025,0.0726262739460248,"RAB5A",2.30268380671977e-16
"OK",1.41724829103054e-16,8.18016746873749,0.0726503518621686,"APEX1",2.30503023604755e-16
"OK",1.43875962704761e-16,8.17835209143913,0.0726326538304001,"SAT2",2.33836515249869e-16
"OK",1.54102937842253e-16,8.170071837873,0.0725549956048785,"PSMA7",2.50281428667637e-16
"OK",1.54772398367359e-16,8.16954886260714,0.0725487016697578,"SNHG9",2.51191566906292e-16
"OK",1.81617467195844e-16,8.15022927709569,0.0723893412053503,"CAMLG",2.9455283588171e-16
"OK",1.86710873276149e-16,8.146883945421,0.0723549414101473,"SNRPD2",3.02600380826862e-16
"OK",1.90145234918925e-16,8.14467866101144,0.0722386982802567,"DAP",3.07949701841269e-16
"OK",2.35623595046312e-16,8.11868879472033,0.0721038833703892,"PYURF",3.81068215864927e-16
"OK",2.35546480160196e-16,8.11872852738484,0.0721011571498687,"EWSR1",3.81068215864927e-16
"OK",2.4065283140045e-16,8.11612481879155,0.0720638070787541,"HNRNPUL1",3.88928751379113e-16
"OK",2.66227312019231e-16,8.10385293788601,0.0715695023543555,"TENT5C",4.29958975862756e-16
"OK",2.83446831622586e-16,8.09622834863917,0.0715549180903406,"DPYSL3",4.5744782987163e-16
"OK",2.93522471123767e-16,8.09197596796421,0.0718677015028369,"KHDRBS1",4.73376926469213e-16
"OK",3.16721354472809e-16,8.08270780511684,0.0717042637849206,"COA3",5.10433365535954e-16
"OK",3.44894983052511e-16,8.072312598465,0.0716065801283353,"SNRPC",5.55449752426527e-16
"OK",3.61256019936869e-16,8.06665353852964,0.0716389510169093,"C11orf58",5.81392462553885e-16
"OK",3.77895266413698e-16,8.06115156035583,0.0715825367867631,"GYPC",6.07746367703035e-16
"OK",3.81469060542225e-16,8.06000102025127,0.071578218985956,"STAT3",6.13065768617408e-16
"OK",4.21410185408774e-16,8.04781962810126,0.0714509899412014,"NAXE",6.76783582284803e-16
"OK",4.33510302457315e-16,8.04435328906902,0.0714409990875656,"CAPZB",6.95731168333935e-16
"OK",4.40175665733313e-16,8.04248435083236,0.0711755937991482,"HMOX1",7.05936321855027e-16
"OK",4.86170574923945e-16,8.03030061784347,0.0710225533661699,"DAAM1",7.79158548399336e-16
"OK",5.93035672111352e-16,8.00588852416035,0.0710485794562255,"NME1",9.49764362220059e-16
"OK",6.20929537424459e-16,8.0002311037303,0.070912749971872,"ZEB1",9.93746160311696e-16
"OK",8.69881955682273e-16,7.9586144754262,0.0706285177914686,"MYO1C",1.39120704440019e-15
"OK",9.00393898288589e-16,7.95434698541416,0.0706360709089341,"HNRNPM",1.43900565423915e-15
"OK",9.90679552153694e-16,7.94250653677021,0.0705214354530253,"LRP10",1.58220180902216e-15
"OK",9.94239974928903e-16,7.94206168787609,0.0705241623394835,"EIF3I",1.58678770773476e-15
"OK",1.02219138979678e-15,7.93862290607142,0.0704950198675432,"RAD23A",1.63026784674653e-15
"OK",1.0453526155164e-15,7.93584289528308,0.0704342400353541,"C1orf122",1.66605333808601e-15
"OK",1.09593526107807e-15,7.92997667390283,0.0704002069936271,"IDH3G",1.74546259077648e-15
"OK",1.30129641160503e-15,7.90861924347245,0.0702237143901471,"NDUFS4",2.07110272005969e-15
"OK",1.32047918196601e-15,7.90679696096801,0.070191836338248,"HNRNPK",2.10018201385893e-15
"OK",1.38908151220392e-15,7.90048678175324,0.070142618626716,"RTL8C",2.20776723437241e-15
"OK",1.44320458338614e-15,7.89572134820124,0.0699969846096762,"PIGT",2.2922070038195e-15
"OK",1.46288061092573e-15,7.89403241622851,0.0700600990204907,"LGMN",2.32185668295103e-15
"OK",1.50096091658089e-15,7.89082632088283,0.0700520072866029,"HADHB",2.38065632981114e-15
"OK",1.55223203942541e-15,7.88663390818214,0.0700281441026973,"MAF1",2.46028244101632e-15
"OK",1.78640466350781e-15,7.86907220534038,0.0698572943766199,"SNRPG",2.82949789550102e-15
"OK",1.87183604988746e-15,7.86322515964336,0.0698121224320923,"LSM7",2.96277554837857e-15
"OK",1.87917740116754e-15,7.86273503108423,0.0697669825732496,"PPA2",2.97235271626981e-15
"OK",2.07977710918509e-15,7.85002467567619,0.0696888448111156,"CHP1",3.28738962419578e-15
"OK",2.17681286206568e-15,7.84430362975257,0.0696471314635406,"STUB1",3.43840879378413e-15
"OK",2.43116505207808e-15,7.83042254590074,0.0695260917792301,"SSB",3.83754154553518e-15
"OK",2.68901271608282e-15,7.81773970127259,0.0694023875623577,"RNF11",4.24164129119092e-15
"OK",2.73796049770232e-15,7.81546795016397,0.0693653478097904,"SSNA1",4.31589529514609e-15
"OK",2.92937868039361e-15,7.806951991662,0.0693022758494628,"ACAT1",4.61447270926572e-15
"OK",3.4925801510712e-15,7.78474925470637,0.0687436190090408,"EEF2",5.49788932871973e-15
"OK",3.64708371196968e-15,7.77927443644112,0.0690574997533098,"H2AFY",5.73718154963537e-15
"OK",3.66984343267074e-15,7.778487299688,0.0687313986063882,"CDH13",5.76904397641005e-15
"OK",3.70755605967188e-15,7.77719353833548,0.069036787836385,"ATOX1",5.82435307327717e-15
"OK",4.1225534024244e-15,7.76375504993903,0.0686462504963063,"CIRBP",6.47187490510116e-15
"OK",4.53256126626112e-15,7.75172684798556,0.0688149270403985,"LAMTOR1",7.11068705463171e-15
"OK",4.55358568162981e-15,7.75113929976759,0.0688153558765486,"VKORC1",7.13395090122003e-15
"OK",4.55177404344942e-15,7.75118982257904,0.0684920620064059,"PDGFA",7.13395090122003e-15
"OK",4.62879034271334e-15,7.74905926595563,0.0683717677109265,"CYP1B1",7.24684171262326e-15
"OK",4.83609732718818e-15,7.74349322228669,0.0687124455212981,"GRPEL1",7.56625825034943e-15
"OK",4.95679414739238e-15,7.74035977810445,0.0686108293852643,"OAZ1",7.74982818835347e-15
"OK",4.98508063097476e-15,7.73963628935757,0.0687080962028087,"NONO",7.78876573482691e-15
"OK",5.09861259479819e-15,7.73677254428633,0.0686798851016681,"OS9",7.96074902089507e-15
"OK",5.54574919514519e-15,7.72607306335354,0.0685033789086833,"ANAPC13",8.65302194879362e-15
"OK",5.79227327763246e-15,7.72053166710893,0.0685350843403238,"PRELID1",9.0315540679672e-15
"OK",6.07120758110925e-15,7.71453495766709,0.068484372841396,"TMBIM4",9.46007514160663e-15
"OK",6.14528706583726e-15,7.71298790341133,0.0684761507538456,"RTRAF",9.5690305021117e-15
"OK",6.75911598061398e-15,7.70083276066436,0.0683485315292348,"TPD52L2",1.05177325022662e-14
"OK",6.77082369241937e-15,7.70061163608723,0.0683339165494503,"CHMP1B",1.05288365723442e-14
"OK",7.65307191903253e-15,7.68494608555358,0.0681902593275049,"HSPG2",1.18927291697246e-14
"OK",8.57421922997602e-15,7.67038235818419,0.0680538307710097,"FBXW5",1.33151900786479e-14
"OK",8.81965889958141e-15,7.66676161290556,0.0680499808409284,"FBLIM1",1.36871121601994e-14
"OK",8.91550449966893e-15,7.66537453966265,0.0680497064385717,"PRDX5",1.38265366079041e-14
"OK",9.04840905425879e-15,7.66347523260603,0.0680329887117785,"DRAP1",1.40232073027981e-14
"OK",1.06061457295267e-14,7.64305767425318,0.0678455637845866,"ZBTB20",1.64263306086751e-14
"OK",1.06362079374387e-14,7.64269338103161,0.0678454570351005,"EIF3D",1.64618191397321e-14
"OK",1.23887946332727e-14,7.62303696222623,0.0676633167911809,"SCAND1",1.91614466356125e-14
"OK",1.24296641908138e-14,7.62261198781954,0.0669587298882508,"CENPW",1.9211756128486e-14
"OK",1.38389299105587e-14,7.60874107771906,0.0675085509120662,"THUMPD3-AS1",2.13756241341493e-14
"OK",1.41288455018478e-14,7.60606056376092,0.0675079610163432,"PNKD",2.18088010661899e-14
"OK",1.73800728108435e-14,7.5792338604569,0.0670811396722503,"ZSWIM6",2.68093152601289e-14
"OK",1.79749021433759e-14,7.5748661660291,0.0672246932923654,"GRHPR",2.77082996226203e-14
"OK",1.80262423414372e-14,7.57449587568476,0.0672316502197998,"NDUFV1",2.77688535868427e-14
"OK",1.93307701962343e-14,7.56541932389355,0.0671446022697211,"AIMP1",2.97585319264223e-14
"OK",1.99072986413782e-14,7.56159842437103,0.0671192970985873,"COPS6",3.06255903614523e-14
"OK",2.06095146963188e-14,7.55708888976472,0.0670783116239918,"CSTB",3.16847211920042e-14
"OK",2.08589629863532e-14,7.55552325899109,0.0670557756947608,"ATP6V0B",3.20468257221958e-14
"OK",2.09189644880057e-14,7.55514941436968,0.0670530714381916,"UBE2L3",3.21175834772514e-14
"OK",2.11491177064926e-14,7.55372513791572,0.0670331882826339,"CD46",3.24493125103614e-14
"OK",2.58694947793662e-14,7.52745459852693,0.0668130550134518,"VCP",3.96654104373371e-14
"OK",2.64071013107314e-14,7.52476754228922,0.0667805227204808,"FOXP1",4.04627773244275e-14
"OK",2.6558832498824e-14,7.52401889106946,0.0667533807105424,"SRP19",4.06682122638243e-14
"OK",2.75441383150162e-14,7.51925730162314,0.0663218215002233,"LSM1",4.21489372355364e-14
"OK",2.96841153014115e-14,7.5094677740697,0.0666427872380841,"PSMC6",4.53934379410031e-14
"OK",3.11362334267151e-14,7.50321252064813,0.0665822948289106,"G3BP1",4.75824456414897e-14
"OK",3.42229308592424e-14,7.49081764232469,0.0664747946817804,"VDAC3",5.22648605894133e-14
"OK",3.62773800194502e-14,7.48316307064113,0.0662709792263166,"SERTAD4-AS1",5.53656767294856e-14
"OK",3.69444026173148e-14,7.4807692712003,0.0663897378744666,"SNRNP70",5.63463306143549e-14
"OK",3.78717436947495e-14,7.47751089986643,0.0663642695137556,"ATP5F1D",5.77224525009981e-14
"OK",3.91357916874267e-14,7.47319355958117,0.0662947077899996,"IFI27L2",5.96096086350157e-14
"OK",3.94084261681033e-14,7.47228036738061,0.066320020305001,"SNU13",5.998519858899e-14
"OK",4.41168412909552e-14,7.45741913247473,0.0661784644672692,"LSM5",6.71077182913276e-14
"OK",4.95658694131872e-14,7.44205392330372,0.0660379655910913,"STOML2",7.5346664857142e-14
"OK",5.27458793658815e-14,7.43383724370425,0.0659643184586563,"EIF4E",8.01278101448715e-14
"OK",5.59406453748167e-14,7.42605878379224,0.0656744661037416,"WASHC1",8.49250535914323e-14
"OK",5.71421007240155e-14,7.42324602758163,0.0657975211673755,"C22orf39",8.66918695437469e-14
"OK",5.76326331418982e-14,7.42211430481438,0.0657698092816262,"UBXN6",8.73785083119102e-14
"OK",6.1881018845476e-14,7.41269098328275,0.0656676563485271,"PLIN2",9.3757885790218e-14
"OK",7.10809908629403e-14,7.39429360490808,0.0656003779444643,"OPTN",1.07626247177746e-13
"OK",7.36687802594363e-14,7.38954007165807,0.0655097300668164,"INAFM1",1.11471222692169e-13
"OK",7.42700740964307e-14,7.38845905652666,0.0655452883189938,"MRPL54",1.12307275537807e-13
"OK",7.46418946225329e-14,7.38779488676091,0.0655371453884847,"PSMC4",1.12795461493237e-13
"OK",7.56250684606096e-14,7.38605421953727,0.0655504367705647,"YWHAB",1.14206250927727e-13
"OK",7.70257840786493e-14,7.38361233850388,0.0645308149255734,"PAGE4",1.16245334687503e-13
"OK",8.29926273117381e-14,7.37367684423119,0.0654363098722579,"KDELR1",1.25168317419078e-13
"OK",8.7462615357533e-14,7.36668340789569,0.0653388218615043,"NAP1L1",1.31823562282983e-13
"OK",8.8037263425826e-14,7.36580994245712,0.0653506358186056,"FAM3C",1.32602889254204e-13
"OK",9.78191146884896e-14,7.35174332041367,0.0652386069158435,"EIF2S2",1.47240144527838e-13
"OK",1.01767096520655e-13,7.34645402110355,0.065195412363635,"GDI2",1.53082706261964e-13
"OK",1.14666819281389e-13,7.33047778884268,0.0648757725669022,"RAD23B",1.72374467888406e-13
"OK",1.20446239470368e-13,7.32388537002891,0.064892582501665,"DPP7",1.80944350619868e-13
"OK",1.23967956564418e-13,7.32001896515934,0.0649523227007991,"XRCC5",1.8611356190864e-13
"OK",1.28929258365947e-13,7.31475129895304,0.0648864745698095,"SDHB",1.93435884050017e-13
"OK",1.369613716543e-13,7.30663134242549,0.0648379095484041,"PNISR",2.05352889921779e-13
"OK",1.43868507290302e-13,7.3000143609157,0.0647403285913362,"IL6ST",2.15568752302906e-13
"OK",1.44628426433501e-13,7.29930550949377,0.0647680977955377,"FLOT1",2.16566492897499e-13
"OK",1.52385457700369e-13,7.29227206558213,0.0647093572497867,"SF3B5",2.28033599144867e-13
"OK",1.78409506778441e-13,7.27100640809141,0.0644555613038622,"YIF1A",2.66630171389195e-13
"OK",1.78409398773467e-13,7.27100648985746,0.0641447298080395,"TCIM",2.66630171389195e-13
"OK",1.83538527645203e-13,7.26717723650487,0.0644823341442261,"MAPRE1",2.74117528642608e-13
"OK",1.94908668404312e-13,7.25905035955149,0.0644045871054276,"AURKAIP1",2.90910345648172e-13
"OK",2.30889541050953e-13,7.23609759529531,0.0642042798811428,"LEPROT",3.44390293419912e-13
"OK",2.58837806842255e-13,7.22057670027697,0.0640671597660789,"SIVA1",3.8582748812797e-13
"OK",2.60748684865302e-13,7.21957646918533,0.064043288013093,"PRMT2",3.88424463935829e-13
"OK",2.66312948223826e-13,7.21670437900641,0.0640296998192556,"LAMTOR5",3.96456832423704e-13
"OK",2.69065235425397e-13,7.21530544715612,0.0640149139831363,"RNF7",4.00295372858327e-13
"OK",2.81328648589759e-13,7.20923827775965,0.0638665058422224,"PPM1B",4.18269772564374e-13
"OK",3.03847592856305e-13,7.19874445657154,0.0638720225733447,"CSNK2B",4.51458713772948e-13
"OK",3.19776581140743e-13,7.1917729651904,0.0637899116847712,"VAMP3",4.74819771996861e-13
"OK",3.46671391143701e-13,7.18074161852555,0.0637067877402937,"GNAI2",5.14422818172644e-13
"OK",3.64114811805037e-13,7.17402751914812,0.0636498963035308,"LRPAP1",5.39959054466838e-13
"OK",3.81067204902261e-13,7.16779836154958,0.0633377542281716,"IRF7",5.64734731589387e-13
"OK",3.9507327554377e-13,7.16285371443103,0.0635391409008816,"CTNNA1",5.85114954069004e-13
"OK",4.09113877913004e-13,7.15806664831352,0.063509819013275,"VPS28",6.05520090510057e-13
"OK",4.33427553233249e-13,7.15014622487457,0.0634351364086598,"METAP2",6.41094190813213e-13
"OK",4.53458924498798e-13,7.1439418422929,0.0633548044019023,"STAU1",6.70292620745013e-13
"OK",4.62187316009768e-13,7.14132208960551,0.0633502602442873,"EIF3J",6.8275650338069e-13
"OK",4.6844971696591e-13,7.13947223001154,0.0632313218753207,"PSMA5",6.91563909084929e-13
"OK",4.82167314146952e-13,7.13550356073404,0.0632471617629894,"DGCR6L",7.11358952261647e-13
"OK",4.8998529295269e-13,7.13329101092215,0.0632867214661249,"PSME1",7.22430300685049e-13
"OK",4.92908025948018e-13,7.13247274091152,0.0632452395509145,"NINJ1",7.26274589736586e-13
"OK",4.97895520461943e-13,7.13108733886943,0.0632520281641154,"ZCRB1",7.33154337355405e-13
"OK",5.66068310372716e-13,7.11340592853338,0.0630710323713548,"HNRNPDL",8.33006593474993e-13
"OK",5.70072372938959e-13,7.1124335028345,0.063061911988365,"SURF1",8.38363138491969e-13
"OK",5.90217739328323e-13,7.10764049876946,0.0630521022110251,"OSTC",8.67435516064536e-13
"OK",5.93292668411041e-13,7.10692306499971,0.0630207743972454,"GLRX3",8.71398606728717e-13
"OK",6.13695530345073e-13,7.1022531827896,0.0628508025117935,"ARPC5L",9.00790826249014e-13
"OK",6.35389356213845e-13,7.09745205301601,0.0629596639566825,"ZNF428",9.32039291312411e-13
"OK",6.51864524659531e-13,7.09391215395469,0.0626702730319112,"MRPL23",9.55597708651114e-13
"OK",6.98525170425472e-13,7.08434345602521,0.0628498275162488,"AHNAK",1.023348261762e-12
"OK",7.02297979327127e-13,7.0835973931836,0.0628252907378036,"CCT5",1.02822138994938e-12
"OK",7.71877132825904e-13,7.0705009065762,0.0627234611692453,"REEP5",1.12937295863917e-12
"OK",8.2139987210414e-13,7.06186718309526,0.0626066184555502,"TGM2",1.20106914632116e-12
"OK",9.31742165107555e-13,7.04433566363487,0.0624821730405207,"FOXO3",1.36154962325044e-12
"OK",9.50755902444866e-13,7.04152200287804,0.0624524007167847,"BLVRB",1.38845329317091e-12
"OK",9.54327295996831e-13,7.04099966999182,0.0624563670751934,"SNRPN",1.39278565442377e-12
"OK",9.84614004513211e-13,7.03664564703872,0.0624171271673707,"HNRNPD",1.43607729727291e-12
"OK",1.00147777519487e-12,7.03427790948732,0.0623552143702269,"TCF4",1.45974893435049e-12
"OK",1.02410696052867e-12,7.03116140765867,0.062360017804136,"TMEM59",1.49178895009331e-12
"OK",1.03625886496731e-12,7.02951560597115,0.062333399012074,"AZIN1",1.50853613528427e-12
"OK",1.08636771900948e-12,7.0229232726238,0.0622612913586901,"RER1",1.58048316922225e-12
"OK",1.10757415953983e-12,7.02022273359676,0.0622522927725841,"MRPL57",1.61031773321984e-12
"OK",1.2610016666233e-12,7.00207426015493,0.062036355190503,"NEDD9",1.83223144368041e-12
"OK",1.28528167383395e-12,6.99940253217406,0.0620834751183324,"SELENOT",1.86633272057981e-12
"OK",1.28662179955372e-12,6.9992565122667,0.0620666683426505,"ARMCX3",1.86710145203039e-12
"OK",1.29700012146755e-12,6.99813071638453,0.0620345279959356,"UBE2G1",1.88097687641043e-12
"OK",1.3778254747188e-12,6.98965394514007,0.0619684455427062,"PDCL3",1.99693648098012e-12
"OK",1.45575753721301e-12,6.98193033438175,0.0619140662398704,"FDPS",2.10855950201356e-12
"OK",1.47826368519604e-12,6.97977520792642,0.0619112439435758,"OCIAD1",2.1398122357049e-12
"OK",1.50453515450415e-12,6.97729985787385,0.0618855744246534,"TTC3",2.17647265127077e-12
"OK",1.51000214599147e-12,6.97679007806491,0.0618782315899843,"TALDO1",2.18301000767002e-12
"OK",1.53635019249656e-12,6.97435831268384,0.0618578121101973,"TMEM14B",2.21970796318669e-12
"OK",1.58338553137388e-12,6.97011717931534,0.0618267176382882,"PDLIM2",2.28623001802762e-12
"OK",1.66909878788107e-12,6.96269680819219,0.0617520025823476,"PITHD1",2.40848026847752e-12
"OK",1.73487363065434e-12,6.95725170305033,0.0617105201691875,"VAPA",2.50182465334812e-12
"OK",1.80582308946045e-12,6.95160063899842,0.0616516324672383,"COPS8",2.60250974657535e-12
"OK",1.81026870310398e-12,6.95125383468395,0.0616579221759801,"RBMX",2.6072850676976e-12
"OK",1.84006018281837e-12,6.94895111337165,0.0615966480079545,"RBM7",2.64853662564419e-12
"OK",1.92225269964179e-12,6.94278270804044,0.0615631073482645,"NNMT",2.76511428311996e-12
"OK",1.93898850656721e-12,6.94155845461267,0.0615723901467105,"TACC1",2.78744727254949e-12
"OK",2.12026394255361e-12,6.9289242459455,0.0614062573580737,"MRPS26",3.04614339345038e-12
"OK",2.12269914385398e-12,6.92876183415867,0.0612577316869993,"MSX1",3.04774072836392e-12
"OK",2.22316655142875e-12,6.92221576655465,0.0613899421976486,"UBE2I",3.19000159996288e-12
"OK",2.27340277202308e-12,6.91905056780026,0.0613397806742987,"TTC1",3.26005391280769e-12
"OK",2.4484688812213e-12,6.90853222068191,0.0612658159774544,"SAR1A",3.50891339978386e-12
"OK",2.64444190100513e-12,6.89759885726367,0.0611784061320176,"DEK",3.78740652861618e-12
"OK",2.66411438335147e-12,6.89654554623164,0.0611646310708129,"HP1BP3",3.81321033241667e-12
"OK",3.16133495755384e-12,6.87218316032912,0.0609507557960002,"GNG5",4.5220834827618e-12
"OK",3.32968194668641e-12,6.86478034747025,0.0608829987196562,"EIF1AX",4.75993638933508e-12
"OK",3.62467321775028e-12,6.85265165894116,0.0607639069322304,"H2AFV",5.17842581915564e-12
"OK",3.68369173430393e-12,6.8503416265204,0.0607482156687331,"EIF6",5.25948051091256e-12
"OK",3.8045481766104e-12,6.84572229094401,0.0607033369570994,"ECHS1",5.42867066340382e-12
"OK",4.01910133632027e-12,6.83786511185414,0.060608629671237,"NRBP1",5.73126339166908e-12
"OK",4.46976402317691e-12,6.82261938789109,0.0600822852947181,"ACTG1",6.36996692164382e-12
"OK",5.02920678593062e-12,6.8056641224979,0.060323999478894,"NR1H2",7.16280966481028e-12
"OK",5.40857408373834e-12,6.79518785772544,0.060166170442976,"BNIP3",7.69835977431977e-12
"OK",5.75195772845972e-12,6.78630833865086,0.060177120863642,"CCT2",8.1820621671666e-12
"OK",5.93629742153395e-12,6.78175347146974,0.0600494769968303,"PNMA1",8.43906972950166e-12
"OK",6.07275789235616e-12,6.77847003722989,0.0600985985961685,"RBPJ",8.62773684521668e-12
"OK",6.13136240528538e-12,6.77708205704121,0.0601004496223945,"SERP1",8.70562738555624e-12
"OK",6.14030763551239e-12,6.77687134348329,0.0599676123413236,"HSPB2",8.71295655242455e-12
"OK",6.2349443055566e-12,6.77466032201203,0.0600699555232278,"POLR2I",8.84179601951777e-12
"OK",6.45876740718102e-12,6.76955920209371,0.0600174580494438,"PUF60",9.15356390076178e-12
"OK",6.5798326943192e-12,6.76687172152138,0.0599911283751648,"HIKESHI",9.31940633149885e-12
"OK",6.68802502539962e-12,6.76451067210226,0.0596825941813301,"TMEM98",9.46682337645687e-12
"OK",7.05373262865733e-12,6.75679800337663,0.0599057836945804,"ETFB",9.97834535859818e-12
"OK",7.59152086872034e-12,6.74613972198949,0.0597906367233042,"HSPB11",1.07325184534456e-11
"OK",7.71722122174984e-12,6.74375527747838,0.0597996668230995,"CCT8",1.09035340329386e-11
"OK",8.00945280901768e-12,6.7383556794796,0.0597480782561447,"TRIR",1.13094848676687e-11
"OK",8.46962336493784e-12,6.73023226694866,0.0596725422418275,"IGBP1",1.19519256185367e-11
"OK",9.52859875288134e-12,6.71306973798086,0.0595151880150276,"TMED9",1.34380667041554e-11
"OK",1.05902042636338e-11,6.69764565265909,0.0593345401733017,"HTATSF1",1.49260957277531e-11
"OK",1.07134090067302e-11,6.69595464288129,0.0593709488206658,"SELENOF",1.50905082217123e-11
"OK",1.21806195196722e-11,6.67716273793713,0.0591950870477229,"NOP10",1.71466789448686e-11
"OK",1.27859812713424e-11,6.67004808531852,0.0591424815313441,"EIF1B",1.79878526987792e-11
"OK",1.54298881697837e-11,6.64240872909111,0.058887761386215,"GTF2A2",2.16941590079437e-11
"OK",1.66367738301285e-11,6.63130341258232,0.0581101200357185,"HLA-DRB5",2.33767480968797e-11
"OK",1.87721723822856e-11,6.6134584368262,0.0586308232068044,"HSD17B11",2.63611664612218e-11
"OK",1.90139523267789e-11,6.61156462168641,0.0586137360769611,"ILF2",2.66844193836513e-11
"OK",1.93051913057166e-11,6.60931444668751,0.0585909987136355,"NDUFB5",2.70766477326828e-11
"OK",2.12437150553311e-11,6.59513317497331,0.0584671038339792,"COX5A",2.9777404608903e-11
"OK",2.2048170030291e-11,6.58961673698779,0.0581878661765529,"ELN",3.08862138563018e-11
"OK",2.23696886049359e-11,6.58746686969849,0.0583870918611352,"TRAPPC3",3.13175640469103e-11
"OK",2.26307194082408e-11,6.58574358050035,0.0581696020374403,"TBX2-AS1",3.16637586860138e-11
"OK",2.58336687421133e-11,6.56605039159278,0.058135106516212,"VMP1",3.61232174335683e-11
"OK",2.64233447194972e-11,6.5626870362835,0.0581734839443587,"RTF2",3.69253415588605e-11
"OK",3.09797231868242e-11,6.53893257957787,0.0579610314103259,"NSA2",4.32501118184115e-11
"OK",3.09868365177503e-11,6.53889823821043,0.0579598537561902,"RBM39",4.32501118184115e-11
"OK",3.16018820527614e-11,6.53595773412831,0.0579400402509648,"ATP5PB",4.40818500106054e-11
"OK",3.44529640991318e-11,6.52301943927154,0.05780914804712,"RBM42",4.8029767748366e-11
"OK",3.86229416014668e-11,6.50586829406157,0.0573896586992973,"STX12",5.38104261997447e-11
"OK",3.91417682786587e-11,6.50386234603786,0.0576504170082155,"DCTN3",5.45002976697406e-11
"OK",4.0358026594907e-11,6.49926000849505,0.0576107376059446,"PSMB7",5.61598400290459e-11
"OK",4.07357748699619e-11,6.49785818031482,0.0575926378814111,"H1F0",5.66512617907743e-11
"OK",4.14325026222247e-11,6.49530563959864,0.0575388280356811,"PMPCB",5.75854276034903e-11
"OK",5.48887775035018e-11,6.45283404464467,0.0571814354404875,"CARHSP1",7.6241769958121e-11
"OK",5.532873747684e-11,6.45162451684014,0.0571813107444109,"NAA38",7.68065596197484e-11
"OK",5.94124328924579e-11,6.44082621664224,0.0570443169755418,"DDX18",8.24258029827292e-11
"OK",6.18652729963001e-11,6.43468390711585,0.0565077861886744,"FAM229B",8.57770762856587e-11
"OK",6.22843969632941e-11,6.43365822175923,0.0570238880641036,"NDFIP1",8.62741495180895e-11
"OK",6.22987019750685e-11,6.43362333353102,0.0570107554123843,"KLC1",8.62741495180895e-11
"OK",6.27074164405688e-11,6.43262982107543,0.0570116901782372,"ARHGDIA",8.67879687876382e-11
"OK",6.34062114952859e-11,6.43094574483058,0.0566138433812543,"CBX1",8.77024054496357e-11
"OK",6.35604226497991e-11,6.4305765443837,0.0569942746390335,"BAG1",8.78629371923693e-11
"OK",6.61349545004049e-11,6.42453881483747,0.0569237018922755,"JMJD6",9.1367006727314e-11
"OK",6.93429869310342e-11,6.41732902663922,0.0568764978629334,"POLR2E",9.57415461044195e-11
"OK",7.17083330529351e-11,6.41221894178366,0.0566386641644539,"SHARPIN",9.89480473462609e-11
"OK",7.31076877188625e-11,6.40927278763035,0.056721720310614,"INSR",1.00818565758407e-10
"OK",8.22092122027985e-11,6.39135846813339,0.0566341857946775,"NOP58",1.13302103951553e-10
"OK",8.24452586439601e-11,6.39092011200435,0.0566342584345739,"UBXN4",1.13559468096316e-10
"OK",8.33973185413957e-11,6.38916442480359,0.0566278484329074,"CLTA",1.14802166527695e-10
"OK",8.54710701115307e-11,6.38540705880626,0.056581402592101,"SRSF5",1.1758654388701e-10
"OK",8.9520532741033e-11,6.37832003893734,0.0565054946405919,"SNHG19",1.23084051882149e-10
"OK",8.98486458134596e-11,6.37775959656788,0.0565248884672814,"HNRNPU",1.23461474527683e-10
"OK",9.11004169475571e-11,6.37563968604223,0.0564972531128792,"C8orf59",1.2510689339906e-10
"OK",9.70897040915208e-11,6.36587509489814,0.0564133597684214,"SERPINB6",1.33252436545156e-10
"OK",9.93404170486195e-11,6.36235711733647,0.0563596274214385,"MRPS15",1.36260262336492e-10
"OK",9.9668884735716e-11,6.36185022820035,0.0563834390796743,"MTCH1",1.36629429491877e-10
"OK",1.01759939238075e-10,6.35866109074696,0.056352333498502,"EIF3A",1.39412932816947e-10
"OK",1.05152324074564e-10,6.3536209773498,0.0561191482252748,"SMIM4",1.43974912213865e-10
"OK",1.1257610840474e-10,6.34312389344523,0.0561962998674738,"AAMDC",1.54047996230609e-10
"OK",1.1268590024673e-10,6.34297377972247,0.0562079671802842,"UBE2D3",1.54106667617708e-10
"OK",1.17698589652402e-10,6.33626800945161,0.0561353900070056,"CFAP36",1.6086638099079e-10
"OK",1.35870699909395e-10,6.31409817448143,0.0559427830740263,"CFDP1",1.85593251418349e-10
"OK",1.38822609731743e-10,6.31077297850925,0.055915643186069,"HBP1",1.89513023243749e-10
"OK",1.44433969628205e-10,6.30463816452726,0.0558704740867214,"PHB2",1.97056535576869e-10
"OK",1.47576544981961e-10,6.30130334831438,0.0557244496977743,"AMZ2",2.01224856775285e-10
"OK",1.49833548125064e-10,6.29895079273791,0.055819419525975,"TMEM50A",2.04181456409481e-10
"OK",1.50448800484489e-10,6.29831549465572,0.0557939144387046,"FNTA",2.04898632475327e-10
"OK",1.57855961179252e-10,6.29086002476856,0.0557489534606239,"P4HB",2.14859502716205e-10
"OK",1.60452357220187e-10,6.28832733706712,0.0557194409148581,"MCRIP1",2.18264488291843e-10
"OK",1.67605204044554e-10,6.28155164383685,0.0554750685162644,"LAP3",2.27859967482059e-10
"OK",1.71502450217145e-10,6.27797778870656,0.0553520629874477,"SLC16A1",2.33020733244888e-10
"OK",1.73056292718229e-10,6.27657494731739,0.0555932404559421,"MRPL11",2.34993303142736e-10
"OK",1.82009737703842e-10,6.26872366216911,0.0555103319462269,"SCPEP1",2.47005554467854e-10
"OK",1.88492256943698e-10,6.26327104385704,0.0554907891019678,"CHMP4A",2.55652336714568e-10
"OK",2.01448978688008e-10,6.25290084450515,0.0553772309929503,"PCNA",2.73064742741896e-10
"OK",2.02192446502075e-10,6.25232572141968,0.0553067790920377,"RASL11A",2.73911296643693e-10
"OK",2.11399306282083e-10,6.24536979527327,0.055328337388646,"DCXR",2.86215521674096e-10
"OK",2.19059040739663e-10,6.23980451029127,0.0552352220603473,"GPR85",2.96411851247616e-10
"OK",2.2298447915465e-10,6.23702562515378,0.0552600430822534,"CCT6A",3.01546245151591e-10
"OK",2.24980799711264e-10,6.23563065957799,0.0552497134264524,"PHB",3.04067360173146e-10
"OK",2.26205093419629e-10,6.23478112621609,0.0552433262254751,"PCSK7",3.05542715627804e-10
"OK",2.37553109253107e-10,6.2271137389704,0.0551641757674398,"MRPL32",3.20682772924915e-10
"OK",2.5266136999876e-10,6.21744265536974,0.0550866344570827,"EMC4",3.40878227947946e-10
"OK",2.71818228268294e-10,6.20596104140946,0.0549548622341624,"CHCHD5",3.66509004509299e-10
"OK",3.1770921854396e-10,6.18138449449622,0.0547547956373815,"DNAJC19",4.2813594517656e-10
"OK",3.44838716649137e-10,6.16843831812804,0.0545283263911734,"SGCB",4.64423137101148e-10
"OK",3.48272781281272e-10,6.16687095394666,0.0546037136837959,"MARCH6",4.68773942309041e-10
"OK",3.59298070248633e-10,6.16193882540673,0.0543601386919161,"SRSF8",4.83331457816941e-10
"OK",3.64807679390331e-10,6.15952918104356,0.0545473702138955,"TMED4",4.9045655904024e-10
"OK",3.79669559059455e-10,6.15320215820432,0.0543519103894494,"EMC10",5.10139436705908e-10
"OK",3.8827843863501e-10,6.14964678869503,0.0542894203414416,"FIBP",5.21402474738442e-10
"OK",4.10058809030927e-10,6.14098416178629,0.0543964719296453,"GSTO1",5.50329508856775e-10
"OK",4.28348023617513e-10,6.1340499420775,0.0543195666565813,"MRPL21",5.74540185434555e-10
"OK",4.38080894283222e-10,6.13047664522248,0.0541766320599221,"MLF1",5.87252793675356e-10
"OK",4.58478936172851e-10,6.12323241777303,0.054174599691048,"CYBRD1",6.14239086681835e-10
"OK",4.88087571547553e-10,6.1132577449946,0.0541343960973368,"CORO1B",6.53526556554659e-10
"OK",4.98495577326099e-10,6.10989114968908,0.0541262654337894,"CYC1",6.67074558153402e-10
"OK",5.01168122119972e-10,6.10903774325585,0.0541077319893503,"MAGOH",6.70261431615735e-10
"OK",5.25606328496692e-10,6.10143366623788,0.053881750872249,"ATXN10",7.02537071693489e-10
"OK",5.30793047510208e-10,6.09986421028001,0.054008642065451,"GABARAP",7.0905822993968e-10
"OK",5.44523555720102e-10,6.09578057837636,0.0540011895991251,"JTB",7.26978405115012e-10
"OK",5.58866013434618e-10,6.09162078726365,0.0539595466896458,"TMEM109",7.45694338899145e-10
"OK",5.63285158981965e-10,6.09036004732746,0.0539436405458055,"AP2S1",7.51155599962632e-10
"OK",5.7897394223441e-10,6.08596077900886,0.0538980353201411,"EIF3F",7.71630201947828e-10
"OK",5.98460365909792e-10,6.08065568236761,0.0538676065831834,"UBE2D2",7.97139515725998e-10
"OK",6.14588552241814e-10,6.07639070866583,0.0537898855495326,"ETF1",8.18148806828265e-10
"OK",6.30800730742356e-10,6.07221210107905,0.0536171502755775,"SERPINB1",8.39245570710368e-10
"OK",6.5835645136396e-10,6.06534428059382,0.0533978421932227,"VSIR",8.75401216796305e-10
"OK",6.61802695567926e-10,6.06450514876164,0.0537228324028026,"RALY",8.79475826828005e-10
"OK",6.7019383643216e-10,6.06247965575951,0.0536688272407541,"CHCHD2",8.9011326718758e-10
"OK",6.70893143302665e-10,6.06231197133056,0.0536512837015797,"PEF1",8.90528477824806e-10
"OK",7.08411918036435e-10,6.05355645784145,0.0534594741854255,"ASPH",9.39788391266077e-10
"OK",7.36556805720638e-10,6.04728027980229,0.053568374114798,"DNAJB6",9.76563226007271e-10
"OK",7.82820343335497e-10,6.0374547261663,0.0534710492015284,"UQCRC1",1.03730451708956e-09
"OK",7.88064415134349e-10,6.03637690075051,0.0534695732865606,"HADHA",1.04365287409684e-09
"OK",8.12404344657436e-10,6.03146405456515,0.0532897883845929,"RPN2",1.07526850904947e-09
"OK",8.29166903812146e-10,6.02816336596481,0.0533775671352793,"EMD",1.09682445690946e-09
"OK",8.30029383883103e-10,6.02799530027389,0.053393873343438,"AP2M1",1.09733505802686e-09
"OK",8.63153454615703e-10,6.02166614593118,0.0533299877758553,"NDUFA6",1.1404718336087e-09
"OK",8.75578538809695e-10,6.01935290473093,0.0532630321109044,"LSM4",1.1562255589901e-09
"OK",8.87448797893551e-10,6.01717264249379,0.0532908250089278,"GLO1",1.17122898656094e-09
"OK",8.91683704183142e-10,6.01640167042417,0.0532487822263245,"PPIC",1.17614408403996e-09
"OK",8.93770757833759e-10,6.01602303014546,0.05328424951309,"RTN3",1.17822212666923e-09
"OK",9.1161638318785e-10,6.01282015271824,0.0532373960963269,"POLE4",1.20105980004669e-09
"OK",9.18831750732169e-10,6.01154247326123,0.053228936948404,"MEAF6",1.20987394050096e-09
"OK",9.44328254673385e-10,6.00710462345944,0.0531969228046004,"GNAI3",1.24273598315017e-09
"OK",9.7208577317671e-10,6.00240405013727,0.0530662867627324,"TMEM38B",1.2785342864797e-09
"OK",1.04603039646579e-09,5.99049284545383,0.0530333963673049,"INTS11",1.37500456795702e-09
"OK",1.10887621764281e-09,5.98099752574797,0.0529437844718994,"YTHDF2",1.45678375883137e-09
"OK",1.12692348154114e-09,5.97836759234975,0.0529277604787371,"NT5C",1.47964924628806e-09
"OK",1.19726539425696e-09,5.96849425286411,0.0528624869862534,"RAB1A",1.57111236636683e-09
"OK",1.21378886800046e-09,5.96625703395888,0.0527822893002686,"HIF1A",1.59188824772497e-09
"OK",1.21965597040532e-09,5.96546977986429,0.0528068471875394,"KPNB1",1.59867256678626e-09
"OK",1.27640066002157e-09,5.95804058300427,0.0525753233924459,"CCND1",1.67209938568241e-09
"OK",1.37869235553666e-09,5.9454261941448,0.0526381518577639,"FAM204A",1.80507589243942e-09
"OK",1.39642532613036e-09,5.94333253131672,0.0525844654728642,"OLA1",1.82725427618081e-09
"OK",1.48244441012321e-09,5.93353050478918,0.0525258034301495,"ECHDC2",1.93871066241554e-09
"OK",1.61403547907418e-09,5.91955845306365,0.0524163969958551,"DARS",2.10960482877857e-09
"OK",1.79182346833031e-09,5.9023477917431,0.0521905612096426,"HMGB1",2.34065198387107e-09
"OK",1.846000265087e-09,5.89743302256178,0.0519716460068746,"PPP2CB",2.41005590164136e-09
"OK",1.85019322312573e-09,5.89705852395092,0.0522120037661878,"BCAP29",2.41416146904168e-09
"OK",1.85378655308842e-09,5.89673823856507,0.0522033156586879,"CYTH2",2.41748042568665e-09
"OK",1.89981803066377e-09,5.89268791722477,0.0515881741855663,"NOP16",2.47610691829014e-09
"OK",2.0765070168001e-09,5.87798066861635,0.0520485472096914,"METTL26",2.70486179846755e-09
"OK",2.15606767594626e-09,5.87175198239682,0.051990023497158,"SELENOH",2.80691003827261e-09
"OK",2.18329150244143e-09,5.86967193913917,0.0519630094454011,"MRPL43",2.84074594922181e-09
"OK",2.18575567132333e-09,5.86948491121101,0.0519699702760526,"ANKRD10",2.84234630776828e-09
"OK",2.21501761141508e-09,5.86727951206875,0.0519581227773404,"RAB7A",2.87877288887637e-09
"OK",2.23234567494512e-09,5.8659868674423,0.0519455688407185,"PPIG",2.89965712882042e-09
"OK",2.37753252484716e-09,5.85552464245409,0.0518343113975539,"MAP4",3.08650361032864e-09
"OK",2.42453326006623e-09,5.8522706583808,0.051787266922054,"HINT2",3.1457465340465e-09
"OK",2.45002952241298e-09,5.85053107365852,0.0517988391865867,"PQBP1",3.17703715659746e-09
"OK",2.48618034503661e-09,5.84809449659087,0.0517736947399712,"HSD17B10",3.22210091987581e-09
"OK",2.50803687935073e-09,5.84663802645839,0.0517532382545592,"LARP7",3.24859895002516e-09
"OK",2.51085091465905e-09,5.84645140356173,0.0517717873874854,"CCT4",3.25041577091613e-09
"OK",2.56161291807136e-09,5.84311943342788,0.0517365147073225,"MAP1LC3A",3.31426660130245e-09
"OK",2.9058430661484e-09,5.82208820554051,0.0515376393139216,"BUD23",3.75752755830419e-09
"OK",3.18737378679446e-09,5.80661767156312,0.0513268571575886,"CAT",4.11926028674952e-09
"OK",3.23865752154871e-09,5.80394339837758,0.051377503695199,"RAB10",4.183190281619e-09
"OK",3.28158062369198e-09,5.80173657912557,0.051264804254101,"GSPT1",4.23625570423914e-09
"OK",3.34373370441869e-09,5.7985903403531,0.0513409650668789,"SMIM26",4.3140721127598e-09
"OK",3.40018072066666e-09,5.79578184825761,0.0512999618592187,"PRR13",4.38444356085964e-09
"OK",3.4511397048726e-09,5.79328508707102,0.0512955448548853,"EIF5B",4.44766353683357e-09
"OK",3.49067720033899e-09,5.79137250604443,0.0512748615218395,"FAM96B",4.49610156173418e-09
"OK",3.65396247700355e-09,5.78369071517519,0.0511692316510568,"YY1",4.70378735860211e-09
"OK",3.96042674368495e-09,5.77013397185542,0.0510657228061507,"BTF3L4",5.09545407302036e-09
"OK",4.02161688086817e-09,5.76754976666712,0.0510390243347505,"PSMD13",5.17129183508621e-09
"OK",4.21490102292986e-09,5.75963098881359,0.0508213467905639,"SEC13",5.4168063927497e-09
"OK",4.44233117819215e-09,5.75075340862043,0.0508554940977453,"PSMD6",5.70590557912801e-09
"OK",4.56041047369199e-09,5.74631706075922,0.0507879772319074,"MID1IP1",5.85430619894796e-09
"OK",5.04923230362565e-09,5.72906676549258,0.0507023161078723,"PELO",6.47820723969352e-09
"OK",5.15939790919224e-09,5.72540387762365,0.0504184124021255,"POLR3GL",6.61586491362457e-09
"OK",5.25093250431559e-09,5.72241781528993,0.0506429049089571,"GOLGA7",6.72949224120134e-09
"OK",5.66079294701804e-09,5.70963930125715,0.0505469503951355,"TBCB",7.25072644993467e-09
"OK",5.68196396297264e-09,5.7090039124392,0.0505416307025705,"VAMP2",7.27379822497275e-09
"OK",6.02467806178518e-09,5.69902640866624,0.0504366157461922,"SNAPC2",7.70824087571737e-09
"OK",6.04285859265873e-09,5.69851264366005,0.0504327217361236,"ACP1",7.72720896107332e-09
"OK",6.35227785039883e-09,5.68999168657148,0.0501504189808745,"GNG12",8.1183661983732e-09
"OK",6.50559194739687e-09,5.6859179737266,0.0503057485927407,"UFD1",8.30969398494453e-09
"OK",6.58752254535519e-09,5.68377907598073,0.0503016914358664,"NOSIP",8.40968094343293e-09
"OK",7.06030204639367e-09,5.67191985125569,0.0501924293710869,"GTF3A",9.00824133675602e-09
"OK",8.11628828559757e-09,5.64799937686405,0.0498782296409436,"HIBADH",1.03498404882233e-08
"OK",8.31465810403751e-09,5.64384565779598,0.0498325509366634,"QTRT1",1.05969328243489e-08
"OK",8.8855674829145e-09,5.6324073219292,0.0498452771336945,"ADRM1",1.13182864563894e-08
"OK",8.89928681364628e-09,5.63214132340832,0.0498340156751907,"DPM1",1.13294955952611e-08
"OK",9.22832732205145e-09,5.62587820090669,0.0497872659155359,"FAAP20",1.17418993495494e-08
"OK",9.24011206101523e-09,5.62565792817731,0.0497881785815194,"ALKBH5",1.17504020301039e-08
"OK",9.66624348254231e-09,5.61787088901039,0.049607931246107,"SNAI2",1.22855180685954e-08
"OK",9.98530160789763e-09,5.61225570808423,0.0496704550880764,"CAPN2",1.26840317721943e-08
"OK",1.00297683794091e-08,5.61148699372456,0.0496686085573143,"ERGIC3",1.27334931520282e-08
"OK",1.0325627032038e-08,5.60645507976145,0.0496135668863412,"PNN",1.31018837767403e-08
"OK",1.12800796440721e-08,5.59112615150016,0.0493962903635126,"SIGIRR",1.43050789759351e-08
"OK",1.15875817586469e-08,5.58645494648273,0.049435438951061,"ZC3H15",1.46869569566118e-08
"OK",1.43317244697816e-08,5.54941047033185,0.0490956739724781,"AAMP",1.81550943090797e-08
"OK",1.48873947737577e-08,5.54275584519066,0.0490436059163574,"PTP4A2",1.88486367036636e-08
"OK",1.62270390212845e-08,5.52765428581308,0.0489153180749664,"NDUFS7",2.05334455307793e-08
"OK",1.69122109166263e-08,5.52039200855328,0.0488442640310527,"ZNF706",2.1388699473361e-08
"OK",1.73278040897536e-08,5.51612486236047,0.048800360145499,"ARL2BP",2.1902268286884e-08
"OK",1.7885860805071e-08,5.51054850423515,0.0487638046469628,"SRSF11",2.25952481810633e-08
"OK",1.85593523278684e-08,5.50403915820183,0.0486760426030497,"CSNK1D",2.34332173306365e-08
"OK",1.9164275199356e-08,5.49838494092665,0.0484281306396885,"CCDC115",2.41837401556805e-08
"OK",1.98282130124994e-08,5.49237498324939,0.0485970537932695,"ZNHIT1",2.50078721619858e-08
"OK",2.03624434452908e-08,5.4876791675515,0.0485532726387398,"MZT2A",2.56676011245237e-08
"OK",2.1021695474251e-08,5.48204640479446,0.0482488451007769,"WBP4",2.64841163442014e-08
"OK",2.13033278254285e-08,5.47969213066229,0.0484802676805157,"PSME2",2.68242558676664e-08
"OK",2.13581440718915e-08,5.47923741085074,0.0484838156348095,"RTF1",2.68785824030416e-08
"OK",2.28713859541413e-08,5.46711173899377,0.0483732293100734,"DDT",2.87672320329805e-08
"OK",2.35317126081876e-08,5.4620625232289,0.0482946528819942,"PPCS",2.95816234370393e-08
"OK",2.45638362983217e-08,5.45443908342972,0.0482235665992905,"MYL6B",3.08622558619939e-08
"OK",2.47624127421662e-08,5.45300805301216,0.0479669607224441,"AC068888.1",3.10947854663079e-08
"OK",2.47981475799618e-08,5.4527517133249,0.0482472007871954,"DDX24",3.11226887611183e-08
"OK",2.6301996868301e-08,5.44227631645084,0.0481192688171824,"SUMO3",3.29921017362186e-08
"OK",2.8284411417153e-08,5.42932111013326,0.0480359886661998,"POLR1D",3.54594444712593e-08
"OK",2.86875730201562e-08,5.42679442512373,0.0480054850971953,"PSMA3",3.594531048173e-08
"OK",3.0028220117424e-08,5.4186330419223,0.0479416662983666,"PA2G4",3.7604671522799e-08
"OK",3.00995915869276e-08,5.41820851822003,0.04778839840427,"HSD17B12",3.76735649047252e-08
"OK",3.07180111604129e-08,5.41457041791185,0.0478994302087178,"SARS",3.84267135808967e-08
"OK",3.16411855401477e-08,5.40926941354851,0.0478460119846658,"TXN2",3.95600707377634e-08
"OK",3.16821968648589e-08,5.40903741143703,0.0478489755224208,"SPOP",3.95898531631959e-08
"OK",3.23969710922948e-08,5.40503997075483,0.0478101835539909,"BAD",4.0461076152687e-08
"OK",3.34872832573152e-08,5.39910393612996,0.0476773898370764,"CFLAR",4.18001156323018e-08
"OK",3.38776130022094e-08,5.3970242696464,0.0477483477645213,"UBE2B",4.22644326891053e-08
"OK",3.54281867328148e-08,5.3889858762752,0.047597458668141,"MOCS2",4.41749399272726e-08
"OK",3.68346960480643e-08,5.38198381033902,0.0475788828407647,"ATG101",4.59038446962619e-08
"OK",3.79745006197832e-08,5.37649691171603,0.0475472429245457,"MEA1",4.72986884409738e-08
"OK",3.94053172555764e-08,5.36983060421294,0.0474265291476869,"DDR2",4.90542949403203e-08
"OK",3.95326597101483e-08,5.36924871178314,0.0474927032554566,"SDF4",4.9186231935425e-08
"OK",4.15212736974145e-08,5.36038985251563,0.0474217600227483,"SEC11A",5.16325557911154e-08
"OK",4.19959267101933e-08,5.35833616331187,0.047285566199556,"TMEM126B",5.21946137148275e-08
"OK",4.21949815252806e-08,5.3574815909865,0.0473801669576077,"CCDC124",5.24137230057827e-08
"OK",4.66137477173502e-08,5.33945288008879,0.0472297633897791,"C1orf43",5.78714075434272e-08
"OK",5.02752977844172e-08,5.3257260230395,0.0470677225360083,"TXNDC17",6.23836265072806e-08
"OK",5.48215466250254e-08,5.30997031268958,0.0469646323292417,"NAA10",6.79881647159038e-08
"OK",5.61376899658213e-08,5.30564483252649,0.0469303844975481,"REX1BD",6.95829386390131e-08
"OK",5.89913184737783e-08,5.29659396814234,0.0467826370578403,"COPS3",7.30806920092046e-08
"OK",6.35311666033292e-08,5.28303322944583,0.0466950946328682,"MTIF3",7.86625143481006e-08
"OK",6.39684472577145e-08,5.2817769582894,0.0467057215917302,"TIMM13",7.91613831458982e-08
"OK",6.44500645740805e-08,5.28040289009607,0.0466982582741028,"MBNL1",7.97145535521522e-08
"OK",6.66462411919604e-08,5.27426047165123,0.0466120454569392,"ZMAT2",8.23866309528098e-08
"OK",6.79078716869471e-08,5.27081982480067,0.0463275088420838,"SERPINI1",8.39011955445488e-08
"OK",8.15684968270275e-08,5.2370799984067,0.0463115568710114,"HSBP1",1.00725066055037e-07
"OK",8.29930090893784e-08,5.23388247017195,0.0462713261952606,"MRPL42",1.024292068236e-07
"OK",8.88508308450679e-08,5.22126851168665,0.0460316896470627,"GOLIM4",1.09600141101334e-07
"OK",9.0700145022894e-08,5.21745294151139,0.0461300731547857,"AIP",1.11821431470945e-07
"OK",9.07798071668569e-08,5.21729027442695,0.0461365650623315,"POLR2F",1.11859762389123e-07
"OK",9.18820550729979e-08,5.2150535802865,0.0461158245657767,"APRT",1.13157418627334e-07
"OK",9.4332468959045e-08,5.21017269409785,0.0460618281749045,"UBE2E1",1.16113135228584e-07
"OK",9.45301402461308e-08,5.20978431911814,0.0460505449573274,"MKRN1",1.16294291125448e-07
"OK",9.90683063455481e-08,5.20107735115465,0.0459761766608766,"SEC63",1.21812231454243e-07
"OK",1.10755605674263e-07,5.18031525861838,0.0458097517589027,"RBM25",1.36110010601829e-07
"OK",1.12772312625952e-07,5.17694834858992,0.0457800396281109,"DUT",1.38514472521369e-07
"OK",1.15832378598401e-07,5.17194905167959,0.045718820915284,"POLR2G",1.42197211040575e-07
"OK",1.18275702833122e-07,5.16804812603535,0.0456865976629047,"LSM2",1.45119309336537e-07
"OK",1.32789774129284e-07,5.14636703868774,0.0451381691670256,"ANKRD37",1.62840708104228e-07
"OK",1.45407141228009e-07,5.12930471269671,0.0453428034508421,"HYI",1.7821854510277e-07
"OK",1.48897672823228e-07,5.12483694613466,0.045306440776547,"NDUFAB1",1.82399649208455e-07
"OK",1.51859848458181e-07,5.121124087237,0.0451587699918552,"KIAA1191",1.8592941573588e-07
"OK",1.52058787702992e-07,5.12087724453572,0.0452651229065359,"PER1",1.86074063804458e-07
"OK",1.52742766604696e-07,5.12003093992932,0.0451565974862228,"ZFAND2A",1.86811785178235e-07
"OK",1.64726176135864e-07,5.10576877074947,0.0451241091391526,"TRAPPC2L",2.01361137813639e-07
"OK",1.69430258822777e-07,5.10044238752631,0.0450855980303115,"LMAN2",2.07001531071011e-07
"OK",1.71443063822254e-07,5.09820679193684,0.0450104626726038,"ELAVL1",2.09349616109571e-07
"OK",2.06721584768254e-07,5.06266168219639,0.0447551439971037,"OAZ2",2.5229454675214e-07
"OK",2.08812264690621e-07,5.06074359137514,0.044643406249439,"TSSC4",2.54711147024629e-07
"OK",2.32897664245847e-07,5.03989171198857,0.0445330069086199,"BABAM1",2.83940349792581e-07
"OK",2.47771215459656e-07,5.02803074786992,0.0444307767452377,"PMVK",3.01913814393433e-07
"OK",2.51872377837929e-07,5.02488101467754,0.0444146994431337,"ARGLU1",3.06748855716949e-07
"OK",2.69726618064794e-07,5.01172120426231,0.0442852549245908,"FAM50A",3.28319451058784e-07
"OK",2.70138597709502e-07,5.0114275683092,0.0442935918835246,"SRSF6",3.28647221619114e-07
"OK",2.73216721710246e-07,5.00924722155197,0.0442570287054255,"RILPL2",3.32216531203113e-07
"OK",2.88689021849145e-07,4.99863424012986,0.0441825526616954,"NME3",3.50844758479462e-07
"OK",2.96674091262124e-07,4.99336971129498,0.0441231253196066,"RBM17",3.60358877730311e-07
"OK",3.10482772064269e-07,4.98457998538929,0.043986439969431,"PRAF2",3.76932959443337e-07
"OK",3.11081674541489e-07,4.98420734393269,0.0440268758536532,"BAX",3.77461062417834e-07
"OK",3.15794540128908e-07,4.98129886582657,0.0438771219023953,"SNRPA",3.82977791425421e-07
"OK",3.1945187530975e-07,4.97907047989054,0.0439995121056335,"SAFB2",3.87209299388607e-07
"OK",3.26384556420046e-07,4.97491311614364,0.0439558231894096,"CYB5A",3.95404331107504e-07
"OK",3.26749585954531e-07,4.97469658208735,0.043961014769383,"VDAC1",3.95638431363452e-07
"OK",3.36761911263456e-07,4.96884643396113,0.0439026893505668,"AUP1",4.07547389195869e-07
"OK",3.56381439485503e-07,4.95785346652355,0.0437969994398426,"AK6",4.31064314671803e-07
"OK",3.61221458825164e-07,4.95523131238755,0.0437854981064571,"RCN1",4.36689249172888e-07
"OK",3.67906318078922e-07,4.95166481313744,0.0437027652613579,"MOB4",4.44537382232822e-07
"OK",3.68472830896183e-07,4.95136544362849,0.0437507583168291,"PRKCSH",4.4498842661453e-07
"OK",3.85074440681157e-07,4.94278376799063,0.0436800472728221,"UBE2N",4.64793730025527e-07
"OK",4.00943127810504e-07,4.93490781496124,0.0435960875242588,"SPTAN1",4.83694092900781e-07
"OK",4.04208024833704e-07,4.93332468268425,0.0435829299214075,"CUEDC2",4.87377529419906e-07
"OK",4.08935354855097e-07,4.93105411549291,0.0435736759747491,"KDELR2",4.92819530209989e-07
"OK",4.13216113892929e-07,4.92901974513887,0.0435436552657758,"SMIM7",4.97717944715176e-07
"OK",4.14757344273135e-07,4.92829226347776,0.0435118181223104,"AL118516.1",4.99313206409321e-07
"OK",4.18994029041129e-07,4.9263058253418,0.0435170022933015,"ACTR2",5.04150077785643e-07
"OK",4.4413268220502e-07,4.91490276067968,0.0434246985100372,"EPC1",5.34118834004262e-07
"OK",4.49458319392109e-07,4.91256697049582,0.0431047244238722,"JOSD2",5.40241393298553e-07
"OK",4.61732986762651e-07,4.90728329967259,0.0433654711744744,"TAF7",5.5470582603776e-07
"OK",4.69101072710953e-07,4.90417626432173,0.043313085402346,"HEXB",5.63263696795268e-07
"OK",5.15699252681365e-07,4.88555129094926,0.0431467130258878,"DGUOK",6.18892849882848e-07
"OK",5.27559514683918e-07,4.88106976679453,0.0431214259021205,"HAX1",6.32796647040137e-07
"OK",5.40299653710792e-07,4.87636253443751,0.0430892913281058,"WASF2",6.47740813376343e-07
"OK",5.47554047490853e-07,4.87372968679562,0.0428512527017473,"RBM6",6.5609623900699e-07
"OK",5.50317468255243e-07,4.87273557489702,0.0430454740485589,"SUPT4H1",6.59064549865744e-07
"OK",5.64397259298581e-07,4.86774394465865,0.0430067484839211,"ATRX",6.75575305698873e-07
"OK",5.71094484452875e-07,4.86541152654524,0.0429742969878735,"ERP44",6.83236674127258e-07
"OK",5.87541119094226e-07,4.85979355421229,0.0429251117691744,"HMG20B",7.02547869820355e-07
"OK",6.07048154513799e-07,4.85332312006572,0.0428748698727578,"PPP1R2",7.25496574906735e-07
"OK",6.07416059437412e-07,4.85320301898618,0.0427539419911745,"METTL15",7.25559743197282e-07
"OK",6.12243102925218e-07,4.85163369994233,0.0428412289556386,"SEPHS2",7.30946535011289e-07
"OK",6.51297707621561e-07,4.83935751197402,0.0427520548982854,"RAB11B",7.77170269768111e-07
"OK",6.55380050925393e-07,4.83811543739043,0.0427421572559538,"C1QBP",7.81636591031165e-07
"OK",6.64242302075352e-07,4.83544446584457,0.0427004463623532,"GDI1",7.9179607747388e-07
"OK",6.96304568722306e-07,4.8260595075248,0.0425746843279083,"WASHC3",8.29585836403244e-07
"OK",7.08844887795488e-07,4.82250147992368,0.0425904709037868,"NSMCE1",8.44089853460707e-07
"OK",7.18205840581849e-07,4.81988476347962,0.0424468489434547,"SRM",8.5479485832558e-07
"OK",8.04068182550021e-07,4.79730624763541,0.0423595399151361,"NDUFAF8",9.56492264675981e-07
"OK",8.07681530976263e-07,4.79640773936915,0.042282759835397,"PHLDA3",9.60294561609877e-07
"OK",8.19838201044375e-07,4.79341293079679,0.0421958206732092,"PPP4C",9.7424529257234e-07
"OK",8.3443172739643e-07,4.78987367206418,0.0423118079956721,"ATP6V1F",9.91075950589983e-07
"OK",8.38856464630789e-07,4.78881232277427,0.0423032698621353,"PPP1CC",9.95817751569437e-07
"OK",9.87486037494073e-07,4.75596855971023,0.0418121178915832,"ESF1",1.17165396411584e-06
"OK",1.03020015683702e-06,4.74740802687702,0.0418952194573501,"CCDC59",1.22170492337572e-06
"OK",1.06714053907353e-06,4.74027522310019,0.0418089380049368,"RRBP1",1.26486086540728e-06
"OK",1.07243711051166e-06,4.73927200418844,0.0417804850594363,"LUZP1",1.27048491024092e-06
"OK",1.25723755940334e-06,4.70695246439845,0.0415721354390501,"ENSA",1.4886468376894e-06
"OK",1.27329339339546e-06,4.70436389904176,0.0415403025790263,"IDH3B",1.50688318858671e-06
"OK",1.34273854800864e-06,4.6935169643233,0.0414438190758952,"DEGS1",1.58825211919049e-06
"OK",1.3563700432678e-06,4.69145117878121,0.041414278061014,"CENPX",1.60355246901732e-06
"OK",1.36005088007441e-06,4.69089678248734,0.0414278843611528,"RNPS1",1.60707910559844e-06
"OK",1.5685028133044e-06,4.66163934463778,0.0411678871331568,"ACADVL",1.85244204053336e-06
"OK",1.62784014812704e-06,4.6539928925858,0.0409684521107946,"DDOST",1.92153555158204e-06
"OK",1.7873970305999e-06,4.63468616076993,0.0409067491169159,"BCAS2",2.10879885321289e-06
"OK",1.79735676257425e-06,4.63353649540935,0.0409130706619627,"GSTK1",2.11946370927214e-06
"OK",1.80768046777228e-06,4.63235124513252,0.0406699216902605,"SPG21",2.13054663115638e-06
"OK",1.81855367974513e-06,4.63110990336468,0.0408824206876621,"LUC7L3",2.14226553680462e-06
"OK",1.82064734049784e-06,4.63087169752015,0.0408873955132815,"MYDGF",2.14363539118943e-06
"OK",1.87984439559295e-06,4.62424301585019,0.0408283714907771,"PSIP1",2.21220319011271e-06
"OK",1.92080990530621e-06,4.61977198867092,0.0407859968180366,"TFG",2.2592570030236e-06
"OK",1.93614465244127e-06,4.61812181223893,0.0407740840001787,"CAST",2.27613125807669e-06
"OK",2.27739609234774e-06,4.58431405142447,0.0404321813705073,"RNF167",2.6759404085086e-06
"OK",2.29832091251527e-06,4.58240243849395,0.0403520352817126,"WDR74",2.69914995488153e-06
"OK",2.33503863761493e-06,4.57908798817283,0.040176910798359,"PIK3R1",2.74087358941243e-06
"OK",2.36355814962335e-06,4.57654784730589,0.0403931722025006,"LSM14A",2.77293653519235e-06
"OK",2.55267528995241e-06,4.56041137624153,0.0402037132342213,"ASXL1",2.99328472136477e-06
"OK",2.58127087255279e-06,4.55807168870467,0.0402242478632433,"MRPL41",3.02527573510895e-06
"OK",2.64172347911517e-06,4.55320608394356,0.0400062440418646,"RTL8A",3.09455196968578e-06
"OK",2.7186331469163e-06,4.54716773820091,0.040093192546254,"CIR1",3.18302599763509e-06
"OK",2.81028382408551e-06,4.54018205239189,0.0399557284659769,"HNRNPH2",3.28866038966918e-06
"OK",2.83217537936168e-06,4.5385457499949,0.0400438809836236,"MED4",3.31259517454035e-06
"OK",2.88177976180299e-06,4.53488238008198,0.0400268523820185,"ZNF207",3.36890293981334e-06
"OK",2.8980855348424e-06,4.53369134266177,0.0400226618083891,"SRRM2",3.38624606125929e-06
"OK",2.9338049096035e-06,4.53110451760513,0.0399906423605689,"SSU72",3.42624376613432e-06
"OK",3.04213739316694e-06,4.5234393914398,0.0399266637008652,"BBX",3.55095915684919e-06
"OK",3.35785678663735e-06,4.50250512236435,0.039728028899344,"KXD1",3.91749958441025e-06
"OK",3.39315489709731e-06,4.50028285642233,0.0396251647963532,"FAM107B",3.95667631798233e-06
"OK",3.88123408574578e-06,4.4716326627816,0.0392530257189964,"ZSCAN16-AS1",4.52352332969258e-06
"OK",4.12811316322682e-06,4.45842970565105,0.0393497039963256,"NUCB1",4.80882378093645e-06
"OK",4.17348369890423e-06,4.45608570375757,0.0393222489242439,"EI24",4.85921787592338e-06
"OK",4.43898869890397e-06,4.44283857449849,0.0391951923747037,"TCEA2",5.16573571176142e-06
"OK",4.60317796234341e-06,4.43502042645861,0.0390559818818836,"DAP3",5.35139770180559e-06
"OK",4.60123113068427e-06,4.43511155688013,0.0391211585675621,"GNL1",5.35139770180559e-06
"OK",4.84601443046868e-06,4.42393255519246,0.0390182528241405,"SNF8",5.63086338716921e-06
"OK",4.99825563688369e-06,4.41724886193701,0.0389190431036585,"AHCY",5.80483244162538e-06
"OK",5.0718959371217e-06,4.41408538798842,0.0389391747647294,"DYNC1H1",5.88738726975366e-06
"OK",5.12447740031374e-06,4.41185330102751,0.0388736795328725,"OXA1L",5.94542642464612e-06
"OK",5.328961283583e-06,4.40337597262102,0.0385503662729381,"ANAPC15",6.17955580870677e-06
"OK",5.92164596081664e-06,4.38045284821438,0.0386402598928795,"ABHD14B",6.86338734160076e-06
"OK",6.11701945817144e-06,4.37337485374395,0.038588778355607,"GNB2",7.08626549907889e-06
"OK",6.21470585743393e-06,4.36991639163032,0.0385252561926069,"TIMMDC1",7.19581075398208e-06
"OK",6.36403267307363e-06,4.36472865234645,0.0384903243751377,"PAXX",7.36500866637617e-06
"OK",6.55696870765567e-06,4.3581952373513,0.038451819100321,"SF3B2",7.58447962517881e-06
"OK",6.59834216451047e-06,4.35681811192801,0.0383867942631031,"WDR45",7.62850502252391e-06
"OK",6.98025048319758e-06,4.34448149623916,0.0383108511683013,"CLDND1",8.065989394282e-06
"OK",7.08008845503566e-06,4.34136267399316,0.0382936419604395,"NOL7",8.1740641976361e-06
"OK",7.08087628062701e-06,4.34133823043812,0.038299067751205,"TERF2IP",8.1740641976361e-06
"OK",7.17540399789295e-06,4.33842402020464,0.0382692989306053,"RSF1",8.27903577512398e-06
"OK",8.80191588876868e-06,4.29329819893651,0.037855621771455,"VPS26A",1.01506320940582e-05
"OK",9.05169075094539e-06,4.28708404328933,0.0377585465122563,"PSMD12",1.04334553550687e-05
"OK",9.11341033902363e-06,4.28557370254953,0.0378019381650959,"TUFM",1.04993416762238e-05
"OK",9.70574852754826e-06,4.2715546173007,0.0376711572773077,"TOMM22",1.11761694294718e-05
"OK",9.93278997273253e-06,4.26639626546209,0.0376224917596263,"SRSF1",1.14318917077476e-05
"OK",9.95094178665512e-06,4.26598871986392,0.037597232377984,"BRI3",1.14470624049284e-05
"OK",1.09073503247817e-05,4.24545837346185,0.037424193343043,"TPRKB",1.2541002395393e-05
"OK",1.1359015371272e-05,4.23635223226929,0.0373569378970575,"HSP90B1",1.30537986028141e-05
"OK",1.15532900000122e-05,4.2325409735208,0.0373069664054614,"LSM8",1.32704373416599e-05
"OK",1.16321779913413e-05,4.23101074237962,0.0371586860962703,"MGLL",1.33543897876665e-05
"OK",1.20790547340666e-05,4.22252453222539,0.037200209792601,"GLS",1.38605197073021e-05
"OK",1.22199167517287e-05,4.21991141306229,0.0372152653823427,"MTDH",1.40151734458323e-05
"OK",1.2534602126387e-05,4.21417573174001,0.0370609672883789,"DDX39A",1.43689341448827e-05
"OK",1.30587004773492e-05,4.20492044241948,0.0367124439651674,"MRPL40",1.4962282188724e-05
"OK",1.36377896203682e-05,4.19509620590548,0.0369893624044215,"BUD31",1.56180156617145e-05
"OK",1.43894201257444e-05,4.18292022151538,0.0367450759747452,"HEY1",1.64705937125196e-05
"OK",1.45087407200456e-05,4.18104312747506,0.0366929085716773,"PSENEN",1.65989219464803e-05
"OK",1.45910251267658e-05,4.17975719872133,0.0368502518785688,"SRSF4",1.6684772029266e-05
"OK",1.51295463724537e-05,4.171507626546,0.0367583143012177,"WBP2",1.72919827770525e-05
"OK",1.60439208070784e-05,4.15811931991271,0.0366432378887965,"FAM200B",1.83279511997528e-05
"OK",1.63092484706439e-05,4.15437002105209,0.036614889691735,"DCTN6",1.86218141933033e-05
"OK",1.64986225797016e-05,4.15172928302975,0.036480223346804,"B4GALT1",1.88287055505713e-05
"OK",1.68284124733585e-05,4.14719849827668,0.0365560988702706,"CACYBP",1.91908915306661e-05
"OK",1.68326534485218e-05,4.14714078515818,0.0365609583872332,"TCF25",1.91908915306661e-05
"OK",1.71066064993186e-05,4.14344166438816,0.036495803009252,"CWC15",1.94935748480607e-05
"OK",1.71682665416978e-05,4.14261684486046,0.0364176859441726,"SDF2L1",1.95541631283532e-05
"OK",1.84785213792536e-05,4.12572390254063,0.0363666701898353,"TPR",2.10361021929911e-05
"OK",1.9512768245484e-05,4.11317438059683,0.0361742939838143,"IDS",2.22025223662794e-05
"OK",1.9721016885258e-05,4.11072405739582,0.0361984225193831,"HNRNPA2B1",2.24283959934563e-05
"OK",2.0922741410965e-05,4.09704652326449,0.0361045400923298,"DPY30",2.3783353143856e-05
"OK",2.12487287290631e-05,4.09346482329665,0.0360792032642617,"SRSF9",2.41419942096855e-05
"OK",2.3504617926387e-05,4.07001933631711,0.0358512833187194,"YIPF3",2.66918812053596e-05
"OK",2.40999277210425e-05,4.06418853115904,0.0358151444312481,"GSTM3",2.73544275710009e-05
"OK",2.44805874219381e-05,4.0605312897169,0.0357888223319566,"PPA1",2.77728043510952e-05
"OK",2.48480415286328e-05,4.05705170549327,0.0357359554511488,"UPF3A",2.81757949977555e-05
"OK",2.80485416084098e-05,4.02865410606118,0.0354960697475874,"CREG1",3.17818335110107e-05
"OK",2.80557826868801e-05,4.02859341125667,0.0354965785074537,"TKT",3.17818335110107e-05
"OK",2.86975860438447e-05,4.0232718919451,0.0354280538011606,"RABGGTB",3.24928911794368e-05
"OK",2.92354590709388e-05,4.01889822865613,0.0352049570459285,"RAI2",3.30856325505514e-05
"OK",2.94911250425947e-05,4.01684596132359,0.0353826299668495,"BOD1",3.33585761164516e-05
"OK",2.96204167866215e-05,4.0158145242504,0.0353777027017332,"MPG",3.34883749924346e-05
"OK",2.98339711750375e-05,4.01412017436041,0.0353453710581309,"HM13",3.37132657586415e-05
"OK",3.02376391532092e-05,4.01094859260629,0.0353356905587801,"C9orf78",3.41526645266507e-05
"OK",3.39941463262111e-05,3.98321815115848,0.0350946224509099,"RAB5C",3.83767249947374e-05
"OK",3.50997711434506e-05,3.97560845535009,0.0349670901782509,"ZNF667-AS1",3.96054742495672e-05
"OK",3.56269852427881e-05,3.97205931713962,0.0349870565865813,"CNPY2",4.01806792429681e-05
"OK",3.56611502085619e-05,3.97183104050565,0.0349731412668805,"CDK5RAP3",4.01995246844434e-05
"OK",3.74574308133543e-05,3.96011122925465,0.0348428149378308,"FMC1",4.22037491013479e-05
"OK",3.76864098538666e-05,3.95865563283102,0.0348575077327806,"STX8",4.24409789210048e-05
"OK",3.94935074895382e-05,3.94745300873556,0.0347681559430886,"SCAF11",4.44543244127109e-05
"OK",4.25064218028417e-05,3.92981047177073,0.0345759675118369,"CRBN",4.78223201817022e-05
"OK",4.61496440839555e-05,3.90999171147391,0.0344402602543715,"PSMD8",5.18958155885496e-05
"OK",4.87589037934609e-05,3.89668627850409,0.0343155239228898,"PDCD6",5.48031993344755e-05
"OK",4.9390462023175e-05,3.89356694909905,0.0340721215592134,"NUBP2",5.5485967824084e-05
"OK",5.01355112189511e-05,3.8899351304447,0.0340246300673778,"TMEM106C",5.62955057714502e-05
"OK",5.17468199675115e-05,3.88225177418993,0.0341878627247702,"TMEM147",5.80764748465784e-05
"OK",5.30740924848981e-05,3.87609057377421,0.0340864451307103,"SUGT1",5.95370847504726e-05
"OK",5.55120263447446e-05,3.86514317542829,0.0340344776840088,"VPS51",6.22415757896528e-05
"OK",5.84877753235353e-05,3.85237948769794,0.03391916252555,"COPS2",6.55461540487113e-05
"OK",5.94248441331114e-05,3.84848682389589,0.0336955345890569,"FRG1",6.65639183066905e-05
"OK",6.01643638422542e-05,3.84545544655812,0.0338639947564358,"SF1",6.73595186819209e-05
"OK",6.2894051835522e-05,3.83456226962774,0.0337608994694128,"FUNDC2",7.03814389587984e-05
"OK",6.31769770865594e-05,3.83345883415669,0.0337173857212201,"EXOSC8",7.06637096796242e-05
"OK",6.56914866870063e-05,3.82385167041976,0.0336370096126178,"TIMM8B",7.34405309903765e-05
"OK",6.8274246036259e-05,3.81433796928254,0.0335825250629589,"NDUFA2",7.62909212137334e-05
"OK",6.86255766334578e-05,3.81307011746525,0.0335156181669327,"MCTS1",7.66463157065244e-05
"OK",7.12320141249757e-05,3.80385076106167,0.0334835659291697,"HSF1",7.95188213910902e-05
"OK",7.21605991268805e-05,3.80064283549683,0.0334447371636835,"NFU1",8.05164049366307e-05
"OK",7.61356922228628e-05,3.78733557692088,0.0333276686824759,"EMC7",8.49106533604131e-05
"OK",7.84579768306621e-05,3.77986096912825,0.0330833344931169,"SMIM37",8.74582384516044e-05
"OK",8.03994702775797e-05,3.77377011655235,0.0331945777908691,"ILF3",8.95790904931137e-05
"OK",8.59162920792264e-05,3.75718919474056,0.0329564326981944,"AKR7A2",9.56795070882294e-05
"OK",8.61081890928973e-05,3.75663065374757,0.0330676171672679,"PAPOLA",9.58468629680728e-05
"OK",9.14198133530589e-05,3.74161754002063,0.0327498949229875,"PDCD4",0.000101710062875408
"OK",9.23085638062083e-05,3.7391859536307,0.0329048942453468,"SF3B1",0.000102649262407387
"OK",0.000100251425337329,3.71838207808462,0.0325269898187751,"ELF1",0.00011142810451345
"OK",0.000104674742005674,3.70745877367491,0.0321998551754735,"HIGD1B",0.000116288437452517
"OK",0.000110823520111846,3.69297360035068,0.0324925566603779,"RPS19BP1",0.000123060061146374
"OK",0.000115162081860682,3.68320016117543,0.0323810512806772,"SMIM19",0.000127816035915735
"OK",0.000115871342958287,3.68163537260003,0.0323838554055269,"SPSB3",0.000128541282674824
"OK",0.000117260134627462,3.67859724767363,0.0323573737297256,"AKR1A1",0.000130019301900359
"OK",0.000125426141015357,3.66138824337964,0.0322093348097654,"TMEM165",0.000139006931067549
"OK",0.000138258366919324,3.63636100973767,0.0319886572666576,"POLR2J",0.000153154891301204
"OK",0.000140242536657946,3.63268708875778,0.0319535841515341,"GPBP1",0.000155278154770793
"OK",0.000149057219163017,3.6169329921195,0.0317055640439753,"THRAP3",0.000164958565945425
"OK",0.000154241452387912,3.60807030640025,0.0317324293625468,"WDR13",0.000170613864000653
"OK",0.000164637883538263,3.59110750751378,0.0315407125808321,"MRPL27",0.00018202642620673
"OK",0.000172171498508184,3.57943111654507,0.0314741635107117,"MPC1",0.000190264376710339
"OK",0.000178062824532838,3.570628531403,0.0313835235122282,"CCDC12",0.000196680424412051
"OK",0.000178371307550827,3.57017514960136,0.0313904501007876,"ITGB1BP1",0.000196926712027591
"OK",0.000186941059499517,3.55786447476719,0.0312630813704275,"BUB3",0.000206289056074455
"OK",0.000190645831908524,3.55270509115857,0.0312133825143198,"NKTR",0.000210276509044699
"OK",0.00020380011598129,3.53511337657198,0.0310694727962047,"TMBIM1",0.00022467767692911
"OK",0.000215031790462134,3.52091306939844,0.0307610399749825,"IFT57",0.000236946513604926
"OK",0.000224208914164383,3.50981543772202,0.0308550587539823,"LUC7L2",0.000246940760076793
"OK",0.000230275589134162,3.50270965661751,0.0307866030697298,"FXR1",0.000253501281919682
"OK",0.000256407679939638,3.47397157327385,0.0305361490566932,"ALKBH7",0.000282134203010505
"OK",0.000270543268003122,3.45954615474909,0.0304101569136284,"N4BP2L2",0.000297545915096079
"OK",0.000272225504741221,3.45787644766394,0.030387362214932,"SELENOS",0.00029925314435276
"OK",0.000273871099621456,3.45625238441532,0.030369293949462,"CPNE1",0.000300918483982926
"OK",0.000286443290312759,3.44413641289067,0.0302698074202675,"UFC1",0.000314582211535662
"OK",0.000313769335280723,3.41942396804868,0.029987387318041,"HMGCS1",0.000344428398070308
"OK",0.00031405240210026,3.41917862022833,0.0300111906361834,"STIP1",0.000344574884248165
"OK",0.000332658783683881,3.4034862713387,0.0298945691200499,"C12orf10",0.000364815799439989
"OK",0.000365354263772951,3.37779002634061,0.0296675053261661,"DHPS",0.00040048113730086
"OK",0.000365545831538762,3.37764586773452,0.0296494363194608,"MRPL22",0.000400500499540327
"OK",0.000394290724963512,3.35677188544749,0.0294712722178897,"NDUFAF2",0.000431788654108877
"OK",0.000465882249260859,3.31035879820187,0.0290706981673291,"GLUD1",0.000509946207247034
"OK",0.000472925042867674,3.30615719429543,0.0287858711481626,"MIEN1",0.000517409203669478
"OK",0.000480592640013469,3.30164824241535,0.028980623460543,"GPAA1",0.000525548361800104
"OK",0.000494615945174917,3.29357146953717,0.0284220647781509,"G0S2",0.000540626730772584
"OK",0.000530636623633629,3.27375835521308,0.0286973330203565,"AK3",0.000579723028571275
"OK",0.000581745687582546,3.24768221758264,0.0284887059848421,"PPP1R7",0.000635258567331723
"OK",0.000596478737172382,3.24055860501979,0.0284427039680823,"PSMG2",0.000651038166686254
"OK",0.000612402557159194,3.23303976767067,0.0283026735418605,"PTS",0.000668101889690964
"OK",0.000623896007687582,3.22772423389203,0.0282872914929494,"TIMM9",0.000680318421261601
"OK",0.000629209556553614,3.22529730466589,0.0283124030363374,"UXT",0.000685787794009925
"OK",0.000650055451222564,3.21595527946363,0.028192821390563,"COPRS",0.000708172991563654
"OK",0.000694006757940999,3.19713208641647,0.0280544030161639,"RPL22L1",0.000755696247535755
"OK",0.000718853622678355,3.18697193518398,0.0279684640726193,"PRRC2C",0.000782381801998229
"OK",0.000728015525808286,3.18330707971285,0.0279384138174862,"IMPDH2",0.000791979100584073
"OK",0.000833227492479417,3.14401745641155,0.027580866112857,"PTBP1",0.000905618322802549
"OK",0.000833263233182198,3.14400490445468,0.0274233112348193,"ANAPC5",0.000905618322802549
"OK",0.000851421180739426,3.13769109035106,0.0274083046473383,"TOPORS",0.000924916499642876
"OK",0.00097116910463491,3.09891029392737,0.0270365906305486,"RNF13",0.00105450374727685
"OK",0.000994108739333129,3.09198671362388,0.0270996629387262,"COPS5",0.00107890312284835
"OK",0.00112390603472414,3.05537242786065,0.0267887088421551,"IAH1",0.00121919717285431
"OK",0.00115586634575954,3.04695375936121,0.0266332404912315,"UBE2E2",0.0012532769276291
"OK",0.00119445338776507,3.03706911025877,0.0266172594741301,"CSKMT",0.00129450642448139
"OK",0.00123170974779145,3.02779891358075,0.0265291118811061,"ETFA",0.00133425566752762
"OK",0.00123297448744952,3.0274887442505,0.0264528407700261,"THAP9-AS1",0.00133499776426715
"OK",0.00124553258257298,3.02442464845887,0.0264559963203391,"GBP2",0.001347961248903
"OK",0.00129836189149375,3.01183654751915,0.0263865076202391,"CCNL2",0.00140447507567407
"OK",0.00131359907502154,3.00829287880396,0.026347035364371,"MGMT",0.00142029045529324
"OK",0.00132411974136733,3.00586798147098,0.0263419265914452,"NDUFA10",0.00143099378900468
"OK",0.0013839030001607,2.99241404107418,0.0261939462146347,"SEC11C",0.00149490084867265
"OK",0.00148541790144169,2.97073958200785,0.0259706991261653,"DDRGK1",0.00160380563854675
"OK",0.00166333371752299,2.9358205150249,0.0256667863925175,"USP16",0.00179505977106628
"OK",0.00200796638489559,2.87690751598644,0.0251914319102291,"NBDY",0.00216597029714967
"OK",0.00209230169256315,2.86389981671991,0.0250452241878583,"CHMP2B",0.00225588520504351
"OK",0.00216765870151911,2.85267324450495,0.0249359964022716,"IVNS1ABP",0.00233604023846444
"OK",0.0022165244482385,2.84558095908287,0.0248571579678377,"SUN1",0.0023875845670221
"OK",0.00229760689502236,2.83411954821586,0.0248050983936178,"TROVE2",0.00247376749847429
"OK",0.00231178214244652,2.83215352908934,0.024609535928773,"C1orf35",0.00248786648320296
"OK",0.00246433655699967,2.81165895514385,0.0245406754790759,"PLA2G16",0.00265080200409633
"OK",0.00248357156661842,2.80915690648489,0.0244950600415987,"NR3C1",0.00267024524646229
"OK",0.00250133790465755,2.80686141949321,0.0245659202437439,"DAZAP2",0.0026880920179311
"OK",0.00251622538020943,2.80494921869438,0.0245281896457937,"XRN2",0.00270282978107384
"OK",0.00270784275737384,2.78120902392427,0.024197396292423,"SNX6",0.00290730157120371
"OK",0.00273384894490298,2.77810480748324,0.0242831657002078,"MAX",0.00293385560117035
"OK",0.00281959766392978,2.76805491231973,0.0242104460288789,"FGFR1OP2",0.00302446829065221
"OK",0.00293536366687098,2.75491562240067,0.0240629206622349,"RPAIN",0.00314717994637051
"OK",0.00300297155184067,2.74745674180595,0.0240171513554763,"SLC25A37",0.00321816821027877
"OK",0.00305149797659867,2.74219574893645,0.0239868087854185,"TECR",0.00326865108842174
"OK",0.00305763774568225,2.74153548538281,0.0239752662862528,"NDUFS2",0.00327370512706007
"OK",0.003103780331866,2.73661122342652,0.0237723856832009,"SNHG25",0.00332156417485474
"OK",0.00327158084769284,2.7192425075814,0.0237847640426078,"SRRM1",0.00349951262992876
"OK",0.00365018944307575,2.68282221152724,0.0234337885821608,"MXI1",0.0039026862987017
"OK",0.00377344014245817,2.67169680717538,0.0232035953780386,"PHYH",0.00403259055595414
"OK",0.0037996397994937,2.66937392723409,0.0231697454848556,"LYRM1",0.00405870614945918
"OK",0.00403543035989925,2.64909095503488,0.0231490692120656,"SNRPD3",0.00430857492760685
"OK",0.00446698118781735,2.61457087089778,0.022837150475161,"TMEM205",0.00476712589228144
"OK",0.00450853023295358,2.61140663855915,0.0228000327963975,"UFM1",0.0048092381317703
"OK",0.00468163979889262,2.59849724648855,0.022627726740957,"PIGP",0.00499158169298597
"OK",0.00475878652457284,2.59288087562772,0.0226286138256435,"PRPF31",0.00507148790656698
"OK",0.00477581062807809,2.5916524463927,0.0226160995786822,"PCMTD1",0.00508727653860492
"OK",0.00492509103487473,2.58104472105433,0.022477568954909,"TIMM10",0.00524386715363685
"OK",0.00496710104537185,2.57811120887684,0.0224525614176007,"DYNLL2",0.00528615236020858
"OK",0.00501155876397749,2.57503074983819,0.0223854742681299,"TERF1",0.00533100223253587
"OK",0.00525111839243047,2.55883899936756,0.0222134896662088,"NOB1",0.00558325284292122
"OK",0.00539656709682715,2.54932604328264,0.022219969040554,"CGGBP1",0.00573525335671109
"OK",0.00565778529146459,2.53279934722934,0.0220803182509071,"WDR33",0.00601009203239988
"OK",0.00576645094143142,2.52612323261067,0.0220518004430157,"PRPF38B",0.00612270010056089
"OK",0.00606524979861768,2.50832512333038,0.0218473999800394,"GTF3C6",0.00643699091530715
"OK",0.00607288478898834,2.50788061439027,0.0218894051778267,"BCLAF1",0.00644212513543996
"OK",0.00615059311140092,2.50338438880519,0.0216206914756699,"RCAN1",0.00652155429813827
"OK",0.006354453222162,2.49182380658026,0.021714555010115,"AKAP9",0.00673460919035393
"OK",0.00714497076703635,2.44989112743271,0.0213459122704145,"MRPL2",0.00756893637372801
"OK",0.00740597348210772,2.43694463592657,0.0212369850952773,"MED10",0.00784181927783636
"OK",0.00759590210979989,2.42777405733777,0.0210242418840617,"CCNH",0.00803922911712736
"OK",0.00783619356256014,2.41645677017035,0.0210647145573653,"SYNCRIP",0.00828973531216169
"OK",0.00829868989994602,2.39550738691266,0.0207584645229026,"FILIP1L",0.00877496916417617
"OK",0.00838269986471356,2.39181261036426,0.0207470973289582,"NBEAL1",0.00885973280790974
"OK",0.00923073222560992,2.3562303739519,0.0205132453437182,"ASNA1",0.00975154876861452
"OK",0.0098398990542059,2.33239733638789,0.0203170129277483,"CHD9",0.0103903198174398
"OK",0.0100991850470262,2.32264241613592,0.0200925762315606,"ZRANB2",0.0106592223479841
"OK",0.010707232936136,2.3005962028515,0.0199268149059165,"DBNL",0.0112958119339996
"OK",0.0110904861524994,2.28725450485307,0.0198986127670349,"SUMF2",0.0116947754620907
"OK",0.0113026855386746,2.28003907495249,0.0198054875500713,"YME1L1",0.011913082286301
"OK",0.0113543555394355,2.27829997633,0.0197716677338346,"NARF",0.011962068072882
"OK",0.012298568544158,2.24767161792313,0.0195621099685346,"SRSF10",0.012944974112064
"OK",0.0122965288518538,2.24773555012643,0.0195606751208846,"PSMB4",0.012944974112064
"OK",0.0129057423280467,2.22903637468816,0.0193533119903631,"YTHDC1",0.0135778549938289
"OK",0.0138698162609461,2.20094902790466,0.0190015048527906,"TMEM179B",0.0145854734470132
"OK",0.0139381770672286,2.19902205466194,0.019095809567165,"LAGE3",0.0146506717415917
"OK",0.0143915649111506,2.18644410494224,0.0189867724316137,"PGLS",0.0151203348496259
"OK",0.0151312139705971,2.16663851846835,0.0187890578560728,"MT-ND6",0.0158901895915573
"OK",0.0154008623077774,2.15962483032404,0.0186774974612642,"RAB4A",0.016165991747863
"OK",0.0162506376581717,2.13819062062821,0.0184526372334891,"MOB1A",0.0170502134518312
"OK",0.0166002071160842,2.12965127788225,0.018443810633126,"UROD",0.0174090514518861
"OK",0.016956342692752,2.12110835055231,0.0184219941351714,"KARS",0.0177744457084242
"OK",0.0170125925545726,2.11977309725343,0.0183679522560028,"LETMD1",0.017817189928686
"OK",0.0170095258718963,2.11984579649803,0.0183657889893911,"LIMS1",0.017817189928686
"OK",0.0172656124097815,2.11381320330012,0.0183586062219155,"RNF5",0.0180739569907849
"OK",0.0175869573124602,2.10635053523368,0.0182708471552818,"ISCA1",0.0184019821402071
"OK",0.0216371929109193,2.02105196743535,0.0174683712582958,"NME2",0.0226296345476145
"OK",0.0217355579297467,2.0191549610887,0.0175184576738029,"ECH1",0.022722192424969
"OK",0.0218775536145977,2.01642927142307,0.0174925090145094,"PEA15",0.0228602567942008
"OK",0.0230002366080361,1.9953889679681,0.017302214341588,"DDX17",0.024022469346171
"OK",0.0233387374453837,1.98921501862827,0.0171228894342793,"ERCC1",0.0243649647945234
"OK",0.02449688808159,1.96864582730079,0.0169854554177579,"DNAJB14",0.0255624527647946
"OK",0.0275210010036982,1.9185445253675,0.0165092101794439,"TMEM160",0.0287051020432594
"OK",0.0277584456264152,1.91480880433635,0.0165378307513694,"SP100",0.0289396560786031
"OK",0.0283437755201803,1.90571223490972,0.0164096135773152,"ACSL3",0.0295365226348305
"OK",0.0286803864590825,1.90055157917395,0.0164421738336346,"SNX2",0.0298737811014324
"OK",0.0298882804951541,1.88243807028459,0.0162762902437954,"NSRP1",0.0311178616547649
"OK",0.0320866785911673,1.85097355833418,0.0160008816169151,"COX11",0.0333916045167006
"OK",0.0328853077552251,1.83998380152606,0.0158647168283775,"ZNHIT3",0.0342072555376167
"OK",0.0342362530000119,1.82188454380378,0.0156869643502964,"RBMS1",0.0355964291914345
"OK",0.036052335125878,1.79845666352214,0.0154464922578748,"NSFL1C",0.0374677471998633
"OK",0.0366430506772132,1.79104482966878,0.0153697353615776,"NELFE",0.0380644770904926
"OK",0.0366983677225019,1.79035577310139,0.0154260289756971,"SLBP",0.0381047524188106
"OK",0.0369283521486093,1.7875000484319,0.0154375726177672,"POLR2C",0.038326270841932
"OK",0.037935740768834,1.77515994400661,0.0152904279448952,"SCCPDH",0.0393540590047858
"OK",0.0385372240206409,1.76791898749134,0.0151335230894391,"IFT43",0.0399600301303629
"OK",0.0401798584642824,1.74860271356795,0.0149871805029662,"LACTB",0.0416445607755366
"OK",0.0415739630834795,1.73270606396627,0.0148938662069,"PTEN",0.0430701021058269
"OK",0.0430985025944772,1.71580900653927,0.0148023890639399,"WAC",0.0446294296200903
"OK",0.0447498920119986,1.6980422706595,0.0146116671322621,"PBXIP1",0.0463186522712956
"OK",0.0460103976589557,1.68483300414444,0.0145268744278799,"ERP29",0.0476019522949573
"OK",0.046744483344936,1.67727373221208,0.0144578441107076,"NCOR1",0.0483397149274305
"OK",0.050338665866814,1.64157876340105,0.0141073638465551,"TAF9",0.0520331900768728
"OK",0.0536319287129031,1.61061410572272,0.013841560456939,"PPP2R2A",0.0554124413754221
"OK",0.0541748456140388,1.60565519340312,0.0137127416690895,"ITGAE",0.0559482822641844
"OK",0.0561168947654953,1.58823243375148,0.0136584843951523,"TMEM50B",0.0579279285723603
"OK",0.0594370040720675,1.55951723679351,0.0133549847410565,"SRP72",0.0613276973019585
"OK",0.0618641730868781,1.53931117874064,0.0131861176885855,"RING1",0.0638034888576266
"OK",0.0628589981123534,1.53120799201914,0.0131155237548024,"NDUFS3",0.0648004801489481
"OK",0.0643151861401112,1.51952511079116,0.0130082966450872,"ZCCHC17",0.0662719792754703
"OK",0.0648325170950744,1.51542411526041,0.0129709162155442,"APOPT1",0.066775173018764
"OK",0.0679239028275682,1.49143316714457,0.0127696734576256,"DDX46",0.0699279160535939
"OK",0.0808816702081735,1.39916556402639,0.011970274127219,"GGNBP2",0.0832307803795458
"OK",0.0813382710459166,1.39612604480107,0.0117396192831362,"IGKC",0.0836632595885422
"OK",0.0886897128097538,1.34886782139804,0.0114370210690746,"MRPL28",0.0911841109825281
"OK",0.0888173460777833,1.34807366037588,0.0114992611390772,"ERGIC2",0.0912745863530277
"OK",0.095643130532873,1.30678346891672,0.0111360931063661,"SH3GLB1",0.0982453744947398
"OK",0.0957921555621272,1.30590663159673,0.0110911457188023,"PHIP",0.0983545850466245
"OK",0.0976590411051546,1.29500622458139,0.0110177703951819,"PDCD10",0.100226725340985
"OK",0.098236310830266,1.29166662100131,0.0109978074524155,"SLTM",0.10077426451764
"OK",0.103568535117727,1.26147692020472,0.0106570162409913,"CKS1B",0.106196944067732
"OK",0.105023392041704,1.25343680501486,0.0105973362074724,"EBNA1BP2",0.107640797450843
"OK",0.118440112476653,1.18282067475874,0.00998906354667802,"PHF14",0.12133789102924
"OK",0.119218968413821,1.17890015296394,0.00994651050231415,"RAB21",0.122081495890187
"OK",0.121982060618394,1.16513556873234,0.00981320403600505,"LDLR",0.124855415824071
"OK",0.127284417647539,1.13932209680552,0.00962065987244911,"GINM1",0.130224795132067
"OK",0.130060328054394,1.1261059966235,0.0095074178582042,"PAFAH1B1",0.133005744009445
"OK",0.131523423658073,1.11921870538802,0.009432305413242,"MRPS33",0.134442274604768
"OK",0.140184205638144,1.07949210529238,0.00910637167076072,"SAP30BP",0.143231688369408
"OK",0.147322543300792,1.04798593607149,0.00876474266202436,"FAM32A",0.150458455530698
"OK",0.151389592949096,1.03049182918311,0.00862406003742711,"EAPP",0.154543542802203
"OK",0.152421282433669,1.02610400039833,0.00860356926186332,"TBPL1",0.155527786196163
"OK",0.155156115312485,1.01456709628879,0.00852900655344431,"MPHOSPH8",0.158248243385586
"OK",0.164578055286978,0.975815079673174,0.00812844312832314,"LRRFIP2",0.167783648218642
"OK",0.176262510434307,0.929702729493309,0.00775637828447212,"U2SURP",0.179616177668234
"OK",0.179292298563061,0.918065458527699,0.00759453807903067,"TSTD1",0.182622805657112
"OK",0.179604708874671,0.916872572760381,0.00760815106471627,"TMEM259",0.182860143474079
"OK",0.188478236549173,0.883517978620208,0.00730293652873858,"IER3IP1",0.191809712228345
"OK",0.191565592261019,0.872141507710471,0.00720899735321455,"SVIP",0.194865529583536
"OK",0.195686189538252,0.857131201607191,0.0071204153650535,"ANKRD12",0.198969224947724
"OK",0.19846688705187,0.847110067560143,0.00702163970409988,"MT-ATP8",0.201707520247333
"OK",0.199900629207994,0.841976230564445,0.00693532826094741,"DNAJA2",0.203075054726956
"OK",0.20583754308054,0.820949408206108,0.00678833823565215,"PHF1",0.209014048374993
"OK",0.208068254489246,0.813142243452868,0.00671749265015522,"PITPNB",0.211186068791861
"OK",0.212895940447646,0.796413247361783,0.00656628477203283,"POLR2H",0.215990903458559
"OK",0.216701683728112,0.783381072729239,0.0064461510852446,"GLRX5",0.219755164080071
"OK",0.218130008389933,0.778524249157149,0.00638493012027759,"TBCC",0.221106254102999
"OK",0.219486330230625,0.773929200458008,0.00634884506858866,"FKBP5",0.222383202165037
"OK",0.234612463402235,0.723740723556495,0.00588658328485562,"SIRT2",0.237604442926714
"OK",0.243492168440655,0.69511324181314,0.00496389479805838,"CCL20",0.246488995129155
"OK",0.243901134888871,0.693808566270491,0.00562728747894643,"FDFT1",0.246794513905567
"OK",0.272030797096712,0.606682566081548,0.00486649178376144,"RNF114",0.275136989773266
"OK",0.274420262798193,0.599498476682708,0.00480200698613385,"SZRD1",0.277431898693696
"OK",0.28060963443321,0.58103143303331,0.00461511344686051,"SSBP4",0.283564716147293
"OK",0.290965208593827,0.550567173130379,0.00434412072961724,"HAGH",0.293900383943677
"OK",0.311365983245772,0.491982144071888,0.00384966908869994,"LTA4H",0.314369074710659
"OK",0.311777218806422,0.490819046507739,0.00380927808618816,"RGL2",0.314646334316911
"OK",0.322472158071416,0.46079691379726,0.00355096739443185,"RAB5IF",0.32529714412548
"OK",0.328626997976698,0.443707605625765,0.00339011207488704,"PIH1D1",0.331360760219061
"OK",0.346995881365443,0.393443748767319,0.0029621887081942,"BCL7B",0.349729328133311
"OK",0.374618682061678,0.319645123174037,0.00229046369172769,"EIF2S1",0.377404560274736
"OK",0.40241415158312,0.247103269915398,0.00166053166632111,"CARD19",0.405229467029263
"OK",0.418733051842106,0.205135701574301,0.0012843875763099,"TSEN34",0.421478242304358
"OK",0.428487772080171,0.18022549481967,0.00105291057220349,"COMMD1",0.431108492398704
"OK",0.47061545949375,0.0737228469881043,0.000106213978181797,"SREK1",0.473287075639348
"OK",0.491188873487907,0.0220880147666996,-0.000354912120756295,"RASSF1",0.493761665492208
"OK",0.509408440745007,-0.0235856501247804,-0.000760891725194652,"TIAL1",0.511853245652596
"OK",0.520628237344756,-0.0517303857608236,-0.00101180596589113,"BORCS7",0.522898748628423
"OK",0.534157318301373,-0.0857245782876322,-0.00127584673874492,"SCGB1D2",0.536252966019208
"OK",0.541608184191257,-0.104486058257017,-0.00147891196096605,"CBX4",0.543496143003253
"OK",0.551893502965781,-0.130446733977735,-0.00170861412841041,"TRIP10",0.55357610510897
"OK",0.558239937160439,-0.146508315820063,-0.00185999099495219,"OTUD6B-AS1",0.559698117231385
"OK",0.561625195314131,-0.155090959313044,-0.00190050899575177,"SCGB1D4",0.562847182249105
"OK",0.604958941697019,-0.266203981797597,-0.00291812567774219,"C1D",0.606011501839163
"OK",0.636331592618108,-0.348670338647341,-0.0036513546465074,"MAP3K13",0.63716159034761
"OK",0.694786456551866,-0.509463913102539,-0.00495082109993545,"H3F3C",0.695390356122967
"OK",0.747316569604701,-0.666069214679119,-0.00648160746485077,"TM2D1",0.747641207558483
"OK",0.92818039933316,-1.46237235290562,-0.0135728503099466,"DNAJC4",0.92818039933316
