"pathway","pval","padj","log2err","ES","NES","size","leadingEdge"
"Regulation of endogenous retroelements by KRAB-ZFP proteins",7.8394338736972e-13,5.49544314546174e-10,0.921426003494898,0.833118480802014,2.31664340454054,103,"319173;319150;319148;319178;260423;319185;319172;319165;319157;319181;319169;319149;319189;319184;319153;319166;319170;326620;319183;319164;319187;319191;97908;319180;319152;319167;666532;68024;319160;320332;15270;319168;319159;319161;319176;319154;319158"
"Interaction of NuRD complexes with transcription factors",8.17680890786066e-11,1.51453858166719e-08,0.839088935621274,0.848910624765025,2.26870773781312,81,"319173;319150;319148;319178;260423;319185;319172;319165;319157;319181;319169;319149;319189;319184;319153;319166;319170;326620;319183;319164;319187;319191;97908;319180;319152;319167;68024;319160;320332;15270;319168;319159;15182;319161;319176;319154;319158;13445;319179;69386;234366;360198;622675;319156;15078;328977"
"MLL4 and MLL3 complexes regulate expression of PPARG target genes in adipogenesis and hepatic steatosis",8.64216023775858e-11,1.51453858166719e-08,0.839088935621274,0.874270355129921,2.25230586509624,63,"319173;319150;319148;319178;260423;319185;319172;319165;319157;319181;319169;319149;319189;319184;319153;319166;319170;326620;319183;319164;319187;319191;97908;319180;319152;319167;68024;319160;320332;15270;319168;319159;319161;319176;319154;319158;81004"
"Regulation of PD-L1(CD274) transcription",7.3001560109527e-11,1.51453858166719e-08,0.839088935621274,0.883971630452138,2.25380352546971,60,"319173;319150;319148;319178;260423;319185;319172;319165;319157;319181;319169;319149;319189;319184;319153;319166;319170;326620;319183;319164;319187;319191;97908;319180;319152;319167;68024;319160;320332;15270;319168;319159;319161;14056;319176;319154;319158"
"Condensation of Prophase Chromosomes",1.94036691536954e-10,2.72039441534809e-08,0.826657301178302,0.868635521836156,2.25448150081025,66,"319173;319150;319148;319178;260423;319185;319172;319165;319157;319181;319169;319149;319189;319184;319153;319166;319170;326620;319183;319164;319187;319191;18817;97908;319180;319152;319167;14211;68024;319160;320332;15270;319168;319159;70099;76044;319161;319176;319154;319158"
"RUNX1 regulates genes involved in megakaryocyte differentiation and platelet function",7.29755754366793e-10,8.52597973018536e-08,0.801215574617779,0.850272979456236,2.22985627024608,70,"319173;319150;319148;319178;260423;319185;319172;319165;319157;319181;319169;319149;319189;319184;319153;319166;319170;326620;319183;319164;319187;319191;97908;319180;319152;319167;68024;319160;320332;15270;319168;319159;319161;319176;319154;12400;319158"
"PRC2 methylates histones and DNA",1.14490049890063e-09,1.14653607104191e-07,0.788186810800237,0.854893149347893,2.23035010666702,69,"319173;319150;319148;319178;260423;319185;319172;319165;319157;319181;319169;319149;319189;319184;319153;319166;319170;326620;319183;319164;319187;319191;97908;319180;319152;319167;68024;319160;320332;15270;319168;319159;319161;14056;319176;319154;319158;13433;319179"
"Negative Regulation of CDH1 Gene Transcription",2.90195639298585e-09,2.54283928935385e-07,0.774939030136436,0.844523806574115,2.22107515783717,71,"319173;319150;319148;319178;260423;319185;319172;319165;319157;319181;319169;319149;319189;319184;319153;319166;319170;326620;319183;319164;319187;319191;97908;319180;319152;319167;68024;319160;320332;15270;319168;319159;15182;319161;14056;319176;319154;319158"
"Deposition of new CENPA-containing nucleosomes at the centromere",5.54272447758704e-09,4.31716650976502e-07,0.761460801445585,0.853576319678466,2.22291819903664,67,"319173;319178;319185;319172;319165;319157;319181;319169;319189;319184;319166;319170;326620;319183;319164;319187;319191;319180;319167;12615;68024;217653;319160;320332;15270;319168;319159;319161;102920;66578;319176;72155;319158;60411;319179;69386;66570;26886;56505;212427;319156"
"Cleavage of the damaged purine",8.57318542607177e-09,5.46345725788755e-07,0.747739663149885,0.885189387492088,2.20651445095024,50,"319173;319178;319185;319172;319165;319157;319181;319169;319189;319184;319166;319170;326620;319183;319164;319187;319191;319180;319167;68024;319160;234258;320332;15270;319168;319159;319161;319176;319158"
"DNA Damage/Telomere Stress Induced Senescence",7.89686513071218e-09,5.46345725788755e-07,0.747739663149885,0.862982802103652,2.20454684291318,58,"319173;319178;319185;319172;12428;319165;319157;319181;319169;319189;319184;319166;319170;326620;319183;319164;319187;319191;319180;319167;68024;319160;320332;15270;319168;319159;319161;22059;319176;319158"
"Recognition and association of DNA glycosylase with site containing an affected purine",1.55841648894185e-08,9.10374965623528e-07,0.73376198835648,0.886157664032955,2.20322476882821,48,"319173;319178;319185;319172;319165;319157;319181;319169;319189;319184;319166;319170;326620;319183;319164;319187;319191;319180;319167;68024;319160;234258;320332;15270;319168;319159;319161;319176;319158"
"Separation of Sister Chromatids",5.98449433081192e-08,3.22702348146089e-06,0.704975715167238,0.705198747367632,2.04083040325525,162,"66977;20877;68612;107995;18817;16319;12615;67052;23996;19166;52276;59029;26441;19184;30939;66468;21762;68549;108000;102920;26442;56150;66442;56455;19170;12237;72155;66997;67849;66413;229841;23997;19181;60411;108911;19167;67629;26440;236930;26446;19387;70385;69912;105988;70247;17120;228421;66570;67089;19173;67203;68014;72415;110379;19177;26444;217232;26886;12236;12235;19175;66934;26445;26443;69928;73804;69957;57296;52206;19047;67037;19172;19182;69736;13427;320394;19052;22143;19179;103468;69077;22123;22194;208628;234865;17463;53857;216080"
"Inhibition of DNA recombination at telomere",7.80152907104892e-08,3.90633705628949e-06,0.704975715167238,0.868041210557431,2.16376913480838,50,"319173;319178;319185;319172;319165;319157;319181;319169;319189;319184;319166;319170;326620;319183;319164;319187;319191;319180;319167;68024;319160;320332;15270;319168;319159;319161;319176;319158"
"G2/M DNA damage checkpoint",8.70134325943602e-07,3.81227601554041e-05,0.659444398037935,0.808645767775246,2.13150938913734,72,"12649;319178;319185;319157;319181;319189;319184;326620;319183;319187;237911;319180;68024;319160;320332;50883;15270;319159;107823;319161;69263;22059;235559;26909;319158;319179;12021;93765;69386"
"Nonhomologous End-Joining (NHEJ)",8.17157318954648e-07,3.81227601554041e-05,0.659444398037935,0.827794503460846,2.11465599863287,58,"319178;319185;319157;319181;319189;319184;326620;319183;319187;319180;68024;319160;320332;15270;319159;107823;319161;319158;319179;12021;22596;93765;69386"
"RMTs methylate histone arginines",1.04066593001865e-06,4.29121657025339e-05,0.643551836150722,0.804008321151328,2.08674621399501,66,"319173;319150;319148;260423;319172;319165;319157;319169;319149;319153;319166;319170;326620;319164;319191;97908;319152;319167;12567;319160;320332;319168;319159;319162;56456;319161;319176;319154;20587;319158;57376;69386;15469;360198;319156;70465;20588"
"UCH proteinases",1.41796420959991e-06,5.52218283849742e-05,0.643551836150722,0.775989669302969,2.06641759157446,77,"319173;319172;319165;319169;319166;319170;319164;319191;319167;23996;19166;59029;319168;319162;26441;19184;56456;21762;26442;319176;50933;19170;66997;66413;23997;56207;19181;19167;26440;26446;70247;12021;67089;19173;19177;26444;56505;19175;26445;26443;57296;19172;19182;18002;68837"
"Amplification  of signal from unattached  kinetochores via a MAD2  inhibitory signal",2.6387500672118e-06,9.73559893218669e-05,0.627256739718528,0.751046291633132,2.03698721921264,89,"66977;20877;107995;18817;16319;12615;67052;52276;66468;68549;108000;102920;56150;66442;56455;12237;72155;229841;60411;108911;67629;236930;19387;70385;69912;17120;228421;66570;67203;68014;72415;110379;26886;12236;12235;66934;69928;73804;19047;67037;69736;13427;320394;19052"
"Processing of DNA double-strand break ends",3.8614560077649e-06,0.00013534403307216,0.610526878385931,0.765026959229819,2.06386715266323,85,"12649;319178;319185;12428;319157;319181;319189;319184;326620;319183;319187;237911;319180;68024;319160;320332;15270;319159;107823;319161;69263;235559;26909;319158;319179;12021;269582;93765;69386;21853;327762;319156;72151;66131"
"Recruitment and ATM-mediated phosphorylation of repair and signaling proteins at DNA double strand breaks",4.44143749353626e-06,0.00014825941347471,0.610526878385931,0.778768189105357,2.02848177305335,68,"14049;319178;319185;319157;319181;319189;319184;326620;319183;319187;319180;68024;319160;320332;50883;15270;319159;107823;319161;22059;319158;319179;12021;93765;69386"
"HATs acetylate histones",8.37069063784404e-06,0.000266720642596758,0.593325476396405,0.765482575310979,1.97773172278259,65,"319150;319148;319178;260423;319185;319157;319181;319149;319189;319184;319153;326620;319183;319187;97908;319180;319152;68024;319160;320332;319159;319161;319154;319158"
"Chromatin modifying enzymes",1.11344979044374e-05,0.000339360131783069,0.593325476396405,0.900452394920589,1.93194228376691,19,"319150;319148;260423;18599;18602;319149;319153;97908;319152;18600;319154"
"Mitotic Prometaphase",1.81961041754387e-05,0.000531477876124273,0.575610261071129,0.7159032072266,1.98194815032058,99,"66977;20877;107995;18817;16319;12615;67052;52276;66468;68549;108000;102920;56150;66442;56455;12237;72155;229841;60411;108911;67629;236930;19387;70385;69912;17120;228421;66570;67203;68014;72415;110379;26886;12236;12235;66934;69928;73804;19047;67037;69736;13427;320394;19052"
"Resolution of Sister Chromatid Cohesion",2.16369619076633e-05,0.00060670041189088,0.575610261071129,0.692569460159905,1.92854970695505,112,"66977;20877;107995;18817;16319;12442;12615;67052;52276;66468;68549;108000;102920;56150;66442;56455;12237;72155;67849;229841;60411;108911;67629;236930;19387;70385;69912;17120;228421;66570;67203;68014;72415;110379;26886;12236;12235;12534;66934;69928;73804;19047;67037;69736;13427;268697;320394;19052"
"EML4 and NUDC in mitotic spindle formation",3.27357777548336e-05,0.000882606931005321,0.557332238758646,0.717721591197582,1.99010768910848,100,"66977;20877;107995;18817;16319;12615;67052;52276;66468;68549;108000;102920;56150;66442;56455;12237;72155;229841;60411;108911;67629;236930;19387;70385;69912;17120;228421;66570;78798;67203;68014;72415;110379;26886;12236;12235;66934;69928;73804;19047;67037;69736;13427;320394;19052"
"Proteasome assembly",3.52539145052054e-05,0.000915296076598111,0.557332238758646,0.806928331892156,1.99435208762297,46,"23996;19166;59029;26441;19184;21762;26442;19188;53380;19170;66537;66997;66413;23997;19181;19167;19192;26440;26446;70247;67089;19173;16913;19177;26444;19175;19186;26445;26443;57296;19172;19182;56088;16912;19185;19179;69077;22123;107047;17463;19171;66998"
"Ub-specific processing proteases",3.71955782613767e-05,0.000931217870043753,0.557332238758646,0.642499763411663,1.84952224514926,155,"319173;77125;319172;12428;319165;319169;319166;319170;107995;319164;319191;319167;23996;19166;59029;319168;319162;26441;19184;21762;22059;26442;319176;15251;22335;19170;66997;66413;23997;19181;19167;26440;22224;26446;70247;269582;59025;230073;67089;14534;19173;22334;19177;26444;28185;56505;19175;26445;26443;27401;107260;57296;22225;26409;19172;19182"
"Estrogen-dependent gene expression",9.50998339052103e-05,0.00229879253681215,0.538434096309916,0.730213501520663,1.96008669871746,82,"319150;319148;319178;260423;319185;319157;319181;319149;319189;319184;319153;326620;319183;319187;97908;319180;319152;68024;319160;320332;319159;319161;319154;12400;319158;319179;231329;68705;69386;15469;360198;319156;15078"
"PKMTs methylate histone lysines",0.000127587152618454,0.0028851159350173,0.518848077743792,0.753677064208553,1.92160015758659,60,"319150;319148;260423;319157;319149;319153;326620;97908;319152;319160;320332;319159;107823;319161;14056;319154;319158;69386;67956;360198;319156;66083"
"RHO GTPases Activate Formins",0.000125152501569403,0.0028851159350173,0.518848077743792,0.646394700614956,1.80857370012683,123,"66977;20877;107995;18817;16319;12615;56419;67052;52276;66468;68549;108000;102920;56150;18643;66442;56455;12237;72155;229841;60411;108911;67629;236930;19387;70385;69912;17120;228421;66570;14026;67203;68014;72415;110379;26886;12236;12235;66934;69928;73804;19047;67037;69736;12540;13427;320394;19052"
"Cdc20:Phospho-APC/C mediated degradation of Cyclin A",0.000136596192338919,0.00299231033842445,0.518848077743792,0.75835726942248,1.93727397583154,58,"12428;68612;107995;23996;19166;59029;26441;19184;21762;26442;56150;19170;12237;66997;66413;23997;19181;19167;26440;26446;70247;67089;19173;19177;26444;217232;12236;19175;12534;26445;26443;69957;57296;52206;19172;19182"
"APC/C:Cdh1 mediated degradation of Cdc20 and other APC/C:Cdh1 targeted proteins in late mitosis/early G1",0.000141651601884863,0.00300206424445955,0.518848077743792,0.749624120925607,1.9112666383367,60,"20877;68612;107995;18817;23996;19166;59029;26441;19184;30939;21762;26442;19170;66997;66413;23997;19181;19167;20878;26440;26446;70247;67089;19173;19177;26444;217232;19175;26445;26443;27401;69957;57296;52206;19172;19182"
"Keratinization",0.000145606539674215,0.00300206424445955,0.518848077743792,0.823732737766766,1.96257301802901,37,"16669;16663;16687;16682;13507;16665;13512;109052;13506;110308;227937"
"Cross-presentation of soluble exogenous antigens (endosomes)",0.000185552351455765,0.00371634852487117,0.518848077743792,0.811341509337175,1.93982262474472,38,"23996;19166;59029;26441;19184;21762;26442;19188;19170;66997;66413;23997;19181;19167;26440;26446;70247;67089;19173;16913;19177;26444;19175;19186;26445;26443;57296;19172;19182;16912;19179;69077;22123;17463;19171"
"Orc1 removal from chromatin",0.000254661813794446,0.00495883142971963,0.49849310876659,0.749563724195681,1.8984107556296,55,"12428;23996;19166;59029;26441;19184;21762;26442;19170;66997;66413;23997;19181;19167;26440;26446;17220;70247;17219;23834;17216;67089;19173;19177;26444;19175;26445;17218;26443;27401;67177;57296;19172;19182;12566;19179;17215;69077;22123;66634;17463;56438;17217;18393"
"HDMs demethylate histones",0.000269990387825188,0.005115223293661,0.49849310876659,0.778276278799654,1.9235375187929,46,"319150;319148;260423;319157;319149;319153;326620;97908;319152;319160;320332;319159;319161;319154;319158"
"Antigen processing: Ub, ATP-independent proteasomal degradation",0.000278534777467182,0.00513823365801302,0.49849310876659,0.850304287338406,1.8243483120751,19,"19166;26441;26442;19188;19170;19167;26440;26446;19173;16913;19177;26444;19175;19186;26445;26443;19172;16912"
"Assembly of the pre-replicative complex",0.000312414148542155,0.00561544405456541,0.49849310876659,0.73186889372217,1.88006309372969,61,"68612;23996;19166;59029;26441;19184;21762;26442;19170;66997;66413;23997;19181;19167;26440;26446;17220;70247;17219;17216;67089;19173;19177;26444;217232;19175;26445;17218;26443;67177;69957;57296;52206;19172;19182;57441;19179;17215;69077;22123;22194;17463;216080;17217"
"CDK-mediated phosphorylation and removal of Cdc6",0.000392490754607355,0.00687840047449389,0.49849310876659,0.741801783373077,1.89498188795431,58,"12428;68612;23996;19166;59029;26441;19184;21762;26442;19170;66997;66413;23997;19181;19167;26440;26446;70247;23834;67089;19173;12448;19177;26444;217232;19175;26445;26443;69957;57296;52206;19172;19182;12566;12447;19179;69077;22123;22194;17463;216080"
"RAF/MAP kinase cascade",0.000427554925805394,0.00731014641438003,0.49849310876659,-0.593924004578611,-1.75177453581001,86,"16367;13645;13869;242274;384783;18595;18596;19731;13867;20740;21802;21687;13874;108058;14173;14165;14814;19419;19417;19418;20742;11876;19713;14182;18706;20416;18590"
"Formation of the cornified envelope",0.00052974895982817,0.0088417624009416,0.477270815362862,0.761327060449831,1.87945522800957,45,"16669;16663;16687;16682;13507;16665;13512;109052;13506;110308;227937"
"Neutrophil degranulation",0.000641260220580729,0.0102164412415248,0.477270815362862,0.490427794979309,1.54986339538559,374,"18792;16790;17319;15926;17159;11501;20195;72042;11487;18746;12306;50770;12505;22154;18648;110006;18641;18600;19166;68197;12238;59029;104009;13014;21762;216197;24088;110173;66848;26442;21946;56455;19170;66681;66997;74012;66413;67771;23997;19181;56016;208795;16480;27060;14751;18793;11674;13032;268373;20430;224794;70247;13830;13001;22596;15481;20568;12469;11846;109154;14595;11886;59287;19325;66713;15439;53378;18813;12461;106572;245828;19177;26949;11767;232449;66934;18103;16784;13040;13030;23917;72157;269116;12331;17002;15516;75612;19182;18703;72461;66824;12333;13244;19345;26413;235606;14569;226977;16819;19025;16592;14302;16783;12512;108888;69077;22123;16211;56692;110078"
"SCF(Skp2)-mediated degradation of p27/p21",0.000632406909530171,0.0102164412415248,0.477270815362862,0.759828628306898,1.88379809519938,47,"12428;23996;19166;12567;59029;26441;19184;21762;26442;19170;66997;66413;23997;19181;19167;26440;26446;70247;67089;19173;12448;54124;19177;26444;19175;26445;26443;27401;57296;19172;19182;12566;12447"
"Regulation of ornithine decarboxylase (ODC)",0.000732237722716652,0.0114066365249861,0.477270815362862,0.788896935437493,1.8795754599883,37,"23996;19166;59029;26441;19184;21762;26442;19170;66997;66413;23997;19181;19167;26440;26446;70247;67089;19173;19177;26444;19175;26445;26443;18245;57296;19172;19182;19179;69077;22123"
"The role of GTSE1 in G2/M progression after G2 checkpoint",0.000765765767129975,0.011669604407785,0.477270815362862,0.728101050930997,1.84282692844877,56,"18817;12442;23996;19166;59029;26441;19184;21762;22059;26442;19170;66997;66413;23997;19181;19167;29870;26440;26446;70247;67089;19173;19177;26444;19175;12534;26445;26443;57296;15516;19172;19182;268697;22143;19179;69077;22123;17463;53857"
"Glucuronidation",0.000800639350452782,0.0119414507376043,0.477270815362862,0.914501967418605,1.72788344089638,10,"100727;394436;394433;22236;613123;394434;394432;94284"
"APC/C:Cdc20 mediated degradation of Securin",0.000829730966414492,0.0121175293220116,0.477270815362862,0.742651893906661,1.87165659149384,54,"68612;107995;23996;19166;59029;26441;19184;30939;21762;26442;19170;66997;66413;23997;19181;19167;26440;26446;70247;67089;19173;19177;26444;217232;19175;26445;26443;69957;57296;52206;19172;19182;19179;69077;22123;22194;17463;216080"
"Metalloprotease DUBs",0.000902179133169597,0.0129066851500385,0.477270815362862,0.792857987736395,1.86256833479617,35,"319173;319172;319165;319169;319166;319170;319164;319191;319167;59029;319168;319162;319176"
"Major pathway of rRNA processing in the nucleolus and cytosol",0.000944194413267172,0.0132376056740058,0.477270815362862,0.579559946532699,1.69005360960778,166,"50911;68436;16785;12181;213773;66249;57316;67941;57315;217109;66480;27966;223499;73674;225348;67134;72544;57750;234374;56095;217995;74035;100608;353258;27050;72515;14113;20042;19942;19982;66138;14791;109075;67973;73736;269470;20115;66483;27207;64934;67248;69072;229504;230082;66878;72662;66583;19946;76846;53414;21771;67025;59028;56200;224823;67276;27370;75273;267019;19944;68979;66164;72198;17975;227715;19899;18572;30877;269261;104318;68052;19988;66362;54364;27998;68193;20090;67755;208144;69639"
"Degradation of CDH1",0.00100685028490828,0.0138392558768766,0.45505986738723,0.719297252755919,1.80519016600315,52,"23996;19166;59029;26441;19184;21762;26442;19170;66997;66413;23997;19181;16480;19167;26440;26446;70247;12387;67089;14694;19173;19177;26444;19175;26445;26443;13430;13040;13030;57296;19172;19182"
"Autodegradation of Cdh1 by Cdh1:APC/C",0.00105220599751941,0.0141845462357905,0.45505986738723,0.725500081857345,1.83198718695535,53,"68612;23996;19166;59029;26441;19184;21762;26442;19170;66997;66413;23997;19181;19167;26440;26446;70247;67089;19173;19177;26444;217232;19175;26445;26443;69957;57296;52206;19172;19182;19179;69077;22123;22194;17463;216080"
"E3 ubiquitin ligases ubiquitinate target proteins",0.00122728110083051,0.0162325292770224,0.45505986738723,0.732544849704911,1.82941094431386,49,"319178;319185;319181;319189;319184;319183;319187;319180;66317;68024;319179;93765;22083"
"Regulation of RUNX2 expression and activity",0.00125690760103348,0.0163165227467494,0.45505986738723,0.745296027055727,1.80339343633517,41,"23996;19166;59029;26441;19184;21762;26442;19170;66997;66413;23997;19181;19167;26440;26446;70247;12393;67089;19173;19177;26444;19175;26445;26443;27401;57296;19172;19182;19179;69077;22123"
"Methylation",0.00129359591313516,0.01648746791105,0.45505986738723,0.880135416491682,1.6754357395597,11,"14873"
"Negative Regulation of DNA Double Strand Break Response",0.00140477708881748,0.017584798915376,0.45505986738723,0.743159602636044,1.79822392833323,41,"23996;19166;59029;26441;19184;21762;26442;19170;66997;66413;23997;19181;19167;26440;26446;70247;12021;67089;19173;19177;26444;19175;26445;26443;57296;19172;19182;19179;12189;69077;22123"
"AUF1 (hnRNP D0) binds and destabilizes mRNA",0.00158613190972025,0.018840388785128,0.45505986738723,0.748759284176851,1.81638815381881,42,"23996;19166;59029;26441;19184;21762;26442;19170;66997;66413;23997;19181;19167;26440;26446;70247;15481;67089;19173;19177;26444;19175;26445;26443;57296;19172;19182;208643;19179;69077;22123"
"Dectin-1 mediated noncanonical NF-kB signaling",0.0015610394411711,0.018840388785128,0.45505986738723,0.733942395087352,1.79350811013556,43,"23996;19166;59029;26441;19184;21762;26442;19170;22200;66997;66413;23997;19181;19167;26440;26446;70247;67089;19173;19177;26444;19175;26445;26443;57296;22192;19172;19182;19179;69077;22123"
"NIK-->noncanonical NF-kB signaling",0.0015610394411711,0.018840388785128,0.45505986738723,0.733942395087352,1.79350811013556,43,"23996;19166;59029;26441;19184;21762;26442;19170;22200;66997;66413;23997;19181;19167;26440;26446;70247;67089;19173;19177;26444;19175;26445;26443;57296;22192;19172;19182;19179;69077;22123"
"Ubiquitin-Mediated Degradation of Phosphorylated Cdc25A",0.00161258677190824,0.018840388785128,0.45505986738723,0.732835576640216,1.82202508590185,48,"12649;23996;19166;59029;50883;26441;19184;21762;26442;19170;66997;66413;23997;19181;19167;26440;26446;70247;67089;19173;19177;26444;19175;26445;26443;57296;19172;19182"
"Oxygen-dependent proline hydroxylation of Hypoxia-inducible Factor Alpha",0.00169460457344543,0.0194740623932007,0.45505986738723,0.70311560144681,1.76457975396421,52,"23996;19166;59029;26441;19184;21762;26442;15251;19170;66997;66413;23997;19181;19167;26440;26446;70247;67089;19173;19177;26444;19175;26445;26443;57296;19172;19182;67673;19179;69077;22123;112407;17463;216080;56438"
"Pentose phosphate pathway",0.00183220597713737,0.0207157482253757,0.45505986738723,0.868253527051352,1.65281724035059,11,"110208;14381;21881;66681;21351;66171;232449;66646"
"Downregulation of ERBB2 signaling",0.00193591409049972,0.0215408853561953,0.45505986738723,-0.787716616783642,-1.75645615233882,21,"13645;13869;22190;13867;13874"
"NCAM1 interactions",0.00199866474702302,0.0218916248072366,0.431707695803346,-0.834565090904611,-1.70842694841676,13,"12825;12834;12833;665033;12832;12831;53867"
"CLEC7A (Dectin-1) signaling",0.00213618774710462,0.0230379632418513,0.431707695803346,0.689409880218806,1.76046498970325,59,"234779;23996;19166;59029;26441;19184;21762;26442;19170;66997;66413;23997;19181;19167;26440;26446;70247;93765;67089;19173;19177;26444;19175;26445;26443;57296;26409;19172;19182;19179;69077;22123;16150;17463;216080"
"Nuclear Receptor transcription pathway",0.00222904321642518,0.0236751408290008,0.431707695803346,-0.692368317805561,-1.74334442694049,39,"225998;19885;21833;14815;19013;19883;21834;15370;217166;18667;14536;26381"
"Ribosome Quality Control (RQC) complex extracts and degrades nascent peptide",0.00233107853895213,0.0243893441164992,0.431707695803346,0.633544792376259,1.71829973630914,89,"23996;68436;19166;59029;26441;19184;21762;26442;19170;66997;66413;23997;19181;19167;26440;26446;70247;67089;19173;19177;26444;19175;26445;26443;66480;57296;19172;19182;67673;19942;19982;19179;69077;66483;22123;67248;17463;216080;56438;19946;67025;56436;19944;19899;66244;76788;269261"
"G2/M Checkpoints",0.00240839117481694,0.0248276796109805,0.431707695803346,0.762876992365998,1.81758200524082,37,"23996;19166;59029;26441;19184;21762;22059;26442;19170;66997;66413;23997;19181;19167;29870;26440;26446;70247;67089;19173;19177;26444;19175;26445;26443;57296;19172;19182;19179;69077;22123"
"Autodegradation of the E3 ubiquitin ligase COP1",0.00250977505605598,0.0252390716258668,0.431707695803346,0.759587612256558,1.81608511184746,38,"23996;19166;59029;26441;19184;21762;22059;26442;19170;66997;66413;23997;19181;19167;26440;26446;70247;67089;19173;19177;26444;19175;26445;26443;57296;19172;19182;19179;26374;69077;22123"
"GSK3B-mediated proteasomal degradation of PD-L1(CD274)",0.00252030672440896,0.0252390716258668,0.431707695803346,0.738530807149854,1.79157526014782,42,"23996;19166;59029;26441;19184;21762;26442;26754;18005;19170;66997;66413;23997;19181;19167;26440;26446;70247;67089;19173;19177;26444;19175;26445;26443;57296;19172;19182;19179;69077;22123"
"FBXL7 down-regulates AURKA during mitotic entry and in early mitosis",0.00264861981582735,0.0261504576182391,0.431707695803346,0.742532098920472,1.7962971127094,40,"23996;19166;59029;26441;19184;21762;26442;19170;66997;66413;23997;19181;19167;20878;26440;26446;70247;67089;19173;19177;26444;19175;26445;26443;57296;19172;19182;19179;69077;22123"
"Downstream TCR signaling",0.00292774154668952,0.0285048170031854,0.431707695803346,0.670155467032698,1.72439810593622,64,"23996;19166;59029;26441;19184;21762;26442;19170;66997;66413;23997;19181;19167;26440;26446;70247;18708;93765;67089;19173;19177;26444;19175;26445;26443;57296;26409;19172;19182;19179;69077;22123;16150;17463;216080"
"FCERI mediated NF-kB activation",0.00305458347892071,0.0293323701194989,0.431707695803346,0.692085723938407,1.76797891454439,58,"23996;19166;59029;26441;19184;21762;26442;19170;66997;66413;23997;19181;17096;19167;26440;26446;70247;93765;67089;19173;19177;26444;19175;26445;26443;57296;26409;19172;19182;19179;69077;22123;16150;17463;216080"
"GSK3B and BTRC:CUL1-mediated-degradation of NFE2L2",0.00316858827016643,0.0300159510457658,0.431707695803346,0.737688624315951,1.78458001730001,40,"23996;19166;59029;26441;19184;21762;26442;19170;66997;66413;23997;19181;19167;26440;26446;70247;67089;19173;19177;26444;19175;26445;26443;57296;19172;19182;19179;69077;22123;17463;56438"
"Ubiquitin-dependent degradation of Cyclin D",0.00328121956795215,0.0306684655617927,0.431707695803346,0.753716320103298,1.79575637250158,37,"23996;19166;12567;59029;26441;19184;21762;26442;19170;66997;66413;23997;19181;19167;26440;26446;70247;67089;19173;19177;26444;19175;26445;26443;57296;19172;19182;19179;69077;22123"
"Degradation of beta-catenin by the destruction complex",0.00339382473852155,0.0313035676539949,0.431707695803346,0.687294779972941,1.73551356100233,53,"23996;19166;59029;26441;19184;21762;26442;19170;66997;66413;23997;19181;19167;26440;26446;70247;12387;67089;19173;19177;26444;19175;26445;26443;57296;19172;19182;19052;19179;69077;22123;17463;56438;226849;93687;73699"
"Keratan sulfate degradation",0.00408361387277887,0.0371767964262076,0.407017918923954,-0.814277638113957,-1.66043465913345,14,"116847;244757;18295;14264;70893;15212"
"Signaling by ERBB2",0.00419193297373432,0.0376736540331764,0.407017918923954,-0.803383362004319,-1.65330065103979,15,"13645;13869;13867;13874"
"ER-Phagosome pathway",0.00426329050123048,0.0378299574856021,0.407017918923954,0.750752445243698,1.67509827375821,25,"19166;26441;26442;19188;19167;26440;26446;16913;19177;26444;19175;19186;26443;19172;16912"
"SPOP-mediated proteasomal degradation of PD-L1(CD274)",0.00436674979346393,0.0382636450652277,0.407017918923954,0.706332063085327,1.74369145356812,45,"23996;19166;12567;59029;26441;19184;21762;26442;19170;66997;66413;23997;19181;19167;26440;26446;70247;13001;67089;19173;19177;26444;19175;26445;26443;57296;22628;19172;19182"
"Activation of the pre-replicative complex",0.00455566497276284,0.0394261869865031,0.407017918923954,0.752721236121906,1.73436366345541,31,"12544;18973;12545;17220;17219;23834;17216;18974;18968;17218;19075;70024;67177;19076;18969;12566;19891;57441;17215;66634;27214;17217;18393"
"Activation of ATR in response to replication stress",0.00469507087534943,0.0401371302880482,0.407017918923954,0.744510843146026,1.74899205507813,35,"12649;12532;12544;12545;69263;17220;17219;23834;269582;17216;17218;72151;70024;12566;19891;17215;66634;27214;19355;17217;12530;18393"
"Activation of NF-kappaB in B cells",0.00486087369924408,0.0410132953483054,0.407017918923954,0.695649061034917,1.72956947041336,48,"23996;19166;59029;26441;19184;21762;26442;19170;66997;66413;23997;19181;19167;26440;26446;70247;67089;19173;19177;26444;19175;26445;26443;57296;19172;19182;19179;69077;22123;16150;17463"
"Chk1/Chk2(Cds1) mediated inactivation of Cyclin B:Cdk1 complex",0.00503158830235986,0.0410132953483054,0.407017918923954,0.834477767029051,1.63602468635943,13,"12428;12532;55948;50883;22627;12534;22628;22630;22629;268697"
"Cyclin A/B1/B2 associated events during G2/M transition",0.00501788104589605,0.0410132953483054,0.407017918923954,0.734946391791907,1.6759170111133,29,"12428;18817;12442;12532;217653;268930;72415;212427;12531;12534;77744;12566;268697;19052;12530;56371;73699;103573;72590"
"Signaling by SCF-KIT",0.00501450137338354,0.0410132953483054,0.407017918923954,0.748367805628324,1.72433281631425,31,"18710;12649;19273;17096;18708"
"Degradation of CRY and PER proteins",0.00517451202543909,0.0416934819521012,0.407017918923954,0.733570464254877,1.75388115488953,38,"23996;19166;59029;26441;19184;21762;26442;19170;66997;66413;23997;19181;19167;26440;26446;70247;67089;19173;19177;26444;19175;26445;26443;57296;19172;19182;19179;69077;22123"
"Degradation of GLI1 by the proteasome",0.00533387199723703,0.0424891394325359,0.407017918923954,0.715945163272879,1.73678556090609,42,"23996;19166;59029;26441;19184;21762;26442;19170;66997;66413;23997;19181;19167;26440;26446;70247;67089;19173;19177;26444;19175;26445;26443;57296;19172;19182;19179;69077;22123"
"GLI3 is processed to GLI3R by the proteasome",0.00584244180322179,0.0460174348770615,0.407017918923954,0.685484664385395,1.68347326923573,44,"23996;19166;59029;26441;19184;21762;26442;19170;66997;66413;23997;19181;19167;26440;26446;70247;67089;19173;19177;26444;19175;26445;26443;57296;19172;19182;19179;69077;22123"
"Kinesins",0.00666500331847092,0.0519129702916457,0.407017918923954,0.688635274098872,1.70000415502401,45,"71819;26934;16571;16551;110033;240641;19348;269152;209737;70218;229841;16573;100502766;228421"
"Regulation of RUNX3 expression and activity",0.00677308445336504,0.0521750791407571,0.407017918923954,0.683146391334684,1.66937977894406,43,"23996;19166;59029;26441;19184;21762;26442;19170;66997;12400;66413;23997;19181;19167;26440;26446;70247;67089;19173;19177;26444;19175;26445;26443;57296;19172;19182"
"Degradation of AXIN",0.0070034602826581,0.0522279325334396,0.407017918923954,0.692824677307595,1.6764284663148,41,"23996;19166;59029;26441;19184;21762;26442;19170;66997;66413;23997;19181;19167;26440;26446;70247;67089;19173;19177;26444;19175;26445;26443;57296;19172;19182;19179;69077;22123"
"MHC class II antigen presentation",0.00699024467503242,0.0522279325334396,0.407017918923954,0.598001151039478,1.63100050194754,91,"71819;26934;16571;16551;110033;19348;20743;209737;19141;56455;229841;252903;13032;16573;228421;11771;11769;232910;110379;11767;54130;73804;13430;13040;13030;65972;66397;13427;11773;226977;16149;22143;19025"
"SUMOylation of DNA replication proteins",0.0070034602826581,0.0522279325334396,0.407017918923954,0.694452527913541,1.68036737782315,41,"20877;16319;52276;71805;21973;19387;69912;70699;223921;170762;72787;22196;69736;69482;18538;66679;103468;234865;20610;227699;445007;170930;19069;231042;21974;21969"
"Degradation of DVL",0.00744366595125074,0.054926419282387,0.407017918923954,0.678056975085039,1.65694295913273,43,"23996;19166;59029;26441;19184;21762;26442;19170;66997;66413;23997;19181;19167;26440;26446;70247;67089;19173;19177;26444;19175;26445;26443;57296;19172;19182;19179;69077;22123"
"KEAP1-NFE2L2 pathway",0.00764304279432164,0.0556107978468099,0.407017918923954,0.661379957827238,1.65983755851552,52,"23996;19166;59029;26441;19184;21762;26442;19170;66997;66413;23997;19181;19167;26440;26446;70247;11651;67089;19173;19177;26444;19175;26445;26443;57296;19172;19182;217365;19179;69077;22123;17463;22230;56438"
"Signaling by Hippo",0.00769507473771835,0.0556107978468099,0.407017918923954,-0.739843994905825,-1.62893982988657,20,"56332;50523;211652;75723;21872;97064;27494"
"Hedgehog ligand biogenesis",0.00792302944066422,0.0566739146725063,0.380730400722792,0.684211535074729,1.69105315728879,46,"23996;19166;59029;26441;19184;21762;26442;19170;66997;66413;23997;19181;19167;26440;26446;70247;67089;19173;19177;26444;19175;26445;26443;57296;19172;19182;19179;69077;22123"
"PI3K events in ERBB2 signaling",0.00831561026456264,0.0582924279545841,0.380730400722792,-0.784795829614512,-1.60654496447392,13,"13645;13869;13867;13874"
"Respiratory electron transport",0.00829247856998859,0.0582924279545841,0.380730400722792,0.614550811219317,1.62117108890039,73,"68197;13063;12858;12864;110842;22273;225887;72900;66445;67003;17992;227197;67273;68375;66091;17995;66414;226646;70316;15159;66046;12867;66594;66142;66152;66108;66576;110323;68349;12866;230075;17993;17991;66218;66694;66377;12861;22272;66916;12868;67264"
"Formation of Senescence-Associated Heterochromatin Foci (SAHF)",0.00937295493287948,0.0650538753262229,0.380730400722792,0.822592934724751,1.65304700079569,14,"56702;80838;14957;22059;16906"
"Mitochondrial ribosome-associated quality control",0.0100055449364423,0.0684468683893383,0.380730400722792,0.590932365368905,1.59419989533217,85,"68537;75398;94066;66845;56282;60441;27395;27393;28028;218506;64655;353242;67681;66448;69956;74600;69163;68611;70316;56284;68735;67270;59054;216767;67707;107733;64659;64656;94062;66223;27398;66047;67308;56280;14548;118451;66121;67036;79044;68836;66407;18100;66292;50529;94064;69527;78523;65111;68463;66163;19935;66973;66493;66242;66128;94065;94061;68572;68499;64658"
"Syndecan interactions",0.0100571004908728,0.0684468683893383,0.380730400722792,0.818828772344807,1.6454827037175,14,"16398;14268;20969"
"Mitochondrial translation termination",0.0102564589778266,0.0691324783024658,0.380730400722792,0.568813109529629,1.57367301218686,97,"68537;75398;94066;66845;56282;60441;27395;27393;28028;218506;64655;353242;67681;66448;69956;74600;69163;68611;56284;68735;67270;59054;216767;67707;107733;64659;64656;94062;66223;27398;66047;67308;56280;14548;118451;66121;67036;79044;68836;66407;18100;66292;50529;94064;69527;78523;65111;17721;68463;66163;19935;66973;17722;66493;66242;66128;94065;94061;68572;68499;64658"
"Mitochondrial translation elongation",0.0105878947208424,0.0706868018981956,0.380730400722792,0.605176848287325,1.63014437996852,83,"68537;75398;94066;66845;56282;60441;27395;27393;28028;218506;64655;353242;67681;66448;69956;74600;69163;68611;56284;68735;67270;59054;216767;67707;107733;64659;28030;64656;94062;66223;27398;66047;67308;56280;14548;118451;66121;67036;79044;68836;66407;18100;66292;50529;94064;69527;78523;65111;68463;66163;19935;66973;66493;66242;66128;94065;94061;68572;68499;64658"
"Processing of antigen in germinal center B cells",0.0115686590645743,0.0765059434364769,0.380730400722792,0.637241031528556,1.63697809192841,61,"71819;26934;16571;16551;110033;19348;20743;209737;56455;229841;13032;16573;228421;54130;73804;13040;13030;65972;13427;226977;22143;19025;59288;69654;53857;13034"
"Interleukin-7 signaling",0.0119699404474304,0.0782193574230486,0.380730400722792,0.71367557452376,1.59237140082853,25,"18710;319150;319148;260423;319149;319153;97908;319152;319154"
"snRNP Assembly",0.0120509138397849,0.0782193574230486,0.380730400722792,0.659931763411215,1.63612971736238,47,"71805;20641;20643;69912;70699;223921;110379;70465;170762;72787;69736;27374;69482;69878;20638;66679;103468;234865;67242;227699;53975;445007;67332;68011;216766;20595;19069;231042;66603;107686"
"Postmitotic nuclear pore complex (NPC) reformation",0.0128546786719888,0.082670915129029,0.380730400722792,0.747138473072231,1.63037524211069,22,"19384;71805;19387;69912;70699;100088;110379;170762;72787;22196;69736;69482;103468;234865;227699;445007"
"SHC1 events in ERBB2 signaling",0.0135707732326701,0.0864828366918342,0.380730400722792,-0.771682345378654,-1.57357644632848,14,"13645;13869;13867;13874"
"Glutamate Neurotransmitter Release Cycle",0.015165928195668,0.0957776186050746,0.380730400722792,-0.737739045442096,-1.54807741617404,16,"22249;20979;20512;22318;207777"
"Transport of Mature mRNA derived from an Intron-Containing Transcript",0.0155178795167974,0.0971252994756695,0.380730400722792,0.595187445395786,1.5527980114684,69,"433702;71805;68278;69912;70699;110809;69823;223921;53817;108014;110379;66118;170762;72787;69736;225160;56488;68092;107829;69482;73666;66679;103468;192170;66231;234865;21681;227699;108121;445007;20382;66441;19069;17149;231042"
"Interconversion of nucleotide di- and triphosphates",0.0166961474915801,0.103028801228674,0.352487857583619,0.70036688238107,1.56267670269543,25,"11636;20135;110074;20133;66588;18102;22171;22166;14782;18103"
"Transport of the SLBP Dependant Mature mRNA",0.0167550404280583,0.103028801228674,0.352487857583619,0.669805149973384,1.56731943848816,34,"433702;71805;69912;70699;13684;223921;110379;170762;72787;69736;68092;69482;66679;103468;234865;21681;227699;445007;19069;231042"
"TNFR2 non-canonical NF-kB pathway",0.0169948263375833,0.103594550109964,0.352487857583619,0.646077284785945,1.60178112944142,47,"23996;19166;59029;26441;19184;21762;26442;19170;66997;66413;23997;19181;19167;21926;26440;26446;70247;67089;19173;19177;26444;19175;26445;26443;57296;21934;19172;19182;19179;69077;22123;22031;17463"
"Regulation of APC/C activators between G1/S and early anaphase",0.0173868700068792,0.105070654093296,0.352487857583619,0.736028687144714,1.62275283060998,24,"12428;68612;107995;217232;12534;69957;52206;12566;67141;268697;22194;216080;56371"
"Glycolysis",0.018327636874152,0.109326750479927,0.352487857583619,0.705597182591555,1.54997523468851,23,"18746;14433;18648;21991;18641;18655;26384;14751;11674;12183"
"Nuclear Pore Complex (NPC) Disassembly",0.0184030764003301,0.109326750479927,0.352487857583619,0.683851568258654,1.57567935414635,31,"12442;71805;69912;70699;223921;110379;12534;170762;72787;69736;268697;69482;66679;103468;234865;227699;445007"
"Paracetamol ADME",0.019378530006088,0.114154197766955,0.352487857583619,0.743553185446359,1.60796911703931,20,"27416;26357;23887;394436;613123;394434;394432;94284;66054"
"AMPK-induced ERAD and lysosome mediated degradation of PD-L1(CD274)",0.019974488192916,0.116684301860284,0.352487857583619,0.640660825113601,1.61461522696455,54,"23996;19166;59029;26441;19184;21762;26442;19170;66997;66413;23997;19181;19167;26440;26446;70247;67089;19173;19177;26444;19175;26445;26443;57296;19172;19182"
"ABC-family protein mediated transport",0.0210847144704469,0.121386421997624,0.352487857583619,0.601219012265865,1.54701554639935,64,"27416;23996;19166;59029;26441;19184;21762;26442;19170;66997;66413;23997;19181;19167;26440;26446;70247;13665;67089;19173;19177;26444;19175;26445;26443;57296;19172;19182;239273"
"Complex I biogenesis",0.0211257396343939,0.121386421997624,0.352487857583619,0.609380299055196,1.56540798512821,61,"229211;68197;225887;72900;76916;227197;68493;67273;68375;66091;17995;66414;226646;70316;66046;66108;68349;230075;17993;17991;66218;66377;66916;67264;75597;15526;68198;66495;54405;17721;26940;69702;17722;69487;68342;73694;68194;67184;67130;68202;100900;66928"
"Hedgehog 'on' state",0.0213533059500248,0.1216964835038,0.352487857583619,0.607904838763854,1.53963305194222,55,"66573;319757;23996;19166;59029;26441;19184;21762;26442;19170;66997;66413;23997;19181;19167;26440;26446;70247;67089;19173;19177;26444;19175;26445;26443;57296;19172;19182"
"Gluconeogenesis",0.0215467235763837,0.121808493766492,0.352487857583619,0.762097473106639,1.61445441370795,18,"14433;18648;21991;18655;14751;11674"
"ISG15 antiviral mechanism",0.0224805353769933,0.126070842394178,0.352487857583619,0.690946245970893,1.55611822595901,27,"230861;93765;230073;13684;286940;100038882;66892;74153;208643;56208;17858;22194;24110;192170;26417"
"Asymmetric localization of PCP proteins",0.0247119005050657,0.134893749288939,0.352487857583619,0.61127607388688,1.51979567659594,48,"23996;19166;59029;26441;19184;21762;26442;19170;66997;66413;23997;19181;19167;26440;26446;70247;67089;19173;19177;26444;19175;26445;26443;57296;19172;19182"
"PI3K Cascade",0.0248235287564524,0.134893749288939,0.352487857583619,-0.665404857617307,-1.49821794150817,22,"16367;384783;14173;14165;14182;18706"
"Presynaptic phase of homologous DNA pairing and strand exchange",0.0247541746227794,0.134893749288939,0.352487857583619,0.714631848602836,1.55944060596277,22,"12649;237911;26909;12021;327762;57434;19361;12189;12144"
"Transport of the SLBP independent Mature mRNA",0.0247119005050657,0.134893749288939,0.352487857583619,0.674267874022166,1.56598148213648,33,"433702;71805;69912;70699;13684;223921;110379;170762;72787;69736;68092;69482;66679;103468;234865;21681;227699;445007;19069;231042"
"Antigen processing: Ubiquitination & Proteasome degradation",0.0252065768703188,0.135921618354565,0.352487857583619,0.441537015540148,1.35083653021465,258,"218203;68612;107995;23996;19166;59029;26441;71778;19184;21762;211949;26442;104184;19170;22200;66997;66413;23997;19181;387524;19167;26440;26446;209200;70247;93765;67089;19173;50492;170737;19177;26444;217232;19175;218215;26445;70294;26443;27401;22195;69957;57296;67615;242960;52206;12449;22192;74153;19172;19182;268470;19155;22036;67673;75234;22201;106052;67345;69706;67128;67921;22193;19179;98766;69077;68497;22123;217342;22194;109161;71999;17463;68431;216080;672511;56438"
"APC/C:Cdc20 mediated degradation of mitotic proteins",0.0262155624306266,0.139220524726282,0.352487857583619,0.73192852885718,1.58315972139927,21,"68612;107995;56150;12237;217232;12236;69957;52206"
"Inactivation of APC/C via direct inhibition of the APC/C complex",0.0262155624306266,0.139220524726282,0.352487857583619,0.73192852885718,1.58315972139927,21,"68612;107995;56150;12237;217232;12236;69957;52206"
"FGFR2 alternative splicing",0.0271640596941388,0.143172976282641,0.352487857583619,0.7376885289247,1.55976179263614,17,"433702;231329;68705;15382;68092;19205;69241;98053;69833;17749;245841;69920;67710"
"Regulation of RAS by GAPs",0.0276532179084787,0.144663475774952,0.352487857583619,0.61073057170506,1.53272491712625,52,"54153;23996;19166;59029;26441;19184;21762;26442;19170;66997;66413;23997;19181;19167;26440;26446;70247;67089;19173;19177;26444;19175;26445;26443;57296;19172;19182"
"Resolution of D-loop Structures through Holliday Junction Intermediates",0.0281901568877923,0.145303676311341,0.352487857583619,0.666003269218375,1.54678700679731,33,"237911;26909;12021;268465;19362;209334;327762;57434;19361;12189;12144;381306;60530;12190;19363;233826;74386;27354;52864;17535"
"SUMOylation of intracellular receptors",0.0281554989740771,0.145303676311341,0.352487857583619,-0.660728816304699,-1.48768942054896,22,"56469;21833;14815;19013;19883;21834;18667"
"Serine metabolism",0.028530380535003,0.145983917919979,0.352487857583619,0.818740577861246,1.54694941867613,10,"230779;100678;218442;107272"
"RUNX1 regulates transcription of genes involved in differentiation of HSCs",0.0298542868407787,0.151644693888449,0.352487857583619,0.621051013011562,1.54809587004854,50,"22062;23996;19166;59029;26441;19184;21762;26442;19170;66997;12400;66413;23997;109594;19181;19167;26440;26446;70247;67089;19173;21423;19177;26444;19175;26445;26443;57296;19172;19182"
"mRNA Splicing - Major Pathway",0.0300693472902915,0.151644693888449,0.352487857583619,0.468729666586652,1.38585445989102,191,"433702;20641;27756;20643;28035;231329;110809;68705;15481;68816;20637;53817;108014;68981;28000;68479;15382;236732;78651;20624;27366;83701;22608;101943;13211;66373;68183;68092;19205;69878;69241;67465;14105;56194;20638;66125;53379;67678;98053;23983;107701;192170;68988;15387;229279;108160;21681;98758;66585;69833;17749;108121;245841;11834;67332;20382;70225;66441;66094;66877;68011;13204;72198;69920;238831;17149;75062;72935;67710;53317;59013;107686"
"Citric acid cycle (TCA cycle)",0.0310022496543702,0.155232692912239,0.352487857583619,0.749016873586859,1.56149617265531,16,"14194;67834;17448;12974;66052;56451;269951;66925;20916;67680;15929"
"Regulation of PTEN stability and activity",0.031524383787576,0.156727610177949,0.321775918075361,0.61855431593139,1.55890164976197,54,"23996;19166;59029;26441;19184;21762;26442;19170;66997;66413;23997;19181;19167;26440;26446;70247;13001;11651;67089;19173;19177;26444;19175;26445;26443;57296;19172;19182;19179;14302;69077;22123"
"Processing of Capped Intron-Containing Pre-mRNA",0.0325437924819969,0.16065632767521,0.321775918075361,0.617870409181987,1.52708870382958,46,"433702;231329;110809;68705;108014;15382;236732;22608;68092;19205;69241;14105;53379;98053;23983;15387;229279;98758;69833;17749;245841;20382;69920;67710;59013"
"COPI-dependent Golgi-to-ER retrograde traffic",0.0329207613782566,0.161380795287817,0.321775918075361,0.561173223692802,1.51161330672272,83,"71819;26934;16571;16551;110033;240641;19348;269152;209737;70218;229841;16573;100502766;228421;54160;11844;73804"
"ERBB2 Regulates Cell Motility",0.0333048267028769,0.162129746657755,0.321775918075361,-0.769776670442979,-1.53958773786864,12,"13645;13869;13867;13874"
"Phosphorylation of the APC/C",0.0345906550713565,0.167227925551868,0.321775918075361,0.70813673454606,1.53137935803151,20,"68612;18817;217232;12534;69957;52206;268697;22194;216080"
"Ribavirin ADME",0.0350904498900513,0.168482228581685,0.321775918075361,0.809829409025268,1.53011242803063,10,"63959;18102;18103;16434"
"Interleukin-3, Interleukin-5 and GM-CSF signaling",0.0359405410556024,0.171389927074675,0.321775918075361,0.724225013996002,1.53129466137821,17,"18710;18708"
"Transport of Mature mRNA Derived from an Intronless Transcript",0.0363271243502141,0.172062933577703,0.321775918075361,0.633675781769375,1.53295726722261,40,"433702;71805;51786;69912;70699;13684;223921;110379;170762;72787;69736;68092;69482;66679;103468;234865;21681;227699;445007"
"MAPK6/MAPK4 signaling",0.0380522888805554,0.179024526881002,0.321775918075361,0.582122583899008,1.48649802979983,59,"23996;19166;545156;59029;26441;19184;21762;26442;19170;66997;66413;23997;19181;19167;26440;50772;26446;70247;67089;19173;104252;19177;26444;19175;12534;26445;26443;57296;19172;19182;235072;12540"
"Prednisone ADME",0.0390844013407427,0.182654435599071,0.321775918075361,0.797842885645262,1.50746478373885,10,"100727;394433;22236"
"mRNA Polyadenylation",0.0422067977751669,0.195940167154914,0.321775918075361,0.511854690644123,1.42574734014145,114,"433702;20641;18789;20643;51786;231329;110809;68705;20637;432508;108014;68981;68479;15382;236732;83701;22608;101943;100336;108062;13211;68092;19205;69878;69241;67465;14105;56194;20638;66125;19046;53379;98053;23983;19045;107701;15387;229279;98758;67337;69833;17749;108121;245841;67332;20382;68011;13204;69920;68598"
"Factors involved in megakaryocyte development and platelet production",0.0433794583901206,0.200059212707069,0.321775918075361,0.567161916067216,1.45672124717212,62,"319150;319148;260423;319149;319153;97908;319152;13660;15182;319154"
"Regulation of TP53 Activity through Phosphorylation",0.0443261741173929,0.203089202982303,0.321775918075361,0.546085277248684,1.4709714163881,83,"12649;12428;20877;237911;108143;50883;69263;22059;235559;26909;20878;72119;13001;12021;60599"
"Interleukin-1 signaling",0.0457458736442845,0.208232840419762,0.321775918075361,0.54778450680576,1.4268313769891,68,"16181;16178;23996;19166;59029;26441;19184;21762;26442;19170;66997;66413;23997;19181;19167;26440;26446;70247;93765;266632;67089;19173;19177;26444;19175;26445;26443;57296;26409;16175;19172;19182"
"Acyl chain remodelling of PG",0.047438330170778,0.214543673869131,0.287857117255149,0.790259666358724,1.49313685498558,10,"18779;18783;99010"
"Interleukin receptor SHC signaling",0.0492700729927007,0.219989306801804,0.276500599254472,0.718572752944058,1.49802847314149,16,"18710;18708"
"mRNA decay by 3' to 5' exoribonuclease",0.0492700729927007,0.219989306801804,0.276500599254472,0.718896799939748,1.49870402286723,16,"50911;66317;218343;72544;109075;108077;72662;66583;227715;66362;27998;69639"
"IP3 and IP4 transport between cytosol and nucleus",0.0526315789473684,0.229159856162144,0.261663521711573,0.65394235956273,1.48264693753696,28,"71805;69912;70699;223921;110379;170762;72787;69736;69482;66679;103468;234865;227699;445007;19069;231042"
"IP6 and IP7 transport between cytosol and nucleus",0.0526315789473684,0.229159856162144,0.261663521711573,0.65394235956273,1.48264693753696,28,"71805;69912;70699;223921;110379;170762;72787;69736;69482;66679;103468;234865;227699;445007;19069;231042"
"IPs transport between nucleus and cytosol",0.0526315789473684,0.229159856162144,0.261663521711573,0.65394235956273,1.48264693753696,28,"71805;69912;70699;223921;110379;170762;72787;69736;69482;66679;103468;234865;227699;445007;19069;231042"
"TP53 Regulates Metabolic Genes",0.0524462405932809,0.229159856162144,0.321775918075361,0.562312436630071,1.44863610164416,63,"14776;14381;75747;55948;13063;21672;14751;12858;12864;11651;22627;22166;17992;74747;14782;18477;22628;22630;22629;12867;66142;56692;110323;68441;12866"
"Cristae formation",0.0543478260869565,0.232763825163004,0.261663521711573,0.685644193844286,1.48273816931749,20,"11949;70257;228033;11951;11950;28080;11947;11946;11958;27425;66477;57423;67126"
"Formation of ATP by chemiosmotic coupling",0.0543478260869565,0.232763825163004,0.261663521711573,0.685644193844286,1.48273816931749,20,"11949;70257;228033;11951;11950;28080;11947;11946;11958;27425;66477;57423;67126"
"L13a-mediated translational silencing of Ceruloplasmin expression",0.0544554455445545,0.232763825163004,0.248911114434702,0.49171508786105,1.36730674142503,103,"68436;16785;13665;13684;223691;67941;66480;27979;98221;27050;208643;20042;19942;19982;20115;66483;27207;67248;54709;55944;19946;76846;66235;67025;27370;267019;19944;16341;19899;269261;68052;19988;13669;68193;20090;68135;67427;20104;65019;56347;19951;22121;68028;66475;19921;26905;100503670;19981;13681;114641;20068;67097;76808;20005;19943;20055;53356;57808;22384;18458;66085"
"Apoptosis induced DNA fragmentation",0.0549242424242424,0.233344811753903,0.266350657088526,0.759677344780793,1.46569388029514,12,"56702;80838;14957;12367;16211;16646"
"EGFR downregulation",0.0569476082004556,0.240483574388671,0.287857117255149,-0.599287694406193,-1.42782173023912,30,"13645;24063;20404;22190;21802;13874;545622"
"GTP hydrolysis and joining of the 60S ribosomal subunit",0.0579470198675497,0.243238688186541,0.241339976815091,0.492854906581057,1.36869648369653,104,"68436;16785;13665;13684;223691;67941;66480;27979;98221;27050;208643;20042;19942;19982;20115;66483;27207;67248;54709;55944;19946;76846;66235;67025;27370;267019;19944;16341;19899;269261;68052;19988;13669;68193;20090;68135;67427;20104;65019;56347;19951;22121;68028;66475;19921;26905;100503670;19981;13681;114641;20068;67097;76808"
"AURKA Activation by TPX2",0.0596491228070175,0.244526520980815,0.245041785430996,0.521263559059069,1.36702311340293,70,"18817;22154;18005;56455;20878;72119;20873;103733;22627;67203;15366;208518;75296;54130;12534;22628;13427;68475;214444;69654;70799;231123;219103;26370;230376;104318;227613;53598;12009"
"Purine salvage",0.0591497227356747,0.244526520980815,0.252961123069611,0.747716992540567,1.46592696239469,13,"13178;66355;15452;109674"
"Turbulent (oscillatory, disturbed) flow shear stress activates signaling by PIEZO1 and integrins in endothelial cells",0.0595446584938704,0.244526520980815,0.245041785430996,0.659912010373908,1.47866092386776,26,"14268;12306;12336;16412;19052;16402;16150;14083;16151;73699"
"mRNA Splicing - Minor Pathway",0.0588235294117647,0.244526520980815,0.248911114434702,0.582008842062431,1.4293482830129,44,"433702;20641;20643;231329;110809;68705;20624;27366;22608;101943;68092;69878;69241;20638;66125;98053;107701;66585;69833;17749;245841;67332;20382;68011;69920"
"HDR through Single Strand Annealing (SSA)",0.0620567375886525,0.252917285172357,0.241339976815091,0.6222197977414,1.46170803659951,35,"237911;69263;235559;26909;12021;327762;72151;16881;19361;19891;12189;12144;19355;68240;74386;27354;19718;17535"
"CRMPs in Sema3A signaling",0.0633187772925764,0.256090171968279,0.266350657088526,-0.729284470417189,-1.48712079807725,14,"22240;65254;243743;18186;12934"
"Neddylation",0.0635658914728682,0.256090171968279,0.222056046145248,0.438433361940241,1.29627986731574,191,"23996;19166;12238;59029;26441;71778;19184;21762;211949;26442;26754;15251;50933;19170;66997;66413;23997;19181;56468;19167;26440;26446;70247;76843;67089;19173;19177;26444;19175;26445;26443;27401;223499;57296;242960;114893;12449;22192;26893;19172;26891;19182;67673;18002;106052;69706;71833;54607;217365;67921;19179;26374;69077;22123;71999;17463;68431;216080;22230;56438;54638;59043;26572"
"Biosynthesis of the N-glycan precursor (dolichol lipid-linked oligosaccharide, LLO) and transfer to a nascent protein",0.0664136622390892,0.25962962962963,0.241339976815091,0.774599488866807,1.46354811451937,10,"66789;208624;320302;381903;13478"
"CDC42 GTPase cycle",0.0657276995305164,0.25962962962963,0.271288554688953,-0.462236601270966,-1.35015780473544,82,"109294;14270;50768;236920;243362;239027;71302;319899;244867;53972;12549;19418;214137;19765;71972;442801;234094;106952;330914;224014;52666"
"Formation of a pool of free 40S subunits",0.0665557404326123,0.25962962962963,0.224966093540314,0.497515621319138,1.36758159540928,93,"68436;16785;223691;67941;66480;27979;98221;27050;20042;19942;19982;20115;66483;27207;67248;54709;55944;19946;76846;66235;67025;27370;267019;19944;16341;19899;269261;68052;19988;13669;68193;20090;68135;67427;20104;65019;56347;19951;22121;68028;66475;19921;100503670;19981;114641;20068;67097;76808"
"GRB2 events in ERBB2 signaling",0.0652631578947368,0.25962962962963,0.257206466468838,-0.777083964383668,-1.48867443432667,10,"13869;13874"
"Homologous DNA Pairing and Strand Exchange",0.0666666666666667,0.25962962962963,0.234392647294686,0.664004341242761,1.46395778195687,24,"237911;26909;12021;19362;327762;57434;19361;12189;12144;12190;19363;233826;74386;27354;17535"
"Regulation of HSF1-mediated heat shock response",0.0663082437275986,0.25962962962963,0.234392647294686,0.538679925155617,1.38356696768455,62,"18415;71805;69912;70699;15481;15512;22627;223921;110379;170762;72787;69736;213539;19891;50497;26413;69482;66679;70356;103468;22791;234865;26417;227699;445007"
"Degradation of the extracellular matrix",0.0684684684684685,0.261809705336905,0.231126709673834,0.580367876898797,1.41822369309551,43,"381122;14268;11501;11487;12505;56213"
"PI5P, PP2A and IER3 Regulate PI3K/AKT Signaling",0.0687203791469194,0.261809705336905,0.266350657088526,-0.464213468437499,-1.35752692667962,83,"16367;13645;13869;16337;16180;384783;18595;18596;13867;21802;13874;14173;14165"
"SUMOylation of SUMOylation proteins",0.0678571428571429,0.261809705336905,0.231126709673834,0.617546223909387,1.43424592549046,33,"71805;69912;70699;223921;110379;170762;72787;22196;69736;69482;66679;103468;234865;227699;445007;170930;19069;231042"
"SUMOylation of chromatin organization proteins",0.0681003584229391,0.261809705336905,0.231126709673834,0.52594012669118,1.35884017009645,65,"319157;326620;319160;320332;319159;15182;319161;71805;319158;69912;70699;69386;223921;110379;319156;170762;72787;22196;69736;69482;66679;103468;12151;234865;20610;12416;227699;319155;445007"
"Recruitment of mitotic centrosome proteins and complexes",0.0704225352112676,0.26684430909783,0.224966093540314,0.508831283113131,1.35498957803504,77,"18817;22154;171567;18005;56455;20873;103733;76789;22627;67203;208518;75296;54130;12534;22628;13427;68475;214444;69654;70799;231123;219103;259279;26370;51885;230376;104318;227613;53598;12009"
"Regulation of Glucokinase by Glucokinase Regulatory Protein",0.0716783216783217,0.270142491916685,0.222056046145248,0.633998141620256,1.44572214031149,29,"71805;69912;70699;223921;110379;170762;72787;69736;69482;66679;103468;234865;227699;445007;19069;231042"
"HDR through Homologous Recombination (HRR)",0.073345259391771,0.274946667559527,0.222056046145248,0.556939394073241,1.38078683878295,47,"237911;18973;69263;26909;12021;18974;19362;327762;72151;57434;19361;18971;19891;18538;12189;12144;67967;68240;12190;80905;19363;233826;74386;27354;19718;17535"
"Norepinephrine Neurotransmitter Release Cycle",0.0759219088937093,0.283091798587714,0.241339976815091,-0.722455123803134,-1.47892814590314,13,"22249;20979;20517;22318;207777"
"mRNA 3'-end processing",0.0789946140035907,0.292990605378397,0.213927855492356,0.541672558802406,1.37188737723844,55,"433702;18789;68278;51786;110809;432508;69823;53817;108014;66118;108062;225160;68092;107829;73666;192170;66231;21681;67337;108121;20382;66441"
"PIP3 activates AKT signaling",0.0799086757990868,0.294820956500841,0.241339976815091,-0.463696204715797,-1.33070904968664,75,"16367;13645;13869;16180;384783;18595;18596;13867;21802;109270;78757;13874;14173;14165"
"PCNA-Dependent Long Patch Base Excision Repair",0.0815217391304348,0.297639266304348,0.211400189384923,0.660239801648,1.42779996329762,20,"18973;69263;18974;72151;16881;11792;18971;19891;18538;18970;67967"
"RA biosynthesis pathway",0.0814977973568282,0.297639266304348,0.234392647294686,-0.689897001622862,-1.44768529508767,16,"232174;11522;11668"
"Serotonin Neurotransmitter Release Cycle",0.0845986984815618,0.30727299293044,0.227987202850442,-0.71086699571952,-1.45520624510054,13,"22249;20979;22318;207777;27204;20910"
"APC-Cdc20 mediated degradation of Nek2A",0.0858143607705779,0.308491625129103,0.20207170902116,0.63666144626227,1.42656352289717,26,"68612;107995;56150;18005;12237;217232;12236;69957;52206"
"Processive synthesis on the lagging strand",0.0853889943074004,0.308491625129103,0.211400189384923,0.748165037803321,1.41360218559949,10,"18968;19075;16881;19076;18969;18971;18538;67967"
"GRB2:SOS provides linkage to MAPK signaling for Integrins ",0.0890151515151515,0.318365414347557,0.206587922696891,0.7327121580831,1.39479915642497,11,"14268"
"Interleukin-4 and Interleukin-13 signaling",0.0909090909090909,0.318789962436447,0.204294756516886,0.722310295774742,1.39359925297851,12,"16164;56468;16190"
"Polymerase switching",0.0900735294117647,0.318789962436447,0.20207170902116,0.708927644217423,1.42463017439712,14,"69263;18968;72151;19075;19076;18969;18971;18538;67967"
"Processing of SMDT1",0.0914076782449726,0.318789962436447,0.199915231309662,0.696827006535903,1.42618098080026,15,"215999;216001;66592;12034;18673;381038;66865;69029;73078;234847;27377"
"SLBP Dependent Processing of Replication-Dependent Histone Pre-mRNAs",0.0909090909090909,0.318789962436447,0.204294756516886,0.728867937906351,1.38748125539045,11,"433702;20643;68092;69878;20638;67332;68011"
"SLBP independent Processing of Histone Pre-mRNAs",0.0910815939278937,0.318789962436447,0.204294756516886,0.743011059183253,1.40386412638297,10,"433702;20643;68092;69878;20638;67332;68011"
"KSRP (KHSRP) binds and destabilizes mRNA",0.093235831809872,0.323556030191685,0.197822021315103,0.689568217642971,1.41132457230053,15,"50911;11651;72544;109075;72662;66583;70640;227715;16549;66362;27998;69639;66446"
"Dopamine Neurotransmitter Release Cycle",0.0947136563876652,0.325462123175261,0.216542836735348,-0.673191663879267,-1.42802392950765,17,"22249;20979;22318;207777;27204;20910;319924;19339;68507;108030"
"Regulation of FZD by ubiquitination",0.0947136563876652,0.325462123175261,0.216542836735348,-0.669767638676774,-1.42076063409455,17,"22190;14367;407821;72780;14370"
"Post-translational modification: synthesis of GPI-anchored proteins",0.0955752212389381,0.326820634578027,0.191892240384838,0.60048293560668,1.38358762057378,31,"17068;72434;17069;246190;74762;21838"
"G alpha (s) signalling events",0.101809954751131,0.346062978243238,0.211400189384923,-0.509043109073663,-1.33242328616376,48,"54611;18584;54598;11535;14696;18573;29863;207728;14608;93896;14702;14708;109689;320129;17199;14773;19219;56089;23984;18576"
"MET activates PTK2 signaling",0.102189781021898,0.346062978243238,0.188204146308491,0.664600894311059,1.38551184813818,16,"16398;14268"
"Pexophagy",0.103157894736842,0.347661943319838,0.20207170902116,-0.732480783734414,-1.40322727833644,10,"22190;17966;18412;67443;19305;100756"
"Class I peroxisomal membrane protein import",0.106884057971014,0.350120208587295,0.183023938384487,0.654564653808688,1.38665306170196,18,"19299;20524"
"Conversion from APC/C:Cdc20 to APC/C:Cdh1 in late anaphase",0.106884057971014,0.350120208587295,0.183023938384487,0.640340665737617,1.38476713575287,20,"68612;107995;217232;69957;52206;22194;216080;56371;52563"
"MAP3K8 (TPL2)-dependent MAPK1/3 activation",0.105485232067511,0.350120208587295,0.199915231309662,-0.709377309821932,-1.41878631771939,12,"26410;22190"
"Nuclear RNA decay",0.106571936056838,0.350120208587295,0.181383128498408,0.600684400728579,1.37363310324277,30,"50911;433702;57316;72544;83701;68092;109075;72662;66583;72198;227715;66362;27998;69639;68533;66446"
"PELO:HBS1L and ABCE1 dissociate a ribosome on a non-stop mRNA",0.104712041884817,0.350120208587295,0.181383128498408,0.484386981477902,1.29452083754876,81,"68436;16785;24015;67941;66480;27050;20042;19942;19982;20115;66483;27207;67248;19946;76846;67025;27370;267019;19944;19899;269261;68052;19988;68193;20090;67427;20104;65019;19951;22121;68028;66475;19921;100503670;19981;114641;20068;67097;76808;20005;19943;20055"
"RHOU GTPase cycle",0.106481481481481,0.350120208587295,0.208955027549354,-0.533553673581192,-1.32291973222398,37,"14270;13518;20740;12549;244895;20742;66894"
"Glutathione synthesis and recycling",0.107954545454545,0.351982029598309,0.186432558434075,0.707056648369556,1.36416941963207,12,"110175;14630;23887;66054;68044;14629;14854;71522;75475"
"Loss of Nlp from mitotic centrosomes",0.1101243339254,0.352498438729247,0.178219874951973,0.494590221858172,1.28803198951003,67,"18817;22154;18005;56455;20873;103733;22627;67203;208518;75296;54130;12534;22628;13427;68475;214444;69654;70799;231123;219103;26370;230376;104318;227613;53598;12009"
"Loss of proteins required for interphase microtubule organization from the centrosome",0.1101243339254,0.352498438729247,0.178219874951973,0.494590221858172,1.28803198951003,67,"18817;22154;18005;56455;20873;103733;22627;67203;208518;75296;54130;12534;22628;13427;68475;214444;69654;70799;231123;219103;26370;230376;104318;227613;53598;12009"
"Regulation of signaling by CBL",0.108695652173913,0.352498438729247,0.181383128498408,0.639678486143004,1.38333514089506,20,"18710;17096;18708"
"TCF dependent signaling in response to WNT",0.109170305676856,0.352498438729247,0.199915231309662,-0.672644408790535,-1.37162318765756,14,"12006;22190"
"GRB2 events in EGFR signaling",0.111814345991561,0.355025115197808,0.193813302725311,-0.699752631734408,-1.3995365314717,12,"13645;21802;13874"
"RHOBTB2 GTPase cycle",0.111926605504587,0.355025115197808,0.179782316298324,0.636905339278699,1.37762478129463,21,"19230;50875;12466;53817;12461;12468;15516"
"Downregulation of ERBB2:ERBB3 signaling",0.113924050632911,0.355579710144928,0.191892240384838,-0.699187860695088,-1.39840696415663,12,"22190;13867"
"FCERI mediated Ca+2 mobilization",0.114130434782609,0.355579710144928,0.176694268938498,0.650239738047685,1.3774910062095,18,"234779;17096;19058;12313;20963;57257;14127;21682"
"Regulation of CDH1 posttranslational processing and trafficking to plasma membrane",0.113676731793961,0.355579710144928,0.175204047558551,0.594734711051931,1.36002747159335,30,"18550;66357;16480;13001;12387;57377;69019;18553;103963;13000;19089;13200;16430;69038;14376;12995;13135;56529"
"SHC1 events in ERBB4 signaling",0.113684210526316,0.355579710144928,0.191892240384838,-0.728089753626138,-1.39481529898524,10,"13869;13874;20416"
"RAC2 GTPase cycle",0.115183246073298,0.357271926979567,0.172324344900946,0.482979284198817,1.28850193382815,78,"18710;26934;56419;104445;22042;20430;18708;16412;12540;12389;218581;195727;50884;71544"
"Polymerase switching on the C-strand of the telomere",0.115992970123023,0.358198555313828,0.172324344900946,0.613693139586986,1.36928800598941,25,"72107;69263;214901;18968;72151;19075;19076;18969;18971;18538;214987;67967;69535"
"Signaling by LTK",0.117894736842105,0.36247460757156,0.188204146308491,-0.725272682826918,-1.38941858322388,10,"16367;18706;20416"
"Cholesterol biosynthesis via desmosterol (Bloch pathway)",0.121442125237192,0.363281935164958,0.175204047558551,0.718172544164467,1.35693359990355,10,"15490;98386;235293;74754;66234;13360;18194;13121"
"Collagen degradation",0.123022847100176,0.363281935164958,0.166933848713193,0.556562592265141,1.33067604225562,38,"12837;17388;12836"
"Complex III assembly",0.12043795620438,0.363281935164958,0.172324344900946,0.641165218961744,1.35567380010839,17,"22273;66445;67003;66594;66152;66576;66694;22272;15526;14297;18041;100900;75530;17711;380840"
"EPH-Ephrin signaling",0.121376811594203,0.363281935164958,0.170932335370056,0.638164675083163,1.35191076301646,18,"13844;13638;13838;13639;13642"
"G alpha (z) signalling events",0.12035010940919,0.363281935164958,0.190023305279108,-0.62137768372696,-1.38555240838348,21,"19734;14696;224129;432530;11515;14702;14708;11551"
"Generation of second messenger molecules",0.123339658444023,0.363281935164958,0.173747838999571,0.715717784928481,1.35229551492795,10,"234779"
"Initiation of Nuclear Envelope (NE) Reformation",0.12043795620438,0.363281935164958,0.172324344900946,0.643202899343157,1.35998225263261,17,"12442;16906;16905;12534;23825;268697;19052;16211;98386"
"Nonsense Mediated Decay (NMD) independent of the Exon Junction Complex (EJC)",0.122413793103448,0.363281935164958,0.165656695205483,0.468782865061211,1.2647558447636,86,"68436;16785;433702;14852;67941;66480;19704;27050;68092;208643;20042;19942;19982;20115;66483;27207;67248;19946;76846;67025;27370;267019;19944;19899;269261;68052;19988;68193;20090;67427;20104;65019;19951;22121;68028;66475;19921;100503670;19981;114641;20068;67097;76808"
"Regulation of TP53 Activity through Association with Co-factors",0.123106060606061,0.363281935164958,0.173747838999571,0.696360408544892,1.34353248296299,12,"22062;22059;11651"
"p130Cas linkage to MAPK signaling for integrins",0.121212121212121,0.363281935164958,0.175204047558551,0.705259674646031,1.34254029826713,11,"14268"
"IRAK2 mediated activation of TAK1 complex",0.124210526315789,0.364316229905307,0.183023938384487,-0.722633987969782,-1.38436358562536,10,"108960;22190"
"Acetylcholine Neurotransmitter Release Cycle",0.126315789473684,0.367416466477397,0.181383128498408,-0.720537616195868,-1.38034752660509,10,"22249;20979;22318;207777"
"Cyclin A:Cdk2-associated events at S phase entry",0.125912408759124,0.367416466477397,0.16823816568964,0.642583564827529,1.33961171299705,16,"12428;11651;12531;12566;12530;56371"
"Synthesis of PIPs at the plasma membrane",0.12701252236136,0.367916438740963,0.165656695205483,0.520975675640117,1.28760992178487,46,"18710;101476"
"SRP-dependent cotranslational protein targeting to membrane",0.127586206896552,0.368057329360011,0.161978948883402,0.465984813282716,1.25520750946316,83,"68436;16785;67941;66480;27050;20042;19942;19982;20115;66483;27207;67248;19946;76846;67025;27370;267019;19944;19899;269261;68052;19988;68193;20090;67427;20104;65019;19951;22121;68028;66661;66475;19921;100503670;19981;114641;20068;67097;76808;20005;19943;20055"
"Interleukin-15 signaling",0.128691983122363,0.369725738396624,0.179782316298324,-0.698677616200155,-1.35681114837219,11,"16168;20416;20663;16453;20850;20851"
"Formation of the ternary complex, and subsequently, the 43S complex",0.132142857142857,0.378090379008746,0.161978948883402,0.513568983010875,1.28888255049413,52,"16785;13665;223691;67941;27979;98221;27050;20042;20115;27207;54709;55944;76846;66235;27370;267019;16341;68052;13669;20090;68135;67427;20104;56347;66475;26905"
"Generic Transcription Pathway",0.134615384615385,0.383599124452783,0.20207170902116,-0.352479373220666,-1.14748503013446,194,"240041;27081;234725;101604;237775;30944;22696;228876;238690;70227;239652;269870;380850;78921;232784;433801;630579;170753;269997;636741;382118;68744;243372;233058;24132;100041979;619310;272347;384763;654801;353208;240120;22693;100041433;192651;67607;72611;232855;243906;195531;22746;67235;100416477;666311;22750;210105;104349;21408;57745;218311;108168395;72720;240063;115489950;235682;69930;216177;208292;22654;193452;72723;73729;235028;230162;233057;27274;675812;72805;22690;77117;245368;72958;237411;22689;22643;213011;237758;233893;78251;210104"
"Formation of the Early Elongation Complex",0.137082601054482,0.384379613356766,0.157402899305283,0.570888716631885,1.32610931492548,32,"433702;231329;68705;68092;69241;98053;57314;69833;17749;245841;69920;24116;67710;13872;14885;27632;209357;14884;66467"
"RNA Polymerase I Transcription Initiation",0.136936936936937,0.384379613356766,0.159646701919906,0.52487732630102,1.28262346997288,43,"15182;64424;234366;216848;20017;17192;75316;69833;17749;20019;245841;19646;23942;13872;14885;209357;21341;14884;433759;66467;245688;70333"
"SHC1 events in EGFR signaling",0.136659436008677,0.384379613356766,0.176694268938498,-0.663278950917732,-1.35778940003012,13,"13645;21802;13874"
"mRNA Capping",0.136842105263158,0.384379613356766,0.157402899305283,0.582521698026785,1.32071886611804,28,"433702;231329;68705;68092;69241;98053;67897;69833;17749;245841;69920;67710;13872;14885;209357;14884;66467"
"Lewis blood group biosynthesis",0.138947368421053,0.384995606326889,0.172324344900946,-0.710550965325432,-1.36121591082512,10,"14348;14344"
"RAC1 GTPase cycle",0.140583554376658,0.384995606326889,0.193813302725311,-0.367905146401052,-1.16988410522738,156,"68813;109294;69993;544963;14270;50768;76884;232237;239027;71302;319899;244867;214804;58909;320795;53972;12549;19418;214137;218952;20947;58996;19765;442801;234094;102098;18706;106952;330914;226751;75739;52666"
"RND2 GTPase cycle",0.139784946236559,0.384995606326889,0.157402899305283,0.538865951257486,1.30389440475254,41,"244418;381293;227937;216197;93840;208994;22042;67586;18708"
"Recruitment of NuMA to mitotic centrosomes",0.137931034482759,0.384995606326889,0.155241966228839,0.461289027881276,1.2425586313652,83,"18817;22154;171567;18005;56455;20873;103733;76789;22627;67203;208518;75296;54130;12534;22628;13427;22143;68475;214444;69654;53857;70799;231123;219103;259279;26370;51885;230376;104318;227613;53598;12009"
"Regulation of Complement cascade",0.139689578713969,0.384995606326889,0.176694268938498,-0.585411538385435,-1.33006109831007,23,"317677;12258;109828;50909"
"Termination of translesion DNA synthesis",0.140597539543058,0.384995606326889,0.155241966228839,0.567875224927014,1.31910931772138,32,"68026;18973;69263;22224;18974;100038882;72151;74153;18971;19891;18538"
"Ribosomal scanning and start codon recognition",0.141592920353982,0.386212595984987,0.155241966228839,0.492664189968937,1.25805864262571,59,"16785;13665;13684;223691;67941;27979;98221;27050;208643;20042;20115;27207;54709;55944;76846;66235;27370;267019;16341;68052;13669;20090;68135;67427;20104;56347;66475;26905;13681;20068;67097"
"Senescence-Associated Secretory Phenotype (SASP)",0.144112478031634,0.391561422868898,0.153158808683073,0.544691637793949,1.30229397897459,38,"12428;68612;12567;12571;217232;69957;52206;12566;26413;110651;22194;216080;26417;23939;56371"
"Removal of the Flap Intermediate",0.147874306839187,0.400231232024208,0.155241966228839,0.677736203902606,1.32872702453389,13,"327762;18968;19075;19076;18969;18971;19891;18538;67967;68240"
"Azathioprine ADME",0.152173913043478,0.410124254750098,0.151148761385484,0.608275310678189,1.31542428083455,20,"27416;63959;18102;15452;18103;23917;239273;22436;57257"
"Butyrate Response Factor 1 (BRF1) binds and destabilizes mRNA",0.153284671532847,0.410124254750098,0.151148761385484,0.629064032348359,1.31142717007585,16,"50911;11651;72544;109075;72662;66583;70640;227715;54401;66362;27998;69639;66446"
"Cargo recognition for clathrin-mediated endocytosis",0.15311004784689,0.410124254750098,0.175204047558551,-0.408518465442118,-1.20216552852949,85,"13645;20979;20404;22190;22041;21802;22318;13874;20980;77057;13132;60510;218503;194590;108800;53330;100017;12492"
"Translation initiation complex formation",0.153982300884956,0.410424307681954,0.148261500475107,0.48831940282011,1.2469638702955,59,"16785;13665;13684;223691;67941;27979;98221;27050;208643;20042;20115;27207;54709;55944;76846;66235;27370;267019;16341;68052;13669;20090;68135;67427;20104;56347;66475;26905;13681;20068;67097"
"Mismatch repair (MMR) directed by MSH2:MSH6 (MutSalpha)",0.15625,0.413325471698113,0.150169802128406,0.655998881628842,1.31826683408694,14,"26909;17350;16881;18971;19891;18538;17688;67967;68240"
"Non-integrin membrane-ECM interactions",0.156118143459916,0.413325471698113,0.161978948883402,-0.65999463806578,-1.3200187675737,12,"12825;18214;12832;12831;53867"
"Telomere Extension By Telomerase",0.16,0.421654135338346,0.147331213699377,0.608182415740708,1.30487000960956,19,"12428;208084;216853;12566;245474;52530;68147"
"Neurexins and neuroligins",0.161862527716186,0.424964913591935,0.163180127180689,-0.574071955760383,-1.30429744875467,23,"13822;18189;58234;13821;26557;245537;269587;242667;226352;216856;243961"
"SUMOylation of transcription factors",0.163755458515284,0.428330509026918,0.160801401070022,-0.636331677153795,-1.2975760625061,14,"56469;17342;15248"
"RNA Polymerase II Transcription Termination",0.166083916083916,0.432716049382716,0.141225119642531,0.564472059412052,1.2871800409283,29,"433702;18789;20643;51786;432508;108062;68092;69878;20638;67337;67332;68011"
"Trafficking of GluR2-containing AMPA receptors",0.166666666666667,0.432716049382716,0.147331213699377,0.674653514580354,1.30165199006344,12,"74053;11771;232910;11773"
"O-glycosylation of TSR domain-containing proteins",0.168591224018476,0.436097594232293,0.163180127180689,-0.554878994365797,-1.29979978460793,27,"100689;23794;233744;77739"
"Activation of Matrix Metalloproteinases",0.16970802919708,0.43737253112924,0.142901149386948,0.612460679712053,1.29498118819784,17,"17388;18550;21857"
"Activation of BAD and translocation to mitochondria ",0.172348484848485,0.442550505050505,0.144630528034484,0.671850066532025,1.29624311921006,12,"55948;19058;22627;22628;22630;22629;12015"
"PKR-mediated signaling",0.173835125448029,0.444738769850614,0.139599673451922,0.480315636842379,1.22699817217854,58,"22059;14087;15481;15512;100038882;12534;69928;18148;16201;13211;19052;22143;60534;16150;56417;53857;67781;226849;16151;73699;237211"
"Negative regulation of FGFR1 signaling",0.179039301310044,0.45638745533942,0.153158808683073,-0.631315618312254,-1.28734756357294,14,"22190;14173;14165;14182"
"Keratan sulfate biosynthesis",0.18013856812933,0.45752585600964,0.157402899305283,-0.55451162157938,-1.28315814345965,25,"116847;18295;227327;56386;14264"
"Integrin cell surface interactions",0.185117967332123,0.467156380159031,0.135740943810425,0.483678604504772,1.22419265286899,56,"12837;16398;14268;12836;12505"
"Repression of WNT target genes",0.185263157894737,0.467156380159031,0.147331213699377,-0.674725048754555,-1.29258352548477,10,"21415"
"Aspirin ADME",0.186594202898551,0.468826294737936,0.135002033828631,0.600265491616408,1.27162378374803,18,"100727;394436;394433;22236;613123;394434;394432;94284"
"Pyroptosis",0.188405797101449,0.471687370600414,0.134273452883202,0.596900414708815,1.26449508504787,18,"12018;13063;16175;12367;66700;12028;208092"
"APC/C:Cdc20 mediated degradation of Cyclin B",0.189189189189189,0.471963066269116,0.133554954557592,0.569828001399755,1.25632331780361,24,"68612;107995;217232;12534;69957;52206;268697;22194;216080"
"EPH-ephrin mediated repulsion of cells",0.192857142857143,0.479407294832827,0.131457611642763,0.52524369592945,1.2198740784251,33,"13844;13638;13838;13639;17096;13642;59287"
"Transcriptional Regulation by E2F6",0.196007259528131,0.485516215297596,0.131457611642763,0.570057430274967,1.25223700019767,23,"12649;21781;14056"
"Anchoring of the basal body to the plasma membrane",0.199667221297837,0.49284057087952,0.12384217120105,0.429574734825963,1.18082423149476,93,"18817;22154;18005;56455;18000;20873;53869;103733;22627;67203;208518;75296;54130;12534;22628;13427;68475;232944;214444;69654;70799;53885;231123;219103;26370;230376;104318;244585;227613;77048;53598;12009;27078;109242"
"FRS-mediated FGFR1 signaling",0.20042194092827,0.492967651195499,0.141225119642531,-0.654919682651563,-1.27183454300825,11,"14173;14165;14182;14164;107971"
"Post-translational protein phosphorylation",0.203900709219858,0.499770619451471,0.126875729929857,0.44178140225612,1.1717268085448,75,"14268;14314;16011;268977;17304;11487;16010;104009;216197;66848;29817"
"Formation of the non-canonical BAF (ncBAF) complex",0.20704845814978,0.501086521415909,0.142056643575821,-0.586628268163871,-1.24439925449505,17,"210982;66993;67155"
"GPVI-mediated activation cascade",0.205263157894737,0.501086521415909,0.12563992130984,0.543143396842629,1.23143864622964,28,"18710;234779;17096;18708"
"Nonsense Mediated Decay (NMD) enhanced by the Exon Junction Complex (EJC)",0.207296849087894,0.501086521415909,0.120985142145252,0.421461891660548,1.1690620214386,106,"68436;16785;433702;14852;67941;66480;19704;229512;27050;68092;208643;20042;19052;19942;19982;20115;66483;27207;192170;67248;19946;76846;67025;27370;267019;66441;19944;19899;269261;17149;68052;19988;68193;20090;67031;67427;20104;65019;19951;22121;68028;19826;66475;19921;100503670;19981;114641;60365;20068;67097;76808;51792;20005;19943;20055"
"Sphingolipid catabolism",0.206439393939394,0.501086521415909,0.130777137971974,0.660455578574753,1.25725071392599,11,"50784;81535;66190"
"Golgi Cisternae Pericentriolar Stack Reorganization",0.208728652751423,0.502813696146899,0.130105630751129,0.667863462957743,1.26187833327664,10,"18817;26413;26417"
"alpha-linolenic acid (ALA) metabolism",0.210970464135021,0.506473614241951,0.137250779610133,-0.649596648887004,-1.26149736977206,11,"76267"
"GAB1 signalosome",0.213656387665198,0.506839936527437,0.139599673451922,-0.581290083424669,-1.23307550235025,17,"13645;21802;13874;18706;94212;19303;20779"
"Purine ribonucleoside monophosphate biosynthesis",0.214015151515152,0.506839936527437,0.128142916898415,0.658381074764719,1.2533016649955,11,"11566;23917;108147;11564;237823;14450"
"TNFs bind their physiological receptors",0.213973799126638,0.506839936527437,0.13880510939114,-0.610088553826067,-1.24406238424987,14,"69583;13608;85030;21937;21936;230979"
"The canonical retinoid cycle in rods (twilight vision)",0.212121212121212,0.506839936527437,0.128788713061714,0.641658150330021,1.23799193255077,12,"20897;17921;79235;19659;241452"
"Regulation of PLK1 Activity at G2/M Transition",0.216354344122658,0.510654529393882,0.119887845115423,0.424417862043734,1.14763240367667,84,"18817;12442;22154;18005;56455;20878;20873;103733;22627;67203;208518;75296;54130;12534;22628;77744;13427;268697;68475;19046;214444;69654;70799;231123;219103;26370;230376;104318;227613;53598;12009"
"RNA Pol II CTD phosphorylation and interaction with CE",0.218914185639229,0.514962564205033,0.120985142145252,0.55021894729111,1.23287232864581,26,"231329;68705;69241;98053;67897;69833;17749;245841;69920;67710;13872;14885;209357;14884;66467"
"Nuclear signaling by ERBB4",0.221518987341772,0.519347191058804,0.133554954557592,-0.626988873132808,-1.25400576286606,12,"13869"
"Presynaptic function of Kainate receptors",0.224890829694323,0.525494905385735,0.135002033828631,-0.608243278296095,-1.24029958971616,14,"18795;14696;14702;14708;14807"
"Downstream signal transduction",0.228637413394919,0.531853951748556,0.138022242496643,-0.513446742823182,-1.20274505343638,27,"18595;18596;18706;18590;20779"
"Synthesis of active ubiquitin: roles of E1 and E2 enzymes",0.229129662522202,0.531853951748556,0.118815039412263,0.525298587367512,1.2012423292822,30,"68612;50933;22195;67615;22225;268470;22201;67128;22193;22194;109161;216080;22209;53323"
"Interferon gamma signaling",0.231053604436229,0.534549758118141,0.120985142145252,0.627008008963089,1.22927251238915,13,"12323;15980;22608;26413;12325;26417"
"G beta:gamma signalling through PLC beta",0.232104121475054,0.535213780111885,0.132147260608774,-0.604405382351976,-1.23727011138101,13,"18795;14696;14702;14708"
"Elastic fibre formation",0.23568281938326,0.54168411930382,0.132147260608774,-0.586686509616865,-1.23110758678575,16,"14118;67573;16948;23876"
"Negative regulation of MET activity",0.236725663716814,0.542302909364336,0.132147260608774,-0.551290037370971,-1.20097436499944,19,"20404;22190;16206;19271"
"Gap junction degradation",0.239089184060721,0.545933283474155,0.120433371642259,0.653044490527834,1.23387898720086,10,"14609;13430;11773"
"NuRD complex assembly",0.240942028985507,0.548147006615183,0.116739204791222,0.557393711161664,1.20539040262715,20,"15182;13445;234366;22196;17191;216848;17192;19646;23942"
"RND1 GTPase cycle",0.241622574955908,0.548147006615183,0.114750719227023,0.485246954552406,1.17388555280069,40,"381293;227937;93840;208994;22042;67586;18708;20867;68187;12389;218581;108670;83669;108686;19249"
"mRNA decay by 5' to 3' exoribonuclease",0.243992606284658,0.551738119372727,0.117249716749792,0.619930468681221,1.21539673153873,13,"27756;78651;66373;67678;70640;66094"
"EPHB-mediated forward signaling",0.24645390070922,0.555511846936216,0.11378726182188,0.493462277049256,1.15923308570354,35,"13844;545156;67771;17096;13642;11867;56378;66713;68089;76709;12540;22612;14083;19353;11848"
"Formation of RNA Pol II elongation complex ",0.247311827956989,0.555658946787979,0.114266502484433,0.461516702673868,1.16313010945154,54,"66317;433702;231329;68705;22083;67673;68092;69241;98053;57314;20833;74427;64144;69833;17749;245841;21399;69920;114741;24116;67710;13872;14885;27632;107951;209357;235497"
"LGI-ADAM interactions",0.248421052631579,0.556367916596603,0.125033367555272,-0.634514143479241,-1.21555073442471,10,"11496;23792;11488"
"Processing of Intronless Pre-mRNAs",0.251811594202899,0.56216537431921,0.11378726182188,0.554075585212361,1.19821479749579,20,"433702;18789;51786;432508;108062;68092"
"Acyl chain remodelling of PS",0.256931608133087,0.571774785083473,0.11378726182188,0.611571389656814,1.1990084463387,13,"18779;18783;99010"
"BBSome-mediated cargo-targeting to cilium",0.260550458715596,0.572729011061601,0.112378519110475,0.549102121206663,1.18770662292209,21,"319757;12462;12465;21454;12469;12464;12461"
"Formation of the dystrophin-glycoprotein complex (DGC)",0.26,0.572729011061601,0.12563992130984,-0.550038217379291,-1.17188266847236,18,"20649;22288;20392;16775;13527"
"Heme biosynthesis",0.260628465804067,0.572729011061601,0.112843355675562,0.607013936521781,1.19007339003111,13,"26357"
"NOTCH3 Activation and Transmission of Signal to the Nucleus",0.258849557522124,0.572729011061601,0.12563992130984,-0.540705252449399,-1.17791562189125,19,"13645;22190;54485;16450;66894"
"Smooth Muscle Contraction",0.261744966442953,0.573385067114094,0.12563992130984,-0.501422840830891,-1.15323295723965,24,"109700;20411;234889;98932;21894;60596;93689;54195;20410;19303;11475"
"RNA Polymerase I Transcription Termination",0.263986013986014,0.576492821819925,0.108394255853397,0.510668403031361,1.16449019035478,29,"64424;19285;20017;75316;69833;17749;20019;245841;13872;14885;209357;21341;14884;66467;70333"
"Class A/1 (Rhodopsin-like receptors)",0.269473684210526,0.584832980283526,0.119348440591015,-0.624512221687689,-1.1963898638526,10,"14747;319197;227289;238377"
"Cyclin D associated events in G1",0.268817204301075,0.584832980283526,0.108820126769161,0.469621823776557,1.13634433005648,41,"21781;12567;19650;13557;17096;12571;12448;54124;13555;27401;242705;12566;12447;19052"
"Signaling by PDGF",0.270509977827051,0.585270044619638,0.122679189568808,-0.511727483768105,-1.16265016055753,23,"18595;12825;12834;12833;18596;665033;12832;12831;53867"
"Negative regulation of FLT3",0.274261603375527,0.589746576583573,0.118287526124085,-0.598653158439839,-1.19733306731667,12,"22190;16923;19271;216233"
"Recognition of DNA damage by PCNA-containing replication complex",0.273534635879218,0.589746576583573,0.107140237276725,0.503877001547653,1.15225587421457,30,"18973;69263;230484;18974;76843;58186;72151;18971;19891;18538;67967;56438"
"MAP2K and MAPK activation",0.278571428571429,0.59536149825784,0.106323255932708,0.486775277853089,1.13053150008852,33,"14268;67836;26395;26413;23980;56692;26396;17169;26417"
"Retinoid metabolism and transport",0.278481012658228,0.59536149825784,0.107140237276725,0.545566812763901,1.19051374879675,22,"20969;71951;16975;79235;239393;20970;14733;19659"
"Acyl chain remodelling of PC",0.282846715328467,0.60083499225835,0.106729884364606,0.553791311926594,1.17093122038382,17,"18779;18783;99010"
"Regulation of BACH1 activity",0.282700421940928,0.60083499225835,0.116234148779716,-0.615638127087691,-1.19555093053999,11,"22190;17135"
"RHO GTPases activate PAKs",0.284140969162996,0.601760783635226,0.118815039412263,-0.541978850010177,-1.14968560757517,17,"329251;77579;98932;17931;17886"
"CD28 dependent PI3K/Akt signaling",0.286751361161524,0.603641754276963,0.105520936843198,0.531386397224309,1.16728889523473,23,"18710;18708;11651"
"Hedgehog 'off' state",0.286681715575621,0.603641754276963,0.119887845115423,-0.423636171932931,-1.11398405612705,46,"19206;14634;224129;110350;19085;432530;11515;271639;22153;14633;22142;213081;67661;104110;11513"
"RNA Polymerase III Transcription Initiation From Type 1 Promoter",0.288224956063269,0.604927228144765,0.103197466945307,0.517775388924367,1.15527383983432,25,"233863;67371;12909;66596;69833;17749;98488;245841;74414"
"RHOC GTPase cycle",0.291296625222025,0.608506944444444,0.103197466945307,0.430786387701019,1.12187144727559,67,"404710;26934;19299;56419;12704;16480;22042;13830;18708;68743;19285;72754"
"SUMOylation of transcription cofactors",0.291666666666667,0.608506944444444,0.120433371642259,-0.451004571743728,-1.11824334987398,37,"56469;328572;241915;13619;12418;29871;106021;15258;20466;17190"
"Synthesis of IP3 and IP4 in the cytosol",0.293064876957494,0.609609729220189,0.11776578836269,-0.489767268278822,-1.12642606032951,24,"18798;18795;72469"
"Gap-filling DNA repair synthesis and ligation in TC-NER",0.295373665480427,0.612594495567395,0.102449405629826,0.439685700387675,1.12103731329647,60,"18973;69263;231329;18974;28000;72151;16881;18971;19891;69241;18538;67967;56438;69833;17749;245841;11834;21399;68240;69920;19718;67710;13872;18972;14885;22594;99375;209357;59001;14884;106344;66467;78294"
"Laminin interactions",0.298947368421053,0.614551628337706,0.112378519110475,-0.607774864206438,-1.16432579185713,10,"18073;16775;18074"
"SUMOylation of ubiquitinylation proteins",0.298245614035088,0.614551628337706,0.100990587455923,0.47003596008612,1.11987766234632,37,"71805;69912;70699;223921;110379;170762;72787;22196;69736;69482;66679;103468;234865;227699;445007;19720;19069;231042"
"Ubiquinol biosynthesis",0.297348484848485,0.614551628337706,0.105920292736253,0.595528434457325,1.1489909340099,12,"12850;230027;71883;217707;227683"
"Toll Like Receptor 4 (TLR4) Cascade",0.301136363636364,0.617241493886231,0.105125131597001,0.620145620962838,1.18051622241746,11,"234779;13430;17087;21898;12475"
"Adenylate cyclase inhibitory pathway",0.305907172995781,0.617469531565875,0.11101149245045,-0.596334876729225,-1.15806459252242,11,"224129;432530;11515;104110;11513;14677"
"Clathrin-mediated endocytosis",0.306532663316583,0.617469531565875,0.122679189568808,-0.360276868473103,-1.07449461507166,104,"13645;20979;20404;22190;22041;21802;22318;13874;14269;20980;77057;13132;60510;218503;194590;108800;53330;100017;12492;106628;109689;103967;11607;229521;23970"
"Complex IV assembly",0.305263157894737,0.617469531565875,0.0995791200495904,0.46768817660714,1.11428398335705,37,"12858;12864;56295;17992;231430;67044;12867;66142;110323;12866;66278;100126824;12861;12868;67105"
"Fibronectin matrix formation",0.303142329020333,0.617469531565875,0.103197466945307,0.590448730955421,1.15759668865934,13,"14268;12836"
"Pyruvate metabolism",0.303030303030303,0.617469531565875,0.104732821580651,0.591955673118401,1.14209777803231,12,"18746;16828;17436"
"TGF-beta receptor signaling in EMT (epithelial to mesenchymal transition)",0.305676855895196,0.617469531565875,0.11331290842208,-0.572094416446623,-1.16658661972461,14,"22190;75788;102098;16456;93742"
"Activation of STAT3 by cadherin engagement",0.3125,0.620573654390935,0.115734447701689,-0.474645316078423,-1.11538478133754,28,"22190;12552;16195;16194;11797;16193;11475;19697"
"Effects of PIP2 hydrolysis",0.312227074235808,0.620573654390935,0.111918316325105,-0.567846911367625,-1.15792531758649,14,"16438;320127;217480;227333"
"IRAK2 mediated activation of TAK1 complex upon TLR7/8 or 9 stimulation",0.310043668122271,0.620573654390935,0.112378519110475,-0.570015789470616,-1.16234798647125,14,"108960;22190"
"RNA Polymerase I Promoter Escape",0.309440559440559,0.620573654390935,0.0985499803531691,0.489197748703385,1.11553010941574,29,"64424;20017;75316;70998;69833;17749;20019;245841;13872;14885;209357;21341;14884;66467;70333"
"Signaling by BMP",0.310961968680089,0.620573654390935,0.11378726182188,-0.483910515790259,-1.11295599187189,24,"21814;55994;12167;11482;83453;17130;11481;75788"
"Acyl chain remodelling of PE",0.313868613138686,0.62084999077434,0.10027910675413,0.553297026600593,1.15347359965476,16,"18779;18783;99010"
"Regulation of pyruvate dehydrogenase (PDH) complex",0.314410480349345,0.62084999077434,0.11146266692298,-0.567351107933513,-1.15691429976213,14,"27273;382051;18604;14874"
"Formation of the embryonic stem cell BAF (esBAF) complex",0.32,0.628347338935574,0.0988903007520636,0.531987658244841,1.14139232368413,19,"58208;56456;20587;57376;20588;20586"
"ZNF598 and the Ribosome-associated Quality Trigger (RQT) complex dissociate a ribosome stalled on a no-go mRNA",0.31965811965812,0.628347338935574,0.0952879846194844,0.396675484355529,1.07511087628523,87,"68436;16785;67941;66480;27050;20042;19942;19982;20115;66483;27207;67248;216080;19946;76846;213753;67025;27370;267019;19944;19899;269261;68052;19988;68193;20090;67427;20104;65019;19951;22121;68028;66475;19921;78294;100503670;19981;75452;114641;20068;67097;76808"
"G alpha (q) signalling events",0.322970639032815,0.630647403793882,0.0952879846194844,0.400334173819261,1.07396521614904,80,"18710;12424;16952;18441;545156;65086;16995;56470"
"HDACs deacetylate histones",0.322522522522523,0.630647403793882,0.0978773277424561,0.515092802845146,1.13564636602193,24,"15182;60406;234366;15353;216848;217864;17192;19646;23942"
"ECM proteoglycans",0.325131810193322,0.631627652126267,0.0959206777921745,0.495853115063386,1.11673820394588,27,"16398;14268"
"TRAF6-mediated induction of TAK1 complex within TLR4 complex",0.325274725274725,0.631627652126267,0.109684061970549,-0.55026318836372,-1.13239896491667,15,"108960;22190"
"Collagen chain trimerization",0.329246935201401,0.632733216237315,0.0949751525905595,0.502485070074544,1.12591531335396,26,"12837;12821;12836"
"Negative regulation of FGFR3 signaling",0.327004219409283,0.632733216237315,0.106729884364606,-0.567285908243316,-1.13459716529793,12,"22190;14173"
"RAF activation",0.328646748681898,0.632733216237315,0.0952879846194844,0.469646927765967,1.09093619735731,32,"12323;18673;19047;26395;12313;19052;19046;26396;12325;17169;226849;73699;16653;54401;21770"
"RNA Polymerase II Transcription Elongation",0.330357142857143,0.632733216237315,0.0959206777921745,0.430923299389824,1.08147014239203,52,"66317;231329;68705;22083;67673;69241;98053;57314;20833;74427;64144;69833;17749;245841;21399;69920;114741;24116;67710;13872;14885;27632;107951;209357;235497"
"Synthesis of Leukotrienes (LT) and Eoxins (EX)",0.329545454545455,0.632733216237315,0.0995791200495904,0.60412169846727,1.15001290220791,11,"13120;23887;11687;16993;100040843;11689"
"Dual incision in TC-NER",0.33214920071048,0.634432124517837,0.0952879846194844,0.421327536534919,1.08232821288898,61,"18973;69263;231329;18974;28000;72151;18971;19891;69241;18538;67967;56438;69833;17749;245841;11834;21399;68240;69920;19718;67710;13872;18972;14885;99375;209357;22590;59001;14884;106344;66467;78294"
"Amplification and propagation of coagulation cascade",0.335443037974684,0.636632538128241,0.105125131597001,-0.562876626946788,-1.12577840567893,12,"268591;22371;14723;105722;54368"
"Macroautophagy",0.336343115124153,0.636632538128241,0.109250039480711,-0.383277871610542,-1.06103533314213,63,"57436;52187;73683;54636;245670;51897;74781;64930;97287;52639;74302;225326;67443;78610;66371;66734;12421;108099;19079;66840"
"Protein lipoylation",0.33965844402277,0.636632538128241,0.0978773277424561,0.613368774801991,1.15891467367192,10,"68133;70316;78920;235339"
"Pyrimidine catabolism",0.338947368421053,0.636632538128241,0.104343952581949,-0.593336839217757,-1.13666659456579,10,"23959;103149;230718"
"Rap1 signalling",0.338235294117647,0.636632538128241,0.096240602328129,0.561090765319707,1.12754360952085,14,"380711"
"SUMOylation of RNA binding proteins",0.335106382978723,0.636632538128241,0.0946646223153342,0.438553459794285,1.08263798253152,45,"71805;69912;70699;223921;110379;170762;72787;22196;69736;69482;66679;103468;12151;15387;234865;12416;227699;445007;170930;19069;231042"
"Signaling by EGFR",0.338427947598253,0.636632538128241,0.106729884364606,-0.551362462621503,-1.1243110455574,14,"13645;16206;21802;13874"
"FCERI mediated MAPK activation",0.342706502636204,0.638623105612571,0.0928481214159878,0.498264915549309,1.11174156700882,25,"234779;17096;26413;20963;57257;26417;19353;16653;14127"
"GPER1 signaling",0.343119266055046,0.638623105612571,0.0952879846194844,0.516794516345556,1.1178253480511,21,"14268"
"Synthesis of IP2, IP, and Ins in the cytosol",0.343453510436433,0.638623105612571,0.0972150808846466,0.609473343162398,1.15155454535618,10,"212111;71780"
"Regulation of pyruvate metabolism",0.346014492753623,0.641682961429338,0.0940503465727813,0.523727203068249,1.10948234892538,18,"18746;16828;17436"
"Cell surface interactions at the vascular wall",0.347442680776014,0.642155229846769,0.0922597260527354,0.458788511326846,1.07354825800636,34,"14268;17319;12505"
"Regulation of insulin secretion",0.348101265822785,0.642155229846769,0.102821842840815,-0.554621574502722,-1.10926793191901,12,"12296;223864;12288;12286"
"G0 and Early G1",0.349177330895795,0.642449629810899,0.0940503465727813,0.544984334286372,1.11540782016644,15,"12428;21781;19650;12448;12566;12447"
"Beta-catenin phosphorylation cascade",0.354014598540146,0.646294606294606,0.0931454575337804,0.537181135901185,1.11987635701115,16,"12387;19052;226849;93687;73699;21770;225849;26931;56637;51792"
"PKA activation",0.353579175704989,0.646294606294606,0.103576326612592,-0.539366941945664,-1.10413079668394,13,"224129;19085;432530;11515;104110;11513"
"RNA Polymerase III Transcription Initiation From Type 2 Promoter",0.354954954954955,0.646294606294606,0.0922597260527354,0.501761423532966,1.10625412371858,24,"233863;67371;12909;69833;17749;98488;245841;74414"
"Regulation of clotting cascade",0.354691075514874,0.646294606294606,0.106729884364606,-0.45164222705604,-1.08262403038096,31,"14734;12258;21824;268591;22371;15529;21788;14723"
"Maturation of TCA enzymes and regulation of TCA cycle",0.356884057971014,0.646448900872561,0.0922597260527354,0.517969465243056,1.09728495217118,18,"66052;269951;66925;67680;66072;68002;14297;66945;18041;11429"
"Negative regulation of FGFR2 signaling",0.356043956043956,0.646448900872561,0.103958471559957,-0.537349299335776,-1.10582318285904,15,"22190;14173;14165"
"G-protein activation",0.357917570498915,0.646650043607577,0.102821842840815,-0.536443279600866,-1.0981458069062,13,"14675;14696;14702;14708"
"Formation of the beta-catenin:TCF transactivating complex",0.360178970917226,0.649062875611762,0.104343952581949,-0.465675782666447,-1.07101754493157,24,"21415;328572"
"Branched-chain amino acid catabolism",0.364444444444444,0.653932504028245,0.103197466945307,-0.507400097408326,-1.0810401192977,18,"104776;66885;56357;78038;12908;12036"
"Regulation of Insulin-like Growth Factor (IGF) transport and uptake by Insulin-like Growth Factor Binding Proteins (IGFBPs)",0.364746945898778,0.653932504028245,0.0888945288620449,0.391063643027277,1.04511486489988,81,"14268;14314;16011;268977;17304;11487;16010;104009;216197;66848;29817"
"O-linked glycosylation of mucins",0.373303167420814,0.667565102964263,0.102821842840815,-0.433521248753337,-1.06482369427269,33,"14537;233733;78754;227327;56386;232984;171212;231050"
"Ephrin signaling",0.377737226277372,0.67377556137516,0.0894366833718621,0.518321765377801,1.09593473970168,17,"13844;13642;53378"
"Aflatoxin activation and detoxification",0.384469696969697,0.680589034282216,0.0905428948469474,0.562251197203555,1.084787040961,12,"66447;23887"
"Synthesis of PA",0.384210526315789,0.680589034282216,0.0862865626267245,0.467800832913133,1.06061866486164,28,"18779;18783;99010"
"TNF receptor superfamily (TNFSF) members mediating non-canonical NF-kB pathway",0.383157894736842,0.680589034282216,0.096887770327544,-0.569834304208372,-1.09164234414507,10,"21944;11797;11796;53859"
"Insulin receptor recycling",0.38568129330254,0.6810140720531,0.102080107662747,-0.45064469126243,-1.0428066480433,25,"16337;68775"
"RND3 GTPase cycle",0.390158172231986,0.687188137524176,0.0855356947987884,0.431925670708773,1.03268374489234,38,"227937;216197;50875;93840;208994;67586;18708;12389;218581;83669;108686;19249;105782;71228;233489"
"Peroxisomal protein import",0.393238434163701,0.690877549746252,0.0857844408075645,0.408770263433837,1.03220096557674,53,"15926;228061;28200;80911"
"Negative regulation of FGFR4 signaling",0.395196506550218,0.691891324320777,0.0972150808846466,-0.526258987677268,-1.07312128188092,14,"22190;14173"
"PI-3K cascade:FGFR1",0.395789473684211,0.691891324320777,0.0949751525905595,-0.561465652303485,-1.07561035955707,10,"14173;14165;14182;18706;14164"
"Dual Incision in GG-NER",0.401408450704225,0.696108427267848,0.0840745577910723,0.429605137299863,1.03235557062555,39,"18973;69263;18974;72151;18971;19891;18538;67967;56438;68058;68240;19718;13872;18972;14885;99375;209357;22590;59001;14884;106344;11546;66467;78294"
"RHOH GTPase cycle",0.401754385964912,0.696108427267848,0.0838361057159929,0.459528955686521,1.04186430026303,28,"11857;16480;22042;13830;12389;22143;22319;192662;269523"
"WNT ligand biogenesis and trafficking",0.402173913043478,0.696108427267848,0.0855356947987884,0.504316398553218,1.06836180971776,18,"22409;22422;22417;65114;56433"
"WNT5A-dependent internalization of FZD4",0.400735294117647,0.696108427267848,0.0865399737444125,0.533730098401958,1.07256080274135,14,"11771;232910;11773;22418;74325;71770;18750;14366"
"Endogenous sterols",0.405286343612335,0.699767800177947,0.096240602328129,-0.502158271527146,-1.05373286706048,16,"102294;17978;11864;56050"
"Glycosaminoglycan-protein linkage region biosynthesis",0.406533575317604,0.700196649379953,0.0850427463764322,0.479907829905549,1.05420666300661,23,"20969;71951;67883;280645;20970;14733"
"Josephin domain DUBs",0.409282700421941,0.701484530552031,0.0931454575337804,-0.547281194355595,-1.06280380046324,11,"22190"
"Ovarian tumor domain proteases",0.408525754884547,0.701484530552031,0.0835990603684159,0.453413766925254,1.03685755607953,30,"414084;22059;12534;107260;21929;22031;216080;16151;11848"
"JNK (c-Jun kinases) phosphorylation and  activation mediated by activated human TAK1",0.411378555798687,0.701669284548338,0.0949751525905595,-0.464962162363949,-1.03677595887663,21,"108960;22190"
"Synthesis of PE",0.411392405063291,0.701669284548338,0.0928481214159878,-0.545546261613124,-1.05943461268324,11,"75320;14245"
"RUNX3 regulates NOTCH signaling",0.413502109704641,0.703555774036295,0.0925528864684773,-0.54261318224077,-1.05373865978709,11,"328572;18519;103806;270118;433586;19664"
"Interleukin-20 family signaling",0.421052631578947,0.706119365399144,0.0913924325943768,-0.545579627995051,-1.04517720260753,10,"242700;16453;20850;20851;19247"
"NOTCH1 Intracellular Domain Regulates Transcription",0.421052631578947,0.706119365399144,0.0913924325943768,-0.547814001954563,-1.04945763502243,10,"328572;18519;103806;270118;433586;19664"
"PCP/CE pathway",0.416058394160584,0.706119365399144,0.0840745577910723,0.503145024286398,1.06384517891428,17,"18643;14368;22417;19353;11848;22418;13544;19354;208846;170758"
"Synthesis of bile acids and bile salts",0.419831223628692,0.706119365399144,0.0916795246008379,-0.523110089203461,-1.04624355324974,12,"64291;17978;99031"
"TP53 Regulates Transcription of DNA Repair Genes",0.418478260869565,0.706119365399144,0.0833634065110386,0.416410224388084,1.01015455125749,42,"231329;68705;67673;69241;98053;57314;20833;69833;17749;245841;21399;69920;114741;24116;67710;13872;14885;27632;107951;209357"
"Thromboxane signalling through TP receptor",0.41978021978022,0.706119365399144,0.0940503465727813,-0.505232850427769,-1.03973002186026,15,"14675;14696;14702;14708"
"Cell-extracellular matrix interactions",0.426160337552743,0.707457497510315,0.0908241419007155,-0.52035604070177,-1.04073533318345,12,"218952;225341;170736;57342;68794"
"DAP12 signaling",0.427536231884058,0.707457497510315,0.0822054920415869,0.477582194618801,1.03279420332776,20,"234779;18708;20963;57257;19353;16653;18709"
"High laminar flow shear stress activates signaling by PIEZO1 and PECAM1:CDH5:KDR in endothelial cells",0.428240740740741,0.707457497510315,0.0959206777921745,-0.409502709479336,-1.0153415515505,37,"54598;109270;11535;14696;78757;19085;14702;14708"
"Microtubule-dependent trafficking of connexons from Golgi to the plasma membrane",0.429924242424242,0.707457497510315,0.0843144320642653,0.553476703171074,1.05360451599922,11,"14609"
"RHOB GTPase cycle",0.429590017825312,0.707457497510315,0.0810802057550866,0.391197929347341,1.015326305105,66,"404710;26934;16800;56419;12704;16480;22042;13830;18708;68743;19285;72754;13605;56349"
"SWI/SNF chromatin remodelers",0.425389755011136,0.707457497510315,0.0940503465727813,-0.453596048703373,-1.02131165798531,22,"210982;66993;67155"
"Surfactant metabolism",0.422993492407809,0.707457497510315,0.0928481214159878,-0.505541116482851,-1.0348864053202,13,"224792"
"Synthesis of bile acids and bile salts via 7alpha-hydroxycholesterol",0.424242424242424,0.707457497510315,0.0850427463764322,0.54647304933289,1.05434525546442,12,"19299"
"COPII-mediated vesicle transport",0.433392539964476,0.709832174100696,0.080419996876154,0.389562659947052,1.0007289364858,61,"12836;56418;11839;13032;21787;12793;110379;245828"
"RHO GTPases Activate NADPH Oxidases",0.432971014492754,0.709832174100696,0.0815265143256594,0.475360910582144,1.02799057098373,20,"26413;26417;19353;26416;71893;241275;18753;19094;13058;19354"
"Lanosterol biosynthesis",0.436229205175601,0.712812757175049,0.0822054920415869,0.533932601390626,1.04679471549871,13,"110460;110196;20775;192156;17855;16987;14137;319554;15357"
"Erythropoietin activates Phosphoinositide-3-kinase (PI3K)",0.442105263157895,0.716406246086177,0.0886261133285098,-0.53348121826516,-1.02200005047676,10,"384783"
"Signaling by Activin",0.442516268980477,0.716406246086177,0.0902635484340068,-0.499227562849917,-1.02196201477915,13,"269275;21814;11481"
"activated TAK1 mediates p38 MAPK activation",0.44097995545657,0.716406246086177,0.0919686140000427,-0.448777250743611,-1.01046170779758,22,"108960;22190;26399"
"eNOS activation",0.442125237191651,0.716406246086177,0.0828962134571565,0.553229745737586,1.0452864517827,10,"18777;11651;68268;12389;12313"
"FRS-mediated FGFR4 signaling",0.447257383966245,0.722413424332575,0.0880945010398517,-0.524493272364043,-1.01855033378639,11,"14173;14164;107971;83379;19247"
"RET signaling",0.451785714285714,0.728050082101806,0.0785029047348687,0.428747163476655,0.995761691147861,33,"18710"
"Adrenaline,noradrenaline inhibits insulin secretion",0.454148471615721,0.728978904625136,0.0891647117820678,-0.493555730592151,-1.00643441859378,14,"14696;224129;14702;14708;11551"
"Carboxyterminal post-translational modifications of tubulin",0.456521739130435,0.728978904625136,0.0787113806986485,0.48036220488947,1.01761639321663,18,"70892;223723"
"Collagen biosynthesis and modifying enzymes",0.455673758865248,0.728978904625136,0.0776798560117236,0.399024116863531,0.99649746596317,49,"12837;12821;12836;12406;12153;107581"
"Integrin signaling",0.456363636363636,0.728978904625136,0.0789209638180035,0.468190417025243,1.0045138072905,19,"14268"
"Alpha-protein kinase 1 signaling pathway",0.461052631578947,0.729642210047931,0.0862865626267245,-0.529008564640869,-1.01343170341357,10,"22190"
"Basigin interactions",0.46,0.729642210047931,0.0785029047348687,0.466341936573065,1.00054784799446,19,"80879;11931;268373;16403;16412;12389;20539"
"Synthesis of very long-chain fatty acyl-CoAs",0.45985401459854,0.729642210047931,0.0787113806986485,0.48515271602472,1.01141127248327,16,"57874;68801;30963;54325;94180;433256"
"Transcriptional activation of mitochondrial biogenesis",0.461100569259962,0.729642210047931,0.0806388495950661,0.543462777104282,1.02683249108005,10,"13063;269951"
"Regulation of TP53 Activity through Acetylation",0.464737793851718,0.732123941988813,0.0776798560117236,0.456322536302968,0.995768512021986,22,"15182;22059;11651;234366;216848;26992;17192"
"Regulation of lipid metabolism by PPARalpha",0.464757709251101,0.732123941988813,0.0883594442500905,-0.477512173918086,-1.00201530196598,16,"66993;19013;17978"
"Receptor-type tyrosine-protein phosphatases",0.466244725738397,0.732819624983444,0.0857844408075645,-0.51392620524441,-0.998029403759332,11,"67533;16180"
"Assembly of collagen fibrils and other multimeric structures",0.474516695957821,0.733786517088225,0.0751181635276301,0.439261761114265,0.989285688174296,27,"12837"
"Cyclin E associated events during G1/S transition ",0.469835466179159,0.733786517088225,0.0776798560117236,0.496097144930206,1.01535145178435,15,"11651;12448;12566;12447;12530"
"Endosomal Sorting Complex Required For Transport (ESCRT)",0.472027972027972,0.733786517088225,0.0751181635276301,0.425079146655522,0.96931882502693,29,"70160;72543;22088;52348;330192;56324;66700;28084;73711;208092;66201;76959;20479;68942;20844"
"Frs2-mediated activation",0.476280834914611,0.733786517088225,0.0789209638180035,0.538035954240233,1.01657891296043,10,"26395;26413;26396;26417;54401"
"Gap-filling DNA repair synthesis and ligation in GG-NER",0.475587703435805,0.733786517088225,0.0764767053228531,0.450783314266523,0.983681046586512,22,"18973;69263;18974;72151;18971;19891;18538;67967"
"Iron uptake and transport",0.469244288224956,0.733786517088225,0.0756946307932749,0.437458947365714,0.976069718074011,25,"53945;26357"
"TGF-beta receptor signaling activates SMADs",0.472759226713532,0.733786517088225,0.0753093764172773,0.436354257151105,0.973604904694778,25,"268977;16998;18550;241226;16997;16412;22192;21813;18002;16420"
"TP53 regulates transcription of additional cell cycle genes whose exact role in the p53 pathway remain uncertain",0.472627737226277,0.733786517088225,0.077274697304471,0.473509494954747,1.00118409019783,17,"12532;104625;18148;58184;20620;234594;219103;72068"
"p75NTR recruits signalling complexes",0.474683544303797,0.733786517088225,0.0847985102819124,-0.500338245063173,-1.00069884742374,12,"22190;18759;18412"
"Glucagon-type ligand receptors",0.480349344978166,0.736935140986007,0.0860347242455604,-0.485042933713525,-0.989075544517154,14,"14696;93896;14702;14708"
"RHOQ GTPase cycle",0.480427046263345,0.736935140986007,0.0751181635276301,0.388053635836658,0.979888640238614,53,"404710;14609;56419;104445;104215;16480;22042;13830;104252;12540;12389;218581"
"Cooperation of PDCL (PhLP1) and TRiC/CCT in G-protein beta folding",0.481546572934974,0.737039623640647,0.0743625384422526,0.43309687240407,0.975401401605139,27,"12462;12466;12465;21454;13001;12469;12464;12461;12468"
"Somatic hypermutation of immunoglobulin genes by error-prone mismatch repair (MMR)",0.482820976491863,0.737380184141167,0.0756946307932749,0.44655745619637,0.974459550675693,22,"69263;26909;17350;72151;18538;17688;67967;80905;19718;18972;71890"
"Regulation of TLR by endogenous ligand",0.484848484848485,0.738866930171278,0.0778840111977068,0.521877590881015,1.00689167114519,12,"24088;21897;17087;21898;12475;21899"
"COPI-independent Golgi-to-ER retrograde traffic",0.487676056338028,0.740316826031112,0.0738052724171275,0.40300533968183,0.968435363755856,39,"18783;12121;56455;54130;13427;22143;59288;69654;53857;18475"
"CS/DS degradation",0.487912087912088,0.740316826031112,0.0855356947987884,-0.47945162327553,-0.986674255894355,15,"244757;70893;15212"
"Caspase-mediated cleavage of cytoskeletal proteins",0.5,0.744902703061699,0.0819778796501272,-0.490359155060689,-0.980740221509461,12,"20740;22352"
"Co-inhibition by CTLA4",0.505454545454545,0.744902703061699,0.0736212741014394,0.446479206875153,0.95793188340722,19,"17096;11651;19052;22612;226849;73699;21770"
"EPHA-mediated growth cone collapse",0.507299270072993,0.744902703061699,0.0736212741014394,0.466645390448435,0.972828539473446,16,"13638;13838;13639;17096"
"Glycosphingolipid catabolism",0.50462962962963,0.744902703061699,0.0865399737444125,-0.411056595383751,-0.96595553612017,28,"244757;50877;70893;15212;14667;11883"
"HS-GAG degradation",0.498175182481752,0.744902703061699,0.0745500777420554,0.47446222185879,0.989124503903607,16,"20969;71951;20970;14733"
"Mismatch repair (MMR) directed by MSH2:MSH3 (MutSbeta)",0.495256166982922,0.744902703061699,0.0768736734126542,0.524952920867931,0.991859494603678,10,"16881;18971;19891;67967;68240;18972"
"Mitochondrial Fatty Acid Beta-Oxidation",0.503649635036496,0.744902703061699,0.0739901439101341,0.467625202693968,0.974871181135168,16,"66198;70316;13167"
"RHOJ GTPase cycle",0.501098901098901,0.744902703061699,0.0840745577910723,-0.47390291704192,-0.97525544880633,15,"71302;330914;80837;277360;76088;71435;223435;320634"
"Regulation of TP53 Degradation",0.507936507936508,0.744902703061699,0.0718276293603809,0.409925169006003,0.959209832492605,34,"12428;50883;22059;11651;12534;20393;12566;19052"
"Regulation of innate immune responses to cytosolic DNA",0.506329113924051,0.744902703061699,0.0813027345384498,-0.498327577622285,-0.967737332901086,11,"22190"
"SEMA3A-Plexin repulsion signaling by inhibiting Integrin adhesion",0.494736842105263,0.744902703061699,0.0824344091527096,-0.51788081758947,-0.992114068117609,10,"243743;18186;21894"
"SHC-mediated cascade:FGFR2",0.494736842105263,0.744902703061699,0.0824344091527096,-0.51642852534795,-0.989331884428056,10,"14173;14165;20416;14164"
"Tie2 Signaling",0.506607929515419,0.744902703061699,0.0835990603684159,-0.461434148491684,-0.96827704693792,16,"21687;18706;20416;11602;50915"
"Tristetraprolin (TTP, ZFP36) binds and destabilizes mRNA",0.498175182481752,0.744902703061699,0.0745500777420554,0.47492800477055,0.990095534409927,16,"50911;72544;109075;72662;66583;70640;227715;54401;66362;27998;69639"
"VEGFR2 mediated cell proliferation",0.505422993492408,0.744902703061699,0.0828962134571565,-0.484074539531878,-0.990942464993688,13,"16542;20779;20698;18762"
"mTORC1-mediated signalling",0.501113585746102,0.744902703061699,0.0847985102819124,-0.432225263393091,-0.973193443022711,22,"13631;52187;245670"
"Heme degradation",0.511363636363636,0.746803977272727,0.0751181635276301,0.511165589167541,0.986224324060251,12,"26357;394436;394433;22236"
"Somatic hypermutation of immunoglobulin genes by error-prone base excision repair (BER)",0.510548523206751,0.746803977272727,0.0808589150280032,-0.483823161205784,-0.967667941742908,12,"22190"
"Deadenylation of mRNA",0.513611615245009,0.74708014850404,0.0727141077934447,0.434744559169173,0.954997152416151,23,"104625;13684;58184;208643;192170;234594;72068;103135;69125;218693;18983;74108;13681"
"Establishment of Sister Chromatid Cohesion",0.513684210526316,0.74708014850404,0.080419996876154,-0.506036107191995,-0.969422932591849,10,"20843"
"Glucagon-like Peptide-1 (GLP1) regulates insulin secretion",0.516703786191537,0.749915847039891,0.083129129135339,-0.428027833686142,-0.963742558462462,22,"16438;223864;16500;14696"
"Mitochondrial protein degradation",0.518453427065026,0.750900521430958,0.070619624712259,0.365163744933416,0.967106810967942,74,"14194;67834;17448;12974;11949;12858;75398;108037;56282;67003;11740;227197;28080;15510;17995;13382;56454;11947;11946;67041;269951;18293;27425;71911;68349;17991;118451;52815;381760;66865;68263;69029;22272"
"NF-kB is activated and signals survival",0.521097046413502,0.753173256774979,0.0797705918628453,-0.480007748455257,-0.960036945752552,12,"22190;18412;19697"
"Activation of SMO",0.524017467248908,0.754544226265538,0.0813027345384498,-0.472002210800201,-0.962483547768242,14,"19206;20423;117606"
"Antigen Presentation: Folding, assembly and peptide loading of class I MHC",0.524412296564195,0.754544226265538,0.0714786287425507,0.432210695696243,0.943152632390899,22,"110379;66397;21354;69608;21356;218811;15018;21355;14827;69162"
"Downregulation of TGF-beta receptor signaling",0.525274725274725,0.754544226265538,0.0815265143256594,-0.466020008048017,-0.959033033471274,15,"22190"
"Platelet sensitization by LDL",0.528336380255942,0.757382953181273,0.0716527366829457,0.468048054827625,0.95794397696227,15,"18783;16975;19052;226849;73699;26416;21770"
"Synaptic adhesion-like molecules",0.529411764705882,0.757382953181273,0.0718276293603809,0.482466239023444,0.969543179543287,14,"225875;19280;19268"
"Chemokine receptors bind chemokines",0.533487297921478,0.760070477291047,0.0833634065110386,-0.401228219779726,-0.939874024686016,27,"20315;12778"
"Detoxification of Reactive Oxygen Species",0.539964476021314,0.760070477291047,0.069119845655101,0.4081505866774,0.933350618541144,30,"14776;13063;21672;22166;14782;18477;69590;11757;66401;67305;50527;14775;54683;18453"
"Formation of TC-NER Pre-Incision Complex",0.539007092198582,0.760070477291047,0.069119845655101,0.375728369315469,0.938320146803036,49,"26754;231329;28000;26893;26891;69241;56438;26572;69833;17749;245841;11834;21399;69920;67710;13872;26895;14885;12848;99375;209357;22590;14884;66467;78294"
"Formation of neuronal progenitor and neuronal BAF (npBAF and nBAF)",0.539449541284404,0.760070477291047,0.0707899094502623,0.435036832559257,0.940983666408401,21,"58208;56456;20587;57376;20588;20586"
"PINK1-PRKN Mediated Mitophagy",0.536028119507909,0.760070477291047,0.0689567351672811,0.404871390953657,0.940470020248592,32,"11793;22335;93765;22334;28185;223696;53333;22195"
"Regulated proteolysis of p75NTR",0.534090909090909,0.760070477291047,0.0728938564822936,0.511533979509689,0.973761872560472,11,"11491;59287;18053;226548;66340"
"Thrombin signalling through proteinase activated receptors (PARs)",0.53880266075388,0.760070477291047,0.0806388495950661,-0.414851287247607,-0.94254643540799,23,"14675;14696;14702;14708;109689;20779"
"VLDLR internalisation and degradation",0.538461538461538,0.760070477291047,0.0802023444698144,-0.458801642589552,-0.944178197192179,15,"22359;22190"
"CS-GAG biosynthesis",0.552102376599634,0.760780436040903,0.0694481442003175,0.456207494685278,0.933710154910818,15,"58250;338362;53374;269941;121021"
"Cargo concentration in the ER",0.54481546572935,0.760780436040903,0.0681513438679483,0.412061773728446,0.928027093365011,27,"12836;11839;13032;12793"
"Carnitine shuttle",0.553145336225597,0.760780436040903,0.0780892306943345,-0.459256112643247,-0.940136997839663,13,"12894;100705;20520;108099"
"Energy dependent regulation of mTOR by LKB1-AMPK",0.542725173210162,0.760780436040903,0.0824344091527096,-0.398174455237636,-0.932720604689305,27,"52187;245670;64930;19042;108099;19079;19744;20869;268706"
"G alpha (12/13) signalling events",0.548974943052392,0.760780436040903,0.0810802057550866,-0.340838224696026,-0.933475075228721,61,"53972;14696;19418;11853;71704;442801;234094;19878;102098;269608;224014;52666;14702;14708;19877;20663;101497;277360;622434"
"IL-6-type cytokine receptor ligand interactions",0.55452865064695,0.760780436040903,0.0697792517076235,0.482134558130352,0.945242725946456,13,"12804;16878"
"Immunoregulatory interactions between a Lymphoid and a non-Lymphoid cell",0.543859649122807,0.760780436040903,0.0681513438679483,0.393142925827085,0.936677229254038,37,"12821;66141;80876"
"N-glycan trimming in the ER and Calnexin/Calreticulin cycle",0.550632911392405,0.760780436040903,0.0768736734126542,-0.468901047802736,-0.937823048151631,12,"22190"
"RHOBTB1 GTPase cycle",0.547045951859956,0.760780436040903,0.0791316651768349,-0.419185303853955,-0.934702391998068,21,"22352;69288;56381;19878;19877;19647"
"RHOV GTPase cycle",0.54337899543379,0.760780436040903,0.0817515582532145,-0.386543638390662,-0.951439908819487,35,"13518;20740;270163;244895;20742"
"RNA polymerase II transcribes snRNA genes",0.554577464788732,0.760780436040903,0.0673623868166279,0.35459530275959,0.93257621859113,71,"108143;433702;231329;68705;68991;77065;71957;74197;83701;101861;210925;68092;69241;68153;98053;109077;69833;17749;77634;72656;245841;70422;69917;69920"
"Sphingolipid de novo biosynthesis",0.553602811950791,0.760780436040903,0.0673623868166279,0.408175104585326,0.910730850646797,25,"26357;545975"
"Vasopressin regulates renal water homeostasis via Aquaporins",0.547045951859956,0.760780436040903,0.0791316651768349,-0.418512974282623,-0.933203226705876,21,"11826;14696;74998;19085;14702;14708"
"Amino acid transport across the plasma membrane",0.555798687089716,0.760966561816193,0.0782955249944794,-0.415727245559873,-0.92699158885342,21,"72472;105727;72401;20540;11987;17254"
"Spry regulation of FGF signaling",0.55726872246696,0.761491957990915,0.0785029047348687,-0.443508354520891,-0.930661419861351,16,"22190;24064;109880;20779"
"Depolymerization of the Nuclear Lamina",0.56007393715342,0.762024414149514,0.0692836467392548,0.479422106807512,0.939924864284887,13,"16906;16905;12534;268697"
"RHOF GTPase cycle",0.560919540229885,0.762024414149514,0.080419996876154,-0.380408305822811,-0.938969878769354,36,"14270;320557;27360;208263;83397;207495;330914"
"Termination of O-glycan biosynthesis",0.560606060606061,0.762024414149514,0.0704500850658419,0.496256542707657,0.957459351263027,12,"269328;20446;20444;17829;20443"
"Fanconi Anemia Pathway",0.564373897707231,0.762995212985174,0.0665892104103933,0.392783209061618,0.924648731092872,36,"14087;230484;268465;69928;19891;211651;60534;237211;68240;52864;101831;208836;67196;71885;140917"
"Modulation of host responses by IFN-stimulated genes",0.563567362428843,0.762995212985174,0.0702812841717392,0.495122437544069,0.935497015346547,10,"230073;100038882;74153;16150;16151"
"Role of phospholipids in phagocytosis",0.564899451553931,0.762995212985174,0.0683110858318647,0.451549646575759,0.92417703647117,15,"234779;18708"
"Aggrephagy",0.567198177676538,0.763159160367088,0.0793434960134973,-0.394528188632024,-0.939975784883828,30,"22190;22352;18541;68146"
"Regulation of actin dynamics for phagocytic cup formation",0.567084078711986,0.763159160367088,0.0670512579829467,0.374937290567069,0.929559807931033,47,"67771;20430;11867;56378;66713;80987;17918;68089;15516;76709;12540;26413;50884;20963;16885;12928;57257;14083;26417;19353;140579;101314"
"Glutathione conjugation",0.570652173913043,0.764870313409261,0.0673623868166279,0.424971094694362,0.919020198256172,20,"14873;66447;13885"
"Receptor Mediated Mitophagy",0.570075757575758,0.764870313409261,0.0696133438850965,0.494588125139166,0.941503552400011,11,"11793;13001"
"Formation of the canonical BAF (cBAF) complex",0.574817518248175,0.767614852108244,0.0673623868166279,0.427273120742655,0.903422328833353,17,"56456;20587;57376;20588;20586"
"Phase I - Functionalization of compounds",0.57488986784141,0.767614852108244,0.0768736734126542,-0.436493614214164,-0.915941633622218,16,"13849;104158;11864;11754"
"RNA Polymerase II Pre-transcription Events",0.578014184397163,0.770319283768843,0.0656813601934011,0.349284351747674,0.926398976185675,75,"66317;108143;433702;231329;68705;22083;74197;67673;68092;69241;68153;98053;57314;20833;74427;64144;69833;17749;245841;24075;21399;69920;114741;70439;24116;67710;13872;14885;27632;107951;99730;209357;235497;66464"
"FRS-mediated FGFR2 signaling",0.584388185654008,0.775863860120189,0.0738052724171275,-0.453619659268054,-0.907259588243105,12,"14173;14165;14164;107971;19247;14178"
"Unblocking of NMDA receptors, glutamate binding and activation",0.584388185654008,0.775863860120189,0.0738052724171275,-0.468881305117947,-0.910553547582214,11,"242274;108058;14814"
"ABC transporters in lipid homeostasis",0.588607594936709,0.77813416085074,0.0734381410838857,-0.450125664980904,-0.900271443541885,12,"217265;27409;217262;67470;76184;27410"
"HS-GAG biosynthesis",0.58980044345898,0.77813416085074,0.0758886900606117,-0.399167401326265,-0.906912483621111,23,"14734;15478;54710;15529"
"RHO GTPases activate IQGAPs",0.58983666061706,0.77813416085074,0.0658311958368866,0.408556842356258,0.897470969610301,23,"404710;12387;12540;12313;22143;53857;19353"
"RHOA GTPase cycle",0.590538336052202,0.77813416085074,0.060640400949416,0.330119405702954,0.931684974260352,131,"404710;26934;19299;117600;228482;16800;56419;545156;12704;11857;56418;16480;71085;22042;13830;18708;68743;19285;72754;223921"
"Sialic acid metabolism",0.592017738359202,0.77861995232608,0.0756946307932749,-0.398368068516791,-0.905096391172,23,"50798;20440;50877"
"Signaling by ALK",0.597042513863216,0.782293088258158,0.066132620475844,0.463356056879123,0.908426776098899,13,"19242;17242;18708"
"Translesion Synthesis by POLH",0.596363636363636,0.782293088258158,0.0653834195468773,0.417477736693445,0.89570853117727,19,"69263;72151;19891;217365;18538;22230;68240;80905;269523;19718"
"Apoptotic cleavage of cell adhesion  proteins",0.599620493358634,0.782762928994788,0.0672065093710464,0.47956847741455,0.906108964685464,10,"13512;12387;12367"
"Synthesis of glycosylphosphatidylinositol (GPI)",0.59963436928702,0.782762928994788,0.0653834195468773,0.439420704191542,0.899352988632402,15,"14755;18701;67292"
"Co-stimulation by CD28",0.603290676416819,0.786072052357231,0.0650877566917313,0.438042632473029,0.896532518620925,15,"17096;19052;22612;226849;73699;21770;225849;26931;12524;51792;16818"
"ESR-mediated signaling",0.607954545454545,0.790679288244223,0.066436413766281,0.479148950653187,0.912113365119266,11,"19060;15516;26413;14228;26417;67738"
"Initiation of coagulation cascade",0.61231884057971,0.790984457346432,0.0639271933359996,0.418393019494756,0.886338665098008,18,"20969;71951;20970;14733;14066"
"NOD1/2 Signaling Pathway",0.611627906976744,0.790984457346432,0.0764767053228531,-0.380189933935908,-0.90071961660599,29,"22190;26399;11797;74256;29857;12363;11796;66724"
"Notch-HLH transcription pathway",0.614190687361419,0.790984457346432,0.0738052724171275,-0.391181358773144,-0.888768111956265,23,"232232;18519;103806;18132;270118;433586"
"Oncogene Induced Senescence",0.616087751371115,0.790984457346432,0.0640703750499722,0.431449388292201,0.883038266296788,15,"12567;22059;12571"
"Prostacyclin signalling through prostacyclin receptor",0.616033755274262,0.790984457346432,0.0711327399327894,-0.451540711431788,-0.876878630442699,11,"14696;14702;14708"
"RHOG GTPase cycle",0.615658362989324,0.790984457346432,0.0628003977812234,0.34401007189279,0.896053755589255,68,"56419;545156;11857;56418;104445;22042;15528;20430;18708;56384;108037;16412;12540;12389;218581;68349;57257;56212;22319;263406;98386"
"Regulation of TP53 Activity through Methylation",0.613333333333333,0.790984457346432,0.0739901439101341,-0.407955030819583,-0.869167659679014,18,"22190;328572;57748;241764;17246"
"Molecules associated with elastic fibres",0.618937644341801,0.79223000995355,0.0755015292281669,-0.379491507867882,-0.888955943900869,27,"12159;14118;58859;320910;14115;76293;100952;23876"
"Telomere C-strand synthesis initiation",0.619318181818182,0.79223000995355,0.0655321029282414,0.466907239113243,0.900833870768186,12,"18968;19075;19076;18969;69535"
"Ca2+ pathway",0.621247113163972,0.793249956881502,0.0753093764172773,-0.37608945065025,-0.910477360582679,32,"18795;14367;14696;14681;14702;14708"
"Stimuli-sensing channels",0.623214285714286,0.794314935064935,0.0623861492893626,0.358853850239194,0.892206571501209,48,"78339;12728;117160;229933;13830;12373;20393;320091;14628;20191;23844;12313"
"RAC3 GTPase cycle",0.626943005181347,0.797617144522912,0.0605092988656667,0.335405778127138,0.899783637173511,80,"26934;56419;11857;56418;104445;22042;20430;18708;16412;12540;12389;218581;195727;50884;71544"
"G beta:gamma signalling through BTK",0.631578947368421,0.802059496567506,0.0697792517076235,-0.453022159050991,-0.867863110388044,10,"14696;14702;14708"
"TAK1-dependent IKK and NF-kappa-B activation  ",0.634259259259259,0.804006764449802,0.0743625384422526,-0.377097095704011,-0.886152980735086,28,"108960;22190"
"Crosslinking of collagen fibrils",0.635859519408503,0.804580366616174,0.0630790410571939,0.441835074504768,0.866234090049871,13,"69675;12153"
"CD209 (DC-SIGN) signaling",0.637362637362637,0.804949691040818,0.0714786287425507,-0.418372539244818,-0.860978238066757,15,"328572;73086;15896;19697;14360"
"Peptide ligand-binding receptors",0.638447971781305,0.804949691040818,0.060640400949416,0.377042118074308,0.882264701622695,34,"12424;15139"
"Extra-nuclear estrogen signaling",0.642533936651584,0.808646839484309,0.0725351864394589,-0.335473519985154,-0.878103881482574,48,"13645;16001;21802;13610;14696;13874"
"Cellular hexose transport",0.655109489051095,0.819855291560429,0.0610363728309177,0.406674774750693,0.847806139863985,16,"20525"
"Negative regulators of DDX58/IFIH1 signaling",0.652838427947598,0.819855291560429,0.0699458736501659,-0.41764528555494,-0.851641596059719,14,"22190;74256"
"Signaling by ROBO receptors",0.656118143459916,0.819855291560429,0.0679922591544058,-0.437760001298434,-0.850116901273372,11,"20564;20315"
"Transferrin endocytosis and recycling",0.655536028119508,0.819855291560429,0.059221919380382,0.378814190875387,0.853148374581282,27,"117167;22042;27060;54411;15216;66144;11974;21871;66290;68428;11966;73834;66335;114143;108664"
"Oxidative Stress Induced Senescence",0.66140350877193,0.82477538214207,0.0587185879555941,0.363835842449929,0.866852043928674,37,"12567;14056;22059;12571;22166;102626;665113;26413"
"Voltage gated Potassium channels",0.662408759124088,0.82477538214207,0.0605092988656667,0.402604885757115,0.839321529822865,16,"238076"
"ADP signalling through P2Y purinoceptor 1",0.673357664233577,0.829625709612239,0.0597317976364411,0.394145539690398,0.833377678304372,17,"18783;18441"
"B-WICH complex positively regulates rRNA expression",0.671328671328671,0.829625709612239,0.0578529757032509,0.369924772105116,0.843548897344216,29,"64424;14534;20017;75316;18432;69833;17749;20019;245841;56200"
"Glycosphingolipid biosynthesis",0.674588665447898,0.829625709612239,0.0597317976364411,0.414742969670517,0.848845595415705,15,"223753;53897;20444;14421"
"HSF1-dependent transactivation",0.667883211678832,0.829625709612239,0.0601186142531851,0.396528113896721,0.838415371137364,17,"12323;15481;15516"
"Pregnenolone biosynthesis",0.673684210526316,0.829625709612239,0.0665892104103933,-0.438431272511207,-0.839911073334796,10,"11677;207777;20845"
"Synthesis of PIPs at the late endosome membrane",0.671726755218216,0.829625709612239,0.0617054053637522,0.446714937232734,0.844034644369651,10,"77116;234729"
"TBC/RABGAPs",0.671981776765376,0.829625709612239,0.070619624712259,-0.361017070981569,-0.860134495912711,30,"207592;19341;19326;233204;64930;66687;67443"
"Apoptotic cleavage of cellular proteins",0.676416819012797,0.830417145583136,0.0596037042575973,0.41290412842863,0.845082078242443,15,"12368;269582;12367;12370;12369;70415;14083"
"Deactivation of the beta-catenin transactivating complex",0.681093394077449,0.83469662455995,0.0699458736501659,-0.357792806958434,-0.852452585739632,30,"21415;22190;20679"
"Other interleukin signaling",0.689463955637708,0.843480336652763,0.059221919380382,0.423354745796851,0.830002718558896,13,"20969"
"G alpha (i) signalling events",0.691029900332226,0.84392327549284,0.0541200569620232,0.314091330226549,0.870916493292578,100,"16952;76123;71729;65086;15552;15139;56470;20311;20297"
"Hyaluronan degradation",0.696691176470588,0.847882838031046,0.0584693210386381,0.409949377901076,0.823816447978838,14,"12505;110006;15366"
"Trafficking of AMPA receptors",0.696394686907021,0.847882838031046,0.059989249649033,0.434041499524782,0.820089126552325,10,"12323"
"ERK/MAPK targets",0.704044117647059,0.855346493016617,0.0579754757571486,0.408417455836029,0.820737963994621,14,"26413;110651;19052;26417;23939;73699;26416;21770;19094;20111"
"Protein methylation",0.708029197080292,0.855749452186067,0.0573667426768556,0.376886870660156,0.796886108367175,17,"15481;12313;71974;68043;269523;16588;13627;207965;320204;67099"
"RUNX1 interacts with co-factors whose precise effect on RUNX1 targets is not known",0.710407239819005,0.855749452186067,0.0675188953767744,-0.344816982738343,-0.846946474857369,33,"66993;67155;328572;241915;13619;12418;29871;68094;15258;239985"
"Recycling pathway of L1",0.710479573712256,0.855749452186067,0.0559428593065705,0.36076805707704,0.824997195186898,30,"16571;11771;232910;13430;17698;26413;11773;22143"
"Regulation of localization of FOXO transcription factors",0.708333333333333,0.855749452186067,0.0590954798717342,0.430470931990396,0.819449337890719,11,"55948;11651;22628;22630"
"Striated Muscle Contraction",0.708029197080292,0.855749452186067,0.0573667426768556,0.377528150333321,0.798242024168191,17,"13405;22004;50875;59069"
"Antigen activates B Cell Receptor (BCR) leading to generation of second messengers",0.715579710144927,0.857746200907835,0.0565299525056311,0.380750862810386,0.806596180514198,18,"234779;58194;18708"
"RHO GTPases Activate WASPs and WAVEs",0.715808170515098,0.857746200907835,0.0555947097758869,0.358203897595627,0.819133526442727,30,"67771;20430;11867;56378;66713;80987;68089;76709;12540;26413;50884;14083;26417;19353"
"Regulation of TBK1, IKK蔚 (IKBKE)-mediated activation of IRF3, IRF7 ",0.713665943600868,0.857746200907835,0.0652353056017703,-0.384186977330376,-0.786463982803966,13,"22190"
"Activation of G protein gated Potassium channels",0.72234273318872,0.859410917338401,0.0646484568421928,-0.381337925539333,-0.780631727285133,13,"14696;16518;14702;14708"
"Adherens junctions interactions",0.723327305605787,0.859410917338401,0.0559428593065705,0.368590219733762,0.804322612737367,22,"16480;12387;239096;12554;58998;71740;17356"
"Inhibition  of voltage gated Ca2+ channels via Gbeta/gamma subunits",0.72234273318872,0.859410917338401,0.0646484568421928,-0.381337925539333,-0.780631727285133,13,"14696;16518;14702;14708"
"Ion homeostasis",0.722972972972973,0.859410917338401,0.066436413766281,-0.324233187701688,-0.832304221365839,41,"16438;98660;67972;20866;11932;108058;20928;109552;11941;320707;22063;56188;110891;65973;381290"
"Ion transport by P-type ATPases",0.722595078299776,0.859410917338401,0.066132620475844,-0.317825392306952,-0.826574818445913,43,"11980;192113;98660;67972;11932;108058;11977;109552;11941;320707;54670;56188;67331;381290"
"Sema4D induced cell migration and growth-cone collapse",0.727848101265823,0.863318983058108,0.0629394692018967,-0.411686633379104,-0.799483196330945,11,"223881;11853;19878;19877"
"Stabilization of p53",0.730550284629981,0.865060387712191,0.0577308549299813,0.416845681134892,0.787598906840254,10,"50883;22059"
"Glutamate and glutamine metabolism",0.742424242424242,0.871055088124927,0.0568864160475701,0.414421135853483,0.799569089243647,12,"14719;69051;56454"
"Interferon alpha/beta signaling",0.74235807860262,0.871055088124927,0.0636424081651019,-0.38459661389375,-0.784250380464428,14,"22190;12702;24014"
"PI-3K cascade:FGFR2",0.742616033755274,0.871055088124927,0.0619762736001998,-0.401522457031848,-0.779744668199785,11,"14173;14165;18706;14164"
"Processive synthesis on the C-strand of the telomere",0.743068391866913,0.871055088124927,0.0557104226766671,0.402947350675451,0.78999326172008,13,"16881;18971;18538;12144;67967"
"RHO GTPases activate PKNs",0.73731884057971,0.871055088124927,0.0551351763385257,0.367483022464945,0.794699508691061,20,"12532;55948;22627;22628;22630;22629;19046;19353;11848"
"Role of LAT2/NTAL/LAB on calcium mobilization",0.742424242424242,0.871055088124927,0.0568864160475701,0.415352546637593,0.801366119385048,12,"17096;18708;20963;14127;18709"
"DARPP-32 events",0.746350364963504,0.873441745975653,0.0549073703290958,0.369228392144466,0.780693092331113,17,"19049;19052;19045;12568;73699;21770"
"Platelet degranulation ",0.75,0.87625,0.0520570030732099,0.311787961061651,0.841190400652035,86,"14268;13601;12759;12527;104009;27999;21346;11674;67059;22388;21857;223601;240334;16784;19128;71946;239273;12313;67988;68117;12512"
"PI-3K cascade:FGFR4",0.755789473684211,0.880080433642245,0.0610363728309177,-0.404478486106128,-0.774867078847683,10,"14173;18706;14164;83379;19247;14388"
"SMAD2/SMAD3:SMAD4 heterotrimer regulates transcription",0.754954954954955,0.880080433642245,0.05378728077603,0.356231085789126,0.785397380444645,24,"21781;19650;18550"
"SRC activates STAT3 in a quantitative manner, through Cadherin-11 (CDH11), RAC1 and gp130 (IL6ST)",0.76268115942029,0.886632657966207,0.0535669384770951,0.359243904921983,0.77688202526143,20,"16480;12387;13040;13030;12540"
"Nicotinate metabolism",0.764492753623188,0.887267252135522,0.053457214108991,0.355623016027245,0.753364455469044,18,"12494;192185"
"ADP signalling through P2Y purinoceptor 12",0.770065075921909,0.889702365508036,0.0615706755421678,-0.365156414817865,-0.74750677479918,13,"14696;14702;14708"
"Insulin processing",0.770398481973435,0.889702365508036,0.0552495663125249,0.386592844443457,0.730438422312454,10,"69048;105504;69940;18453;66482;20336"
"Phase 2 - plateau phase",0.768500948766603,0.889702365508036,0.0553642837725362,0.388769340423106,0.734550749564224,10,"57814"
"Glycogen breakdown (glycogenolysis)",0.774403470715835,0.889929234380001,0.0613026075396207,-0.362393608023568,-0.741851070250683,13,"19309;18682;18679;102093"
"IRAK1 recruits IKK complex",0.774403470715835,0.889929234380001,0.0613026075396207,-0.362257861688945,-0.741573185758814,13,"22190"
"IRAK1 recruits IKK complex upon TLR7/8 or 9 stimulation",0.774403470715835,0.889929234380001,0.0613026075396207,-0.362257861688945,-0.741573185758814,13,"22190"
"N-Glycan antennae elongation",0.778481012658228,0.891691486721271,0.0597317976364411,-0.384719192160575,-0.747113227635841,11,"20440;56386"
"Signal transduction by L1",0.777777777777778,0.891691486721271,0.062249042949858,-0.361281019651733,-0.769726451727509,18,"104099;18186;14182"
"Ion channel transport",0.779816513761468,0.8917640720176,0.0531298054705469,0.354747515411387,0.767318058421199,21,"27060;54411;66144;11974;21871;66290;11966;73834;66335;114143;108664"
"Downregulation of SMAD2/3:SMAD4 transcriptional activity",0.789934354485777,0.891936128448347,0.0607719451853533,-0.339012674755081,-0.755932889578679,21,"22190;228839"
"ERKs are inactivated",0.787430683918669,0.891936128448347,0.0530212512043078,0.383905908435683,0.752661806288909,13,"26413;19052;26417;23939;73699;21770"
"G beta:gamma signalling through CDC42",0.784810126582278,0.891936128448347,0.0593487680335629,-0.373271842608276,-0.746560364632281,12,"14696;14702;14708"
"HSP90 chaperone cycle for steroid hormone receptors (SHR) in the presence of ligand",0.786231884057971,0.891936128448347,0.0521630305460055,0.328946945925817,0.797980537191452,42,"56455;15481;20867;15512;54130;15516;13427;22143;59288;69654;53857;14228;227613;56444;53598;67665;56445"
"NCAM signaling for neurite out-growth",0.788546255506608,0.891936128448347,0.0611692626746689,-0.357521431875532,-0.750225784990198,16,"20740;73086;20742"
"NRIF signals cell death from the nucleus",0.783842794759825,0.891936128448347,0.0610363728309177,-0.368141211353731,-0.750695338021257,14,"22190"
"Reduction of cytosolic Ca++ levels",0.786919831223629,0.891936128448347,0.059221919380382,-0.380319762005967,-0.738569665137414,11,"67972;109552;11941;320707;110891;381290"
"Signaling by Retinoic Acid",0.79014598540146,0.891936128448347,0.0522693317499306,0.352531228638539,0.745388764473519,17,"12904;236900;13382;20181;19401;16592;27402"
"Cytoprotection by HMOX1",0.796491228070175,0.895739243395493,0.0500922874402106,0.322506163060565,0.768382589098869,37,"13063;81004;12858;12864;17992;20181;12867;66142;109778;15183;110323;12866"
"PTK6 Regulates RHO GTPases, RAS GTPase and MAP kinases",0.797348484848485,0.895739243395493,0.0535669384770951,0.390007648598534,0.75246659354323,12,"12928;19353;11848;16653;140579"
"Removal of the Flap Intermediate from the C-strand",0.797074954296161,0.895739243395493,0.0519512476197082,0.369550354685111,0.756350833645166,15,"327762;18971;19891;18538;67967;68240"
"Activation of IRF3, IRF7 mediated by TBK1, IKK蔚 (IKBKE)",0.808370044052863,0.90424663056242,0.059989249649033,-0.347447796274795,-0.737031953836096,17,"22190"
"Golgi Associated Vesicle Biogenesis",0.806797853309481,0.90424663056242,0.0503964322442957,0.314924685987249,0.786806870190258,51,"252903;22042;69178;15481;11769;94245;11767;13430;21985;19345"
"Insertion of tail-anchored proteins into the endoplasmic reticulum membrane",0.808791208791209,0.90424663056242,0.0598603117764473,-0.356658801302555,-0.733976151711012,15,"22318"
"Formation of the polybromo-BAF (pBAF) complex",0.81021897810219,0.904400483518527,0.0511147954416412,0.353868438157726,0.73771931086239,16,"56456;20587;57376;20588;20586;26992"
"Lysosphingolipid and LPA receptors",0.815939278937381,0.908444333444334,0.0525898950623616,0.365940587577315,0.69141751921164,10,"65086;94226"
"ROS and RNS production in phagocytes",0.816433566433566,0.908444333444334,0.0487989701682839,0.332171191903683,0.757458445038239,29,"27060;18125;66144;11974;21871;66290;11966;73834;66335;114143;108664;13058;19354"
"Retrograde transport at the Trans-Golgi-Network",0.822222222222222,0.913435463990139,0.0596037042575973,-0.300088506813888,-0.777474349649067,42,"74375"
"TGFBR3 PTM regulation",0.827368421052632,0.9176982011992,0.0567672387487446,-0.36284781711843,-0.695114419615992,10,"21814"
"Miscellaneous transport and binding events",0.831111111111111,0.919304440302074,0.0590954798717342,-0.336253427956529,-0.740340673852473,20,"27360;12007;74552"
"Synthesis of Prostaglandins (PG) and Thromboxanes (TX)",0.831439393939394,0.919304440302074,0.05163559644842,0.364230098780811,0.693352538127861,11,"19225;19224;96979;12408;56351"
"Formation of Incision Complex in GG-NER",0.837837837837838,0.922003560126582,0.0593487680335629,-0.300446169268438,-0.771243119027615,41,"56469;22190"
"Inactivation, recovery and regulation of the phototransduction cascade",0.836244541484716,0.922003560126582,0.0579754757571486,-0.346014772379016,-0.705576198753334,14,"14772;19739"
"MTOR signalling",0.838181818181818,0.922003560126582,0.0493910105981501,0.326483215957914,0.70047759704712,19,"18655;11651;56692;68441;54170;54401;68576"
"Mitochondrial iron-sulfur cluster biogenesis",0.840607210626186,0.922003560126582,0.051218434854034,0.355918834652619,0.672482162542899,10,"73046;14297;18041;100900;380840"
"PD-L1(CD274) glycosylation and translocation to plasma membrane",0.83920704845815,0.922003560126582,0.0582216241124161,-0.337517183194734,-0.715966403155788,17,"22190"
"PECAM1 interactions",0.841772151898734,0.922003560126582,0.0560595875032335,-0.360140136484406,-0.699381432621053,11,"18613;20779;14360;16331"
"VEGFA-VEGFR2 Pathway",0.851441241685144,0.931139329830399,0.0578529757032509,-0.287970072363037,-0.778870226660795,56,"76884;16542;26362;19878;18706;29857;19877;19303;20779;140580;14360;242687"
"Translesion synthesis by POLI",0.854014598540146,0.932498806194147,0.048701086452153,0.324909261892743,0.686985133837754,17,"69263;72151;19891;18538"
"DNA Damage Recognition in GG-NER",0.860670194003527,0.934645544733452,0.046788296531803,0.314839142486192,0.736712024437498,34,"56456;26754;56505;26893;26891;19359;56438;26572;26370"
"Regulation of NF-kappa B signaling",0.861060329067642,0.934645544733452,0.0484087618816951,0.334407525494541,0.684424754240951,15,"59025;12370;24110;16150;16151;434341"
"Translesion synthesis by POLK",0.85948905109489,0.934645544733452,0.0484087618816951,0.322669512590615,0.682249428659262,17,"69263;72151;19891;18538"
"Translesion synthesis by REV1",0.861313868613139,0.934645544733452,0.0483117581055019,0.331005418422415,0.690056141885875,16,"69263;72151;19891;18538"
"Growth hormone receptor signaling",0.863157894736842,0.93519889367933,0.0547939500773363,-0.346116075592488,-0.663061106212223,10,"14600;19116"
"RAB GEFs exchange GTP for GDP on RABs",0.86541737649063,0.935324133002836,0.0449543067640062,0.283908978544288,0.767694229227786,84,"67844;72121;225870;235633;72433;11651;19325;22627;106572;245828;270096;19345;14569;226421;68328;27096;216344;217449;231874;66975"
"RAS processing",0.865942028985507,0.935324133002836,0.0477342401407188,0.309633339308151,0.669596818302082,20,"18777;57295;226016;12313;70178;57437;16653;19671;18582"
"Attenuation phase",0.870609981515712,0.936039259267659,0.0484087618816951,0.336434464291727,0.6595922751579,13,"15481;15512;15516;14228"
"Regulation of PTEN gene transcription",0.869369369369369,0.936039259267659,0.057609110864425,-0.287642057439845,-0.738375057613796,41,"52187;241915;13619;12418;245670;14013;29871;68877"
"WNT5A-dependent internalization of FZD2, FZD5 and ROR2",0.869198312236287,0.936039259267659,0.0545680646670941,-0.344173639289467,-0.668374969994746,11,"14367"
"LDL clearance",0.873362445414847,0.93756060373018,0.0559428593065705,-0.326242511333951,-0.665257582605773,14,"320024;20652;100017"
"VEGFR2 mediated vascular permeability",0.879350348027842,0.942545250714858,0.0584693210386381,-0.297791515036959,-0.69419682392527,26,"12562;109270;78757"
"RNA Polymerase II Promoter Escape",0.885918003565062,0.943812341184056,0.0459538081039063,0.291503997953277,0.715901046261457,44,"108143;231329;68705;74197;69241;68153;98053;69833;17749;245841;24075;69920;70439;67710;13872;14885;99730;209357;66464"
"RNA Polymerase II Transcription Initiation",0.885918003565062,0.943812341184056,0.0459538081039063,0.291503997953277,0.715901046261457,44,"108143;231329;68705;74197;69241;68153;98053;69833;17749;245841;24075;69920;70439;67710;13872;14885;99730;209357;66464"
"RNA Polymerase II Transcription Initiation And Promoter Clearance",0.885918003565062,0.943812341184056,0.0459538081039063,0.291503997953277,0.715901046261457,44,"108143;231329;68705;74197;69241;68153;98053;69833;17749;245841;24075;69920;70439;67710;13872;14885;99730;209357;66464"
"RNA Polymerase II Transcription Pre-Initiation And Promoter Opening",0.885918003565062,0.943812341184056,0.0459538081039063,0.291503997953277,0.715901046261457,44,"108143;231329;68705;74197;69241;68153;98053;69833;17749;245841;24075;69920;70439;67710;13872;14885;99730;209357;66464"
"Other semaphorin interactions",0.890151515151515,0.944018475221198,0.048505983646947,0.333177308017694,0.642820198298337,12,"20354;214968"
"Synthesis of PIPs at the early endosome membrane",0.887912087912088,0.944018475221198,0.0554793308704233,-0.322871932476315,-0.664445396073185,15,"268783;101490;225326;17772;269180;103199"
"VxPx cargo-targeting to cilium",0.889867841409692,0.944018475221198,0.0554793308704233,-0.315953914618976,-0.663000179799764,16,"18763;216363"
"NRAGE signals death through JNK",0.893665158371041,0.946313105767522,0.0565299525056311,-0.281229919439994,-0.736120942899514,48,"53972;19418;71704;442801;234094;102098;269608;224014;52666;20663;101497;277360;622434;12125;223435;230972;381112;24001;328967;16443;54324;213498"
"COPI-mediated anterograde transport",0.898100172711572,0.946719129429792,0.0438879842863647,0.277402268334413,0.744179254620672,80,"20743;56418;56455;54160;11844;54130;13427;22143;102339;67511;59288;69654;53857;67542;59042;50797;97484;54161;56447"
"Sealing of the nuclear envelope (NE) by ESCRT-III",0.897247706422018,0.946719129429792,0.0466948041282054,0.299579185661099,0.647989088290877,21,"22143;66700;50850;53857;208092;227613;68942;22145;71955;105513"
"Sema3A PAK dependent Axon repulsion",0.897379912663755,0.946719129429792,0.0546808488785442,-0.310561733334745,-0.633282116188243,14,"243743;18186"
"RNA Polymerase III Transcription Initiation From Type 3 Promoter",0.899824253075571,0.947112314423386,0.0445961615888961,0.298465391576162,0.665943701380164,25,"12909;69833;17749;77634;245841;74414;75627;78929;102209;67065;20016"
"Regulation of necroptotic cell death",0.907180385288967,0.953423463399649,0.0440640346597561,0.293119244555547,0.656790551080206,26,"74568;53378;71609;22195;12370"
"Inactivation of CSF3 (G-CSF) signaling",0.91304347826087,0.9581489195522,0.0453152441270267,0.297995224918018,0.631283691535697,18,"17096;67673;20963;12985;216080;19823"
"SUMOylation of DNA damage response and repair proteins",0.917975567190227,0.961884712407099,0.0433636987883266,0.275900447889163,0.727245993954672,72,"71805;69912;70699;223921;110379;21665;170762;72787;22196;69736;69482;12189;12144;66679;103468;12151;234865;20610;67241;12416;227699;445007;26370;170930;19069;231042"
"FLT3 Signaling",0.924214417744917,0.964534641981793,0.0456790414930062,0.306511873099997,0.600927922668557,13,"18708;11651"
"RAF-independent MAPK1/3 activation",0.924214417744917,0.964534641981793,0.0456790414930062,0.307955935058083,0.603759059824521,13,"26413;19252;26417;63953"
"Regulation of KIT signaling",0.924632352941177,0.964534641981793,0.0454059226590179,0.298325014730471,0.59950098043031,14,"17096;22612;23921"
"Matriglycan biosynthesis on DAG1",0.926160337552743,0.964693011329083,0.05163559644842,-0.300499721795939,-0.601012871231507,12,"98388"
"TRP channels",0.935840707964602,0.973329875791077,0.053347785067549,-0.290662690166274,-0.633202880676346,19,"68279;22063;22066;58800;63873;171166;22368;64177;19766"
"NR1H3 & NR1H2 regulate gene expression linked to cholesterol transport and efflux",0.9375,0.973611111111111,0.0461379160269737,0.3048850393717,0.588234122645304,12,"81004;20181;15183"
"RIP-mediated NFkB activation via ZBP1",0.941287878787879,0.976098821050744,0.0459538081039063,0.289484088372401,0.551065186793971,11,"13211;16150;16151;69721"
"Biotin transport and metabolism",0.943074003795066,0.976506464786324,0.0459538081039063,0.304705044250451,0.575717515189287,10,"72039;72621"
"Myogenesis",0.944933920704846,0.976989201200733,0.0526973085708419,-0.285599350064203,-0.605834457000435,17,"21413;117606;17260;29857;17261;11350"
"G beta:gamma signalling through PI3Kgamma",0.947136563876652,0.97782434650594,0.0525898950623616,-0.274091850782217,-0.575156495748465,16,"14696;14702;14708"
"IKK complex recruitment mediated by RIP1",0.949671772428884,0.978999871283305,0.0521630305460055,-0.276033884449966,-0.615502332013511,21,"22190;11797"
"Activation of the AP-1 family of transcription factors",0.973434535104364,0.981593028349709,0.0445070537769277,0.259104366652589,0.489558426939964,10,"26413;26417;26416;19094"
"Amino acids regulate mTORC1",0.970654627539503,0.981593028349709,0.0525898950623616,-0.25098422180654,-0.661366064409761,50,"68775;52187;245670;140742;98402;329679;101142"
"Disassembly of the destruction complex and recruitment of AXIN to the membrane",0.967517401392111,0.981593028349709,0.0540088272801684,-0.259482247276597,-0.604892157192756,26,"14367;14362"
"Formation of WDR5-containing histone-modifying complexes",0.972602739726027,0.981593028349709,0.0530212512043078,-0.237293189967208,-0.584074315556865,35,"18519;226976;228829;22289;665775;108946;208043"
"Intra-Golgi traffic",0.966252220248668,0.981593028349709,0.0418238690062304,0.272518272289176,0.623189348018521,30,"58244;56418"
"Intraflagellar transport",0.966139954853273,0.981593028349709,0.052805004567129,-0.253589658378796,-0.667275739781135,47,"213575;110350;22153;12589;16570;16559;22142;213081"
"Lysosome Vesicle Biogenesis",0.971681415929204,0.981593028349709,0.0414044273760278,0.264277404112768,0.608928119428363,31,"252903;15481;11769;11767;13430;75612;11766;17113"
"Metabolism of folate and pterines",0.965328467153285,0.981593028349709,0.0431036828790402,0.265867118166971,0.554260527489276,16,"108037;13361;14287;270685"
"Negative regulation of MAPK pathway",0.956221198156682,0.981593028349709,0.0542315935495841,-0.259986385141116,-0.65463107418421,39,"22190;16706;545622;109880;29857"
"RAB geranylgeranylation",0.960714285714286,0.981593028349709,0.042331839351853,0.260428987315132,0.653587713622151,52,"67844;72433;53869;19325;106572;19345;226421;68328;216344"
"SUMOylation of immune response proteins",0.962121212121212,0.981593028349709,0.0449543067640062,0.266154870165406,0.506655422992181,11,"22196;20610;16151"
"Synthesis of PC",0.97459165154265,0.981593028349709,0.0424170054438747,0.249295778983248,0.547624470547371,23,"13001;100434;99712;76574;13000;64899;236899;237928;12995;18618"
"TNFR1-induced NF-kappa-B signaling pathway",0.972286374133949,0.981593028349709,0.0535669384770951,-0.24285085998706,-0.587919202822513,32,"22190;11797;74256;71198;11796;66724;22029"
"TNFR1-induced proapoptotic signaling",0.971175166297118,0.981593028349709,0.0517405459873163,-0.2505622903594,-0.569280127326582,23,"11797;74256;71198;76580;11796;53376;21937;56489;22030;19766"
"Telomere C-strand (Lagging Strand) Synthesis",0.958254269449715,0.981593028349709,0.0452247443372884,0.285275930811842,0.539007650609518,10,"18971;18538;67967"
"Transcriptional and post-translational regulation of MITF-M expression and activity",0.97158081705151,0.981593028349709,0.0415717899246479,0.26009122729534,0.59477142946043,30,"66143;104458;22196;226414;216443;26413;85305;17169;26417;105148;103573;13722;20111;97541;107508;107045;22218"
"Protein hydroxylation",0.983695652173913,0.989340964381511,0.0419081748591401,0.228708123246145,0.484503429096047,18,"66521;67014;269955;71952;20104;66475;13494;22185;77035"
"Regulation of TNFR1 signaling",0.988713318284424,0.990567090176634,0.0517405459873163,-0.227960585225917,-0.59983742681,47,"22190;11797;12633;76686;74256;71198;76580;11796;22029;53376;21937;22241;56489;22030"
"Synthesis of PIPs at the Golgi membrane",0.986784140969163,0.990567090176634,0.0507027937029348,-0.226611069584586,-0.475522450989041,16,"225326;224020;320634;103199;107650;84095;83493;67073"
"TRAF6 mediated NF-kB activation",0.989154013015184,0.990567090176634,0.0498907356726307,-0.218488394540856,-0.447264647440874,13,"18036;19697;18034;11596;18035;20203;11820"
"Cargo trafficking to the periciliary membrane",0.992424242424242,0.992424242424242,0.0435378240914002,0.205502581746602,0.396489218113723,12,"22143;53857;227613;22145;73242"
